I0,I1,I2,I3,I4,I5,I6,I7,I8
292723.000,23.000,31615.000,75.000,7200.000,0.000,0.000,0.000,0.000
292733.000,9.000,31624.000,75.000,7200.000,0.000,0.000,0.000,0.000
292743.000,6.000,31630.000,75.000,7200.000,0.000,0.000,0.000,0.000
292753.000,15.000,31645.000,75.000,7200.000,0.000,0.000,0.000,0.000
292763.000,8.000,31653.000,75.000,7200.000,0.000,0.000,0.000,0.000
292773.000,24.000,31677.000,75.000,7200.000,0.000,0.000,0.000,0.000
292783.000,16.000,31693.000,75.000,7200.000,0.000,0.000,0.000,0.000
292793.000,15.000,31708.000,75.000,7200.000,0.000,0.000,0.000,0.000
292803.000,12.000,31720.000,75.000,7200.000,0.000,0.000,0.000,0.000
292813.000,16.000,31736.000,75.000,7200.000,0.000,0.000,0.000,0.000
292823.000,11.000,31747.000,75.000,7200.000,0.000,0.000,0.000,0.000
292833.000,8.000,31755.000,75.000,7200.000,0.000,0.000,0.000,0.000
292843.000,9.000,31764.000,75.000,7200.000,0.000,0.000,0.000,0.000
292853.000,15.000,31779.000,75.000,7200.000,0.000,0.000,0.000,0.000
292863.000,8.000,31787.000,75.000,7200.000,0.000,0.000,0.000,0.000
292873.000,14.000,31801.000,75.000,7200.000,0.000,0.000,0.000,0.000
292883.000,12.000,31813.000,75.000,7200.000,0.000,0.000,0.000,0.000
292893.000,16.000,31829.000,75.000,7200.000,0.000,0.000,0.000,0.000
292903.000,8.000,31837.000,75.000,7200.000,0.000,0.000,0.000,0.000
292913.000,16.000,31853.000,75.000,7200.000,0.000,0.000,0.000,0.000
292923.000,8.000,31861.000,75.000,7200.000,0.000,0.000,0.000,0.000
292933.000,20.000,31881.000,75.000,7200.000,0.000,0.000,0.000,0.000
292943.000,4.000,31885.000,75.000,7200.000,0.000,0.000,0.000,0.000
292953.000,16.000,31901.000,75.000,7200.000,0.000,0.000,0.000,0.000
292963.000,19.000,31920.000,75.000,7200.000,0.000,0.000,0.000,0.000
292973.000,13.000,31933.000,75.000,7200.000,0.000,0.000,0.000,0.000
292983.000,7.000,31940.000,75.000,7200.000,0.000,0.000,0.000,0.000
292993.000,12.000,31952.000,75.000,7200.000,0.000,0.000,0.000,0.000
293003.000,16.000,31968.000,75.000,7200.000,0.000,0.000,0.000,0.000
293013.000,16.000,31984.000,75.000,7200.000,0.000,0.000,0.000,0.000
293023.000,4.000,31988.000,75.000,7200.000,0.000,0.000,0.000,0.000
293033.000,16.000,32004.000,75.000,7200.000,0.000,0.000,0.000,0.000
293043.000,12.000,32016.000,75.000,7200.000,0.000,0.000,0.000,0.000
293053.000,21.000,32037.000,75.000,7200.000,0.000,0.000,0.000,0.000
293063.000,7.000,32044.000,75.000,7200.000,0.000,0.000,0.000,0.000
293073.000,20.000,32064.000,75.000,7200.000,0.000,0.000,0.000,0.000
293083.000,13.000,32077.000,75.000,7200.000,0.000,0.000,0.000,0.000
293093.000,16.000,32093.000,75.000,7200.000,0.000,0.000,0.000,0.000
293103.000,16.000,32109.000,75.000,7200.000,0.000,0.000,0.000,0.000
293113.000,16.000,32125.000,75.000,7200.000,0.000,0.000,0.000,0.000
293123.000,12.000,32137.000,75.000,7200.000,0.000,0.000,0.000,0.000
293133.000,12.000,32149.000,75.000,7200.000,0.000,0.000,0.000,0.000
293143.000,4.000,32153.000,75.000,7200.000,0.000,0.000,0.000,0.000
293153.000,12.000,32165.000,75.000,7200.000,0.000,0.000,0.000,0.000
293163.000,8.000,32173.000,75.000,7200.000,0.000,0.000,0.000,0.000
293173.000,12.000,32185.000,75.000,7200.000,0.000,0.000,0.000,0.000
293183.000,10.000,32195.000,75.000,7200.000,0.000,0.000,0.000,0.000
293193.000,4.000,32199.000,75.000,7200.000,0.000,0.000,0.000,0.000
293203.000,9.000,32208.000,75.000,7200.000,0.000,0.000,0.000,0.000
293213.000,14.000,32222.000,75.000,7200.000,0.000,0.000,0.000,0.000
293223.000,8.000,32230.000,75.000,7200.000,0.000,0.000,0.000,0.000
293233.000,5.000,32235.000,75.000,7200.000,0.000,0.000,0.000,0.000
293243.000,8.000,32243.000,75.000,7200.000,0.000,0.000,0.000,0.000
293253.000,24.000,32267.000,75.000,7200.000,0.000,0.000,0.000,0.000
293263.000,9.000,32276.000,75.000,7200.000,0.000,0.000,0.000,0.000
293273.000,16.000,32292.000,75.000,7200.000,0.000,0.000,0.000,0.000
293283.000,9.000,32301.000,75.000,7200.000,0.000,0.000,0.000,0.000
293293.000,14.000,32315.000,75.000,7200.000,0.000,0.000,0.000,0.000
293303.000,8.000,32323.000,75.000,7200.000,0.000,0.000,0.000,0.000
293313.000,12.000,32335.000,75.000,7200.000,0.000,0.000,0.000,0.000
293323.000,12.000,32347.000,75.000,7200.000,0.000,0.000,0.000,0.000
293333.000,13.000,32360.000,75.000,7200.000,0.000,0.000,0.000,0.000
293343.000,12.000,32372.000,75.000,7200.000,0.000,0.000,0.000,0.000
293353.000,12.000,32384.000,75.000,7200.000,0.000,0.000,0.000,0.000
293363.000,15.000,32399.000,75.000,7200.000,0.000,0.000,0.000,0.000
293373.000,4.000,32403.000,75.000,7200.000,0.000,0.000,0.000,0.000
293383.000,12.000,32415.000,75.000,7200.000,0.000,0.000,0.000,0.000
293393.000,4.000,32419.000,75.000,7200.000,0.000,0.000,0.000,0.000
293403.000,13.000,32432.000,75.000,7200.000,0.000,0.000,0.000,0.000
293413.000,16.000,32448.000,75.000,7200.000,0.000,0.000,0.000,0.000
293423.000,10.000,32458.000,75.000,7200.000,0.000,0.000,0.000,0.000
293433.000,16.000,32474.000,75.000,7200.000,0.000,0.000,0.000,0.000
293443.000,9.000,32483.000,75.000,7200.000,0.000,0.000,0.000,0.000
293453.000,12.000,32495.000,75.000,7200.000,0.000,0.000,0.000,0.000
293463.000,21.000,32516.000,75.000,7200.000,0.000,0.000,0.000,0.000
293473.000,8.000,32524.000,75.000,7200.000,0.000,0.000,0.000,0.000
293483.000,12.000,32536.000,75.000,7200.000,0.000,0.000,0.000,0.000
293493.000,10.000,32546.000,75.000,7200.000,0.000,0.000,0.000,0.000
293503.000,16.000,32562.000,75.000,7200.000,0.000,0.000,0.000,0.000
293513.000,13.000,32575.000,75.000,7200.000,0.000,0.000,0.000,0.000
293523.000,12.000,32587.000,75.000,7200.000,0.000,0.000,0.000,0.000
293533.000,17.000,32604.000,75.000,7200.000,0.000,0.000,0.000,0.000
293543.000,12.000,32616.000,75.000,7200.000,0.000,0.000,0.000,0.000
293553.000,14.000,32630.000,75.000,7200.000,0.000,0.000,0.000,0.000
293563.000,5.000,32635.000,75.000,7200.000,0.000,0.000,0.000,0.000
293573.000,16.000,32651.000,75.000,7200.000,0.000,0.000,0.000,0.000
293583.000,21.000,32672.000,75.000,7200.000,0.000,0.000,0.000,0.000
293593.000,15.000,32687.000,75.000,7200.000,0.000,0.000,0.000,0.000
293603.000,8.000,32695.000,75.000,7200.000,0.000,0.000,0.000,0.000
293613.000,13.000,32708.000,75.000,7200.000,0.000,0.000,0.000,0.000
293623.000,16.000,32724.000,75.000,7200.000,0.000,0.000,0.000,0.000
293633.000,10.000,32734.000,75.000,7200.000,0.000,0.000,0.000,0.000
293643.000,17.000,32751.000,75.000,7200.000,0.000,0.000,0.000,0.000
293653.000,12.000,32763.000,75.000,7200.000,0.000,0.000,0.000,0.000
293663.000,9.000,32772.000,75.000,7200.000,0.000,0.000,0.000,0.000
293673.000,11.000,32783.000,75.000,7200.000,0.000,0.000,0.000,0.000
293683.000,16.000,32799.000,75.000,7200.000,0.000,0.000,0.000,0.000
293693.000,9.000,32808.000,75.000,7200.000,0.000,0.000,0.000,0.000
293703.000,12.000,32820.000,75.000,7200.000,0.000,0.000,0.000,0.000
293713.000,7.000,32827.000,75.000,7200.000,0.000,0.000,0.000,0.000
293723.000,8.000,32835.000,75.000,7200.000,0.000,0.000,0.000,0.000
293733.000,13.000,32848.000,75.000,7200.000,0.000,0.000,0.000,0.000
293743.000,8.000,32856.000,75.000,7200.000,0.000,0.000,0.000,0.000
293753.000,6.000,32862.000,75.000,7200.000,0.000,0.000,0.000,0.000
293763.000,9.000,32871.000,75.000,7200.000,0.000,0.000,0.000,0.000
293773.000,9.000,32880.000,75.000,7200.000,0.000,0.000,0.000,0.000
293783.000,4.000,32884.000,75.000,7200.000,0.000,0.000,0.000,0.000
293793.000,15.000,32899.000,75.000,7200.000,0.000,0.000,0.000,0.000
293803.000,12.000,32911.000,75.000,7200.000,0.000,0.000,0.000,0.000
293813.000,13.000,32924.000,75.000,7200.000,0.000,0.000,0.000,0.000
293823.000,10.000,32934.000,75.000,7200.000,0.000,0.000,0.000,0.000
293833.000,5.000,32939.000,75.000,7200.000,0.000,0.000,0.000,0.000
293843.000,8.000,32947.000,75.000,7200.000,0.000,0.000,0.000,0.000
293853.000,13.000,32960.000,75.000,7200.000,0.000,0.000,0.000,0.000
293863.000,14.000,32974.000,75.000,7200.000,0.000,0.000,0.000,0.000
293873.000,13.000,32987.000,75.000,7200.000,0.000,0.000,0.000,0.000
293883.000,25.000,33012.000,75.000,7200.000,0.000,0.000,0.000,0.000
293893.000,11.000,33023.000,75.000,7200.000,0.000,0.000,0.000,0.000
293903.000,12.000,33035.000,75.000,7200.000,0.000,0.000,0.000,0.000
293913.000,10.000,33045.000,75.000,7200.000,0.000,0.000,0.000,0.000
293923.000,13.000,33058.000,75.000,7200.000,0.000,0.000,0.000,0.000
293933.000,9.000,33067.000,75.000,7200.000,0.000,0.000,0.000,0.000
293943.000,13.000,33080.000,75.000,7200.000,0.000,0.000,0.000,0.000
293953.000,6.000,33086.000,75.000,7200.000,0.000,0.000,0.000,0.000
293963.000,9.000,33095.000,75.000,7200.000,0.000,0.000,0.000,0.000
293973.000,13.000,33108.000,75.000,7200.000,0.000,0.000,0.000,0.000
293983.000,11.000,33119.000,75.000,7200.000,0.000,0.000,0.000,0.000
293993.000,17.000,33136.000,75.000,7200.000,0.000,0.000,0.000,0.000
294003.000,13.000,33149.000,75.000,7200.000,0.000,0.000,0.000,0.000
294013.000,6.000,33155.000,75.000,7200.000,0.000,0.000,0.000,0.000
294023.000,13.000,33168.000,75.000,7200.000,0.000,0.000,0.000,0.000
294033.000,15.000,33183.000,75.000,7200.000,0.000,0.000,0.000,0.000
294043.000,12.000,33195.000,75.000,7200.000,0.000,0.000,0.000,0.000
294053.000,8.000,33203.000,75.000,7200.000,0.000,0.000,0.000,0.000
294063.000,16.000,33219.000,75.000,7200.000,0.000,0.000,0.000,0.000
294073.000,8.000,33227.000,75.000,7200.000,0.000,0.000,0.000,0.000
294083.000,13.000,33240.000,75.000,7200.000,0.000,0.000,0.000,0.000
294093.000,10.000,33250.000,75.000,7200.000,0.000,0.000,0.000,0.000
294103.000,5.000,33255.000,75.000,7200.000,0.000,0.000,0.000,0.000
294113.000,9.000,33264.000,75.000,7200.000,0.000,0.000,0.000,0.000
294123.000,14.000,33278.000,75.000,7200.000,0.000,0.000,0.000,0.000
294133.000,13.000,33291.000,75.000,7200.000,0.000,0.000,0.000,0.000
294143.000,4.000,33295.000,75.000,7200.000,0.000,0.000,0.000,0.000
294153.000,8.000,33303.000,75.000,7200.000,0.000,0.000,0.000,0.000
294163.000,4.000,33307.000,75.000,7200.000,0.000,0.000,0.000,0.000
294173.000,21.000,33328.000,75.000,7200.000,0.000,0.000,0.000,0.000
294183.000,14.000,33342.000,75.000,7200.000,0.000,0.000,0.000,0.000
294193.000,17.000,33359.000,75.000,7200.000,0.000,0.000,0.000,0.000
294203.000,14.000,33373.000,75.000,7200.000,0.000,0.000,0.000,0.000
294213.000,6.000,33379.000,75.000,7200.000,0.000,0.000,0.000,0.000
294223.000,9.000,33388.000,75.000,7200.000,0.000,0.000,0.000,0.000
294233.000,7.000,33395.000,75.000,7200.000,0.000,0.000,0.000,0.000
294243.000,13.000,33408.000,75.000,7200.000,0.000,0.000,0.000,0.000
294253.000,7.000,33415.000,75.000,7200.000,0.000,0.000,0.000,0.000
294263.000,17.000,33432.000,75.000,7200.000,0.000,0.000,0.000,0.000
294273.000,5.000,33437.000,75.000,7200.000,0.000,0.000,0.000,0.000
294283.000,10.000,33447.000,75.000,7200.000,0.000,0.000,0.000,0.000
294293.000,17.000,33464.000,75.000,7200.000,0.000,0.000,0.000,0.000
294303.000,3.000,33467.000,75.000,7200.000,0.000,0.000,0.000,0.000
294313.000,17.000,33484.000,75.000,7200.000,0.000,0.000,0.000,0.000
294323.000,6.000,33490.000,75.000,7200.000,0.000,0.000,0.000,0.000
294333.000,14.000,33504.000,75.000,7200.000,0.000,0.000,0.000,0.000
294343.000,6.000,33510.000,75.000,7200.000,0.000,0.000,0.000,0.000
294353.000,5.000,33515.000,75.000,7200.000,0.000,0.000,0.000,0.000
294363.000,9.000,33524.000,75.000,7200.000,0.000,0.000,0.000,0.000
294373.000,7.000,33531.000,75.000,7200.000,0.000,0.000,0.000,0.000
294383.000,13.000,33544.000,75.000,7200.000,0.000,0.000,0.000,0.000
294393.000,11.000,33555.000,75.000,7200.000,0.000,0.000,0.000,0.000
294403.000,17.000,33572.000,75.000,7200.000,0.000,0.000,0.000,0.000
294413.000,7.000,33579.000,75.000,7200.000,0.000,0.000,0.000,0.000
294423.000,12.000,33591.000,75.000,7200.000,0.000,0.000,0.000,0.000
294433.000,12.000,33603.000,75.000,7200.000,0.000,0.000,0.000,0.000
294443.000,12.000,33615.000,75.000,7200.000,0.000,0.000,0.000,0.000
294453.000,13.000,33628.000,75.000,7200.000,0.000,0.000,0.000,0.000
294463.000,7.000,33635.000,75.000,7200.000,0.000,0.000,0.000,0.000
294473.000,9.000,33644.000,75.000,7200.000,0.000,0.000,0.000,0.000
294483.000,14.000,33658.000,75.000,7200.000,0.000,0.000,0.000,0.000
294493.000,14.000,33672.000,75.000,7200.000,0.000,0.000,0.000,0.000
294503.000,10.000,33682.000,75.000,7200.000,0.000,0.000,0.000,0.000
294513.000,6.000,33688.000,75.000,7200.000,0.000,0.000,0.000,0.000
294523.000,11.000,33699.000,75.000,7200.000,0.000,0.000,0.000,0.000
294533.000,15.000,33714.000,75.000,7200.000,0.000,0.000,0.000,0.000
294543.000,10.000,33724.000,75.000,7200.000,0.000,0.000,0.000,0.000
294553.000,6.000,33730.000,75.000,7200.000,0.000,0.000,0.000,0.000
294563.000,14.000,33744.000,75.000,7200.000,0.000,0.000,0.000,0.000
294573.000,11.000,33755.000,75.000,7200.000,0.000,0.000,0.000,0.000
294583.000,10.000,33765.000,75.000,7200.000,0.000,0.000,0.000,0.000
294593.000,10.000,33775.000,75.000,7200.000,0.000,0.000,0.000,0.000
294603.000,7.000,33782.000,75.000,7200.000,0.000,0.000,0.000,0.000
294613.000,6.000,33788.000,75.000,7200.000,0.000,0.000,0.000,0.000
294623.000,10.000,33798.000,75.000,7200.000,0.000,0.000,0.000,0.000
294633.000,10.000,33808.000,75.000,7200.000,0.000,0.000,0.000,0.000
294643.000,11.000,33819.000,75.000,7200.000,0.000,0.000,0.000,0.000
294653.000,9.000,33828.000,75.000,7200.000,0.000,0.000,0.000,0.000
294663.000,7.000,33835.000,75.000,7200.000,0.000,0.000,0.000,0.000
294673.000,16.000,33851.000,75.000,7200.000,0.000,0.000,0.000,0.000
294683.000,12.000,33863.000,75.000,7200.000,0.000,0.000,0.000,0.000
294693.000,12.000,33875.000,75.000,7200.000,0.000,0.000,0.000,0.000
294703.000,9.000,33884.000,75.000,7200.000,0.000,0.000,0.000,0.000
294713.000,11.000,33895.000,75.000,7200.000,0.000,0.000,0.000,0.000
294723.000,13.000,33908.000,75.000,7200.000,0.000,0.000,0.000,0.000
294733.000,7.000,33915.000,75.000,7200.000,0.000,0.000,0.000,0.000
294743.000,17.000,33932.000,75.000,7200.000,0.000,0.000,0.000,0.000
294753.000,7.000,33939.000,75.000,7200.000,0.000,0.000,0.000,0.000
294763.000,9.000,33948.000,75.000,7200.000,0.000,0.000,0.000,0.000
294773.000,15.000,33963.000,75.000,7200.000,0.000,0.000,0.000,0.000
294783.000,13.000,33976.000,75.000,7200.000,0.000,0.000,0.000,0.000
294793.000,12.000,33988.000,75.000,7200.000,0.000,0.000,0.000,0.000
294803.000,14.000,34002.000,75.000,7200.000,0.000,0.000,0.000,0.000
294813.000,14.000,34016.000,75.000,7200.000,0.000,0.000,0.000,0.000
294823.000,7.000,34023.000,75.000,7200.000,0.000,0.000,0.000,0.000
294833.000,8.000,34031.000,75.000,7200.000,0.000,0.000,0.000,0.000
294843.000,13.000,34044.000,75.000,7200.000,0.000,0.000,0.000,0.000
294853.000,7.000,34051.000,75.000,7200.000,0.000,0.000,0.000,0.000
294863.000,4.000,34055.000,75.000,7200.000,0.000,0.000,0.000,0.000
294873.000,17.000,34072.000,75.000,7200.000,0.000,0.000,0.000,0.000
294883.000,7.000,34079.000,75.000,7200.000,0.000,0.000,0.000,0.000
294893.000,17.000,34096.000,75.000,7200.000,0.000,0.000,0.000,0.000
294903.000,3.000,34099.000,75.000,7200.000,0.000,0.000,0.000,0.000
294913.000,8.000,34107.000,75.000,7200.000,0.000,0.000,0.000,0.000
294923.000,9.000,34116.000,75.000,7200.000,0.000,0.000,0.000,0.000
294933.000,3.000,34119.000,75.000,7200.000,0.000,0.000,0.000,0.000
294943.000,17.000,34136.000,75.000,7200.000,0.000,0.000,0.000,0.000
294953.000,15.000,34151.000,75.000,7200.000,0.000,0.000,0.000,0.000
294963.000,12.000,34163.000,75.000,7200.000,0.000,0.000,0.000,0.000
294973.000,9.000,34172.000,75.000,7200.000,0.000,0.000,0.000,0.000
294983.000,7.000,34179.000,75.000,7200.000,0.000,0.000,0.000,0.000
294993.000,17.000,34196.000,75.000,7200.000,0.000,0.000,0.000,0.000
295003.000,7.000,34203.000,75.000,7200.000,0.000,0.000,0.000,0.000
295013.000,12.000,34215.000,75.000,7200.000,0.000,0.000,0.000,0.000
295023.000,17.000,34232.000,75.000,7200.000,0.000,0.000,0.000,0.000
295033.000,15.000,34247.000,75.000,7200.000,0.000,0.000,0.000,0.000
295043.000,13.000,34260.000,75.000,7200.000,0.000,0.000,0.000,0.000
295053.000,11.000,34271.000,75.000,7200.000,0.000,0.000,0.000,0.000
295063.000,5.000,34276.000,75.000,7200.000,0.000,0.000,0.000,0.000
295073.000,11.000,34287.000,75.000,7200.000,0.000,0.000,0.000,0.000
295083.000,8.000,34295.000,75.000,7200.000,0.000,0.000,0.000,0.000
295093.000,17.000,34312.000,75.000,7200.000,0.000,0.000,0.000,0.000
295103.000,11.000,34323.000,75.000,7200.000,0.000,0.000,0.000,0.000
295113.000,13.000,34336.000,75.000,7200.000,0.000,0.000,0.000,0.000
295123.000,8.000,34344.000,75.000,7200.000,0.000,0.000,0.000,0.000
295133.000,7.000,34351.000,75.000,7200.000,0.000,0.000,0.000,0.000
295143.000,13.000,34364.000,75.000,7200.000,0.000,0.000,0.000,0.000
295153.000,7.000,34371.000,75.000,7200.000,0.000,0.000,0.000,0.000
295163.000,7.000,34378.000,75.000,7200.000,0.000,0.000,0.000,0.000
295173.000,14.000,34392.000,75.000,7200.000,0.000,0.000,0.000,0.000
295183.000,7.000,34399.000,75.000,7200.000,0.000,0.000,0.000,0.000
295193.000,13.000,34412.000,75.000,7200.000,0.000,0.000,0.000,0.000
295203.000,7.000,34419.000,75.000,7200.000,0.000,0.000,0.000,0.000
295213.000,11.000,34430.000,75.000,7200.000,0.000,0.000,0.000,0.000
295223.000,18.000,34448.000,75.000,7200.000,0.000,0.000,0.000,0.000
295233.000,11.000,34459.000,75.000,7200.000,0.000,0.000,0.000,0.000
295243.000,17.000,34476.000,75.000,7200.000,0.000,0.000,0.000,0.000
295253.000,19.000,34495.000,75.000,7200.000,0.000,0.000,0.000,0.000
295263.000,8.000,34503.000,75.000,7200.000,0.000,0.000,0.000,0.000
295273.000,12.000,34515.000,75.000,7200.000,0.000,0.000,0.000,0.000
295283.000,8.000,34523.000,75.000,7200.000,0.000,0.000,0.000,0.000
295293.000,9.000,34532.000,75.000,7200.000,0.000,0.000,0.000,0.000
295303.000,7.000,34539.000,75.000,7200.000,0.000,0.000,0.000,0.000
295313.000,9.000,34548.000,75.000,7200.000,0.000,0.000,0.000,0.000
295323.000,7.000,34555.000,75.000,7200.000,0.000,0.000,0.000,0.000
295333.000,8.000,34563.000,75.000,7200.000,0.000,0.000,0.000,0.000
295343.000,13.000,34576.000,75.000,7200.000,0.000,0.000,0.000,0.000
295353.000,14.000,34590.000,75.000,7200.000,0.000,0.000,0.000,0.000
295363.000,9.000,34599.000,75.000,7200.000,0.000,0.000,0.000,0.000
295373.000,16.000,34615.000,75.000,7200.000,0.000,0.000,0.000,0.000
295383.000,9.000,34624.000,75.000,7200.000,0.000,0.000,0.000,0.000
295393.000,11.000,34635.000,75.000,7200.000,0.000,0.000,0.000,0.000
295403.000,15.000,34650.000,75.000,7200.000,0.000,0.000,0.000,0.000
295413.000,13.000,34663.000,75.000,7200.000,0.000,0.000,0.000,0.000
295423.000,12.000,34675.000,75.000,7200.000,0.000,0.000,0.000,0.000
295433.000,5.000,34680.000,75.000,7200.000,0.000,0.000,0.000,0.000
295443.000,15.000,34695.000,75.000,7200.000,0.000,0.000,0.000,0.000
295453.000,9.000,34704.000,75.000,7200.000,0.000,0.000,0.000,0.000
295463.000,11.000,34715.000,75.000,7200.000,0.000,0.000,0.000,0.000
295473.000,16.000,34731.000,75.000,7200.000,0.000,0.000,0.000,0.000
295483.000,12.000,34743.000,75.000,7200.000,0.000,0.000,0.000,0.000
295493.000,11.000,34754.000,75.000,7200.000,0.000,0.000,0.000,0.000
295503.000,10.000,34764.000,75.000,7200.000,0.000,0.000,0.000,0.000
295513.000,2.000,34766.000,75.000,7200.000,0.000,0.000,0.000,0.000
295523.000,14.000,34780.000,75.000,7200.000,0.000,0.000,0.000,0.000
295533.000,11.000,34791.000,75.000,7200.000,0.000,0.000,0.000,0.000
295543.000,13.000,34804.000,75.000,7200.000,0.000,0.000,0.000,0.000
295553.000,7.000,34811.000,75.000,7200.000,0.000,0.000,0.000,0.000
295563.000,12.000,34823.000,75.000,7200.000,0.000,0.000,0.000,0.000
295573.000,16.000,34839.000,75.000,7200.000,0.000,0.000,0.000,0.000
295583.000,16.000,34855.000,75.000,7200.000,0.000,0.000,0.000,0.000
295593.000,17.000,34872.000,75.000,7200.000,0.000,0.000,0.000,0.000
295603.000,7.000,34879.000,75.000,7200.000,0.000,0.000,0.000,0.000
295613.000,13.000,34892.000,75.000,7200.000,0.000,0.000,0.000,0.000
295623.000,7.000,34899.000,75.000,7200.000,0.000,0.000,0.000,0.000
295633.000,9.000,34908.000,75.000,7200.000,0.000,0.000,0.000,0.000
295643.000,15.000,34923.000,75.000,7200.000,0.000,0.000,0.000,0.000
295653.000,7.000,34930.000,75.000,7200.000,0.000,0.000,0.000,0.000
295663.000,10.000,34940.000,75.000,7200.000,0.000,0.000,0.000,0.000
295673.000,18.000,34958.000,75.000,7200.000,0.000,0.000,0.000,0.000
295683.000,10.000,34968.000,75.000,7200.000,0.000,0.000,0.000,0.000
295693.000,7.000,34975.000,75.000,7200.000,0.000,0.000,0.000,0.000
295703.000,6.000,34981.000,75.000,7200.000,0.000,0.000,0.000,0.000
295713.000,10.000,34991.000,75.000,7200.000,0.000,0.000,0.000,0.000
295723.000,7.000,34998.000,75.000,7200.000,0.000,0.000,0.000,0.000
295733.000,14.000,35012.000,75.000,7200.000,0.000,0.000,0.000,0.000
295743.000,2.000,35014.000,75.000,7200.000,0.000,0.000,0.000,0.000
295753.000,6.000,35020.000,75.000,7200.000,0.000,0.000,0.000,0.000
295763.000,11.000,35031.000,75.000,7200.000,0.000,0.000,0.000,0.000
295773.000,5.000,35036.000,75.000,7200.000,0.000,0.000,0.000,0.000
295783.000,11.000,35047.000,75.000,7200.000,0.000,0.000,0.000,0.000
295793.000,11.000,35058.000,75.000,7200.000,0.000,0.000,0.000,0.000
295803.000,13.000,35071.000,75.000,7200.000,0.000,0.000,0.000,0.000
295813.000,15.000,35086.000,75.000,7200.000,0.000,0.000,0.000,0.000
295823.000,18.000,35104.000,75.000,7200.000,0.000,0.000,0.000,0.000
295833.000,10.000,35114.000,75.000,7200.000,0.000,0.000,0.000,0.000
295843.000,14.000,35128.000,75.000,7200.000,0.000,0.000,0.000,0.000
295853.000,11.000,35139.000,75.000,7200.000,0.000,0.000,0.000,0.000
295863.000,5.000,35144.000,75.000,7200.000,0.000,0.000,0.000,0.000
295873.000,3.000,35147.000,75.000,7200.000,0.000,0.000,0.000,0.000
295883.000,16.000,35163.000,75.000,7200.000,0.000,0.000,0.000,0.000
295893.000,17.000,35180.000,75.000,7200.000,0.000,0.000,0.000,0.000
295903.000,7.000,35187.000,75.000,7200.000,0.000,0.000,0.000,0.000
295913.000,13.000,35200.000,75.000,7200.000,0.000,0.000,0.000,0.000
295923.000,7.000,35207.000,75.000,7200.000,0.000,0.000,0.000,0.000
295933.000,13.000,35220.000,75.000,7200.000,0.000,0.000,0.000,0.000
295943.000,7.000,35227.000,75.000,7200.000,0.000,0.000,0.000,0.000
295953.000,9.000,35236.000,75.000,7200.000,0.000,0.000,0.000,0.000
295963.000,19.000,35255.000,75.000,7200.000,0.000,0.000,0.000,0.000
295973.000,8.000,35263.000,75.000,7200.000,0.000,0.000,0.000,0.000
295983.000,9.000,35272.000,75.000,7200.000,0.000,0.000,0.000,0.000
295993.000,11.000,35283.000,75.000,7200.000,0.000,0.000,0.000,0.000
296003.000,9.000,35292.000,75.000,7200.000,0.000,0.000,0.000,0.000
296013.000,7.000,35299.000,75.000,7200.000,0.000,0.000,0.000,0.000
296023.000,8.000,35307.000,75.000,7200.000,0.000,0.000,0.000,0.000
296033.000,17.000,35324.000,75.000,7200.000,0.000,0.000,0.000,0.000
296043.000,11.000,35335.000,75.000,7200.000,0.000,0.000,0.000,0.000
296053.000,9.000,35344.000,75.000,7200.000,0.000,0.000,0.000,0.000
296063.000,11.000,35355.000,75.000,7200.000,0.000,0.000,0.000,0.000
296073.000,8.000,35363.000,75.000,7200.000,0.000,0.000,0.000,0.000
296083.000,17.000,35380.000,75.000,7200.000,0.000,0.000,0.000,0.000
296093.000,14.000,35394.000,75.000,7200.000,0.000,0.000,0.000,0.000
296103.000,10.000,35404.000,75.000,7200.000,0.000,0.000,0.000,0.000
296113.000,19.000,35423.000,75.000,7200.000,0.000,0.000,0.000,0.000
296123.000,8.000,35431.000,75.000,7200.000,0.000,0.000,0.000,0.000
296133.000,17.000,35448.000,75.000,7200.000,0.000,0.000,0.000,0.000
296143.000,3.000,35451.000,75.000,7200.000,0.000,0.000,0.000,0.000
296153.000,5.000,35456.000,75.000,7200.000,0.000,0.000,0.000,0.000
296163.000,15.000,35471.000,75.000,7200.000,0.000,0.000,0.000,0.000
296173.000,9.000,35480.000,75.000,7200.000,0.000,0.000,0.000,0.000
296183.000,8.000,35488.000,75.000,7200.000,0.000,0.000,0.000,0.000
296193.000,10.000,35498.000,75.000,7200.000,0.000,0.000,0.000,0.000
296203.000,6.000,35504.000,75.000,7200.000,0.000,0.000,0.000,0.000
296213.000,19.000,35523.000,75.000,7200.000,0.000,0.000,0.000,0.000
296223.000,13.000,35536.000,75.000,7200.000,0.000,0.000,0.000,0.000
296233.000,7.000,35543.000,75.000,7200.000,0.000,0.000,0.000,0.000
296243.000,8.000,35551.000,75.000,7200.000,0.000,0.000,0.000,0.000
296253.000,8.000,35559.000,75.000,7200.000,0.000,0.000,0.000,0.000
296263.000,12.000,35571.000,75.000,7200.000,0.000,0.000,0.000,0.000
296273.000,9.000,35580.000,75.000,7200.000,0.000,0.000,0.000,0.000
296283.000,11.000,35591.000,75.000,7200.000,0.000,0.000,0.000,0.000
296293.000,8.000,35599.000,75.000,7200.000,0.000,0.000,0.000,0.000
296303.000,4.000,35603.000,75.000,7200.000,0.000,0.000,0.000,0.000
296313.000,16.000,35619.000,75.000,7200.000,0.000,0.000,0.000,0.000
296323.000,17.000,35636.000,75.000,7200.000,0.000,0.000,0.000,0.000
296333.000,7.000,35643.000,75.000,7200.000,0.000,0.000,0.000,0.000
296343.000,9.000,35652.000,75.000,7200.000,0.000,0.000,0.000,0.000
296353.000,7.000,35659.000,75.000,7200.000,0.000,0.000,0.000,0.000
296363.000,16.000,35675.000,75.000,7200.000,0.000,0.000,0.000,0.000
296373.000,9.000,35684.000,75.000,7200.000,0.000,0.000,0.000,0.000
296383.000,11.000,35695.000,75.000,7200.000,0.000,0.000,0.000,0.000
296393.000,9.000,35704.000,75.000,7200.000,0.000,0.000,0.000,0.000
296403.000,3.000,35707.000,75.000,7200.000,0.000,0.000,0.000,0.000
296413.000,16.000,35723.000,75.000,7200.000,0.000,0.000,0.000,0.000
296423.000,17.000,35740.000,75.000,7200.000,0.000,0.000,0.000,0.000
296433.000,15.000,35755.000,75.000,7200.000,0.000,0.000,0.000,0.000
296443.000,5.000,35760.000,75.000,7200.000,0.000,0.000,0.000,0.000
296453.000,7.000,35767.000,75.000,7200.000,0.000,0.000,0.000,0.000
296463.000,16.000,35783.000,75.000,7200.000,0.000,0.000,0.000,0.000
296473.000,13.000,35796.000,75.000,7200.000,0.000,0.000,0.000,0.000
296483.000,6.000,35802.000,75.000,7200.000,0.000,0.000,0.000,0.000
296493.000,14.000,35816.000,75.000,7200.000,0.000,0.000,0.000,0.000
296503.000,11.000,35827.000,75.000,7200.000,0.000,0.000,0.000,0.000
296513.000,17.000,35844.000,75.000,7200.000,0.000,0.000,0.000,0.000
296523.000,7.000,35851.000,75.000,7200.000,0.000,0.000,0.000,0.000
296533.000,15.000,35866.000,75.000,7200.000,0.000,0.000,0.000,0.000
296543.000,14.000,35880.000,75.000,7200.000,0.000,0.000,0.000,0.000
296553.000,18.000,35898.000,75.000,7200.000,0.000,0.000,0.000,0.000
296563.000,22.000,35920.000,75.000,7200.000,0.000,0.000,0.000,0.000
296573.000,7.000,35927.000,75.000,7200.000,0.000,0.000,0.000,0.000
296583.000,17.000,35944.000,75.000,7200.000,0.000,0.000,0.000,0.000
296593.000,3.000,35947.000,75.000,7200.000,0.000,0.000,0.000,0.000
296603.000,4.000,35951.000,75.000,7200.000,0.000,0.000,0.000,0.000
296613.000,12.000,35963.000,75.000,7200.000,0.000,0.000,0.000,0.000
296623.000,4.000,35967.000,75.000,7200.000,0.000,0.000,0.000,0.000
296633.000,13.000,35980.000,75.000,7200.000,0.000,0.000,0.000,0.000
296643.000,6.000,35986.000,75.000,7200.000,0.000,0.000,0.000,0.000
296653.000,10.000,35996.000,75.000,7200.000,0.000,0.000,0.000,0.000
296663.000,11.000,36007.000,75.000,7200.000,0.000,0.000,0.000,0.000
296673.000,5.000,36012.000,75.000,7200.000,0.000,0.000,0.000,0.000
296683.000,11.000,36023.000,75.000,7200.000,0.000,0.000,0.000,0.000
296693.000,11.000,36034.000,75.000,7200.000,0.000,0.000,0.000,0.000
296703.000,14.000,36048.000,75.000,7200.000,0.000,0.000,0.000,0.000
296713.000,6.000,36054.000,75.000,7200.000,0.000,0.000,0.000,0.000
296723.000,10.000,36064.000,75.000,7200.000,0.000,0.000,0.000,0.000
296733.000,10.000,36074.000,75.000,7200.000,0.000,0.000,0.000,0.000
296743.000,10.000,36084.000,75.000,7200.000,0.000,0.000,0.000,0.000
296753.000,15.000,36099.000,75.000,7200.000,0.000,0.000,0.000,0.000
296763.000,14.000,36113.000,75.000,7200.000,0.000,0.000,0.000,0.000
296773.000,10.000,36123.000,75.000,7200.000,0.000,0.000,0.000,0.000
296783.000,11.000,36134.000,75.000,7200.000,0.000,0.000,0.000,0.000
296793.000,6.000,36140.000,75.000,7200.000,0.000,0.000,0.000,0.000
296803.000,10.000,36150.000,75.000,7200.000,0.000,0.000,0.000,0.000
296813.000,6.000,36156.000,75.000,7200.000,0.000,0.000,0.000,0.000
296823.000,15.000,36171.000,75.000,7200.000,0.000,0.000,0.000,0.000
296833.000,18.000,36189.000,75.000,7200.000,0.000,0.000,0.000,0.000
296843.000,6.000,36195.000,75.000,7200.000,0.000,0.000,0.000,0.000
296853.000,11.000,36206.000,75.000,7200.000,0.000,0.000,0.000,0.000
296863.000,6.000,36212.000,75.000,7200.000,0.000,0.000,0.000,0.000
296873.000,10.000,36222.000,75.000,7200.000,0.000,0.000,0.000,0.000
296883.000,10.000,36232.000,75.000,7200.000,0.000,0.000,0.000,0.000
296893.000,7.000,36239.000,75.000,7200.000,0.000,0.000,0.000,0.000
296903.000,15.000,36254.000,75.000,7200.000,0.000,0.000,0.000,0.000
296913.000,13.000,36267.000,75.000,7200.000,0.000,0.000,0.000,0.000
296923.000,16.000,36283.000,75.000,7200.000,0.000,0.000,0.000,0.000
296933.000,9.000,36292.000,75.000,7200.000,0.000,0.000,0.000,0.000
296943.000,7.000,36299.000,75.000,7200.000,0.000,0.000,0.000,0.000
296953.000,9.000,36308.000,75.000,7200.000,0.000,0.000,0.000,0.000
296963.000,3.000,36311.000,75.000,7200.000,0.000,0.000,0.000,0.000
296973.000,15.000,36326.000,75.000,7200.000,0.000,0.000,0.000,0.000
296983.000,6.000,36332.000,75.000,7200.000,0.000,0.000,0.000,0.000
296993.000,7.000,36339.000,75.000,7200.000,0.000,0.000,0.000,0.000
297003.000,25.000,36364.000,75.000,7200.000,0.000,0.000,0.000,0.000
297013.000,7.000,36371.000,75.000,7200.000,0.000,0.000,0.000,0.000
297023.000,16.000,36387.000,75.000,7200.000,0.000,0.000,0.000,0.000
297033.000,13.000,36400.000,75.000,7200.000,0.000,0.000,0.000,0.000
297043.000,3.000,36403.000,75.000,7200.000,0.000,0.000,0.000,0.000
297053.000,17.000,36420.000,75.000,7200.000,0.000,0.000,0.000,0.000
297063.000,7.000,36427.000,75.000,7200.000,0.000,0.000,0.000,0.000
297073.000,8.000,36435.000,75.000,7200.000,0.000,0.000,0.000,0.000
297083.000,9.000,36444.000,75.000,7200.000,0.000,0.000,0.000,0.000
297093.000,11.000,36455.000,75.000,7200.000,0.000,0.000,0.000,0.000
297103.000,9.000,36464.000,75.000,7200.000,0.000,0.000,0.000,0.000
297113.000,7.000,36471.000,75.000,7200.000,0.000,0.000,0.000,0.000
297123.000,20.000,36491.000,75.000,7200.000,0.000,0.000,0.000,0.000
297133.000,9.000,36500.000,75.000,7200.000,0.000,0.000,0.000,0.000
297143.000,3.000,36503.000,75.000,7200.000,0.000,0.000,0.000,0.000
297153.000,13.000,36516.000,75.000,7200.000,0.000,0.000,0.000,0.000
297163.000,11.000,36527.000,75.000,7200.000,0.000,0.000,0.000,0.000
297173.000,12.000,36539.000,75.000,7200.000,0.000,0.000,0.000,0.000
297183.000,1.000,36540.000,0.000,0.000,0.000,0.000,0.000,0.000
297193.000,-1.000,36539.000,0.000,0.000,0.000,0.000,0.000,0.000
297203.000,1.000,36540.000,0.000,0.000,0.000,0.000,0.000,0.000
297213.000,-1.000,36539.000,0.000,0.000,0.000,0.000,0.000,0.000
297223.000,0.000,36539.000,0.000,0.000,0.000,0.000,0.000,0.000
297233.000,0.000,36539.000,0.000,0.000,0.000,0.000,0.000,0.000
297243.000,0.000,36539.000,0.000,0.000,0.000,0.000,0.000,0.000
297253.000,0.000,36539.000,0.000,0.000,0.000,0.000,0.000,0.000
297263.000,1.000,36540.000,0.000,0.000,0.000,0.000,0.000,0.000
297273.000,-1.000,36539.000,0.000,0.000,0.000,0.000,0.000,0.000
297283.000,1.000,36540.000,0.000,0.000,0.000,0.000,0.000,0.000
297293.000,-1.000,36539.000,0.000,0.000,0.000,0.000,0.000,0.000
297303.000,1.000,36540.000,0.000,0.000,0.000,0.000,0.000,0.000
297313.000,0.000,36540.000,0.000,0.000,0.000,0.000,0.000,0.000
297323.000,-1.000,36539.000,0.000,0.000,0.000,0.000,0.000,0.000
297333.000,0.000,36539.000,0.000,0.000,0.000,0.000,0.000,0.000
297343.000,0.000,36539.000,0.000,0.000,0.000,0.000,0.000,0.000
297353.000,0.000,36539.000,0.000,0.000,0.000,0.000,0.000,0.000
297363.000,0.000,36539.000,0.000,0.000,0.000,0.000,0.000,0.000
297373.000,0.000,36539.000,0.000,0.000,0.000,0.000,0.000,0.000
297383.000,0.000,36539.000,0.000,0.000,0.000,0.000,0.000,0.000
297393.000,0.000,36539.000,0.000,0.000,0.000,0.000,0.000,0.000
297403.000,0.000,36539.000,0.000,0.000,0.000,0.000,0.000,0.000
297413.000,0.000,36539.000,0.000,0.000,0.000,0.000,0.000,0.000
297423.000,0.000,36539.000,0.000,0.000,0.000,0.000,0.000,0.000
297433.000,0.000,36539.000,0.000,0.000,0.000,0.000,0.000,0.000
297443.000,0.000,36539.000,0.000,0.000,0.000,0.000,0.000,0.000
297453.000,0.000,36539.000,0.000,0.000,0.000,0.000,0.000,0.000
297463.000,0.000,36539.000,0.000,0.000,0.000,0.000,0.000,0.000
297473.000,0.000,36539.000,0.000,0.000,0.000,0.000,0.000,0.000
297483.000,0.000,36539.000,0.000,0.000,0.000,0.000,0.000,0.000
297493.000,0.000,36539.000,0.000,0.000,0.000,0.000,0.000,0.000
297503.000,0.000,36539.000,0.000,0.000,0.000,0.000,0.000,0.000
297513.000,0.000,36539.000,0.000,0.000,0.000,0.000,0.000,0.000
297523.000,0.000,36539.000,0.000,0.000,0.000,0.000,0.000,0.000
297533.000,0.000,36539.000,0.000,0.000,0.000,0.000,0.000,0.000
297543.000,0.000,36539.000,0.000,0.000,0.000,0.000,0.000,0.000
297553.000,0.000,36539.000,0.000,0.000,0.000,0.000,0.000,0.000
297563.000,0.000,36539.000,0.000,0.000,0.000,0.000,0.000,0.000
297573.000,0.000,36539.000,0.000,0.000,0.000,0.000,0.000,0.000
297583.000,0.000,36539.000,0.000,0.000,0.000,0.000,0.000,0.000
297593.000,0.000,36539.000,0.000,0.000,0.000,0.000,0.000,0.000
297603.000,0.000,36539.000,0.000,0.000,0.000,0.000,0.000,0.000
297613.000,0.000,36539.000,0.000,0.000,0.000,0.000,0.000,0.000
297623.000,0.000,36539.000,0.000,0.000,0.000,0.000,0.000,0.000
297633.000,0.000,36539.000,0.000,0.000,0.000,0.000,0.000,0.000
297643.000,0.000,36539.000,0.000,0.000,0.000,0.000,0.000,0.000
297653.000,0.000,36539.000,0.000,0.000,0.000,0.000,0.000,0.000
297663.000,0.000,36539.000,0.000,0.000,0.000,0.000,0.000,0.000
297673.000,0.000,36539.000,0.000,0.000,0.000,0.000,0.000,0.000
297683.000,0.000,36539.000,0.000,0.000,0.000,0.000,0.000,0.000
297693.000,0.000,36539.000,0.000,0.000,0.000,0.000,0.000,0.000
297703.000,0.000,36539.000,0.000,0.000,0.000,0.000,0.000,0.000
297713.000,0.000,36539.000,0.000,0.000,0.000,0.000,0.000,0.000
297723.000,0.000,36539.000,0.000,0.000,0.000,0.000,0.000,0.000
297733.000,0.000,36539.000,0.000,0.000,0.000,0.000,0.000,0.000
297743.000,0.000,36539.000,0.000,0.000,0.000,0.000,0.000,0.000
297753.000,0.000,36539.000,0.000,0.000,0.000,0.000,0.000,0.000
297763.000,0.000,36539.000,0.000,0.000,0.000,0.000,0.000,0.000
297773.000,0.000,36539.000,0.000,0.000,0.000,0.000,0.000,0.000
297783.000,0.000,36539.000,0.000,0.000,0.000,0.000,0.000,0.000
297793.000,0.000,36539.000,0.000,0.000,0.000,0.000,0.000,0.000
297803.000,0.000,36539.000,0.000,0.000,0.000,0.000,0.000,0.000
297813.000,0.000,36539.000,0.000,0.000,0.000,0.000,0.000,0.000
297823.000,0.000,36539.000,0.000,0.000,0.000,0.000,0.000,0.000
297833.000,0.000,36539.000,0.000,0.000,0.000,0.000,0.000,0.000
297843.000,0.000,36539.000,0.000,0.000,0.000,0.000,0.000,0.000
297853.000,0.000,36539.000,0.000,0.000,0.000,0.000,0.000,0.000
297863.000,0.000,36539.000,0.000,0.000,0.000,0.000,0.000,0.000
297873.000,0.000,36539.000,0.000,0.000,0.000,0.000,0.000,0.000
297883.000,0.000,36539.000,0.000,0.000,0.000,0.000,0.000,0.000
297893.000,0.000,36539.000,0.000,0.000,0.000,0.000,0.000,0.000
297903.000,0.000,36539.000,0.000,0.000,0.000,0.000,0.000,0.000
297913.000,0.000,36539.000,0.000,0.000,0.000,0.000,0.000,0.000
297923.000,0.000,36539.000,0.000,0.000,0.000,0.000,0.000,0.000
297933.000,0.000,36539.000,0.000,0.000,0.000,0.000,0.000,0.000
297943.000,0.000,36539.000,0.000,0.000,0.000,0.000,0.000,0.000
297953.000,0.000,36539.000,0.000,0.000,0.000,0.000,0.000,0.000
297963.000,0.000,36539.000,0.000,0.000,0.000,0.000,0.000,0.000
297973.000,0.000,36539.000,0.000,0.000,0.000,0.000,0.000,0.000
297983.000,0.000,36539.000,0.000,0.000,0.000,0.000,0.000,0.000
297993.000,0.000,36539.000,0.000,0.000,0.000,0.000,0.000,0.000
298003.000,0.000,36539.000,0.000,0.000,0.000,0.000,0.000,0.000
298013.000,0.000,36539.000,0.000,0.000,0.000,0.000,0.000,0.000
298023.000,0.000,36539.000,0.000,0.000,0.000,0.000,0.000,0.000
298033.000,0.000,36539.000,0.000,0.000,0.000,0.000,0.000,0.000
298043.000,0.000,36539.000,0.000,0.000,0.000,0.000,0.000,0.000
298053.000,0.000,36539.000,0.000,0.000,0.000,0.000,0.000,0.000
298063.000,0.000,36539.000,0.000,0.000,0.000,0.000,0.000,0.000
298073.000,-1.000,36538.000,75.000,7200.000,0.000,0.000,0.000,0.000
298083.000,1.000,36539.000,75.000,7200.000,0.000,0.000,0.000,0.000
298093.000,1.000,36540.000,75.000,7200.000,0.000,0.000,0.000,0.000
298103.000,2.000,36542.000,75.000,7200.000,0.000,0.000,0.000,0.000
298113.000,3.000,36545.000,75.000,7200.000,0.000,0.000,0.000,0.000
298123.000,4.000,36549.000,75.000,7200.000,0.000,0.000,0.000,0.000
298133.000,4.000,36553.000,75.000,7200.000,0.000,0.000,0.000,0.000
298143.000,5.000,36558.000,75.000,7200.000,0.000,0.000,0.000,0.000
298153.000,5.000,36563.000,75.000,7200.000,0.000,0.000,0.000,0.000
298163.000,6.000,36569.000,75.000,7200.000,0.000,0.000,0.000,0.000
298173.000,7.000,36576.000,75.000,7200.000,0.000,0.000,0.000,0.000
298183.000,7.000,36583.000,75.000,7200.000,0.000,0.000,0.000,0.000
298193.000,7.000,36590.000,75.000,7200.000,0.000,0.000,0.000,0.000
298203.000,8.000,36598.000,75.000,7200.000,0.000,0.000,0.000,0.000
298213.000,9.000,36607.000,75.000,7200.000,0.000,0.000,0.000,0.000
298223.000,9.000,36616.000,75.000,7200.000,0.000,0.000,0.000,0.000
298233.000,10.000,36626.000,75.000,7200.000,0.000,0.000,0.000,0.000
298243.000,10.000,36636.000,75.000,7200.000,0.000,0.000,0.000,0.000
298253.000,11.000,36647.000,75.000,7200.000,0.000,0.000,0.000,0.000
298263.000,11.000,36658.000,75.000,7200.000,0.000,0.000,0.000,0.000
298273.000,12.000,36670.000,75.000,7200.000,0.000,0.000,0.000,0.000
298283.000,12.000,36682.000,75.000,7200.000,0.000,0.000,0.000,0.000
298293.000,13.000,36695.000,75.000,7200.000,0.000,0.000,0.000,0.000
298303.000,13.000,36708.000,75.000,7200.000,0.000,0.000,0.000,0.000
298313.000,13.000,36721.000,75.000,7200.000,0.000,0.000,0.000,0.000
298323.000,14.000,36735.000,75.000,7200.000,0.000,0.000,0.000,0.000
298333.000,15.000,36750.000,75.000,7200.000,0.000,0.000,0.000,0.000
298343.000,14.000,36764.000,75.000,7200.000,0.000,0.000,0.000,0.000
298353.000,15.000,36779.000,75.000,7200.000,0.000,0.000,0.000,0.000
298363.000,16.000,36795.000,75.000,7200.000,0.000,0.000,0.000,0.000
298373.000,16.000,36811.000,75.000,7200.000,0.000,0.000,0.000,0.000
298383.000,16.000,36827.000,75.000,7200.000,0.000,0.000,0.000,0.000
298393.000,17.000,36844.000,75.000,7200.000,0.000,0.000,0.000,0.000
298403.000,17.000,36861.000,75.000,7200.000,0.000,0.000,0.000,0.000
298413.000,17.000,36878.000,75.000,7200.000,0.000,0.000,0.000,0.000
298423.000,18.000,36896.000,75.000,7200.000,0.000,0.000,0.000,0.000
298433.000,18.000,36914.000,75.000,7200.000,0.000,0.000,0.000,0.000
298443.000,19.000,36933.000,75.000,7200.000,0.000,0.000,0.000,0.000
298453.000,19.000,36952.000,75.000,7200.000,0.000,0.000,0.000,0.000
298463.000,19.000,36971.000,75.000,7200.000,0.000,0.000,0.000,0.000
298473.000,19.000,36990.000,75.000,7200.000,0.000,0.000,0.000,0.000
298483.000,20.000,37010.000,75.000,7200.000,0.000,0.000,0.000,0.000
298493.000,20.000,37030.000,75.000,7200.000,0.000,0.000,0.000,0.000
298503.000,20.000,37050.000,75.000,7200.000,0.000,0.000,0.000,0.000
298513.000,21.000,37071.000,75.000,7200.000,0.000,0.000,0.000,0.000
298523.000,20.000,37091.000,75.000,7200.000,0.000,0.000,0.000,0.000
298533.000,22.000,37113.000,75.000,7200.000,0.000,0.000,0.000,0.000
298543.000,21.000,37134.000,75.000,7200.000,0.000,0.000,0.000,0.000
298553.000,22.000,37156.000,75.000,7200.000,0.000,0.000,0.000,0.000
298563.000,22.000,37178.000,75.000,7200.000,0.000,0.000,0.000,0.000
298573.000,22.000,37200.000,75.000,7200.000,0.000,0.000,0.000,0.000
298583.000,23.000,37223.000,75.000,7200.000,0.000,0.000,0.000,0.000
298593.000,23.000,37246.000,75.000,7200.000,0.000,0.000,0.000,0.000
298603.000,23.000,37269.000,75.000,7200.000,0.000,0.000,0.000,0.000
298613.000,23.000,37292.000,75.000,7200.000,0.000,0.000,0.000,0.000
298623.000,24.000,37316.000,75.000,7200.000,0.000,0.000,0.000,0.000
298633.000,24.000,37340.000,75.000,7200.000,0.000,0.000,0.000,0.000
298643.000,25.000,37365.000,75.000,7200.000,0.000,0.000,0.000,0.000
298653.000,24.000,37389.000,75.000,7200.000,0.000,0.000,0.000,0.000
298663.000,25.000,37414.000,75.000,7200.000,0.000,0.000,0.000,0.000
298673.000,26.000,37440.000,75.000,7200.000,0.000,0.000,0.000,0.000
298683.000,26.000,37466.000,75.000,7200.000,0.000,0.000,0.000,0.000
298693.000,25.000,37491.000,75.000,7200.000,0.000,0.000,0.000,0.000
298703.000,27.000,37518.000,75.000,7200.000,0.000,0.000,0.000,0.000
298713.000,26.000,37544.000,75.000,7200.000,0.000,0.000,0.000,0.000
298723.000,27.000,37571.000,75.000,7200.000,0.000,0.000,0.000,0.000
298733.000,27.000,37598.000,75.000,7200.000,0.000,0.000,0.000,0.000
298743.000,26.000,37624.000,75.000,7200.000,0.000,0.000,0.000,0.000
298753.000,28.000,37652.000,75.000,7200.000,0.000,0.000,0.000,0.000
298763.000,27.000,37679.000,75.000,7200.000,0.000,0.000,0.000,0.000
298773.000,28.000,37707.000,75.000,7200.000,0.000,0.000,0.000,0.000
298783.000,24.000,37731.000,75.000,7200.000,0.000,0.000,0.000,0.000
298793.000,27.000,37758.000,75.000,7200.000,0.000,0.000,0.000,0.000
298803.000,29.000,37787.000,75.000,7200.000,0.000,0.000,0.000,0.000
298813.000,28.000,37815.000,75.000,7200.000,0.000,0.000,0.000,0.000
298823.000,29.000,37844.000,75.000,7200.000,0.000,0.000,0.000,0.000
298833.000,28.000,37872.000,75.000,7200.000,0.000,0.000,0.000,0.000
298843.000,28.000,37900.000,75.000,7200.000,0.000,0.000,0.000,0.000
298853.000,26.000,37926.000,75.000,7200.000,0.000,0.000,0.000,0.000
298863.000,29.000,37955.000,75.000,7200.000,0.000,0.000,0.000,0.000
298873.000,22.000,37977.000,75.000,7200.000,0.000,0.000,0.000,0.000
298883.000,30.000,38007.000,75.000,7200.000,0.000,0.000,0.000,0.000
298893.000,29.000,38036.000,75.000,7200.000,0.000,0.000,0.000,0.000
298903.000,26.000,38062.000,75.000,7200.000,0.000,0.000,0.000,0.000
298913.000,30.000,38092.000,75.000,7200.000,0.000,0.000,0.000,0.000
298923.000,30.000,38122.000,75.000,7200.000,0.000,0.000,0.000,0.000
298933.000,30.000,38152.000,75.000,7200.000,0.000,0.000,0.000,0.000
298943.000,31.000,38183.000,75.000,7200.000,0.000,0.000,0.000,0.000
298953.000,31.000,38214.000,75.000,7200.000,0.000,0.000,0.000,0.000
298963.000,27.000,38241.000,75.000,7200.000,0.000,0.000,0.000,0.000
298973.000,27.000,38268.000,75.000,7200.000,0.000,0.000,0.000,0.000
298983.000,23.000,38291.000,75.000,7200.000,0.000,0.000,0.000,0.000
298993.000,28.000,38319.000,75.000,7200.000,0.000,0.000,0.000,0.000
299003.000,31.000,38350.000,75.000,7200.000,0.000,0.000,0.000,0.000
299013.000,24.000,38374.000,75.000,7200.000,0.000,0.000,0.000,0.000
299023.000,24.000,38398.000,75.000,7200.000,0.000,0.000,0.000,0.000
299033.000,32.000,38430.000,75.000,7200.000,0.000,0.000,0.000,0.000
299043.000,32.000,38462.000,75.000,7200.000,0.000,0.000,0.000,0.000
299053.000,28.000,38490.000,75.000,7200.000,0.000,0.000,0.000,0.000
299063.000,28.000,38518.000,75.000,7200.000,0.000,0.000,0.000,0.000
299073.000,29.000,38547.000,75.000,7200.000,0.000,0.000,0.000,0.000
299083.000,24.000,38571.000,75.000,7200.000,0.000,0.000,0.000,0.000
299093.000,33.000,38604.000,75.000,7200.000,0.000,0.000,0.000,0.000
299103.000,28.000,38632.000,75.000,7200.000,0.000,0.000,0.000,0.000
299113.000,26.000,38658.000,75.000,7200.000,0.000,0.000,0.000,0.000
299123.000,29.000,38687.000,75.000,7200.000,0.000,0.000,0.000,0.000
299133.000,25.000,38712.000,75.000,7200.000,0.000,0.000,0.000,0.000
299143.000,20.000,38732.000,75.000,7200.000,0.000,0.000,0.000,0.000
299153.000,30.000,38762.000,75.000,7200.000,0.000,0.000,0.000,0.000
299163.000,30.000,38792.000,75.000,7200.000,0.000,0.000,0.000,0.000
299173.000,29.000,38821.000,75.000,7200.000,0.000,0.000,0.000,0.000
299183.000,22.000,38843.000,75.000,7200.000,0.000,0.000,0.000,0.000
299193.000,29.000,38872.000,75.000,7200.000,0.000,0.000,0.000,0.000
299203.000,26.000,38898.000,75.000,7200.000,0.000,0.000,0.000,0.000
299213.000,18.000,38916.000,75.000,7200.000,0.000,0.000,0.000,0.000
299223.000,22.000,38938.000,75.000,7200.000,0.000,0.000,0.000,0.000
299233.000,26.000,38964.000,75.000,7200.000,0.000,0.000,0.000,0.000
299243.000,23.000,38987.000,75.000,7200.000,0.000,0.000,0.000,0.000
299253.000,33.000,39020.000,75.000,7200.000,0.000,0.000,0.000,0.000
299263.000,28.000,39048.000,75.000,7200.000,0.000,0.000,0.000,0.000
299273.000,22.000,39070.000,75.000,7200.000,0.000,0.000,0.000,0.000
299283.000,19.000,39089.000,75.000,7200.000,0.000,0.000,0.000,0.000
299293.000,23.000,39112.000,75.000,7200.000,0.000,0.000,0.000,0.000
299303.000,31.000,39143.000,75.000,7200.000,0.000,0.000,0.000,0.000
299313.000,15.000,39158.000,75.000,7200.000,0.000,0.000,0.000,0.000
299323.000,22.000,39180.000,75.000,7200.000,0.000,0.000,0.000,0.000
299333.000,28.000,39208.000,75.000,7200.000,0.000,0.000,0.000,0.000
299343.000,23.000,39231.000,75.000,7200.000,0.000,0.000,0.000,0.000
299353.000,20.000,39251.000,75.000,7200.000,0.000,0.000,0.000,0.000
299363.000,24.000,39275.000,75.000,7200.000,0.000,0.000,0.000,0.000
299373.000,27.000,39302.000,75.000,7200.000,0.000,0.000,0.000,0.000
299383.000,23.000,39325.000,75.000,7200.000,0.000,0.000,0.000,0.000
299393.000,23.000,39348.000,75.000,7200.000,0.000,0.000,0.000,0.000
299403.000,28.000,39376.000,75.000,7200.000,0.000,0.000,0.000,0.000
299413.000,28.000,39404.000,75.000,7200.000,0.000,0.000,0.000,0.000
299423.000,24.000,39428.000,75.000,7200.000,0.000,0.000,0.000,0.000
299433.000,19.000,39447.000,75.000,7200.000,0.000,0.000,0.000,0.000
299443.000,33.000,39480.000,75.000,7200.000,0.000,0.000,0.000,0.000
299453.000,28.000,39508.000,75.000,7200.000,0.000,0.000,0.000,0.000
299463.000,20.000,39528.000,75.000,7200.000,0.000,0.000,0.000,0.000
299473.000,15.000,39543.000,75.000,7200.000,0.000,0.000,0.000,0.000
299483.000,25.000,39568.000,75.000,7200.000,0.000,0.000,0.000,0.000
299493.000,16.000,39584.000,75.000,7200.000,0.000,0.000,0.000,0.000
299503.000,20.000,39604.000,75.000,7200.000,0.000,0.000,0.000,0.000
299513.000,24.000,39628.000,75.000,7200.000,0.000,0.000,0.000,0.000
299523.000,16.000,39644.000,75.000,7200.000,0.000,0.000,0.000,0.000
299533.000,19.000,39663.000,75.000,7200.000,0.000,0.000,0.000,0.000
299543.000,23.000,39686.000,75.000,7200.000,0.000,0.000,0.000,0.000
299553.000,29.000,39715.000,75.000,7200.000,0.000,0.000,0.000,0.000
299563.000,28.000,39743.000,75.000,7200.000,0.000,0.000,0.000,0.000
299573.000,25.000,39768.000,75.000,7200.000,0.000,0.000,0.000,0.000
299583.000,20.000,39788.000,75.000,7200.000,0.000,0.000,0.000,0.000
299593.000,10.000,39798.000,75.000,7200.000,0.000,0.000,0.000,0.000
299603.000,25.000,39823.000,75.000,7200.000,0.000,0.000,0.000,0.000
299613.000,20.000,39843.000,75.000,7200.000,0.000,0.000,0.000,0.000
299623.000,25.000,39868.000,75.000,7200.000,0.000,0.000,0.000,0.000
299633.000,22.000,39890.000,75.000,7200.000,0.000,0.000,0.000,0.000
299643.000,17.000,39907.000,75.000,7200.000,0.000,0.000,0.000,0.000
299653.000,16.000,39923.000,75.000,7200.000,0.000,0.000,0.000,0.000
299663.000,21.000,39944.000,75.000,7200.000,0.000,0.000,0.000,0.000
299673.000,22.000,39966.000,75.000,7200.000,0.000,0.000,0.000,0.000
299683.000,17.000,39983.000,75.000,7200.000,0.000,0.000,0.000,0.000
299693.000,25.000,40008.000,75.000,7200.000,0.000,0.000,0.000,0.000
299703.000,14.000,40022.000,75.000,7200.000,0.000,0.000,0.000,0.000
299713.000,22.000,40044.000,75.000,7200.000,0.000,0.000,0.000,0.000
299723.000,20.000,40064.000,75.000,7200.000,0.000,0.000,0.000,0.000
299733.000,14.000,40078.000,75.000,7200.000,0.000,0.000,0.000,0.000
299743.000,26.000,40104.000,75.000,7200.000,0.000,0.000,0.000,0.000
299753.000,16.000,40120.000,75.000,7200.000,0.000,0.000,0.000,0.000
299763.000,19.000,40139.000,75.000,7200.000,0.000,0.000,0.000,0.000
299773.000,17.000,40156.000,75.000,7200.000,0.000,0.000,0.000,0.000
299783.000,14.000,40170.000,75.000,7200.000,0.000,0.000,0.000,0.000
299793.000,22.000,40192.000,75.000,7200.000,0.000,0.000,0.000,0.000
299803.000,26.000,40218.000,75.000,7200.000,0.000,0.000,0.000,0.000
299813.000,17.000,40235.000,75.000,7200.000,0.000,0.000,0.000,0.000
299823.000,21.000,40256.000,75.000,7200.000,0.000,0.000,0.000,0.000
299833.000,19.000,40275.000,75.000,7200.000,0.000,0.000,0.000,0.000
299843.000,25.000,40300.000,75.000,7200.000,0.000,0.000,0.000,0.000
299853.000,23.000,40323.000,75.000,7200.000,0.000,0.000,0.000,0.000
299863.000,18.000,40341.000,75.000,7200.000,0.000,0.000,0.000,0.000
299873.000,22.000,40363.000,75.000,7200.000,0.000,0.000,0.000,0.000
299883.000,20.000,40383.000,75.000,7200.000,0.000,0.000,0.000,0.000
299893.000,13.000,40396.000,75.000,7200.000,0.000,0.000,0.000,0.000
299903.000,22.000,40418.000,75.000,7200.000,0.000,0.000,0.000,0.000
299913.000,14.000,40432.000,75.000,7200.000,0.000,0.000,0.000,0.000
299923.000,15.000,40447.000,75.000,7200.000,0.000,0.000,0.000,0.000
299933.000,24.000,40471.000,75.000,7200.000,0.000,0.000,0.000,0.000
299943.000,17.000,40488.000,75.000,7200.000,0.000,0.000,0.000,0.000
299953.000,11.000,40499.000,75.000,7200.000,0.000,0.000,0.000,0.000
299963.000,11.000,40510.000,75.000,7200.000,0.000,0.000,0.000,0.000
299973.000,9.000,40519.000,75.000,7200.000,0.000,0.000,0.000,0.000
299983.000,24.000,40543.000,75.000,7200.000,0.000,0.000,0.000,0.000
299993.000,25.000,40568.000,75.000,7200.000,0.000,0.000,0.000,0.000
300003.000,12.000,40580.000,75.000,7200.000,0.000,0.000,0.000,0.000
300013.000,11.000,40591.000,75.000,7200.000,0.000,0.000,0.000,0.000
300023.000,16.000,40607.000,75.000,7200.000,0.000,0.000,0.000,0.000
300033.000,21.000,40628.000,75.000,7200.000,0.000,0.000,0.000,0.000
300043.000,11.000,40639.000,75.000,7200.000,0.000,0.000,0.000,0.000
300053.000,15.000,40654.000,75.000,7200.000,0.000,0.000,0.000,0.000
300063.000,18.000,40672.000,75.000,7200.000,0.000,0.000,0.000,0.000
300073.000,15.000,40687.000,75.000,7200.000,0.000,0.000,0.000,0.000
300083.000,19.000,40706.000,75.000,7200.000,0.000,0.000,0.000,0.000
300093.000,10.000,40716.000,75.000,7200.000,0.000,0.000,0.000,0.000
300103.000,8.000,40724.000,75.000,7200.000,0.000,0.000,0.000,0.000
300113.000,27.000,40751.000,75.000,7200.000,0.000,0.000,0.000,0.000
300123.000,15.000,40766.000,75.000,7200.000,0.000,0.000,0.000,0.000
300133.000,14.000,40780.000,75.000,7200.000,0.000,0.000,0.000,0.000
300143.000,11.000,40791.000,75.000,7200.000,0.000,0.000,0.000,0.000
300153.000,20.000,40811.000,75.000,7200.000,0.000,0.000,0.000,0.000
300163.000,23.000,40834.000,75.000,7200.000,0.000,0.000,0.000,0.000
300173.000,16.000,40850.000,75.000,7200.000,0.000,0.000,0.000,0.000
300183.000,18.000,40868.000,75.000,7200.000,0.000,0.000,0.000,0.000
300193.000,16.000,40884.000,75.000,7200.000,0.000,0.000,0.000,0.000
300203.000,16.000,40900.000,75.000,7200.000,0.000,0.000,0.000,0.000
300213.000,15.000,40915.000,75.000,7200.000,0.000,0.000,0.000,0.000
300223.000,20.000,40935.000,75.000,7200.000,0.000,0.000,0.000,0.000
300233.000,7.000,40942.000,75.000,7200.000,0.000,0.000,0.000,0.000
300243.000,8.000,40950.000,75.000,7200.000,0.000,0.000,0.000,0.000
300253.000,17.000,40967.000,75.000,7200.000,0.000,0.000,0.000,0.000
300263.000,21.000,40988.000,75.000,7200.000,0.000,0.000,0.000,0.000
300273.000,16.000,41004.000,75.000,7200.000,0.000,0.000,0.000,0.000
300283.000,20.000,41024.000,75.000,7200.000,0.000,0.000,0.000,0.000
300293.000,16.000,41040.000,75.000,7200.000,0.000,0.000,0.000,0.000
300303.000,11.000,41051.000,75.000,7200.000,0.000,0.000,0.000,0.000
300313.000,12.000,41063.000,75.000,7200.000,0.000,0.000,0.000,0.000
300323.000,20.000,41083.000,75.000,7200.000,0.000,0.000,0.000,0.000
300333.000,15.000,41098.000,75.000,7200.000,0.000,0.000,0.000,0.000
300343.000,12.000,41110.000,75.000,7200.000,0.000,0.000,0.000,0.000
300353.000,12.000,41122.000,75.000,7200.000,0.000,0.000,0.000,0.000
300363.000,16.000,41138.000,75.000,7200.000,0.000,0.000,0.000,0.000
300373.000,10.000,41148.000,75.000,7200.000,0.000,0.000,0.000,0.000
300383.000,16.000,41164.000,75.000,7200.000,0.000,0.000,0.000,0.000
300393.000,20.000,41184.000,75.000,7200.000,0.000,0.000,0.000,0.000
300403.000,16.000,41200.000,75.000,7200.000,0.000,0.000,0.000,0.000
300413.000,7.000,41207.000,75.000,7200.000,0.000,0.000,0.000,0.000
300423.000,17.000,41224.000,75.000,7200.000,0.000,0.000,0.000,0.000
300433.000,19.000,41243.000,75.000,7200.000,0.000,0.000,0.000,0.000
300443.000,20.000,41263.000,75.000,7200.000,0.000,0.000,0.000,0.000
300453.000,24.000,41287.000,75.000,7200.000,0.000,0.000,0.000,0.000
300463.000,12.000,41299.000,75.000,7200.000,0.000,0.000,0.000,0.000
300473.000,12.000,41311.000,75.000,7200.000,0.000,0.000,0.000,0.000
300483.000,21.000,41332.000,75.000,7200.000,0.000,0.000,0.000,0.000
300493.000,12.000,41344.000,75.000,7200.000,0.000,0.000,0.000,0.000
300503.000,16.000,41360.000,75.000,7200.000,0.000,0.000,0.000,0.000
300513.000,16.000,41376.000,75.000,7200.000,0.000,0.000,0.000,0.000
300523.000,8.000,41384.000,75.000,7200.000,0.000,0.000,0.000,0.000
300533.000,8.000,41392.000,75.000,7200.000,0.000,0.000,0.000,0.000
300543.000,12.000,41404.000,75.000,7200.000,0.000,0.000,0.000,0.000
300553.000,13.000,41417.000,75.000,7200.000,0.000,0.000,0.000,0.000
300563.000,19.000,41436.000,75.000,7200.000,0.000,0.000,0.000,0.000
300573.000,11.000,41447.000,75.000,7200.000,0.000,0.000,0.000,0.000
300583.000,7.000,41454.000,75.000,7200.000,0.000,0.000,0.000,0.000
300593.000,16.000,41470.000,75.000,7200.000,0.000,0.000,0.000,0.000
300603.000,16.000,41486.000,75.000,7200.000,0.000,0.000,0.000,0.000
300613.000,16.000,41502.000,75.000,7200.000,0.000,0.000,0.000,0.000
300623.000,13.000,41515.000,75.000,7200.000,0.000,0.000,0.000,0.000
300633.000,19.000,41534.000,75.000,7200.000,0.000,0.000,0.000,0.000
300643.000,9.000,41543.000,75.000,7200.000,0.000,0.000,0.000,0.000
300653.000,7.000,41550.000,75.000,7200.000,0.000,0.000,0.000,0.000
300663.000,21.000,41571.000,75.000,7200.000,0.000,0.000,0.000,0.000
300673.000,24.000,41595.000,75.000,7200.000,0.000,0.000,0.000,0.000
300683.000,12.000,41607.000,75.000,7200.000,0.000,0.000,0.000,0.000
300693.000,24.000,41631.000,75.000,7200.000,0.000,0.000,0.000,0.000
300703.000,16.000,41647.000,75.000,7200.000,0.000,0.000,0.000,0.000
300713.000,12.000,41659.000,75.000,7200.000,0.000,0.000,0.000,0.000
300723.000,16.000,41675.000,75.000,7200.000,0.000,0.000,0.000,0.000
300733.000,16.000,41691.000,75.000,7200.000,0.000,0.000,0.000,0.000
300743.000,17.000,41708.000,75.000,7200.000,0.000,0.000,0.000,0.000
300753.000,16.000,41724.000,75.000,7200.000,0.000,0.000,0.000,0.000
300763.000,16.000,41740.000,75.000,7200.000,0.000,0.000,0.000,0.000
300773.000,20.000,41760.000,75.000,7200.000,0.000,0.000,0.000,0.000
300783.000,12.000,41772.000,75.000,7200.000,0.000,0.000,0.000,0.000
300793.000,16.000,41788.000,75.000,7200.000,0.000,0.000,0.000,0.000
300803.000,11.000,41799.000,75.000,7200.000,0.000,0.000,0.000,0.000
300813.000,15.000,41814.000,75.000,7200.000,0.000,0.000,0.000,0.000
300823.000,16.000,41830.000,75.000,7200.000,0.000,0.000,0.000,0.000
300833.000,12.000,41842.000,75.000,7200.000,0.000,0.000,0.000,0.000
300843.000,9.000,41851.000,75.000,7200.000,0.000,0.000,0.000,0.000
300853.000,20.000,41871.000,75.000,7200.000,0.000,0.000,0.000,0.000
300863.000,8.000,41879.000,75.000,7200.000,0.000,0.000,0.000,0.000
300873.000,16.000,41895.000,75.000,7200.000,0.000,0.000,0.000,0.000
300883.000,12.000,41907.000,75.000,7200.000,0.000,0.000,0.000,0.000
300893.000,13.000,41920.000,75.000,7200.000,0.000,0.000,0.000,0.000
300903.000,15.000,41935.000,75.000,7200.000,0.000,0.000,0.000,0.000
300913.000,13.000,41948.000,75.000,7200.000,0.000,0.000,0.000,0.000
300923.000,12.000,41960.000,75.000,7200.000,0.000,0.000,0.000,0.000
300933.000,16.000,41976.000,75.000,7200.000,0.000,0.000,0.000,0.000
300943.000,16.000,41992.000,75.000,7200.000,0.000,0.000,0.000,0.000
300953.000,7.000,41999.000,75.000,7200.000,0.000,0.000,0.000,0.000
300963.000,8.000,42007.000,75.000,7200.000,0.000,0.000,0.000,0.000
300973.000,7.000,42014.000,75.000,7200.000,0.000,0.000,0.000,0.000
300983.000,16.000,42030.000,75.000,7200.000,0.000,0.000,0.000,0.000
300993.000,17.000,42047.000,75.000,7200.000,0.000,0.000,0.000,0.000
301003.000,16.000,42063.000,75.000,7200.000,0.000,0.000,0.000,0.000
301013.000,12.000,42075.000,75.000,7200.000,0.000,0.000,0.000,0.000
301023.000,12.000,42087.000,75.000,7200.000,0.000,0.000,0.000,0.000
301033.000,12.000,42099.000,75.000,7200.000,0.000,0.000,0.000,0.000
301043.000,12.000,42111.000,75.000,7200.000,0.000,0.000,0.000,0.000
301053.000,17.000,42128.000,75.000,7200.000,0.000,0.000,0.000,0.000
301063.000,12.000,42140.000,75.000,7200.000,0.000,0.000,0.000,0.000
301073.000,17.000,42157.000,75.000,7200.000,0.000,0.000,0.000,0.000
301083.000,9.000,42166.000,75.000,7200.000,0.000,0.000,0.000,0.000
301093.000,20.000,42186.000,75.000,7200.000,0.000,0.000,0.000,0.000
301103.000,13.000,42199.000,75.000,7200.000,0.000,0.000,0.000,0.000
301113.000,8.000,42207.000,75.000,7200.000,0.000,0.000,0.000,0.000
301123.000,8.000,42215.000,75.000,7200.000,0.000,0.000,0.000,0.000
301133.000,17.000,42232.000,75.000,7200.000,0.000,0.000,0.000,0.000
301143.000,12.000,42244.000,75.000,7200.000,0.000,0.000,0.000,0.000
301153.000,12.000,42256.000,75.000,7200.000,0.000,0.000,0.000,0.000
301163.000,24.000,42280.000,75.000,7200.000,0.000,0.000,0.000,0.000
301173.000,13.000,42293.000,75.000,7200.000,0.000,0.000,0.000,0.000
301183.000,10.000,42303.000,75.000,7200.000,0.000,0.000,0.000,0.000
301193.000,11.000,42314.000,75.000,7200.000,0.000,0.000,0.000,0.000
301203.000,8.000,42322.000,75.000,7200.000,0.000,0.000,0.000,0.000
301213.000,13.000,42335.000,75.000,7200.000,0.000,0.000,0.000,0.000
301223.000,12.000,42347.000,75.000,7200.000,0.000,0.000,0.000,0.000
301233.000,16.000,42363.000,75.000,7200.000,0.000,0.000,0.000,0.000
301243.000,9.000,42372.000,75.000,7200.000,0.000,0.000,0.000,0.000
301253.000,16.000,42388.000,75.000,7200.000,0.000,0.000,0.000,0.000
301263.000,12.000,42400.000,75.000,7200.000,0.000,0.000,0.000,0.000
301273.000,17.000,42417.000,75.000,7200.000,0.000,0.000,0.000,0.000
301283.000,11.000,42428.000,75.000,7200.000,0.000,0.000,0.000,0.000
301293.000,7.000,42435.000,75.000,7200.000,0.000,0.000,0.000,0.000
301303.000,8.000,42443.000,75.000,7200.000,0.000,0.000,0.000,0.000
301313.000,11.000,42454.000,75.000,7200.000,0.000,0.000,0.000,0.000
301323.000,13.000,42467.000,75.000,7200.000,0.000,0.000,0.000,0.000
301333.000,12.000,42479.000,75.000,7200.000,0.000,0.000,0.000,0.000
301343.000,16.000,42495.000,75.000,7200.000,0.000,0.000,0.000,0.000
301353.000,17.000,42512.000,75.000,7200.000,0.000,0.000,0.000,0.000
301363.000,16.000,42528.000,75.000,7200.000,0.000,0.000,0.000,0.000
301373.000,12.000,42540.000,75.000,7200.000,0.000,0.000,0.000,0.000
301383.000,15.000,42555.000,75.000,7200.000,0.000,0.000,0.000,0.000
301393.000,12.000,42567.000,75.000,7200.000,0.000,0.000,0.000,0.000
301403.000,4.000,42571.000,75.000,7200.000,0.000,0.000,0.000,0.000
301413.000,17.000,42588.000,75.000,7200.000,0.000,0.000,0.000,0.000
301423.000,16.000,42604.000,75.000,7200.000,0.000,0.000,0.000,0.000
301433.000,12.000,42616.000,75.000,7200.000,0.000,0.000,0.000,0.000
301443.000,15.000,42631.000,75.000,7200.000,0.000,0.000,0.000,0.000
301453.000,11.000,42642.000,75.000,7200.000,0.000,0.000,0.000,0.000
301463.000,12.000,42654.000,75.000,7200.000,0.000,0.000,0.000,0.000
301473.000,13.000,42667.000,75.000,7200.000,0.000,0.000,0.000,0.000
301483.000,12.000,42679.000,75.000,7200.000,0.000,0.000,0.000,0.000
301493.000,9.000,42688.000,75.000,7200.000,0.000,0.000,0.000,0.000
301503.000,8.000,42696.000,75.000,7200.000,0.000,0.000,0.000,0.000
301513.000,16.000,42712.000,75.000,7200.000,0.000,0.000,0.000,0.000
301523.000,10.000,42722.000,75.000,7200.000,0.000,0.000,0.000,0.000
301533.000,9.000,42731.000,75.000,7200.000,0.000,0.000,0.000,0.000
301543.000,16.000,42747.000,75.000,7200.000,0.000,0.000,0.000,0.000
301553.000,12.000,42759.000,75.000,7200.000,0.000,0.000,0.000,0.000
301563.000,13.000,42772.000,75.000,7200.000,0.000,0.000,0.000,0.000
301573.000,20.000,42792.000,75.000,7200.000,0.000,0.000,0.000,0.000
301583.000,16.000,42808.000,75.000,7200.000,0.000,0.000,0.000,0.000
301593.000,9.000,42817.000,75.000,7200.000,0.000,0.000,0.000,0.000
301603.000,14.000,42831.000,75.000,7200.000,0.000,0.000,0.000,0.000
301613.000,16.000,42847.000,75.000,7200.000,0.000,0.000,0.000,0.000
301623.000,8.000,42855.000,75.000,7200.000,0.000,0.000,0.000,0.000
301633.000,21.000,42876.000,75.000,7200.000,0.000,0.000,0.000,0.000
301643.000,16.000,42892.000,75.000,7200.000,0.000,0.000,0.000,0.000
301653.000,10.000,42902.000,75.000,7200.000,0.000,0.000,0.000,0.000
301663.000,12.000,42914.000,75.000,7200.000,0.000,0.000,0.000,0.000
301673.000,17.000,42931.000,75.000,7200.000,0.000,0.000,0.000,0.000
301683.000,13.000,42944.000,75.000,7200.000,0.000,0.000,0.000,0.000
301693.000,16.000,42960.000,75.000,7200.000,0.000,0.000,0.000,0.000
301703.000,15.000,42975.000,75.000,7200.000,0.000,0.000,0.000,0.000
301713.000,11.000,42986.000,75.000,7200.000,0.000,0.000,0.000,0.000
301723.000,17.000,43003.000,75.000,7200.000,0.000,0.000,0.000,0.000
301733.000,16.000,43019.000,75.000,7200.000,0.000,0.000,0.000,0.000
301743.000,17.000,43036.000,75.000,7200.000,0.000,0.000,0.000,0.000
301753.000,5.000,43041.000,75.000,7200.000,0.000,0.000,0.000,0.000
301763.000,18.000,43059.000,75.000,7200.000,0.000,0.000,0.000,0.000
301773.000,12.000,43071.000,75.000,7200.000,0.000,0.000,0.000,0.000
301783.000,8.000,43079.000,75.000,7200.000,0.000,0.000,0.000,0.000
301793.000,9.000,43088.000,75.000,7200.000,0.000,0.000,0.000,0.000
301803.000,16.000,43104.000,75.000,7200.000,0.000,0.000,0.000,0.000
301813.000,11.000,43115.000,75.000,7200.000,0.000,0.000,0.000,0.000
301823.000,8.000,43123.000,75.000,7200.000,0.000,0.000,0.000,0.000
301833.000,20.000,43143.000,75.000,7200.000,0.000,0.000,0.000,0.000
301843.000,17.000,43160.000,75.000,7200.000,0.000,0.000,0.000,0.000
301853.000,12.000,43172.000,75.000,7200.000,0.000,0.000,0.000,0.000
301863.000,8.000,43180.000,75.000,7200.000,0.000,0.000,0.000,0.000
301873.000,11.000,43191.000,75.000,7200.000,0.000,0.000,0.000,0.000
301883.000,19.000,43210.000,75.000,7200.000,0.000,0.000,0.000,0.000
301893.000,9.000,43219.000,75.000,7200.000,0.000,0.000,0.000,0.000
301903.000,15.000,43234.000,75.000,7200.000,0.000,0.000,0.000,0.000
301913.000,13.000,43247.000,75.000,7200.000,0.000,0.000,0.000,0.000
301923.000,13.000,43260.000,75.000,7200.000,0.000,0.000,0.000,0.000
301933.000,17.000,43277.000,75.000,7200.000,0.000,0.000,0.000,0.000
301943.000,17.000,43294.000,75.000,7200.000,0.000,0.000,0.000,0.000
301953.000,12.000,43306.000,75.000,7200.000,0.000,0.000,0.000,0.000
301963.000,17.000,43323.000,75.000,7200.000,0.000,0.000,0.000,0.000
301973.000,14.000,43337.000,75.000,7200.000,0.000,0.000,0.000,0.000
301983.000,13.000,43350.000,75.000,7200.000,0.000,0.000,0.000,0.000
301993.000,4.000,43354.000,75.000,7200.000,0.000,0.000,0.000,0.000
302003.000,13.000,43367.000,75.000,7200.000,0.000,0.000,0.000,0.000
302013.000,12.000,43379.000,75.000,7200.000,0.000,0.000,0.000,0.000
302023.000,11.000,43390.000,75.000,7200.000,0.000,0.000,0.000,0.000
302033.000,11.000,43401.000,75.000,7200.000,0.000,0.000,0.000,0.000
302043.000,12.000,43413.000,75.000,7200.000,0.000,0.000,0.000,0.000
302053.000,12.000,43425.000,75.000,7200.000,0.000,0.000,0.000,0.000
302063.000,0.000,43425.000,75.000,7200.000,0.000,0.000,0.000,0.000
302073.000,18.000,43443.000,75.000,7200.000,0.000,0.000,0.000,0.000
302083.000,9.000,43452.000,75.000,7200.000,0.000,0.000,0.000,0.000
302093.000,12.000,43464.000,75.000,7200.000,0.000,0.000,0.000,0.000
302103.000,17.000,43481.000,75.000,7200.000,0.000,0.000,0.000,0.000
302113.000,13.000,43494.000,75.000,7200.000,0.000,0.000,0.000,0.000
302123.000,9.000,43503.000,75.000,7200.000,0.000,0.000,0.000,0.000
302133.000,17.000,43520.000,75.000,7200.000,0.000,0.000,0.000,0.000
302143.000,8.000,43528.000,75.000,7200.000,0.000,0.000,0.000,0.000
302153.000,13.000,43541.000,75.000,7200.000,0.000,0.000,0.000,0.000
302163.000,16.000,43557.000,75.000,7200.000,0.000,0.000,0.000,0.000
302173.000,14.000,43571.000,75.000,7200.000,0.000,0.000,0.000,0.000
302183.000,13.000,43584.000,75.000,7200.000,0.000,0.000,0.000,0.000
302193.000,8.000,43592.000,75.000,7200.000,0.000,0.000,0.000,0.000
302203.000,17.000,43609.000,75.000,7200.000,0.000,0.000,0.000,0.000
302213.000,16.000,43625.000,75.000,7200.000,0.000,0.000,0.000,0.000
302223.000,19.000,43644.000,75.000,7200.000,0.000,0.000,0.000,0.000
302233.000,15.000,43659.000,75.000,7200.000,0.000,0.000,0.000,0.000
302243.000,17.000,43676.000,75.000,7200.000,0.000,0.000,0.000,0.000
302253.000,17.000,43693.000,75.000,7200.000,0.000,0.000,0.000,0.000
302263.000,12.000,43705.000,75.000,7200.000,0.000,0.000,0.000,0.000
302273.000,18.000,43723.000,75.000,7200.000,0.000,0.000,0.000,0.000
302283.000,21.000,43744.000,75.000,7200.000,0.000,0.000,0.000,0.000
302293.000,7.000,43751.000,75.000,7200.000,0.000,0.000,0.000,0.000
302303.000,13.000,43764.000,75.000,7200.000,0.000,0.000,0.000,0.000
302313.000,14.000,43778.000,75.000,7200.000,0.000,0.000,0.000,0.000
302323.000,12.000,43790.000,75.000,7200.000,0.000,0.000,0.000,0.000
302333.000,9.000,43799.000,75.000,7200.000,0.000,0.000,0.000,0.000
302343.000,12.000,43811.000,75.000,7200.000,0.000,0.000,0.000,0.000
302353.000,13.000,43824.000,75.000,7200.000,0.000,0.000,0.000,0.000
302363.000,12.000,43836.000,75.000,7200.000,0.000,0.000,0.000,0.000
302373.000,14.000,43850.000,75.000,7200.000,0.000,0.000,0.000,0.000
302383.000,13.000,43863.000,75.000,7200.000,0.000,0.000,0.000,0.000
302393.000,13.000,43876.000,75.000,7200.000,0.000,0.000,0.000,0.000
302403.000,12.000,43888.000,75.000,7200.000,0.000,0.000,0.000,0.000
302413.000,11.000,43899.000,75.000,7200.000,0.000,0.000,0.000,0.000
302423.000,8.000,43907.000,75.000,7200.000,0.000,0.000,0.000,0.000
302433.000,16.000,43923.000,75.000,7200.000,0.000,0.000,0.000,0.000
302443.000,13.000,43936.000,75.000,7200.000,0.000,0.000,0.000,0.000
302453.000,16.000,43952.000,75.000,7200.000,0.000,0.000,0.000,0.000
302463.000,12.000,43964.000,75.000,7200.000,0.000,0.000,0.000,0.000
302473.000,10.000,43974.000,75.000,7200.000,0.000,0.000,0.000,0.000
302483.000,17.000,43991.000,75.000,7200.000,0.000,0.000,0.000,0.000
302493.000,8.000,43999.000,75.000,7200.000,0.000,0.000,0.000,0.000
302503.000,17.000,44016.000,75.000,7200.000,0.000,0.000,0.000,0.000
302513.000,8.000,44024.000,75.000,7200.000,0.000,0.000,0.000,0.000
302523.000,14.000,44038.000,75.000,7200.000,0.000,0.000,0.000,0.000
302533.000,12.000,44050.000,75.000,7200.000,0.000,0.000,0.000,0.000
302543.000,17.000,44067.000,75.000,7200.000,0.000,0.000,0.000,0.000
302553.000,5.000,44072.000,75.000,7200.000,0.000,0.000,0.000,0.000
302563.000,12.000,44084.000,75.000,7200.000,0.000,0.000,0.000,0.000
302573.000,6.000,44090.000,75.000,7200.000,0.000,0.000,0.000,0.000
302583.000,9.000,44099.000,75.000,7200.000,0.000,0.000,0.000,0.000
302593.000,13.000,44112.000,75.000,7200.000,0.000,0.000,0.000,0.000
302603.000,12.000,44124.000,75.000,7200.000,0.000,0.000,0.000,0.000
302613.000,22.000,44146.000,75.000,7200.000,0.000,0.000,0.000,0.000
302623.000,13.000,44159.000,75.000,7200.000,0.000,0.000,0.000,0.000
302633.000,17.000,44176.000,75.000,7200.000,0.000,0.000,0.000,0.000
302643.000,16.000,44192.000,75.000,7200.000,0.000,0.000,0.000,0.000
302653.000,10.000,44202.000,75.000,7200.000,0.000,0.000,0.000,0.000
302663.000,9.000,44211.000,75.000,7200.000,0.000,0.000,0.000,0.000
302673.000,8.000,44219.000,75.000,7200.000,0.000,0.000,0.000,0.000
302683.000,13.000,44232.000,75.000,7200.000,0.000,0.000,0.000,0.000
302693.000,8.000,44240.000,75.000,7200.000,0.000,0.000,0.000,0.000
302703.000,15.000,44255.000,75.000,7200.000,0.000,0.000,0.000,0.000
302713.000,8.000,44263.000,75.000,7200.000,0.000,0.000,0.000,0.000
302723.000,8.000,44271.000,75.000,7200.000,0.000,0.000,0.000,0.000
302733.000,13.000,44284.000,75.000,7200.000,0.000,0.000,0.000,0.000
302743.000,11.000,44295.000,75.000,7200.000,0.000,0.000,0.000,0.000
302753.000,11.000,44306.000,75.000,7200.000,0.000,0.000,0.000,0.000
302763.000,13.000,44319.000,75.000,7200.000,0.000,0.000,0.000,0.000
302773.000,17.000,44336.000,75.000,7200.000,0.000,0.000,0.000,0.000
302783.000,8.000,44344.000,75.000,7200.000,0.000,0.000,0.000,0.000
302793.000,14.000,44358.000,75.000,7200.000,0.000,0.000,0.000,0.000
302803.000,5.000,44363.000,75.000,7200.000,0.000,0.000,0.000,0.000
302813.000,12.000,44375.000,75.000,7200.000,0.000,0.000,0.000,0.000
302823.000,9.000,44384.000,75.000,7200.000,0.000,0.000,0.000,0.000
302833.000,12.000,44396.000,75.000,7200.000,0.000,0.000,0.000,0.000
302843.000,11.000,44407.000,75.000,7200.000,0.000,0.000,0.000,0.000
302853.000,9.000,44416.000,75.000,7200.000,0.000,0.000,0.000,0.000
302863.000,13.000,44429.000,75.000,7200.000,0.000,0.000,0.000,0.000
302873.000,14.000,44443.000,75.000,7200.000,0.000,0.000,0.000,0.000
302883.000,12.000,44455.000,75.000,7200.000,0.000,0.000,0.000,0.000
302893.000,9.000,44464.000,75.000,7200.000,0.000,0.000,0.000,0.000
302903.000,11.000,44475.000,75.000,7200.000,0.000,0.000,0.000,0.000
302913.000,12.000,44487.000,75.000,7200.000,0.000,0.000,0.000,0.000
302923.000,21.000,44508.000,75.000,7200.000,0.000,0.000,0.000,0.000
302933.000,9.000,44517.000,75.000,7200.000,0.000,0.000,0.000,0.000
302943.000,10.000,44527.000,75.000,7200.000,0.000,0.000,0.000,0.000
302953.000,8.000,44535.000,75.000,7200.000,0.000,0.000,0.000,0.000
302963.000,17.000,44552.000,75.000,7200.000,0.000,0.000,0.000,0.000
302973.000,18.000,44570.000,75.000,7200.000,0.000,0.000,0.000,0.000
302983.000,13.000,44583.000,75.000,7200.000,0.000,0.000,0.000,0.000
302993.000,9.000,44592.000,75.000,7200.000,0.000,0.000,0.000,0.000
303003.000,9.000,44601.000,75.000,7200.000,0.000,0.000,0.000,0.000
303013.000,18.000,44619.000,75.000,7200.000,0.000,0.000,0.000,0.000
303023.000,12.000,44631.000,75.000,7200.000,0.000,0.000,0.000,0.000
303033.000,9.000,44640.000,75.000,7200.000,0.000,0.000,0.000,0.000
303043.000,20.000,44660.000,75.000,7200.000,0.000,0.000,0.000,0.000
303053.000,10.000,44670.000,75.000,7200.000,0.000,0.000,0.000,0.000
303063.000,13.000,44683.000,75.000,7200.000,0.000,0.000,0.000,0.000
303073.000,8.000,44691.000,75.000,7200.000,0.000,0.000,0.000,0.000
303083.000,13.000,44704.000,75.000,7200.000,0.000,0.000,0.000,0.000
303093.000,11.000,44715.000,75.000,7200.000,0.000,0.000,0.000,0.000
303103.000,8.000,44723.000,75.000,7200.000,0.000,0.000,0.000,0.000
303113.000,20.000,44743.000,75.000,7200.000,0.000,0.000,0.000,0.000
303123.000,21.000,44764.000,75.000,7200.000,0.000,0.000,0.000,0.000
303133.000,11.000,44775.000,75.000,7200.000,0.000,0.000,0.000,0.000
303143.000,4.000,44779.000,75.000,7200.000,0.000,0.000,0.000,0.000
303153.000,13.000,44792.000,75.000,7200.000,0.000,0.000,0.000,0.000
303163.000,12.000,44804.000,75.000,7200.000,0.000,0.000,0.000,0.000
303173.000,11.000,44815.000,75.000,7200.000,0.000,0.000,0.000,0.000
303183.000,16.000,44831.000,75.000,7200.000,0.000,0.000,0.000,0.000
303193.000,17.000,44848.000,75.000,7200.000,0.000,0.000,0.000,0.000
303203.000,12.000,44860.000,75.000,7200.000,0.000,0.000,0.000,0.000
303213.000,2.000,44862.000,75.000,7200.000,0.000,0.000,0.000,0.000
303223.000,13.000,44875.000,75.000,7200.000,0.000,0.000,0.000,0.000
303233.000,9.000,44884.000,75.000,7200.000,0.000,0.000,0.000,0.000
303243.000,8.000,44892.000,75.000,7200.000,0.000,0.000,0.000,0.000
303253.000,18.000,44910.000,75.000,7200.000,0.000,0.000,0.000,0.000
303263.000,9.000,44919.000,75.000,7200.000,0.000,0.000,0.000,0.000
303273.000,9.000,44928.000,75.000,7200.000,0.000,0.000,0.000,0.000
303283.000,8.000,44936.000,75.000,7200.000,0.000,0.000,0.000,0.000
303293.000,10.000,44946.000,75.000,7200.000,0.000,0.000,0.000,0.000
303303.000,17.000,44963.000,75.000,7200.000,0.000,0.000,0.000,0.000
303313.000,9.000,44972.000,75.000,7200.000,0.000,0.000,0.000,0.000
303323.000,16.000,44988.000,75.000,7200.000,0.000,0.000,0.000,0.000
303333.000,14.000,45002.000,75.000,7200.000,0.000,0.000,0.000,0.000
303343.000,9.000,45011.000,75.000,7200.000,0.000,0.000,0.000,0.000
303353.000,16.000,45027.000,75.000,7200.000,0.000,0.000,0.000,0.000
303363.000,17.000,45044.000,75.000,7200.000,0.000,0.000,0.000,0.000
303373.000,18.000,45062.000,75.000,7200.000,0.000,0.000,0.000,0.000
303383.000,13.000,45075.000,75.000,7200.000,0.000,0.000,0.000,0.000
303393.000,16.000,45091.000,75.000,7200.000,0.000,0.000,0.000,0.000
303403.000,17.000,45108.000,75.000,7200.000,0.000,0.000,0.000,0.000
303413.000,22.000,45130.000,75.000,7200.000,0.000,0.000,0.000,0.000
303423.000,9.000,45139.000,75.000,7200.000,0.000,0.000,0.000,0.000
303433.000,8.000,45147.000,75.000,7200.000,0.000,0.000,0.000,0.000
303443.000,17.000,45164.000,75.000,7200.000,0.000,0.000,0.000,0.000
303453.000,7.000,45171.000,75.000,7200.000,0.000,0.000,0.000,0.000
303463.000,12.000,45183.000,75.000,7200.000,0.000,0.000,0.000,0.000
303473.000,9.000,45192.000,75.000,7200.000,0.000,0.000,0.000,0.000
303483.000,14.000,45206.000,75.000,7200.000,0.000,0.000,0.000,0.000
303493.000,17.000,45223.000,75.000,7200.000,0.000,0.000,0.000,0.000
303503.000,13.000,45236.000,75.000,7200.000,0.000,0.000,0.000,0.000
303513.000,8.000,45244.000,75.000,7200.000,0.000,0.000,0.000,0.000
303523.000,19.000,45263.000,75.000,7200.000,0.000,0.000,0.000,0.000
303533.000,8.000,45271.000,75.000,7200.000,0.000,0.000,0.000,0.000
303543.000,13.000,45284.000,75.000,7200.000,0.000,0.000,0.000,0.000
303553.000,11.000,45295.000,75.000,7200.000,0.000,0.000,0.000,0.000
303563.000,12.000,45307.000,75.000,7200.000,0.000,0.000,0.000,0.000
303573.000,16.000,45323.000,75.000,7200.000,0.000,0.000,0.000,0.000
303583.000,17.000,45340.000,75.000,7200.000,0.000,0.000,0.000,0.000
303593.000,11.000,45351.000,75.000,7200.000,0.000,0.000,0.000,0.000
303603.000,12.000,45363.000,75.000,7200.000,0.000,0.000,0.000,0.000
303613.000,12.000,45375.000,75.000,7200.000,0.000,0.000,0.000,0.000
303623.000,5.000,45380.000,75.000,7200.000,0.000,0.000,0.000,0.000
303633.000,14.000,45394.000,75.000,7200.000,0.000,0.000,0.000,0.000
303643.000,17.000,45411.000,75.000,7200.000,0.000,0.000,0.000,0.000
303653.000,8.000,45419.000,75.000,7200.000,0.000,0.000,0.000,0.000
303663.000,13.000,45432.000,75.000,7200.000,0.000,0.000,0.000,0.000
303673.000,7.000,45439.000,75.000,7200.000,0.000,0.000,0.000,0.000
303683.000,12.000,45451.000,75.000,7200.000,0.000,0.000,0.000,0.000
303693.000,8.000,45459.000,75.000,7200.000,0.000,0.000,0.000,0.000
303703.000,21.000,45480.000,75.000,7200.000,0.000,0.000,0.000,0.000
303713.000,23.000,45503.000,75.000,7200.000,0.000,0.000,0.000,0.000
303723.000,4.000,45507.000,75.000,7200.000,0.000,0.000,0.000,0.000
303733.000,16.000,45523.000,75.000,7200.000,0.000,0.000,0.000,0.000
303743.000,13.000,45536.000,75.000,7200.000,0.000,0.000,0.000,0.000
303753.000,8.000,45544.000,75.000,7200.000,0.000,0.000,0.000,0.000
303763.000,6.000,45550.000,75.000,7200.000,0.000,0.000,0.000,0.000
303773.000,13.000,45563.000,75.000,7200.000,0.000,0.000,0.000,0.000
303783.000,13.000,45576.000,75.000,7200.000,0.000,0.000,0.000,0.000
303793.000,8.000,45584.000,75.000,7200.000,0.000,0.000,0.000,0.000
303803.000,19.000,45603.000,75.000,7200.000,0.000,0.000,0.000,0.000
303813.000,7.000,45610.000,75.000,7200.000,0.000,0.000,0.000,0.000
303823.000,9.000,45619.000,75.000,7200.000,0.000,0.000,0.000,0.000
303833.000,13.000,45632.000,75.000,7200.000,0.000,0.000,0.000,0.000
303843.000,8.000,45640.000,75.000,7200.000,0.000,0.000,0.000,0.000
303853.000,10.000,45650.000,75.000,7200.000,0.000,0.000,0.000,0.000
303863.000,9.000,45659.000,75.000,7200.000,0.000,0.000,0.000,0.000
303873.000,8.000,45667.000,75.000,7200.000,0.000,0.000,0.000,0.000
303883.000,17.000,45684.000,75.000,7200.000,0.000,0.000,0.000,0.000
303893.000,9.000,45693.000,75.000,7200.000,0.000,0.000,0.000,0.000
303903.000,14.000,45707.000,75.000,7200.000,0.000,0.000,0.000,0.000
303913.000,12.000,45719.000,75.000,7200.000,0.000,0.000,0.000,0.000
303923.000,8.000,45727.000,75.000,7200.000,0.000,0.000,0.000,0.000
303933.000,13.000,45740.000,75.000,7200.000,0.000,0.000,0.000,0.000
303943.000,12.000,45752.000,75.000,7200.000,0.000,0.000,0.000,0.000
303953.000,10.000,45762.000,75.000,7200.000,0.000,0.000,0.000,0.000
303963.000,9.000,45771.000,75.000,7200.000,0.000,0.000,0.000,0.000
303973.000,12.000,45783.000,75.000,7200.000,0.000,0.000,0.000,0.000
303983.000,17.000,45800.000,75.000,7200.000,0.000,0.000,0.000,0.000
303993.000,8.000,45808.000,75.000,7200.000,0.000,0.000,0.000,0.000
304003.000,18.000,45826.000,75.000,7200.000,0.000,0.000,0.000,0.000
304013.000,1.000,45827.000,0.000,0.000,0.000,0.000,0.000,0.000
304023.000,1.000,45828.000,0.000,0.000,0.000,0.000,0.000,0.000
304033.000,0.000,45828.000,0.000,0.000,0.000,0.000,0.000,0.000
304043.000,0.000,45828.000,0.000,0.000,0.000,0.000,0.000,0.000
304053.000,0.000,45828.000,0.000,0.000,0.000,0.000,0.000,0.000
304063.000,0.000,45828.000,0.000,0.000,0.000,0.000,0.000,0.000
304073.000,-1.000,45827.000,0.000,0.000,0.000,0.000,0.000,0.000
304083.000,0.000,45827.000,0.000,0.000,0.000,0.000,0.000,0.000
304093.000,0.000,45827.000,0.000,0.000,0.000,0.000,0.000,0.000
304103.000,0.000,45827.000,0.000,0.000,0.000,0.000,0.000,0.000
304113.000,0.000,45827.000,0.000,0.000,0.000,0.000,0.000,0.000
304123.000,0.000,45827.000,0.000,0.000,0.000,0.000,0.000,0.000
304133.000,1.000,45828.000,0.000,0.000,0.000,0.000,0.000,0.000
304143.000,-1.000,45827.000,0.000,0.000,0.000,0.000,0.000,0.000
304153.000,0.000,45827.000,0.000,0.000,0.000,0.000,0.000,0.000
304163.000,1.000,45828.000,0.000,0.000,0.000,0.000,0.000,0.000
304173.000,0.000,45828.000,0.000,0.000,0.000,0.000,0.000,0.000
304183.000,0.000,45828.000,0.000,0.000,0.000,0.000,0.000,0.000
304193.000,0.000,45828.000,0.000,0.000,0.000,0.000,0.000,0.000
304203.000,0.000,45828.000,0.000,0.000,0.000,0.000,0.000,0.000
304213.000,0.000,45828.000,0.000,0.000,0.000,0.000,0.000,0.000
304223.000,0.000,45828.000,0.000,0.000,0.000,0.000,0.000,0.000
304233.000,0.000,45828.000,0.000,0.000,0.000,0.000,0.000,0.000
304243.000,0.000,45828.000,0.000,0.000,0.000,0.000,0.000,0.000
304253.000,0.000,45828.000,0.000,0.000,0.000,0.000,0.000,0.000
304263.000,0.000,45828.000,0.000,0.000,0.000,0.000,0.000,0.000
304273.000,0.000,45828.000,0.000,0.000,0.000,0.000,0.000,0.000
304283.000,0.000,45828.000,0.000,0.000,0.000,0.000,0.000,0.000
304293.000,0.000,45828.000,0.000,0.000,0.000,0.000,0.000,0.000
304303.000,0.000,45828.000,0.000,0.000,0.000,0.000,0.000,0.000
304313.000,0.000,45828.000,0.000,0.000,0.000,0.000,0.000,0.000
304323.000,0.000,45828.000,0.000,0.000,0.000,0.000,0.000,0.000
304333.000,0.000,45828.000,0.000,0.000,0.000,0.000,0.000,0.000
304343.000,0.000,45828.000,0.000,0.000,0.000,0.000,0.000,0.000
304353.000,0.000,45828.000,0.000,0.000,0.000,0.000,0.000,0.000
304363.000,0.000,45828.000,0.000,0.000,0.000,0.000,0.000,0.000
304373.000,0.000,45828.000,0.000,0.000,0.000,0.000,0.000,0.000
304383.000,0.000,45828.000,0.000,0.000,0.000,0.000,0.000,0.000
304393.000,0.000,45828.000,0.000,0.000,0.000,0.000,0.000,0.000
304403.000,0.000,45828.000,0.000,0.000,0.000,0.000,0.000,0.000
304413.000,0.000,45828.000,0.000,0.000,0.000,0.000,0.000,0.000
304423.000,0.000,45828.000,0.000,0.000,0.000,0.000,0.000,0.000
304433.000,0.000,45828.000,0.000,0.000,0.000,0.000,0.000,0.000
304443.000,0.000,45828.000,0.000,0.000,0.000,0.000,0.000,0.000
304453.000,0.000,45828.000,0.000,0.000,0.000,0.000,0.000,0.000
304463.000,0.000,45828.000,0.000,0.000,0.000,0.000,0.000,0.000
304473.000,0.000,45828.000,0.000,0.000,0.000,0.000,0.000,0.000
304483.000,0.000,45828.000,0.000,0.000,0.000,0.000,0.000,0.000
304493.000,0.000,45828.000,0.000,0.000,0.000,0.000,0.000,0.000
304503.000,0.000,45828.000,0.000,0.000,0.000,0.000,0.000,0.000
304513.000,0.000,45828.000,0.000,0.000,0.000,0.000,0.000,0.000
304523.000,0.000,45828.000,0.000,0.000,0.000,0.000,0.000,0.000
304533.000,0.000,45828.000,0.000,0.000,0.000,0.000,0.000,0.000
304543.000,0.000,45828.000,0.000,0.000,0.000,0.000,0.000,0.000
304553.000,0.000,45828.000,0.000,0.000,0.000,0.000,0.000,0.000
304563.000,0.000,45828.000,0.000,0.000,0.000,0.000,0.000,0.000
304573.000,0.000,45828.000,0.000,0.000,0.000,0.000,0.000,0.000
304583.000,0.000,45828.000,0.000,0.000,0.000,0.000,0.000,0.000
304593.000,0.000,45828.000,0.000,0.000,0.000,0.000,0.000,0.000
304603.000,0.000,45828.000,0.000,0.000,0.000,0.000,0.000,0.000
304613.000,0.000,45828.000,0.000,0.000,0.000,0.000,0.000,0.000
304623.000,0.000,45828.000,0.000,0.000,0.000,0.000,0.000,0.000
304633.000,0.000,45828.000,0.000,0.000,0.000,0.000,0.000,0.000
304643.000,0.000,45828.000,0.000,0.000,0.000,0.000,0.000,0.000
304653.000,0.000,45828.000,0.000,0.000,0.000,0.000,0.000,0.000
304663.000,0.000,45828.000,0.000,0.000,0.000,0.000,0.000,0.000
304673.000,0.000,45828.000,0.000,0.000,0.000,0.000,0.000,0.000
304683.000,0.000,45828.000,0.000,0.000,0.000,0.000,0.000,0.000
304693.000,0.000,45828.000,0.000,0.000,0.000,0.000,0.000,0.000
304703.000,0.000,45828.000,0.000,0.000,0.000,0.000,0.000,0.000
304713.000,0.000,45828.000,0.000,0.000,0.000,0.000,0.000,0.000
304723.000,0.000,45828.000,0.000,0.000,0.000,0.000,0.000,0.000
304733.000,0.000,45828.000,0.000,0.000,0.000,0.000,0.000,0.000
304743.000,0.000,45828.000,0.000,0.000,0.000,0.000,0.000,0.000
304753.000,0.000,45828.000,0.000,0.000,0.000,0.000,0.000,0.000
304763.000,0.000,45828.000,0.000,0.000,0.000,0.000,0.000,0.000
304773.000,0.000,45828.000,0.000,0.000,0.000,0.000,0.000,0.000
304783.000,0.000,45828.000,0.000,0.000,0.000,0.000,0.000,0.000
304793.000,0.000,45828.000,0.000,0.000,0.000,0.000,0.000,0.000
304803.000,0.000,45828.000,0.000,0.000,0.000,0.000,0.000,0.000
304813.000,0.000,45828.000,0.000,0.000,0.000,0.000,0.000,0.000
304823.000,0.000,45828.000,0.000,0.000,0.000,0.000,0.000,0.000
304833.000,0.000,45828.000,0.000,0.000,0.000,0.000,0.000,0.000
304843.000,0.000,45828.000,0.000,0.000,0.000,0.000,0.000,0.000
304853.000,0.000,45828.000,0.000,0.000,0.000,0.000,0.000,0.000
304863.000,0.000,45828.000,0.000,0.000,0.000,0.000,0.000,0.000
304873.000,0.000,45828.000,0.000,0.000,0.000,0.000,0.000,0.000
304883.000,0.000,45828.000,0.000,0.000,0.000,0.000,0.000,0.000
304893.000,0.000,45828.000,0.000,0.000,0.000,0.000,0.000,0.000
304903.000,0.000,45828.000,0.000,0.000,0.000,0.000,0.000,0.000
304913.000,0.000,45828.000,0.000,0.000,0.000,0.000,0.000,0.000
304923.000,0.000,45828.000,0.000,0.000,0.000,0.000,0.000,0.000
304933.000,0.000,45828.000,0.000,0.000,0.000,0.000,0.000,0.000
304943.000,0.000,45828.000,0.000,0.000,0.000,0.000,0.000,0.000
304953.000,0.000,45828.000,0.000,0.000,0.000,0.000,0.000,0.000
304963.000,0.000,45828.000,0.000,0.000,0.000,0.000,0.000,0.000
304973.000,0.000,45828.000,0.000,0.000,0.000,0.000,0.000,0.000
304983.000,0.000,45828.000,0.000,0.000,0.000,0.000,0.000,0.000
304993.000,0.000,45828.000,0.000,0.000,0.000,0.000,0.000,0.000
305003.000,0.000,45828.000,0.000,0.000,0.000,0.000,0.000,0.000
305013.000,0.000,45828.000,0.000,0.000,0.000,0.000,0.000,0.000
305023.000,0.000,45828.000,0.000,0.000,0.000,0.000,0.000,0.000
305033.000,0.000,45828.000,0.000,0.000,0.000,0.000,0.000,0.000
305043.000,0.000,45828.000,0.000,0.000,0.000,0.000,0.000,0.000
305053.000,0.000,45828.000,0.000,0.000,0.000,0.000,0.000,0.000
305063.000,0.000,45828.000,0.000,0.000,0.000,0.000,0.000,0.000
305073.000,0.000,45828.000,0.000,0.000,0.000,0.000,0.000,0.000
305083.000,0.000,45828.000,0.000,0.000,0.000,0.000,0.000,0.000
305093.000,0.000,45828.000,0.000,0.000,0.000,0.000,0.000,0.000
305103.000,0.000,45828.000,0.000,0.000,0.000,0.000,0.000,0.000
305113.000,0.000,45828.000,0.000,0.000,0.000,0.000,0.000,0.000
305123.000,0.000,45828.000,0.000,0.000,0.000,0.000,0.000,0.000
305133.000,0.000,45828.000,0.000,0.000,0.000,0.000,0.000,0.000
305143.000,0.000,45828.000,0.000,0.000,0.000,0.000,0.000,0.000
305153.000,0.000,45828.000,0.000,0.000,0.000,0.000,0.000,0.000
305163.000,0.000,45828.000,0.000,0.000,0.000,0.000,0.000,0.000
305173.000,0.000,45828.000,0.000,0.000,0.000,0.000,0.000,0.000
305183.000,0.000,45828.000,0.000,0.000,0.000,0.000,0.000,0.000
305193.000,0.000,45828.000,0.000,0.000,0.000,0.000,0.000,0.000
305203.000,0.000,45828.000,0.000,0.000,0.000,0.000,0.000,0.000
305213.000,0.000,45828.000,0.000,0.000,0.000,0.000,0.000,0.000
305223.000,0.000,45828.000,0.000,0.000,0.000,0.000,0.000,0.000
305233.000,0.000,45828.000,0.000,0.000,0.000,0.000,0.000,0.000
305243.000,0.000,45828.000,0.000,0.000,0.000,0.000,0.000,0.000
305253.000,0.000,45828.000,0.000,0.000,0.000,0.000,0.000,0.000
305263.000,0.000,45828.000,0.000,0.000,0.000,0.000,0.000,0.000
305273.000,0.000,45828.000,0.000,0.000,0.000,0.000,0.000,0.000
305283.000,0.000,45828.000,0.000,0.000,0.000,0.000,0.000,0.000
305293.000,0.000,45828.000,0.000,0.000,0.000,0.000,0.000,0.000
305303.000,0.000,45828.000,0.000,0.000,0.000,0.000,0.000,0.000
305313.000,0.000,45828.000,0.000,0.000,0.000,0.000,0.000,0.000
305323.000,0.000,45828.000,0.000,0.000,0.000,0.000,0.000,0.000
305333.000,0.000,45828.000,0.000,0.000,0.000,0.000,0.000,0.000
305343.000,0.000,45828.000,0.000,0.000,0.000,0.000,0.000,0.000
305353.000,0.000,45828.000,0.000,0.000,0.000,0.000,0.000,0.000
305363.000,0.000,45828.000,0.000,0.000,0.000,0.000,0.000,0.000
305373.000,0.000,45828.000,0.000,0.000,0.000,0.000,0.000,0.000
305383.000,0.000,45828.000,0.000,0.000,0.000,0.000,0.000,0.000
305393.000,0.000,45828.000,0.000,0.000,0.000,0.000,0.000,0.000
305403.000,0.000,45828.000,0.000,0.000,0.000,0.000,0.000,0.000
305413.000,0.000,45828.000,0.000,0.000,0.000,0.000,0.000,0.000
305423.000,0.000,45828.000,0.000,0.000,0.000,0.000,0.000,0.000
305433.000,0.000,45828.000,0.000,0.000,0.000,0.000,0.000,0.000
305443.000,0.000,45828.000,0.000,0.000,0.000,0.000,0.000,0.000
305453.000,0.000,45828.000,0.000,0.000,0.000,0.000,0.000,0.000
305463.000,0.000,45828.000,0.000,0.000,0.000,0.000,0.000,0.000
305473.000,0.000,45828.000,0.000,0.000,0.000,0.000,0.000,0.000
305483.000,0.000,45828.000,0.000,0.000,0.000,0.000,0.000,0.000
305493.000,0.000,45828.000,0.000,0.000,0.000,0.000,0.000,0.000
305503.000,0.000,45828.000,0.000,0.000,0.000,0.000,0.000,0.000
305513.000,0.000,45828.000,0.000,0.000,0.000,0.000,0.000,0.000
305523.000,0.000,45828.000,0.000,0.000,0.000,0.000,0.000,0.000
305533.000,0.000,45828.000,0.000,0.000,0.000,0.000,0.000,0.000
305543.000,0.000,45828.000,0.000,0.000,0.000,0.000,0.000,0.000
305553.000,0.000,45828.000,0.000,0.000,0.000,0.000,0.000,0.000
305563.000,0.000,45828.000,0.000,0.000,0.000,0.000,0.000,0.000
305573.000,0.000,45828.000,0.000,0.000,0.000,0.000,0.000,0.000
305583.000,0.000,45828.000,0.000,0.000,0.000,0.000,0.000,0.000
305593.000,0.000,45828.000,0.000,0.000,0.000,0.000,0.000,0.000
305603.000,0.000,45828.000,0.000,0.000,0.000,0.000,0.000,0.000
305613.000,0.000,45828.000,0.000,0.000,0.000,0.000,0.000,0.000
305623.000,0.000,45828.000,0.000,0.000,0.000,0.000,0.000,0.000
305633.000,0.000,45828.000,0.000,0.000,0.000,0.000,0.000,0.000
305643.000,0.000,45828.000,0.000,0.000,0.000,0.000,0.000,0.000
305653.000,0.000,45828.000,0.000,0.000,0.000,0.000,0.000,0.000
305663.000,0.000,45828.000,0.000,0.000,0.000,0.000,0.000,0.000
305673.000,0.000,45828.000,0.000,0.000,0.000,0.000,0.000,0.000
305683.000,0.000,45828.000,0.000,0.000,0.000,0.000,0.000,0.000
305693.000,0.000,45828.000,0.000,0.000,0.000,0.000,0.000,0.000
305703.000,0.000,45828.000,0.000,0.000,0.000,0.000,0.000,0.000
305713.000,0.000,45828.000,0.000,0.000,0.000,0.000,0.000,0.000
305723.000,0.000,45828.000,0.000,0.000,0.000,0.000,0.000,0.000
305733.000,0.000,45828.000,0.000,0.000,0.000,0.000,0.000,0.000
305743.000,0.000,45828.000,0.000,0.000,0.000,0.000,0.000,0.000
305753.000,0.000,45828.000,0.000,0.000,0.000,0.000,0.000,0.000
305763.000,0.000,45828.000,0.000,0.000,0.000,0.000,0.000,0.000
305773.000,0.000,45828.000,0.000,0.000,0.000,0.000,0.000,0.000
305783.000,0.000,45828.000,0.000,0.000,0.000,0.000,0.000,0.000
305793.000,0.000,45828.000,0.000,0.000,0.000,0.000,0.000,0.000
305803.000,0.000,45828.000,0.000,0.000,0.000,0.000,0.000,0.000
305813.000,0.000,45828.000,0.000,0.000,0.000,0.000,0.000,0.000
305823.000,0.000,45828.000,0.000,0.000,0.000,0.000,0.000,0.000
305833.000,0.000,45828.000,0.000,0.000,0.000,0.000,0.000,0.000
305843.000,0.000,45828.000,0.000,0.000,0.000,0.000,0.000,0.000
305853.000,0.000,45828.000,0.000,0.000,0.000,0.000,0.000,0.000
305863.000,0.000,45828.000,0.000,0.000,0.000,0.000,0.000,0.000
305873.000,0.000,45828.000,0.000,0.000,0.000,0.000,0.000,0.000
305883.000,0.000,45828.000,0.000,0.000,0.000,0.000,0.000,0.000
305893.000,0.000,45828.000,0.000,0.000,0.000,0.000,0.000,0.000
305903.000,0.000,45828.000,0.000,0.000,0.000,0.000,0.000,0.000
305913.000,0.000,45828.000,0.000,0.000,0.000,0.000,0.000,0.000
305923.000,0.000,45828.000,0.000,0.000,0.000,0.000,0.000,0.000
305933.000,0.000,45828.000,0.000,0.000,0.000,0.000,0.000,0.000
305943.000,0.000,45828.000,0.000,0.000,0.000,0.000,0.000,0.000
305953.000,0.000,45828.000,0.000,0.000,0.000,0.000,0.000,0.000
305963.000,0.000,45828.000,0.000,0.000,0.000,0.000,0.000,0.000
305973.000,0.000,45828.000,0.000,0.000,0.000,0.000,0.000,0.000
305983.000,0.000,45828.000,0.000,0.000,0.000,0.000,0.000,0.000
305993.000,0.000,45828.000,0.000,0.000,0.000,0.000,0.000,0.000
306003.000,0.000,45828.000,0.000,0.000,0.000,0.000,0.000,0.000
306013.000,0.000,45828.000,0.000,0.000,0.000,0.000,0.000,0.000
306023.000,0.000,45828.000,0.000,0.000,0.000,0.000,0.000,0.000
306033.000,0.000,45828.000,0.000,0.000,0.000,0.000,0.000,0.000
306043.000,0.000,45828.000,0.000,0.000,0.000,0.000,0.000,0.000
306053.000,0.000,45828.000,0.000,0.000,0.000,0.000,0.000,0.000
306063.000,0.000,45828.000,0.000,0.000,0.000,0.000,0.000,0.000
306073.000,0.000,45828.000,0.000,0.000,0.000,0.000,0.000,0.000
306083.000,0.000,45828.000,0.000,0.000,0.000,0.000,0.000,0.000
306093.000,0.000,45828.000,0.000,0.000,0.000,0.000,0.000,0.000
306103.000,0.000,45828.000,0.000,0.000,0.000,0.000,0.000,0.000
306113.000,0.000,45828.000,0.000,0.000,0.000,0.000,0.000,0.000
306123.000,0.000,45828.000,0.000,0.000,0.000,0.000,0.000,0.000
306133.000,0.000,45828.000,0.000,0.000,0.000,0.000,0.000,0.000
306143.000,0.000,45828.000,0.000,0.000,0.000,0.000,0.000,0.000
306153.000,0.000,45828.000,0.000,0.000,0.000,0.000,0.000,0.000
306163.000,0.000,45828.000,0.000,0.000,0.000,0.000,0.000,0.000
306173.000,0.000,45828.000,0.000,0.000,0.000,0.000,0.000,0.000
306183.000,0.000,45828.000,0.000,0.000,0.000,0.000,0.000,0.000
306193.000,0.000,45828.000,0.000,0.000,0.000,0.000,0.000,0.000
306203.000,0.000,45828.000,0.000,0.000,0.000,0.000,0.000,0.000
306213.000,0.000,45828.000,0.000,0.000,0.000,0.000,0.000,0.000
306223.000,0.000,45828.000,0.000,0.000,0.000,0.000,0.000,0.000
306233.000,0.000,45828.000,0.000,0.000,0.000,0.000,0.000,0.000
306243.000,0.000,45828.000,0.000,0.000,0.000,0.000,0.000,0.000
306253.000,0.000,45828.000,0.000,0.000,0.000,0.000,0.000,0.000
306263.000,0.000,45828.000,0.000,0.000,0.000,0.000,0.000,0.000
306273.000,0.000,45828.000,0.000,0.000,0.000,0.000,0.000,0.000
306283.000,0.000,45828.000,0.000,0.000,0.000,0.000,0.000,0.000
306293.000,0.000,45828.000,0.000,0.000,0.000,0.000,0.000,0.000
306303.000,0.000,45828.000,0.000,0.000,0.000,0.000,0.000,0.000
306313.000,0.000,45828.000,0.000,0.000,0.000,0.000,0.000,0.000
306323.000,0.000,45828.000,0.000,0.000,0.000,0.000,0.000,0.000
306333.000,0.000,45828.000,0.000,0.000,0.000,0.000,0.000,0.000
306343.000,0.000,45828.000,0.000,0.000,0.000,0.000,0.000,0.000
306353.000,0.000,45828.000,0.000,0.000,0.000,0.000,0.000,0.000
306363.000,0.000,45828.000,0.000,0.000,0.000,0.000,0.000,0.000
306373.000,0.000,45828.000,0.000,0.000,0.000,0.000,0.000,0.000
306383.000,0.000,45828.000,0.000,0.000,0.000,0.000,0.000,0.000
306393.000,0.000,45828.000,0.000,0.000,0.000,0.000,0.000,0.000
306403.000,0.000,45828.000,0.000,0.000,0.000,0.000,0.000,0.000
306413.000,0.000,45828.000,0.000,0.000,0.000,0.000,0.000,0.000
306423.000,0.000,45828.000,0.000,0.000,0.000,0.000,0.000,0.000
306433.000,0.000,45828.000,0.000,0.000,0.000,0.000,0.000,0.000
306443.000,0.000,45828.000,0.000,0.000,0.000,0.000,0.000,0.000
306453.000,0.000,45828.000,0.000,0.000,0.000,0.000,0.000,0.000
306463.000,0.000,45828.000,0.000,0.000,0.000,0.000,0.000,0.000
306473.000,0.000,45828.000,0.000,0.000,0.000,0.000,0.000,0.000
306483.000,0.000,45828.000,0.000,0.000,0.000,0.000,0.000,0.000
306493.000,0.000,45828.000,0.000,0.000,0.000,0.000,0.000,0.000
306503.000,0.000,45828.000,0.000,0.000,0.000,0.000,0.000,0.000
306513.000,0.000,45828.000,0.000,0.000,0.000,0.000,0.000,0.000
306523.000,0.000,45828.000,0.000,0.000,0.000,0.000,0.000,0.000
306533.000,0.000,45828.000,0.000,0.000,0.000,0.000,0.000,0.000
306543.000,0.000,45828.000,0.000,0.000,0.000,0.000,0.000,0.000
306553.000,0.000,45828.000,0.000,0.000,0.000,0.000,0.000,0.000
306563.000,0.000,45828.000,0.000,0.000,0.000,0.000,0.000,0.000
306573.000,0.000,45828.000,0.000,0.000,0.000,0.000,0.000,0.000
306583.000,0.000,45828.000,0.000,0.000,0.000,0.000,0.000,0.000
306593.000,0.000,45828.000,0.000,0.000,0.000,0.000,0.000,0.000
306603.000,0.000,45828.000,0.000,0.000,0.000,0.000,0.000,0.000
306613.000,0.000,45828.000,0.000,0.000,0.000,0.000,0.000,0.000
306623.000,0.000,45828.000,0.000,0.000,0.000,0.000,0.000,0.000
306633.000,0.000,45828.000,0.000,0.000,0.000,0.000,0.000,0.000
306643.000,0.000,45828.000,0.000,0.000,0.000,0.000,0.000,0.000
306653.000,0.000,45828.000,0.000,0.000,0.000,0.000,0.000,0.000
306663.000,0.000,45828.000,0.000,0.000,0.000,0.000,0.000,0.000
306673.000,0.000,45828.000,0.000,0.000,0.000,0.000,0.000,0.000
306683.000,0.000,45828.000,0.000,0.000,0.000,0.000,0.000,0.000
306693.000,0.000,45828.000,0.000,0.000,0.000,0.000,0.000,0.000
306703.000,0.000,45828.000,0.000,0.000,0.000,0.000,0.000,0.000
306713.000,0.000,45828.000,0.000,0.000,0.000,0.000,0.000,0.000
306723.000,0.000,45828.000,0.000,0.000,0.000,0.000,0.000,0.000
306733.000,0.000,45828.000,0.000,0.000,0.000,0.000,0.000,0.000
306743.000,0.000,45828.000,0.000,0.000,0.000,0.000,0.000,0.000
306753.000,0.000,45828.000,0.000,0.000,0.000,0.000,0.000,0.000
306763.000,0.000,45828.000,0.000,0.000,0.000,0.000,0.000,0.000
306773.000,0.000,45828.000,0.000,0.000,0.000,0.000,0.000,0.000
306783.000,0.000,45828.000,0.000,0.000,0.000,0.000,0.000,0.000
306793.000,0.000,45828.000,0.000,0.000,0.000,0.000,0.000,0.000
306803.000,0.000,45828.000,0.000,0.000,0.000,0.000,0.000,0.000
306813.000,0.000,45828.000,0.000,0.000,0.000,0.000,0.000,0.000
306823.000,0.000,45828.000,0.000,0.000,0.000,0.000,0.000,0.000
306833.000,0.000,45828.000,0.000,0.000,0.000,0.000,0.000,0.000
306843.000,0.000,45828.000,0.000,0.000,0.000,0.000,0.000,0.000
306853.000,0.000,45828.000,0.000,0.000,0.000,0.000,0.000,0.000
306863.000,0.000,45828.000,0.000,0.000,0.000,0.000,0.000,0.000
306873.000,0.000,45828.000,0.000,0.000,0.000,0.000,0.000,0.000
306883.000,0.000,45828.000,0.000,0.000,0.000,0.000,0.000,0.000
306893.000,0.000,45828.000,0.000,0.000,0.000,0.000,0.000,0.000
306903.000,0.000,45828.000,0.000,0.000,0.000,0.000,0.000,0.000
306913.000,0.000,45828.000,0.000,0.000,0.000,0.000,0.000,0.000
306923.000,0.000,45828.000,0.000,0.000,0.000,0.000,0.000,0.000
306933.000,0.000,45828.000,0.000,0.000,0.000,0.000,0.000,0.000
306943.000,0.000,45828.000,0.000,0.000,0.000,0.000,0.000,0.000
306953.000,0.000,45828.000,0.000,0.000,0.000,0.000,0.000,0.000
306963.000,0.000,45828.000,0.000,0.000,0.000,0.000,0.000,0.000
306973.000,0.000,45828.000,0.000,0.000,0.000,0.000,0.000,0.000
306983.000,0.000,45828.000,0.000,0.000,0.000,0.000,0.000,0.000
306993.000,0.000,45828.000,0.000,0.000,0.000,0.000,0.000,0.000
307003.000,0.000,45828.000,0.000,0.000,0.000,0.000,0.000,0.000
307013.000,0.000,45828.000,0.000,0.000,0.000,0.000,0.000,0.000
307023.000,0.000,45828.000,0.000,0.000,0.000,0.000,0.000,0.000
307033.000,0.000,45828.000,0.000,0.000,0.000,0.000,0.000,0.000
307043.000,0.000,45828.000,0.000,0.000,0.000,0.000,0.000,0.000
307053.000,0.000,45828.000,0.000,0.000,0.000,0.000,0.000,0.000
307063.000,0.000,45828.000,0.000,0.000,0.000,0.000,0.000,0.000
307073.000,0.000,45828.000,0.000,0.000,0.000,0.000,0.000,0.000
307083.000,0.000,45828.000,0.000,0.000,0.000,0.000,0.000,0.000
307093.000,0.000,45828.000,0.000,0.000,0.000,0.000,0.000,0.000
307103.000,0.000,45828.000,0.000,0.000,0.000,0.000,0.000,0.000
307113.000,0.000,45828.000,0.000,0.000,0.000,0.000,0.000,0.000
307123.000,0.000,45828.000,0.000,0.000,0.000,0.000,0.000,0.000
307133.000,0.000,45828.000,0.000,0.000,0.000,0.000,0.000,0.000
307143.000,0.000,45828.000,0.000,0.000,0.000,0.000,0.000,0.000
307153.000,0.000,45828.000,0.000,0.000,0.000,0.000,0.000,0.000
307163.000,0.000,45828.000,0.000,0.000,0.000,0.000,0.000,0.000
307173.000,0.000,45828.000,0.000,0.000,0.000,0.000,0.000,0.000
307183.000,0.000,45828.000,0.000,0.000,0.000,0.000,0.000,0.000
307193.000,0.000,45828.000,0.000,0.000,0.000,0.000,0.000,0.000
307203.000,0.000,45828.000,0.000,0.000,0.000,0.000,0.000,0.000
307213.000,0.000,45828.000,0.000,0.000,0.000,0.000,0.000,0.000
307223.000,0.000,45828.000,0.000,0.000,0.000,0.000,0.000,0.000
307233.000,0.000,45828.000,0.000,0.000,0.000,0.000,0.000,0.000
307243.000,0.000,45828.000,0.000,0.000,0.000,0.000,0.000,0.000
307253.000,0.000,45828.000,0.000,0.000,0.000,0.000,0.000,0.000
307263.000,0.000,45828.000,0.000,0.000,0.000,0.000,0.000,0.000
307273.000,0.000,45828.000,0.000,0.000,0.000,0.000,0.000,0.000
307283.000,0.000,45828.000,0.000,0.000,0.000,0.000,0.000,0.000
307293.000,0.000,45828.000,0.000,0.000,0.000,0.000,0.000,0.000
307303.000,0.000,45828.000,0.000,0.000,0.000,0.000,0.000,0.000
307313.000,0.000,45828.000,0.000,0.000,0.000,0.000,0.000,0.000
307323.000,0.000,45828.000,0.000,0.000,0.000,0.000,0.000,0.000
307333.000,0.000,45828.000,0.000,0.000,0.000,0.000,0.000,0.000
307343.000,0.000,45828.000,0.000,0.000,0.000,0.000,0.000,0.000
307353.000,0.000,45828.000,0.000,0.000,0.000,0.000,0.000,0.000
307363.000,0.000,45828.000,0.000,0.000,0.000,0.000,0.000,0.000
307373.000,0.000,45828.000,0.000,0.000,0.000,0.000,0.000,0.000
307383.000,0.000,45828.000,0.000,0.000,0.000,0.000,0.000,0.000
307393.000,0.000,45828.000,0.000,0.000,0.000,0.000,0.000,0.000
307403.000,0.000,45828.000,0.000,0.000,0.000,0.000,0.000,0.000
307413.000,0.000,45828.000,0.000,0.000,0.000,0.000,0.000,0.000
307423.000,0.000,45828.000,0.000,0.000,0.000,0.000,0.000,0.000
307433.000,0.000,45828.000,0.000,0.000,0.000,0.000,0.000,0.000
307443.000,0.000,45828.000,0.000,0.000,0.000,0.000,0.000,0.000
307453.000,0.000,45828.000,0.000,0.000,0.000,0.000,0.000,0.000
307463.000,0.000,45828.000,0.000,0.000,0.000,0.000,0.000,0.000
307473.000,0.000,45828.000,0.000,0.000,0.000,0.000,0.000,0.000
307483.000,0.000,45828.000,0.000,0.000,0.000,0.000,0.000,0.000
307493.000,0.000,45828.000,0.000,0.000,0.000,0.000,0.000,0.000
307503.000,0.000,45828.000,0.000,0.000,0.000,0.000,0.000,0.000
307513.000,0.000,45828.000,0.000,0.000,0.000,0.000,0.000,0.000
307523.000,0.000,45828.000,0.000,0.000,0.000,0.000,0.000,0.000
307533.000,0.000,45828.000,0.000,0.000,0.000,0.000,0.000,0.000
307543.000,0.000,45828.000,0.000,0.000,0.000,0.000,0.000,0.000
307553.000,0.000,45828.000,0.000,0.000,0.000,0.000,0.000,0.000
307563.000,0.000,45828.000,0.000,0.000,0.000,0.000,0.000,0.000
307573.000,0.000,45828.000,0.000,0.000,0.000,0.000,0.000,0.000
307583.000,0.000,45828.000,0.000,0.000,0.000,0.000,0.000,0.000
307593.000,0.000,45828.000,0.000,0.000,0.000,0.000,0.000,0.000
307603.000,0.000,45828.000,0.000,0.000,0.000,0.000,0.000,0.000
307613.000,0.000,45828.000,0.000,0.000,0.000,0.000,0.000,0.000
307623.000,0.000,45828.000,0.000,0.000,0.000,0.000,0.000,0.000
307633.000,0.000,45828.000,0.000,0.000,0.000,0.000,0.000,0.000
307643.000,0.000,45828.000,0.000,0.000,0.000,0.000,0.000,0.000
307653.000,0.000,45828.000,0.000,0.000,0.000,0.000,0.000,0.000
307663.000,0.000,45828.000,0.000,0.000,0.000,0.000,0.000,0.000
307673.000,0.000,45828.000,0.000,0.000,0.000,0.000,0.000,0.000
307683.000,0.000,45828.000,0.000,0.000,0.000,0.000,0.000,0.000
307693.000,0.000,45828.000,0.000,0.000,0.000,0.000,0.000,0.000
307703.000,0.000,45828.000,0.000,0.000,0.000,0.000,0.000,0.000
307713.000,0.000,45828.000,0.000,0.000,0.000,0.000,0.000,0.000
307723.000,0.000,45828.000,0.000,0.000,0.000,0.000,0.000,0.000
307733.000,0.000,45828.000,0.000,0.000,0.000,0.000,0.000,0.000
307743.000,0.000,45828.000,0.000,0.000,0.000,0.000,0.000,0.000
307753.000,0.000,45828.000,0.000,0.000,0.000,0.000,0.000,0.000
307763.000,0.000,45828.000,0.000,0.000,0.000,0.000,0.000,0.000
307773.000,0.000,45828.000,0.000,0.000,0.000,0.000,0.000,0.000
307783.000,0.000,45828.000,0.000,0.000,0.000,0.000,0.000,0.000
307793.000,0.000,45828.000,0.000,0.000,0.000,0.000,0.000,0.000
307803.000,0.000,45828.000,0.000,0.000,0.000,0.000,0.000,0.000
307813.000,0.000,45828.000,0.000,0.000,0.000,0.000,0.000,0.000
307823.000,0.000,45828.000,0.000,0.000,0.000,0.000,0.000,0.000
307833.000,0.000,45828.000,0.000,0.000,0.000,0.000,0.000,0.000
307843.000,0.000,45828.000,0.000,0.000,0.000,0.000,0.000,0.000
307853.000,0.000,45828.000,0.000,0.000,0.000,0.000,0.000,0.000
307863.000,0.000,45828.000,0.000,0.000,0.000,0.000,0.000,0.000
307873.000,0.000,45828.000,0.000,0.000,0.000,0.000,0.000,0.000
307883.000,0.000,45828.000,0.000,0.000,0.000,0.000,0.000,0.000
307893.000,0.000,45828.000,0.000,0.000,0.000,0.000,0.000,0.000
307903.000,0.000,45828.000,0.000,0.000,0.000,0.000,0.000,0.000
307913.000,0.000,45828.000,0.000,0.000,0.000,0.000,0.000,0.000
307923.000,0.000,45828.000,0.000,0.000,0.000,0.000,0.000,0.000
307933.000,0.000,45828.000,0.000,0.000,0.000,0.000,0.000,0.000
307943.000,0.000,45828.000,0.000,0.000,0.000,0.000,0.000,0.000
307953.000,0.000,45828.000,0.000,0.000,0.000,0.000,0.000,0.000
307963.000,0.000,45828.000,0.000,0.000,0.000,0.000,0.000,0.000
307973.000,0.000,45828.000,0.000,0.000,0.000,0.000,0.000,0.000
307983.000,0.000,45828.000,0.000,0.000,0.000,0.000,0.000,0.000
307993.000,0.000,45828.000,0.000,0.000,0.000,0.000,0.000,0.000
308003.000,0.000,45828.000,0.000,0.000,0.000,0.000,0.000,0.000
308013.000,0.000,45828.000,0.000,0.000,0.000,0.000,0.000,0.000
308023.000,0.000,45828.000,0.000,0.000,0.000,0.000,0.000,0.000
308033.000,0.000,45828.000,0.000,0.000,0.000,0.000,0.000,0.000
308043.000,0.000,45828.000,0.000,0.000,0.000,0.000,0.000,0.000
308053.000,0.000,45828.000,0.000,0.000,0.000,0.000,0.000,0.000
308063.000,0.000,45828.000,0.000,0.000,0.000,0.000,0.000,0.000
308073.000,0.000,45828.000,0.000,0.000,0.000,0.000,0.000,0.000
308083.000,0.000,45828.000,0.000,0.000,0.000,0.000,0.000,0.000
308093.000,0.000,45828.000,0.000,0.000,0.000,0.000,0.000,0.000
308103.000,0.000,45828.000,0.000,0.000,0.000,0.000,0.000,0.000
308113.000,0.000,45828.000,0.000,0.000,0.000,0.000,0.000,0.000
308123.000,0.000,45828.000,0.000,0.000,0.000,0.000,0.000,0.000
308133.000,0.000,45828.000,0.000,0.000,0.000,0.000,0.000,0.000
308143.000,0.000,45828.000,0.000,0.000,0.000,0.000,0.000,0.000
308153.000,0.000,45828.000,0.000,0.000,0.000,0.000,0.000,0.000
308163.000,0.000,45828.000,0.000,0.000,0.000,0.000,0.000,0.000
308173.000,0.000,45828.000,0.000,0.000,0.000,0.000,0.000,0.000
308183.000,0.000,45828.000,0.000,0.000,0.000,0.000,0.000,0.000
308193.000,0.000,45828.000,0.000,0.000,0.000,0.000,0.000,0.000
308203.000,0.000,45828.000,0.000,0.000,0.000,0.000,0.000,0.000
308213.000,0.000,45828.000,0.000,0.000,0.000,0.000,0.000,0.000
308223.000,0.000,45828.000,0.000,0.000,0.000,0.000,0.000,0.000
308233.000,0.000,45828.000,0.000,0.000,0.000,0.000,0.000,0.000
308243.000,0.000,45828.000,0.000,0.000,0.000,0.000,0.000,0.000
308253.000,0.000,45828.000,0.000,0.000,0.000,0.000,0.000,0.000
308263.000,0.000,45828.000,0.000,0.000,0.000,0.000,0.000,0.000
308273.000,0.000,45828.000,0.000,0.000,0.000,0.000,0.000,0.000
308283.000,0.000,45828.000,0.000,0.000,0.000,0.000,0.000,0.000
308293.000,0.000,45828.000,0.000,0.000,0.000,0.000,0.000,0.000
308303.000,0.000,45828.000,0.000,0.000,0.000,0.000,0.000,0.000
308313.000,0.000,45828.000,0.000,0.000,0.000,0.000,0.000,0.000
308323.000,0.000,45828.000,0.000,0.000,0.000,0.000,0.000,0.000
308333.000,0.000,45828.000,0.000,0.000,0.000,0.000,0.000,0.000
308343.000,0.000,45828.000,0.000,0.000,0.000,0.000,0.000,0.000
308353.000,0.000,45828.000,0.000,0.000,0.000,0.000,0.000,0.000
308363.000,0.000,45828.000,0.000,0.000,0.000,0.000,0.000,0.000
308373.000,0.000,45828.000,0.000,0.000,0.000,0.000,0.000,0.000
308383.000,0.000,45828.000,0.000,0.000,0.000,0.000,0.000,0.000
308393.000,0.000,45828.000,0.000,0.000,0.000,0.000,0.000,0.000
308403.000,0.000,45828.000,0.000,0.000,0.000,0.000,0.000,0.000
308413.000,0.000,45828.000,0.000,0.000,0.000,0.000,0.000,0.000
308423.000,0.000,45828.000,0.000,0.000,0.000,0.000,0.000,0.000
308433.000,0.000,45828.000,0.000,0.000,0.000,0.000,0.000,0.000
308443.000,0.000,45828.000,0.000,0.000,0.000,0.000,0.000,0.000
308453.000,0.000,45828.000,0.000,0.000,0.000,0.000,0.000,0.000
308463.000,0.000,45828.000,0.000,0.000,0.000,0.000,0.000,0.000
308473.000,0.000,45828.000,0.000,0.000,0.000,0.000,0.000,0.000
308483.000,0.000,45828.000,0.000,0.000,0.000,0.000,0.000,0.000
308493.000,0.000,45828.000,0.000,0.000,0.000,0.000,0.000,0.000
308503.000,0.000,45828.000,0.000,0.000,0.000,0.000,0.000,0.000
308513.000,0.000,45828.000,0.000,0.000,0.000,0.000,0.000,0.000
308523.000,0.000,45828.000,0.000,0.000,0.000,0.000,0.000,0.000
308533.000,0.000,45828.000,0.000,0.000,0.000,0.000,0.000,0.000
308543.000,0.000,45828.000,0.000,0.000,0.000,0.000,0.000,0.000
308553.000,0.000,45828.000,0.000,0.000,0.000,0.000,0.000,0.000
308563.000,0.000,45828.000,0.000,0.000,0.000,0.000,0.000,0.000
308573.000,0.000,45828.000,0.000,0.000,0.000,0.000,0.000,0.000
308583.000,0.000,45828.000,0.000,0.000,0.000,0.000,0.000,0.000
308593.000,0.000,45828.000,0.000,0.000,0.000,0.000,0.000,0.000
308603.000,0.000,45828.000,0.000,0.000,0.000,0.000,0.000,0.000
308613.000,0.000,45828.000,0.000,0.000,0.000,0.000,0.000,0.000
308623.000,0.000,45828.000,0.000,0.000,0.000,0.000,0.000,0.000
308633.000,0.000,45828.000,0.000,0.000,0.000,0.000,0.000,0.000
308643.000,0.000,45828.000,0.000,0.000,0.000,0.000,0.000,0.000
308653.000,0.000,45828.000,0.000,0.000,0.000,0.000,0.000,0.000
308663.000,0.000,45828.000,0.000,0.000,0.000,0.000,0.000,0.000
308673.000,0.000,45828.000,0.000,0.000,0.000,0.000,0.000,0.000
308683.000,0.000,45828.000,0.000,0.000,0.000,0.000,0.000,0.000
308693.000,0.000,45828.000,0.000,0.000,0.000,0.000,0.000,0.000
308703.000,0.000,45828.000,0.000,0.000,0.000,0.000,0.000,0.000
308713.000,0.000,45828.000,0.000,0.000,0.000,0.000,0.000,0.000
308723.000,0.000,45828.000,0.000,0.000,0.000,0.000,0.000,0.000
308733.000,0.000,45828.000,0.000,0.000,0.000,0.000,0.000,0.000
308743.000,0.000,45828.000,0.000,0.000,0.000,0.000,0.000,0.000
308753.000,0.000,45828.000,0.000,0.000,0.000,0.000,0.000,0.000
308763.000,0.000,45828.000,0.000,0.000,0.000,0.000,0.000,0.000
308773.000,0.000,45828.000,0.000,0.000,0.000,0.000,0.000,0.000
308783.000,0.000,45828.000,0.000,0.000,0.000,0.000,0.000,0.000
308793.000,0.000,45828.000,0.000,0.000,0.000,0.000,0.000,0.000
308803.000,0.000,45828.000,0.000,0.000,0.000,0.000,0.000,0.000
308813.000,0.000,45828.000,0.000,0.000,0.000,0.000,0.000,0.000
308823.000,0.000,45828.000,0.000,0.000,0.000,0.000,0.000,0.000
308833.000,0.000,45828.000,0.000,0.000,0.000,0.000,0.000,0.000
308843.000,0.000,45828.000,0.000,0.000,0.000,0.000,0.000,0.000
308853.000,0.000,45828.000,0.000,0.000,0.000,0.000,0.000,0.000
308863.000,0.000,45828.000,0.000,0.000,0.000,0.000,0.000,0.000
308873.000,0.000,45828.000,0.000,0.000,0.000,0.000,0.000,0.000
308883.000,0.000,45828.000,0.000,0.000,0.000,0.000,0.000,0.000
308893.000,0.000,45828.000,0.000,0.000,0.000,0.000,0.000,0.000
308903.000,0.000,45828.000,0.000,0.000,0.000,0.000,0.000,0.000
308913.000,0.000,45828.000,0.000,0.000,0.000,0.000,0.000,0.000
308923.000,0.000,45828.000,0.000,0.000,0.000,0.000,0.000,0.000
308933.000,0.000,45828.000,0.000,0.000,0.000,0.000,0.000,0.000
308943.000,0.000,45828.000,0.000,0.000,0.000,0.000,0.000,0.000
308953.000,0.000,45828.000,0.000,0.000,0.000,0.000,0.000,0.000
308963.000,0.000,45828.000,0.000,0.000,0.000,0.000,0.000,0.000
308973.000,0.000,45828.000,0.000,0.000,0.000,0.000,0.000,0.000
308983.000,0.000,45828.000,0.000,0.000,0.000,0.000,0.000,0.000
308993.000,0.000,45828.000,0.000,0.000,0.000,0.000,0.000,0.000
309003.000,0.000,45828.000,0.000,0.000,0.000,0.000,0.000,0.000
309013.000,0.000,45828.000,0.000,0.000,0.000,0.000,0.000,0.000
309023.000,0.000,45828.000,0.000,0.000,0.000,0.000,0.000,0.000
309033.000,0.000,45828.000,0.000,0.000,0.000,0.000,0.000,0.000
309043.000,0.000,45828.000,0.000,0.000,0.000,0.000,0.000,0.000
309053.000,0.000,45828.000,0.000,0.000,0.000,0.000,0.000,0.000
309063.000,0.000,45828.000,0.000,0.000,0.000,0.000,0.000,0.000
309073.000,0.000,45828.000,0.000,0.000,0.000,0.000,0.000,0.000
309083.000,0.000,45828.000,0.000,0.000,0.000,0.000,0.000,0.000
309093.000,0.000,45828.000,0.000,0.000,0.000,0.000,0.000,0.000
309103.000,0.000,45828.000,0.000,0.000,0.000,0.000,0.000,0.000
309113.000,0.000,45828.000,0.000,0.000,0.000,0.000,0.000,0.000
309123.000,0.000,45828.000,0.000,0.000,0.000,0.000,0.000,0.000
309133.000,0.000,45828.000,0.000,0.000,0.000,0.000,0.000,0.000
309143.000,0.000,45828.000,0.000,0.000,0.000,0.000,0.000,0.000
309153.000,0.000,45828.000,0.000,0.000,0.000,0.000,0.000,0.000
309163.000,0.000,45828.000,0.000,0.000,0.000,0.000,0.000,0.000
309173.000,0.000,45828.000,0.000,0.000,0.000,0.000,0.000,0.000
309183.000,0.000,45828.000,0.000,0.000,0.000,0.000,0.000,0.000
309193.000,0.000,45828.000,0.000,0.000,0.000,0.000,0.000,0.000
309203.000,0.000,45828.000,0.000,0.000,0.000,0.000,0.000,0.000
309213.000,0.000,45828.000,0.000,0.000,0.000,0.000,0.000,0.000
309223.000,0.000,45828.000,0.000,0.000,0.000,0.000,0.000,0.000
309233.000,0.000,45828.000,0.000,0.000,0.000,0.000,0.000,0.000
309243.000,0.000,45828.000,0.000,0.000,0.000,0.000,0.000,0.000
309253.000,0.000,45828.000,0.000,0.000,0.000,0.000,0.000,0.000
309263.000,0.000,45828.000,0.000,0.000,0.000,0.000,0.000,0.000
309273.000,0.000,45828.000,0.000,0.000,0.000,0.000,0.000,0.000
309283.000,0.000,45828.000,0.000,0.000,0.000,0.000,0.000,0.000
309293.000,0.000,45828.000,0.000,0.000,0.000,0.000,0.000,0.000
309303.000,0.000,45828.000,0.000,0.000,0.000,0.000,0.000,0.000
309313.000,0.000,45828.000,0.000,0.000,0.000,0.000,0.000,0.000
309323.000,0.000,45828.000,0.000,0.000,0.000,0.000,0.000,0.000
309333.000,0.000,45828.000,0.000,0.000,0.000,0.000,0.000,0.000
309343.000,0.000,45828.000,0.000,0.000,0.000,0.000,0.000,0.000
309353.000,0.000,45828.000,0.000,0.000,0.000,0.000,0.000,0.000
309363.000,0.000,45828.000,0.000,0.000,0.000,0.000,0.000,0.000
309373.000,0.000,45828.000,0.000,0.000,0.000,0.000,0.000,0.000
309383.000,0.000,45828.000,0.000,0.000,0.000,0.000,0.000,0.000
309393.000,0.000,45828.000,0.000,0.000,0.000,0.000,0.000,0.000
309403.000,0.000,45828.000,0.000,0.000,0.000,0.000,0.000,0.000
309413.000,0.000,45828.000,0.000,0.000,0.000,0.000,0.000,0.000
309423.000,0.000,45828.000,0.000,0.000,0.000,0.000,0.000,0.000
309433.000,0.000,45828.000,0.000,0.000,0.000,0.000,0.000,0.000
309443.000,0.000,45828.000,0.000,0.000,0.000,0.000,0.000,0.000
309453.000,0.000,45828.000,0.000,0.000,0.000,0.000,0.000,0.000
309463.000,0.000,45828.000,0.000,0.000,0.000,0.000,0.000,0.000
309473.000,0.000,45828.000,0.000,0.000,0.000,0.000,0.000,0.000
309483.000,0.000,45828.000,0.000,0.000,0.000,0.000,0.000,0.000
309493.000,0.000,45828.000,0.000,0.000,0.000,0.000,0.000,0.000
309503.000,0.000,45828.000,0.000,0.000,0.000,0.000,0.000,0.000
309513.000,0.000,45828.000,0.000,0.000,0.000,0.000,0.000,0.000
309523.000,0.000,45828.000,0.000,0.000,0.000,0.000,0.000,0.000
309533.000,0.000,45828.000,0.000,0.000,0.000,0.000,0.000,0.000
309543.000,0.000,45828.000,0.000,0.000,0.000,0.000,0.000,0.000
309553.000,0.000,45828.000,0.000,0.000,0.000,0.000,0.000,0.000
309563.000,0.000,45828.000,0.000,0.000,0.000,0.000,0.000,0.000
309573.000,0.000,45828.000,0.000,0.000,0.000,0.000,0.000,0.000
309583.000,0.000,45828.000,0.000,0.000,0.000,0.000,0.000,0.000
309593.000,0.000,45828.000,0.000,0.000,0.000,0.000,0.000,0.000
309603.000,0.000,45828.000,0.000,0.000,0.000,0.000,0.000,0.000
309613.000,0.000,45828.000,0.000,0.000,0.000,0.000,0.000,0.000
309623.000,0.000,45828.000,0.000,0.000,0.000,0.000,0.000,0.000
309633.000,0.000,45828.000,0.000,0.000,0.000,0.000,0.000,0.000
309643.000,0.000,45828.000,0.000,0.000,0.000,0.000,0.000,0.000
309653.000,0.000,45828.000,0.000,0.000,0.000,0.000,0.000,0.000
309663.000,0.000,45828.000,0.000,0.000,0.000,0.000,0.000,0.000
309673.000,0.000,45828.000,0.000,0.000,0.000,0.000,0.000,0.000
309683.000,0.000,45828.000,0.000,0.000,0.000,0.000,0.000,0.000
309693.000,0.000,45828.000,0.000,0.000,0.000,0.000,0.000,0.000
309703.000,0.000,45828.000,0.000,0.000,0.000,0.000,0.000,0.000
309713.000,0.000,45828.000,0.000,0.000,0.000,0.000,0.000,0.000
309723.000,0.000,45828.000,0.000,0.000,0.000,0.000,0.000,0.000
309733.000,0.000,45828.000,0.000,0.000,0.000,0.000,0.000,0.000
309743.000,0.000,45828.000,0.000,0.000,0.000,0.000,0.000,0.000
309753.000,0.000,45828.000,0.000,0.000,0.000,0.000,0.000,0.000
309763.000,0.000,45828.000,0.000,0.000,0.000,0.000,0.000,0.000
309773.000,0.000,45828.000,0.000,0.000,0.000,0.000,0.000,0.000
309783.000,0.000,45828.000,0.000,0.000,0.000,0.000,0.000,0.000
309793.000,0.000,45828.000,0.000,0.000,0.000,0.000,0.000,0.000
309803.000,0.000,45828.000,0.000,0.000,0.000,0.000,0.000,0.000
309813.000,0.000,45828.000,0.000,0.000,0.000,0.000,0.000,0.000
309823.000,0.000,45828.000,0.000,0.000,0.000,0.000,0.000,0.000
309833.000,0.000,45828.000,0.000,0.000,0.000,0.000,0.000,0.000
309843.000,0.000,45828.000,0.000,0.000,0.000,0.000,0.000,0.000
309853.000,0.000,45828.000,0.000,0.000,0.000,0.000,0.000,0.000
309863.000,0.000,45828.000,0.000,0.000,0.000,0.000,0.000,0.000
309873.000,0.000,45828.000,0.000,0.000,0.000,0.000,0.000,0.000
309883.000,0.000,45828.000,0.000,0.000,0.000,0.000,0.000,0.000
309893.000,0.000,45828.000,0.000,0.000,0.000,0.000,0.000,0.000
309903.000,0.000,45828.000,0.000,0.000,0.000,0.000,0.000,0.000
309913.000,0.000,45828.000,0.000,0.000,0.000,0.000,0.000,0.000
309923.000,0.000,45828.000,0.000,0.000,0.000,0.000,0.000,0.000
309933.000,0.000,45828.000,0.000,0.000,0.000,0.000,0.000,0.000
309943.000,0.000,45828.000,0.000,0.000,0.000,0.000,0.000,0.000
309953.000,0.000,45828.000,0.000,0.000,0.000,0.000,0.000,0.000
309963.000,0.000,45828.000,0.000,0.000,0.000,0.000,0.000,0.000
309973.000,0.000,45828.000,0.000,0.000,0.000,0.000,0.000,0.000
309983.000,0.000,45828.000,0.000,0.000,0.000,0.000,0.000,0.000
309993.000,0.000,45828.000,0.000,0.000,0.000,0.000,0.000,0.000
310003.000,0.000,45828.000,0.000,0.000,0.000,0.000,0.000,0.000
310013.000,0.000,45828.000,0.000,0.000,0.000,0.000,0.000,0.000
310023.000,0.000,45828.000,0.000,0.000,0.000,0.000,0.000,0.000
310033.000,0.000,45828.000,0.000,0.000,0.000,0.000,0.000,0.000
310043.000,0.000,45828.000,0.000,0.000,0.000,0.000,0.000,0.000
310053.000,0.000,45828.000,0.000,0.000,0.000,0.000,0.000,0.000
310063.000,0.000,45828.000,0.000,0.000,0.000,0.000,0.000,0.000
310073.000,0.000,45828.000,0.000,0.000,0.000,0.000,0.000,0.000
310083.000,0.000,45828.000,0.000,0.000,0.000,0.000,0.000,0.000
310093.000,0.000,45828.000,0.000,0.000,0.000,0.000,0.000,0.000
310103.000,0.000,45828.000,0.000,0.000,0.000,0.000,0.000,0.000
310113.000,0.000,45828.000,0.000,0.000,0.000,0.000,0.000,0.000
310123.000,0.000,45828.000,0.000,0.000,0.000,0.000,0.000,0.000
310133.000,0.000,45828.000,0.000,0.000,0.000,0.000,0.000,0.000
310143.000,0.000,45828.000,0.000,0.000,0.000,0.000,0.000,0.000
310153.000,0.000,45828.000,0.000,0.000,0.000,0.000,0.000,0.000
310163.000,0.000,45828.000,0.000,0.000,0.000,0.000,0.000,0.000
310173.000,0.000,45828.000,0.000,0.000,0.000,0.000,0.000,0.000
310183.000,0.000,45828.000,0.000,0.000,0.000,0.000,0.000,0.000
310193.000,0.000,45828.000,0.000,0.000,0.000,0.000,0.000,0.000
310203.000,0.000,45828.000,0.000,0.000,0.000,0.000,0.000,0.000
310213.000,0.000,45828.000,0.000,0.000,0.000,0.000,0.000,0.000
310223.000,0.000,45828.000,0.000,0.000,0.000,0.000,0.000,0.000
310233.000,0.000,45828.000,0.000,0.000,0.000,0.000,0.000,0.000
310243.000,0.000,45828.000,0.000,0.000,0.000,0.000,0.000,0.000
310253.000,0.000,45828.000,0.000,0.000,0.000,0.000,0.000,0.000
310263.000,0.000,45828.000,0.000,0.000,0.000,0.000,0.000,0.000
310273.000,0.000,45828.000,0.000,0.000,0.000,0.000,0.000,0.000
310283.000,0.000,45828.000,0.000,0.000,0.000,0.000,0.000,0.000
310293.000,0.000,45828.000,0.000,0.000,0.000,0.000,0.000,0.000
310303.000,0.000,45828.000,0.000,0.000,0.000,0.000,0.000,0.000
310313.000,0.000,45828.000,0.000,0.000,0.000,0.000,0.000,0.000
310323.000,0.000,45828.000,0.000,0.000,0.000,0.000,0.000,0.000
310333.000,0.000,45828.000,0.000,0.000,0.000,0.000,0.000,0.000
310343.000,0.000,45828.000,0.000,0.000,0.000,0.000,0.000,0.000
310353.000,0.000,45828.000,0.000,0.000,0.000,0.000,0.000,0.000
310363.000,0.000,45828.000,0.000,0.000,0.000,0.000,0.000,0.000
310373.000,0.000,45828.000,0.000,0.000,0.000,0.000,0.000,0.000
310383.000,0.000,45828.000,0.000,0.000,0.000,0.000,0.000,0.000
310393.000,0.000,45828.000,0.000,0.000,0.000,0.000,0.000,0.000
310403.000,0.000,45828.000,0.000,0.000,0.000,0.000,0.000,0.000
310413.000,0.000,45828.000,0.000,0.000,0.000,0.000,0.000,0.000
310423.000,0.000,45828.000,0.000,0.000,0.000,0.000,0.000,0.000
310433.000,0.000,45828.000,0.000,0.000,0.000,0.000,0.000,0.000
310443.000,0.000,45828.000,0.000,0.000,0.000,0.000,0.000,0.000
310453.000,0.000,45828.000,0.000,0.000,0.000,0.000,0.000,0.000
310463.000,0.000,45828.000,0.000,0.000,0.000,0.000,0.000,0.000
310473.000,0.000,45828.000,0.000,0.000,0.000,0.000,0.000,0.000
310483.000,0.000,45828.000,0.000,0.000,0.000,0.000,0.000,0.000
310493.000,0.000,45828.000,0.000,0.000,0.000,0.000,0.000,0.000
310503.000,0.000,45828.000,0.000,0.000,0.000,0.000,0.000,0.000
310513.000,0.000,45828.000,0.000,0.000,0.000,0.000,0.000,0.000
310523.000,0.000,45828.000,0.000,0.000,0.000,0.000,0.000,0.000
310533.000,0.000,45828.000,0.000,0.000,0.000,0.000,0.000,0.000
310543.000,0.000,45828.000,0.000,0.000,0.000,0.000,0.000,0.000
310553.000,0.000,45828.000,0.000,0.000,0.000,0.000,0.000,0.000
310563.000,0.000,45828.000,0.000,0.000,0.000,0.000,0.000,0.000
310573.000,0.000,45828.000,0.000,0.000,0.000,0.000,0.000,0.000
310583.000,0.000,45828.000,0.000,0.000,0.000,0.000,0.000,0.000
310593.000,0.000,45828.000,0.000,0.000,0.000,0.000,0.000,0.000
310603.000,0.000,45828.000,0.000,0.000,0.000,0.000,0.000,0.000
310613.000,0.000,45828.000,0.000,0.000,0.000,0.000,0.000,0.000
310623.000,0.000,45828.000,0.000,0.000,0.000,0.000,0.000,0.000
310633.000,0.000,45828.000,0.000,0.000,0.000,0.000,0.000,0.000
310643.000,0.000,45828.000,0.000,0.000,0.000,0.000,0.000,0.000
310653.000,0.000,45828.000,0.000,0.000,0.000,0.000,0.000,0.000
310663.000,0.000,45828.000,0.000,0.000,0.000,0.000,0.000,0.000
310673.000,0.000,45828.000,0.000,0.000,0.000,0.000,0.000,0.000
310683.000,0.000,45828.000,0.000,0.000,0.000,0.000,0.000,0.000
310693.000,0.000,45828.000,0.000,0.000,0.000,0.000,0.000,0.000
310703.000,0.000,45828.000,0.000,0.000,0.000,0.000,0.000,0.000
310713.000,0.000,45828.000,0.000,0.000,0.000,0.000,0.000,0.000
310723.000,0.000,45828.000,0.000,0.000,0.000,0.000,0.000,0.000
310733.000,0.000,45828.000,0.000,0.000,0.000,0.000,0.000,0.000
310743.000,0.000,45828.000,0.000,0.000,0.000,0.000,0.000,0.000
310753.000,0.000,45828.000,0.000,0.000,0.000,0.000,0.000,0.000
310763.000,0.000,45828.000,0.000,0.000,0.000,0.000,0.000,0.000
310773.000,0.000,45828.000,0.000,0.000,0.000,0.000,0.000,0.000
310783.000,0.000,45828.000,0.000,0.000,0.000,0.000,0.000,0.000
310793.000,0.000,45828.000,0.000,0.000,0.000,0.000,0.000,0.000
310803.000,0.000,45828.000,0.000,0.000,0.000,0.000,0.000,0.000
310813.000,0.000,45828.000,0.000,0.000,0.000,0.000,0.000,0.000
310823.000,0.000,45828.000,0.000,0.000,0.000,0.000,0.000,0.000
310833.000,0.000,45828.000,0.000,0.000,0.000,0.000,0.000,0.000
310843.000,0.000,45828.000,0.000,0.000,0.000,0.000,0.000,0.000
310853.000,0.000,45828.000,0.000,0.000,0.000,0.000,0.000,0.000
310863.000,0.000,45828.000,0.000,0.000,0.000,0.000,0.000,0.000
310873.000,0.000,45828.000,0.000,0.000,0.000,0.000,0.000,0.000
310883.000,0.000,45828.000,0.000,0.000,0.000,0.000,0.000,0.000
310893.000,0.000,45828.000,0.000,0.000,0.000,0.000,0.000,0.000
310903.000,0.000,45828.000,0.000,0.000,0.000,0.000,0.000,0.000
310913.000,0.000,45828.000,0.000,0.000,0.000,0.000,0.000,0.000
310923.000,0.000,45828.000,0.000,0.000,0.000,0.000,0.000,0.000
310933.000,0.000,45828.000,0.000,0.000,0.000,0.000,0.000,0.000
310943.000,0.000,45828.000,0.000,0.000,0.000,0.000,0.000,0.000
310953.000,0.000,45828.000,0.000,0.000,0.000,0.000,0.000,0.000
310963.000,0.000,45828.000,0.000,0.000,0.000,0.000,0.000,0.000
310973.000,0.000,45828.000,0.000,0.000,0.000,0.000,0.000,0.000
310983.000,0.000,45828.000,0.000,0.000,0.000,0.000,0.000,0.000
310993.000,0.000,45828.000,0.000,0.000,0.000,0.000,0.000,0.000
311003.000,0.000,45828.000,0.000,0.000,0.000,0.000,0.000,0.000
311013.000,0.000,45828.000,0.000,0.000,0.000,0.000,0.000,0.000
311023.000,0.000,45828.000,0.000,0.000,0.000,0.000,0.000,0.000
311033.000,0.000,45828.000,0.000,0.000,0.000,0.000,0.000,0.000
311043.000,0.000,45828.000,0.000,0.000,0.000,0.000,0.000,0.000
311053.000,0.000,45828.000,0.000,0.000,0.000,0.000,0.000,0.000
311063.000,0.000,45828.000,0.000,0.000,0.000,0.000,0.000,0.000
311073.000,0.000,45828.000,0.000,0.000,0.000,0.000,0.000,0.000
311083.000,0.000,45828.000,0.000,0.000,0.000,0.000,0.000,0.000
311093.000,0.000,45828.000,0.000,0.000,0.000,0.000,0.000,0.000
311103.000,0.000,45828.000,0.000,0.000,0.000,0.000,0.000,0.000
311113.000,0.000,45828.000,0.000,0.000,0.000,0.000,0.000,0.000
311123.000,0.000,45828.000,0.000,0.000,0.000,0.000,0.000,0.000
311133.000,0.000,45828.000,0.000,0.000,0.000,0.000,0.000,0.000
311143.000,0.000,45828.000,0.000,0.000,0.000,0.000,0.000,0.000
311153.000,0.000,45828.000,0.000,0.000,0.000,0.000,0.000,0.000
311163.000,0.000,45828.000,0.000,0.000,0.000,0.000,0.000,0.000
311173.000,0.000,45828.000,0.000,0.000,0.000,0.000,0.000,0.000
311183.000,0.000,45828.000,0.000,0.000,0.000,0.000,0.000,0.000
311193.000,0.000,45828.000,0.000,0.000,0.000,0.000,0.000,0.000
311203.000,0.000,45828.000,0.000,0.000,0.000,0.000,0.000,0.000
311213.000,0.000,45828.000,0.000,0.000,0.000,0.000,0.000,0.000
311223.000,0.000,45828.000,0.000,0.000,0.000,0.000,0.000,0.000
311233.000,0.000,45828.000,0.000,0.000,0.000,0.000,0.000,0.000
311243.000,0.000,45828.000,0.000,0.000,0.000,0.000,0.000,0.000
311253.000,0.000,45828.000,0.000,0.000,0.000,0.000,0.000,0.000
311263.000,0.000,45828.000,0.000,0.000,0.000,0.000,0.000,0.000
311273.000,0.000,45828.000,0.000,0.000,0.000,0.000,0.000,0.000
311283.000,0.000,45828.000,0.000,0.000,0.000,0.000,0.000,0.000
311293.000,0.000,45828.000,0.000,0.000,0.000,0.000,0.000,0.000
311303.000,0.000,45828.000,0.000,0.000,0.000,0.000,0.000,0.000
311313.000,0.000,45828.000,0.000,0.000,0.000,0.000,0.000,0.000
311323.000,0.000,45828.000,0.000,0.000,0.000,0.000,0.000,0.000
311333.000,0.000,45828.000,0.000,0.000,0.000,0.000,0.000,0.000
311343.000,0.000,45828.000,0.000,0.000,0.000,0.000,0.000,0.000
311353.000,0.000,45828.000,0.000,0.000,0.000,0.000,0.000,0.000
311363.000,0.000,45828.000,0.000,0.000,0.000,0.000,0.000,0.000
311373.000,0.000,45828.000,0.000,0.000,0.000,0.000,0.000,0.000
311383.000,0.000,45828.000,0.000,0.000,0.000,0.000,0.000,0.000
311393.000,0.000,45828.000,0.000,0.000,0.000,0.000,0.000,0.000
311403.000,0.000,45828.000,0.000,0.000,0.000,0.000,0.000,0.000
311413.000,0.000,45828.000,0.000,0.000,0.000,0.000,0.000,0.000
311423.000,0.000,45828.000,0.000,0.000,0.000,0.000,0.000,0.000
311433.000,0.000,45828.000,0.000,0.000,0.000,0.000,0.000,0.000
311443.000,0.000,45828.000,0.000,0.000,0.000,0.000,0.000,0.000
311453.000,0.000,45828.000,0.000,0.000,0.000,0.000,0.000,0.000
311463.000,0.000,45828.000,0.000,0.000,0.000,0.000,0.000,0.000
311473.000,0.000,45828.000,0.000,0.000,0.000,0.000,0.000,0.000
311483.000,0.000,45828.000,0.000,0.000,0.000,0.000,0.000,0.000
311493.000,0.000,45828.000,0.000,0.000,0.000,0.000,0.000,0.000
311503.000,0.000,45828.000,0.000,0.000,0.000,0.000,0.000,0.000
311513.000,0.000,45828.000,0.000,0.000,0.000,0.000,0.000,0.000
311523.000,0.000,45828.000,0.000,0.000,0.000,0.000,0.000,0.000
311533.000,0.000,45828.000,0.000,0.000,0.000,0.000,0.000,0.000
311543.000,0.000,45828.000,0.000,0.000,0.000,0.000,0.000,0.000
311553.000,0.000,45828.000,0.000,0.000,0.000,0.000,0.000,0.000
311563.000,0.000,45828.000,0.000,0.000,0.000,0.000,0.000,0.000
311573.000,0.000,45828.000,0.000,0.000,0.000,0.000,0.000,0.000
311583.000,0.000,45828.000,0.000,0.000,0.000,0.000,0.000,0.000
311593.000,0.000,45828.000,0.000,0.000,0.000,0.000,0.000,0.000
311603.000,0.000,45828.000,0.000,0.000,0.000,0.000,0.000,0.000
311613.000,0.000,45828.000,0.000,0.000,0.000,0.000,0.000,0.000
311623.000,0.000,45828.000,0.000,0.000,0.000,0.000,0.000,0.000
311633.000,0.000,45828.000,0.000,0.000,0.000,0.000,0.000,0.000
311643.000,0.000,45828.000,0.000,0.000,0.000,0.000,0.000,0.000
311653.000,0.000,45828.000,0.000,0.000,0.000,0.000,0.000,0.000
311663.000,0.000,45828.000,0.000,0.000,0.000,0.000,0.000,0.000
311673.000,0.000,45828.000,0.000,0.000,0.000,0.000,0.000,0.000
311683.000,0.000,45828.000,0.000,0.000,0.000,0.000,0.000,0.000
311693.000,0.000,45828.000,0.000,0.000,0.000,0.000,0.000,0.000
311703.000,0.000,45828.000,0.000,0.000,0.000,0.000,0.000,0.000
311713.000,0.000,45828.000,0.000,0.000,0.000,0.000,0.000,0.000
311723.000,0.000,45828.000,0.000,0.000,0.000,0.000,0.000,0.000
311733.000,0.000,45828.000,0.000,0.000,0.000,0.000,0.000,0.000
311743.000,0.000,45828.000,0.000,0.000,0.000,0.000,0.000,0.000
311753.000,0.000,45828.000,0.000,0.000,0.000,0.000,0.000,0.000
311763.000,0.000,45828.000,0.000,0.000,0.000,0.000,0.000,0.000
311773.000,0.000,45828.000,0.000,0.000,0.000,0.000,0.000,0.000
311783.000,0.000,45828.000,0.000,0.000,0.000,0.000,0.000,0.000
311793.000,0.000,45828.000,0.000,0.000,0.000,0.000,0.000,0.000
311803.000,0.000,45828.000,0.000,0.000,0.000,0.000,0.000,0.000
311813.000,0.000,45828.000,0.000,0.000,0.000,0.000,0.000,0.000
311823.000,0.000,45828.000,0.000,0.000,0.000,0.000,0.000,0.000
311833.000,0.000,45828.000,0.000,0.000,0.000,0.000,0.000,0.000
311843.000,0.000,45828.000,0.000,0.000,0.000,0.000,0.000,0.000
311853.000,0.000,45828.000,0.000,0.000,0.000,0.000,0.000,0.000
311863.000,0.000,45828.000,0.000,0.000,0.000,0.000,0.000,0.000
311873.000,0.000,45828.000,0.000,0.000,0.000,0.000,0.000,0.000
311883.000,0.000,45828.000,0.000,0.000,0.000,0.000,0.000,0.000
311893.000,0.000,45828.000,0.000,0.000,0.000,0.000,0.000,0.000
311903.000,0.000,45828.000,0.000,0.000,0.000,0.000,0.000,0.000
311913.000,0.000,45828.000,0.000,0.000,0.000,0.000,0.000,0.000
311923.000,0.000,45828.000,0.000,0.000,0.000,0.000,0.000,0.000
311933.000,0.000,45828.000,0.000,0.000,0.000,0.000,0.000,0.000
311943.000,0.000,45828.000,0.000,0.000,0.000,0.000,0.000,0.000
311953.000,0.000,45828.000,0.000,0.000,0.000,0.000,0.000,0.000
311963.000,0.000,45828.000,0.000,0.000,0.000,0.000,0.000,0.000
311973.000,0.000,45828.000,0.000,0.000,0.000,0.000,0.000,0.000
311983.000,0.000,45828.000,0.000,0.000,0.000,0.000,0.000,0.000
311993.000,0.000,45828.000,0.000,0.000,0.000,0.000,0.000,0.000
312003.000,0.000,45828.000,0.000,0.000,0.000,0.000,0.000,0.000
312013.000,0.000,45828.000,0.000,0.000,0.000,0.000,0.000,0.000
312023.000,0.000,45828.000,0.000,0.000,0.000,0.000,0.000,0.000
312033.000,0.000,45828.000,0.000,0.000,0.000,0.000,0.000,0.000
312043.000,0.000,45828.000,0.000,0.000,0.000,0.000,0.000,0.000
312053.000,0.000,45828.000,0.000,0.000,0.000,0.000,0.000,0.000
312063.000,0.000,45828.000,0.000,0.000,0.000,0.000,0.000,0.000
312073.000,0.000,45828.000,0.000,0.000,0.000,0.000,0.000,0.000
312083.000,0.000,45828.000,0.000,0.000,0.000,0.000,0.000,0.000
312093.000,0.000,45828.000,0.000,0.000,0.000,0.000,0.000,0.000
312103.000,0.000,45828.000,0.000,0.000,0.000,0.000,0.000,0.000
312113.000,0.000,45828.000,0.000,0.000,0.000,0.000,0.000,0.000
312123.000,0.000,45828.000,0.000,0.000,0.000,0.000,0.000,0.000
312133.000,0.000,45828.000,0.000,0.000,0.000,0.000,0.000,0.000
312143.000,0.000,45828.000,0.000,0.000,0.000,0.000,0.000,0.000
312153.000,0.000,45828.000,0.000,0.000,0.000,0.000,0.000,0.000
312163.000,0.000,45828.000,0.000,0.000,0.000,0.000,0.000,0.000
312173.000,0.000,45828.000,0.000,0.000,0.000,0.000,0.000,0.000
312183.000,0.000,45828.000,0.000,0.000,0.000,0.000,0.000,0.000
312193.000,0.000,45828.000,0.000,0.000,0.000,0.000,0.000,0.000
312203.000,0.000,45828.000,0.000,0.000,0.000,0.000,0.000,0.000
312213.000,0.000,45828.000,0.000,0.000,0.000,0.000,0.000,0.000
312223.000,0.000,45828.000,0.000,0.000,0.000,0.000,0.000,0.000
312233.000,0.000,45828.000,0.000,0.000,0.000,0.000,0.000,0.000
312243.000,0.000,45828.000,0.000,0.000,0.000,0.000,0.000,0.000
312253.000,0.000,45828.000,0.000,0.000,0.000,0.000,0.000,0.000
312263.000,0.000,45828.000,0.000,0.000,0.000,0.000,0.000,0.000
312273.000,0.000,45828.000,0.000,0.000,0.000,0.000,0.000,0.000
312283.000,0.000,45828.000,0.000,0.000,0.000,0.000,0.000,0.000
312293.000,0.000,45828.000,0.000,0.000,0.000,0.000,0.000,0.000
312303.000,0.000,45828.000,0.000,0.000,0.000,0.000,0.000,0.000
312313.000,0.000,45828.000,0.000,0.000,0.000,0.000,0.000,0.000
312323.000,0.000,45828.000,0.000,0.000,0.000,0.000,0.000,0.000
312333.000,0.000,45828.000,0.000,0.000,0.000,0.000,0.000,0.000
312343.000,0.000,45828.000,0.000,0.000,0.000,0.000,0.000,0.000
312353.000,0.000,45828.000,0.000,0.000,0.000,0.000,0.000,0.000
312363.000,0.000,45828.000,0.000,0.000,0.000,0.000,0.000,0.000
312373.000,0.000,45828.000,0.000,0.000,0.000,0.000,0.000,0.000
312383.000,0.000,45828.000,0.000,0.000,0.000,0.000,0.000,0.000
312393.000,0.000,45828.000,0.000,0.000,0.000,0.000,0.000,0.000
312403.000,0.000,45828.000,0.000,0.000,0.000,0.000,0.000,0.000
312413.000,0.000,45828.000,0.000,0.000,0.000,0.000,0.000,0.000
312423.000,0.000,45828.000,0.000,0.000,0.000,0.000,0.000,0.000
312433.000,0.000,45828.000,0.000,0.000,0.000,0.000,0.000,0.000
312443.000,0.000,45828.000,0.000,0.000,0.000,0.000,0.000,0.000
312453.000,0.000,45828.000,0.000,0.000,0.000,0.000,0.000,0.000
312463.000,0.000,45828.000,0.000,0.000,0.000,0.000,0.000,0.000
312473.000,0.000,45828.000,0.000,0.000,0.000,0.000,0.000,0.000
312483.000,0.000,45828.000,0.000,0.000,0.000,0.000,0.000,0.000
312493.000,0.000,45828.000,0.000,0.000,0.000,0.000,0.000,0.000
312503.000,0.000,45828.000,0.000,0.000,0.000,0.000,0.000,0.000
312513.000,0.000,45828.000,0.000,0.000,0.000,0.000,0.000,0.000
312523.000,0.000,45828.000,0.000,0.000,0.000,0.000,0.000,0.000
312533.000,0.000,45828.000,0.000,0.000,0.000,0.000,0.000,0.000
312543.000,0.000,45828.000,0.000,0.000,0.000,0.000,0.000,0.000
312553.000,0.000,45828.000,0.000,0.000,0.000,0.000,0.000,0.000
312563.000,0.000,45828.000,0.000,0.000,0.000,0.000,0.000,0.000
312573.000,0.000,45828.000,0.000,0.000,0.000,0.000,0.000,0.000
312583.000,0.000,45828.000,0.000,0.000,0.000,0.000,0.000,0.000
312593.000,0.000,45828.000,0.000,0.000,0.000,0.000,0.000,0.000
312603.000,0.000,45828.000,0.000,0.000,0.000,0.000,0.000,0.000
312613.000,0.000,45828.000,0.000,0.000,0.000,0.000,0.000,0.000
312623.000,0.000,45828.000,0.000,0.000,0.000,0.000,0.000,0.000
312633.000,0.000,45828.000,0.000,0.000,0.000,0.000,0.000,0.000
312643.000,0.000,45828.000,0.000,0.000,0.000,0.000,0.000,0.000
312653.000,0.000,45828.000,0.000,0.000,0.000,0.000,0.000,0.000
312663.000,0.000,45828.000,0.000,0.000,0.000,0.000,0.000,0.000
312673.000,0.000,45828.000,0.000,0.000,0.000,0.000,0.000,0.000
312683.000,0.000,45828.000,0.000,0.000,0.000,0.000,0.000,0.000
312693.000,0.000,45828.000,0.000,0.000,0.000,0.000,0.000,0.000
312703.000,0.000,45828.000,0.000,0.000,0.000,0.000,0.000,0.000
312713.000,0.000,45828.000,0.000,0.000,0.000,0.000,0.000,0.000
312723.000,0.000,45828.000,0.000,0.000,0.000,0.000,0.000,0.000
312733.000,0.000,45828.000,0.000,0.000,0.000,0.000,0.000,0.000
312743.000,0.000,45828.000,0.000,0.000,0.000,0.000,0.000,0.000
312753.000,0.000,45828.000,0.000,0.000,0.000,0.000,0.000,0.000
312763.000,0.000,45828.000,0.000,0.000,0.000,0.000,0.000,0.000
312773.000,0.000,45828.000,0.000,0.000,0.000,0.000,0.000,0.000
312783.000,0.000,45828.000,0.000,0.000,0.000,0.000,0.000,0.000
312793.000,0.000,45828.000,0.000,0.000,0.000,0.000,0.000,0.000
312803.000,0.000,45828.000,0.000,0.000,0.000,0.000,0.000,0.000
312813.000,0.000,45828.000,0.000,0.000,0.000,0.000,0.000,0.000
312823.000,0.000,45828.000,0.000,0.000,0.000,0.000,0.000,0.000
312833.000,0.000,45828.000,0.000,0.000,0.000,0.000,0.000,0.000
312843.000,0.000,45828.000,0.000,0.000,0.000,0.000,0.000,0.000
312853.000,0.000,45828.000,0.000,0.000,0.000,0.000,0.000,0.000
312863.000,0.000,45828.000,0.000,0.000,0.000,0.000,0.000,0.000
312873.000,0.000,45828.000,0.000,0.000,0.000,0.000,0.000,0.000
312883.000,0.000,45828.000,0.000,0.000,0.000,0.000,0.000,0.000
312893.000,0.000,45828.000,0.000,0.000,0.000,0.000,0.000,0.000
312903.000,0.000,45828.000,0.000,0.000,0.000,0.000,0.000,0.000
312913.000,0.000,45828.000,0.000,0.000,0.000,0.000,0.000,0.000
312923.000,0.000,45828.000,0.000,0.000,0.000,0.000,0.000,0.000
312933.000,0.000,45828.000,0.000,0.000,0.000,0.000,0.000,0.000
312943.000,0.000,45828.000,0.000,0.000,0.000,0.000,0.000,0.000
312953.000,0.000,45828.000,0.000,0.000,0.000,0.000,0.000,0.000
312963.000,0.000,45828.000,0.000,0.000,0.000,0.000,0.000,0.000
312973.000,0.000,45828.000,0.000,0.000,0.000,0.000,0.000,0.000
312983.000,0.000,45828.000,0.000,0.000,0.000,0.000,0.000,0.000
312993.000,0.000,45828.000,0.000,0.000,0.000,0.000,0.000,0.000
313003.000,0.000,45828.000,0.000,0.000,0.000,0.000,0.000,0.000
313013.000,0.000,45828.000,0.000,0.000,0.000,0.000,0.000,0.000
313023.000,0.000,45828.000,0.000,0.000,0.000,0.000,0.000,0.000
313033.000,0.000,45828.000,0.000,0.000,0.000,0.000,0.000,0.000
313043.000,0.000,45828.000,0.000,0.000,0.000,0.000,0.000,0.000
313053.000,0.000,45828.000,0.000,0.000,0.000,0.000,0.000,0.000
313063.000,0.000,45828.000,0.000,0.000,0.000,0.000,0.000,0.000
313073.000,0.000,45828.000,0.000,0.000,0.000,0.000,0.000,0.000
313083.000,0.000,45828.000,0.000,0.000,0.000,0.000,0.000,0.000
313093.000,0.000,45828.000,0.000,0.000,0.000,0.000,0.000,0.000
313103.000,0.000,45828.000,0.000,0.000,0.000,0.000,0.000,0.000
313113.000,0.000,45828.000,0.000,0.000,0.000,0.000,0.000,0.000
313123.000,0.000,45828.000,0.000,0.000,0.000,0.000,0.000,0.000
313133.000,0.000,45828.000,0.000,0.000,0.000,0.000,0.000,0.000
313143.000,0.000,45828.000,0.000,0.000,0.000,0.000,0.000,0.000
313153.000,0.000,45828.000,0.000,0.000,0.000,0.000,0.000,0.000
313163.000,0.000,45828.000,0.000,0.000,0.000,0.000,0.000,0.000
313173.000,0.000,45828.000,0.000,0.000,0.000,0.000,0.000,0.000
313183.000,0.000,45828.000,0.000,0.000,0.000,0.000,0.000,0.000
313193.000,0.000,45828.000,0.000,0.000,0.000,0.000,0.000,0.000
313203.000,0.000,45828.000,0.000,0.000,0.000,0.000,0.000,0.000
313213.000,0.000,45828.000,0.000,0.000,0.000,0.000,0.000,0.000
313223.000,0.000,45828.000,0.000,0.000,0.000,0.000,0.000,0.000
313233.000,0.000,45828.000,0.000,0.000,0.000,0.000,0.000,0.000
313243.000,0.000,45828.000,0.000,0.000,0.000,0.000,0.000,0.000
313253.000,0.000,45828.000,0.000,0.000,0.000,0.000,0.000,0.000
313263.000,0.000,45828.000,0.000,0.000,0.000,0.000,0.000,0.000
313273.000,0.000,45828.000,0.000,0.000,0.000,0.000,0.000,0.000
313283.000,0.000,45828.000,0.000,0.000,0.000,0.000,0.000,0.000
313293.000,0.000,45828.000,0.000,0.000,0.000,0.000,0.000,0.000
313303.000,0.000,45828.000,0.000,0.000,0.000,0.000,0.000,0.000
313313.000,0.000,45828.000,0.000,0.000,0.000,0.000,0.000,0.000
313323.000,0.000,45828.000,0.000,0.000,0.000,0.000,0.000,0.000
313333.000,0.000,45828.000,0.000,0.000,0.000,0.000,0.000,0.000
313343.000,0.000,45828.000,0.000,0.000,0.000,0.000,0.000,0.000
313353.000,0.000,45828.000,0.000,0.000,0.000,0.000,0.000,0.000
313363.000,0.000,45828.000,0.000,0.000,0.000,0.000,0.000,0.000
313373.000,0.000,45828.000,0.000,0.000,0.000,0.000,0.000,0.000
313383.000,0.000,45828.000,0.000,0.000,0.000,0.000,0.000,0.000
313393.000,0.000,45828.000,0.000,0.000,0.000,0.000,0.000,0.000
313403.000,0.000,45828.000,0.000,0.000,0.000,0.000,0.000,0.000
313413.000,0.000,45828.000,0.000,0.000,0.000,0.000,0.000,0.000
313423.000,0.000,45828.000,0.000,0.000,0.000,0.000,0.000,0.000
313433.000,0.000,45828.000,0.000,0.000,0.000,0.000,0.000,0.000
313443.000,0.000,45828.000,0.000,0.000,0.000,0.000,0.000,0.000
313453.000,0.000,45828.000,0.000,0.000,0.000,0.000,0.000,0.000
313463.000,0.000,45828.000,0.000,0.000,0.000,0.000,0.000,0.000
313473.000,0.000,45828.000,0.000,0.000,0.000,0.000,0.000,0.000
313483.000,0.000,45828.000,0.000,0.000,0.000,0.000,0.000,0.000
313493.000,0.000,45828.000,0.000,0.000,0.000,0.000,0.000,0.000
313503.000,0.000,45828.000,0.000,0.000,0.000,0.000,0.000,0.000
313513.000,0.000,45828.000,0.000,0.000,0.000,0.000,0.000,0.000
313523.000,0.000,45828.000,0.000,0.000,0.000,0.000,0.000,0.000
313533.000,0.000,45828.000,0.000,0.000,0.000,0.000,0.000,0.000
313543.000,0.000,45828.000,0.000,0.000,0.000,0.000,0.000,0.000
313553.000,0.000,45828.000,0.000,0.000,0.000,0.000,0.000,0.000
313563.000,0.000,45828.000,0.000,0.000,0.000,0.000,0.000,0.000
313573.000,0.000,45828.000,0.000,0.000,0.000,0.000,0.000,0.000
313583.000,0.000,45828.000,0.000,0.000,0.000,0.000,0.000,0.000
313593.000,0.000,45828.000,0.000,0.000,0.000,0.000,0.000,0.000
313603.000,0.000,45828.000,0.000,0.000,0.000,0.000,0.000,0.000
313613.000,0.000,45828.000,0.000,0.000,0.000,0.000,0.000,0.000
313623.000,0.000,45828.000,0.000,0.000,0.000,0.000,0.000,0.000
313633.000,0.000,45828.000,0.000,0.000,0.000,0.000,0.000,0.000
313643.000,0.000,45828.000,0.000,0.000,0.000,0.000,0.000,0.000
313653.000,0.000,45828.000,0.000,0.000,0.000,0.000,0.000,0.000
313663.000,0.000,45828.000,0.000,0.000,0.000,0.000,0.000,0.000
313673.000,0.000,45828.000,0.000,0.000,0.000,0.000,0.000,0.000
313683.000,0.000,45828.000,0.000,0.000,0.000,0.000,0.000,0.000
313693.000,0.000,45828.000,0.000,0.000,0.000,0.000,0.000,0.000
313703.000,0.000,45828.000,0.000,0.000,0.000,0.000,0.000,0.000
313713.000,0.000,45828.000,0.000,0.000,0.000,0.000,0.000,0.000
313723.000,0.000,45828.000,0.000,0.000,0.000,0.000,0.000,0.000
313733.000,0.000,45828.000,0.000,0.000,0.000,0.000,0.000,0.000
313743.000,0.000,45828.000,0.000,0.000,0.000,0.000,0.000,0.000
313753.000,0.000,45828.000,0.000,0.000,0.000,0.000,0.000,0.000
313763.000,0.000,45828.000,0.000,0.000,0.000,0.000,0.000,0.000
313773.000,0.000,45828.000,0.000,0.000,0.000,0.000,0.000,0.000
313783.000,0.000,45828.000,0.000,0.000,0.000,0.000,0.000,0.000
313793.000,0.000,45828.000,0.000,0.000,0.000,0.000,0.000,0.000
313803.000,0.000,45828.000,0.000,0.000,0.000,0.000,0.000,0.000
313813.000,0.000,45828.000,0.000,0.000,0.000,0.000,0.000,0.000
313823.000,0.000,45828.000,0.000,0.000,0.000,0.000,0.000,0.000
313833.000,0.000,45828.000,0.000,0.000,0.000,0.000,0.000,0.000
313843.000,0.000,45828.000,0.000,0.000,0.000,0.000,0.000,0.000
313853.000,0.000,45828.000,0.000,0.000,0.000,0.000,0.000,0.000
313863.000,0.000,45828.000,0.000,0.000,0.000,0.000,0.000,0.000
313873.000,0.000,45828.000,0.000,0.000,0.000,0.000,0.000,0.000
313883.000,0.000,45828.000,0.000,0.000,0.000,0.000,0.000,0.000
313893.000,0.000,45828.000,0.000,0.000,0.000,0.000,0.000,0.000
313903.000,0.000,45828.000,0.000,0.000,0.000,0.000,0.000,0.000
313913.000,0.000,45828.000,0.000,0.000,0.000,0.000,0.000,0.000
313923.000,0.000,45828.000,0.000,0.000,0.000,0.000,0.000,0.000
313933.000,0.000,45828.000,0.000,0.000,0.000,0.000,0.000,0.000
313943.000,0.000,45828.000,0.000,0.000,0.000,0.000,0.000,0.000
313953.000,0.000,45828.000,0.000,0.000,0.000,0.000,0.000,0.000
313963.000,0.000,45828.000,0.000,0.000,0.000,0.000,0.000,0.000
313973.000,0.000,45828.000,0.000,0.000,0.000,0.000,0.000,0.000
313983.000,0.000,45828.000,0.000,0.000,0.000,0.000,0.000,0.000
313993.000,0.000,45828.000,0.000,0.000,0.000,0.000,0.000,0.000
314003.000,0.000,45828.000,0.000,0.000,0.000,0.000,0.000,0.000
314013.000,0.000,45828.000,0.000,0.000,0.000,0.000,0.000,0.000
314023.000,0.000,45828.000,0.000,0.000,0.000,0.000,0.000,0.000
314033.000,0.000,45828.000,0.000,0.000,0.000,0.000,0.000,0.000
314043.000,0.000,45828.000,0.000,0.000,0.000,0.000,0.000,0.000
314053.000,0.000,45828.000,0.000,0.000,0.000,0.000,0.000,0.000
314063.000,0.000,45828.000,0.000,0.000,0.000,0.000,0.000,0.000
314073.000,0.000,45828.000,0.000,0.000,0.000,0.000,0.000,0.000
314083.000,0.000,45828.000,0.000,0.000,0.000,0.000,0.000,0.000
314093.000,0.000,45828.000,0.000,0.000,0.000,0.000,0.000,0.000
314103.000,0.000,45828.000,0.000,0.000,0.000,0.000,0.000,0.000
314113.000,0.000,45828.000,0.000,0.000,0.000,0.000,0.000,0.000
314123.000,0.000,45828.000,0.000,0.000,0.000,0.000,0.000,0.000
314133.000,0.000,45828.000,0.000,0.000,0.000,0.000,0.000,0.000
314143.000,0.000,45828.000,0.000,0.000,0.000,0.000,0.000,0.000
314153.000,0.000,45828.000,0.000,0.000,0.000,0.000,0.000,0.000
314163.000,0.000,45828.000,0.000,0.000,0.000,0.000,0.000,0.000
314173.000,0.000,45828.000,0.000,0.000,0.000,0.000,0.000,0.000
314183.000,0.000,45828.000,0.000,0.000,0.000,0.000,0.000,0.000
314193.000,0.000,45828.000,0.000,0.000,0.000,0.000,0.000,0.000
314203.000,0.000,45828.000,0.000,0.000,0.000,0.000,0.000,0.000
314213.000,0.000,45828.000,0.000,0.000,0.000,0.000,0.000,0.000
314223.000,0.000,45828.000,0.000,0.000,0.000,0.000,0.000,0.000
314233.000,0.000,45828.000,0.000,0.000,0.000,0.000,0.000,0.000
314243.000,0.000,45828.000,0.000,0.000,0.000,0.000,0.000,0.000
314253.000,0.000,45828.000,0.000,0.000,0.000,0.000,0.000,0.000
314263.000,0.000,45828.000,0.000,0.000,0.000,0.000,0.000,0.000
314273.000,0.000,45828.000,0.000,0.000,0.000,0.000,0.000,0.000
314283.000,0.000,45828.000,0.000,0.000,0.000,0.000,0.000,0.000
314293.000,0.000,45828.000,0.000,0.000,0.000,0.000,0.000,0.000
314303.000,0.000,45828.000,0.000,0.000,0.000,0.000,0.000,0.000
314313.000,0.000,45828.000,0.000,0.000,0.000,0.000,0.000,0.000
314323.000,0.000,45828.000,0.000,0.000,0.000,0.000,0.000,0.000
314333.000,0.000,45828.000,0.000,0.000,0.000,0.000,0.000,0.000
314343.000,0.000,45828.000,0.000,0.000,0.000,0.000,0.000,0.000
314353.000,0.000,45828.000,0.000,0.000,0.000,0.000,0.000,0.000
314363.000,0.000,45828.000,0.000,0.000,0.000,0.000,0.000,0.000
314373.000,0.000,45828.000,0.000,0.000,0.000,0.000,0.000,0.000
314383.000,0.000,45828.000,0.000,0.000,0.000,0.000,0.000,0.000
314393.000,0.000,45828.000,0.000,0.000,0.000,0.000,0.000,0.000
314403.000,0.000,45828.000,0.000,0.000,0.000,0.000,0.000,0.000
314413.000,0.000,45828.000,0.000,0.000,0.000,0.000,0.000,0.000
314423.000,0.000,45828.000,0.000,0.000,0.000,0.000,0.000,0.000
314433.000,0.000,45828.000,0.000,0.000,0.000,0.000,0.000,0.000
314443.000,0.000,45828.000,0.000,0.000,0.000,0.000,0.000,0.000
314453.000,0.000,45828.000,0.000,0.000,0.000,0.000,0.000,0.000
314463.000,0.000,45828.000,0.000,0.000,0.000,0.000,0.000,0.000
314473.000,0.000,45828.000,0.000,0.000,0.000,0.000,0.000,0.000
314483.000,0.000,45828.000,0.000,0.000,0.000,0.000,0.000,0.000
314493.000,0.000,45828.000,0.000,0.000,0.000,0.000,0.000,0.000
314503.000,0.000,45828.000,0.000,0.000,0.000,0.000,0.000,0.000
314513.000,0.000,45828.000,0.000,0.000,0.000,0.000,0.000,0.000
314523.000,0.000,45828.000,0.000,0.000,0.000,0.000,0.000,0.000
314533.000,0.000,45828.000,0.000,0.000,0.000,0.000,0.000,0.000
314543.000,0.000,45828.000,0.000,0.000,0.000,0.000,0.000,0.000
314553.000,0.000,45828.000,0.000,0.000,0.000,0.000,0.000,0.000
314563.000,0.000,45828.000,0.000,0.000,0.000,0.000,0.000,0.000
314573.000,0.000,45828.000,0.000,0.000,0.000,0.000,0.000,0.000
314583.000,0.000,45828.000,0.000,0.000,0.000,0.000,0.000,0.000
314593.000,0.000,45828.000,0.000,0.000,0.000,0.000,0.000,0.000
314603.000,0.000,45828.000,0.000,0.000,0.000,0.000,0.000,0.000
314613.000,0.000,45828.000,0.000,0.000,0.000,0.000,0.000,0.000
314623.000,0.000,45828.000,0.000,0.000,0.000,0.000,0.000,0.000
314633.000,0.000,45828.000,0.000,0.000,0.000,0.000,0.000,0.000
314643.000,0.000,45828.000,0.000,0.000,0.000,0.000,0.000,0.000
314653.000,0.000,45828.000,0.000,0.000,0.000,0.000,0.000,0.000
314663.000,0.000,45828.000,0.000,0.000,0.000,0.000,0.000,0.000
314673.000,0.000,45828.000,0.000,0.000,0.000,0.000,0.000,0.000
314683.000,0.000,45828.000,0.000,0.000,0.000,0.000,0.000,0.000
314693.000,0.000,45828.000,0.000,0.000,0.000,0.000,0.000,0.000
314703.000,0.000,45828.000,0.000,0.000,0.000,0.000,0.000,0.000
314713.000,0.000,45828.000,0.000,0.000,0.000,0.000,0.000,0.000
314723.000,0.000,45828.000,0.000,0.000,0.000,0.000,0.000,0.000
314733.000,0.000,45828.000,0.000,0.000,0.000,0.000,0.000,0.000
314743.000,0.000,45828.000,0.000,0.000,0.000,0.000,0.000,0.000
314753.000,0.000,45828.000,0.000,0.000,0.000,0.000,0.000,0.000
314763.000,0.000,45828.000,0.000,0.000,0.000,0.000,0.000,0.000
314773.000,0.000,45828.000,0.000,0.000,0.000,0.000,0.000,0.000
314783.000,0.000,45828.000,0.000,0.000,0.000,0.000,0.000,0.000
314793.000,0.000,45828.000,0.000,0.000,0.000,0.000,0.000,0.000
314803.000,0.000,45828.000,0.000,0.000,0.000,0.000,0.000,0.000
314813.000,0.000,45828.000,0.000,0.000,0.000,0.000,0.000,0.000
314823.000,0.000,45828.000,0.000,0.000,0.000,0.000,0.000,0.000
314833.000,0.000,45828.000,0.000,0.000,0.000,0.000,0.000,0.000
314843.000,0.000,45828.000,0.000,0.000,0.000,0.000,0.000,0.000
314853.000,0.000,45828.000,0.000,0.000,0.000,0.000,0.000,0.000
314863.000,0.000,45828.000,0.000,0.000,0.000,0.000,0.000,0.000
314873.000,0.000,45828.000,0.000,0.000,0.000,0.000,0.000,0.000
314883.000,0.000,45828.000,0.000,0.000,0.000,0.000,0.000,0.000
314893.000,0.000,45828.000,0.000,0.000,0.000,0.000,0.000,0.000
314903.000,0.000,45828.000,0.000,0.000,0.000,0.000,0.000,0.000
314913.000,0.000,45828.000,0.000,0.000,0.000,0.000,0.000,0.000
314923.000,0.000,45828.000,0.000,0.000,0.000,0.000,0.000,0.000
314933.000,0.000,45828.000,0.000,0.000,0.000,0.000,0.000,0.000
314943.000,0.000,45828.000,0.000,0.000,0.000,0.000,0.000,0.000
314953.000,0.000,45828.000,0.000,0.000,0.000,0.000,0.000,0.000
314963.000,0.000,45828.000,0.000,0.000,0.000,0.000,0.000,0.000
314973.000,0.000,45828.000,0.000,0.000,0.000,0.000,0.000,0.000
314983.000,0.000,45828.000,0.000,0.000,0.000,0.000,0.000,0.000
314993.000,0.000,45828.000,0.000,0.000,0.000,0.000,0.000,0.000
315003.000,0.000,45828.000,0.000,0.000,0.000,0.000,0.000,0.000
315013.000,0.000,45828.000,0.000,0.000,0.000,0.000,0.000,0.000
315023.000,0.000,45828.000,0.000,0.000,0.000,0.000,0.000,0.000
315033.000,0.000,45828.000,0.000,0.000,0.000,0.000,0.000,0.000
315043.000,0.000,45828.000,0.000,0.000,0.000,0.000,0.000,0.000
315053.000,0.000,45828.000,0.000,0.000,0.000,0.000,0.000,0.000
315063.000,0.000,45828.000,0.000,0.000,0.000,0.000,0.000,0.000
315073.000,0.000,45828.000,0.000,0.000,0.000,0.000,0.000,0.000
315083.000,0.000,45828.000,0.000,0.000,0.000,0.000,0.000,0.000
315093.000,0.000,45828.000,0.000,0.000,0.000,0.000,0.000,0.000
315103.000,0.000,45828.000,0.000,0.000,0.000,0.000,0.000,0.000
315113.000,0.000,45828.000,0.000,0.000,0.000,0.000,0.000,0.000
315123.000,0.000,45828.000,0.000,0.000,0.000,0.000,0.000,0.000
315133.000,0.000,45828.000,0.000,0.000,0.000,0.000,0.000,0.000
315143.000,0.000,45828.000,0.000,0.000,0.000,0.000,0.000,0.000
315153.000,0.000,45828.000,0.000,0.000,0.000,0.000,0.000,0.000
315163.000,0.000,45828.000,0.000,0.000,0.000,0.000,0.000,0.000
315173.000,0.000,45828.000,0.000,0.000,0.000,0.000,0.000,0.000
315183.000,0.000,45828.000,0.000,0.000,0.000,0.000,0.000,0.000
315193.000,0.000,45828.000,0.000,0.000,0.000,0.000,0.000,0.000
315203.000,0.000,45828.000,0.000,0.000,0.000,0.000,0.000,0.000
315213.000,0.000,45828.000,0.000,0.000,0.000,0.000,0.000,0.000
315223.000,0.000,45828.000,0.000,0.000,0.000,0.000,0.000,0.000
315233.000,0.000,45828.000,0.000,0.000,0.000,0.000,0.000,0.000
315243.000,0.000,45828.000,0.000,0.000,0.000,0.000,0.000,0.000
315253.000,0.000,45828.000,0.000,0.000,0.000,0.000,0.000,0.000
315263.000,0.000,45828.000,0.000,0.000,0.000,0.000,0.000,0.000
315273.000,0.000,45828.000,0.000,0.000,0.000,0.000,0.000,0.000
315283.000,0.000,45828.000,0.000,0.000,0.000,0.000,0.000,0.000
315293.000,0.000,45828.000,0.000,0.000,0.000,0.000,0.000,0.000
315303.000,0.000,45828.000,0.000,0.000,0.000,0.000,0.000,0.000
315313.000,0.000,45828.000,0.000,0.000,0.000,0.000,0.000,0.000
315323.000,0.000,45828.000,0.000,0.000,0.000,0.000,0.000,0.000
315333.000,0.000,45828.000,0.000,0.000,0.000,0.000,0.000,0.000
315343.000,0.000,45828.000,0.000,0.000,0.000,0.000,0.000,0.000
315353.000,0.000,45828.000,0.000,0.000,0.000,0.000,0.000,0.000
315363.000,0.000,45828.000,0.000,0.000,0.000,0.000,0.000,0.000
315373.000,0.000,45828.000,0.000,0.000,0.000,0.000,0.000,0.000
315383.000,0.000,45828.000,0.000,0.000,0.000,0.000,0.000,0.000
315393.000,0.000,45828.000,0.000,0.000,0.000,0.000,0.000,0.000
315403.000,0.000,45828.000,0.000,0.000,0.000,0.000,0.000,0.000
315413.000,0.000,45828.000,0.000,0.000,0.000,0.000,0.000,0.000
315423.000,0.000,45828.000,0.000,0.000,0.000,0.000,0.000,0.000
315433.000,0.000,45828.000,0.000,0.000,0.000,0.000,0.000,0.000
315443.000,0.000,45828.000,0.000,0.000,0.000,0.000,0.000,0.000
315453.000,0.000,45828.000,0.000,0.000,0.000,0.000,0.000,0.000
315463.000,0.000,45828.000,0.000,0.000,0.000,0.000,0.000,0.000
315473.000,0.000,45828.000,0.000,0.000,0.000,0.000,0.000,0.000
315483.000,0.000,45828.000,0.000,0.000,0.000,0.000,0.000,0.000
315493.000,0.000,45828.000,0.000,0.000,0.000,0.000,0.000,0.000
315503.000,0.000,45828.000,0.000,0.000,0.000,0.000,0.000,0.000
315513.000,0.000,45828.000,0.000,0.000,0.000,0.000,0.000,0.000
315523.000,0.000,45828.000,0.000,0.000,0.000,0.000,0.000,0.000
315533.000,0.000,45828.000,0.000,0.000,0.000,0.000,0.000,0.000
315543.000,0.000,45828.000,0.000,0.000,0.000,0.000,0.000,0.000
315553.000,0.000,45828.000,0.000,0.000,0.000,0.000,0.000,0.000
315563.000,0.000,45828.000,0.000,0.000,0.000,0.000,0.000,0.000
315573.000,0.000,45828.000,0.000,0.000,0.000,0.000,0.000,0.000
315583.000,0.000,45828.000,0.000,0.000,0.000,0.000,0.000,0.000
315593.000,0.000,45828.000,0.000,0.000,0.000,0.000,0.000,0.000
315603.000,0.000,45828.000,0.000,0.000,0.000,0.000,0.000,0.000
315613.000,0.000,45828.000,0.000,0.000,0.000,0.000,0.000,0.000
315623.000,0.000,45828.000,0.000,0.000,0.000,0.000,0.000,0.000
315633.000,0.000,45828.000,0.000,0.000,0.000,0.000,0.000,0.000
315643.000,0.000,45828.000,0.000,0.000,0.000,0.000,0.000,0.000
315653.000,0.000,45828.000,0.000,0.000,0.000,0.000,0.000,0.000
315663.000,0.000,45828.000,0.000,0.000,0.000,0.000,0.000,0.000
315673.000,0.000,45828.000,0.000,0.000,0.000,0.000,0.000,0.000
315683.000,0.000,45828.000,0.000,0.000,0.000,0.000,0.000,0.000
315693.000,0.000,45828.000,0.000,0.000,0.000,0.000,0.000,0.000
315703.000,0.000,45828.000,0.000,0.000,0.000,0.000,0.000,0.000
315713.000,0.000,45828.000,0.000,0.000,0.000,0.000,0.000,0.000
315723.000,0.000,45828.000,0.000,0.000,0.000,0.000,0.000,0.000
315733.000,0.000,45828.000,0.000,0.000,0.000,0.000,0.000,0.000
315743.000,0.000,45828.000,0.000,0.000,0.000,0.000,0.000,0.000
315753.000,0.000,45828.000,0.000,0.000,0.000,0.000,0.000,0.000
315763.000,0.000,45828.000,0.000,0.000,0.000,0.000,0.000,0.000
315773.000,0.000,45828.000,0.000,0.000,0.000,0.000,0.000,0.000
315783.000,0.000,45828.000,0.000,0.000,0.000,0.000,0.000,0.000
315793.000,0.000,45828.000,0.000,0.000,0.000,0.000,0.000,0.000
315803.000,0.000,45828.000,0.000,0.000,0.000,0.000,0.000,0.000
315813.000,0.000,45828.000,0.000,0.000,0.000,0.000,0.000,0.000
315823.000,0.000,45828.000,0.000,0.000,0.000,0.000,0.000,0.000
315833.000,0.000,45828.000,0.000,0.000,0.000,0.000,0.000,0.000
315843.000,0.000,45828.000,0.000,0.000,0.000,0.000,0.000,0.000
315853.000,0.000,45828.000,0.000,0.000,0.000,0.000,0.000,0.000
315863.000,0.000,45828.000,0.000,0.000,0.000,0.000,0.000,0.000
315873.000,0.000,45828.000,0.000,0.000,0.000,0.000,0.000,0.000
315883.000,0.000,45828.000,0.000,0.000,0.000,0.000,0.000,0.000
315893.000,0.000,45828.000,0.000,0.000,0.000,0.000,0.000,0.000
315903.000,0.000,45828.000,0.000,0.000,0.000,0.000,0.000,0.000
315913.000,0.000,45828.000,0.000,0.000,0.000,0.000,0.000,0.000
315923.000,0.000,45828.000,0.000,0.000,0.000,0.000,0.000,0.000
315933.000,0.000,45828.000,0.000,0.000,0.000,0.000,0.000,0.000
315943.000,0.000,45828.000,0.000,0.000,0.000,0.000,0.000,0.000
315953.000,0.000,45828.000,0.000,0.000,0.000,0.000,0.000,0.000
315963.000,0.000,45828.000,0.000,0.000,0.000,0.000,0.000,0.000
315973.000,0.000,45828.000,0.000,0.000,0.000,0.000,0.000,0.000
315983.000,0.000,45828.000,0.000,0.000,0.000,0.000,0.000,0.000
315993.000,0.000,45828.000,0.000,0.000,0.000,0.000,0.000,0.000
316003.000,0.000,45828.000,0.000,0.000,0.000,0.000,0.000,0.000
316013.000,0.000,45828.000,0.000,0.000,0.000,0.000,0.000,0.000
316023.000,0.000,45828.000,0.000,0.000,0.000,0.000,0.000,0.000
316033.000,0.000,45828.000,0.000,0.000,0.000,0.000,0.000,0.000
316043.000,0.000,45828.000,0.000,0.000,0.000,0.000,0.000,0.000
316053.000,0.000,45828.000,0.000,0.000,0.000,0.000,0.000,0.000
316063.000,0.000,45828.000,0.000,0.000,0.000,0.000,0.000,0.000
316073.000,0.000,45828.000,0.000,0.000,0.000,0.000,0.000,0.000
316083.000,0.000,45828.000,0.000,0.000,0.000,0.000,0.000,0.000
316093.000,0.000,45828.000,0.000,0.000,0.000,0.000,0.000,0.000
316103.000,0.000,45828.000,0.000,0.000,0.000,0.000,0.000,0.000
316113.000,0.000,45828.000,0.000,0.000,0.000,0.000,0.000,0.000
316123.000,0.000,45828.000,0.000,0.000,0.000,0.000,0.000,0.000
316133.000,0.000,45828.000,0.000,0.000,0.000,0.000,0.000,0.000
316143.000,0.000,45828.000,0.000,0.000,0.000,0.000,0.000,0.000
316153.000,0.000,45828.000,0.000,0.000,0.000,0.000,0.000,0.000
316163.000,0.000,45828.000,0.000,0.000,0.000,0.000,0.000,0.000
316173.000,0.000,45828.000,0.000,0.000,0.000,0.000,0.000,0.000
316183.000,0.000,45828.000,0.000,0.000,0.000,0.000,0.000,0.000
316193.000,0.000,45828.000,0.000,0.000,0.000,0.000,0.000,0.000
316203.000,0.000,45828.000,0.000,0.000,0.000,0.000,0.000,0.000
316213.000,0.000,45828.000,0.000,0.000,0.000,0.000,0.000,0.000
316223.000,0.000,45828.000,0.000,0.000,0.000,0.000,0.000,0.000
316233.000,0.000,45828.000,0.000,0.000,0.000,0.000,0.000,0.000
316243.000,0.000,45828.000,0.000,0.000,0.000,0.000,0.000,0.000
316253.000,0.000,45828.000,0.000,0.000,0.000,0.000,0.000,0.000
316263.000,0.000,45828.000,0.000,0.000,0.000,0.000,0.000,0.000
316273.000,0.000,45828.000,0.000,0.000,0.000,0.000,0.000,0.000
316283.000,0.000,45828.000,0.000,0.000,0.000,0.000,0.000,0.000
316293.000,0.000,45828.000,0.000,0.000,0.000,0.000,0.000,0.000
316303.000,0.000,45828.000,0.000,0.000,0.000,0.000,0.000,0.000
316313.000,0.000,45828.000,0.000,0.000,0.000,0.000,0.000,0.000
316323.000,0.000,45828.000,0.000,0.000,0.000,0.000,0.000,0.000
316333.000,0.000,45828.000,0.000,0.000,0.000,0.000,0.000,0.000
316343.000,0.000,45828.000,0.000,0.000,0.000,0.000,0.000,0.000
316353.000,0.000,45828.000,0.000,0.000,0.000,0.000,0.000,0.000
316363.000,0.000,45828.000,0.000,0.000,0.000,0.000,0.000,0.000
316373.000,0.000,45828.000,0.000,0.000,0.000,0.000,0.000,0.000
316383.000,0.000,45828.000,0.000,0.000,0.000,0.000,0.000,0.000
316393.000,0.000,45828.000,0.000,0.000,0.000,0.000,0.000,0.000
316403.000,0.000,45828.000,0.000,0.000,0.000,0.000,0.000,0.000
316413.000,0.000,45828.000,0.000,0.000,0.000,0.000,0.000,0.000
316423.000,0.000,45828.000,0.000,0.000,0.000,0.000,0.000,0.000
316433.000,0.000,45828.000,0.000,0.000,0.000,0.000,0.000,0.000
316443.000,0.000,45828.000,0.000,0.000,0.000,0.000,0.000,0.000
316453.000,0.000,45828.000,0.000,0.000,0.000,0.000,0.000,0.000
316463.000,0.000,45828.000,0.000,0.000,0.000,0.000,0.000,0.000
316473.000,0.000,45828.000,0.000,0.000,0.000,0.000,0.000,0.000
316483.000,0.000,45828.000,0.000,0.000,0.000,0.000,0.000,0.000
316493.000,0.000,45828.000,0.000,0.000,0.000,0.000,0.000,0.000
316503.000,0.000,45828.000,0.000,0.000,0.000,0.000,0.000,0.000
316513.000,0.000,45828.000,0.000,0.000,0.000,0.000,0.000,0.000
316523.000,0.000,45828.000,0.000,0.000,0.000,0.000,0.000,0.000
316533.000,0.000,45828.000,0.000,0.000,0.000,0.000,0.000,0.000
316543.000,0.000,45828.000,0.000,0.000,0.000,0.000,0.000,0.000
316553.000,0.000,45828.000,0.000,0.000,0.000,0.000,0.000,0.000
316563.000,0.000,45828.000,0.000,0.000,0.000,0.000,0.000,0.000
316573.000,0.000,45828.000,0.000,0.000,0.000,0.000,0.000,0.000
316583.000,0.000,45828.000,0.000,0.000,0.000,0.000,0.000,0.000
316593.000,0.000,45828.000,0.000,0.000,0.000,0.000,0.000,0.000
316603.000,0.000,45828.000,0.000,0.000,0.000,0.000,0.000,0.000
316613.000,0.000,45828.000,0.000,0.000,0.000,0.000,0.000,0.000
316623.000,0.000,45828.000,0.000,0.000,0.000,0.000,0.000,0.000
316633.000,0.000,45828.000,0.000,0.000,0.000,0.000,0.000,0.000
316643.000,0.000,45828.000,0.000,0.000,0.000,0.000,0.000,0.000
316653.000,0.000,45828.000,0.000,0.000,0.000,0.000,0.000,0.000
316663.000,0.000,45828.000,0.000,0.000,0.000,0.000,0.000,0.000
316673.000,0.000,45828.000,0.000,0.000,0.000,0.000,0.000,0.000
316683.000,0.000,45828.000,0.000,0.000,0.000,0.000,0.000,0.000
316693.000,0.000,45828.000,0.000,0.000,0.000,0.000,0.000,0.000
316703.000,0.000,45828.000,0.000,0.000,0.000,0.000,0.000,0.000
316713.000,0.000,45828.000,0.000,0.000,0.000,0.000,0.000,0.000
316723.000,0.000,45828.000,0.000,0.000,0.000,0.000,0.000,0.000
316733.000,0.000,45828.000,0.000,0.000,0.000,0.000,0.000,0.000
316743.000,0.000,45828.000,0.000,0.000,0.000,0.000,0.000,0.000
316753.000,0.000,45828.000,0.000,0.000,0.000,0.000,0.000,0.000
316763.000,0.000,45828.000,0.000,0.000,0.000,0.000,0.000,0.000
316773.000,0.000,45828.000,0.000,0.000,0.000,0.000,0.000,0.000
316783.000,0.000,45828.000,0.000,0.000,0.000,0.000,0.000,0.000
316793.000,0.000,45828.000,0.000,0.000,0.000,0.000,0.000,0.000
316803.000,0.000,45828.000,0.000,0.000,0.000,0.000,0.000,0.000
316813.000,0.000,45828.000,0.000,0.000,0.000,0.000,0.000,0.000
316823.000,0.000,45828.000,0.000,0.000,0.000,0.000,0.000,0.000
316833.000,0.000,45828.000,0.000,0.000,0.000,0.000,0.000,0.000
316843.000,0.000,45828.000,0.000,0.000,0.000,0.000,0.000,0.000
316853.000,0.000,45828.000,0.000,0.000,0.000,0.000,0.000,0.000
316863.000,0.000,45828.000,0.000,0.000,0.000,0.000,0.000,0.000
316873.000,0.000,45828.000,0.000,0.000,0.000,0.000,0.000,0.000
316883.000,0.000,45828.000,0.000,0.000,0.000,0.000,0.000,0.000
316893.000,0.000,45828.000,0.000,0.000,0.000,0.000,0.000,0.000
316903.000,0.000,45828.000,0.000,0.000,0.000,0.000,0.000,0.000
316913.000,0.000,45828.000,0.000,0.000,0.000,0.000,0.000,0.000
316923.000,0.000,45828.000,0.000,0.000,0.000,0.000,0.000,0.000
316933.000,0.000,45828.000,0.000,0.000,0.000,0.000,0.000,0.000
316943.000,0.000,45828.000,0.000,0.000,0.000,0.000,0.000,0.000
316953.000,0.000,45828.000,0.000,0.000,0.000,0.000,0.000,0.000
316963.000,0.000,45828.000,0.000,0.000,0.000,0.000,0.000,0.000
316973.000,0.000,45828.000,0.000,0.000,0.000,0.000,0.000,0.000
316983.000,0.000,45828.000,0.000,0.000,0.000,0.000,0.000,0.000
316993.000,0.000,45828.000,0.000,0.000,0.000,0.000,0.000,0.000
317003.000,0.000,45828.000,0.000,0.000,0.000,0.000,0.000,0.000
317013.000,0.000,45828.000,0.000,0.000,0.000,0.000,0.000,0.000
317023.000,0.000,45828.000,0.000,0.000,0.000,0.000,0.000,0.000
317033.000,0.000,45828.000,0.000,0.000,0.000,0.000,0.000,0.000
317043.000,0.000,45828.000,0.000,0.000,0.000,0.000,0.000,0.000
317053.000,0.000,45828.000,0.000,0.000,0.000,0.000,0.000,0.000
317063.000,0.000,45828.000,0.000,0.000,0.000,0.000,0.000,0.000
317073.000,0.000,45828.000,0.000,0.000,0.000,0.000,0.000,0.000
317083.000,0.000,45828.000,0.000,0.000,0.000,0.000,0.000,0.000
317093.000,0.000,45828.000,0.000,0.000,0.000,0.000,0.000,0.000
317103.000,0.000,45828.000,0.000,0.000,0.000,0.000,0.000,0.000
317113.000,0.000,45828.000,0.000,0.000,0.000,0.000,0.000,0.000
317123.000,0.000,45828.000,0.000,0.000,0.000,0.000,0.000,0.000
317133.000,0.000,45828.000,0.000,0.000,0.000,0.000,0.000,0.000
317143.000,0.000,45828.000,0.000,0.000,0.000,0.000,0.000,0.000
317153.000,0.000,45828.000,0.000,0.000,0.000,0.000,0.000,0.000
317163.000,0.000,45828.000,0.000,0.000,0.000,0.000,0.000,0.000
317173.000,0.000,45828.000,0.000,0.000,0.000,0.000,0.000,0.000
317183.000,0.000,45828.000,0.000,0.000,0.000,0.000,0.000,0.000
317193.000,0.000,45828.000,0.000,0.000,0.000,0.000,0.000,0.000
317203.000,0.000,45828.000,0.000,0.000,0.000,0.000,0.000,0.000
317213.000,0.000,45828.000,0.000,0.000,0.000,0.000,0.000,0.000
317223.000,0.000,45828.000,0.000,0.000,0.000,0.000,0.000,0.000
317233.000,0.000,45828.000,0.000,0.000,0.000,0.000,0.000,0.000
317243.000,0.000,45828.000,0.000,0.000,0.000,0.000,0.000,0.000
317253.000,0.000,45828.000,0.000,0.000,0.000,0.000,0.000,0.000
317263.000,0.000,45828.000,0.000,0.000,0.000,0.000,0.000,0.000
317273.000,0.000,45828.000,0.000,0.000,0.000,0.000,0.000,0.000
317283.000,0.000,45828.000,0.000,0.000,0.000,0.000,0.000,0.000
317293.000,0.000,45828.000,0.000,0.000,0.000,0.000,0.000,0.000
317303.000,0.000,45828.000,0.000,0.000,0.000,0.000,0.000,0.000
317313.000,0.000,45828.000,0.000,0.000,0.000,0.000,0.000,0.000
317323.000,0.000,45828.000,0.000,0.000,0.000,0.000,0.000,0.000
317333.000,0.000,45828.000,0.000,0.000,0.000,0.000,0.000,0.000
317343.000,0.000,45828.000,0.000,0.000,0.000,0.000,0.000,0.000
317353.000,0.000,45828.000,0.000,0.000,0.000,0.000,0.000,0.000
317363.000,0.000,45828.000,0.000,0.000,0.000,0.000,0.000,0.000
317373.000,0.000,45828.000,0.000,0.000,0.000,0.000,0.000,0.000
317383.000,0.000,45828.000,0.000,0.000,0.000,0.000,0.000,0.000
317393.000,0.000,45828.000,0.000,0.000,0.000,0.000,0.000,0.000
317403.000,0.000,45828.000,0.000,0.000,0.000,0.000,0.000,0.000
317413.000,0.000,45828.000,0.000,0.000,0.000,0.000,0.000,0.000
317423.000,0.000,45828.000,0.000,0.000,0.000,0.000,0.000,0.000
317433.000,0.000,45828.000,0.000,0.000,0.000,0.000,0.000,0.000
317443.000,0.000,45828.000,0.000,0.000,0.000,0.000,0.000,0.000
317453.000,0.000,45828.000,0.000,0.000,0.000,0.000,0.000,0.000
317463.000,0.000,45828.000,0.000,0.000,0.000,0.000,0.000,0.000
317473.000,0.000,45828.000,0.000,0.000,0.000,0.000,0.000,0.000
317483.000,0.000,45828.000,0.000,0.000,0.000,0.000,0.000,0.000
317493.000,0.000,45828.000,0.000,0.000,0.000,0.000,0.000,0.000
317503.000,0.000,45828.000,0.000,0.000,0.000,0.000,0.000,0.000
317513.000,0.000,45828.000,0.000,0.000,0.000,0.000,0.000,0.000
317523.000,0.000,45828.000,0.000,0.000,0.000,0.000,0.000,0.000
317533.000,0.000,45828.000,0.000,0.000,0.000,0.000,0.000,0.000
317543.000,0.000,45828.000,0.000,0.000,0.000,0.000,0.000,0.000
317553.000,0.000,45828.000,0.000,0.000,0.000,0.000,0.000,0.000
317563.000,0.000,45828.000,0.000,0.000,0.000,0.000,0.000,0.000
317573.000,0.000,45828.000,0.000,0.000,0.000,0.000,0.000,0.000
317583.000,0.000,45828.000,0.000,0.000,0.000,0.000,0.000,0.000
317593.000,0.000,45828.000,0.000,0.000,0.000,0.000,0.000,0.000
317603.000,0.000,45828.000,0.000,0.000,0.000,0.000,0.000,0.000
317613.000,0.000,45828.000,0.000,0.000,0.000,0.000,0.000,0.000
317623.000,0.000,45828.000,0.000,0.000,0.000,0.000,0.000,0.000
317633.000,0.000,45828.000,0.000,0.000,0.000,0.000,0.000,0.000
317643.000,0.000,45828.000,0.000,0.000,0.000,0.000,0.000,0.000
317653.000,0.000,45828.000,0.000,0.000,0.000,0.000,0.000,0.000
317663.000,0.000,45828.000,0.000,0.000,0.000,0.000,0.000,0.000
317673.000,0.000,45828.000,0.000,0.000,0.000,0.000,0.000,0.000
317683.000,0.000,45828.000,0.000,0.000,0.000,0.000,0.000,0.000
317693.000,0.000,45828.000,0.000,0.000,0.000,0.000,0.000,0.000
317703.000,0.000,45828.000,0.000,0.000,0.000,0.000,0.000,0.000
317713.000,0.000,45828.000,0.000,0.000,0.000,0.000,0.000,0.000
317723.000,0.000,45828.000,0.000,0.000,0.000,0.000,0.000,0.000
317733.000,0.000,45828.000,0.000,0.000,0.000,0.000,0.000,0.000
317743.000,0.000,45828.000,0.000,0.000,0.000,0.000,0.000,0.000
317753.000,0.000,45828.000,0.000,0.000,0.000,0.000,0.000,0.000
317763.000,0.000,45828.000,0.000,0.000,0.000,0.000,0.000,0.000
317773.000,0.000,45828.000,0.000,0.000,0.000,0.000,0.000,0.000
317783.000,0.000,45828.000,0.000,0.000,0.000,0.000,0.000,0.000
317793.000,0.000,45828.000,0.000,0.000,0.000,0.000,0.000,0.000
317803.000,0.000,45828.000,0.000,0.000,0.000,0.000,0.000,0.000
317813.000,0.000,45828.000,0.000,0.000,0.000,0.000,0.000,0.000
317823.000,0.000,45828.000,0.000,0.000,0.000,0.000,0.000,0.000
317833.000,0.000,45828.000,0.000,0.000,0.000,0.000,0.000,0.000
317843.000,0.000,45828.000,0.000,0.000,0.000,0.000,0.000,0.000
317853.000,0.000,45828.000,0.000,0.000,0.000,0.000,0.000,0.000
317863.000,0.000,45828.000,0.000,0.000,0.000,0.000,0.000,0.000
317873.000,0.000,45828.000,0.000,0.000,0.000,0.000,0.000,0.000
317883.000,0.000,45828.000,0.000,0.000,0.000,0.000,0.000,0.000
317893.000,0.000,45828.000,0.000,0.000,0.000,0.000,0.000,0.000
317903.000,0.000,45828.000,0.000,0.000,0.000,0.000,0.000,0.000
317913.000,0.000,45828.000,0.000,0.000,0.000,0.000,0.000,0.000
317923.000,0.000,45828.000,0.000,0.000,0.000,0.000,0.000,0.000
317933.000,0.000,45828.000,0.000,0.000,0.000,0.000,0.000,0.000
317943.000,0.000,45828.000,0.000,0.000,0.000,0.000,0.000,0.000
317953.000,0.000,45828.000,0.000,0.000,0.000,0.000,0.000,0.000
317963.000,0.000,45828.000,0.000,0.000,0.000,0.000,0.000,0.000
317973.000,0.000,45828.000,0.000,0.000,0.000,0.000,0.000,0.000
317983.000,0.000,45828.000,0.000,0.000,0.000,0.000,0.000,0.000
317993.000,0.000,45828.000,0.000,0.000,0.000,0.000,0.000,0.000
318003.000,0.000,45828.000,0.000,0.000,0.000,0.000,0.000,0.000
318013.000,0.000,45828.000,0.000,0.000,0.000,0.000,0.000,0.000
318023.000,0.000,45828.000,0.000,0.000,0.000,0.000,0.000,0.000
318033.000,0.000,45828.000,0.000,0.000,0.000,0.000,0.000,0.000
318043.000,0.000,45828.000,0.000,0.000,0.000,0.000,0.000,0.000
318053.000,0.000,45828.000,0.000,0.000,0.000,0.000,0.000,0.000
318063.000,0.000,45828.000,0.000,0.000,0.000,0.000,0.000,0.000
318073.000,0.000,45828.000,0.000,0.000,0.000,0.000,0.000,0.000
318083.000,0.000,45828.000,0.000,0.000,0.000,0.000,0.000,0.000
318093.000,0.000,45828.000,0.000,0.000,0.000,0.000,0.000,0.000
318103.000,0.000,45828.000,0.000,0.000,0.000,0.000,0.000,0.000
318113.000,0.000,45828.000,0.000,0.000,0.000,0.000,0.000,0.000
318123.000,0.000,45828.000,0.000,0.000,0.000,0.000,0.000,0.000
318133.000,0.000,45828.000,0.000,0.000,0.000,0.000,0.000,0.000
318143.000,0.000,45828.000,0.000,0.000,0.000,0.000,0.000,0.000
318153.000,0.000,45828.000,0.000,0.000,0.000,0.000,0.000,0.000
318163.000,0.000,45828.000,0.000,0.000,0.000,0.000,0.000,0.000
318173.000,0.000,45828.000,0.000,0.000,0.000,0.000,0.000,0.000
318183.000,0.000,45828.000,0.000,0.000,0.000,0.000,0.000,0.000
318193.000,0.000,45828.000,0.000,0.000,0.000,0.000,0.000,0.000
318203.000,0.000,45828.000,0.000,0.000,0.000,0.000,0.000,0.000
318213.000,0.000,45828.000,0.000,0.000,0.000,0.000,0.000,0.000
318223.000,0.000,45828.000,0.000,0.000,0.000,0.000,0.000,0.000
318233.000,0.000,45828.000,0.000,0.000,0.000,0.000,0.000,0.000
318243.000,0.000,45828.000,0.000,0.000,0.000,0.000,0.000,0.000
318253.000,0.000,45828.000,0.000,0.000,0.000,0.000,0.000,0.000
318263.000,0.000,45828.000,0.000,0.000,0.000,0.000,0.000,0.000
318273.000,0.000,45828.000,0.000,0.000,0.000,0.000,0.000,0.000
318283.000,0.000,45828.000,0.000,0.000,0.000,0.000,0.000,0.000
318293.000,0.000,45828.000,0.000,0.000,0.000,0.000,0.000,0.000
318303.000,0.000,45828.000,0.000,0.000,0.000,0.000,0.000,0.000
318313.000,0.000,45828.000,0.000,0.000,0.000,0.000,0.000,0.000
318323.000,0.000,45828.000,0.000,0.000,0.000,0.000,0.000,0.000
318333.000,0.000,45828.000,0.000,0.000,0.000,0.000,0.000,0.000
318343.000,0.000,45828.000,0.000,0.000,0.000,0.000,0.000,0.000
318353.000,0.000,45828.000,0.000,0.000,0.000,0.000,0.000,0.000
318363.000,0.000,45828.000,0.000,0.000,0.000,0.000,0.000,0.000
318373.000,0.000,45828.000,0.000,0.000,0.000,0.000,0.000,0.000
318383.000,0.000,45828.000,0.000,0.000,0.000,0.000,0.000,0.000
318393.000,0.000,45828.000,0.000,0.000,0.000,0.000,0.000,0.000
318403.000,0.000,45828.000,0.000,0.000,0.000,0.000,0.000,0.000
318413.000,0.000,45828.000,0.000,0.000,0.000,0.000,0.000,0.000
318423.000,0.000,45828.000,0.000,0.000,0.000,0.000,0.000,0.000
318433.000,0.000,45828.000,0.000,0.000,0.000,0.000,0.000,0.000
318443.000,0.000,45828.000,0.000,0.000,0.000,0.000,0.000,0.000
318453.000,0.000,45828.000,0.000,0.000,0.000,0.000,0.000,0.000
318463.000,0.000,45828.000,0.000,0.000,0.000,0.000,0.000,0.000
318473.000,0.000,45828.000,0.000,0.000,0.000,0.000,0.000,0.000
318483.000,0.000,45828.000,0.000,0.000,0.000,0.000,0.000,0.000
318493.000,0.000,45828.000,0.000,0.000,0.000,0.000,0.000,0.000
318503.000,0.000,45828.000,0.000,0.000,0.000,0.000,0.000,0.000
318513.000,0.000,45828.000,0.000,0.000,0.000,0.000,0.000,0.000
318523.000,0.000,45828.000,0.000,0.000,0.000,0.000,0.000,0.000
318533.000,0.000,45828.000,0.000,0.000,0.000,0.000,0.000,0.000
318543.000,0.000,45828.000,0.000,0.000,0.000,0.000,0.000,0.000
318553.000,0.000,45828.000,0.000,0.000,0.000,0.000,0.000,0.000
318563.000,0.000,45828.000,0.000,0.000,0.000,0.000,0.000,0.000
318573.000,0.000,45828.000,0.000,0.000,0.000,0.000,0.000,0.000
318583.000,0.000,45828.000,0.000,0.000,0.000,0.000,0.000,0.000
318593.000,0.000,45828.000,0.000,0.000,0.000,0.000,0.000,0.000
318603.000,0.000,45828.000,0.000,0.000,0.000,0.000,0.000,0.000
318613.000,0.000,45828.000,0.000,0.000,0.000,0.000,0.000,0.000
318623.000,0.000,45828.000,0.000,0.000,0.000,0.000,0.000,0.000
318633.000,0.000,45828.000,0.000,0.000,0.000,0.000,0.000,0.000
318643.000,0.000,45828.000,0.000,0.000,0.000,0.000,0.000,0.000
318653.000,0.000,45828.000,0.000,0.000,0.000,0.000,0.000,0.000
318663.000,0.000,45828.000,0.000,0.000,0.000,0.000,0.000,0.000
318673.000,0.000,45828.000,0.000,0.000,0.000,0.000,0.000,0.000
318683.000,0.000,45828.000,0.000,0.000,0.000,0.000,0.000,0.000
318693.000,0.000,45828.000,0.000,0.000,0.000,0.000,0.000,0.000
318703.000,0.000,45828.000,0.000,0.000,0.000,0.000,0.000,0.000
318713.000,0.000,45828.000,0.000,0.000,0.000,0.000,0.000,0.000
318723.000,0.000,45828.000,0.000,0.000,0.000,0.000,0.000,0.000
318733.000,0.000,45828.000,0.000,0.000,0.000,0.000,0.000,0.000
318743.000,0.000,45828.000,0.000,0.000,0.000,0.000,0.000,0.000
318753.000,0.000,45828.000,0.000,0.000,0.000,0.000,0.000,0.000
318763.000,0.000,45828.000,0.000,0.000,0.000,0.000,0.000,0.000
318773.000,0.000,45828.000,0.000,0.000,0.000,0.000,0.000,0.000
318783.000,0.000,45828.000,0.000,0.000,0.000,0.000,0.000,0.000
318793.000,0.000,45828.000,0.000,0.000,0.000,0.000,0.000,0.000
318803.000,0.000,45828.000,0.000,0.000,0.000,0.000,0.000,0.000
318813.000,0.000,45828.000,0.000,0.000,0.000,0.000,0.000,0.000
318823.000,0.000,45828.000,0.000,0.000,0.000,0.000,0.000,0.000
318833.000,0.000,45828.000,0.000,0.000,0.000,0.000,0.000,0.000
318843.000,0.000,45828.000,0.000,0.000,0.000,0.000,0.000,0.000
318853.000,0.000,45828.000,0.000,0.000,0.000,0.000,0.000,0.000
318863.000,0.000,45828.000,0.000,0.000,0.000,0.000,0.000,0.000
318873.000,0.000,45828.000,0.000,0.000,0.000,0.000,0.000,0.000
318883.000,0.000,45828.000,0.000,0.000,0.000,0.000,0.000,0.000
318893.000,0.000,45828.000,0.000,0.000,0.000,0.000,0.000,0.000
318903.000,0.000,45828.000,0.000,0.000,0.000,0.000,0.000,0.000
318913.000,0.000,45828.000,0.000,0.000,0.000,0.000,0.000,0.000
318923.000,0.000,45828.000,0.000,0.000,0.000,0.000,0.000,0.000
318933.000,0.000,45828.000,0.000,0.000,0.000,0.000,0.000,0.000
318943.000,0.000,45828.000,0.000,0.000,0.000,0.000,0.000,0.000
318953.000,0.000,45828.000,0.000,0.000,0.000,0.000,0.000,0.000
318963.000,0.000,45828.000,0.000,0.000,0.000,0.000,0.000,0.000
318973.000,0.000,45828.000,0.000,0.000,0.000,0.000,0.000,0.000
318983.000,0.000,45828.000,0.000,0.000,0.000,0.000,0.000,0.000
318993.000,0.000,45828.000,0.000,0.000,0.000,0.000,0.000,0.000
319003.000,0.000,45828.000,0.000,0.000,0.000,0.000,0.000,0.000
319013.000,0.000,45828.000,0.000,0.000,0.000,0.000,0.000,0.000
319023.000,0.000,45828.000,0.000,0.000,0.000,0.000,0.000,0.000
319033.000,0.000,45828.000,0.000,0.000,0.000,0.000,0.000,0.000
319043.000,0.000,45828.000,0.000,0.000,0.000,0.000,0.000,0.000
319053.000,0.000,45828.000,0.000,0.000,0.000,0.000,0.000,0.000
319063.000,0.000,45828.000,0.000,0.000,0.000,0.000,0.000,0.000
319073.000,0.000,45828.000,0.000,0.000,0.000,0.000,0.000,0.000
319083.000,0.000,45828.000,0.000,0.000,0.000,0.000,0.000,0.000
319093.000,0.000,45828.000,0.000,0.000,0.000,0.000,0.000,0.000
319103.000,0.000,45828.000,0.000,0.000,0.000,0.000,0.000,0.000
319113.000,0.000,45828.000,0.000,0.000,0.000,0.000,0.000,0.000
319123.000,0.000,45828.000,0.000,0.000,0.000,0.000,0.000,0.000
319133.000,0.000,45828.000,0.000,0.000,0.000,0.000,0.000,0.000
319143.000,0.000,45828.000,0.000,0.000,0.000,0.000,0.000,0.000
319153.000,0.000,45828.000,0.000,0.000,0.000,0.000,0.000,0.000
319163.000,0.000,45828.000,0.000,0.000,0.000,0.000,0.000,0.000
319173.000,0.000,45828.000,0.000,0.000,0.000,0.000,0.000,0.000
319183.000,0.000,45828.000,0.000,0.000,0.000,0.000,0.000,0.000
319193.000,0.000,45828.000,0.000,0.000,0.000,0.000,0.000,0.000
319203.000,0.000,45828.000,0.000,0.000,0.000,0.000,0.000,0.000
319213.000,0.000,45828.000,0.000,0.000,0.000,0.000,0.000,0.000
319223.000,0.000,45828.000,0.000,0.000,0.000,0.000,0.000,0.000
319233.000,0.000,45828.000,0.000,0.000,0.000,0.000,0.000,0.000
319243.000,0.000,45828.000,0.000,0.000,0.000,0.000,0.000,0.000
319253.000,0.000,45828.000,0.000,0.000,0.000,0.000,0.000,0.000
319263.000,0.000,45828.000,0.000,0.000,0.000,0.000,0.000,0.000
319273.000,0.000,45828.000,0.000,0.000,0.000,0.000,0.000,0.000
319283.000,0.000,45828.000,0.000,0.000,0.000,0.000,0.000,0.000
319293.000,0.000,45828.000,0.000,0.000,0.000,0.000,0.000,0.000
319303.000,0.000,45828.000,0.000,0.000,0.000,0.000,0.000,0.000
319313.000,0.000,45828.000,0.000,0.000,0.000,0.000,0.000,0.000
319323.000,0.000,45828.000,0.000,0.000,0.000,0.000,0.000,0.000
319333.000,0.000,45828.000,0.000,0.000,0.000,0.000,0.000,0.000
319343.000,0.000,45828.000,0.000,0.000,0.000,0.000,0.000,0.000
319353.000,0.000,45828.000,0.000,0.000,0.000,0.000,0.000,0.000
319363.000,0.000,45828.000,0.000,0.000,0.000,0.000,0.000,0.000
319373.000,0.000,45828.000,0.000,0.000,0.000,0.000,0.000,0.000
319383.000,0.000,45828.000,0.000,0.000,0.000,0.000,0.000,0.000
319393.000,0.000,45828.000,0.000,0.000,0.000,0.000,0.000,0.000
319403.000,0.000,45828.000,0.000,0.000,0.000,0.000,0.000,0.000
319413.000,0.000,45828.000,0.000,0.000,0.000,0.000,0.000,0.000
319423.000,0.000,45828.000,0.000,0.000,0.000,0.000,0.000,0.000
319433.000,0.000,45828.000,0.000,0.000,0.000,0.000,0.000,0.000
319443.000,0.000,45828.000,0.000,0.000,0.000,0.000,0.000,0.000
319453.000,0.000,45828.000,0.000,0.000,0.000,0.000,0.000,0.000
319463.000,0.000,45828.000,0.000,0.000,0.000,0.000,0.000,0.000
319473.000,0.000,45828.000,0.000,0.000,0.000,0.000,0.000,0.000
319483.000,0.000,45828.000,0.000,0.000,0.000,0.000,0.000,0.000
319493.000,0.000,45828.000,0.000,0.000,0.000,0.000,0.000,0.000
319503.000,0.000,45828.000,0.000,0.000,0.000,0.000,0.000,0.000
319513.000,0.000,45828.000,0.000,0.000,0.000,0.000,0.000,0.000
319523.000,0.000,45828.000,0.000,0.000,0.000,0.000,0.000,0.000
319533.000,0.000,45828.000,0.000,0.000,0.000,0.000,0.000,0.000
319543.000,0.000,45828.000,0.000,0.000,0.000,0.000,0.000,0.000
319553.000,0.000,45828.000,0.000,0.000,0.000,0.000,0.000,0.000
319563.000,0.000,45828.000,0.000,0.000,0.000,0.000,0.000,0.000
319573.000,0.000,45828.000,0.000,0.000,0.000,0.000,0.000,0.000
319583.000,0.000,45828.000,0.000,0.000,0.000,0.000,0.000,0.000
319593.000,0.000,45828.000,0.000,0.000,0.000,0.000,0.000,0.000
319603.000,0.000,45828.000,0.000,0.000,0.000,0.000,0.000,0.000
319613.000,0.000,45828.000,0.000,0.000,0.000,0.000,0.000,0.000
319623.000,0.000,45828.000,0.000,0.000,0.000,0.000,0.000,0.000
319633.000,0.000,45828.000,0.000,0.000,0.000,0.000,0.000,0.000
319643.000,0.000,45828.000,0.000,0.000,0.000,0.000,0.000,0.000
319653.000,0.000,45828.000,0.000,0.000,0.000,0.000,0.000,0.000
319663.000,0.000,45828.000,0.000,0.000,0.000,0.000,0.000,0.000
319673.000,0.000,45828.000,0.000,0.000,0.000,0.000,0.000,0.000
319683.000,0.000,45828.000,0.000,0.000,0.000,0.000,0.000,0.000
319693.000,0.000,45828.000,0.000,0.000,0.000,0.000,0.000,0.000
319703.000,0.000,45828.000,0.000,0.000,0.000,0.000,0.000,0.000
319713.000,0.000,45828.000,0.000,0.000,0.000,0.000,0.000,0.000
319723.000,0.000,45828.000,0.000,0.000,0.000,0.000,0.000,0.000
319733.000,0.000,45828.000,0.000,0.000,0.000,0.000,0.000,0.000
319743.000,0.000,45828.000,0.000,0.000,0.000,0.000,0.000,0.000
319753.000,0.000,45828.000,0.000,0.000,0.000,0.000,0.000,0.000
319763.000,0.000,45828.000,0.000,0.000,0.000,0.000,0.000,0.000
319773.000,0.000,45828.000,0.000,0.000,0.000,0.000,0.000,0.000
319783.000,0.000,45828.000,0.000,0.000,0.000,0.000,0.000,0.000
319793.000,0.000,45828.000,0.000,0.000,0.000,0.000,0.000,0.000
319803.000,0.000,45828.000,0.000,0.000,0.000,0.000,0.000,0.000
319813.000,0.000,45828.000,0.000,0.000,0.000,0.000,0.000,0.000
319823.000,0.000,45828.000,0.000,0.000,0.000,0.000,0.000,0.000
319833.000,0.000,45828.000,0.000,0.000,0.000,0.000,0.000,0.000
319843.000,0.000,45828.000,0.000,0.000,0.000,0.000,0.000,0.000
319853.000,0.000,45828.000,0.000,0.000,0.000,0.000,0.000,0.000
319863.000,0.000,45828.000,0.000,0.000,0.000,0.000,0.000,0.000
319873.000,0.000,45828.000,0.000,0.000,0.000,0.000,0.000,0.000
319883.000,0.000,45828.000,0.000,0.000,0.000,0.000,0.000,0.000
319893.000,0.000,45828.000,0.000,0.000,0.000,0.000,0.000,0.000
319903.000,0.000,45828.000,0.000,0.000,0.000,0.000,0.000,0.000
319913.000,0.000,45828.000,0.000,0.000,0.000,0.000,0.000,0.000
319923.000,0.000,45828.000,0.000,0.000,0.000,0.000,0.000,0.000
319933.000,0.000,45828.000,0.000,0.000,0.000,0.000,0.000,0.000
319943.000,0.000,45828.000,0.000,0.000,0.000,0.000,0.000,0.000
319953.000,0.000,45828.000,0.000,0.000,0.000,0.000,0.000,0.000
319963.000,0.000,45828.000,0.000,0.000,0.000,0.000,0.000,0.000
319973.000,0.000,45828.000,0.000,0.000,0.000,0.000,0.000,0.000
319983.000,0.000,45828.000,0.000,0.000,0.000,0.000,0.000,0.000
319993.000,0.000,45828.000,0.000,0.000,0.000,0.000,0.000,0.000
320003.000,0.000,45828.000,0.000,0.000,0.000,0.000,0.000,0.000
320013.000,0.000,45828.000,0.000,0.000,0.000,0.000,0.000,0.000
320023.000,0.000,45828.000,0.000,0.000,0.000,0.000,0.000,0.000
320033.000,0.000,45828.000,0.000,0.000,0.000,0.000,0.000,0.000
320043.000,0.000,45828.000,0.000,0.000,0.000,0.000,0.000,0.000
320053.000,0.000,45828.000,0.000,0.000,0.000,0.000,0.000,0.000
320063.000,0.000,45828.000,0.000,0.000,0.000,0.000,0.000,0.000
320073.000,0.000,45828.000,0.000,0.000,0.000,0.000,0.000,0.000
320083.000,0.000,45828.000,0.000,0.000,0.000,0.000,0.000,0.000
320093.000,0.000,45828.000,0.000,0.000,0.000,0.000,0.000,0.000
320103.000,0.000,45828.000,0.000,0.000,0.000,0.000,0.000,0.000
320113.000,0.000,45828.000,0.000,0.000,0.000,0.000,0.000,0.000
320123.000,0.000,45828.000,0.000,0.000,0.000,0.000,0.000,0.000
320133.000,0.000,45828.000,0.000,0.000,0.000,0.000,0.000,0.000
320143.000,0.000,45828.000,0.000,0.000,0.000,0.000,0.000,0.000
320153.000,0.000,45828.000,0.000,0.000,0.000,0.000,0.000,0.000
320163.000,0.000,45828.000,0.000,0.000,0.000,0.000,0.000,0.000
320173.000,0.000,45828.000,0.000,0.000,0.000,0.000,0.000,0.000
320183.000,0.000,45828.000,0.000,0.000,0.000,0.000,0.000,0.000
320193.000,0.000,45828.000,0.000,0.000,0.000,0.000,0.000,0.000
320203.000,0.000,45828.000,0.000,0.000,0.000,0.000,0.000,0.000
320213.000,0.000,45828.000,0.000,0.000,0.000,0.000,0.000,0.000
320223.000,0.000,45828.000,0.000,0.000,0.000,0.000,0.000,0.000
320233.000,0.000,45828.000,0.000,0.000,0.000,0.000,0.000,0.000
320243.000,0.000,45828.000,0.000,0.000,0.000,0.000,0.000,0.000
320253.000,0.000,45828.000,0.000,0.000,0.000,0.000,0.000,0.000
320263.000,0.000,45828.000,0.000,0.000,0.000,0.000,0.000,0.000
320273.000,0.000,45828.000,0.000,0.000,0.000,0.000,0.000,0.000
320283.000,0.000,45828.000,0.000,0.000,0.000,0.000,0.000,0.000
320293.000,0.000,45828.000,0.000,0.000,0.000,0.000,0.000,0.000
320303.000,0.000,45828.000,0.000,0.000,0.000,0.000,0.000,0.000
320313.000,0.000,45828.000,0.000,0.000,0.000,0.000,0.000,0.000
320323.000,0.000,45828.000,0.000,0.000,0.000,0.000,0.000,0.000
320333.000,0.000,45828.000,0.000,0.000,0.000,0.000,0.000,0.000
320343.000,0.000,45828.000,0.000,0.000,0.000,0.000,0.000,0.000
320353.000,0.000,45828.000,0.000,0.000,0.000,0.000,0.000,0.000
320363.000,0.000,45828.000,0.000,0.000,0.000,0.000,0.000,0.000
320373.000,0.000,45828.000,0.000,0.000,0.000,0.000,0.000,0.000
320383.000,0.000,45828.000,0.000,0.000,0.000,0.000,0.000,0.000
320393.000,0.000,45828.000,0.000,0.000,0.000,0.000,0.000,0.000
320403.000,0.000,45828.000,0.000,0.000,0.000,0.000,0.000,0.000
320413.000,0.000,45828.000,0.000,0.000,0.000,0.000,0.000,0.000
320423.000,0.000,45828.000,0.000,0.000,0.000,0.000,0.000,0.000
320433.000,0.000,45828.000,0.000,0.000,0.000,0.000,0.000,0.000
320443.000,0.000,45828.000,0.000,0.000,0.000,0.000,0.000,0.000
320453.000,0.000,45828.000,0.000,0.000,0.000,0.000,0.000,0.000
320463.000,0.000,45828.000,0.000,0.000,0.000,0.000,0.000,0.000
320473.000,0.000,45828.000,0.000,0.000,0.000,0.000,0.000,0.000
320483.000,0.000,45828.000,0.000,0.000,0.000,0.000,0.000,0.000
320493.000,0.000,45828.000,0.000,0.000,0.000,0.000,0.000,0.000
320503.000,0.000,45828.000,0.000,0.000,0.000,0.000,0.000,0.000
320513.000,0.000,45828.000,0.000,0.000,0.000,0.000,0.000,0.000
320523.000,0.000,45828.000,0.000,0.000,0.000,0.000,0.000,0.000
320533.000,0.000,45828.000,0.000,0.000,0.000,0.000,0.000,0.000
320543.000,0.000,45828.000,0.000,0.000,0.000,0.000,0.000,0.000
320553.000,0.000,45828.000,0.000,0.000,0.000,0.000,0.000,0.000
320563.000,0.000,45828.000,0.000,0.000,0.000,0.000,0.000,0.000
320573.000,0.000,45828.000,0.000,0.000,0.000,0.000,0.000,0.000
320583.000,0.000,45828.000,0.000,0.000,0.000,0.000,0.000,0.000
320593.000,0.000,45828.000,0.000,0.000,0.000,0.000,0.000,0.000
320603.000,0.000,45828.000,0.000,0.000,0.000,0.000,0.000,0.000
320613.000,0.000,45828.000,0.000,0.000,0.000,0.000,0.000,0.000
320623.000,0.000,45828.000,0.000,0.000,0.000,0.000,0.000,0.000
320633.000,0.000,45828.000,0.000,0.000,0.000,0.000,0.000,0.000
320643.000,0.000,45828.000,0.000,0.000,0.000,0.000,0.000,0.000
320653.000,0.000,45828.000,0.000,0.000,0.000,0.000,0.000,0.000
320663.000,0.000,45828.000,0.000,0.000,0.000,0.000,0.000,0.000
320673.000,0.000,45828.000,0.000,0.000,0.000,0.000,0.000,0.000
320683.000,0.000,45828.000,0.000,0.000,0.000,0.000,0.000,0.000
320693.000,0.000,45828.000,0.000,0.000,0.000,0.000,0.000,0.000
320703.000,0.000,45828.000,0.000,0.000,0.000,0.000,0.000,0.000
320713.000,0.000,45828.000,0.000,0.000,0.000,0.000,0.000,0.000
320723.000,0.000,45828.000,0.000,0.000,0.000,0.000,0.000,0.000
320733.000,0.000,45828.000,0.000,0.000,0.000,0.000,0.000,0.000
320743.000,0.000,45828.000,0.000,0.000,0.000,0.000,0.000,0.000
320753.000,0.000,45828.000,0.000,0.000,0.000,0.000,0.000,0.000
320763.000,0.000,45828.000,0.000,0.000,0.000,0.000,0.000,0.000
320773.000,0.000,45828.000,0.000,0.000,0.000,0.000,0.000,0.000
320783.000,0.000,45828.000,0.000,0.000,0.000,0.000,0.000,0.000
320793.000,0.000,45828.000,0.000,0.000,0.000,0.000,0.000,0.000
320803.000,0.000,45828.000,0.000,0.000,0.000,0.000,0.000,0.000
320813.000,0.000,45828.000,0.000,0.000,0.000,0.000,0.000,0.000
320823.000,0.000,45828.000,0.000,0.000,0.000,0.000,0.000,0.000
320833.000,0.000,45828.000,0.000,0.000,0.000,0.000,0.000,0.000
320843.000,0.000,45828.000,0.000,0.000,0.000,0.000,0.000,0.000
320853.000,0.000,45828.000,0.000,0.000,0.000,0.000,0.000,0.000
320863.000,0.000,45828.000,0.000,0.000,0.000,0.000,0.000,0.000
320873.000,0.000,45828.000,0.000,0.000,0.000,0.000,0.000,0.000
320883.000,0.000,45828.000,0.000,0.000,0.000,0.000,0.000,0.000
320893.000,0.000,45828.000,0.000,0.000,0.000,0.000,0.000,0.000
320903.000,0.000,45828.000,0.000,0.000,0.000,0.000,0.000,0.000
320913.000,0.000,45828.000,0.000,0.000,0.000,0.000,0.000,0.000
320923.000,0.000,45828.000,0.000,0.000,0.000,0.000,0.000,0.000
320933.000,0.000,45828.000,0.000,0.000,0.000,0.000,0.000,0.000
320943.000,0.000,45828.000,0.000,0.000,0.000,0.000,0.000,0.000
320953.000,0.000,45828.000,0.000,0.000,0.000,0.000,0.000,0.000
320963.000,0.000,45828.000,0.000,0.000,0.000,0.000,0.000,0.000
320973.000,0.000,45828.000,0.000,0.000,0.000,0.000,0.000,0.000
320983.000,0.000,45828.000,0.000,0.000,0.000,0.000,0.000,0.000
320993.000,0.000,45828.000,0.000,0.000,0.000,0.000,0.000,0.000
321003.000,0.000,45828.000,0.000,0.000,0.000,0.000,0.000,0.000
321013.000,0.000,45828.000,0.000,0.000,0.000,0.000,0.000,0.000
321023.000,0.000,45828.000,0.000,0.000,0.000,0.000,0.000,0.000
321033.000,0.000,45828.000,0.000,0.000,0.000,0.000,0.000,0.000
321043.000,0.000,45828.000,0.000,0.000,0.000,0.000,0.000,0.000
321053.000,0.000,45828.000,0.000,0.000,0.000,0.000,0.000,0.000
321063.000,0.000,45828.000,0.000,0.000,0.000,0.000,0.000,0.000
321073.000,0.000,45828.000,0.000,0.000,0.000,0.000,0.000,0.000
321083.000,0.000,45828.000,0.000,0.000,0.000,0.000,0.000,0.000
321093.000,0.000,45828.000,0.000,0.000,0.000,0.000,0.000,0.000
321103.000,0.000,45828.000,0.000,0.000,0.000,0.000,0.000,0.000
321113.000,0.000,45828.000,0.000,0.000,0.000,0.000,0.000,0.000
321123.000,0.000,45828.000,0.000,0.000,0.000,0.000,0.000,0.000
321133.000,0.000,45828.000,0.000,0.000,0.000,0.000,0.000,0.000
321143.000,0.000,45828.000,0.000,0.000,0.000,0.000,0.000,0.000
321153.000,0.000,45828.000,0.000,0.000,0.000,0.000,0.000,0.000
321163.000,0.000,45828.000,0.000,0.000,0.000,0.000,0.000,0.000
321173.000,0.000,45828.000,0.000,0.000,0.000,0.000,0.000,0.000
321183.000,0.000,45828.000,0.000,0.000,0.000,0.000,0.000,0.000
321193.000,0.000,45828.000,0.000,0.000,0.000,0.000,0.000,0.000
321203.000,0.000,45828.000,0.000,0.000,0.000,0.000,0.000,0.000
321213.000,0.000,45828.000,0.000,0.000,0.000,0.000,0.000,0.000
321223.000,0.000,45828.000,0.000,0.000,0.000,0.000,0.000,0.000
321233.000,0.000,45828.000,0.000,0.000,0.000,0.000,0.000,0.000
321243.000,0.000,45828.000,0.000,0.000,0.000,0.000,0.000,0.000
321253.000,0.000,45828.000,0.000,0.000,0.000,0.000,0.000,0.000
321263.000,0.000,45828.000,0.000,0.000,0.000,0.000,0.000,0.000
321273.000,0.000,45828.000,0.000,0.000,0.000,0.000,0.000,0.000
321283.000,0.000,45828.000,0.000,0.000,0.000,0.000,0.000,0.000
321293.000,0.000,45828.000,0.000,0.000,0.000,0.000,0.000,0.000
321303.000,0.000,45828.000,0.000,0.000,0.000,0.000,0.000,0.000
321313.000,0.000,45828.000,0.000,0.000,0.000,0.000,0.000,0.000
321323.000,0.000,45828.000,0.000,0.000,0.000,0.000,0.000,0.000
321333.000,0.000,45828.000,0.000,0.000,0.000,0.000,0.000,0.000
321343.000,0.000,45828.000,0.000,0.000,0.000,0.000,0.000,0.000
321353.000,0.000,45828.000,0.000,0.000,0.000,0.000,0.000,0.000
321363.000,0.000,45828.000,0.000,0.000,0.000,0.000,0.000,0.000
321373.000,0.000,45828.000,0.000,0.000,0.000,0.000,0.000,0.000
321383.000,0.000,45828.000,0.000,0.000,0.000,0.000,0.000,0.000
321393.000,0.000,45828.000,0.000,0.000,0.000,0.000,0.000,0.000
321403.000,0.000,45828.000,0.000,0.000,0.000,0.000,0.000,0.000
321413.000,0.000,45828.000,0.000,0.000,0.000,0.000,0.000,0.000
321423.000,0.000,45828.000,0.000,0.000,0.000,0.000,0.000,0.000
321433.000,0.000,45828.000,0.000,0.000,0.000,0.000,0.000,0.000
321443.000,0.000,45828.000,0.000,0.000,0.000,0.000,0.000,0.000
321453.000,0.000,45828.000,0.000,0.000,0.000,0.000,0.000,0.000
321463.000,0.000,45828.000,0.000,0.000,0.000,0.000,0.000,0.000
321473.000,0.000,45828.000,0.000,0.000,0.000,0.000,0.000,0.000
321483.000,0.000,45828.000,0.000,0.000,0.000,0.000,0.000,0.000
321493.000,0.000,45828.000,0.000,0.000,0.000,0.000,0.000,0.000
321503.000,0.000,45828.000,0.000,0.000,0.000,0.000,0.000,0.000
321513.000,0.000,45828.000,0.000,0.000,0.000,0.000,0.000,0.000
321523.000,0.000,45828.000,0.000,0.000,0.000,0.000,0.000,0.000
321533.000,0.000,45828.000,0.000,0.000,0.000,0.000,0.000,0.000
321543.000,0.000,45828.000,0.000,0.000,0.000,0.000,0.000,0.000
321553.000,0.000,45828.000,0.000,0.000,0.000,0.000,0.000,0.000
321563.000,0.000,45828.000,0.000,0.000,0.000,0.000,0.000,0.000
321573.000,0.000,45828.000,0.000,0.000,0.000,0.000,0.000,0.000
321583.000,0.000,45828.000,0.000,0.000,0.000,0.000,0.000,0.000
321593.000,0.000,45828.000,0.000,0.000,0.000,0.000,0.000,0.000
321603.000,0.000,45828.000,0.000,0.000,0.000,0.000,0.000,0.000
321613.000,0.000,45828.000,0.000,0.000,0.000,0.000,0.000,0.000
321623.000,0.000,45828.000,0.000,0.000,0.000,0.000,0.000,0.000
321633.000,0.000,45828.000,0.000,0.000,0.000,0.000,0.000,0.000
321643.000,0.000,45828.000,0.000,0.000,0.000,0.000,0.000,0.000
321653.000,0.000,45828.000,0.000,0.000,0.000,0.000,0.000,0.000
321663.000,0.000,45828.000,0.000,0.000,0.000,0.000,0.000,0.000
321673.000,0.000,45828.000,0.000,0.000,0.000,0.000,0.000,0.000
321683.000,0.000,45828.000,0.000,0.000,0.000,0.000,0.000,0.000
321693.000,0.000,45828.000,0.000,0.000,0.000,0.000,0.000,0.000
321703.000,0.000,45828.000,0.000,0.000,0.000,0.000,0.000,0.000
321713.000,0.000,45828.000,0.000,0.000,0.000,0.000,0.000,0.000
321723.000,0.000,45828.000,0.000,0.000,0.000,0.000,0.000,0.000
321733.000,0.000,45828.000,0.000,0.000,0.000,0.000,0.000,0.000
321743.000,0.000,45828.000,0.000,0.000,0.000,0.000,0.000,0.000
321753.000,0.000,45828.000,0.000,0.000,0.000,0.000,0.000,0.000
321763.000,0.000,45828.000,0.000,0.000,0.000,0.000,0.000,0.000
321773.000,0.000,45828.000,0.000,0.000,0.000,0.000,0.000,0.000
321783.000,0.000,45828.000,0.000,0.000,0.000,0.000,0.000,0.000
321793.000,0.000,45828.000,0.000,0.000,0.000,0.000,0.000,0.000
321803.000,0.000,45828.000,0.000,0.000,0.000,0.000,0.000,0.000
321813.000,0.000,45828.000,0.000,0.000,0.000,0.000,0.000,0.000
321823.000,0.000,45828.000,0.000,0.000,0.000,0.000,0.000,0.000
321833.000,0.000,45828.000,0.000,0.000,0.000,0.000,0.000,0.000
321843.000,0.000,45828.000,0.000,0.000,0.000,0.000,0.000,0.000
321853.000,0.000,45828.000,0.000,0.000,0.000,0.000,0.000,0.000
321863.000,0.000,45828.000,0.000,0.000,0.000,0.000,0.000,0.000
321873.000,0.000,45828.000,0.000,0.000,0.000,0.000,0.000,0.000
321883.000,0.000,45828.000,0.000,0.000,0.000,0.000,0.000,0.000
321893.000,0.000,45828.000,0.000,0.000,0.000,0.000,0.000,0.000
321903.000,0.000,45828.000,0.000,0.000,0.000,0.000,0.000,0.000
321913.000,0.000,45828.000,0.000,0.000,0.000,0.000,0.000,0.000
321923.000,0.000,45828.000,0.000,0.000,0.000,0.000,0.000,0.000
321933.000,0.000,45828.000,0.000,0.000,0.000,0.000,0.000,0.000
321943.000,0.000,45828.000,0.000,0.000,0.000,0.000,0.000,0.000
321953.000,0.000,45828.000,0.000,0.000,0.000,0.000,0.000,0.000
321963.000,0.000,45828.000,0.000,0.000,0.000,0.000,0.000,0.000
321973.000,0.000,45828.000,0.000,0.000,0.000,0.000,0.000,0.000
321983.000,0.000,45828.000,0.000,0.000,0.000,0.000,0.000,0.000
321993.000,0.000,45828.000,0.000,0.000,0.000,0.000,0.000,0.000
322003.000,0.000,45828.000,0.000,0.000,0.000,0.000,0.000,0.000
322013.000,0.000,45828.000,0.000,0.000,0.000,0.000,0.000,0.000
322023.000,0.000,45828.000,0.000,0.000,0.000,0.000,0.000,0.000
322033.000,0.000,45828.000,0.000,0.000,0.000,0.000,0.000,0.000
322043.000,0.000,45828.000,0.000,0.000,0.000,0.000,0.000,0.000
322053.000,0.000,45828.000,0.000,0.000,0.000,0.000,0.000,0.000
322063.000,0.000,45828.000,0.000,0.000,0.000,0.000,0.000,0.000
322073.000,0.000,45828.000,0.000,0.000,0.000,0.000,0.000,0.000
322083.000,0.000,45828.000,0.000,0.000,0.000,0.000,0.000,0.000
322093.000,0.000,45828.000,0.000,0.000,0.000,0.000,0.000,0.000
322103.000,0.000,45828.000,0.000,0.000,0.000,0.000,0.000,0.000
322113.000,0.000,45828.000,0.000,0.000,0.000,0.000,0.000,0.000
322123.000,0.000,45828.000,0.000,0.000,0.000,0.000,0.000,0.000
322133.000,0.000,45828.000,0.000,0.000,0.000,0.000,0.000,0.000
322143.000,0.000,45828.000,0.000,0.000,0.000,0.000,0.000,0.000
322153.000,0.000,45828.000,0.000,0.000,0.000,0.000,0.000,0.000
322163.000,0.000,45828.000,0.000,0.000,0.000,0.000,0.000,0.000
322173.000,0.000,45828.000,0.000,0.000,0.000,0.000,0.000,0.000
322183.000,0.000,45828.000,0.000,0.000,0.000,0.000,0.000,0.000
322193.000,0.000,45828.000,0.000,0.000,0.000,0.000,0.000,0.000
322203.000,0.000,45828.000,0.000,0.000,0.000,0.000,0.000,0.000
322213.000,0.000,45828.000,0.000,0.000,0.000,0.000,0.000,0.000
322223.000,0.000,45828.000,0.000,0.000,0.000,0.000,0.000,0.000
322233.000,0.000,45828.000,0.000,0.000,0.000,0.000,0.000,0.000
322243.000,0.000,45828.000,0.000,0.000,0.000,0.000,0.000,0.000
322253.000,0.000,45828.000,0.000,0.000,0.000,0.000,0.000,0.000
322263.000,0.000,45828.000,0.000,0.000,0.000,0.000,0.000,0.000
322273.000,0.000,45828.000,0.000,0.000,0.000,0.000,0.000,0.000
322283.000,0.000,45828.000,0.000,0.000,0.000,0.000,0.000,0.000
322293.000,0.000,45828.000,0.000,0.000,0.000,0.000,0.000,0.000
322303.000,0.000,45828.000,0.000,0.000,0.000,0.000,0.000,0.000
322313.000,0.000,45828.000,0.000,0.000,0.000,0.000,0.000,0.000
322323.000,0.000,45828.000,0.000,0.000,0.000,0.000,0.000,0.000
322333.000,0.000,45828.000,0.000,0.000,0.000,0.000,0.000,0.000
322343.000,0.000,45828.000,0.000,0.000,0.000,0.000,0.000,0.000
322353.000,0.000,45828.000,0.000,0.000,0.000,0.000,0.000,0.000
322363.000,0.000,45828.000,0.000,0.000,0.000,0.000,0.000,0.000
322373.000,0.000,45828.000,0.000,0.000,0.000,0.000,0.000,0.000
322383.000,0.000,45828.000,0.000,0.000,0.000,0.000,0.000,0.000
322393.000,0.000,45828.000,0.000,0.000,0.000,0.000,0.000,0.000
322403.000,0.000,45828.000,0.000,0.000,0.000,0.000,0.000,0.000
322413.000,0.000,45828.000,0.000,0.000,0.000,0.000,0.000,0.000
322423.000,0.000,45828.000,0.000,0.000,0.000,0.000,0.000,0.000
322433.000,0.000,45828.000,0.000,0.000,0.000,0.000,0.000,0.000
322443.000,0.000,45828.000,0.000,0.000,0.000,0.000,0.000,0.000
322453.000,0.000,45828.000,0.000,0.000,0.000,0.000,0.000,0.000
322463.000,0.000,45828.000,0.000,0.000,0.000,0.000,0.000,0.000
322473.000,0.000,45828.000,0.000,0.000,0.000,0.000,0.000,0.000
322483.000,0.000,45828.000,0.000,0.000,0.000,0.000,0.000,0.000
322493.000,0.000,45828.000,0.000,0.000,0.000,0.000,0.000,0.000
322503.000,0.000,45828.000,0.000,0.000,0.000,0.000,0.000,0.000
322513.000,0.000,45828.000,0.000,0.000,0.000,0.000,0.000,0.000
322523.000,0.000,45828.000,0.000,0.000,0.000,0.000,0.000,0.000
322533.000,0.000,45828.000,0.000,0.000,0.000,0.000,0.000,0.000
322543.000,0.000,45828.000,0.000,0.000,0.000,0.000,0.000,0.000
322553.000,0.000,45828.000,0.000,0.000,0.000,0.000,0.000,0.000
322563.000,0.000,45828.000,0.000,0.000,0.000,0.000,0.000,0.000
322573.000,0.000,45828.000,0.000,0.000,0.000,0.000,0.000,0.000
322583.000,0.000,45828.000,0.000,0.000,0.000,0.000,0.000,0.000
322593.000,0.000,45828.000,0.000,0.000,0.000,0.000,0.000,0.000
322603.000,0.000,45828.000,0.000,0.000,0.000,0.000,0.000,0.000
322613.000,0.000,45828.000,0.000,0.000,0.000,0.000,0.000,0.000
322623.000,0.000,45828.000,0.000,0.000,0.000,0.000,0.000,0.000
322633.000,0.000,45828.000,0.000,0.000,0.000,0.000,0.000,0.000
322643.000,0.000,45828.000,0.000,0.000,0.000,0.000,0.000,0.000
322653.000,0.000,45828.000,0.000,0.000,0.000,0.000,0.000,0.000
322663.000,0.000,45828.000,0.000,0.000,0.000,0.000,0.000,0.000
322673.000,0.000,45828.000,0.000,0.000,0.000,0.000,0.000,0.000
322683.000,0.000,45828.000,0.000,0.000,0.000,0.000,0.000,0.000
322693.000,0.000,45828.000,0.000,0.000,0.000,0.000,0.000,0.000
322703.000,0.000,45828.000,0.000,0.000,0.000,0.000,0.000,0.000
322713.000,0.000,45828.000,0.000,0.000,0.000,0.000,0.000,0.000
322723.000,0.000,45828.000,0.000,0.000,0.000,0.000,0.000,0.000
322733.000,0.000,45828.000,0.000,0.000,0.000,0.000,0.000,0.000
322743.000,0.000,45828.000,0.000,0.000,0.000,0.000,0.000,0.000
322753.000,0.000,45828.000,0.000,0.000,0.000,0.000,0.000,0.000
322763.000,0.000,45828.000,0.000,0.000,0.000,0.000,0.000,0.000
322773.000,0.000,45828.000,0.000,0.000,0.000,0.000,0.000,0.000
322783.000,0.000,45828.000,0.000,0.000,0.000,0.000,0.000,0.000
322793.000,0.000,45828.000,0.000,0.000,0.000,0.000,0.000,0.000
322803.000,0.000,45828.000,0.000,0.000,0.000,0.000,0.000,0.000
322813.000,0.000,45828.000,0.000,0.000,0.000,0.000,0.000,0.000
322823.000,0.000,45828.000,0.000,0.000,0.000,0.000,0.000,0.000
322833.000,0.000,45828.000,0.000,0.000,0.000,0.000,0.000,0.000
322843.000,0.000,45828.000,0.000,0.000,0.000,0.000,0.000,0.000
322853.000,0.000,45828.000,0.000,0.000,0.000,0.000,0.000,0.000
322863.000,0.000,45828.000,0.000,0.000,0.000,0.000,0.000,0.000
322873.000,0.000,45828.000,0.000,0.000,0.000,0.000,0.000,0.000
322883.000,0.000,45828.000,0.000,0.000,0.000,0.000,0.000,0.000
322893.000,0.000,45828.000,0.000,0.000,0.000,0.000,0.000,0.000
322903.000,0.000,45828.000,0.000,0.000,0.000,0.000,0.000,0.000
322913.000,0.000,45828.000,0.000,0.000,0.000,0.000,0.000,0.000
322923.000,0.000,45828.000,0.000,0.000,0.000,0.000,0.000,0.000
322933.000,0.000,45828.000,0.000,0.000,0.000,0.000,0.000,0.000
322943.000,0.000,45828.000,0.000,0.000,0.000,0.000,0.000,0.000
322953.000,0.000,45828.000,0.000,0.000,0.000,0.000,0.000,0.000
322963.000,0.000,45828.000,0.000,0.000,0.000,0.000,0.000,0.000
322973.000,0.000,45828.000,0.000,0.000,0.000,0.000,0.000,0.000
322983.000,0.000,45828.000,0.000,0.000,0.000,0.000,0.000,0.000
322993.000,0.000,45828.000,0.000,0.000,0.000,0.000,0.000,0.000
323003.000,0.000,45828.000,0.000,0.000,0.000,0.000,0.000,0.000
323013.000,0.000,45828.000,0.000,0.000,0.000,0.000,0.000,0.000
323023.000,0.000,45828.000,0.000,0.000,0.000,0.000,0.000,0.000
323033.000,0.000,45828.000,0.000,0.000,0.000,0.000,0.000,0.000
323043.000,0.000,45828.000,0.000,0.000,0.000,0.000,0.000,0.000
323053.000,0.000,45828.000,0.000,0.000,0.000,0.000,0.000,0.000
323063.000,0.000,45828.000,0.000,0.000,0.000,0.000,0.000,0.000
323073.000,0.000,45828.000,0.000,0.000,0.000,0.000,0.000,0.000
323083.000,0.000,45828.000,0.000,0.000,0.000,0.000,0.000,0.000
323093.000,0.000,45828.000,0.000,0.000,0.000,0.000,0.000,0.000
323103.000,0.000,45828.000,0.000,0.000,0.000,0.000,0.000,0.000
323113.000,0.000,45828.000,0.000,0.000,0.000,0.000,0.000,0.000
323123.000,0.000,45828.000,0.000,0.000,0.000,0.000,0.000,0.000
323133.000,0.000,45828.000,0.000,0.000,0.000,0.000,0.000,0.000
323143.000,0.000,45828.000,0.000,0.000,0.000,0.000,0.000,0.000
323153.000,0.000,45828.000,0.000,0.000,0.000,0.000,0.000,0.000
323163.000,0.000,45828.000,0.000,0.000,0.000,0.000,0.000,0.000
323173.000,0.000,45828.000,0.000,0.000,0.000,0.000,0.000,0.000
323183.000,0.000,45828.000,0.000,0.000,0.000,0.000,0.000,0.000
323193.000,0.000,45828.000,0.000,0.000,0.000,0.000,0.000,0.000
323203.000,0.000,45828.000,0.000,0.000,0.000,0.000,0.000,0.000
323213.000,0.000,45828.000,0.000,0.000,0.000,0.000,0.000,0.000
323223.000,0.000,45828.000,0.000,0.000,0.000,0.000,0.000,0.000
323233.000,0.000,45828.000,0.000,0.000,0.000,0.000,0.000,0.000
323243.000,0.000,45828.000,0.000,0.000,0.000,0.000,0.000,0.000
323253.000,0.000,45828.000,0.000,0.000,0.000,0.000,0.000,0.000
323263.000,0.000,45828.000,0.000,0.000,0.000,0.000,0.000,0.000
323273.000,0.000,45828.000,0.000,0.000,0.000,0.000,0.000,0.000
323283.000,0.000,45828.000,0.000,0.000,0.000,0.000,0.000,0.000
323293.000,0.000,45828.000,0.000,0.000,0.000,0.000,0.000,0.000
323303.000,0.000,45828.000,0.000,0.000,0.000,0.000,0.000,0.000
323313.000,0.000,45828.000,0.000,0.000,0.000,0.000,0.000,0.000
323323.000,0.000,45828.000,0.000,0.000,0.000,0.000,0.000,0.000
323333.000,0.000,45828.000,0.000,0.000,0.000,0.000,0.000,0.000
323343.000,0.000,45828.000,0.000,0.000,0.000,0.000,0.000,0.000
323353.000,0.000,45828.000,0.000,0.000,0.000,0.000,0.000,0.000
323363.000,0.000,45828.000,0.000,0.000,0.000,0.000,0.000,0.000
323373.000,0.000,45828.000,0.000,0.000,0.000,0.000,0.000,0.000
323383.000,0.000,45828.000,0.000,0.000,0.000,0.000,0.000,0.000
323393.000,0.000,45828.000,0.000,0.000,0.000,0.000,0.000,0.000
323403.000,0.000,45828.000,0.000,0.000,0.000,0.000,0.000,0.000
323413.000,0.000,45828.000,0.000,0.000,0.000,0.000,0.000,0.000
323423.000,0.000,45828.000,0.000,0.000,0.000,0.000,0.000,0.000
323433.000,0.000,45828.000,0.000,0.000,0.000,0.000,0.000,0.000
323443.000,0.000,45828.000,0.000,0.000,0.000,0.000,0.000,0.000
323453.000,0.000,45828.000,0.000,0.000,0.000,0.000,0.000,0.000
323463.000,0.000,45828.000,0.000,0.000,0.000,0.000,0.000,0.000
323473.000,0.000,45828.000,0.000,0.000,0.000,0.000,0.000,0.000
323483.000,0.000,45828.000,0.000,0.000,0.000,0.000,0.000,0.000
323493.000,0.000,45828.000,0.000,0.000,0.000,0.000,0.000,0.000
323503.000,0.000,45828.000,0.000,0.000,0.000,0.000,0.000,0.000
323513.000,0.000,45828.000,0.000,0.000,0.000,0.000,0.000,0.000
323523.000,0.000,45828.000,0.000,0.000,0.000,0.000,0.000,0.000
323533.000,0.000,45828.000,0.000,0.000,0.000,0.000,0.000,0.000
323543.000,0.000,45828.000,0.000,0.000,0.000,0.000,0.000,0.000
323553.000,0.000,45828.000,0.000,0.000,0.000,0.000,0.000,0.000
323563.000,0.000,45828.000,0.000,0.000,0.000,0.000,0.000,0.000
323573.000,0.000,45828.000,0.000,0.000,0.000,0.000,0.000,0.000
323583.000,0.000,45828.000,0.000,0.000,0.000,0.000,0.000,0.000
323593.000,0.000,45828.000,0.000,0.000,0.000,0.000,0.000,0.000
323603.000,0.000,45828.000,0.000,0.000,0.000,0.000,0.000,0.000
323613.000,0.000,45828.000,0.000,0.000,0.000,0.000,0.000,0.000
323623.000,0.000,45828.000,0.000,0.000,0.000,0.000,0.000,0.000
323633.000,0.000,45828.000,0.000,0.000,0.000,0.000,0.000,0.000
323643.000,0.000,45828.000,0.000,0.000,0.000,0.000,0.000,0.000
323653.000,0.000,45828.000,0.000,0.000,0.000,0.000,0.000,0.000
323663.000,0.000,45828.000,0.000,0.000,0.000,0.000,0.000,0.000
323673.000,0.000,45828.000,0.000,0.000,0.000,0.000,0.000,0.000
323683.000,0.000,45828.000,0.000,0.000,0.000,0.000,0.000,0.000
323693.000,0.000,45828.000,0.000,0.000,0.000,0.000,0.000,0.000
323703.000,0.000,45828.000,0.000,0.000,0.000,0.000,0.000,0.000
323713.000,0.000,45828.000,0.000,0.000,0.000,0.000,0.000,0.000
323723.000,0.000,45828.000,0.000,0.000,0.000,0.000,0.000,0.000
323733.000,0.000,45828.000,0.000,0.000,0.000,0.000,0.000,0.000
323743.000,0.000,45828.000,0.000,0.000,0.000,0.000,0.000,0.000
323753.000,0.000,45828.000,0.000,0.000,0.000,0.000,0.000,0.000
323763.000,0.000,45828.000,0.000,0.000,0.000,0.000,0.000,0.000
323773.000,0.000,45828.000,0.000,0.000,0.000,0.000,0.000,0.000
323783.000,0.000,45828.000,0.000,0.000,0.000,0.000,0.000,0.000
323793.000,0.000,45828.000,0.000,0.000,0.000,0.000,0.000,0.000
323803.000,0.000,45828.000,0.000,0.000,0.000,0.000,0.000,0.000
323813.000,0.000,45828.000,0.000,0.000,0.000,0.000,0.000,0.000
323823.000,0.000,45828.000,0.000,0.000,0.000,0.000,0.000,0.000
323833.000,0.000,45828.000,0.000,0.000,0.000,0.000,0.000,0.000
323843.000,0.000,45828.000,0.000,0.000,0.000,0.000,0.000,0.000
323853.000,0.000,45828.000,0.000,0.000,0.000,0.000,0.000,0.000
323863.000,0.000,45828.000,0.000,0.000,0.000,0.000,0.000,0.000
323873.000,0.000,45828.000,0.000,0.000,0.000,0.000,0.000,0.000
323883.000,0.000,45828.000,0.000,0.000,0.000,0.000,0.000,0.000
323893.000,0.000,45828.000,0.000,0.000,0.000,0.000,0.000,0.000
323903.000,0.000,45828.000,0.000,0.000,0.000,0.000,0.000,0.000
323913.000,0.000,45828.000,0.000,0.000,0.000,0.000,0.000,0.000
323923.000,0.000,45828.000,0.000,0.000,0.000,0.000,0.000,0.000
323933.000,0.000,45828.000,0.000,0.000,0.000,0.000,0.000,0.000
323943.000,0.000,45828.000,0.000,0.000,0.000,0.000,0.000,0.000
323953.000,0.000,45828.000,0.000,0.000,0.000,0.000,0.000,0.000
323963.000,0.000,45828.000,0.000,0.000,0.000,0.000,0.000,0.000
323973.000,0.000,45828.000,0.000,0.000,0.000,0.000,0.000,0.000
323983.000,0.000,45828.000,0.000,0.000,0.000,0.000,0.000,0.000
323993.000,0.000,45828.000,0.000,0.000,0.000,0.000,0.000,0.000
324003.000,0.000,45828.000,0.000,0.000,0.000,0.000,0.000,0.000
324013.000,0.000,45828.000,0.000,0.000,0.000,0.000,0.000,0.000
324023.000,0.000,45828.000,0.000,0.000,0.000,0.000,0.000,0.000
324033.000,0.000,45828.000,0.000,0.000,0.000,0.000,0.000,0.000
324043.000,0.000,45828.000,0.000,0.000,0.000,0.000,0.000,0.000
324053.000,0.000,45828.000,0.000,0.000,0.000,0.000,0.000,0.000
324063.000,0.000,45828.000,0.000,0.000,0.000,0.000,0.000,0.000
324073.000,0.000,45828.000,0.000,0.000,0.000,0.000,0.000,0.000
324083.000,0.000,45828.000,0.000,0.000,0.000,0.000,0.000,0.000
324093.000,0.000,45828.000,0.000,0.000,0.000,0.000,0.000,0.000
324103.000,0.000,45828.000,0.000,0.000,0.000,0.000,0.000,0.000
324113.000,0.000,45828.000,0.000,0.000,0.000,0.000,0.000,0.000
324123.000,0.000,45828.000,0.000,0.000,0.000,0.000,0.000,0.000
324133.000,0.000,45828.000,0.000,0.000,0.000,0.000,0.000,0.000
324143.000,0.000,45828.000,0.000,0.000,0.000,0.000,0.000,0.000
324153.000,0.000,45828.000,0.000,0.000,0.000,0.000,0.000,0.000
324163.000,0.000,45828.000,0.000,0.000,0.000,0.000,0.000,0.000
324173.000,0.000,45828.000,0.000,0.000,0.000,0.000,0.000,0.000
324183.000,0.000,45828.000,0.000,0.000,0.000,0.000,0.000,0.000
324193.000,0.000,45828.000,0.000,0.000,0.000,0.000,0.000,0.000
324203.000,0.000,45828.000,0.000,0.000,0.000,0.000,0.000,0.000
324213.000,0.000,45828.000,0.000,0.000,0.000,0.000,0.000,0.000
324223.000,0.000,45828.000,0.000,0.000,0.000,0.000,0.000,0.000
324233.000,0.000,45828.000,0.000,0.000,0.000,0.000,0.000,0.000
324243.000,0.000,45828.000,0.000,0.000,0.000,0.000,0.000,0.000
324253.000,0.000,45828.000,0.000,0.000,0.000,0.000,0.000,0.000
324263.000,0.000,45828.000,0.000,0.000,0.000,0.000,0.000,0.000
324273.000,0.000,45828.000,0.000,0.000,0.000,0.000,0.000,0.000
324283.000,0.000,45828.000,0.000,0.000,0.000,0.000,0.000,0.000
324293.000,0.000,45828.000,0.000,0.000,0.000,0.000,0.000,0.000
324303.000,0.000,45828.000,0.000,0.000,0.000,0.000,0.000,0.000
324313.000,0.000,45828.000,0.000,0.000,0.000,0.000,0.000,0.000
324323.000,0.000,45828.000,0.000,0.000,0.000,0.000,0.000,0.000
324333.000,0.000,45828.000,0.000,0.000,0.000,0.000,0.000,0.000
324343.000,0.000,45828.000,0.000,0.000,0.000,0.000,0.000,0.000
324353.000,0.000,45828.000,0.000,0.000,0.000,0.000,0.000,0.000
324363.000,0.000,45828.000,0.000,0.000,0.000,0.000,0.000,0.000
324373.000,0.000,45828.000,0.000,0.000,0.000,0.000,0.000,0.000
324383.000,0.000,45828.000,0.000,0.000,0.000,0.000,0.000,0.000
324393.000,0.000,45828.000,0.000,0.000,0.000,0.000,0.000,0.000
324403.000,0.000,45828.000,0.000,0.000,0.000,0.000,0.000,0.000
324413.000,0.000,45828.000,0.000,0.000,0.000,0.000,0.000,0.000
324423.000,0.000,45828.000,0.000,0.000,0.000,0.000,0.000,0.000
324433.000,0.000,45828.000,0.000,0.000,0.000,0.000,0.000,0.000
324443.000,0.000,45828.000,0.000,0.000,0.000,0.000,0.000,0.000
324453.000,0.000,45828.000,0.000,0.000,0.000,0.000,0.000,0.000
324463.000,0.000,45828.000,0.000,0.000,0.000,0.000,0.000,0.000
324473.000,0.000,45828.000,0.000,0.000,0.000,0.000,0.000,0.000
324483.000,0.000,45828.000,0.000,0.000,0.000,0.000,0.000,0.000
324493.000,0.000,45828.000,0.000,0.000,0.000,0.000,0.000,0.000
324503.000,0.000,45828.000,0.000,0.000,0.000,0.000,0.000,0.000
324513.000,0.000,45828.000,0.000,0.000,0.000,0.000,0.000,0.000
324523.000,0.000,45828.000,0.000,0.000,0.000,0.000,0.000,0.000
324533.000,0.000,45828.000,0.000,0.000,0.000,0.000,0.000,0.000
324543.000,0.000,45828.000,0.000,0.000,0.000,0.000,0.000,0.000
324553.000,0.000,45828.000,0.000,0.000,0.000,0.000,0.000,0.000
324563.000,0.000,45828.000,0.000,0.000,0.000,0.000,0.000,0.000
324573.000,0.000,45828.000,0.000,0.000,0.000,0.000,0.000,0.000
324583.000,0.000,45828.000,0.000,0.000,0.000,0.000,0.000,0.000
324593.000,0.000,45828.000,0.000,0.000,0.000,0.000,0.000,0.000
324603.000,0.000,45828.000,0.000,0.000,0.000,0.000,0.000,0.000
324613.000,0.000,45828.000,0.000,0.000,0.000,0.000,0.000,0.000
324623.000,0.000,45828.000,0.000,0.000,0.000,0.000,0.000,0.000
324633.000,0.000,45828.000,0.000,0.000,0.000,0.000,0.000,0.000
324643.000,0.000,45828.000,0.000,0.000,0.000,0.000,0.000,0.000
324653.000,0.000,45828.000,0.000,0.000,0.000,0.000,0.000,0.000
324663.000,0.000,45828.000,0.000,0.000,0.000,0.000,0.000,0.000
324673.000,0.000,45828.000,0.000,0.000,0.000,0.000,0.000,0.000
324683.000,0.000,45828.000,0.000,0.000,0.000,0.000,0.000,0.000
324693.000,0.000,45828.000,0.000,0.000,0.000,0.000,0.000,0.000
324703.000,0.000,45828.000,0.000,0.000,0.000,0.000,0.000,0.000
324713.000,0.000,45828.000,0.000,0.000,0.000,0.000,0.000,0.000
324723.000,0.000,45828.000,0.000,0.000,0.000,0.000,0.000,0.000
324733.000,0.000,45828.000,0.000,0.000,0.000,0.000,0.000,0.000
324743.000,0.000,45828.000,0.000,0.000,0.000,0.000,0.000,0.000
324753.000,0.000,45828.000,0.000,0.000,0.000,0.000,0.000,0.000
324763.000,0.000,45828.000,0.000,0.000,0.000,0.000,0.000,0.000
324773.000,0.000,45828.000,0.000,0.000,0.000,0.000,0.000,0.000
324783.000,0.000,45828.000,0.000,0.000,0.000,0.000,0.000,0.000
324793.000,0.000,45828.000,0.000,0.000,0.000,0.000,0.000,0.000
324803.000,0.000,45828.000,0.000,0.000,0.000,0.000,0.000,0.000
324813.000,0.000,45828.000,0.000,0.000,0.000,0.000,0.000,0.000
324823.000,0.000,45828.000,0.000,0.000,0.000,0.000,0.000,0.000
324833.000,0.000,45828.000,0.000,0.000,0.000,0.000,0.000,0.000
324843.000,0.000,45828.000,0.000,0.000,0.000,0.000,0.000,0.000
324853.000,0.000,45828.000,0.000,0.000,0.000,0.000,0.000,0.000
324863.000,0.000,45828.000,0.000,0.000,0.000,0.000,0.000,0.000
324873.000,0.000,45828.000,0.000,0.000,0.000,0.000,0.000,0.000
324883.000,0.000,45828.000,0.000,0.000,0.000,0.000,0.000,0.000
324893.000,0.000,45828.000,0.000,0.000,0.000,0.000,0.000,0.000
324903.000,0.000,45828.000,0.000,0.000,0.000,0.000,0.000,0.000
324913.000,0.000,45828.000,0.000,0.000,0.000,0.000,0.000,0.000
324923.000,0.000,45828.000,0.000,0.000,0.000,0.000,0.000,0.000
324933.000,0.000,45828.000,0.000,0.000,0.000,0.000,0.000,0.000
324943.000,0.000,45828.000,0.000,0.000,0.000,0.000,0.000,0.000
324953.000,0.000,45828.000,0.000,0.000,0.000,0.000,0.000,0.000
324963.000,0.000,45828.000,0.000,0.000,0.000,0.000,0.000,0.000
324973.000,0.000,45828.000,0.000,0.000,0.000,0.000,0.000,0.000
324983.000,0.000,45828.000,0.000,0.000,0.000,0.000,0.000,0.000
324993.000,0.000,45828.000,0.000,0.000,0.000,0.000,0.000,0.000
325003.000,0.000,45828.000,0.000,0.000,0.000,0.000,0.000,0.000
325013.000,0.000,45828.000,0.000,0.000,0.000,0.000,0.000,0.000
325023.000,0.000,45828.000,0.000,0.000,0.000,0.000,0.000,0.000
325033.000,0.000,45828.000,0.000,0.000,0.000,0.000,0.000,0.000
325043.000,0.000,45828.000,0.000,0.000,0.000,0.000,0.000,0.000
325053.000,0.000,45828.000,0.000,0.000,0.000,0.000,0.000,0.000
325063.000,0.000,45828.000,0.000,0.000,0.000,0.000,0.000,0.000
325073.000,0.000,45828.000,0.000,0.000,0.000,0.000,0.000,0.000
325083.000,0.000,45828.000,0.000,0.000,0.000,0.000,0.000,0.000
325093.000,0.000,45828.000,0.000,0.000,0.000,0.000,0.000,0.000
325103.000,0.000,45828.000,0.000,0.000,0.000,0.000,0.000,0.000
325113.000,0.000,45828.000,0.000,0.000,0.000,0.000,0.000,0.000
325123.000,0.000,45828.000,0.000,0.000,0.000,0.000,0.000,0.000
325133.000,0.000,45828.000,0.000,0.000,0.000,0.000,0.000,0.000
325143.000,0.000,45828.000,0.000,0.000,0.000,0.000,0.000,0.000
325153.000,0.000,45828.000,0.000,0.000,0.000,0.000,0.000,0.000
325163.000,0.000,45828.000,0.000,0.000,0.000,0.000,0.000,0.000
325173.000,0.000,45828.000,0.000,0.000,0.000,0.000,0.000,0.000
325183.000,0.000,45828.000,0.000,0.000,0.000,0.000,0.000,0.000
325193.000,0.000,45828.000,0.000,0.000,0.000,0.000,0.000,0.000
325203.000,0.000,45828.000,0.000,0.000,0.000,0.000,0.000,0.000
325213.000,0.000,45828.000,0.000,0.000,0.000,0.000,0.000,0.000
325223.000,0.000,45828.000,0.000,0.000,0.000,0.000,0.000,0.000
325233.000,0.000,45828.000,0.000,0.000,0.000,0.000,0.000,0.000
325243.000,0.000,45828.000,0.000,0.000,0.000,0.000,0.000,0.000
325253.000,0.000,45828.000,0.000,0.000,0.000,0.000,0.000,0.000
325263.000,0.000,45828.000,0.000,0.000,0.000,0.000,0.000,0.000
325273.000,0.000,45828.000,0.000,0.000,0.000,0.000,0.000,0.000
325283.000,0.000,45828.000,0.000,0.000,0.000,0.000,0.000,0.000
325293.000,0.000,45828.000,0.000,0.000,0.000,0.000,0.000,0.000
325303.000,0.000,45828.000,0.000,0.000,0.000,0.000,0.000,0.000
325313.000,0.000,45828.000,0.000,0.000,0.000,0.000,0.000,0.000
325323.000,0.000,45828.000,0.000,0.000,0.000,0.000,0.000,0.000
325333.000,0.000,45828.000,0.000,0.000,0.000,0.000,0.000,0.000
325343.000,0.000,45828.000,0.000,0.000,0.000,0.000,0.000,0.000
325353.000,0.000,45828.000,0.000,0.000,0.000,0.000,0.000,0.000
325363.000,0.000,45828.000,0.000,0.000,0.000,0.000,0.000,0.000
325373.000,0.000,45828.000,0.000,0.000,0.000,0.000,0.000,0.000
325383.000,0.000,45828.000,0.000,0.000,0.000,0.000,0.000,0.000
325393.000,0.000,45828.000,0.000,0.000,0.000,0.000,0.000,0.000
325403.000,0.000,45828.000,0.000,0.000,0.000,0.000,0.000,0.000
325413.000,0.000,45828.000,0.000,0.000,0.000,0.000,0.000,0.000
325423.000,0.000,45828.000,0.000,0.000,0.000,0.000,0.000,0.000
325433.000,0.000,45828.000,0.000,0.000,0.000,0.000,0.000,0.000
325443.000,0.000,45828.000,0.000,0.000,0.000,0.000,0.000,0.000
325453.000,0.000,45828.000,0.000,0.000,0.000,0.000,0.000,0.000
325463.000,0.000,45828.000,0.000,0.000,0.000,0.000,0.000,0.000
325473.000,0.000,45828.000,0.000,0.000,0.000,0.000,0.000,0.000
325483.000,0.000,45828.000,0.000,0.000,0.000,0.000,0.000,0.000
325493.000,0.000,45828.000,0.000,0.000,0.000,0.000,0.000,0.000
325503.000,0.000,45828.000,0.000,0.000,0.000,0.000,0.000,0.000
325513.000,0.000,45828.000,0.000,0.000,0.000,0.000,0.000,0.000
325523.000,0.000,45828.000,0.000,0.000,0.000,0.000,0.000,0.000
325533.000,0.000,45828.000,0.000,0.000,0.000,0.000,0.000,0.000
325543.000,0.000,45828.000,0.000,0.000,0.000,0.000,0.000,0.000
325553.000,0.000,45828.000,0.000,0.000,0.000,0.000,0.000,0.000
325563.000,0.000,45828.000,0.000,0.000,0.000,0.000,0.000,0.000
325573.000,0.000,45828.000,0.000,0.000,0.000,0.000,0.000,0.000
325583.000,0.000,45828.000,0.000,0.000,0.000,0.000,0.000,0.000
325593.000,0.000,45828.000,0.000,0.000,0.000,0.000,0.000,0.000
325603.000,0.000,45828.000,0.000,0.000,0.000,0.000,0.000,0.000
325613.000,0.000,45828.000,0.000,0.000,0.000,0.000,0.000,0.000
325623.000,0.000,45828.000,0.000,0.000,0.000,0.000,0.000,0.000
325633.000,0.000,45828.000,0.000,0.000,0.000,0.000,0.000,0.000
325643.000,0.000,45828.000,0.000,0.000,0.000,0.000,0.000,0.000
325653.000,0.000,45828.000,0.000,0.000,0.000,0.000,0.000,0.000
325663.000,0.000,45828.000,0.000,0.000,0.000,0.000,0.000,0.000
325673.000,0.000,45828.000,0.000,0.000,0.000,0.000,0.000,0.000
325683.000,0.000,45828.000,0.000,0.000,0.000,0.000,0.000,0.000
325693.000,0.000,45828.000,0.000,0.000,0.000,0.000,0.000,0.000
325703.000,0.000,45828.000,0.000,0.000,0.000,0.000,0.000,0.000
325713.000,0.000,45828.000,0.000,0.000,0.000,0.000,0.000,0.000
325723.000,0.000,45828.000,0.000,0.000,0.000,0.000,0.000,0.000
325733.000,0.000,45828.000,0.000,0.000,0.000,0.000,0.000,0.000
325743.000,0.000,45828.000,0.000,0.000,0.000,0.000,0.000,0.000
325753.000,0.000,45828.000,0.000,0.000,0.000,0.000,0.000,0.000
325763.000,0.000,45828.000,0.000,0.000,0.000,0.000,0.000,0.000
325773.000,0.000,45828.000,0.000,0.000,0.000,0.000,0.000,0.000
325783.000,0.000,45828.000,0.000,0.000,0.000,0.000,0.000,0.000
325793.000,0.000,45828.000,0.000,0.000,0.000,0.000,0.000,0.000
325803.000,0.000,45828.000,0.000,0.000,0.000,0.000,0.000,0.000
325813.000,0.000,45828.000,0.000,0.000,0.000,0.000,0.000,0.000
325823.000,0.000,45828.000,0.000,0.000,0.000,0.000,0.000,0.000
325833.000,0.000,45828.000,0.000,0.000,0.000,0.000,0.000,0.000
325843.000,0.000,45828.000,0.000,0.000,0.000,0.000,0.000,0.000
325853.000,0.000,45828.000,0.000,0.000,0.000,0.000,0.000,0.000
325863.000,0.000,45828.000,0.000,0.000,0.000,0.000,0.000,0.000
325873.000,0.000,45828.000,0.000,0.000,0.000,0.000,0.000,0.000
325883.000,0.000,45828.000,0.000,0.000,0.000,0.000,0.000,0.000
325893.000,0.000,45828.000,0.000,0.000,0.000,0.000,0.000,0.000
325903.000,0.000,45828.000,0.000,0.000,0.000,0.000,0.000,0.000
325913.000,0.000,45828.000,0.000,0.000,0.000,0.000,0.000,0.000
325923.000,0.000,45828.000,0.000,0.000,0.000,0.000,0.000,0.000
325933.000,0.000,45828.000,0.000,0.000,0.000,0.000,0.000,0.000
325943.000,0.000,45828.000,0.000,0.000,0.000,0.000,0.000,0.000
325953.000,0.000,45828.000,0.000,0.000,0.000,0.000,0.000,0.000
325963.000,0.000,45828.000,0.000,0.000,0.000,0.000,0.000,0.000
325973.000,0.000,45828.000,0.000,0.000,0.000,0.000,0.000,0.000
325983.000,0.000,45828.000,0.000,0.000,0.000,0.000,0.000,0.000
325993.000,0.000,45828.000,0.000,0.000,0.000,0.000,0.000,0.000
326003.000,0.000,45828.000,0.000,0.000,0.000,0.000,0.000,0.000
326013.000,0.000,45828.000,0.000,0.000,0.000,0.000,0.000,0.000
326023.000,0.000,45828.000,0.000,0.000,0.000,0.000,0.000,0.000
326033.000,0.000,45828.000,0.000,0.000,0.000,0.000,0.000,0.000
326043.000,0.000,45828.000,0.000,0.000,0.000,0.000,0.000,0.000
326053.000,0.000,45828.000,0.000,0.000,0.000,0.000,0.000,0.000
326063.000,0.000,45828.000,0.000,0.000,0.000,0.000,0.000,0.000
326073.000,0.000,45828.000,0.000,0.000,0.000,0.000,0.000,0.000
326083.000,0.000,45828.000,0.000,0.000,0.000,0.000,0.000,0.000
326093.000,0.000,45828.000,0.000,0.000,0.000,0.000,0.000,0.000
326103.000,0.000,45828.000,0.000,0.000,0.000,0.000,0.000,0.000
326113.000,0.000,45828.000,0.000,0.000,0.000,0.000,0.000,0.000
326123.000,0.000,45828.000,0.000,0.000,0.000,0.000,0.000,0.000
326133.000,0.000,45828.000,0.000,0.000,0.000,0.000,0.000,0.000
326143.000,0.000,45828.000,0.000,0.000,0.000,0.000,0.000,0.000
326153.000,0.000,45828.000,0.000,0.000,0.000,0.000,0.000,0.000
326163.000,0.000,45828.000,0.000,0.000,0.000,0.000,0.000,0.000
326173.000,0.000,45828.000,0.000,0.000,0.000,0.000,0.000,0.000
326183.000,0.000,45828.000,0.000,0.000,0.000,0.000,0.000,0.000
326193.000,0.000,45828.000,0.000,0.000,0.000,0.000,0.000,0.000
326203.000,0.000,45828.000,0.000,0.000,0.000,0.000,0.000,0.000
326213.000,0.000,45828.000,0.000,0.000,0.000,0.000,0.000,0.000
326223.000,0.000,45828.000,0.000,0.000,0.000,0.000,0.000,0.000
326233.000,0.000,45828.000,0.000,0.000,0.000,0.000,0.000,0.000
326243.000,0.000,45828.000,0.000,0.000,0.000,0.000,0.000,0.000
326253.000,0.000,45828.000,0.000,0.000,0.000,0.000,0.000,0.000
326263.000,0.000,45828.000,0.000,0.000,0.000,0.000,0.000,0.000
326273.000,0.000,45828.000,0.000,0.000,0.000,0.000,0.000,0.000
326283.000,0.000,45828.000,0.000,0.000,0.000,0.000,0.000,0.000
326293.000,0.000,45828.000,0.000,0.000,0.000,0.000,0.000,0.000
326303.000,0.000,45828.000,0.000,0.000,0.000,0.000,0.000,0.000
326313.000,0.000,45828.000,0.000,0.000,0.000,0.000,0.000,0.000
326323.000,0.000,45828.000,0.000,0.000,0.000,0.000,0.000,0.000
326333.000,0.000,45828.000,0.000,0.000,0.000,0.000,0.000,0.000
326343.000,0.000,45828.000,0.000,0.000,0.000,0.000,0.000,0.000
326353.000,0.000,45828.000,0.000,0.000,0.000,0.000,0.000,0.000
326363.000,0.000,45828.000,0.000,0.000,0.000,0.000,0.000,0.000
326373.000,0.000,45828.000,0.000,0.000,0.000,0.000,0.000,0.000
326383.000,0.000,45828.000,0.000,0.000,0.000,0.000,0.000,0.000
326393.000,0.000,45828.000,0.000,0.000,0.000,0.000,0.000,0.000
326403.000,0.000,45828.000,0.000,0.000,0.000,0.000,0.000,0.000
326413.000,0.000,45828.000,0.000,0.000,0.000,0.000,0.000,0.000
326423.000,0.000,45828.000,0.000,0.000,0.000,0.000,0.000,0.000
326433.000,0.000,45828.000,0.000,0.000,0.000,0.000,0.000,0.000
326443.000,0.000,45828.000,0.000,0.000,0.000,0.000,0.000,0.000
326453.000,0.000,45828.000,0.000,0.000,0.000,0.000,0.000,0.000
326463.000,0.000,45828.000,0.000,0.000,0.000,0.000,0.000,0.000
326473.000,0.000,45828.000,0.000,0.000,0.000,0.000,0.000,0.000
326483.000,0.000,45828.000,0.000,0.000,0.000,0.000,0.000,0.000
326493.000,0.000,45828.000,0.000,0.000,0.000,0.000,0.000,0.000
326503.000,0.000,45828.000,0.000,0.000,0.000,0.000,0.000,0.000
326513.000,0.000,45828.000,0.000,0.000,0.000,0.000,0.000,0.000
326523.000,0.000,45828.000,0.000,0.000,0.000,0.000,0.000,0.000
326533.000,0.000,45828.000,0.000,0.000,0.000,0.000,0.000,0.000
326543.000,0.000,45828.000,0.000,0.000,0.000,0.000,0.000,0.000
326553.000,0.000,45828.000,0.000,0.000,0.000,0.000,0.000,0.000
326563.000,0.000,45828.000,0.000,0.000,0.000,0.000,0.000,0.000
326573.000,0.000,45828.000,0.000,0.000,0.000,0.000,0.000,0.000
326583.000,0.000,45828.000,0.000,0.000,0.000,0.000,0.000,0.000
326593.000,0.000,45828.000,0.000,0.000,0.000,0.000,0.000,0.000
326603.000,0.000,45828.000,0.000,0.000,0.000,0.000,0.000,0.000
326613.000,0.000,45828.000,0.000,0.000,0.000,0.000,0.000,0.000
326623.000,0.000,45828.000,0.000,0.000,0.000,0.000,0.000,0.000
326633.000,0.000,45828.000,0.000,0.000,0.000,0.000,0.000,0.000
326643.000,0.000,45828.000,0.000,0.000,0.000,0.000,0.000,0.000
326653.000,0.000,45828.000,0.000,0.000,0.000,0.000,0.000,0.000
326663.000,0.000,45828.000,0.000,0.000,0.000,0.000,0.000,0.000
326673.000,0.000,45828.000,0.000,0.000,0.000,0.000,0.000,0.000
326683.000,0.000,45828.000,0.000,0.000,0.000,0.000,0.000,0.000
326693.000,0.000,45828.000,0.000,0.000,0.000,0.000,0.000,0.000
326703.000,0.000,45828.000,0.000,0.000,0.000,0.000,0.000,0.000
326713.000,0.000,45828.000,0.000,0.000,0.000,0.000,0.000,0.000
326723.000,0.000,45828.000,0.000,0.000,0.000,0.000,0.000,0.000
326733.000,0.000,45828.000,0.000,0.000,0.000,0.000,0.000,0.000
326743.000,0.000,45828.000,0.000,0.000,0.000,0.000,0.000,0.000
326753.000,0.000,45828.000,0.000,0.000,0.000,0.000,0.000,0.000
326763.000,0.000,45828.000,0.000,0.000,0.000,0.000,0.000,0.000
326773.000,0.000,45828.000,0.000,0.000,0.000,0.000,0.000,0.000
326783.000,0.000,45828.000,0.000,0.000,0.000,0.000,0.000,0.000
326793.000,0.000,45828.000,0.000,0.000,0.000,0.000,0.000,0.000
326803.000,0.000,45828.000,0.000,0.000,0.000,0.000,0.000,0.000
326813.000,0.000,45828.000,0.000,0.000,0.000,0.000,0.000,0.000
326823.000,0.000,45828.000,0.000,0.000,0.000,0.000,0.000,0.000
326833.000,0.000,45828.000,0.000,0.000,0.000,0.000,0.000,0.000
326843.000,0.000,45828.000,0.000,0.000,0.000,0.000,0.000,0.000
326853.000,0.000,45828.000,0.000,0.000,0.000,0.000,0.000,0.000
326863.000,0.000,45828.000,0.000,0.000,0.000,0.000,0.000,0.000
326873.000,0.000,45828.000,0.000,0.000,0.000,0.000,0.000,0.000
326883.000,0.000,45828.000,0.000,0.000,0.000,0.000,0.000,0.000
326893.000,0.000,45828.000,0.000,0.000,0.000,0.000,0.000,0.000
326903.000,0.000,45828.000,0.000,0.000,0.000,0.000,0.000,0.000
326913.000,0.000,45828.000,0.000,0.000,0.000,0.000,0.000,0.000
326923.000,0.000,45828.000,0.000,0.000,0.000,0.000,0.000,0.000
326933.000,0.000,45828.000,0.000,0.000,0.000,0.000,0.000,0.000
326943.000,0.000,45828.000,0.000,0.000,0.000,0.000,0.000,0.000
326953.000,0.000,45828.000,0.000,0.000,0.000,0.000,0.000,0.000
326963.000,0.000,45828.000,0.000,0.000,0.000,0.000,0.000,0.000
326973.000,0.000,45828.000,0.000,0.000,0.000,0.000,0.000,0.000
326983.000,0.000,45828.000,0.000,0.000,0.000,0.000,0.000,0.000
326993.000,0.000,45828.000,0.000,0.000,0.000,0.000,0.000,0.000
327003.000,0.000,45828.000,0.000,0.000,0.000,0.000,0.000,0.000
327013.000,0.000,45828.000,0.000,0.000,0.000,0.000,0.000,0.000
327023.000,0.000,45828.000,0.000,0.000,0.000,0.000,0.000,0.000
327033.000,0.000,45828.000,0.000,0.000,0.000,0.000,0.000,0.000
327043.000,0.000,45828.000,0.000,0.000,0.000,0.000,0.000,0.000
327053.000,0.000,45828.000,0.000,0.000,0.000,0.000,0.000,0.000
327063.000,0.000,45828.000,0.000,0.000,0.000,0.000,0.000,0.000
327073.000,0.000,45828.000,0.000,0.000,0.000,0.000,0.000,0.000
327083.000,0.000,45828.000,0.000,0.000,0.000,0.000,0.000,0.000
327093.000,0.000,45828.000,0.000,0.000,0.000,0.000,0.000,0.000
327103.000,0.000,45828.000,0.000,0.000,0.000,0.000,0.000,0.000
327113.000,0.000,45828.000,0.000,0.000,0.000,0.000,0.000,0.000
327123.000,0.000,45828.000,0.000,0.000,0.000,0.000,0.000,0.000
327133.000,0.000,45828.000,0.000,0.000,0.000,0.000,0.000,0.000
327143.000,0.000,45828.000,0.000,0.000,0.000,0.000,0.000,0.000
327153.000,0.000,45828.000,0.000,0.000,0.000,0.000,0.000,0.000
327163.000,0.000,45828.000,0.000,0.000,0.000,0.000,0.000,0.000
327173.000,0.000,45828.000,0.000,0.000,0.000,0.000,0.000,0.000
327183.000,0.000,45828.000,0.000,0.000,0.000,0.000,0.000,0.000
327193.000,0.000,45828.000,0.000,0.000,0.000,0.000,0.000,0.000
327203.000,0.000,45828.000,0.000,0.000,0.000,0.000,0.000,0.000
327213.000,0.000,45828.000,0.000,0.000,0.000,0.000,0.000,0.000
327223.000,0.000,45828.000,0.000,0.000,0.000,0.000,0.000,0.000
327233.000,0.000,45828.000,0.000,0.000,0.000,0.000,0.000,0.000
327243.000,0.000,45828.000,0.000,0.000,0.000,0.000,0.000,0.000
327253.000,0.000,45828.000,0.000,0.000,0.000,0.000,0.000,0.000
327263.000,0.000,45828.000,0.000,0.000,0.000,0.000,0.000,0.000
327273.000,0.000,45828.000,0.000,0.000,0.000,0.000,0.000,0.000
327283.000,0.000,45828.000,0.000,0.000,0.000,0.000,0.000,0.000
327293.000,0.000,45828.000,0.000,0.000,0.000,0.000,0.000,0.000
327303.000,0.000,45828.000,0.000,0.000,0.000,0.000,0.000,0.000
327313.000,0.000,45828.000,0.000,0.000,0.000,0.000,0.000,0.000
327323.000,0.000,45828.000,0.000,0.000,0.000,0.000,0.000,0.000
327333.000,0.000,45828.000,0.000,0.000,0.000,0.000,0.000,0.000
327343.000,0.000,45828.000,0.000,0.000,0.000,0.000,0.000,0.000
327353.000,0.000,45828.000,0.000,0.000,0.000,0.000,0.000,0.000
327363.000,0.000,45828.000,0.000,0.000,0.000,0.000,0.000,0.000
327373.000,0.000,45828.000,0.000,0.000,0.000,0.000,0.000,0.000
327383.000,0.000,45828.000,0.000,0.000,0.000,0.000,0.000,0.000
327393.000,0.000,45828.000,0.000,0.000,0.000,0.000,0.000,0.000
327403.000,0.000,45828.000,0.000,0.000,0.000,0.000,0.000,0.000
327413.000,0.000,45828.000,0.000,0.000,0.000,0.000,0.000,0.000
327423.000,0.000,45828.000,0.000,0.000,0.000,0.000,0.000,0.000
327433.000,0.000,45828.000,0.000,0.000,0.000,0.000,0.000,0.000
327443.000,0.000,45828.000,0.000,0.000,0.000,0.000,0.000,0.000
327453.000,0.000,45828.000,0.000,0.000,0.000,0.000,0.000,0.000
327463.000,0.000,45828.000,0.000,0.000,0.000,0.000,0.000,0.000
327473.000,0.000,45828.000,0.000,0.000,0.000,0.000,0.000,0.000
327483.000,0.000,45828.000,0.000,0.000,0.000,0.000,0.000,0.000
327493.000,0.000,45828.000,0.000,0.000,0.000,0.000,0.000,0.000
327503.000,0.000,45828.000,0.000,0.000,0.000,0.000,0.000,0.000
327513.000,0.000,45828.000,0.000,0.000,0.000,0.000,0.000,0.000
327523.000,0.000,45828.000,0.000,0.000,0.000,0.000,0.000,0.000
327533.000,0.000,45828.000,0.000,0.000,0.000,0.000,0.000,0.000
327543.000,0.000,45828.000,0.000,0.000,0.000,0.000,0.000,0.000
327553.000,0.000,45828.000,0.000,0.000,0.000,0.000,0.000,0.000
327563.000,0.000,45828.000,0.000,0.000,0.000,0.000,0.000,0.000
327573.000,0.000,45828.000,0.000,0.000,0.000,0.000,0.000,0.000
327583.000,0.000,45828.000,0.000,0.000,0.000,0.000,0.000,0.000
327593.000,0.000,45828.000,0.000,0.000,0.000,0.000,0.000,0.000
327603.000,0.000,45828.000,0.000,0.000,0.000,0.000,0.000,0.000
327613.000,0.000,45828.000,0.000,0.000,0.000,0.000,0.000,0.000
327623.000,0.000,45828.000,0.000,0.000,0.000,0.000,0.000,0.000
327633.000,0.000,45828.000,0.000,0.000,0.000,0.000,0.000,0.000
327643.000,0.000,45828.000,0.000,0.000,0.000,0.000,0.000,0.000
327653.000,0.000,45828.000,0.000,0.000,0.000,0.000,0.000,0.000
327663.000,0.000,45828.000,0.000,0.000,0.000,0.000,0.000,0.000
327673.000,0.000,45828.000,0.000,0.000,0.000,0.000,0.000,0.000
327683.000,0.000,45828.000,0.000,0.000,0.000,0.000,0.000,0.000
327693.000,0.000,45828.000,0.000,0.000,0.000,0.000,0.000,0.000
327703.000,0.000,45828.000,0.000,0.000,0.000,0.000,0.000,0.000
327713.000,0.000,45828.000,0.000,0.000,0.000,0.000,0.000,0.000
327723.000,0.000,45828.000,0.000,0.000,0.000,0.000,0.000,0.000
327733.000,0.000,45828.000,0.000,0.000,0.000,0.000,0.000,0.000
327743.000,0.000,45828.000,0.000,0.000,0.000,0.000,0.000,0.000
327753.000,0.000,45828.000,0.000,0.000,0.000,0.000,0.000,0.000
327763.000,0.000,45828.000,0.000,0.000,0.000,0.000,0.000,0.000
327773.000,0.000,45828.000,0.000,0.000,0.000,0.000,0.000,0.000
327783.000,0.000,45828.000,0.000,0.000,0.000,0.000,0.000,0.000
327793.000,0.000,45828.000,0.000,0.000,0.000,0.000,0.000,0.000
327803.000,0.000,45828.000,0.000,0.000,0.000,0.000,0.000,0.000
327813.000,0.000,45828.000,0.000,0.000,0.000,0.000,0.000,0.000
327823.000,0.000,45828.000,0.000,0.000,0.000,0.000,0.000,0.000
327833.000,0.000,45828.000,0.000,0.000,0.000,0.000,0.000,0.000
327843.000,0.000,45828.000,0.000,0.000,0.000,0.000,0.000,0.000
327853.000,0.000,45828.000,0.000,0.000,0.000,0.000,0.000,0.000
327863.000,0.000,45828.000,0.000,0.000,0.000,0.000,0.000,0.000
327873.000,0.000,45828.000,0.000,0.000,0.000,0.000,0.000,0.000
327883.000,0.000,45828.000,0.000,0.000,0.000,0.000,0.000,0.000
327893.000,0.000,45828.000,0.000,0.000,0.000,0.000,0.000,0.000
327903.000,0.000,45828.000,0.000,0.000,0.000,0.000,0.000,0.000
327913.000,0.000,45828.000,0.000,0.000,0.000,0.000,0.000,0.000
327923.000,0.000,45828.000,0.000,0.000,0.000,0.000,0.000,0.000
327933.000,0.000,45828.000,0.000,0.000,0.000,0.000,0.000,0.000
327943.000,0.000,45828.000,0.000,0.000,0.000,0.000,0.000,0.000
327953.000,0.000,45828.000,0.000,0.000,0.000,0.000,0.000,0.000
327963.000,0.000,45828.000,0.000,0.000,0.000,0.000,0.000,0.000
327973.000,0.000,45828.000,0.000,0.000,0.000,0.000,0.000,0.000
327983.000,0.000,45828.000,0.000,0.000,0.000,0.000,0.000,0.000
327993.000,0.000,45828.000,0.000,0.000,0.000,0.000,0.000,0.000
328003.000,0.000,45828.000,0.000,0.000,0.000,0.000,0.000,0.000
328013.000,0.000,45828.000,0.000,0.000,0.000,0.000,0.000,0.000
328023.000,0.000,45828.000,0.000,0.000,0.000,0.000,0.000,0.000
328033.000,0.000,45828.000,0.000,0.000,0.000,0.000,0.000,0.000
328043.000,0.000,45828.000,0.000,0.000,0.000,0.000,0.000,0.000
328053.000,0.000,45828.000,0.000,0.000,0.000,0.000,0.000,0.000
328063.000,0.000,45828.000,0.000,0.000,0.000,0.000,0.000,0.000
328073.000,0.000,45828.000,0.000,0.000,0.000,0.000,0.000,0.000
328083.000,0.000,45828.000,0.000,0.000,0.000,0.000,0.000,0.000
328093.000,0.000,45828.000,0.000,0.000,0.000,0.000,0.000,0.000
328103.000,0.000,45828.000,0.000,0.000,0.000,0.000,0.000,0.000
328113.000,0.000,45828.000,0.000,0.000,0.000,0.000,0.000,0.000
328123.000,0.000,45828.000,0.000,0.000,0.000,0.000,0.000,0.000
328133.000,0.000,45828.000,0.000,0.000,0.000,0.000,0.000,0.000
328143.000,0.000,45828.000,0.000,0.000,0.000,0.000,0.000,0.000
328153.000,0.000,45828.000,0.000,0.000,0.000,0.000,0.000,0.000
328163.000,0.000,45828.000,0.000,0.000,0.000,0.000,0.000,0.000
328173.000,0.000,45828.000,0.000,0.000,0.000,0.000,0.000,0.000
328183.000,0.000,45828.000,0.000,0.000,0.000,0.000,0.000,0.000
328193.000,0.000,45828.000,0.000,0.000,0.000,0.000,0.000,0.000
328203.000,0.000,45828.000,0.000,0.000,0.000,0.000,0.000,0.000
328213.000,0.000,45828.000,0.000,0.000,0.000,0.000,0.000,0.000
328223.000,0.000,45828.000,0.000,0.000,0.000,0.000,0.000,0.000
328233.000,0.000,45828.000,0.000,0.000,0.000,0.000,0.000,0.000
328243.000,0.000,45828.000,0.000,0.000,0.000,0.000,0.000,0.000
328253.000,0.000,45828.000,0.000,0.000,0.000,0.000,0.000,0.000
328263.000,0.000,45828.000,0.000,0.000,0.000,0.000,0.000,0.000
328273.000,0.000,45828.000,0.000,0.000,0.000,0.000,0.000,0.000
328283.000,0.000,45828.000,0.000,0.000,0.000,0.000,0.000,0.000
328293.000,0.000,45828.000,0.000,0.000,0.000,0.000,0.000,0.000
328303.000,0.000,45828.000,0.000,0.000,0.000,0.000,0.000,0.000
328313.000,0.000,45828.000,0.000,0.000,0.000,0.000,0.000,0.000
328323.000,0.000,45828.000,0.000,0.000,0.000,0.000,0.000,0.000
328333.000,0.000,45828.000,0.000,0.000,0.000,0.000,0.000,0.000
328343.000,0.000,45828.000,0.000,0.000,0.000,0.000,0.000,0.000
328353.000,0.000,45828.000,0.000,0.000,0.000,0.000,0.000,0.000
328363.000,0.000,45828.000,0.000,0.000,0.000,0.000,0.000,0.000
328373.000,0.000,45828.000,0.000,0.000,0.000,0.000,0.000,0.000
328383.000,0.000,45828.000,0.000,0.000,0.000,0.000,0.000,0.000
328393.000,0.000,45828.000,0.000,0.000,0.000,0.000,0.000,0.000
328403.000,0.000,45828.000,0.000,0.000,0.000,0.000,0.000,0.000
328413.000,0.000,45828.000,0.000,0.000,0.000,0.000,0.000,0.000
328423.000,0.000,45828.000,0.000,0.000,0.000,0.000,0.000,0.000
328433.000,0.000,45828.000,0.000,0.000,0.000,0.000,0.000,0.000
328443.000,0.000,45828.000,0.000,0.000,0.000,0.000,0.000,0.000
328453.000,0.000,45828.000,0.000,0.000,0.000,0.000,0.000,0.000
328463.000,0.000,45828.000,0.000,0.000,0.000,0.000,0.000,0.000
328473.000,0.000,45828.000,0.000,0.000,0.000,0.000,0.000,0.000
328483.000,0.000,45828.000,0.000,0.000,0.000,0.000,0.000,0.000
328493.000,0.000,45828.000,0.000,0.000,0.000,0.000,0.000,0.000
328503.000,0.000,45828.000,0.000,0.000,0.000,0.000,0.000,0.000
328513.000,0.000,45828.000,0.000,0.000,0.000,0.000,0.000,0.000
328523.000,0.000,45828.000,0.000,0.000,0.000,0.000,0.000,0.000
328533.000,0.000,45828.000,0.000,0.000,0.000,0.000,0.000,0.000
328543.000,0.000,45828.000,0.000,0.000,0.000,0.000,0.000,0.000
328553.000,0.000,45828.000,0.000,0.000,0.000,0.000,0.000,0.000
328563.000,0.000,45828.000,0.000,0.000,0.000,0.000,0.000,0.000
328573.000,0.000,45828.000,0.000,0.000,0.000,0.000,0.000,0.000
328583.000,0.000,45828.000,0.000,0.000,0.000,0.000,0.000,0.000
328593.000,0.000,45828.000,0.000,0.000,0.000,0.000,0.000,0.000
328603.000,0.000,45828.000,0.000,0.000,0.000,0.000,0.000,0.000
328613.000,0.000,45828.000,0.000,0.000,0.000,0.000,0.000,0.000
328623.000,0.000,45828.000,0.000,0.000,0.000,0.000,0.000,0.000
328633.000,0.000,45828.000,0.000,0.000,0.000,0.000,0.000,0.000
328643.000,0.000,45828.000,0.000,0.000,0.000,0.000,0.000,0.000
328653.000,0.000,45828.000,0.000,0.000,0.000,0.000,0.000,0.000
328663.000,0.000,45828.000,0.000,0.000,0.000,0.000,0.000,0.000
328673.000,0.000,45828.000,0.000,0.000,0.000,0.000,0.000,0.000
328683.000,0.000,45828.000,0.000,0.000,0.000,0.000,0.000,0.000
328693.000,0.000,45828.000,0.000,0.000,0.000,0.000,0.000,0.000
328703.000,0.000,45828.000,0.000,0.000,0.000,0.000,0.000,0.000
328713.000,0.000,45828.000,0.000,0.000,0.000,0.000,0.000,0.000
328723.000,0.000,45828.000,0.000,0.000,0.000,0.000,0.000,0.000
328733.000,0.000,45828.000,0.000,0.000,0.000,0.000,0.000,0.000
328743.000,0.000,45828.000,0.000,0.000,0.000,0.000,0.000,0.000
328753.000,0.000,45828.000,0.000,0.000,0.000,0.000,0.000,0.000
328763.000,0.000,45828.000,0.000,0.000,0.000,0.000,0.000,0.000
328773.000,0.000,45828.000,0.000,0.000,0.000,0.000,0.000,0.000
328783.000,0.000,45828.000,0.000,0.000,0.000,0.000,0.000,0.000
328793.000,0.000,45828.000,0.000,0.000,0.000,0.000,0.000,0.000
328803.000,0.000,45828.000,0.000,0.000,0.000,0.000,0.000,0.000
328813.000,0.000,45828.000,0.000,0.000,0.000,0.000,0.000,0.000
328823.000,0.000,45828.000,0.000,0.000,0.000,0.000,0.000,0.000
328833.000,0.000,45828.000,0.000,0.000,0.000,0.000,0.000,0.000
328843.000,0.000,45828.000,0.000,0.000,0.000,0.000,0.000,0.000
328853.000,0.000,45828.000,0.000,0.000,0.000,0.000,0.000,0.000
328863.000,0.000,45828.000,0.000,0.000,0.000,0.000,0.000,0.000
328873.000,0.000,45828.000,0.000,0.000,0.000,0.000,0.000,0.000
328883.000,0.000,45828.000,0.000,0.000,0.000,0.000,0.000,0.000
328893.000,0.000,45828.000,0.000,0.000,0.000,0.000,0.000,0.000
328903.000,0.000,45828.000,0.000,0.000,0.000,0.000,0.000,0.000
328913.000,0.000,45828.000,0.000,0.000,0.000,0.000,0.000,0.000
328923.000,0.000,45828.000,0.000,0.000,0.000,0.000,0.000,0.000
328933.000,0.000,45828.000,0.000,0.000,0.000,0.000,0.000,0.000
328943.000,0.000,45828.000,0.000,0.000,0.000,0.000,0.000,0.000
328953.000,0.000,45828.000,0.000,0.000,0.000,0.000,0.000,0.000
328963.000,0.000,45828.000,0.000,0.000,0.000,0.000,0.000,0.000
328973.000,0.000,45828.000,0.000,0.000,0.000,0.000,0.000,0.000
328983.000,0.000,45828.000,0.000,0.000,0.000,0.000,0.000,0.000
328993.000,0.000,45828.000,0.000,0.000,0.000,0.000,0.000,0.000
329003.000,0.000,45828.000,0.000,0.000,0.000,0.000,0.000,0.000
329013.000,0.000,45828.000,0.000,0.000,0.000,0.000,0.000,0.000
329023.000,0.000,45828.000,0.000,0.000,0.000,0.000,0.000,0.000
329033.000,0.000,45828.000,0.000,0.000,0.000,0.000,0.000,0.000
329043.000,0.000,45828.000,0.000,0.000,0.000,0.000,0.000,0.000
329053.000,0.000,45828.000,0.000,0.000,0.000,0.000,0.000,0.000
329063.000,0.000,45828.000,0.000,0.000,0.000,0.000,0.000,0.000
329073.000,0.000,45828.000,0.000,0.000,0.000,0.000,0.000,0.000
329083.000,0.000,45828.000,0.000,0.000,0.000,0.000,0.000,0.000
329093.000,0.000,45828.000,0.000,0.000,0.000,0.000,0.000,0.000
329103.000,0.000,45828.000,0.000,0.000,0.000,0.000,0.000,0.000
329113.000,0.000,45828.000,0.000,0.000,0.000,0.000,0.000,0.000
329123.000,0.000,45828.000,0.000,0.000,0.000,0.000,0.000,0.000
329133.000,0.000,45828.000,0.000,0.000,0.000,0.000,0.000,0.000
329143.000,0.000,45828.000,0.000,0.000,0.000,0.000,0.000,0.000
329153.000,0.000,45828.000,0.000,0.000,0.000,0.000,0.000,0.000
329163.000,0.000,45828.000,0.000,0.000,0.000,0.000,0.000,0.000
329173.000,0.000,45828.000,0.000,0.000,0.000,0.000,0.000,0.000
329183.000,0.000,45828.000,0.000,0.000,0.000,0.000,0.000,0.000
329193.000,0.000,45828.000,0.000,0.000,0.000,0.000,0.000,0.000
329203.000,0.000,45828.000,0.000,0.000,0.000,0.000,0.000,0.000
329213.000,0.000,45828.000,0.000,0.000,0.000,0.000,0.000,0.000
329223.000,0.000,45828.000,0.000,0.000,0.000,0.000,0.000,0.000
329233.000,0.000,45828.000,0.000,0.000,0.000,0.000,0.000,0.000
329243.000,0.000,45828.000,0.000,0.000,0.000,0.000,0.000,0.000
329253.000,0.000,45828.000,0.000,0.000,0.000,0.000,0.000,0.000
329263.000,0.000,45828.000,0.000,0.000,0.000,0.000,0.000,0.000
329273.000,0.000,45828.000,0.000,0.000,0.000,0.000,0.000,0.000
329283.000,0.000,45828.000,0.000,0.000,0.000,0.000,0.000,0.000
329293.000,0.000,45828.000,0.000,0.000,0.000,0.000,0.000,0.000
329303.000,0.000,45828.000,0.000,0.000,0.000,0.000,0.000,0.000
329313.000,0.000,45828.000,0.000,0.000,0.000,0.000,0.000,0.000
329323.000,0.000,45828.000,0.000,0.000,0.000,0.000,0.000,0.000
329333.000,0.000,45828.000,0.000,0.000,0.000,0.000,0.000,0.000
329343.000,0.000,45828.000,0.000,0.000,0.000,0.000,0.000,0.000
329353.000,0.000,45828.000,0.000,0.000,0.000,0.000,0.000,0.000
329363.000,0.000,45828.000,0.000,0.000,0.000,0.000,0.000,0.000
329373.000,0.000,45828.000,0.000,0.000,0.000,0.000,0.000,0.000
329383.000,0.000,45828.000,0.000,0.000,0.000,0.000,0.000,0.000
329393.000,0.000,45828.000,0.000,0.000,0.000,0.000,0.000,0.000
329403.000,0.000,45828.000,0.000,0.000,0.000,0.000,0.000,0.000
329413.000,0.000,45828.000,0.000,0.000,0.000,0.000,0.000,0.000
329423.000,0.000,45828.000,0.000,0.000,0.000,0.000,0.000,0.000
329433.000,0.000,45828.000,0.000,0.000,0.000,0.000,0.000,0.000
329443.000,0.000,45828.000,0.000,0.000,0.000,0.000,0.000,0.000
329453.000,0.000,45828.000,0.000,0.000,0.000,0.000,0.000,0.000
329463.000,0.000,45828.000,0.000,0.000,0.000,0.000,0.000,0.000
329473.000,0.000,45828.000,0.000,0.000,0.000,0.000,0.000,0.000
329483.000,0.000,45828.000,0.000,0.000,0.000,0.000,0.000,0.000
329493.000,0.000,45828.000,0.000,0.000,0.000,0.000,0.000,0.000
329503.000,0.000,45828.000,0.000,0.000,0.000,0.000,0.000,0.000
329513.000,0.000,45828.000,0.000,0.000,0.000,0.000,0.000,0.000
329523.000,0.000,45828.000,0.000,0.000,0.000,0.000,0.000,0.000
329533.000,0.000,45828.000,0.000,0.000,0.000,0.000,0.000,0.000
329543.000,0.000,45828.000,0.000,0.000,0.000,0.000,0.000,0.000
329553.000,0.000,45828.000,0.000,0.000,0.000,0.000,0.000,0.000
329563.000,0.000,45828.000,0.000,0.000,0.000,0.000,0.000,0.000
329573.000,0.000,45828.000,0.000,0.000,0.000,0.000,0.000,0.000
329583.000,0.000,45828.000,0.000,0.000,0.000,0.000,0.000,0.000
329593.000,0.000,45828.000,0.000,0.000,0.000,0.000,0.000,0.000
329603.000,0.000,45828.000,0.000,0.000,0.000,0.000,0.000,0.000
329613.000,0.000,45828.000,0.000,0.000,0.000,0.000,0.000,0.000
329623.000,0.000,45828.000,0.000,0.000,0.000,0.000,0.000,0.000
329633.000,0.000,45828.000,0.000,0.000,0.000,0.000,0.000,0.000
329643.000,0.000,45828.000,0.000,0.000,0.000,0.000,0.000,0.000
329653.000,0.000,45828.000,0.000,0.000,0.000,0.000,0.000,0.000
329663.000,0.000,45828.000,0.000,0.000,0.000,0.000,0.000,0.000
329673.000,0.000,45828.000,0.000,0.000,0.000,0.000,0.000,0.000
329683.000,0.000,45828.000,0.000,0.000,0.000,0.000,0.000,0.000
329693.000,0.000,45828.000,0.000,0.000,0.000,0.000,0.000,0.000
329703.000,0.000,45828.000,0.000,0.000,0.000,0.000,0.000,0.000
329713.000,0.000,45828.000,0.000,0.000,0.000,0.000,0.000,0.000
329723.000,0.000,45828.000,0.000,0.000,0.000,0.000,0.000,0.000
329733.000,0.000,45828.000,0.000,0.000,0.000,0.000,0.000,0.000
329743.000,0.000,45828.000,0.000,0.000,0.000,0.000,0.000,0.000
329753.000,0.000,45828.000,0.000,0.000,0.000,0.000,0.000,0.000
329763.000,0.000,45828.000,0.000,0.000,0.000,0.000,0.000,0.000
329773.000,0.000,45828.000,0.000,0.000,0.000,0.000,0.000,0.000
329783.000,0.000,45828.000,0.000,0.000,0.000,0.000,0.000,0.000
329793.000,0.000,45828.000,0.000,0.000,0.000,0.000,0.000,0.000
329803.000,0.000,45828.000,0.000,0.000,0.000,0.000,0.000,0.000
329813.000,0.000,45828.000,0.000,0.000,0.000,0.000,0.000,0.000
329823.000,0.000,45828.000,0.000,0.000,0.000,0.000,0.000,0.000
329833.000,0.000,45828.000,0.000,0.000,0.000,0.000,0.000,0.000
329843.000,0.000,45828.000,0.000,0.000,0.000,0.000,0.000,0.000
329853.000,0.000,45828.000,0.000,0.000,0.000,0.000,0.000,0.000
329863.000,0.000,45828.000,0.000,0.000,0.000,0.000,0.000,0.000
329873.000,0.000,45828.000,0.000,0.000,0.000,0.000,0.000,0.000
329883.000,0.000,45828.000,0.000,0.000,0.000,0.000,0.000,0.000
329893.000,0.000,45828.000,0.000,0.000,0.000,0.000,0.000,0.000
329903.000,0.000,45828.000,0.000,0.000,0.000,0.000,0.000,0.000
329913.000,0.000,45828.000,0.000,0.000,0.000,0.000,0.000,0.000
329923.000,0.000,45828.000,0.000,0.000,0.000,0.000,0.000,0.000
329933.000,0.000,45828.000,0.000,0.000,0.000,0.000,0.000,0.000
329943.000,0.000,45828.000,0.000,0.000,0.000,0.000,0.000,0.000
329953.000,0.000,45828.000,0.000,0.000,0.000,0.000,0.000,0.000
329963.000,0.000,45828.000,0.000,0.000,0.000,0.000,0.000,0.000
329973.000,0.000,45828.000,0.000,0.000,0.000,0.000,0.000,0.000
329983.000,0.000,45828.000,0.000,0.000,0.000,0.000,0.000,0.000
329993.000,0.000,45828.000,0.000,0.000,0.000,0.000,0.000,0.000
330003.000,0.000,45828.000,0.000,0.000,0.000,0.000,0.000,0.000
330013.000,0.000,45828.000,0.000,0.000,0.000,0.000,0.000,0.000
330023.000,0.000,45828.000,0.000,0.000,0.000,0.000,0.000,0.000
330033.000,0.000,45828.000,0.000,0.000,0.000,0.000,0.000,0.000
330043.000,0.000,45828.000,0.000,0.000,0.000,0.000,0.000,0.000
330053.000,0.000,45828.000,0.000,0.000,0.000,0.000,0.000,0.000
330063.000,0.000,45828.000,0.000,0.000,0.000,0.000,0.000,0.000
330073.000,0.000,45828.000,0.000,0.000,0.000,0.000,0.000,0.000
330083.000,0.000,45828.000,0.000,0.000,0.000,0.000,0.000,0.000
330093.000,0.000,45828.000,0.000,0.000,0.000,0.000,0.000,0.000
330103.000,0.000,45828.000,0.000,0.000,0.000,0.000,0.000,0.000
330113.000,0.000,45828.000,0.000,0.000,0.000,0.000,0.000,0.000
330123.000,0.000,45828.000,0.000,0.000,0.000,0.000,0.000,0.000
330133.000,0.000,45828.000,0.000,0.000,0.000,0.000,0.000,0.000
330143.000,0.000,45828.000,0.000,0.000,0.000,0.000,0.000,0.000
330153.000,0.000,45828.000,0.000,0.000,0.000,0.000,0.000,0.000
330163.000,0.000,45828.000,0.000,0.000,0.000,0.000,0.000,0.000
330173.000,0.000,45828.000,0.000,0.000,0.000,0.000,0.000,0.000
330183.000,0.000,45828.000,0.000,0.000,0.000,0.000,0.000,0.000
330193.000,0.000,45828.000,0.000,0.000,0.000,0.000,0.000,0.000
330203.000,0.000,45828.000,0.000,0.000,0.000,0.000,0.000,0.000
330213.000,0.000,45828.000,0.000,0.000,0.000,0.000,0.000,0.000
330223.000,0.000,45828.000,0.000,0.000,0.000,0.000,0.000,0.000
330233.000,0.000,45828.000,0.000,0.000,0.000,0.000,0.000,0.000
330243.000,0.000,45828.000,0.000,0.000,0.000,0.000,0.000,0.000
330253.000,0.000,45828.000,0.000,0.000,0.000,0.000,0.000,0.000
330263.000,0.000,45828.000,0.000,0.000,0.000,0.000,0.000,0.000
330273.000,0.000,45828.000,0.000,0.000,0.000,0.000,0.000,0.000
330283.000,0.000,45828.000,0.000,0.000,0.000,0.000,0.000,0.000
330293.000,0.000,45828.000,0.000,0.000,0.000,0.000,0.000,0.000
330303.000,0.000,45828.000,0.000,0.000,0.000,0.000,0.000,0.000
330313.000,0.000,45828.000,0.000,0.000,0.000,0.000,0.000,0.000
330323.000,0.000,45828.000,0.000,0.000,0.000,0.000,0.000,0.000
330333.000,0.000,45828.000,0.000,0.000,0.000,0.000,0.000,0.000
330343.000,0.000,45828.000,0.000,0.000,0.000,0.000,0.000,0.000
330353.000,0.000,45828.000,0.000,0.000,0.000,0.000,0.000,0.000
330363.000,0.000,45828.000,0.000,0.000,0.000,0.000,0.000,0.000
330373.000,0.000,45828.000,0.000,0.000,0.000,0.000,0.000,0.000
330383.000,0.000,45828.000,0.000,0.000,0.000,0.000,0.000,0.000
330393.000,0.000,45828.000,0.000,0.000,0.000,0.000,0.000,0.000
330403.000,0.000,45828.000,0.000,0.000,0.000,0.000,0.000,0.000
330413.000,0.000,45828.000,0.000,0.000,0.000,0.000,0.000,0.000
330423.000,0.000,45828.000,0.000,0.000,0.000,0.000,0.000,0.000
330433.000,0.000,45828.000,0.000,0.000,0.000,0.000,0.000,0.000
330443.000,0.000,45828.000,0.000,0.000,0.000,0.000,0.000,0.000
330453.000,0.000,45828.000,0.000,0.000,0.000,0.000,0.000,0.000
330463.000,0.000,45828.000,0.000,0.000,0.000,0.000,0.000,0.000
330473.000,0.000,45828.000,0.000,0.000,0.000,0.000,0.000,0.000
330483.000,0.000,45828.000,0.000,0.000,0.000,0.000,0.000,0.000
330493.000,0.000,45828.000,0.000,0.000,0.000,0.000,0.000,0.000
330503.000,0.000,45828.000,0.000,0.000,0.000,0.000,0.000,0.000
330513.000,0.000,45828.000,0.000,0.000,0.000,0.000,0.000,0.000
330523.000,0.000,45828.000,0.000,0.000,0.000,0.000,0.000,0.000
330533.000,0.000,45828.000,0.000,0.000,0.000,0.000,0.000,0.000
330543.000,0.000,45828.000,0.000,0.000,0.000,0.000,0.000,0.000
330553.000,0.000,45828.000,0.000,0.000,0.000,0.000,0.000,0.000
330563.000,0.000,45828.000,0.000,0.000,0.000,0.000,0.000,0.000
330573.000,0.000,45828.000,0.000,0.000,0.000,0.000,0.000,0.000
330583.000,0.000,45828.000,0.000,0.000,0.000,0.000,0.000,0.000
330593.000,0.000,45828.000,0.000,0.000,0.000,0.000,0.000,0.000
330603.000,0.000,45828.000,0.000,0.000,0.000,0.000,0.000,0.000
330613.000,0.000,45828.000,0.000,0.000,0.000,0.000,0.000,0.000
330623.000,0.000,45828.000,0.000,0.000,0.000,0.000,0.000,0.000
330633.000,0.000,45828.000,0.000,0.000,0.000,0.000,0.000,0.000
330643.000,0.000,45828.000,0.000,0.000,0.000,0.000,0.000,0.000
330653.000,0.000,45828.000,0.000,0.000,0.000,0.000,0.000,0.000
330663.000,0.000,45828.000,0.000,0.000,0.000,0.000,0.000,0.000
330673.000,0.000,45828.000,0.000,0.000,0.000,0.000,0.000,0.000
330683.000,0.000,45828.000,0.000,0.000,0.000,0.000,0.000,0.000
330693.000,0.000,45828.000,0.000,0.000,0.000,0.000,0.000,0.000
330703.000,0.000,45828.000,0.000,0.000,0.000,0.000,0.000,0.000
330713.000,0.000,45828.000,0.000,0.000,0.000,0.000,0.000,0.000
330723.000,0.000,45828.000,0.000,0.000,0.000,0.000,0.000,0.000
330733.000,0.000,45828.000,0.000,0.000,0.000,0.000,0.000,0.000
330743.000,0.000,45828.000,0.000,0.000,0.000,0.000,0.000,0.000
330753.000,0.000,45828.000,0.000,0.000,0.000,0.000,0.000,0.000
330763.000,0.000,45828.000,0.000,0.000,0.000,0.000,0.000,0.000
330773.000,0.000,45828.000,0.000,0.000,0.000,0.000,0.000,0.000
330783.000,0.000,45828.000,0.000,0.000,0.000,0.000,0.000,0.000
330793.000,0.000,45828.000,0.000,0.000,0.000,0.000,0.000,0.000
330803.000,0.000,45828.000,0.000,0.000,0.000,0.000,0.000,0.000
330813.000,0.000,45828.000,0.000,0.000,0.000,0.000,0.000,0.000
330823.000,0.000,45828.000,0.000,0.000,0.000,0.000,0.000,0.000
330833.000,0.000,45828.000,0.000,0.000,0.000,0.000,0.000,0.000
330843.000,0.000,45828.000,0.000,0.000,0.000,0.000,0.000,0.000
330853.000,0.000,45828.000,0.000,0.000,0.000,0.000,0.000,0.000
330863.000,0.000,45828.000,0.000,0.000,0.000,0.000,0.000,0.000
330873.000,0.000,45828.000,0.000,0.000,0.000,0.000,0.000,0.000
330883.000,0.000,45828.000,0.000,0.000,0.000,0.000,0.000,0.000
330893.000,0.000,45828.000,0.000,0.000,0.000,0.000,0.000,0.000
330903.000,0.000,45828.000,0.000,0.000,0.000,0.000,0.000,0.000
330913.000,0.000,45828.000,0.000,0.000,0.000,0.000,0.000,0.000
330923.000,0.000,45828.000,0.000,0.000,0.000,0.000,0.000,0.000
330933.000,0.000,45828.000,0.000,0.000,0.000,0.000,0.000,0.000
330943.000,0.000,45828.000,0.000,0.000,0.000,0.000,0.000,0.000
330953.000,0.000,45828.000,0.000,0.000,0.000,0.000,0.000,0.000
330963.000,0.000,45828.000,0.000,0.000,0.000,0.000,0.000,0.000
330973.000,0.000,45828.000,0.000,0.000,0.000,0.000,0.000,0.000
330983.000,0.000,45828.000,0.000,0.000,0.000,0.000,0.000,0.000
330993.000,0.000,45828.000,0.000,0.000,0.000,0.000,0.000,0.000
331003.000,0.000,45828.000,0.000,0.000,0.000,0.000,0.000,0.000
331013.000,0.000,45828.000,0.000,0.000,0.000,0.000,0.000,0.000
331023.000,0.000,45828.000,0.000,0.000,0.000,0.000,0.000,0.000
331033.000,0.000,45828.000,0.000,0.000,0.000,0.000,0.000,0.000
331043.000,0.000,45828.000,0.000,0.000,0.000,0.000,0.000,0.000
331053.000,0.000,45828.000,0.000,0.000,0.000,0.000,0.000,0.000
331063.000,0.000,45828.000,0.000,0.000,0.000,0.000,0.000,0.000
331073.000,0.000,45828.000,0.000,0.000,0.000,0.000,0.000,0.000
331083.000,0.000,45828.000,0.000,0.000,0.000,0.000,0.000,0.000
331093.000,0.000,45828.000,0.000,0.000,0.000,0.000,0.000,0.000
331103.000,0.000,45828.000,0.000,0.000,0.000,0.000,0.000,0.000
331113.000,0.000,45828.000,0.000,0.000,0.000,0.000,0.000,0.000
331123.000,0.000,45828.000,0.000,0.000,0.000,0.000,0.000,0.000
331133.000,0.000,45828.000,0.000,0.000,0.000,0.000,0.000,0.000
331143.000,0.000,45828.000,0.000,0.000,0.000,0.000,0.000,0.000
331153.000,0.000,45828.000,0.000,0.000,0.000,0.000,0.000,0.000
331163.000,0.000,45828.000,0.000,0.000,0.000,0.000,0.000,0.000
331173.000,0.000,45828.000,0.000,0.000,0.000,0.000,0.000,0.000
331183.000,0.000,45828.000,0.000,0.000,0.000,0.000,0.000,0.000
331193.000,0.000,45828.000,0.000,0.000,0.000,0.000,0.000,0.000
331203.000,0.000,45828.000,0.000,0.000,0.000,0.000,0.000,0.000
331213.000,0.000,45828.000,0.000,0.000,0.000,0.000,0.000,0.000
331223.000,0.000,45828.000,0.000,0.000,0.000,0.000,0.000,0.000
331233.000,0.000,45828.000,0.000,0.000,0.000,0.000,0.000,0.000
331243.000,0.000,45828.000,0.000,0.000,0.000,0.000,0.000,0.000
331253.000,0.000,45828.000,0.000,0.000,0.000,0.000,0.000,0.000
331263.000,0.000,45828.000,0.000,0.000,0.000,0.000,0.000,0.000
331273.000,0.000,45828.000,0.000,0.000,0.000,0.000,0.000,0.000
331283.000,0.000,45828.000,0.000,0.000,0.000,0.000,0.000,0.000
331293.000,0.000,45828.000,0.000,0.000,0.000,0.000,0.000,0.000
331303.000,0.000,45828.000,0.000,0.000,0.000,0.000,0.000,0.000
331313.000,0.000,45828.000,0.000,0.000,0.000,0.000,0.000,0.000
331323.000,0.000,45828.000,0.000,0.000,0.000,0.000,0.000,0.000
331333.000,0.000,45828.000,0.000,0.000,0.000,0.000,0.000,0.000
331343.000,0.000,45828.000,0.000,0.000,0.000,0.000,0.000,0.000
331353.000,0.000,45828.000,0.000,0.000,0.000,0.000,0.000,0.000
331363.000,0.000,45828.000,0.000,0.000,0.000,0.000,0.000,0.000
331373.000,0.000,45828.000,0.000,0.000,0.000,0.000,0.000,0.000
331383.000,0.000,45828.000,0.000,0.000,0.000,0.000,0.000,0.000
331393.000,0.000,45828.000,0.000,0.000,0.000,0.000,0.000,0.000
331403.000,0.000,45828.000,0.000,0.000,0.000,0.000,0.000,0.000
331413.000,0.000,45828.000,0.000,0.000,0.000,0.000,0.000,0.000
331423.000,0.000,45828.000,0.000,0.000,0.000,0.000,0.000,0.000
331433.000,0.000,45828.000,0.000,0.000,0.000,0.000,0.000,0.000
331443.000,0.000,45828.000,0.000,0.000,0.000,0.000,0.000,0.000
331453.000,0.000,45828.000,0.000,0.000,0.000,0.000,0.000,0.000
331463.000,0.000,45828.000,0.000,0.000,0.000,0.000,0.000,0.000
331473.000,0.000,45828.000,0.000,0.000,0.000,0.000,0.000,0.000
331483.000,0.000,45828.000,0.000,0.000,0.000,0.000,0.000,0.000
331493.000,0.000,45828.000,0.000,0.000,0.000,0.000,0.000,0.000
331503.000,0.000,45828.000,0.000,0.000,0.000,0.000,0.000,0.000
331513.000,0.000,45828.000,0.000,0.000,0.000,0.000,0.000,0.000
331523.000,0.000,45828.000,0.000,0.000,0.000,0.000,0.000,0.000
331533.000,0.000,45828.000,0.000,0.000,0.000,0.000,0.000,0.000
331543.000,0.000,45828.000,0.000,0.000,0.000,0.000,0.000,0.000
331553.000,0.000,45828.000,0.000,0.000,0.000,0.000,0.000,0.000
331563.000,0.000,45828.000,0.000,0.000,0.000,0.000,0.000,0.000
331573.000,0.000,45828.000,0.000,0.000,0.000,0.000,0.000,0.000
331583.000,0.000,45828.000,0.000,0.000,0.000,0.000,0.000,0.000
331593.000,0.000,45828.000,0.000,0.000,0.000,0.000,0.000,0.000
331603.000,0.000,45828.000,0.000,0.000,0.000,0.000,0.000,0.000
331613.000,0.000,45828.000,0.000,0.000,0.000,0.000,0.000,0.000
331623.000,0.000,45828.000,0.000,0.000,0.000,0.000,0.000,0.000
331633.000,0.000,45828.000,0.000,0.000,0.000,0.000,0.000,0.000
331643.000,0.000,45828.000,0.000,0.000,0.000,0.000,0.000,0.000
331653.000,0.000,45828.000,0.000,0.000,0.000,0.000,0.000,0.000
331663.000,0.000,45828.000,0.000,0.000,0.000,0.000,0.000,0.000
331673.000,0.000,45828.000,0.000,0.000,0.000,0.000,0.000,0.000
331683.000,0.000,45828.000,0.000,0.000,0.000,0.000,0.000,0.000
331693.000,0.000,45828.000,0.000,0.000,0.000,0.000,0.000,0.000
331703.000,0.000,45828.000,0.000,0.000,0.000,0.000,0.000,0.000
331713.000,0.000,45828.000,0.000,0.000,0.000,0.000,0.000,0.000
331723.000,0.000,45828.000,0.000,0.000,0.000,0.000,0.000,0.000
331733.000,0.000,45828.000,0.000,0.000,0.000,0.000,0.000,0.000
331743.000,0.000,45828.000,0.000,0.000,0.000,0.000,0.000,0.000
331753.000,0.000,45828.000,0.000,0.000,0.000,0.000,0.000,0.000
331763.000,0.000,45828.000,0.000,0.000,0.000,0.000,0.000,0.000
331773.000,0.000,45828.000,0.000,0.000,0.000,0.000,0.000,0.000
331783.000,0.000,45828.000,0.000,0.000,0.000,0.000,0.000,0.000
331793.000,0.000,45828.000,0.000,0.000,0.000,0.000,0.000,0.000
331803.000,0.000,45828.000,0.000,0.000,0.000,0.000,0.000,0.000
331813.000,0.000,45828.000,0.000,0.000,0.000,0.000,0.000,0.000
331823.000,0.000,45828.000,0.000,0.000,0.000,0.000,0.000,0.000
331833.000,0.000,45828.000,0.000,0.000,0.000,0.000,0.000,0.000
331843.000,0.000,45828.000,0.000,0.000,0.000,0.000,0.000,0.000
331853.000,0.000,45828.000,0.000,0.000,0.000,0.000,0.000,0.000
331863.000,0.000,45828.000,0.000,0.000,0.000,0.000,0.000,0.000
331873.000,0.000,45828.000,0.000,0.000,0.000,0.000,0.000,0.000
331883.000,0.000,45828.000,0.000,0.000,0.000,0.000,0.000,0.000
331893.000,0.000,45828.000,0.000,0.000,0.000,0.000,0.000,0.000
331903.000,0.000,45828.000,0.000,0.000,0.000,0.000,0.000,0.000
331913.000,0.000,45828.000,0.000,0.000,0.000,0.000,0.000,0.000
331923.000,0.000,45828.000,0.000,0.000,0.000,0.000,0.000,0.000
331933.000,0.000,45828.000,0.000,0.000,0.000,0.000,0.000,0.000
331943.000,0.000,45828.000,0.000,0.000,0.000,0.000,0.000,0.000
331953.000,0.000,45828.000,0.000,0.000,0.000,0.000,0.000,0.000
331963.000,0.000,45828.000,0.000,0.000,0.000,0.000,0.000,0.000
331973.000,0.000,45828.000,0.000,0.000,0.000,0.000,0.000,0.000
331983.000,0.000,45828.000,0.000,0.000,0.000,0.000,0.000,0.000
331993.000,0.000,45828.000,0.000,0.000,0.000,0.000,0.000,0.000
332003.000,0.000,45828.000,0.000,0.000,0.000,0.000,0.000,0.000
332013.000,0.000,45828.000,0.000,0.000,0.000,0.000,0.000,0.000
332023.000,0.000,45828.000,0.000,0.000,0.000,0.000,0.000,0.000
332033.000,0.000,45828.000,0.000,0.000,0.000,0.000,0.000,0.000
332043.000,0.000,45828.000,0.000,0.000,0.000,0.000,0.000,0.000
332053.000,0.000,45828.000,0.000,0.000,0.000,0.000,0.000,0.000
332063.000,0.000,45828.000,0.000,0.000,0.000,0.000,0.000,0.000
332073.000,0.000,45828.000,0.000,0.000,0.000,0.000,0.000,0.000
332083.000,0.000,45828.000,0.000,0.000,0.000,0.000,0.000,0.000
332093.000,0.000,45828.000,0.000,0.000,0.000,0.000,0.000,0.000
332103.000,0.000,45828.000,0.000,0.000,0.000,0.000,0.000,0.000
332113.000,0.000,45828.000,0.000,0.000,0.000,0.000,0.000,0.000
332123.000,0.000,45828.000,0.000,0.000,0.000,0.000,0.000,0.000
332133.000,0.000,45828.000,0.000,0.000,0.000,0.000,0.000,0.000
332143.000,0.000,45828.000,0.000,0.000,0.000,0.000,0.000,0.000
332153.000,0.000,45828.000,0.000,0.000,0.000,0.000,0.000,0.000
332163.000,0.000,45828.000,0.000,0.000,0.000,0.000,0.000,0.000
332173.000,0.000,45828.000,0.000,0.000,0.000,0.000,0.000,0.000
332183.000,0.000,45828.000,0.000,0.000,0.000,0.000,0.000,0.000
332193.000,0.000,45828.000,0.000,0.000,0.000,0.000,0.000,0.000
332203.000,0.000,45828.000,0.000,0.000,0.000,0.000,0.000,0.000
332213.000,0.000,45828.000,0.000,0.000,0.000,0.000,0.000,0.000
332223.000,0.000,45828.000,0.000,0.000,0.000,0.000,0.000,0.000
332233.000,0.000,45828.000,0.000,0.000,0.000,0.000,0.000,0.000
332243.000,0.000,45828.000,0.000,0.000,0.000,0.000,0.000,0.000
332253.000,0.000,45828.000,0.000,0.000,0.000,0.000,0.000,0.000
332263.000,0.000,45828.000,0.000,0.000,0.000,0.000,0.000,0.000
332273.000,0.000,45828.000,0.000,0.000,0.000,0.000,0.000,0.000
332283.000,0.000,45828.000,0.000,0.000,0.000,0.000,0.000,0.000
332293.000,0.000,45828.000,0.000,0.000,0.000,0.000,0.000,0.000
332303.000,0.000,45828.000,0.000,0.000,0.000,0.000,0.000,0.000
332313.000,0.000,45828.000,0.000,0.000,0.000,0.000,0.000,0.000
332323.000,0.000,45828.000,0.000,0.000,0.000,0.000,0.000,0.000
332333.000,0.000,45828.000,0.000,0.000,0.000,0.000,0.000,0.000
332343.000,0.000,45828.000,0.000,0.000,0.000,0.000,0.000,0.000
332353.000,0.000,45828.000,0.000,0.000,0.000,0.000,0.000,0.000
332363.000,0.000,45828.000,0.000,0.000,0.000,0.000,0.000,0.000
332373.000,0.000,45828.000,0.000,0.000,0.000,0.000,0.000,0.000
332383.000,0.000,45828.000,0.000,0.000,0.000,0.000,0.000,0.000
332393.000,0.000,45828.000,0.000,0.000,0.000,0.000,0.000,0.000
332403.000,0.000,45828.000,0.000,0.000,0.000,0.000,0.000,0.000
332413.000,0.000,45828.000,0.000,0.000,0.000,0.000,0.000,0.000
332423.000,0.000,45828.000,0.000,0.000,0.000,0.000,0.000,0.000
332433.000,0.000,45828.000,0.000,0.000,0.000,0.000,0.000,0.000
332443.000,0.000,45828.000,0.000,0.000,0.000,0.000,0.000,0.000
332453.000,0.000,45828.000,0.000,0.000,0.000,0.000,0.000,0.000
332463.000,0.000,45828.000,0.000,0.000,0.000,0.000,0.000,0.000
332473.000,0.000,45828.000,0.000,0.000,0.000,0.000,0.000,0.000
332483.000,0.000,45828.000,0.000,0.000,0.000,0.000,0.000,0.000
332493.000,0.000,45828.000,0.000,0.000,0.000,0.000,0.000,0.000
332503.000,0.000,45828.000,0.000,0.000,0.000,0.000,0.000,0.000
332513.000,0.000,45828.000,0.000,0.000,0.000,0.000,0.000,0.000
332523.000,0.000,45828.000,0.000,0.000,0.000,0.000,0.000,0.000
332533.000,0.000,45828.000,0.000,0.000,0.000,0.000,0.000,0.000
332543.000,0.000,45828.000,0.000,0.000,0.000,0.000,0.000,0.000
332553.000,0.000,45828.000,0.000,0.000,0.000,0.000,0.000,0.000
332563.000,0.000,45828.000,0.000,0.000,0.000,0.000,0.000,0.000
332573.000,0.000,45828.000,0.000,0.000,0.000,0.000,0.000,0.000
332583.000,0.000,45828.000,0.000,0.000,0.000,0.000,0.000,0.000
332593.000,0.000,45828.000,0.000,0.000,0.000,0.000,0.000,0.000
332603.000,0.000,45828.000,0.000,0.000,0.000,0.000,0.000,0.000
332613.000,0.000,45828.000,0.000,0.000,0.000,0.000,0.000,0.000
332623.000,0.000,45828.000,0.000,0.000,0.000,0.000,0.000,0.000
332633.000,0.000,45828.000,0.000,0.000,0.000,0.000,0.000,0.000
332643.000,0.000,45828.000,0.000,0.000,0.000,0.000,0.000,0.000
332653.000,0.000,45828.000,0.000,0.000,0.000,0.000,0.000,0.000
332663.000,0.000,45828.000,0.000,0.000,0.000,0.000,0.000,0.000
332673.000,0.000,45828.000,0.000,0.000,0.000,0.000,0.000,0.000
332683.000,0.000,45828.000,0.000,0.000,0.000,0.000,0.000,0.000
332693.000,0.000,45828.000,0.000,0.000,0.000,0.000,0.000,0.000
332703.000,0.000,45828.000,0.000,0.000,0.000,0.000,0.000,0.000
332713.000,0.000,45828.000,0.000,0.000,0.000,0.000,0.000,0.000
332723.000,0.000,45828.000,0.000,0.000,0.000,0.000,0.000,0.000
332733.000,0.000,45828.000,0.000,0.000,0.000,0.000,0.000,0.000
332743.000,0.000,45828.000,0.000,0.000,0.000,0.000,0.000,0.000
332753.000,0.000,45828.000,0.000,0.000,0.000,0.000,0.000,0.000
332763.000,0.000,45828.000,0.000,0.000,0.000,0.000,0.000,0.000
332773.000,0.000,45828.000,0.000,0.000,0.000,0.000,0.000,0.000
332783.000,0.000,45828.000,0.000,0.000,0.000,0.000,0.000,0.000
332793.000,0.000,45828.000,0.000,0.000,0.000,0.000,0.000,0.000
332803.000,0.000,45828.000,0.000,0.000,0.000,0.000,0.000,0.000
332813.000,0.000,45828.000,0.000,0.000,0.000,0.000,0.000,0.000
332823.000,0.000,45828.000,0.000,0.000,0.000,0.000,0.000,0.000
332833.000,0.000,45828.000,0.000,0.000,0.000,0.000,0.000,0.000
332843.000,0.000,45828.000,0.000,0.000,0.000,0.000,0.000,0.000
332853.000,0.000,45828.000,0.000,0.000,0.000,0.000,0.000,0.000
332863.000,0.000,45828.000,0.000,0.000,0.000,0.000,0.000,0.000
332873.000,0.000,45828.000,0.000,0.000,0.000,0.000,0.000,0.000
332883.000,0.000,45828.000,0.000,0.000,0.000,0.000,0.000,0.000
332893.000,0.000,45828.000,0.000,0.000,0.000,0.000,0.000,0.000
332903.000,0.000,45828.000,0.000,0.000,0.000,0.000,0.000,0.000
332913.000,0.000,45828.000,0.000,0.000,0.000,0.000,0.000,0.000
332923.000,0.000,45828.000,0.000,0.000,0.000,0.000,0.000,0.000
332933.000,0.000,45828.000,0.000,0.000,0.000,0.000,0.000,0.000
332943.000,0.000,45828.000,0.000,0.000,0.000,0.000,0.000,0.000
332953.000,0.000,45828.000,0.000,0.000,0.000,0.000,0.000,0.000
332963.000,0.000,45828.000,0.000,0.000,0.000,0.000,0.000,0.000
332973.000,0.000,45828.000,0.000,0.000,0.000,0.000,0.000,0.000
332983.000,0.000,45828.000,0.000,0.000,0.000,0.000,0.000,0.000
332993.000,0.000,45828.000,0.000,0.000,0.000,0.000,0.000,0.000
333003.000,0.000,45828.000,0.000,0.000,0.000,0.000,0.000,0.000
333013.000,0.000,45828.000,0.000,0.000,0.000,0.000,0.000,0.000
333023.000,0.000,45828.000,0.000,0.000,0.000,0.000,0.000,0.000
333033.000,0.000,45828.000,0.000,0.000,0.000,0.000,0.000,0.000
333043.000,0.000,45828.000,0.000,0.000,0.000,0.000,0.000,0.000
333053.000,0.000,45828.000,0.000,0.000,0.000,0.000,0.000,0.000
333063.000,0.000,45828.000,0.000,0.000,0.000,0.000,0.000,0.000
333073.000,0.000,45828.000,0.000,0.000,0.000,0.000,0.000,0.000
333083.000,0.000,45828.000,0.000,0.000,0.000,0.000,0.000,0.000
333093.000,0.000,45828.000,0.000,0.000,0.000,0.000,0.000,0.000
333103.000,0.000,45828.000,0.000,0.000,0.000,0.000,0.000,0.000
333113.000,0.000,45828.000,0.000,0.000,0.000,0.000,0.000,0.000
333123.000,0.000,45828.000,0.000,0.000,0.000,0.000,0.000,0.000
333133.000,0.000,45828.000,0.000,0.000,0.000,0.000,0.000,0.000
333143.000,0.000,45828.000,0.000,0.000,0.000,0.000,0.000,0.000
333153.000,0.000,45828.000,0.000,0.000,0.000,0.000,0.000,0.000
333163.000,0.000,45828.000,0.000,0.000,0.000,0.000,0.000,0.000
333173.000,0.000,45828.000,0.000,0.000,0.000,0.000,0.000,0.000
333183.000,0.000,45828.000,0.000,0.000,0.000,0.000,0.000,0.000
333193.000,0.000,45828.000,0.000,0.000,0.000,0.000,0.000,0.000
333203.000,0.000,45828.000,0.000,0.000,0.000,0.000,0.000,0.000
333213.000,0.000,45828.000,0.000,0.000,0.000,0.000,0.000,0.000
333223.000,0.000,45828.000,0.000,0.000,0.000,0.000,0.000,0.000
333233.000,0.000,45828.000,0.000,0.000,0.000,0.000,0.000,0.000
333243.000,0.000,45828.000,0.000,0.000,0.000,0.000,0.000,0.000
333253.000,0.000,45828.000,0.000,0.000,0.000,0.000,0.000,0.000
333263.000,0.000,45828.000,0.000,0.000,0.000,0.000,0.000,0.000
333273.000,0.000,45828.000,0.000,0.000,0.000,0.000,0.000,0.000
333283.000,0.000,45828.000,0.000,0.000,0.000,0.000,0.000,0.000
333293.000,0.000,45828.000,0.000,0.000,0.000,0.000,0.000,0.000
333303.000,0.000,45828.000,0.000,0.000,0.000,0.000,0.000,0.000
333313.000,0.000,45828.000,0.000,0.000,0.000,0.000,0.000,0.000
333323.000,0.000,45828.000,0.000,0.000,0.000,0.000,0.000,0.000
333333.000,0.000,45828.000,0.000,0.000,0.000,0.000,0.000,0.000
333343.000,0.000,45828.000,0.000,0.000,0.000,0.000,0.000,0.000
333353.000,0.000,45828.000,0.000,0.000,0.000,0.000,0.000,0.000
333363.000,0.000,45828.000,0.000,0.000,0.000,0.000,0.000,0.000
333373.000,0.000,45828.000,0.000,0.000,0.000,0.000,0.000,0.000
333383.000,0.000,45828.000,0.000,0.000,0.000,0.000,0.000,0.000
333393.000,0.000,45828.000,0.000,0.000,0.000,0.000,0.000,0.000
333403.000,0.000,45828.000,0.000,0.000,0.000,0.000,0.000,0.000
333413.000,0.000,45828.000,0.000,0.000,0.000,0.000,0.000,0.000
333423.000,0.000,45828.000,0.000,0.000,0.000,0.000,0.000,0.000
333433.000,0.000,45828.000,0.000,0.000,0.000,0.000,0.000,0.000
333443.000,0.000,45828.000,0.000,0.000,0.000,0.000,0.000,0.000
333453.000,0.000,45828.000,0.000,0.000,0.000,0.000,0.000,0.000
333463.000,0.000,45828.000,0.000,0.000,0.000,0.000,0.000,0.000
333473.000,0.000,45828.000,0.000,0.000,0.000,0.000,0.000,0.000
333483.000,0.000,45828.000,0.000,0.000,0.000,0.000,0.000,0.000
333493.000,0.000,45828.000,0.000,0.000,0.000,0.000,0.000,0.000
333503.000,0.000,45828.000,0.000,0.000,0.000,0.000,0.000,0.000
333513.000,0.000,45828.000,0.000,0.000,0.000,0.000,0.000,0.000
333523.000,0.000,45828.000,0.000,0.000,0.000,0.000,0.000,0.000
333533.000,0.000,45828.000,0.000,0.000,0.000,0.000,0.000,0.000
333543.000,0.000,45828.000,0.000,0.000,0.000,0.000,0.000,0.000
333553.000,0.000,45828.000,0.000,0.000,0.000,0.000,0.000,0.000
333563.000,0.000,45828.000,0.000,0.000,0.000,0.000,0.000,0.000
333573.000,0.000,45828.000,0.000,0.000,0.000,0.000,0.000,0.000
333583.000,0.000,45828.000,0.000,0.000,0.000,0.000,0.000,0.000
333593.000,0.000,45828.000,0.000,0.000,0.000,0.000,0.000,0.000
333603.000,0.000,45828.000,0.000,0.000,0.000,0.000,0.000,0.000
333613.000,0.000,45828.000,0.000,0.000,0.000,0.000,0.000,0.000
333623.000,0.000,45828.000,0.000,0.000,0.000,0.000,0.000,0.000
333633.000,0.000,45828.000,0.000,0.000,0.000,0.000,0.000,0.000
333643.000,0.000,45828.000,0.000,0.000,0.000,0.000,0.000,0.000
333653.000,0.000,45828.000,0.000,0.000,0.000,0.000,0.000,0.000
333663.000,0.000,45828.000,0.000,0.000,0.000,0.000,0.000,0.000
333673.000,0.000,45828.000,0.000,0.000,0.000,0.000,0.000,0.000
333683.000,0.000,45828.000,0.000,0.000,0.000,0.000,0.000,0.000
333693.000,0.000,45828.000,0.000,0.000,0.000,0.000,0.000,0.000
333703.000,0.000,45828.000,0.000,0.000,0.000,0.000,0.000,0.000
333713.000,0.000,45828.000,0.000,0.000,0.000,0.000,0.000,0.000
333723.000,0.000,45828.000,0.000,0.000,0.000,0.000,0.000,0.000
333733.000,0.000,45828.000,0.000,0.000,0.000,0.000,0.000,0.000
333743.000,0.000,45828.000,0.000,0.000,0.000,0.000,0.000,0.000
333753.000,0.000,45828.000,0.000,0.000,0.000,0.000,0.000,0.000
333763.000,0.000,45828.000,0.000,0.000,0.000,0.000,0.000,0.000
333773.000,0.000,45828.000,0.000,0.000,0.000,0.000,0.000,0.000
333783.000,0.000,45828.000,0.000,0.000,0.000,0.000,0.000,0.000
333793.000,0.000,45828.000,0.000,0.000,0.000,0.000,0.000,0.000
333803.000,0.000,45828.000,0.000,0.000,0.000,0.000,0.000,0.000
333813.000,0.000,45828.000,0.000,0.000,0.000,0.000,0.000,0.000
333823.000,0.000,45828.000,0.000,0.000,0.000,0.000,0.000,0.000
333833.000,0.000,45828.000,0.000,0.000,0.000,0.000,0.000,0.000
333843.000,0.000,45828.000,0.000,0.000,0.000,0.000,0.000,0.000
333853.000,0.000,45828.000,0.000,0.000,0.000,0.000,0.000,0.000
333863.000,0.000,45828.000,0.000,0.000,0.000,0.000,0.000,0.000
333873.000,0.000,45828.000,0.000,0.000,0.000,0.000,0.000,0.000
333883.000,0.000,45828.000,0.000,0.000,0.000,0.000,0.000,0.000
333893.000,0.000,45828.000,0.000,0.000,0.000,0.000,0.000,0.000
333903.000,0.000,45828.000,0.000,0.000,0.000,0.000,0.000,0.000
333913.000,0.000,45828.000,0.000,0.000,0.000,0.000,0.000,0.000
333923.000,0.000,45828.000,0.000,0.000,0.000,0.000,0.000,0.000
333933.000,0.000,45828.000,0.000,0.000,0.000,0.000,0.000,0.000
333943.000,0.000,45828.000,0.000,0.000,0.000,0.000,0.000,0.000
333953.000,0.000,45828.000,0.000,0.000,0.000,0.000,0.000,0.000
333963.000,0.000,45828.000,0.000,0.000,0.000,0.000,0.000,0.000
333973.000,0.000,45828.000,0.000,0.000,0.000,0.000,0.000,0.000
333983.000,0.000,45828.000,0.000,0.000,0.000,0.000,0.000,0.000
333993.000,0.000,45828.000,0.000,0.000,0.000,0.000,0.000,0.000
334003.000,0.000,45828.000,0.000,0.000,0.000,0.000,0.000,0.000
334013.000,0.000,45828.000,0.000,0.000,0.000,0.000,0.000,0.000
334023.000,0.000,45828.000,0.000,0.000,0.000,0.000,0.000,0.000
334033.000,0.000,45828.000,0.000,0.000,0.000,0.000,0.000,0.000
334043.000,0.000,45828.000,0.000,0.000,0.000,0.000,0.000,0.000
334053.000,0.000,45828.000,0.000,0.000,0.000,0.000,0.000,0.000
334063.000,0.000,45828.000,0.000,0.000,0.000,0.000,0.000,0.000
334073.000,0.000,45828.000,0.000,0.000,0.000,0.000,0.000,0.000
334083.000,0.000,45828.000,0.000,0.000,0.000,0.000,0.000,0.000
334093.000,0.000,45828.000,0.000,0.000,0.000,0.000,0.000,0.000
334103.000,0.000,45828.000,0.000,0.000,0.000,0.000,0.000,0.000
334113.000,0.000,45828.000,0.000,0.000,0.000,0.000,0.000,0.000
334123.000,0.000,45828.000,0.000,0.000,0.000,0.000,0.000,0.000
334133.000,0.000,45828.000,0.000,0.000,0.000,0.000,0.000,0.000
334143.000,0.000,45828.000,0.000,0.000,0.000,0.000,0.000,0.000
334153.000,0.000,45828.000,0.000,0.000,0.000,0.000,0.000,0.000
334163.000,0.000,45828.000,0.000,0.000,0.000,0.000,0.000,0.000
334173.000,0.000,45828.000,0.000,0.000,0.000,0.000,0.000,0.000
334183.000,0.000,45828.000,0.000,0.000,0.000,0.000,0.000,0.000
334193.000,0.000,45828.000,0.000,0.000,0.000,0.000,0.000,0.000
334203.000,0.000,45828.000,0.000,0.000,0.000,0.000,0.000,0.000
334213.000,0.000,45828.000,0.000,0.000,0.000,0.000,0.000,0.000
334223.000,0.000,45828.000,0.000,0.000,0.000,0.000,0.000,0.000
334233.000,0.000,45828.000,0.000,0.000,0.000,0.000,0.000,0.000
334243.000,0.000,45828.000,0.000,0.000,0.000,0.000,0.000,0.000
334253.000,0.000,45828.000,0.000,0.000,0.000,0.000,0.000,0.000
334263.000,0.000,45828.000,0.000,0.000,0.000,0.000,0.000,0.000
334273.000,0.000,45828.000,0.000,0.000,0.000,0.000,0.000,0.000
334283.000,0.000,45828.000,0.000,0.000,0.000,0.000,0.000,0.000
334293.000,0.000,45828.000,0.000,0.000,0.000,0.000,0.000,0.000
334303.000,0.000,45828.000,0.000,0.000,0.000,0.000,0.000,0.000
334313.000,0.000,45828.000,0.000,0.000,0.000,0.000,0.000,0.000
334323.000,0.000,45828.000,0.000,0.000,0.000,0.000,0.000,0.000
334333.000,0.000,45828.000,0.000,0.000,0.000,0.000,0.000,0.000
334343.000,0.000,45828.000,0.000,0.000,0.000,0.000,0.000,0.000
334353.000,0.000,45828.000,0.000,0.000,0.000,0.000,0.000,0.000
334363.000,0.000,45828.000,0.000,0.000,0.000,0.000,0.000,0.000
334373.000,0.000,45828.000,0.000,0.000,0.000,0.000,0.000,0.000
334383.000,0.000,45828.000,0.000,0.000,0.000,0.000,0.000,0.000
334393.000,0.000,45828.000,0.000,0.000,0.000,0.000,0.000,0.000
334403.000,0.000,45828.000,0.000,0.000,0.000,0.000,0.000,0.000
334413.000,0.000,45828.000,0.000,0.000,0.000,0.000,0.000,0.000
334423.000,0.000,45828.000,0.000,0.000,0.000,0.000,0.000,0.000
334433.000,0.000,45828.000,0.000,0.000,0.000,0.000,0.000,0.000
334443.000,0.000,45828.000,0.000,0.000,0.000,0.000,0.000,0.000
334453.000,0.000,45828.000,0.000,0.000,0.000,0.000,0.000,0.000
334463.000,0.000,45828.000,0.000,0.000,0.000,0.000,0.000,0.000
334473.000,0.000,45828.000,0.000,0.000,0.000,0.000,0.000,0.000
334483.000,0.000,45828.000,0.000,0.000,0.000,0.000,0.000,0.000
334493.000,0.000,45828.000,0.000,0.000,0.000,0.000,0.000,0.000
334503.000,0.000,45828.000,0.000,0.000,0.000,0.000,0.000,0.000
334513.000,0.000,45828.000,0.000,0.000,0.000,0.000,0.000,0.000
334523.000,0.000,45828.000,0.000,0.000,0.000,0.000,0.000,0.000
334533.000,0.000,45828.000,0.000,0.000,0.000,0.000,0.000,0.000
334543.000,0.000,45828.000,0.000,0.000,0.000,0.000,0.000,0.000
334553.000,0.000,45828.000,0.000,0.000,0.000,0.000,0.000,0.000
334563.000,0.000,45828.000,0.000,0.000,0.000,0.000,0.000,0.000
334573.000,0.000,45828.000,0.000,0.000,0.000,0.000,0.000,0.000
334583.000,0.000,45828.000,0.000,0.000,0.000,0.000,0.000,0.000
334593.000,0.000,45828.000,0.000,0.000,0.000,0.000,0.000,0.000
334603.000,0.000,45828.000,0.000,0.000,0.000,0.000,0.000,0.000
334613.000,0.000,45828.000,0.000,0.000,0.000,0.000,0.000,0.000
334623.000,0.000,45828.000,0.000,0.000,0.000,0.000,0.000,0.000
334633.000,0.000,45828.000,0.000,0.000,0.000,0.000,0.000,0.000
334643.000,0.000,45828.000,0.000,0.000,0.000,0.000,0.000,0.000
334653.000,0.000,45828.000,0.000,0.000,0.000,0.000,0.000,0.000
334663.000,0.000,45828.000,0.000,0.000,0.000,0.000,0.000,0.000
334673.000,0.000,45828.000,0.000,0.000,0.000,0.000,0.000,0.000
334683.000,0.000,45828.000,0.000,0.000,0.000,0.000,0.000,0.000
334693.000,0.000,45828.000,0.000,0.000,0.000,0.000,0.000,0.000
334703.000,0.000,45828.000,0.000,0.000,0.000,0.000,0.000,0.000
334713.000,0.000,45828.000,0.000,0.000,0.000,0.000,0.000,0.000
334723.000,0.000,45828.000,0.000,0.000,0.000,0.000,0.000,0.000
334733.000,0.000,45828.000,0.000,0.000,0.000,0.000,0.000,0.000
334743.000,0.000,45828.000,0.000,0.000,0.000,0.000,0.000,0.000
334753.000,0.000,45828.000,0.000,0.000,0.000,0.000,0.000,0.000
334763.000,0.000,45828.000,0.000,0.000,0.000,0.000,0.000,0.000
334773.000,0.000,45828.000,0.000,0.000,0.000,0.000,0.000,0.000
334783.000,0.000,45828.000,0.000,0.000,0.000,0.000,0.000,0.000
334793.000,0.000,45828.000,0.000,0.000,0.000,0.000,0.000,0.000
334803.000,0.000,45828.000,0.000,0.000,0.000,0.000,0.000,0.000
334813.000,0.000,45828.000,0.000,0.000,0.000,0.000,0.000,0.000
334823.000,0.000,45828.000,0.000,0.000,0.000,0.000,0.000,0.000
334833.000,0.000,45828.000,0.000,0.000,0.000,0.000,0.000,0.000
334843.000,0.000,45828.000,0.000,0.000,0.000,0.000,0.000,0.000
334853.000,0.000,45828.000,0.000,0.000,0.000,0.000,0.000,0.000
334863.000,0.000,45828.000,0.000,0.000,0.000,0.000,0.000,0.000
334873.000,0.000,45828.000,0.000,0.000,0.000,0.000,0.000,0.000
334883.000,0.000,45828.000,0.000,0.000,0.000,0.000,0.000,0.000
334893.000,0.000,45828.000,0.000,0.000,0.000,0.000,0.000,0.000
334903.000,0.000,45828.000,0.000,0.000,0.000,0.000,0.000,0.000
334913.000,0.000,45828.000,0.000,0.000,0.000,0.000,0.000,0.000
334923.000,0.000,45828.000,0.000,0.000,0.000,0.000,0.000,0.000
334933.000,0.000,45828.000,0.000,0.000,0.000,0.000,0.000,0.000
334943.000,0.000,45828.000,0.000,0.000,0.000,0.000,0.000,0.000
334953.000,0.000,45828.000,0.000,0.000,0.000,0.000,0.000,0.000
334963.000,0.000,45828.000,0.000,0.000,0.000,0.000,0.000,0.000
334973.000,0.000,45828.000,0.000,0.000,0.000,0.000,0.000,0.000
334983.000,0.000,45828.000,0.000,0.000,0.000,0.000,0.000,0.000
334993.000,0.000,45828.000,0.000,0.000,0.000,0.000,0.000,0.000
335003.000,0.000,45828.000,0.000,0.000,0.000,0.000,0.000,0.000
335013.000,0.000,45828.000,0.000,0.000,0.000,0.000,0.000,0.000
335023.000,0.000,45828.000,0.000,0.000,0.000,0.000,0.000,0.000
335033.000,0.000,45828.000,0.000,0.000,0.000,0.000,0.000,0.000
335043.000,0.000,45828.000,0.000,0.000,0.000,0.000,0.000,0.000
335053.000,0.000,45828.000,0.000,0.000,0.000,0.000,0.000,0.000
335063.000,0.000,45828.000,0.000,0.000,0.000,0.000,0.000,0.000
335073.000,0.000,45828.000,0.000,0.000,0.000,0.000,0.000,0.000
335083.000,0.000,45828.000,0.000,0.000,0.000,0.000,0.000,0.000
335093.000,0.000,45828.000,0.000,0.000,0.000,0.000,0.000,0.000
335103.000,0.000,45828.000,0.000,0.000,0.000,0.000,0.000,0.000
335113.000,0.000,45828.000,0.000,0.000,0.000,0.000,0.000,0.000
335123.000,0.000,45828.000,0.000,0.000,0.000,0.000,0.000,0.000
335133.000,0.000,45828.000,0.000,0.000,0.000,0.000,0.000,0.000
335143.000,0.000,45828.000,0.000,0.000,0.000,0.000,0.000,0.000
335153.000,0.000,45828.000,0.000,0.000,0.000,0.000,0.000,0.000
335163.000,0.000,45828.000,0.000,0.000,0.000,0.000,0.000,0.000
335173.000,0.000,45828.000,0.000,0.000,0.000,0.000,0.000,0.000
335183.000,0.000,45828.000,0.000,0.000,0.000,0.000,0.000,0.000
335193.000,0.000,45828.000,0.000,0.000,0.000,0.000,0.000,0.000
335203.000,0.000,45828.000,0.000,0.000,0.000,0.000,0.000,0.000
335213.000,0.000,45828.000,0.000,0.000,0.000,0.000,0.000,0.000
335223.000,0.000,45828.000,0.000,0.000,0.000,0.000,0.000,0.000
335233.000,0.000,45828.000,0.000,0.000,0.000,0.000,0.000,0.000
335243.000,0.000,45828.000,0.000,0.000,0.000,0.000,0.000,0.000
335253.000,0.000,45828.000,0.000,0.000,0.000,0.000,0.000,0.000
335263.000,0.000,45828.000,0.000,0.000,0.000,0.000,0.000,0.000
335273.000,0.000,45828.000,0.000,0.000,0.000,0.000,0.000,0.000
335283.000,0.000,45828.000,0.000,0.000,0.000,0.000,0.000,0.000
335293.000,0.000,45828.000,0.000,0.000,0.000,0.000,0.000,0.000
335303.000,0.000,45828.000,0.000,0.000,0.000,0.000,0.000,0.000
335313.000,0.000,45828.000,0.000,0.000,0.000,0.000,0.000,0.000
335323.000,0.000,45828.000,0.000,0.000,0.000,0.000,0.000,0.000
335333.000,0.000,45828.000,0.000,0.000,0.000,0.000,0.000,0.000
335343.000,0.000,45828.000,0.000,0.000,0.000,0.000,0.000,0.000
335353.000,0.000,45828.000,0.000,0.000,0.000,0.000,0.000,0.000
335363.000,0.000,45828.000,0.000,0.000,0.000,0.000,0.000,0.000
335373.000,0.000,45828.000,0.000,0.000,0.000,0.000,0.000,0.000
335383.000,0.000,45828.000,0.000,0.000,0.000,0.000,0.000,0.000
335393.000,0.000,45828.000,0.000,0.000,0.000,0.000,0.000,0.000
335403.000,0.000,45828.000,0.000,0.000,0.000,0.000,0.000,0.000
335413.000,0.000,45828.000,0.000,0.000,0.000,0.000,0.000,0.000
335423.000,0.000,45828.000,0.000,0.000,0.000,0.000,0.000,0.000
335433.000,0.000,45828.000,0.000,0.000,0.000,0.000,0.000,0.000
335443.000,0.000,45828.000,0.000,0.000,0.000,0.000,0.000,0.000
335453.000,0.000,45828.000,0.000,0.000,0.000,0.000,0.000,0.000
335463.000,0.000,45828.000,0.000,0.000,0.000,0.000,0.000,0.000
335473.000,0.000,45828.000,0.000,0.000,0.000,0.000,0.000,0.000
335483.000,0.000,45828.000,0.000,0.000,0.000,0.000,0.000,0.000
335493.000,0.000,45828.000,0.000,0.000,0.000,0.000,0.000,0.000
335503.000,0.000,45828.000,0.000,0.000,0.000,0.000,0.000,0.000
335513.000,0.000,45828.000,0.000,0.000,0.000,0.000,0.000,0.000
335523.000,0.000,45828.000,0.000,0.000,0.000,0.000,0.000,0.000
335533.000,0.000,45828.000,0.000,0.000,0.000,0.000,0.000,0.000
335543.000,0.000,45828.000,0.000,0.000,0.000,0.000,0.000,0.000
335553.000,0.000,45828.000,0.000,0.000,0.000,0.000,0.000,0.000
335563.000,0.000,45828.000,0.000,0.000,0.000,0.000,0.000,0.000
335573.000,0.000,45828.000,0.000,0.000,0.000,0.000,0.000,0.000
335583.000,0.000,45828.000,0.000,0.000,0.000,0.000,0.000,0.000
335593.000,0.000,45828.000,0.000,0.000,0.000,0.000,0.000,0.000
335603.000,0.000,45828.000,0.000,0.000,0.000,0.000,0.000,0.000
335613.000,0.000,45828.000,0.000,0.000,0.000,0.000,0.000,0.000
335623.000,0.000,45828.000,0.000,0.000,0.000,0.000,0.000,0.000
335633.000,0.000,45828.000,0.000,0.000,0.000,0.000,0.000,0.000
335643.000,0.000,45828.000,0.000,0.000,0.000,0.000,0.000,0.000
335653.000,0.000,45828.000,0.000,0.000,0.000,0.000,0.000,0.000
335663.000,0.000,45828.000,0.000,0.000,0.000,0.000,0.000,0.000
335673.000,0.000,45828.000,0.000,0.000,0.000,0.000,0.000,0.000
335683.000,0.000,45828.000,0.000,0.000,0.000,0.000,0.000,0.000
335693.000,0.000,45828.000,0.000,0.000,0.000,0.000,0.000,0.000
335703.000,0.000,45828.000,0.000,0.000,0.000,0.000,0.000,0.000
335713.000,0.000,45828.000,0.000,0.000,0.000,0.000,0.000,0.000
335723.000,0.000,45828.000,0.000,0.000,0.000,0.000,0.000,0.000
335733.000,0.000,45828.000,0.000,0.000,0.000,0.000,0.000,0.000
335743.000,0.000,45828.000,0.000,0.000,0.000,0.000,0.000,0.000
335753.000,0.000,45828.000,0.000,0.000,0.000,0.000,0.000,0.000
335763.000,0.000,45828.000,0.000,0.000,0.000,0.000,0.000,0.000
335773.000,0.000,45828.000,0.000,0.000,0.000,0.000,0.000,0.000
335783.000,0.000,45828.000,0.000,0.000,0.000,0.000,0.000,0.000
335793.000,0.000,45828.000,0.000,0.000,0.000,0.000,0.000,0.000
335803.000,0.000,45828.000,0.000,0.000,0.000,0.000,0.000,0.000
335813.000,0.000,45828.000,0.000,0.000,0.000,0.000,0.000,0.000
335823.000,0.000,45828.000,0.000,0.000,0.000,0.000,0.000,0.000
335833.000,0.000,45828.000,0.000,0.000,0.000,0.000,0.000,0.000
335843.000,0.000,45828.000,0.000,0.000,0.000,0.000,0.000,0.000
335853.000,0.000,45828.000,0.000,0.000,0.000,0.000,0.000,0.000
335863.000,0.000,45828.000,0.000,0.000,0.000,0.000,0.000,0.000
335873.000,0.000,45828.000,0.000,0.000,0.000,0.000,0.000,0.000
335883.000,0.000,45828.000,0.000,0.000,0.000,0.000,0.000,0.000
335893.000,0.000,45828.000,0.000,0.000,0.000,0.000,0.000,0.000
335903.000,0.000,45828.000,75.000,7200.000,0.000,0.000,0.000,0.000
335913.000,1.000,45829.000,75.000,7200.000,0.000,0.000,0.000,0.000
335923.000,0.000,45829.000,75.000,7200.000,0.000,0.000,0.000,0.000
335933.000,0.000,45829.000,75.000,7200.000,0.000,0.000,0.000,0.000
335943.000,0.000,45829.000,75.000,7200.000,0.000,0.000,0.000,0.000
335953.000,0.000,45829.000,75.000,7200.000,0.000,0.000,0.000,0.000
335963.000,0.000,45829.000,75.000,7200.000,0.000,0.000,0.000,0.000
335973.000,0.000,45829.000,75.000,7200.000,0.000,0.000,0.000,0.000
335983.000,0.000,45829.000,75.000,7200.000,0.000,0.000,0.000,0.000
335993.000,0.000,45829.000,75.000,7200.000,0.000,0.000,0.000,0.000
336003.000,0.000,45829.000,75.000,7200.000,0.000,0.000,0.000,0.000
336013.000,0.000,45829.000,75.000,7200.000,0.000,0.000,0.000,0.000
336023.000,0.000,45829.000,75.000,7200.000,0.000,0.000,0.000,0.000
336033.000,0.000,45829.000,75.000,7200.000,0.000,0.000,0.000,0.000
336043.000,0.000,45829.000,75.000,7200.000,0.000,0.000,0.000,0.000
336053.000,0.000,45829.000,75.000,7200.000,0.000,0.000,0.000,0.000
336063.000,0.000,45829.000,75.000,7200.000,0.000,0.000,0.000,0.000
336073.000,0.000,45829.000,75.000,7200.000,0.000,0.000,0.000,0.000
336083.000,0.000,45829.000,75.000,7200.000,0.000,0.000,0.000,0.000
336093.000,0.000,45829.000,75.000,7200.000,0.000,0.000,0.000,0.000
336103.000,1.000,45830.000,75.000,7200.000,0.000,0.000,0.000,0.000
336113.000,0.000,45830.000,75.000,7200.000,0.000,0.000,0.000,0.000
336123.000,0.000,45830.000,75.000,7200.000,0.000,0.000,0.000,0.000
336133.000,2.000,45832.000,75.000,7200.000,0.000,0.000,0.000,0.000
336143.000,1.000,45833.000,75.000,7200.000,0.000,0.000,0.000,0.000
336153.000,2.000,45835.000,75.000,7200.000,0.000,0.000,0.000,0.000
336163.000,3.000,45838.000,75.000,7200.000,0.000,0.000,0.000,0.000
336173.000,4.000,45842.000,75.000,7200.000,0.000,0.000,0.000,0.000
336183.000,4.000,45846.000,75.000,7200.000,0.000,0.000,0.000,0.000
336193.000,6.000,45852.000,75.000,7200.000,0.000,0.000,0.000,0.000
336203.000,5.000,45857.000,75.000,7200.000,0.000,0.000,0.000,0.000
336213.000,6.000,45863.000,75.000,7200.000,0.000,0.000,0.000,0.000
336223.000,7.000,45870.000,75.000,7200.000,0.000,0.000,0.000,0.000
336233.000,8.000,45878.000,75.000,7200.000,0.000,0.000,0.000,0.000
336243.000,8.000,45886.000,75.000,7200.000,0.000,0.000,0.000,0.000
336253.000,8.000,45894.000,75.000,7200.000,0.000,0.000,0.000,0.000
336263.000,10.000,45904.000,75.000,7200.000,0.000,0.000,0.000,0.000
336273.000,9.000,45913.000,75.000,7200.000,0.000,0.000,0.000,0.000
336283.000,10.000,45923.000,75.000,7200.000,0.000,0.000,0.000,0.000
336293.000,11.000,45934.000,75.000,7200.000,0.000,0.000,0.000,0.000
336303.000,11.000,45945.000,75.000,7200.000,0.000,0.000,0.000,0.000
336313.000,11.000,45956.000,75.000,7200.000,0.000,0.000,0.000,0.000
336323.000,13.000,45969.000,75.000,7200.000,0.000,0.000,0.000,0.000
336333.000,12.000,45981.000,75.000,7200.000,0.000,0.000,0.000,0.000
336343.000,13.000,45994.000,75.000,7200.000,0.000,0.000,0.000,0.000
336353.000,13.000,46007.000,75.000,7200.000,0.000,0.000,0.000,0.000
336363.000,14.000,46021.000,75.000,7200.000,0.000,0.000,0.000,0.000
336373.000,14.000,46035.000,75.000,7200.000,0.000,0.000,0.000,0.000
336383.000,15.000,46050.000,75.000,7200.000,0.000,0.000,0.000,0.000
336393.000,15.000,46065.000,75.000,7200.000,0.000,0.000,0.000,0.000
336403.000,15.000,46080.000,75.000,7200.000,0.000,0.000,0.000,0.000
336413.000,16.000,46096.000,75.000,7200.000,0.000,0.000,0.000,0.000
336423.000,16.000,46112.000,75.000,7200.000,0.000,0.000,0.000,0.000
336433.000,16.000,46128.000,75.000,7200.000,0.000,0.000,0.000,0.000
336443.000,18.000,46146.000,75.000,7200.000,0.000,0.000,0.000,0.000
336453.000,17.000,46163.000,75.000,7200.000,0.000,0.000,0.000,0.000
336463.000,17.000,46180.000,75.000,7200.000,0.000,0.000,0.000,0.000
336473.000,18.000,46198.000,75.000,7200.000,0.000,0.000,0.000,0.000
336483.000,19.000,46217.000,75.000,7200.000,0.000,0.000,0.000,0.000
336493.000,18.000,46235.000,75.000,7200.000,0.000,0.000,0.000,0.000
336503.000,20.000,46255.000,75.000,7200.000,0.000,0.000,0.000,0.000
336513.000,20.000,46275.000,75.000,7200.000,0.000,0.000,0.000,0.000
336523.000,20.000,46295.000,75.000,7200.000,0.000,0.000,0.000,0.000
336533.000,20.000,46315.000,75.000,7200.000,0.000,0.000,0.000,0.000
336543.000,20.000,46335.000,75.000,7200.000,0.000,0.000,0.000,0.000
336553.000,21.000,46356.000,75.000,7200.000,0.000,0.000,0.000,0.000
336563.000,22.000,46378.000,75.000,7200.000,0.000,0.000,0.000,0.000
336573.000,21.000,46399.000,75.000,7200.000,0.000,0.000,0.000,0.000
336583.000,21.000,46420.000,75.000,7200.000,0.000,0.000,0.000,0.000
336593.000,23.000,46443.000,75.000,7200.000,0.000,0.000,0.000,0.000
336603.000,21.000,46464.000,75.000,7200.000,0.000,0.000,0.000,0.000
336613.000,23.000,46487.000,75.000,7200.000,0.000,0.000,0.000,0.000
336623.000,23.000,46510.000,75.000,7200.000,0.000,0.000,0.000,0.000
336633.000,24.000,46534.000,75.000,7200.000,0.000,0.000,0.000,0.000
336643.000,22.000,46556.000,75.000,7200.000,0.000,0.000,0.000,0.000
336653.000,24.000,46580.000,75.000,7200.000,0.000,0.000,0.000,0.000
336663.000,24.000,46604.000,75.000,7200.000,0.000,0.000,0.000,0.000
336673.000,24.000,46628.000,75.000,7200.000,0.000,0.000,0.000,0.000
336683.000,24.000,46652.000,75.000,7200.000,0.000,0.000,0.000,0.000
336693.000,24.000,46676.000,75.000,7200.000,0.000,0.000,0.000,0.000
336703.000,24.000,46700.000,75.000,7200.000,0.000,0.000,0.000,0.000
336713.000,26.000,46726.000,75.000,7200.000,0.000,0.000,0.000,0.000
336723.000,25.000,46751.000,75.000,7200.000,0.000,0.000,0.000,0.000
336733.000,21.000,46772.000,75.000,7200.000,0.000,0.000,0.000,0.000
336743.000,26.000,46798.000,75.000,7200.000,0.000,0.000,0.000,0.000
336753.000,17.000,46815.000,75.000,7200.000,0.000,0.000,0.000,0.000
336763.000,24.000,46839.000,75.000,7200.000,0.000,0.000,0.000,0.000
336773.000,24.000,46863.000,75.000,7200.000,0.000,0.000,0.000,0.000
336783.000,19.000,46882.000,75.000,7200.000,0.000,0.000,0.000,0.000
336793.000,26.000,46908.000,75.000,7200.000,0.000,0.000,0.000,0.000
336803.000,27.000,46935.000,75.000,7200.000,0.000,0.000,0.000,0.000
336813.000,27.000,46962.000,75.000,7200.000,0.000,0.000,0.000,0.000
336823.000,24.000,46986.000,75.000,7200.000,0.000,0.000,0.000,0.000
336833.000,22.000,47008.000,75.000,7200.000,0.000,0.000,0.000,0.000
336843.000,25.000,47033.000,75.000,7200.000,0.000,0.000,0.000,0.000
336853.000,19.000,47052.000,75.000,7200.000,0.000,0.000,0.000,0.000
336863.000,21.000,47073.000,75.000,7200.000,0.000,0.000,0.000,0.000
336873.000,28.000,47101.000,75.000,7200.000,0.000,0.000,0.000,0.000
336883.000,29.000,47130.000,75.000,7200.000,0.000,0.000,0.000,0.000
336893.000,20.000,47150.000,75.000,7200.000,0.000,0.000,0.000,0.000
336903.000,25.000,47175.000,75.000,7200.000,0.000,0.000,0.000,0.000
336913.000,28.000,47203.000,75.000,7200.000,0.000,0.000,0.000,0.000
336923.000,25.000,47228.000,75.000,7200.000,0.000,0.000,0.000,0.000
336933.000,26.000,47254.000,75.000,7200.000,0.000,0.000,0.000,0.000
336943.000,21.000,47275.000,75.000,7200.000,0.000,0.000,0.000,0.000
336953.000,25.000,47300.000,75.000,7200.000,0.000,0.000,0.000,0.000
336963.000,18.000,47318.000,75.000,7200.000,0.000,0.000,0.000,0.000
336973.000,25.000,47343.000,75.000,7200.000,0.000,0.000,0.000,0.000
336983.000,29.000,47372.000,75.000,7200.000,0.000,0.000,0.000,0.000
336993.000,27.000,47399.000,75.000,7200.000,0.000,0.000,0.000,0.000
337003.000,21.000,47420.000,75.000,7200.000,0.000,0.000,0.000,0.000
337013.000,27.000,47447.000,75.000,7200.000,0.000,0.000,0.000,0.000
337023.000,26.000,47473.000,75.000,7200.000,0.000,0.000,0.000,0.000
337033.000,31.000,47504.000,75.000,7200.000,0.000,0.000,0.000,0.000
337043.000,22.000,47526.000,75.000,7200.000,0.000,0.000,0.000,0.000
337053.000,18.000,47544.000,75.000,7200.000,0.000,0.000,0.000,0.000
337063.000,24.000,47568.000,75.000,7200.000,0.000,0.000,0.000,0.000
337073.000,23.000,47591.000,75.000,7200.000,0.000,0.000,0.000,0.000
337083.000,11.000,47602.000,75.000,7200.000,0.000,0.000,0.000,0.000
337093.000,30.000,47632.000,75.000,7200.000,0.000,0.000,0.000,0.000
337103.000,19.000,47651.000,75.000,7200.000,0.000,0.000,0.000,0.000
337113.000,24.000,47675.000,75.000,7200.000,0.000,0.000,0.000,0.000
337123.000,23.000,47698.000,75.000,7200.000,0.000,0.000,0.000,0.000
337133.000,20.000,47718.000,75.000,7200.000,0.000,0.000,0.000,0.000
337143.000,20.000,47738.000,75.000,7200.000,0.000,0.000,0.000,0.000
337153.000,24.000,47762.000,75.000,7200.000,0.000,0.000,0.000,0.000
337163.000,12.000,47774.000,75.000,7200.000,0.000,0.000,0.000,0.000
337173.000,20.000,47794.000,75.000,7200.000,0.000,0.000,0.000,0.000
337183.000,24.000,47818.000,75.000,7200.000,0.000,0.000,0.000,0.000
337193.000,24.000,47842.000,75.000,7200.000,0.000,0.000,0.000,0.000
337203.000,20.000,47862.000,75.000,7200.000,0.000,0.000,0.000,0.000
337213.000,25.000,47887.000,75.000,7200.000,0.000,0.000,0.000,0.000
337223.000,24.000,47911.000,75.000,7200.000,0.000,0.000,0.000,0.000
337233.000,21.000,47932.000,75.000,7200.000,0.000,0.000,0.000,0.000
337243.000,29.000,47961.000,75.000,7200.000,0.000,0.000,0.000,0.000
337253.000,21.000,47982.000,75.000,7200.000,0.000,0.000,0.000,0.000
337263.000,16.000,47998.000,75.000,7200.000,0.000,0.000,0.000,0.000
337273.000,29.000,48027.000,75.000,7200.000,0.000,0.000,0.000,0.000
337283.000,18.000,48045.000,75.000,7200.000,0.000,0.000,0.000,0.000
337293.000,21.000,48066.000,75.000,7200.000,0.000,0.000,0.000,0.000
337303.000,12.000,48078.000,75.000,7200.000,0.000,0.000,0.000,0.000
337313.000,29.000,48107.000,75.000,7200.000,0.000,0.000,0.000,0.000
337323.000,18.000,48125.000,75.000,7200.000,0.000,0.000,0.000,0.000
337333.000,21.000,48146.000,75.000,7200.000,0.000,0.000,0.000,0.000
337343.000,17.000,48163.000,75.000,7200.000,0.000,0.000,0.000,0.000
337353.000,10.000,48173.000,75.000,7200.000,0.000,0.000,0.000,0.000
337363.000,22.000,48195.000,75.000,7200.000,0.000,0.000,0.000,0.000
337373.000,23.000,48218.000,75.000,7200.000,0.000,0.000,0.000,0.000
337383.000,24.000,48242.000,75.000,7200.000,0.000,0.000,0.000,0.000
337393.000,13.000,48255.000,75.000,7200.000,0.000,0.000,0.000,0.000
337403.000,31.000,48286.000,75.000,7200.000,0.000,0.000,0.000,0.000
337413.000,25.000,48311.000,75.000,7200.000,0.000,0.000,0.000,0.000
337423.000,19.000,48330.000,75.000,7200.000,0.000,0.000,0.000,0.000
337433.000,29.000,48359.000,75.000,7200.000,0.000,0.000,0.000,0.000
337443.000,27.000,48386.000,75.000,7200.000,0.000,0.000,0.000,0.000
337453.000,27.000,48413.000,75.000,7200.000,0.000,0.000,0.000,0.000
337463.000,18.000,48431.000,75.000,7200.000,0.000,0.000,0.000,0.000
337473.000,27.000,48458.000,75.000,7200.000,0.000,0.000,0.000,0.000
337483.000,19.000,48477.000,75.000,7200.000,0.000,0.000,0.000,0.000
337493.000,15.000,48492.000,75.000,7200.000,0.000,0.000,0.000,0.000
337503.000,14.000,48506.000,75.000,7200.000,0.000,0.000,0.000,0.000
337513.000,11.000,48517.000,75.000,7200.000,0.000,0.000,0.000,0.000
337523.000,19.000,48536.000,75.000,7200.000,0.000,0.000,0.000,0.000
337533.000,19.000,48555.000,75.000,7200.000,0.000,0.000,0.000,0.000
337543.000,23.000,48578.000,75.000,7200.000,0.000,0.000,0.000,0.000
337553.000,19.000,48597.000,75.000,7200.000,0.000,0.000,0.000,0.000
337563.000,26.000,48623.000,75.000,7200.000,0.000,0.000,0.000,0.000
337573.000,20.000,48643.000,75.000,7200.000,0.000,0.000,0.000,0.000
337583.000,15.000,48658.000,75.000,7200.000,0.000,0.000,0.000,0.000
337593.000,23.000,48681.000,75.000,7200.000,0.000,0.000,0.000,0.000
337603.000,15.000,48696.000,75.000,7200.000,0.000,0.000,0.000,0.000
337613.000,19.000,48715.000,75.000,7200.000,0.000,0.000,0.000,0.000
337623.000,15.000,48730.000,75.000,7200.000,0.000,0.000,0.000,0.000
337633.000,32.000,48762.000,75.000,7200.000,0.000,0.000,0.000,0.000
337643.000,12.000,48774.000,75.000,7200.000,0.000,0.000,0.000,0.000
337653.000,20.000,48794.000,75.000,7200.000,0.000,0.000,0.000,0.000
337663.000,21.000,48815.000,75.000,7200.000,0.000,0.000,0.000,0.000
337673.000,12.000,48827.000,75.000,7200.000,0.000,0.000,0.000,0.000
337683.000,12.000,48839.000,75.000,7200.000,0.000,0.000,0.000,0.000
337693.000,19.000,48858.000,75.000,7200.000,0.000,0.000,0.000,0.000
337703.000,24.000,48882.000,75.000,7200.000,0.000,0.000,0.000,0.000
337713.000,16.000,48898.000,75.000,7200.000,0.000,0.000,0.000,0.000
337723.000,15.000,48913.000,75.000,7200.000,0.000,0.000,0.000,0.000
337733.000,32.000,48945.000,75.000,7200.000,0.000,0.000,0.000,0.000
337743.000,16.000,48961.000,75.000,7200.000,0.000,0.000,0.000,0.000
337753.000,12.000,48973.000,75.000,7200.000,0.000,0.000,0.000,0.000
337763.000,12.000,48985.000,75.000,7200.000,0.000,0.000,0.000,0.000
337773.000,24.000,49009.000,75.000,7200.000,0.000,0.000,0.000,0.000
337783.000,16.000,49025.000,75.000,7200.000,0.000,0.000,0.000,0.000
337793.000,13.000,49038.000,75.000,7200.000,0.000,0.000,0.000,0.000
337803.000,16.000,49054.000,75.000,7200.000,0.000,0.000,0.000,0.000
337813.000,18.000,49072.000,75.000,7200.000,0.000,0.000,0.000,0.000
337823.000,19.000,49091.000,75.000,7200.000,0.000,0.000,0.000,0.000
337833.000,17.000,49108.000,75.000,7200.000,0.000,0.000,0.000,0.000
337843.000,11.000,49119.000,75.000,7200.000,0.000,0.000,0.000,0.000
337853.000,21.000,49140.000,75.000,7200.000,0.000,0.000,0.000,0.000
337863.000,18.000,49158.000,75.000,7200.000,0.000,0.000,0.000,0.000
337873.000,11.000,49169.000,75.000,7200.000,0.000,0.000,0.000,0.000
337883.000,16.000,49185.000,75.000,7200.000,0.000,0.000,0.000,0.000
337893.000,20.000,49205.000,75.000,7200.000,0.000,0.000,0.000,0.000
337903.000,16.000,49221.000,75.000,7200.000,0.000,0.000,0.000,0.000
337913.000,16.000,49237.000,75.000,7200.000,0.000,0.000,0.000,0.000
337923.000,13.000,49250.000,75.000,7200.000,0.000,0.000,0.000,0.000
337933.000,16.000,49266.000,75.000,7200.000,0.000,0.000,0.000,0.000
337943.000,16.000,49282.000,75.000,7200.000,0.000,0.000,0.000,0.000
337953.000,20.000,49302.000,75.000,7200.000,0.000,0.000,0.000,0.000
337963.000,16.000,49318.000,75.000,7200.000,0.000,0.000,0.000,0.000
337973.000,21.000,49339.000,75.000,7200.000,0.000,0.000,0.000,0.000
337983.000,24.000,49363.000,75.000,7200.000,0.000,0.000,0.000,0.000
337993.000,16.000,49379.000,75.000,7200.000,0.000,0.000,0.000,0.000
338003.000,20.000,49399.000,75.000,7200.000,0.000,0.000,0.000,0.000
338013.000,18.000,49417.000,75.000,7200.000,0.000,0.000,0.000,0.000
338023.000,16.000,49433.000,75.000,7200.000,0.000,0.000,0.000,0.000
338033.000,13.000,49446.000,75.000,7200.000,0.000,0.000,0.000,0.000
338043.000,9.000,49455.000,75.000,7200.000,0.000,0.000,0.000,0.000
338053.000,20.000,49475.000,75.000,7200.000,0.000,0.000,0.000,0.000
338063.000,10.000,49485.000,75.000,7200.000,0.000,0.000,0.000,0.000
338073.000,13.000,49498.000,75.000,7200.000,0.000,0.000,0.000,0.000
338083.000,8.000,49506.000,75.000,7200.000,0.000,0.000,0.000,0.000
338093.000,17.000,49523.000,75.000,7200.000,0.000,0.000,0.000,0.000
338103.000,22.000,49545.000,75.000,7200.000,0.000,0.000,0.000,0.000
338113.000,8.000,49553.000,75.000,7200.000,0.000,0.000,0.000,0.000
338123.000,13.000,49566.000,75.000,7200.000,0.000,0.000,0.000,0.000
338133.000,17.000,49583.000,75.000,7200.000,0.000,0.000,0.000,0.000
338143.000,23.000,49606.000,75.000,7200.000,0.000,0.000,0.000,0.000
338153.000,16.000,49622.000,75.000,7200.000,0.000,0.000,0.000,0.000
338163.000,20.000,49642.000,75.000,7200.000,0.000,0.000,0.000,0.000
338173.000,5.000,49647.000,75.000,7200.000,0.000,0.000,0.000,0.000
338183.000,16.000,49663.000,75.000,7200.000,0.000,0.000,0.000,0.000
338193.000,19.000,49682.000,75.000,7200.000,0.000,0.000,0.000,0.000
338203.000,24.000,49706.000,75.000,7200.000,0.000,0.000,0.000,0.000
338213.000,9.000,49715.000,75.000,7200.000,0.000,0.000,0.000,0.000
338223.000,12.000,49727.000,75.000,7200.000,0.000,0.000,0.000,0.000
338233.000,22.000,49749.000,75.000,7200.000,0.000,0.000,0.000,0.000
338243.000,21.000,49770.000,75.000,7200.000,0.000,0.000,0.000,0.000
338253.000,13.000,49783.000,75.000,7200.000,0.000,0.000,0.000,0.000
338263.000,11.000,49794.000,75.000,7200.000,0.000,0.000,0.000,0.000
338273.000,16.000,49810.000,75.000,7200.000,0.000,0.000,0.000,0.000
338283.000,16.000,49826.000,75.000,7200.000,0.000,0.000,0.000,0.000
338293.000,17.000,49843.000,75.000,7200.000,0.000,0.000,0.000,0.000
338303.000,10.000,49853.000,75.000,7200.000,0.000,0.000,0.000,0.000
338313.000,17.000,49870.000,75.000,7200.000,0.000,0.000,0.000,0.000
338323.000,17.000,49887.000,75.000,7200.000,0.000,0.000,0.000,0.000
338333.000,19.000,49906.000,75.000,7200.000,0.000,0.000,0.000,0.000
338343.000,12.000,49918.000,75.000,7200.000,0.000,0.000,0.000,0.000
338353.000,9.000,49927.000,75.000,7200.000,0.000,0.000,0.000,0.000
338363.000,11.000,49938.000,75.000,7200.000,0.000,0.000,0.000,0.000
338373.000,8.000,49946.000,75.000,7200.000,0.000,0.000,0.000,0.000
338383.000,17.000,49963.000,75.000,7200.000,0.000,0.000,0.000,0.000
338393.000,10.000,49973.000,75.000,7200.000,0.000,0.000,0.000,0.000
338403.000,14.000,49987.000,75.000,7200.000,0.000,0.000,0.000,0.000
338413.000,13.000,50000.000,75.000,7200.000,0.000,0.000,0.000,0.000
338423.000,18.000,50018.000,75.000,7200.000,0.000,0.000,0.000,0.000
338433.000,17.000,50035.000,75.000,7200.000,0.000,0.000,0.000,0.000
338443.000,10.000,50045.000,75.000,7200.000,0.000,0.000,0.000,0.000
338453.000,21.000,50066.000,75.000,7200.000,0.000,0.000,0.000,0.000
338463.000,17.000,50083.000,75.000,7200.000,0.000,0.000,0.000,0.000
338473.000,14.000,50097.000,75.000,7200.000,0.000,0.000,0.000,0.000
338483.000,21.000,50118.000,75.000,7200.000,0.000,0.000,0.000,0.000
338493.000,17.000,50135.000,75.000,7200.000,0.000,0.000,0.000,0.000
338503.000,18.000,50153.000,75.000,7200.000,0.000,0.000,0.000,0.000
338513.000,14.000,50167.000,75.000,7200.000,0.000,0.000,0.000,0.000
338523.000,14.000,50181.000,75.000,7200.000,0.000,0.000,0.000,0.000
338533.000,9.000,50190.000,75.000,7200.000,0.000,0.000,0.000,0.000
338543.000,21.000,50211.000,75.000,7200.000,0.000,0.000,0.000,0.000
338553.000,11.000,50222.000,75.000,7200.000,0.000,0.000,0.000,0.000
338563.000,16.000,50238.000,75.000,7200.000,0.000,0.000,0.000,0.000
338573.000,14.000,50252.000,75.000,7200.000,0.000,0.000,0.000,0.000
338583.000,13.000,50265.000,75.000,7200.000,0.000,0.000,0.000,0.000
338593.000,21.000,50286.000,75.000,7200.000,0.000,0.000,0.000,0.000
338603.000,17.000,50303.000,75.000,7200.000,0.000,0.000,0.000,0.000
338613.000,14.000,50317.000,75.000,7200.000,0.000,0.000,0.000,0.000
338623.000,14.000,50331.000,75.000,7200.000,0.000,0.000,0.000,0.000
338633.000,10.000,50341.000,75.000,7200.000,0.000,0.000,0.000,0.000
338643.000,25.000,50366.000,75.000,7200.000,0.000,0.000,0.000,0.000
338653.000,17.000,50383.000,75.000,7200.000,0.000,0.000,0.000,0.000
338663.000,11.000,50394.000,75.000,7200.000,0.000,0.000,0.000,0.000
338673.000,9.000,50403.000,75.000,7200.000,0.000,0.000,0.000,0.000
338683.000,19.000,50422.000,75.000,7200.000,0.000,0.000,0.000,0.000
338693.000,21.000,50443.000,75.000,7200.000,0.000,0.000,0.000,0.000
338703.000,14.000,50457.000,75.000,7200.000,0.000,0.000,0.000,0.000
338713.000,13.000,50470.000,75.000,7200.000,0.000,0.000,0.000,0.000
338723.000,16.000,50486.000,75.000,7200.000,0.000,0.000,0.000,0.000
338733.000,16.000,50502.000,75.000,7200.000,0.000,0.000,0.000,0.000
338743.000,17.000,50519.000,75.000,7200.000,0.000,0.000,0.000,0.000
338753.000,11.000,50530.000,75.000,7200.000,0.000,0.000,0.000,0.000
338763.000,9.000,50539.000,75.000,7200.000,0.000,0.000,0.000,0.000
338773.000,14.000,50553.000,75.000,7200.000,0.000,0.000,0.000,0.000
338783.000,10.000,50563.000,75.000,7200.000,0.000,0.000,0.000,0.000
338793.000,23.000,50586.000,75.000,7200.000,0.000,0.000,0.000,0.000
338803.000,8.000,50594.000,75.000,7200.000,0.000,0.000,0.000,0.000
338813.000,9.000,50603.000,75.000,7200.000,0.000,0.000,0.000,0.000
338823.000,19.000,50622.000,75.000,7200.000,0.000,0.000,0.000,0.000
338833.000,13.000,50635.000,75.000,7200.000,0.000,0.000,0.000,0.000
338843.000,14.000,50649.000,75.000,7200.000,0.000,0.000,0.000,0.000
338853.000,10.000,50659.000,75.000,7200.000,0.000,0.000,0.000,0.000
338863.000,11.000,50670.000,75.000,7200.000,0.000,0.000,0.000,0.000
338873.000,16.000,50686.000,75.000,7200.000,0.000,0.000,0.000,0.000
338883.000,17.000,50703.000,75.000,7200.000,0.000,0.000,0.000,0.000
338893.000,11.000,50714.000,75.000,7200.000,0.000,0.000,0.000,0.000
338903.000,9.000,50723.000,75.000,7200.000,0.000,0.000,0.000,0.000
338913.000,14.000,50737.000,75.000,7200.000,0.000,0.000,0.000,0.000
338923.000,9.000,50746.000,75.000,7200.000,0.000,0.000,0.000,0.000
338933.000,12.000,50758.000,75.000,7200.000,0.000,0.000,0.000,0.000
338943.000,8.000,50766.000,75.000,7200.000,0.000,0.000,0.000,0.000
338953.000,13.000,50779.000,75.000,7200.000,0.000,0.000,0.000,0.000
338963.000,15.000,50794.000,75.000,7200.000,0.000,0.000,0.000,0.000
338973.000,17.000,50811.000,75.000,7200.000,0.000,0.000,0.000,0.000
338983.000,14.000,50825.000,75.000,7200.000,0.000,0.000,0.000,0.000
338993.000,14.000,50839.000,75.000,7200.000,0.000,0.000,0.000,0.000
339003.000,15.000,50854.000,75.000,7200.000,0.000,0.000,0.000,0.000
339013.000,20.000,50874.000,75.000,7200.000,0.000,0.000,0.000,0.000
339023.000,9.000,50883.000,75.000,7200.000,0.000,0.000,0.000,0.000
339033.000,11.000,50894.000,75.000,7200.000,0.000,0.000,0.000,0.000
339043.000,14.000,50908.000,75.000,7200.000,0.000,0.000,0.000,0.000
339053.000,10.000,50918.000,75.000,7200.000,0.000,0.000,0.000,0.000
339063.000,13.000,50931.000,75.000,7200.000,0.000,0.000,0.000,0.000
339073.000,10.000,50941.000,75.000,7200.000,0.000,0.000,0.000,0.000
339083.000,17.000,50958.000,75.000,7200.000,0.000,0.000,0.000,0.000
339093.000,16.000,50974.000,75.000,7200.000,0.000,0.000,0.000,0.000
339103.000,16.000,50990.000,75.000,7200.000,0.000,0.000,0.000,0.000
339113.000,17.000,51007.000,75.000,7200.000,0.000,0.000,0.000,0.000
339123.000,14.000,51021.000,75.000,7200.000,0.000,0.000,0.000,0.000
339133.000,14.000,51035.000,75.000,7200.000,0.000,0.000,0.000,0.000
339143.000,14.000,51049.000,75.000,7200.000,0.000,0.000,0.000,0.000
339153.000,17.000,51066.000,75.000,7200.000,0.000,0.000,0.000,0.000
339163.000,13.000,51079.000,75.000,7200.000,0.000,0.000,0.000,0.000
339173.000,19.000,51098.000,75.000,7200.000,0.000,0.000,0.000,0.000
339183.000,13.000,51111.000,75.000,7200.000,0.000,0.000,0.000,0.000
339193.000,14.000,51125.000,75.000,7200.000,0.000,0.000,0.000,0.000
339203.000,21.000,51146.000,75.000,7200.000,0.000,0.000,0.000,0.000
339213.000,12.000,51158.000,75.000,7200.000,0.000,0.000,0.000,0.000
339223.000,12.000,51170.000,75.000,7200.000,0.000,0.000,0.000,0.000
339233.000,13.000,51183.000,75.000,7200.000,0.000,0.000,0.000,0.000
339243.000,19.000,51202.000,75.000,7200.000,0.000,0.000,0.000,0.000
339253.000,9.000,51211.000,75.000,7200.000,0.000,0.000,0.000,0.000
339263.000,18.000,51229.000,75.000,7200.000,0.000,0.000,0.000,0.000
339273.000,10.000,51239.000,75.000,7200.000,0.000,0.000,0.000,0.000
339283.000,18.000,51257.000,75.000,7200.000,0.000,0.000,0.000,0.000
339293.000,21.000,51278.000,75.000,7200.000,0.000,0.000,0.000,0.000
339303.000,9.000,51287.000,75.000,7200.000,0.000,0.000,0.000,0.000
339313.000,15.000,51302.000,75.000,7200.000,0.000,0.000,0.000,0.000
339323.000,10.000,51312.000,75.000,7200.000,0.000,0.000,0.000,0.000
339333.000,18.000,51330.000,75.000,7200.000,0.000,0.000,0.000,0.000
339343.000,13.000,51343.000,75.000,7200.000,0.000,0.000,0.000,0.000
339353.000,14.000,51357.000,75.000,7200.000,0.000,0.000,0.000,0.000
339363.000,14.000,51371.000,75.000,7200.000,0.000,0.000,0.000,0.000
339373.000,7.000,51378.000,75.000,7200.000,0.000,0.000,0.000,0.000
339383.000,17.000,51395.000,75.000,7200.000,0.000,0.000,0.000,0.000
339393.000,23.000,51418.000,75.000,7200.000,0.000,0.000,0.000,0.000
339403.000,17.000,51435.000,75.000,7200.000,0.000,0.000,0.000,0.000
339413.000,10.000,51445.000,75.000,7200.000,0.000,0.000,0.000,0.000
339423.000,9.000,51454.000,75.000,7200.000,0.000,0.000,0.000,0.000
339433.000,17.000,51471.000,75.000,7200.000,0.000,0.000,0.000,0.000
339443.000,7.000,51478.000,75.000,7200.000,0.000,0.000,0.000,0.000
339453.000,21.000,51499.000,75.000,7200.000,0.000,0.000,0.000,0.000
339463.000,11.000,51510.000,75.000,7200.000,0.000,0.000,0.000,0.000
339473.000,9.000,51519.000,75.000,7200.000,0.000,0.000,0.000,0.000
339483.000,18.000,51537.000,75.000,7200.000,0.000,0.000,0.000,0.000
339493.000,18.000,51555.000,75.000,7200.000,0.000,0.000,0.000,0.000
339503.000,14.000,51569.000,75.000,7200.000,0.000,0.000,0.000,0.000
339513.000,9.000,51578.000,75.000,7200.000,0.000,0.000,0.000,0.000
339523.000,11.000,51589.000,75.000,7200.000,0.000,0.000,0.000,0.000
339533.000,21.000,51610.000,75.000,7200.000,0.000,0.000,0.000,0.000
339543.000,18.000,51628.000,75.000,7200.000,0.000,0.000,0.000,0.000
339553.000,14.000,51642.000,75.000,7200.000,0.000,0.000,0.000,0.000
339563.000,13.000,51655.000,75.000,7200.000,0.000,0.000,0.000,0.000
339573.000,23.000,51678.000,75.000,7200.000,0.000,0.000,0.000,0.000
339583.000,17.000,51695.000,75.000,7200.000,0.000,0.000,0.000,0.000
339593.000,15.000,51710.000,75.000,7200.000,0.000,0.000,0.000,0.000
339603.000,19.000,51729.000,75.000,7200.000,0.000,0.000,0.000,0.000
339613.000,9.000,51738.000,75.000,7200.000,0.000,0.000,0.000,0.000
339623.000,12.000,51750.000,75.000,7200.000,0.000,0.000,0.000,0.000
339633.000,17.000,51767.000,75.000,7200.000,0.000,0.000,0.000,0.000
339643.000,14.000,51781.000,75.000,7200.000,0.000,0.000,0.000,0.000
339653.000,14.000,51795.000,75.000,7200.000,0.000,0.000,0.000,0.000
339663.000,3.000,51798.000,75.000,7200.000,0.000,0.000,0.000,0.000
339673.000,21.000,51819.000,75.000,7200.000,0.000,0.000,0.000,0.000
339683.000,15.000,51834.000,75.000,7200.000,0.000,0.000,0.000,0.000
339693.000,17.000,51851.000,75.000,7200.000,0.000,0.000,0.000,0.000
339703.000,14.000,51865.000,75.000,7200.000,0.000,0.000,0.000,0.000
339713.000,14.000,51879.000,75.000,7200.000,0.000,0.000,0.000,0.000
339723.000,14.000,51893.000,75.000,7200.000,0.000,0.000,0.000,0.000
339733.000,10.000,51903.000,75.000,7200.000,0.000,0.000,0.000,0.000
339743.000,18.000,51921.000,75.000,7200.000,0.000,0.000,0.000,0.000
339753.000,10.000,51931.000,75.000,7200.000,0.000,0.000,0.000,0.000
339763.000,19.000,51950.000,75.000,7200.000,0.000,0.000,0.000,0.000
339773.000,17.000,51967.000,75.000,7200.000,0.000,0.000,0.000,0.000
339783.000,19.000,51986.000,75.000,7200.000,0.000,0.000,0.000,0.000
339793.000,13.000,51999.000,75.000,7200.000,0.000,0.000,0.000,0.000
339803.000,15.000,52014.000,75.000,7200.000,0.000,0.000,0.000,0.000
339813.000,17.000,52031.000,75.000,7200.000,0.000,0.000,0.000,0.000
339823.000,7.000,52038.000,75.000,7200.000,0.000,0.000,0.000,0.000
339833.000,21.000,52059.000,75.000,7200.000,0.000,0.000,0.000,0.000
339843.000,7.000,52066.000,75.000,7200.000,0.000,0.000,0.000,0.000
339853.000,13.000,52079.000,75.000,7200.000,0.000,0.000,0.000,0.000
339863.000,23.000,52102.000,75.000,7200.000,0.000,0.000,0.000,0.000
339873.000,17.000,52119.000,75.000,7200.000,0.000,0.000,0.000,0.000
339883.000,19.000,52138.000,75.000,7200.000,0.000,0.000,0.000,0.000
339893.000,7.000,52145.000,75.000,7200.000,0.000,0.000,0.000,0.000
339903.000,10.000,52155.000,75.000,7200.000,0.000,0.000,0.000,0.000
339913.000,19.000,52174.000,75.000,7200.000,0.000,0.000,0.000,0.000
339923.000,9.000,52183.000,75.000,7200.000,0.000,0.000,0.000,0.000
339933.000,20.000,52203.000,75.000,7200.000,0.000,0.000,0.000,0.000
339943.000,6.000,52209.000,75.000,7200.000,0.000,0.000,0.000,0.000
339953.000,18.000,52227.000,75.000,7200.000,0.000,0.000,0.000,0.000
339963.000,15.000,52242.000,75.000,7200.000,0.000,0.000,0.000,0.000
339973.000,21.000,52263.000,75.000,7200.000,0.000,0.000,0.000,0.000
339983.000,20.000,52283.000,75.000,7200.000,0.000,0.000,0.000,0.000
339993.000,10.000,52293.000,75.000,7200.000,0.000,0.000,0.000,0.000
340003.000,10.000,52303.000,75.000,7200.000,0.000,0.000,0.000,0.000
340013.000,15.000,52318.000,75.000,7200.000,0.000,0.000,0.000,0.000
340023.000,9.000,52327.000,75.000,7200.000,0.000,0.000,0.000,0.000
340033.000,12.000,52339.000,75.000,7200.000,0.000,0.000,0.000,0.000
340043.000,15.000,52354.000,75.000,7200.000,0.000,0.000,0.000,0.000
340053.000,9.000,52363.000,75.000,7200.000,0.000,0.000,0.000,0.000
340063.000,15.000,52378.000,75.000,7200.000,0.000,0.000,0.000,0.000
340073.000,9.000,52387.000,75.000,7200.000,0.000,0.000,0.000,0.000
340083.000,16.000,52403.000,75.000,7200.000,0.000,0.000,0.000,0.000
340093.000,14.000,52417.000,75.000,7200.000,0.000,0.000,0.000,0.000
340103.000,9.000,52426.000,75.000,7200.000,0.000,0.000,0.000,0.000
340113.000,12.000,52438.000,75.000,7200.000,0.000,0.000,0.000,0.000
340123.000,13.000,52451.000,75.000,7200.000,0.000,0.000,0.000,0.000
340133.000,15.000,52466.000,75.000,7200.000,0.000,0.000,0.000,0.000
340143.000,16.000,52482.000,75.000,7200.000,0.000,0.000,0.000,0.000
340153.000,4.000,52486.000,75.000,7200.000,0.000,0.000,0.000,0.000
340163.000,20.000,52506.000,75.000,7200.000,0.000,0.000,0.000,0.000
340173.000,21.000,52527.000,75.000,7200.000,0.000,0.000,0.000,0.000
340183.000,19.000,52546.000,75.000,7200.000,0.000,0.000,0.000,0.000
340193.000,14.000,52560.000,75.000,7200.000,0.000,0.000,0.000,0.000
340203.000,10.000,52570.000,75.000,7200.000,0.000,0.000,0.000,0.000
340213.000,24.000,52594.000,75.000,7200.000,0.000,0.000,0.000,0.000
340223.000,9.000,52603.000,75.000,7200.000,0.000,0.000,0.000,0.000
340233.000,18.000,52621.000,75.000,7200.000,0.000,0.000,0.000,0.000
340243.000,14.000,52635.000,75.000,7200.000,0.000,0.000,0.000,0.000
340253.000,10.000,52645.000,75.000,7200.000,0.000,0.000,0.000,0.000
340263.000,18.000,52663.000,75.000,7200.000,0.000,0.000,0.000,0.000
340273.000,7.000,52670.000,75.000,7200.000,0.000,0.000,0.000,0.000
340283.000,21.000,52691.000,75.000,7200.000,0.000,0.000,0.000,0.000
340293.000,11.000,52702.000,75.000,7200.000,0.000,0.000,0.000,0.000
340303.000,16.000,52718.000,75.000,7200.000,0.000,0.000,0.000,0.000
340313.000,12.000,52730.000,75.000,7200.000,0.000,0.000,0.000,0.000
340323.000,16.000,52746.000,75.000,7200.000,0.000,0.000,0.000,0.000
340333.000,17.000,52763.000,75.000,7200.000,0.000,0.000,0.000,0.000
340343.000,14.000,52777.000,75.000,7200.000,0.000,0.000,0.000,0.000
340353.000,14.000,52791.000,75.000,7200.000,0.000,0.000,0.000,0.000
340363.000,19.000,52810.000,75.000,7200.000,0.000,0.000,0.000,0.000
340373.000,13.000,52823.000,75.000,7200.000,0.000,0.000,0.000,0.000
340383.000,15.000,52838.000,75.000,7200.000,0.000,0.000,0.000,0.000
340393.000,19.000,52857.000,75.000,7200.000,0.000,0.000,0.000,0.000
340403.000,13.000,52870.000,75.000,7200.000,0.000,0.000,0.000,0.000
340413.000,19.000,52889.000,75.000,7200.000,0.000,0.000,0.000,0.000
340423.000,22.000,52911.000,75.000,7200.000,0.000,0.000,0.000,0.000
340433.000,14.000,52925.000,75.000,7200.000,0.000,0.000,0.000,0.000
340443.000,10.000,52935.000,75.000,7200.000,0.000,0.000,0.000,0.000
340453.000,23.000,52958.000,75.000,7200.000,0.000,0.000,0.000,0.000
340463.000,13.000,52971.000,75.000,7200.000,0.000,0.000,0.000,0.000
340473.000,15.000,52986.000,50.000,7200.000,0.000,0.000,0.000,0.000
340483.000,15.000,53001.000,50.000,7200.000,0.000,0.000,0.000,0.000
340493.000,14.000,53015.000,50.000,7200.000,0.000,0.000,0.000,0.000
340503.000,19.000,53034.000,50.000,7200.000,0.000,0.000,0.000,0.000
340513.000,13.000,53047.000,50.000,7200.000,0.000,0.000,0.000,0.000
340523.000,11.000,53058.000,50.000,7200.000,0.000,0.000,0.000,0.000
340533.000,15.000,53073.000,50.000,7200.000,0.000,0.000,0.000,0.000
340543.000,14.000,53087.000,50.000,7200.000,0.000,0.000,0.000,0.000
340553.000,26.000,53113.000,50.000,7200.000,0.000,0.000,0.000,0.000
340563.000,18.000,53131.000,50.000,6912.000,0.000,0.000,0.000,0.000
340573.000,19.000,53150.000,50.000,7200.000,0.000,0.000,0.000,0.000
340583.000,25.000,53175.000,50.000,7200.000,0.000,0.000,0.000,0.000
340593.000,23.000,53198.000,50.000,7200.000,0.000,0.000,0.000,0.000
340603.000,20.000,53218.000,50.000,7200.000,0.000,0.000,0.000,0.000
340613.000,20.000,53238.000,50.000,7200.000,0.000,0.000,0.000,0.000
340623.000,19.000,53257.000,50.000,7200.000,0.000,0.000,0.000,0.000
340633.000,22.000,53279.000,50.000,7200.000,0.000,0.000,0.000,0.000
340643.000,19.000,53298.000,50.000,7200.000,0.000,0.000,0.000,0.000
340653.000,21.000,53319.000,50.000,7200.000,0.000,0.000,0.000,0.000
340663.000,11.000,53330.000,50.000,7200.000,0.000,0.000,0.000,0.000
340673.000,29.000,53359.000,50.000,7200.000,0.000,0.000,0.000,0.000
340683.000,11.000,53370.000,50.000,7056.000,0.000,0.000,0.000,0.000
340693.000,17.000,53387.000,50.000,7200.000,0.000,0.000,0.000,0.000
340703.000,19.000,53406.000,50.000,7200.000,0.000,0.000,0.000,0.000
340713.000,13.000,53419.000,50.000,7200.000,0.000,0.000,0.000,0.000
340723.000,23.000,53442.000,50.000,7200.000,0.000,0.000,0.000,0.000
340733.000,22.000,53464.000,50.000,7200.000,0.000,0.000,0.000,0.000
340743.000,22.000,53486.000,50.000,7200.000,0.000,0.000,0.000,0.000
340753.000,20.000,53506.000,50.000,7200.000,0.000,0.000,0.000,0.000
340763.000,21.000,53527.000,50.000,7200.000,0.000,0.000,0.000,0.000
340773.000,17.000,53544.000,50.000,7200.000,0.000,0.000,0.000,0.000
340783.000,26.000,53570.000,50.000,7200.000,0.000,0.000,0.000,0.000
340793.000,15.000,53585.000,50.000,7200.000,0.000,0.000,0.000,0.000
340803.000,16.000,53601.000,50.000,7200.000,0.000,0.000,0.000,0.000
340813.000,8.000,53609.000,50.000,7200.000,0.000,0.000,0.000,0.000
340823.000,23.000,53632.000,50.000,7200.000,0.000,0.000,0.000,0.000
340833.000,14.000,53646.000,50.000,7200.000,0.000,0.000,0.000,0.000
340843.000,22.000,53668.000,50.000,7200.000,0.000,0.000,0.000,0.000
340853.000,26.000,53694.000,50.000,7200.000,0.000,0.000,0.000,0.000
340863.000,19.000,53713.000,50.000,7200.000,0.000,0.000,0.000,0.000
340873.000,26.000,53739.000,50.000,7200.000,0.000,0.000,0.000,0.000
340883.000,14.000,53753.000,50.000,7200.000,0.000,0.000,0.000,0.000
340893.000,11.000,53764.000,50.000,7200.000,0.000,0.000,0.000,0.000
340903.000,18.000,53782.000,50.000,7200.000,0.000,0.000,0.000,0.000
340913.000,19.000,53801.000,50.000,7200.000,0.000,0.000,0.000,0.000
340923.000,25.000,53826.000,50.000,7200.000,0.000,0.000,0.000,0.000
340933.000,10.000,53836.000,50.000,7200.000,0.000,0.000,0.000,0.000
340943.000,14.000,53850.000,50.000,7200.000,0.000,0.000,0.000,0.000
340953.000,14.000,53864.000,50.000,7200.000,0.000,0.000,0.000,0.000
340963.000,22.000,53886.000,50.000,7200.000,0.000,0.000,0.000,0.000
340973.000,14.000,53900.000,50.000,7200.000,0.000,0.000,0.000,0.000
340983.000,10.000,53910.000,50.000,7200.000,0.000,0.000,0.000,0.000
340993.000,15.000,53925.000,50.000,7200.000,0.000,0.000,0.000,0.000
341003.000,21.000,53946.000,50.000,7200.000,0.000,0.000,0.000,0.000
341013.000,19.000,53965.000,50.000,7200.000,0.000,0.000,0.000,0.000
341023.000,13.000,53978.000,50.000,7200.000,0.000,0.000,0.000,0.000
341033.000,7.000,53985.000,50.000,7200.000,0.000,0.000,0.000,0.000
341043.000,21.000,54006.000,50.000,7200.000,0.000,0.000,0.000,0.000
341053.000,19.000,54025.000,50.000,7200.000,0.000,0.000,0.000,0.000
341063.000,19.000,54044.000,50.000,7200.000,0.000,0.000,0.000,0.000
341073.000,21.000,54065.000,50.000,7200.000,0.000,0.000,0.000,0.000
341083.000,15.000,54080.000,50.000,7200.000,0.000,0.000,0.000,0.000
341093.000,14.000,54094.000,50.000,7200.000,0.000,0.000,0.000,0.000
341103.000,11.000,54105.000,50.000,7200.000,0.000,0.000,0.000,0.000
341113.000,16.000,54121.000,50.000,7200.000,0.000,0.000,0.000,0.000
341123.000,9.000,54130.000,50.000,7200.000,0.000,0.000,0.000,0.000
341133.000,10.000,54140.000,50.000,7200.000,0.000,0.000,0.000,0.000
341143.000,14.000,54154.000,50.000,7200.000,0.000,0.000,0.000,0.000
341153.000,11.000,54165.000,50.000,7200.000,0.000,0.000,0.000,0.000
341163.000,23.000,54188.000,50.000,7200.000,0.000,0.000,0.000,0.000
341173.000,14.000,54202.000,50.000,7200.000,0.000,0.000,0.000,0.000
341183.000,7.000,54209.000,50.000,7200.000,0.000,0.000,0.000,0.000
341193.000,9.000,54218.000,50.000,7200.000,0.000,0.000,0.000,0.000
341203.000,11.000,54229.000,50.000,7200.000,0.000,0.000,0.000,0.000
341213.000,8.000,54237.000,50.000,7200.000,0.000,0.000,0.000,0.000
341223.000,21.000,54258.000,50.000,7200.000,0.000,0.000,0.000,0.000
341233.000,11.000,54269.000,50.000,7200.000,0.000,0.000,0.000,0.000
341243.000,11.000,54280.000,50.000,7200.000,0.000,0.000,0.000,0.000
341253.000,10.000,54290.000,50.000,7200.000,0.000,0.000,0.000,0.000
341263.000,15.000,54305.000,50.000,7200.000,0.000,0.000,0.000,0.000
341273.000,13.000,54318.000,50.000,7200.000,0.000,0.000,0.000,0.000
341283.000,12.000,54330.000,50.000,7200.000,0.000,0.000,0.000,0.000
341293.000,14.000,54344.000,50.000,7200.000,0.000,0.000,0.000,0.000
341303.000,18.000,54362.000,50.000,7200.000,0.000,0.000,0.000,0.000
341313.000,19.000,54381.000,50.000,7200.000,0.000,0.000,0.000,0.000
341323.000,11.000,54392.000,50.000,7200.000,0.000,0.000,0.000,0.000
341333.000,6.000,54398.000,50.000,7200.000,0.000,0.000,0.000,0.000
341343.000,15.000,54413.000,50.000,7200.000,0.000,0.000,0.000,0.000
341353.000,10.000,54423.000,50.000,7200.000,0.000,0.000,0.000,0.000
341363.000,11.000,54434.000,50.000,7200.000,0.000,0.000,0.000,0.000
341373.000,15.000,54449.000,50.000,7200.000,0.000,0.000,0.000,0.000
341383.000,15.000,54464.000,50.000,7200.000,0.000,0.000,0.000,0.000
341393.000,10.000,54474.000,50.000,7200.000,0.000,0.000,0.000,0.000
341403.000,11.000,54485.000,50.000,7200.000,0.000,0.000,0.000,0.000
341413.000,12.000,54497.000,50.000,7200.000,0.000,0.000,0.000,0.000
341423.000,15.000,54512.000,50.000,7200.000,0.000,0.000,0.000,0.000
341433.000,22.000,54534.000,50.000,7200.000,0.000,0.000,0.000,0.000
341443.000,10.000,54544.000,50.000,7200.000,0.000,0.000,0.000,0.000
341453.000,24.000,54568.000,50.000,7200.000,0.000,0.000,0.000,0.000
341463.000,25.000,54593.000,50.000,7200.000,0.000,0.000,0.000,0.000
341473.000,20.000,54613.000,50.000,7200.000,0.000,0.000,0.000,0.000
341483.000,7.000,54620.000,50.000,7200.000,0.000,0.000,0.000,0.000
341493.000,11.000,54631.000,50.000,7200.000,0.000,0.000,0.000,0.000
341503.000,18.000,54649.000,50.000,7200.000,0.000,0.000,0.000,0.000
341513.000,15.000,54664.000,50.000,7200.000,0.000,0.000,0.000,0.000
341523.000,16.000,54680.000,50.000,7200.000,0.000,0.000,0.000,0.000
341533.000,11.000,54691.000,50.000,7200.000,0.000,0.000,0.000,0.000
341543.000,10.000,54701.000,50.000,7200.000,0.000,0.000,0.000,0.000
341553.000,11.000,54712.000,50.000,7200.000,0.000,0.000,0.000,0.000
341563.000,19.000,54731.000,50.000,7200.000,0.000,0.000,0.000,0.000
341573.000,18.000,54749.000,50.000,7200.000,0.000,0.000,0.000,0.000
341583.000,20.000,54769.000,50.000,7200.000,0.000,0.000,0.000,0.000
341593.000,11.000,54780.000,50.000,7200.000,0.000,0.000,0.000,0.000
341603.000,16.000,54796.000,50.000,7200.000,0.000,0.000,0.000,0.000
341613.000,9.000,54805.000,50.000,7200.000,0.000,0.000,0.000,0.000
341623.000,11.000,54816.000,50.000,7200.000,0.000,0.000,0.000,0.000
341633.000,15.000,54831.000,50.000,7200.000,0.000,0.000,0.000,0.000
341643.000,14.000,54845.000,50.000,7200.000,0.000,0.000,0.000,0.000
341653.000,8.000,54853.000,50.000,7200.000,0.000,0.000,0.000,0.000
341663.000,15.000,54868.000,50.000,7200.000,0.000,0.000,0.000,0.000
341673.000,12.000,54880.000,50.000,7200.000,0.000,0.000,0.000,0.000
341683.000,16.000,54896.000,50.000,7200.000,0.000,0.000,0.000,0.000
341693.000,21.000,54917.000,50.000,7200.000,0.000,0.000,0.000,0.000
341703.000,7.000,54924.000,50.000,7200.000,0.000,0.000,0.000,0.000
341713.000,12.000,54936.000,50.000,7200.000,0.000,0.000,0.000,0.000
341723.000,11.000,54947.000,50.000,7200.000,0.000,0.000,0.000,0.000
341733.000,14.000,54961.000,50.000,7200.000,0.000,0.000,0.000,0.000
341743.000,11.000,54972.000,50.000,7200.000,0.000,0.000,0.000,0.000
341753.000,8.000,54980.000,50.000,7200.000,0.000,0.000,0.000,0.000
341763.000,16.000,54996.000,50.000,7200.000,0.000,0.000,0.000,0.000
341773.000,13.000,55009.000,50.000,7200.000,0.000,0.000,0.000,0.000
341783.000,11.000,55020.000,50.000,7200.000,0.000,0.000,0.000,0.000
341793.000,16.000,55036.000,50.000,7200.000,0.000,0.000,0.000,0.000
341803.000,7.000,55043.000,50.000,7200.000,0.000,0.000,0.000,0.000
341813.000,14.000,55057.000,50.000,7200.000,0.000,0.000,0.000,0.000
341823.000,15.000,55072.000,50.000,7200.000,0.000,0.000,0.000,0.000
341833.000,12.000,55084.000,50.000,7200.000,0.000,0.000,0.000,0.000
341843.000,12.000,55096.000,50.000,7200.000,0.000,0.000,0.000,0.000
341853.000,12.000,55108.000,50.000,7200.000,0.000,0.000,0.000,0.000
341863.000,7.000,55115.000,50.000,7200.000,0.000,0.000,0.000,0.000
341873.000,20.000,55135.000,50.000,7200.000,0.000,0.000,0.000,0.000
341883.000,14.000,55149.000,50.000,7200.000,0.000,0.000,0.000,0.000
341893.000,15.000,55164.000,50.000,7200.000,0.000,0.000,0.000,0.000
341903.000,15.000,55179.000,50.000,7200.000,0.000,0.000,0.000,0.000
341913.000,11.000,55190.000,50.000,7200.000,0.000,0.000,0.000,0.000
341923.000,18.000,55208.000,50.000,7200.000,0.000,0.000,0.000,0.000
341933.000,12.000,55220.000,50.000,7200.000,0.000,0.000,0.000,0.000
341943.000,7.000,55227.000,50.000,7200.000,0.000,0.000,0.000,0.000
341953.000,23.000,55250.000,50.000,7200.000,0.000,0.000,0.000,0.000
341963.000,14.000,55264.000,50.000,7200.000,0.000,0.000,0.000,0.000
341973.000,8.000,55272.000,50.000,7200.000,0.000,0.000,0.000,0.000
341983.000,7.000,55279.000,50.000,7200.000,0.000,0.000,0.000,0.000
341993.000,8.000,55287.000,50.000,7200.000,0.000,0.000,0.000,0.000
342003.000,16.000,55303.000,50.000,7200.000,0.000,0.000,0.000,0.000
342013.000,17.000,55320.000,50.000,7200.000,0.000,0.000,0.000,0.000
342023.000,7.000,55327.000,50.000,7200.000,0.000,0.000,0.000,0.000
342033.000,12.000,55339.000,50.000,7200.000,0.000,0.000,0.000,0.000
342043.000,19.000,55358.000,50.000,7200.000,0.000,0.000,0.000,0.000
342053.000,14.000,55372.000,50.000,7200.000,0.000,0.000,0.000,0.000
342063.000,8.000,55380.000,50.000,7200.000,0.000,0.000,0.000,0.000
342073.000,11.000,55391.000,50.000,7200.000,0.000,0.000,0.000,0.000
342083.000,7.000,55398.000,50.000,7200.000,0.000,0.000,0.000,0.000
342093.000,22.000,55420.000,50.000,7200.000,0.000,0.000,0.000,0.000
342103.000,12.000,55432.000,50.000,7200.000,0.000,0.000,0.000,0.000
342113.000,11.000,55443.000,50.000,7200.000,0.000,0.000,0.000,0.000
342123.000,11.000,55454.000,50.000,7200.000,0.000,0.000,0.000,0.000
342133.000,10.000,55464.000,50.000,7200.000,0.000,0.000,0.000,0.000
342143.000,16.000,55480.000,50.000,7200.000,0.000,0.000,0.000,0.000
342153.000,11.000,55491.000,50.000,7200.000,0.000,0.000,0.000,0.000
342163.000,16.000,55507.000,50.000,7200.000,0.000,0.000,0.000,0.000
342173.000,9.000,55516.000,50.000,7200.000,0.000,0.000,0.000,0.000
342183.000,8.000,55524.000,50.000,7200.000,0.000,0.000,0.000,0.000
342193.000,11.000,55535.000,50.000,7200.000,0.000,0.000,0.000,0.000
342203.000,23.000,55558.000,50.000,7200.000,0.000,0.000,0.000,0.000
342213.000,10.000,55568.000,50.000,7200.000,0.000,0.000,0.000,0.000
342223.000,20.000,55588.000,50.000,7200.000,0.000,0.000,0.000,0.000
342233.000,11.000,55599.000,50.000,7200.000,0.000,0.000,0.000,0.000
342243.000,12.000,55611.000,50.000,7200.000,0.000,0.000,0.000,0.000
342253.000,20.000,55631.000,50.000,7200.000,0.000,0.000,0.000,0.000
342263.000,20.000,55651.000,50.000,7200.000,0.000,0.000,0.000,0.000
342273.000,15.000,55666.000,50.000,7200.000,0.000,0.000,0.000,0.000
342283.000,8.000,55674.000,50.000,7200.000,0.000,0.000,0.000,0.000
342293.000,12.000,55686.000,50.000,7200.000,0.000,0.000,0.000,0.000
342303.000,13.000,55699.000,50.000,7200.000,0.000,0.000,0.000,0.000
342313.000,12.000,55711.000,50.000,7200.000,0.000,0.000,0.000,0.000
342323.000,19.000,55730.000,50.000,7200.000,0.000,0.000,0.000,0.000
342333.000,16.000,55746.000,50.000,7200.000,0.000,0.000,0.000,0.000
342343.000,7.000,55753.000,50.000,7200.000,0.000,0.000,0.000,0.000
342353.000,14.000,55767.000,50.000,7200.000,0.000,0.000,0.000,0.000
342363.000,12.000,55779.000,50.000,7200.000,0.000,0.000,0.000,0.000
342373.000,12.000,55791.000,50.000,7200.000,0.000,0.000,0.000,0.000
342383.000,11.000,55802.000,50.000,7200.000,0.000,0.000,0.000,0.000
342393.000,11.000,55813.000,50.000,7200.000,0.000,0.000,0.000,0.000
342403.000,9.000,55822.000,50.000,7200.000,0.000,0.000,0.000,0.000
342413.000,17.000,55839.000,50.000,7200.000,0.000,0.000,0.000,0.000
342423.000,16.000,55855.000,50.000,7200.000,0.000,0.000,0.000,0.000
342433.000,15.000,55870.000,50.000,7200.000,0.000,0.000,0.000,0.000
342443.000,20.000,55890.000,50.000,7200.000,0.000,0.000,0.000,0.000
342453.000,15.000,55905.000,50.000,7200.000,0.000,0.000,0.000,0.000
342463.000,13.000,55918.000,50.000,7200.000,0.000,0.000,0.000,0.000
342473.000,17.000,55935.000,50.000,7200.000,0.000,0.000,0.000,0.000
342483.000,12.000,55947.000,50.000,7200.000,0.000,0.000,0.000,0.000
342493.000,11.000,55958.000,50.000,7200.000,0.000,0.000,0.000,0.000
342503.000,12.000,55970.000,50.000,7200.000,0.000,0.000,0.000,0.000
342513.000,8.000,55978.000,50.000,7200.000,0.000,0.000,0.000,0.000
342523.000,13.000,55991.000,50.000,7200.000,0.000,0.000,0.000,0.000
342533.000,12.000,56003.000,50.000,7200.000,0.000,0.000,0.000,0.000
342543.000,19.000,56022.000,50.000,7200.000,0.000,0.000,0.000,0.000
342553.000,24.000,56046.000,50.000,7200.000,0.000,0.000,0.000,0.000
342563.000,16.000,56062.000,50.000,7200.000,0.000,0.000,0.000,0.000
342573.000,12.000,56074.000,50.000,7200.000,0.000,0.000,0.000,0.000
342583.000,16.000,56090.000,50.000,7200.000,0.000,0.000,0.000,0.000
342593.000,12.000,56102.000,50.000,7200.000,0.000,0.000,0.000,0.000
342603.000,19.000,56121.000,50.000,7200.000,0.000,0.000,0.000,0.000
342613.000,18.000,56139.000,50.000,7200.000,0.000,0.000,0.000,0.000
342623.000,5.000,56144.000,50.000,7200.000,0.000,0.000,0.000,0.000
342633.000,11.000,56155.000,50.000,7200.000,0.000,0.000,0.000,0.000
342643.000,12.000,56167.000,50.000,7200.000,0.000,0.000,0.000,0.000
342653.000,8.000,56175.000,50.000,7200.000,0.000,0.000,0.000,0.000
342663.000,16.000,56191.000,50.000,7200.000,0.000,0.000,0.000,0.000
342673.000,11.000,56202.000,50.000,7200.000,0.000,0.000,0.000,0.000
342683.000,12.000,56214.000,50.000,7200.000,0.000,0.000,0.000,0.000
342693.000,12.000,56226.000,50.000,7200.000,0.000,0.000,0.000,0.000
342703.000,11.000,56237.000,50.000,7200.000,0.000,0.000,0.000,0.000
342713.000,17.000,56254.000,50.000,7200.000,0.000,0.000,0.000,0.000
342723.000,11.000,56265.000,50.000,7200.000,0.000,0.000,0.000,0.000
342733.000,14.000,56279.000,50.000,7200.000,0.000,0.000,0.000,0.000
342743.000,12.000,56291.000,50.000,7200.000,0.000,0.000,0.000,0.000
342753.000,16.000,56307.000,50.000,7200.000,0.000,0.000,0.000,0.000
342763.000,12.000,56319.000,50.000,7200.000,0.000,0.000,0.000,0.000
342773.000,11.000,56330.000,50.000,7200.000,0.000,0.000,0.000,0.000
342783.000,16.000,56346.000,50.000,7200.000,0.000,0.000,0.000,0.000
342793.000,16.000,56362.000,50.000,7200.000,0.000,0.000,0.000,0.000
342803.000,8.000,56370.000,50.000,7200.000,0.000,0.000,0.000,0.000
342813.000,20.000,56390.000,50.000,7200.000,0.000,0.000,0.000,0.000
342823.000,8.000,56398.000,50.000,7200.000,0.000,0.000,0.000,0.000
342833.000,12.000,56410.000,50.000,7200.000,0.000,0.000,0.000,0.000
342843.000,17.000,56427.000,50.000,7200.000,0.000,0.000,0.000,0.000
342853.000,5.000,56432.000,50.000,7200.000,0.000,0.000,0.000,0.000
342863.000,7.000,56439.000,50.000,7200.000,0.000,0.000,0.000,0.000
342873.000,16.000,56455.000,50.000,7200.000,0.000,0.000,0.000,0.000
342883.000,8.000,56463.000,50.000,7200.000,0.000,0.000,0.000,0.000
342893.000,16.000,56479.000,50.000,7200.000,0.000,0.000,0.000,0.000
342903.000,12.000,56491.000,50.000,7200.000,0.000,0.000,0.000,0.000
342913.000,8.000,56499.000,50.000,7200.000,0.000,0.000,0.000,0.000
342923.000,15.000,56514.000,50.000,7200.000,0.000,0.000,0.000,0.000
342933.000,12.000,56526.000,50.000,7200.000,0.000,0.000,0.000,0.000
342943.000,20.000,56546.000,50.000,7200.000,0.000,0.000,0.000,0.000
342953.000,20.000,56566.000,50.000,7200.000,0.000,0.000,0.000,0.000
342963.000,16.000,56582.000,50.000,7200.000,0.000,0.000,0.000,0.000
342973.000,3.000,56585.000,50.000,7200.000,0.000,0.000,0.000,0.000
342983.000,20.000,56605.000,50.000,7200.000,0.000,0.000,0.000,0.000
342993.000,8.000,56613.000,50.000,7200.000,0.000,0.000,0.000,0.000
343003.000,9.000,56622.000,50.000,7200.000,0.000,0.000,0.000,0.000
343013.000,16.000,56638.000,50.000,7200.000,0.000,0.000,0.000,0.000
343023.000,9.000,56647.000,50.000,7200.000,0.000,0.000,0.000,0.000
343033.000,8.000,56655.000,50.000,7200.000,0.000,0.000,0.000,0.000
343043.000,12.000,56667.000,50.000,7200.000,0.000,0.000,0.000,0.000
343053.000,12.000,56679.000,50.000,7200.000,0.000,0.000,0.000,0.000
343063.000,20.000,56699.000,50.000,7200.000,0.000,0.000,0.000,0.000
343073.000,12.000,56711.000,50.000,7200.000,0.000,0.000,0.000,0.000
343083.000,11.000,56722.000,50.000,7200.000,0.000,0.000,0.000,0.000
343093.000,12.000,56734.000,50.000,7200.000,0.000,0.000,0.000,0.000
343103.000,20.000,56754.000,50.000,7200.000,0.000,0.000,0.000,0.000
343113.000,8.000,56762.000,50.000,7200.000,0.000,0.000,0.000,0.000
343123.000,16.000,56778.000,50.000,7200.000,0.000,0.000,0.000,0.000
343133.000,15.000,56793.000,50.000,7200.000,0.000,0.000,0.000,0.000
343143.000,16.000,56809.000,50.000,7200.000,0.000,0.000,0.000,0.000
343153.000,12.000,56821.000,50.000,7200.000,0.000,0.000,0.000,0.000
343163.000,17.000,56838.000,50.000,7200.000,0.000,0.000,0.000,0.000
343173.000,8.000,56846.000,50.000,7200.000,0.000,0.000,0.000,0.000
343183.000,8.000,56854.000,50.000,7200.000,0.000,0.000,0.000,0.000
343193.000,20.000,56874.000,50.000,7200.000,0.000,0.000,0.000,0.000
343203.000,8.000,56882.000,50.000,7200.000,0.000,0.000,0.000,0.000
343213.000,8.000,56890.000,50.000,7200.000,0.000,0.000,0.000,0.000
343223.000,8.000,56898.000,50.000,7200.000,0.000,0.000,0.000,0.000
343233.000,8.000,56906.000,50.000,7200.000,0.000,0.000,0.000,0.000
343243.000,12.000,56918.000,50.000,7200.000,0.000,0.000,0.000,0.000
343253.000,8.000,56926.000,50.000,7200.000,0.000,0.000,0.000,0.000
343263.000,15.000,56941.000,50.000,7200.000,0.000,0.000,0.000,0.000
343273.000,8.000,56949.000,50.000,7200.000,0.000,0.000,0.000,0.000
343283.000,20.000,56969.000,50.000,7200.000,0.000,0.000,0.000,0.000
343293.000,12.000,56981.000,50.000,7200.000,0.000,0.000,0.000,0.000
343303.000,16.000,56997.000,50.000,7200.000,0.000,0.000,0.000,0.000
343313.000,17.000,57014.000,50.000,7200.000,0.000,0.000,0.000,0.000
343323.000,15.000,57029.000,50.000,7200.000,0.000,0.000,0.000,0.000
343333.000,8.000,57037.000,50.000,7200.000,0.000,0.000,0.000,0.000
343343.000,21.000,57058.000,50.000,7200.000,0.000,0.000,0.000,0.000
343353.000,7.000,57065.000,50.000,7200.000,0.000,0.000,0.000,0.000
343363.000,13.000,57078.000,50.000,7200.000,0.000,0.000,0.000,0.000
343373.000,16.000,57094.000,50.000,7200.000,0.000,0.000,0.000,0.000
343383.000,15.000,57109.000,50.000,7200.000,0.000,0.000,0.000,0.000
343393.000,12.000,57121.000,50.000,7200.000,0.000,0.000,0.000,0.000
343403.000,16.000,57137.000,50.000,7200.000,0.000,0.000,0.000,0.000
343413.000,8.000,57145.000,50.000,7200.000,0.000,0.000,0.000,0.000
343423.000,13.000,57158.000,50.000,7200.000,0.000,0.000,0.000,0.000
343433.000,12.000,57170.000,50.000,7200.000,0.000,0.000,0.000,0.000
343443.000,8.000,57178.000,50.000,7200.000,0.000,0.000,0.000,0.000
343453.000,7.000,57185.000,50.000,7200.000,0.000,0.000,0.000,0.000
343463.000,13.000,57198.000,50.000,7200.000,0.000,0.000,0.000,0.000
343473.000,8.000,57206.000,50.000,7200.000,0.000,0.000,0.000,0.000
343483.000,20.000,57226.000,50.000,7200.000,0.000,0.000,0.000,0.000
343493.000,12.000,57238.000,50.000,7200.000,0.000,0.000,0.000,0.000
343503.000,8.000,57246.000,50.000,7200.000,0.000,0.000,0.000,0.000
343513.000,8.000,57254.000,50.000,7200.000,0.000,0.000,0.000,0.000
343523.000,4.000,57258.000,50.000,7200.000,0.000,0.000,0.000,0.000
343533.000,13.000,57271.000,50.000,7200.000,0.000,0.000,0.000,0.000
343543.000,15.000,57286.000,50.000,7200.000,0.000,0.000,0.000,0.000
343553.000,15.000,57301.000,50.000,7200.000,0.000,0.000,0.000,0.000
343563.000,11.000,57312.000,50.000,7200.000,0.000,0.000,0.000,0.000
343573.000,21.000,57333.000,32.000,7200.000,0.000,0.000,0.000,0.000
343583.000,23.000,57356.000,32.000,6768.000,0.000,0.000,0.000,0.000
343593.000,24.000,57380.000,32.000,6696.000,0.000,0.000,0.000,0.000
343603.000,33.000,57413.000,32.000,6624.000,0.000,0.000,0.000,0.000
343613.000,40.000,57453.000,32.000,5904.000,0.000,0.000,0.000,0.000
343623.000,28.000,57481.000,32.000,5112.000,0.000,0.000,0.000,0.000
343633.000,40.000,57521.000,32.000,5760.000,0.000,0.000,0.000,0.000
343643.000,12.000,57533.000,32.000,4680.000,0.000,0.000,0.000,0.000
343653.000,31.000,57564.000,32.000,6552.000,0.000,0.000,0.000,0.000
343663.000,40.000,57604.000,32.000,5184.000,0.000,0.000,0.000,0.000
343673.000,2.000,57606.000,32.000,4320.000,0.000,0.000,0.000,0.000
343683.000,20.000,57626.000,32.000,6912.000,0.000,0.000,0.000,0.000
343693.000,39.000,57665.000,32.000,5832.000,0.000,0.000,0.000,0.000
343703.000,0.000,57665.000,32.000,4392.000,0.000,0.000,0.000,0.000
343713.000,13.000,57678.000,32.000,7056.000,0.000,0.000,0.000,0.000
343723.000,24.000,57702.000,32.000,6408.000,0.000,0.000,0.000,0.000
343733.000,35.000,57737.000,32.000,5688.000,0.000,0.000,0.000,0.000
343743.000,4.000,57741.000,32.000,4824.000,0.000,0.000,0.000,0.000
343753.000,33.000,57774.000,32.000,6984.000,0.000,0.000,0.000,0.000
343763.000,19.000,57793.000,32.000,5040.000,0.000,0.000,0.000,0.000
343773.000,39.000,57832.000,32.000,5904.000,0.000,0.000,0.000,0.000
343783.000,2.000,57834.000,32.000,4392.000,0.000,0.000,0.000,0.000
343793.000,11.000,57845.000,32.000,6984.000,0.000,0.000,0.000,0.000
343803.000,27.000,57872.000,32.000,6552.000,0.000,0.000,0.000,0.000
343813.000,38.000,57910.000,32.000,5544.000,0.000,0.000,0.000,0.000
343823.000,11.000,57921.000,32.000,4608.000,0.000,0.000,0.000,0.000
343833.000,33.000,57954.000,32.000,6408.000,0.000,0.000,0.000,0.000
343843.000,31.000,57985.000,32.000,4824.000,0.000,0.000,0.000,0.000
343853.000,25.000,58010.000,32.000,4824.000,0.000,0.000,0.000,0.000
343863.000,39.000,58049.000,32.000,5112.000,0.000,0.000,0.000,0.000
343873.000,1.000,58050.000,32.000,3960.000,0.000,0.000,0.000,0.000
343883.000,30.000,58080.000,32.000,6552.000,0.000,0.000,0.000,0.000
343893.000,9.000,58089.000,32.000,4608.000,0.000,0.000,0.000,0.000
343903.000,34.000,58123.000,32.000,6120.000,0.000,0.000,0.000,0.000
343913.000,8.000,58131.000,32.000,4392.000,0.000,0.000,0.000,0.000
343923.000,36.000,58167.000,32.000,6192.000,0.000,0.000,0.000,0.000
343933.000,0.000,58167.000,32.000,4248.000,0.000,0.000,0.000,0.000
343943.000,29.000,58196.000,32.000,6768.000,0.000,0.000,0.000,0.000
343953.000,29.000,58225.000,32.000,4824.000,0.000,0.000,0.000,0.000
343963.000,33.000,58258.000,32.000,4752.000,0.000,0.000,0.000,0.000
343973.000,1.000,58259.000,32.000,4320.000,0.000,0.000,0.000,0.000
343983.000,24.000,58283.000,32.000,6552.000,0.000,0.000,0.000,0.000
343993.000,30.000,58313.000,32.000,5112.000,0.000,0.000,0.000,0.000
344003.000,25.000,58338.000,32.000,4608.000,0.000,0.000,0.000,0.000
344013.000,36.000,58374.000,32.000,4824.000,0.000,0.000,0.000,0.000
344023.000,-1.000,58373.000,32.000,3888.000,0.000,0.000,0.000,0.000
344033.000,32.000,58405.000,32.000,6552.000,0.000,0.000,0.000,0.000
344043.000,16.000,58421.000,32.000,4320.000,0.000,0.000,0.000,0.000
344053.000,35.000,58456.000,32.000,5400.000,0.000,0.000,0.000,0.000
344063.000,2.000,58458.000,32.000,4032.000,0.000,0.000,0.000,0.000
344073.000,32.000,58490.000,32.000,6336.000,0.000,0.000,0.000,0.000
344083.000,11.000,58501.000,32.000,4320.000,0.000,0.000,0.000,0.000
344093.000,35.000,58536.000,32.000,5760.000,0.000,0.000,0.000,0.000
344103.000,6.000,58542.000,32.000,4104.000,0.000,0.000,0.000,0.000
344113.000,32.000,58574.000,32.000,6120.000,0.000,0.000,0.000,0.000
344123.000,19.000,58593.000,32.000,4320.000,0.000,0.000,0.000,0.000
344133.000,35.000,58628.000,32.000,5184.000,0.000,0.000,0.000,0.000
344143.000,2.000,58630.000,32.000,3960.000,0.000,0.000,0.000,0.000
344153.000,34.000,58664.000,32.000,6264.000,0.000,0.000,0.000,0.000
344163.000,6.000,58670.000,32.000,4104.000,0.000,0.000,0.000,0.000
344173.000,35.000,58705.000,32.000,6048.000,0.000,0.000,0.000,0.000
344183.000,5.000,58710.000,32.000,4104.000,0.000,0.000,0.000,0.000
344193.000,27.000,58737.000,32.000,6192.000,0.000,0.000,0.000,0.000
344203.000,34.000,58771.000,32.000,4752.000,0.000,0.000,0.000,0.000
344213.000,6.000,58777.000,32.000,4104.000,0.000,0.000,0.000,0.000
344223.000,34.000,58811.000,32.000,6048.000,0.000,0.000,0.000,0.000
344233.000,6.000,58817.000,32.000,4104.000,0.000,0.000,0.000,0.000
344243.000,33.000,58850.000,32.000,6120.000,0.000,0.000,0.000,0.000
344253.000,16.000,58866.000,32.000,4248.000,0.000,0.000,0.000,0.000
344263.000,32.000,58898.000,32.000,5400.000,0.000,0.000,0.000,0.000
344273.000,9.000,58907.000,32.000,4176.000,0.000,0.000,0.000,0.000
344283.000,34.000,58941.000,32.000,5832.000,0.000,0.000,0.000,0.000
344293.000,9.000,58950.000,32.000,4104.000,0.000,0.000,0.000,0.000
344303.000,34.000,58984.000,32.000,5760.000,0.000,0.000,0.000,0.000
344313.000,6.000,58990.000,32.000,4032.000,0.000,0.000,0.000,0.000
344323.000,33.000,59023.000,32.000,5976.000,0.000,0.000,0.000,0.000
344333.000,15.000,59038.000,32.000,4176.000,0.000,0.000,0.000,0.000
344343.000,31.000,59069.000,32.000,5400.000,0.000,0.000,0.000,0.000
344353.000,20.000,59089.000,32.000,4248.000,0.000,0.000,0.000,0.000
344363.000,33.000,59122.000,32.000,4896.000,0.000,0.000,0.000,0.000
344373.000,1.000,59123.000,32.000,3888.000,0.000,0.000,0.000,0.000
344383.000,32.000,59155.000,32.000,6192.000,0.000,0.000,0.000,0.000
344393.000,14.000,59169.000,32.000,4104.000,0.000,0.000,0.000,0.000
344403.000,32.000,59201.000,32.000,5328.000,0.000,0.000,0.000,0.000
344413.000,6.000,59207.000,32.000,4032.000,0.000,0.000,0.000,0.000
344423.000,33.000,59240.000,32.000,5904.000,0.000,0.000,0.000,0.000
344433.000,16.000,59256.000,32.000,4032.000,0.000,0.000,0.000,0.000
344443.000,33.000,59289.000,32.000,5184.000,0.000,0.000,0.000,0.000
344453.000,8.000,59297.000,32.000,3960.000,0.000,0.000,0.000,0.000
344463.000,30.000,59327.000,32.000,5688.000,0.000,0.000,0.000,0.000
344473.000,13.000,59340.000,32.000,4176.000,0.000,0.000,0.000,0.000
344483.000,31.000,59371.000,32.000,5328.000,0.000,0.000,0.000,0.000
344493.000,12.000,59383.000,32.000,4104.000,0.000,0.000,0.000,0.000
344503.000,32.000,59415.000,32.000,5400.000,0.000,0.000,0.000,0.000
344513.000,13.000,59428.000,32.000,4032.000,0.000,0.000,0.000,0.000
344523.000,28.000,59456.000,32.000,5328.000,0.000,0.000,0.000,0.000
344533.000,32.000,59488.000,32.000,4248.000,0.000,0.000,0.000,0.000
344543.000,0.000,59488.000,32.000,3816.000,0.000,0.000,0.000,0.000
344553.000,32.000,59520.000,32.000,6120.000,0.000,0.000,0.000,0.000
344563.000,12.000,59532.000,32.000,4032.000,0.000,0.000,0.000,0.000
344573.000,32.000,59564.000,32.000,5400.000,0.000,0.000,0.000,0.000
344583.000,8.000,59572.000,32.000,3960.000,0.000,0.000,0.000,0.000
344593.000,31.000,59603.000,32.000,5688.000,0.000,0.000,0.000,0.000
344603.000,20.000,59623.000,32.000,4104.000,0.000,0.000,0.000,0.000
344613.000,32.000,59655.000,32.000,4752.000,0.000,0.000,0.000,0.000
344623.000,2.000,59657.000,32.000,3888.000,0.000,0.000,0.000,0.000
344633.000,29.000,59686.000,32.000,6048.000,0.000,0.000,0.000,0.000
344643.000,24.000,59710.000,32.000,4248.000,0.000,0.000,0.000,0.000
344653.000,32.000,59742.000,32.000,4464.000,0.000,0.000,0.000,0.000
344663.000,3.000,59745.000,32.000,3816.000,0.000,0.000,0.000,0.000
344673.000,32.000,59777.000,32.000,5904.000,0.000,0.000,0.000,0.000
344683.000,4.000,59781.000,32.000,3960.000,0.000,0.000,0.000,0.000
344693.000,33.000,59814.000,32.000,5904.000,0.000,0.000,0.000,0.000
344703.000,11.000,59825.000,32.000,3960.000,0.000,0.000,0.000,0.000
344713.000,31.000,59856.000,32.000,5472.000,0.000,0.000,0.000,0.000
344723.000,16.000,59872.000,32.000,4104.000,0.000,0.000,0.000,0.000
344733.000,28.000,59900.000,32.000,5112.000,0.000,0.000,0.000,0.000
344743.000,31.000,59931.000,32.000,4248.000,0.000,0.000,0.000,0.000
344753.000,4.000,59935.000,32.000,3888.000,0.000,0.000,0.000,0.000
344763.000,31.000,59966.000,32.000,5832.000,0.000,0.000,0.000,0.000
344773.000,15.000,59981.000,32.000,4032.000,0.000,0.000,0.000,0.000
344783.000,32.000,60013.000,32.000,5112.000,0.000,0.000,0.000,0.000
344793.000,4.000,60017.000,32.000,3888.000,0.000,0.000,0.000,0.000
344803.000,32.000,60049.000,32.000,5904.000,0.000,0.000,0.000,0.000
344813.000,9.000,60058.000,32.000,3960.000,0.000,0.000,0.000,0.000
344823.000,29.000,60087.000,32.000,5616.000,0.000,0.000,0.000,0.000
344833.000,31.000,60118.000,32.000,4248.000,0.000,0.000,0.000,0.000
344843.000,12.000,60130.000,32.000,3960.000,0.000,0.000,0.000,0.000
344853.000,31.000,60161.000,32.000,5256.000,0.000,0.000,0.000,0.000
344863.000,14.000,60175.000,32.000,3960.000,0.000,0.000,0.000,0.000
344873.000,32.000,60207.000,32.000,5112.000,0.000,0.000,0.000,0.000
344883.000,7.000,60214.000,32.000,3816.000,0.000,0.000,0.000,0.000
344893.000,31.000,60245.000,32.000,5544.000,0.000,0.000,0.000,0.000
344903.000,8.000,60253.000,32.000,3960.000,0.000,0.000,0.000,0.000
344913.000,31.000,60284.000,32.000,5544.000,0.000,0.000,0.000,0.000
344923.000,19.000,60303.000,32.000,3960.000,0.000,0.000,0.000,0.000
344933.000,31.000,60334.000,32.000,4752.000,0.000,0.000,0.000,0.000
344943.000,8.000,60342.000,32.000,3888.000,0.000,0.000,0.000,0.000
344953.000,30.000,60372.000,32.000,5472.000,0.000,0.000,0.000,0.000
344963.000,15.000,60387.000,32.000,3960.000,0.000,0.000,0.000,0.000
344973.000,32.000,60419.000,32.000,5040.000,0.000,0.000,0.000,0.000
344983.000,0.000,60419.000,32.000,3816.000,0.000,0.000,0.000,0.000
344993.000,27.000,60446.000,32.000,6120.000,0.000,0.000,0.000,0.000
345003.000,27.000,60473.000,32.000,4320.000,0.000,0.000,0.000,0.000
345013.000,31.000,60504.000,32.000,4248.000,0.000,0.000,0.000,0.000
345023.000,16.000,60520.000,32.000,3888.000,0.000,0.000,0.000,0.000
345033.000,30.000,60550.000,32.000,4824.000,0.000,0.000,0.000,0.000
345043.000,10.000,60560.000,32.000,3816.000,0.000,0.000,0.000,0.000
345053.000,31.000,60591.000,32.000,5256.000,0.000,0.000,0.000,0.000
345063.000,10.000,60601.000,32.000,3816.000,0.000,0.000,0.000,0.000
345073.000,28.000,60629.000,32.000,5256.000,0.000,0.000,0.000,0.000
345083.000,10.000,60639.000,32.000,4032.000,0.000,0.000,0.000,0.000
345093.000,32.000,60671.000,32.000,5328.000,0.000,0.000,0.000,0.000
345103.000,10.000,60681.000,32.000,3816.000,0.000,0.000,0.000,0.000
345113.000,31.000,60712.000,32.000,5328.000,0.000,0.000,0.000,0.000
345123.000,4.000,60716.000,32.000,3888.000,0.000,0.000,0.000,0.000
345133.000,30.000,60746.000,32.000,5832.000,0.000,0.000,0.000,0.000
345143.000,27.000,60773.000,32.000,4104.000,0.000,0.000,0.000,0.000
345153.000,31.000,60804.000,32.000,4176.000,0.000,0.000,0.000,0.000
345163.000,2.000,60806.000,32.000,3744.000,0.000,0.000,0.000,0.000
345173.000,28.000,60834.000,32.000,5832.000,0.000,0.000,0.000,0.000
345183.000,31.000,60865.000,32.000,4176.000,0.000,0.000,0.000,0.000
345193.000,5.000,60870.000,32.000,3816.000,0.000,0.000,0.000,0.000
345203.000,28.000,60898.000,32.000,5688.000,0.000,0.000,0.000,0.000
345213.000,19.000,60917.000,32.000,4104.000,0.000,0.000,0.000,0.000
345223.000,31.000,60948.000,32.000,4752.000,0.000,0.000,0.000,0.000
345233.000,3.000,60951.000,32.000,3816.000,0.000,0.000,0.000,0.000
345243.000,31.000,60982.000,32.000,5832.000,0.000,0.000,0.000,0.000
345253.000,15.000,60997.000,32.000,3960.000,0.000,0.000,0.000,0.000
345263.000,31.000,61028.000,32.000,5040.000,0.000,0.000,0.000,0.000
345273.000,14.000,61042.000,32.000,3888.000,0.000,0.000,0.000,0.000
345283.000,31.000,61073.000,32.000,5040.000,0.000,0.000,0.000,0.000
345293.000,6.000,61079.000,32.000,3888.000,0.000,0.000,0.000,0.000
345303.000,28.000,61107.000,32.000,5616.000,0.000,0.000,0.000,0.000
345313.000,30.000,61137.000,32.000,4176.000,0.000,0.000,0.000,0.000
345323.000,14.000,61151.000,32.000,3888.000,0.000,0.000,0.000,0.000
345333.000,29.000,61180.000,32.000,5040.000,0.000,0.000,0.000,0.000
345343.000,10.000,61190.000,32.000,3960.000,0.000,0.000,0.000,0.000
345353.000,30.000,61220.000,32.000,5328.000,0.000,0.000,0.000,0.000
345363.000,15.000,61235.000,32.000,3960.000,0.000,0.000,0.000,0.000
345373.000,31.000,61266.000,32.000,4968.000,0.000,0.000,0.000,0.000
345383.000,10.000,61276.000,32.000,3816.000,0.000,0.000,0.000,0.000
345393.000,31.000,61307.000,32.000,5256.000,0.000,0.000,0.000,0.000
345403.000,5.000,61312.000,32.000,3816.000,0.000,0.000,0.000,0.000
345413.000,28.000,61340.000,32.000,5688.000,0.000,0.000,0.000,0.000
345423.000,30.000,61370.000,32.000,4176.000,0.000,0.000,0.000,0.000
345433.000,10.000,61380.000,32.000,3888.000,0.000,0.000,0.000,0.000
345443.000,31.000,61411.000,32.000,5328.000,0.000,0.000,0.000,0.000
345453.000,7.000,61418.000,32.000,3888.000,0.000,0.000,0.000,0.000
345463.000,30.000,61448.000,32.000,5544.000,0.000,0.000,0.000,0.000
345473.000,23.000,61471.000,32.000,4032.000,0.000,0.000,0.000,0.000
345483.000,30.000,61501.000,32.000,4392.000,0.000,0.000,0.000,0.000
345493.000,3.000,61504.000,32.000,3816.000,0.000,0.000,0.000,0.000
345503.000,31.000,61535.000,32.000,5760.000,0.000,0.000,0.000,0.000
345513.000,3.000,61538.000,32.000,3888.000,0.000,0.000,0.000,0.000
345523.000,31.000,61569.000,32.000,5904.000,0.000,0.000,0.000,0.000
345533.000,17.000,61586.000,32.000,4032.000,0.000,0.000,0.000,0.000
345543.000,29.000,61615.000,32.000,4968.000,0.000,0.000,0.000,0.000
345553.000,28.000,61643.000,32.000,4104.000,0.000,0.000,0.000,0.000
345563.000,15.000,61658.000,32.000,4032.000,0.000,0.000,0.000,0.000
345573.000,30.000,61688.000,32.000,4968.000,0.000,0.000,0.000,0.000
345583.000,15.000,61703.000,32.000,3888.000,0.000,0.000,0.000,0.000
345593.000,34.000,61737.000,32.000,4896.000,0.000,0.000,0.000,0.000
345603.000,2.000,61739.000,32.000,3528.000,0.000,0.000,0.000,0.000
345613.000,31.000,61770.000,32.000,5760.000,0.000,0.000,0.000,0.000
345623.000,3.000,61773.000,32.000,3816.000,0.000,0.000,0.000,0.000
345633.000,30.000,61803.000,32.000,5832.000,0.000,0.000,0.000,0.000
345643.000,18.000,61821.000,32.000,4032.000,0.000,0.000,0.000,0.000
345653.000,31.000,61852.000,32.000,4824.000,0.000,0.000,0.000,0.000
345663.000,9.000,61861.000,32.000,3888.000,0.000,0.000,0.000,0.000
345673.000,28.000,61889.000,32.000,5472.000,0.000,0.000,0.000,0.000
345683.000,30.000,61919.000,32.000,4176.000,0.000,0.000,0.000,0.000
345693.000,18.000,61937.000,32.000,3888.000,0.000,0.000,0.000,0.000
345703.000,30.000,61967.000,32.000,4680.000,0.000,0.000,0.000,0.000
345713.000,3.000,61970.000,32.000,3816.000,0.000,0.000,0.000,0.000
345723.000,31.000,62001.000,32.000,5760.000,0.000,0.000,0.000,0.000
345733.000,9.000,62010.000,32.000,3888.000,0.000,0.000,0.000,0.000
345743.000,28.000,62038.000,32.000,5400.000,0.000,0.000,0.000,0.000
345753.000,31.000,62069.000,32.000,4176.000,0.000,0.000,0.000,0.000
345763.000,9.000,62078.000,32.000,3816.000,0.000,0.000,0.000,0.000
345773.000,31.000,62109.000,32.000,5328.000,0.000,0.000,0.000,0.000
345783.000,6.000,62115.000,32.000,3816.000,0.000,0.000,0.000,0.000
345793.000,29.000,62144.000,32.000,5616.000,0.000,0.000,0.000,0.000
345803.000,26.000,62170.000,32.000,4104.000,0.000,0.000,0.000,0.000
345813.000,28.000,62198.000,32.000,4176.000,0.000,0.000,0.000,0.000
345823.000,11.000,62209.000,32.000,3960.000,0.000,0.000,0.000,0.000
345833.000,29.000,62238.000,32.000,5112.000,0.000,0.000,0.000,0.000
345843.000,8.000,62246.000,32.000,3888.000,0.000,0.000,0.000,0.000
345853.000,30.000,62276.000,32.000,5400.000,0.000,0.000,0.000,0.000
345863.000,11.000,62287.000,32.000,3888.000,0.000,0.000,0.000,0.000
345873.000,30.000,62317.000,32.000,5256.000,0.000,0.000,0.000,0.000
345883.000,18.000,62335.000,32.000,3960.000,0.000,0.000,0.000,0.000
345893.000,28.000,62363.000,32.000,4752.000,0.000,0.000,0.000,0.000
345903.000,16.000,62379.000,32.000,4032.000,0.000,0.000,0.000,0.000
345913.000,30.000,62409.000,32.000,4824.000,0.000,0.000,0.000,0.000
345923.000,7.000,62416.000,32.000,3816.000,0.000,0.000,0.000,0.000
345933.000,31.000,62447.000,32.000,5472.000,0.000,0.000,0.000,0.000
345943.000,10.000,62457.000,32.000,3816.000,0.000,0.000,0.000,0.000
345953.000,28.000,62485.000,32.000,5328.000,0.000,0.000,0.000,0.000
345963.000,27.000,62512.000,32.000,4104.000,0.000,0.000,0.000,0.000
345973.000,15.000,62527.000,32.000,4032.000,0.000,0.000,0.000,0.000
345983.000,31.000,62558.000,32.000,4896.000,0.000,0.000,0.000,0.000
345993.000,-1.000,62557.000,32.000,3744.000,0.000,0.000,0.000,0.000
346003.000,30.000,62587.000,32.000,6048.000,0.000,0.000,0.000,0.000
346013.000,19.000,62606.000,32.000,4032.000,0.000,0.000,0.000,0.000
346023.000,30.000,62636.000,32.000,4752.000,0.000,0.000,0.000,0.000
346033.000,6.000,62642.000,32.000,3888.000,0.000,0.000,0.000,0.000
346043.000,32.000,62674.000,32.000,5616.000,0.000,0.000,0.000,0.000
346053.000,10.000,62684.000,32.000,3888.000,0.000,0.000,0.000,0.000
346063.000,30.000,62714.000,32.000,5400.000,0.000,0.000,0.000,0.000
346073.000,15.000,62729.000,32.000,4032.000,0.000,0.000,0.000,0.000
346083.000,31.000,62760.000,32.000,5040.000,0.000,0.000,0.000,0.000
346093.000,10.000,62770.000,32.000,3888.000,0.000,0.000,0.000,0.000
346103.000,31.000,62801.000,32.000,5400.000,0.000,0.000,0.000,0.000
346113.000,8.000,62809.000,32.000,3960.000,0.000,0.000,0.000,0.000
346123.000,29.000,62838.000,32.000,5544.000,0.000,0.000,0.000,0.000
346133.000,30.000,62868.000,32.000,4104.000,0.000,0.000,0.000,0.000
346143.000,10.000,62878.000,32.000,3960.000,0.000,0.000,0.000,0.000
346153.000,28.000,62906.000,32.000,5328.000,0.000,0.000,0.000,0.000
346163.000,22.000,62928.000,32.000,4104.000,0.000,0.000,0.000,0.000
346173.000,30.000,62958.000,32.000,4464.000,0.000,0.000,0.000,0.000
346183.000,11.000,62969.000,32.000,3816.000,0.000,0.000,0.000,0.000
346193.000,31.000,63000.000,32.000,5184.000,0.000,0.000,0.000,0.000
346203.000,5.000,63005.000,32.000,3744.000,0.000,0.000,0.000,0.000
346213.000,31.000,63036.000,32.000,5616.000,0.000,0.000,0.000,0.000
346223.000,6.000,63042.000,32.000,3888.000,0.000,0.000,0.000,0.000
346233.000,32.000,63074.000,32.000,5616.000,0.000,0.000,0.000,0.000
346243.000,15.000,63089.000,32.000,3888.000,0.000,0.000,0.000,0.000
346253.000,30.000,63119.000,32.000,5040.000,0.000,0.000,0.000,0.000
346263.000,11.000,63130.000,32.000,3960.000,0.000,0.000,0.000,0.000
346273.000,30.000,63160.000,32.000,5328.000,0.000,0.000,0.000,0.000
346283.000,18.000,63178.000,32.000,3960.000,0.000,0.000,0.000,0.000
346293.000,31.000,63209.000,32.000,4752.000,0.000,0.000,0.000,0.000
346303.000,13.000,63222.000,32.000,3816.000,0.000,0.000,0.000,0.000
346313.000,31.000,63253.000,32.000,5040.000,0.000,0.000,0.000,0.000
346323.000,6.000,63259.000,32.000,3744.000,0.000,0.000,0.000,0.000
346333.000,31.000,63290.000,32.000,5544.000,0.000,0.000,0.000,0.000
346343.000,9.000,63299.000,32.000,3888.000,0.000,0.000,0.000,0.000
346353.000,28.000,63327.000,32.000,5400.000,0.000,0.000,0.000,0.000
346363.000,18.000,63345.000,32.000,4104.000,0.000,0.000,0.000,0.000
346373.000,31.000,63376.000,32.000,4824.000,0.000,0.000,0.000,0.000
346383.000,10.000,63386.000,32.000,3816.000,0.000,0.000,0.000,0.000
346393.000,31.000,63417.000,32.000,5328.000,0.000,0.000,0.000,0.000
346403.000,10.000,63427.000,32.000,3888.000,0.000,0.000,0.000,0.000
346413.000,28.000,63455.000,32.000,5328.000,0.000,0.000,0.000,0.000
346423.000,26.000,63481.000,32.000,4104.000,0.000,0.000,0.000,0.000
346433.000,30.000,63511.000,32.000,4176.000,0.000,0.000,0.000,0.000
346443.000,7.000,63518.000,32.000,3744.000,0.000,0.000,0.000,0.000
346453.000,31.000,63549.000,32.000,5400.000,0.000,0.000,0.000,0.000
346463.000,10.000,63559.000,32.000,3744.000,0.000,0.000,0.000,0.000
346473.000,31.000,63590.000,32.000,5256.000,0.000,0.000,0.000,0.000
346483.000,5.000,63595.000,32.000,3816.000,0.000,0.000,0.000,0.000
346493.000,28.000,63623.000,32.000,5616.000,0.000,0.000,0.000,0.000
346503.000,22.000,63645.000,32.000,4104.000,0.000,0.000,0.000,0.000
346513.000,30.000,63675.000,32.000,4464.000,0.000,0.000,0.000,0.000
346523.000,7.000,63682.000,32.000,3816.000,0.000,0.000,0.000,0.000
346533.000,27.000,63709.000,32.000,5472.000,0.000,0.000,0.000,0.000
346543.000,31.000,63740.000,32.000,4176.000,0.000,0.000,0.000,0.000
346553.000,-1.000,63739.000,32.000,3744.000,0.000,0.000,0.000,0.000
346563.000,29.000,63768.000,32.000,6048.000,0.000,0.000,0.000,0.000
346573.000,31.000,63799.000,32.000,4104.000,0.000,0.000,0.000,0.000
346583.000,6.000,63805.000,32.000,3816.000,0.000,0.000,0.000,0.000
346593.000,31.000,63836.000,32.000,5616.000,0.000,0.000,0.000,0.000
346603.000,15.000,63851.000,32.000,3888.000,0.000,0.000,0.000,0.000
346613.000,30.000,63881.000,32.000,4968.000,0.000,0.000,0.000,0.000
346623.000,3.000,63884.000,32.000,3960.000,0.000,0.000,0.000,0.000
346633.000,31.000,63915.000,32.000,5904.000,0.000,0.000,0.000,0.000
346643.000,14.000,63929.000,32.000,4032.000,0.000,0.000,0.000,0.000
346653.000,31.000,63960.000,32.000,5184.000,0.000,0.000,0.000,0.000
346663.000,8.000,63968.000,32.000,3960.000,0.000,0.000,0.000,0.000
346673.000,29.000,63997.000,32.000,5616.000,0.000,0.000,0.000,0.000
346683.000,31.000,64028.000,32.000,4176.000,0.000,0.000,0.000,0.000
346693.000,8.000,64036.000,32.000,3888.000,0.000,0.000,0.000,0.000
346703.000,29.000,64065.000,16.000,4680.000,0.000,0.000,0.000,0.000
346713.000,-1.000,64064.000,16.000,3096.000,0.000,0.000,0.000,0.000
346723.000,29.000,64093.000,16.000,5112.000,0.000,0.000,0.000,0.000
346733.000,3.000,64096.000,16.000,2952.000,0.000,0.000,0.000,0.000
346743.000,29.000,64125.000,16.000,4680.000,0.000,0.000,0.000,0.000
346753.000,0.000,64125.000,16.000,2808.000,0.000,0.000,0.000,0.000
346763.000,26.000,64151.000,16.000,4680.000,0.000,0.000,0.000,0.000
346773.000,1.000,64152.000,16.000,2880.000,0.000,0.000,0.000,0.000
346783.000,27.000,64179.000,16.000,4536.000,0.000,0.000,0.000,0.000
346793.000,1.000,64180.000,16.000,2664.000,0.000,0.000,0.000,0.000
346803.000,26.000,64206.000,16.000,4392.000,0.000,0.000,0.000,0.000
346813.000,2.000,64208.000,16.000,2592.000,0.000,0.000,0.000,0.000
346823.000,27.000,64235.000,16.000,4176.000,0.000,0.000,0.000,0.000
346833.000,2.000,64237.000,16.000,2376.000,0.000,0.000,0.000,0.000
346843.000,23.000,64260.000,16.000,4032.000,0.000,0.000,0.000,0.000
346853.000,1.000,64261.000,16.000,2520.000,0.000,0.000,0.000,0.000
346863.000,26.000,64287.000,16.000,4032.000,0.000,0.000,0.000,0.000
346873.000,2.000,64289.000,16.000,2232.000,0.000,0.000,0.000,0.000
346883.000,20.000,64309.000,16.000,3888.000,0.000,0.000,0.000,0.000
346893.000,1.000,64310.000,16.000,2592.000,0.000,0.000,0.000,0.000
346903.000,23.000,64333.000,16.000,3888.000,0.000,0.000,0.000,0.000
346913.000,1.000,64334.000,16.000,2376.000,0.000,0.000,0.000,0.000
346923.000,23.000,64357.000,16.000,3816.000,0.000,0.000,0.000,0.000
346933.000,2.000,64359.000,16.000,2304.000,0.000,0.000,0.000,0.000
346943.000,17.000,64376.000,16.000,3744.000,0.000,0.000,0.000,0.000
346953.000,3.000,64379.000,16.000,2664.000,0.000,0.000,0.000,0.000
346963.000,24.000,64403.000,16.000,3672.000,0.000,0.000,0.000,0.000
346973.000,0.000,64403.000,16.000,2160.000,0.000,0.000,0.000,0.000
346983.000,18.000,64421.000,16.000,3816.000,0.000,0.000,0.000,0.000
346993.000,-1.000,64420.000,16.000,2592.000,0.000,0.000,0.000,0.000
347003.000,22.000,64442.000,16.000,3888.000,0.000,0.000,0.000,0.000
347013.000,2.000,64444.000,16.000,2304.000,0.000,0.000,0.000,0.000
347023.000,23.000,64467.000,16.000,3672.000,0.000,0.000,0.000,0.000
347033.000,1.000,64468.000,16.000,2232.000,0.000,0.000,0.000,0.000
347043.000,19.000,64487.000,16.000,3672.000,0.000,0.000,0.000,0.000
347053.000,1.000,64488.000,16.000,2448.000,0.000,0.000,0.000,0.000
347063.000,22.000,64510.000,16.000,3744.000,0.000,0.000,0.000,0.000
347073.000,2.000,64512.000,16.000,2232.000,0.000,0.000,0.000,0.000
347083.000,21.000,64533.000,16.000,3600.000,0.000,0.000,0.000,0.000
347093.000,3.000,64536.000,16.000,2304.000,0.000,0.000,0.000,0.000
347103.000,22.000,64558.000,16.000,3528.000,0.000,0.000,0.000,0.000
347113.000,0.000,64558.000,16.000,2160.000,0.000,0.000,0.000,0.000
347123.000,19.000,64577.000,16.000,3672.000,0.000,0.000,0.000,0.000
347133.000,1.000,64578.000,16.000,2376.000,0.000,0.000,0.000,0.000
347143.000,18.000,64596.000,16.000,3600.000,0.000,0.000,0.000,0.000
347153.000,0.000,64596.000,16.000,2448.000,0.000,0.000,0.000,0.000
347163.000,19.000,64615.000,16.000,3744.000,0.000,0.000,0.000,0.000
347173.000,1.000,64616.000,16.000,2448.000,0.000,0.000,0.000,0.000
347183.000,18.000,64634.000,16.000,3672.000,0.000,0.000,0.000,0.000
347193.000,0.000,64634.000,16.000,2520.000,0.000,0.000,0.000,0.000
347203.000,18.000,64652.000,16.000,3816.000,0.000,0.000,0.000,0.000
347213.000,1.000,64653.000,16.000,2592.000,0.000,0.000,0.000,0.000
347223.000,13.000,64666.000,16.000,3816.000,0.000,0.000,0.000,0.000
347233.000,6.000,64672.000,16.000,3024.000,0.000,0.000,0.000,0.000
347243.000,21.000,64693.000,16.000,3528.000,0.000,0.000,0.000,0.000
347253.000,3.000,64696.000,16.000,2448.000,0.000,0.000,0.000,0.000
347263.000,22.000,64718.000,16.000,3672.000,0.000,0.000,0.000,0.000
347273.000,-1.000,64717.000,16.000,2304.000,0.000,0.000,0.000,0.000
347283.000,21.000,64738.000,16.000,3888.000,0.000,0.000,0.000,0.000
347293.000,1.000,64739.000,16.000,2376.000,0.000,0.000,0.000,0.000
347303.000,15.000,64754.000,16.000,3744.000,0.000,0.000,0.000,0.000
347313.000,1.000,64755.000,16.000,2808.000,0.000,0.000,0.000,0.000
347323.000,20.000,64775.000,16.000,3816.000,0.000,0.000,0.000,0.000
347333.000,1.000,64776.000,16.000,2520.000,0.000,0.000,0.000,0.000
347343.000,23.000,64799.000,16.000,3888.000,0.000,0.000,0.000,0.000
347353.000,2.000,64801.000,16.000,2304.000,0.000,0.000,0.000,0.000
347363.000,22.000,64823.000,16.000,3744.000,0.000,0.000,0.000,0.000
347373.000,0.000,64823.000,16.000,2304.000,0.000,0.000,0.000,0.000
347383.000,18.000,64841.000,16.000,3816.000,0.000,0.000,0.000,0.000
347393.000,1.000,64842.000,16.000,2592.000,0.000,0.000,0.000,0.000
347403.000,20.000,64862.000,16.000,3816.000,0.000,0.000,0.000,0.000
347413.000,2.000,64864.000,16.000,2520.000,0.000,0.000,0.000,0.000
347423.000,21.000,64885.000,16.000,3744.000,0.000,0.000,0.000,0.000
347433.000,0.000,64885.000,16.000,2376.000,0.000,0.000,0.000,0.000
347443.000,22.000,64907.000,16.000,3888.000,0.000,0.000,0.000,0.000
347453.000,1.000,64908.000,16.000,2304.000,0.000,0.000,0.000,0.000
347463.000,17.000,64925.000,16.000,3744.000,0.000,0.000,0.000,0.000
347473.000,2.000,64927.000,16.000,2664.000,0.000,0.000,0.000,0.000
347483.000,20.000,64947.000,16.000,3744.000,0.000,0.000,0.000,0.000
347493.000,-2.000,64945.000,16.000,2520.000,0.000,0.000,0.000,0.000
347503.000,22.000,64967.000,16.000,4032.000,0.000,0.000,0.000,0.000
347513.000,1.000,64968.000,16.000,2376.000,0.000,0.000,0.000,0.000
347523.000,21.000,64989.000,16.000,3816.000,0.000,0.000,0.000,0.000
347533.000,-1.000,64988.000,16.000,2448.000,0.000,0.000,0.000,0.000
347543.000,20.000,65008.000,16.000,3960.000,0.000,0.000,0.000,0.000
347553.000,0.000,65008.000,16.000,2520.000,0.000,0.000,0.000,0.000
347563.000,22.000,65030.000,16.000,3960.000,0.000,0.000,0.000,0.000
347573.000,2.000,65032.000,16.000,2376.000,0.000,0.000,0.000,0.000
347583.000,17.000,65049.000,16.000,3744.000,0.000,0.000,0.000,0.000
347593.000,1.000,65050.000,16.000,2736.000,0.000,0.000,0.000,0.000
347603.000,22.000,65072.000,16.000,3888.000,0.000,0.000,0.000,0.000
347613.000,1.000,65073.000,16.000,2376.000,0.000,0.000,0.000,0.000
347623.000,14.000,65087.000,16.000,3816.000,0.000,0.000,0.000,0.000
347633.000,5.000,65092.000,16.000,3024.000,0.000,0.000,0.000,0.000
347643.000,22.000,65114.000,16.000,3600.000,0.000,0.000,0.000,0.000
347653.000,1.000,65115.000,16.000,2376.000,0.000,0.000,0.000,0.000
347663.000,18.000,65133.000,16.000,3816.000,0.000,0.000,0.000,0.000
347673.000,1.000,65134.000,16.000,2664.000,0.000,0.000,0.000,0.000
347683.000,22.000,65156.000,16.000,3888.000,0.000,0.000,0.000,0.000
347693.000,2.000,65158.000,16.000,2376.000,0.000,0.000,0.000,0.000
347703.000,21.000,65179.000,16.000,3744.000,0.000,0.000,0.000,0.000
347713.000,-1.000,65178.000,16.000,2448.000,0.000,0.000,0.000,0.000
347723.000,20.000,65198.000,16.000,3960.000,0.000,0.000,0.000,0.000
347733.000,1.000,65199.000,16.000,2520.000,0.000,0.000,0.000,0.000
347743.000,12.000,65211.000,16.000,3816.000,0.000,0.000,0.000,0.000
347753.000,15.000,65226.000,16.000,3168.000,0.000,0.000,0.000,0.000
347763.000,-1.000,65225.000,16.000,2880.000,0.000,0.000,0.000,0.000
347773.000,18.000,65243.000,16.000,4104.000,0.000,0.000,0.000,0.000
347783.000,-1.000,65242.000,16.000,2808.000,0.000,0.000,0.000,0.000
347793.000,18.000,65260.000,16.000,4176.000,0.000,0.000,0.000,0.000
347803.000,2.000,65262.000,16.000,2880.000,0.000,0.000,0.000,0.000
347813.000,23.000,65285.000,16.000,3960.000,0.000,0.000,0.000,0.000
347823.000,2.000,65287.000,16.000,2520.000,0.000,0.000,0.000,0.000
347833.000,19.000,65306.000,16.000,3960.000,0.000,0.000,0.000,0.000
347843.000,1.000,65307.000,16.000,2736.000,0.000,0.000,0.000,0.000
347853.000,20.000,65327.000,16.000,4032.000,0.000,0.000,0.000,0.000
347863.000,-1.000,65326.000,16.000,2664.000,0.000,0.000,0.000,0.000
347873.000,22.000,65348.000,16.000,4176.000,0.000,0.000,0.000,0.000
347883.000,2.000,65350.000,16.000,2592.000,0.000,0.000,0.000,0.000
347893.000,22.000,65372.000,16.000,3960.000,0.000,0.000,0.000,0.000
347903.000,2.000,65374.000,16.000,2520.000,0.000,0.000,0.000,0.000
347913.000,20.000,65394.000,16.000,3888.000,0.000,0.000,0.000,0.000
347923.000,1.000,65395.000,16.000,2664.000,0.000,0.000,0.000,0.000
347933.000,20.000,65415.000,16.000,3960.000,0.000,0.000,0.000,0.000
347943.000,2.000,65417.000,16.000,2664.000,0.000,0.000,0.000,0.000
347953.000,16.000,65433.000,16.000,3888.000,0.000,0.000,0.000,0.000
347963.000,1.000,65434.000,16.000,2952.000,0.000,0.000,0.000,0.000
347973.000,17.000,65451.000,16.000,4032.000,0.000,0.000,0.000,0.000
347983.000,3.000,65454.000,16.000,2952.000,0.000,0.000,0.000,0.000
347993.000,16.000,65470.000,16.000,3888.000,0.000,0.000,0.000,0.000
348003.000,2.000,65472.000,16.000,3024.000,0.000,0.000,0.000,0.000
348013.000,18.000,65490.000,16.000,4032.000,0.000,0.000,0.000,0.000
348023.000,0.000,65490.000,16.000,2952.000,0.000,0.000,0.000,0.000
348033.000,20.000,65510.000,16.000,4176.000,0.000,0.000,0.000,0.000
348043.000,2.000,65512.000,16.000,2808.000,0.000,0.000,0.000,0.000
348053.000,20.000,65532.000,16.000,4032.000,0.000,0.000,0.000,0.000
348063.000,3.000,65535.000,16.000,2808.000,0.000,0.000,0.000,0.000
348073.000,24.000,65559.000,16.000,3960.000,0.000,0.000,0.000,0.000
348083.000,0.000,65559.000,16.000,2448.000,0.000,0.000,0.000,0.000
348093.000,19.000,65578.000,16.000,4104.000,0.000,0.000,0.000,0.000
348103.000,2.000,65580.000,16.000,2808.000,0.000,0.000,0.000,0.000
348113.000,24.000,65604.000,16.000,3960.000,0.000,0.000,0.000,0.000
348123.000,0.000,65604.000,16.000,2448.000,0.000,0.000,0.000,0.000
348133.000,21.000,65625.000,16.000,4032.000,0.000,0.000,0.000,0.000
348143.000,3.000,65628.000,16.000,2592.000,0.000,0.000,0.000,0.000
348153.000,23.000,65651.000,16.000,3816.000,0.000,0.000,0.000,0.000
348163.000,2.000,65653.000,16.000,2376.000,0.000,0.000,0.000,0.000
348173.000,19.000,65672.000,16.000,3816.000,0.000,0.000,0.000,0.000
348183.000,2.000,65674.000,16.000,2664.000,0.000,0.000,0.000,0.000
348193.000,19.000,65693.000,16.000,3816.000,0.000,0.000,0.000,0.000
348203.000,1.000,65694.000,16.000,2592.000,0.000,0.000,0.000,0.000
348213.000,17.000,65711.000,16.000,3888.000,0.000,0.000,0.000,0.000
348223.000,-1.000,65710.000,16.000,2808.000,0.000,0.000,0.000,0.000
348233.000,21.000,65731.000,16.000,4104.000,0.000,0.000,0.000,0.000
348243.000,-1.000,65730.000,16.000,2592.000,0.000,0.000,0.000,0.000
348253.000,22.000,65752.000,16.000,4104.000,0.000,0.000,0.000,0.000
348263.000,2.000,65754.000,16.000,2520.000,0.000,0.000,0.000,0.000
348273.000,26.000,65780.000,16.000,3888.000,0.000,0.000,0.000,0.000
348283.000,2.000,65782.000,16.000,2160.000,0.000,0.000,0.000,0.000
348293.000,19.000,65801.000,16.000,3744.000,0.000,0.000,0.000,0.000
348303.000,2.000,65803.000,16.000,2592.000,0.000,0.000,0.000,0.000
348313.000,21.000,65824.000,16.000,3744.000,0.000,0.000,0.000,0.000
348323.000,-1.000,65823.000,16.000,2448.000,0.000,0.000,0.000,0.000
348333.000,18.000,65841.000,16.000,3960.000,0.000,0.000,0.000,0.000
348343.000,-1.000,65840.000,16.000,2664.000,0.000,0.000,0.000,0.000
348353.000,21.000,65861.000,16.000,4032.000,0.000,0.000,0.000,0.000
348363.000,-1.000,65860.000,16.000,2520.000,0.000,0.000,0.000,0.000
348373.000,15.000,65875.000,16.000,4032.000,0.000,0.000,0.000,0.000
348383.000,3.000,65878.000,16.000,3024.000,0.000,0.000,0.000,0.000
348393.000,21.000,65899.000,16.000,3888.000,0.000,0.000,0.000,0.000
348403.000,-1.000,65898.000,16.000,2592.000,0.000,0.000,0.000,0.000
348413.000,17.000,65915.000,16.000,4104.000,0.000,0.000,0.000,0.000
348423.000,-1.000,65914.000,16.000,2952.000,0.000,0.000,0.000,0.000
348433.000,22.000,65936.000,16.000,4248.000,0.000,0.000,0.000,0.000
348443.000,2.000,65938.000,16.000,2664.000,0.000,0.000,0.000,0.000
348453.000,22.000,65960.000,16.000,4032.000,0.000,0.000,0.000,0.000
348463.000,2.000,65962.000,16.000,2592.000,0.000,0.000,0.000,0.000
348473.000,23.000,65985.000,16.000,3960.000,0.000,0.000,0.000,0.000
348483.000,1.000,65986.000,16.000,2448.000,0.000,0.000,0.000,0.000
348493.000,23.000,66009.000,16.000,3960.000,0.000,0.000,0.000,0.000
348503.000,1.000,66010.000,16.000,2376.000,0.000,0.000,0.000,0.000
348513.000,23.000,66033.000,16.000,3888.000,0.000,0.000,0.000,0.000
348523.000,1.000,66034.000,16.000,2376.000,0.000,0.000,0.000,0.000
348533.000,18.000,66052.000,16.000,3816.000,0.000,0.000,0.000,0.000
348543.000,3.000,66055.000,16.000,2664.000,0.000,0.000,0.000,0.000
348553.000,22.000,66077.000,16.000,3744.000,0.000,0.000,0.000,0.000
348563.000,2.000,66079.000,16.000,2376.000,0.000,0.000,0.000,0.000
348573.000,21.000,66100.000,16.000,3744.000,0.000,0.000,0.000,0.000
348583.000,0.000,66100.000,16.000,2376.000,0.000,0.000,0.000,0.000
348593.000,19.000,66119.000,16.000,3888.000,0.000,0.000,0.000,0.000
348603.000,1.000,66120.000,16.000,2520.000,0.000,0.000,0.000,0.000
348613.000,18.000,66138.000,16.000,3816.000,0.000,0.000,0.000,0.000
348623.000,1.000,66139.000,16.000,2664.000,0.000,0.000,0.000,0.000
348633.000,23.000,66162.000,16.000,3816.000,0.000,0.000,0.000,0.000
348643.000,1.000,66163.000,16.000,2304.000,0.000,0.000,0.000,0.000
348653.000,18.000,66181.000,16.000,3816.000,0.000,0.000,0.000,0.000
348663.000,3.000,66184.000,16.000,2664.000,0.000,0.000,0.000,0.000
348673.000,21.000,66205.000,16.000,3672.000,0.000,0.000,0.000,0.000
348683.000,-1.000,66204.000,16.000,2376.000,0.000,0.000,0.000,0.000
348693.000,17.000,66221.000,16.000,3960.000,0.000,0.000,0.000,0.000
348703.000,1.000,66222.000,16.000,2736.000,0.000,0.000,0.000,0.000
348713.000,18.000,66240.000,16.000,3888.000,0.000,0.000,0.000,0.000
348723.000,1.000,66241.000,16.000,2736.000,0.000,0.000,0.000,0.000
348733.000,20.000,66261.000,16.000,3888.000,0.000,0.000,0.000,0.000
348743.000,2.000,66263.000,16.000,2592.000,0.000,0.000,0.000,0.000
348753.000,16.000,66279.000,16.000,3816.000,0.000,0.000,0.000,0.000
348763.000,1.000,66280.000,16.000,2880.000,0.000,0.000,0.000,0.000
348773.000,23.000,66303.000,16.000,3960.000,0.000,0.000,0.000,0.000
348783.000,1.000,66304.000,16.000,2448.000,0.000,0.000,0.000,0.000
348793.000,17.000,66321.000,16.000,3960.000,0.000,0.000,0.000,0.000
348803.000,2.000,66323.000,16.000,2880.000,0.000,0.000,0.000,0.000
348813.000,18.000,66341.000,16.000,3888.000,0.000,0.000,0.000,0.000
348823.000,2.000,66343.000,16.000,2808.000,0.000,0.000,0.000,0.000
348833.000,20.000,66363.000,16.000,3888.000,0.000,0.000,0.000,0.000
348843.000,0.000,66363.000,16.000,2664.000,0.000,0.000,0.000,0.000
348853.000,21.000,66384.000,16.000,4032.000,0.000,0.000,0.000,0.000
348863.000,3.000,66387.000,16.000,2592.000,0.000,0.000,0.000,0.000
348873.000,22.000,66409.000,16.000,3816.000,0.000,0.000,0.000,0.000
348883.000,2.000,66411.000,16.000,2520.000,0.000,0.000,0.000,0.000
348893.000,19.000,66430.000,16.000,3816.000,0.000,0.000,0.000,0.000
348903.000,2.000,66432.000,16.000,2664.000,0.000,0.000,0.000,0.000
348913.000,22.000,66454.000,16.000,3816.000,0.000,0.000,0.000,0.000
348923.000,2.000,66456.000,16.000,2448.000,0.000,0.000,0.000,0.000
348933.000,19.000,66475.000,16.000,3816.000,0.000,0.000,0.000,0.000
348943.000,1.000,66476.000,16.000,2592.000,0.000,0.000,0.000,0.000
348953.000,20.000,66496.000,16.000,3888.000,0.000,0.000,0.000,0.000
348963.000,-1.000,66495.000,16.000,2520.000,0.000,0.000,0.000,0.000
348973.000,21.000,66516.000,16.000,4032.000,0.000,0.000,0.000,0.000
348983.000,-1.000,66515.000,16.000,2520.000,0.000,0.000,0.000,0.000
348993.000,18.000,66533.000,16.000,4032.000,0.000,0.000,0.000,0.000
349003.000,-1.000,66532.000,16.000,2736.000,0.000,0.000,0.000,0.000
349013.000,21.000,66553.000,16.000,4104.000,0.000,0.000,0.000,0.000
349023.000,-1.000,66552.000,16.000,2592.000,0.000,0.000,0.000,0.000
349033.000,21.000,66573.000,16.000,4176.000,0.000,0.000,0.000,0.000
349043.000,-1.000,66572.000,16.000,2664.000,0.000,0.000,0.000,0.000
349053.000,18.000,66590.000,16.000,4176.000,0.000,0.000,0.000,0.000
349063.000,-1.000,66589.000,16.000,2880.000,0.000,0.000,0.000,0.000
349073.000,21.000,66610.000,16.000,4248.000,0.000,0.000,0.000,0.000
349083.000,3.000,66613.000,16.000,2736.000,0.000,0.000,0.000,0.000
349093.000,16.000,66629.000,16.000,3960.000,0.000,0.000,0.000,0.000
349103.000,2.000,66631.000,16.000,3096.000,0.000,0.000,0.000,0.000
349113.000,19.000,66650.000,16.000,4032.000,0.000,0.000,0.000,0.000
349123.000,2.000,66652.000,16.000,2880.000,0.000,0.000,0.000,0.000
349133.000,23.000,66675.000,16.000,4104.000,0.000,0.000,0.000,0.000
349143.000,0.000,66675.000,16.000,2592.000,0.000,0.000,0.000,0.000
349153.000,18.000,66693.000,16.000,4176.000,0.000,0.000,0.000,0.000
349163.000,3.000,66696.000,16.000,2952.000,0.000,0.000,0.000,0.000
349173.000,24.000,66720.000,16.000,3960.000,0.000,0.000,0.000,0.000
349183.000,0.000,66720.000,16.000,2448.000,0.000,0.000,0.000,0.000
349193.000,21.000,66741.000,16.000,4104.000,0.000,0.000,0.000,0.000
349203.000,3.000,66744.000,16.000,2664.000,0.000,0.000,0.000,0.000
349213.000,23.000,66767.000,16.000,3888.000,0.000,0.000,0.000,0.000
349223.000,2.000,66769.000,16.000,2448.000,0.000,0.000,0.000,0.000
349233.000,16.000,66785.000,16.000,3888.000,0.000,0.000,0.000,0.000
349243.000,0.000,66785.000,16.000,2952.000,0.000,0.000,0.000,0.000
349253.000,21.000,66806.000,16.000,4104.000,0.000,0.000,0.000,0.000
349263.000,-1.000,66805.000,16.000,2592.000,0.000,0.000,0.000,0.000
349273.000,23.000,66828.000,16.000,4176.000,0.000,0.000,0.000,0.000
349283.000,2.000,66830.000,16.000,2520.000,0.000,0.000,0.000,0.000
349293.000,23.000,66853.000,16.000,3888.000,0.000,0.000,0.000,0.000
349303.000,0.000,66853.000,16.000,2448.000,0.000,0.000,0.000,0.000
349313.000,21.000,66874.000,16.000,4032.000,0.000,0.000,0.000,0.000
349323.000,1.000,66875.000,16.000,2520.000,0.000,0.000,0.000,0.000
349333.000,20.000,66895.000,16.000,3888.000,0.000,0.000,0.000,0.000
349343.000,0.000,66895.000,16.000,2592.000,0.000,0.000,0.000,0.000
349353.000,24.000,66919.000,16.000,3960.000,0.000,0.000,0.000,0.000
349363.000,0.000,66919.000,16.000,2304.000,0.000,0.000,0.000,0.000
349373.000,19.000,66938.000,16.000,3960.000,0.000,0.000,0.000,0.000
349383.000,1.000,66939.000,16.000,2664.000,0.000,0.000,0.000,0.000
349393.000,23.000,66962.000,16.000,3888.000,0.000,0.000,0.000,0.000
349403.000,2.000,66964.000,16.000,2376.000,0.000,0.000,0.000,0.000
349413.000,22.000,66986.000,16.000,3744.000,0.000,0.000,0.000,0.000
349423.000,1.000,66987.000,16.000,2376.000,0.000,0.000,0.000,0.000
349433.000,19.000,67006.000,16.000,3816.000,0.000,0.000,0.000,0.000
349443.000,2.000,67008.000,16.000,2592.000,0.000,0.000,0.000,0.000
349453.000,17.000,67025.000,16.000,3744.000,0.000,0.000,0.000,0.000
349463.000,0.000,67025.000,16.000,2736.000,0.000,0.000,0.000,0.000
349473.000,17.000,67042.000,16.000,3888.000,0.000,0.000,0.000,0.000
349483.000,0.000,67042.000,16.000,2808.000,0.000,0.000,0.000,0.000
349493.000,19.000,67061.000,16.000,3960.000,0.000,0.000,0.000,0.000
349503.000,-1.000,67060.000,16.000,2736.000,0.000,0.000,0.000,0.000
349513.000,21.000,67081.000,16.000,4104.000,0.000,0.000,0.000,0.000
349523.000,3.000,67084.000,16.000,2592.000,0.000,0.000,0.000,0.000
349533.000,19.000,67103.000,16.000,3816.000,0.000,0.000,0.000,0.000
349543.000,2.000,67105.000,16.000,2736.000,0.000,0.000,0.000,0.000
349553.000,20.000,67125.000,16.000,3888.000,0.000,0.000,0.000,0.000
349563.000,2.000,67127.000,16.000,2664.000,0.000,0.000,0.000,0.000
349573.000,19.000,67146.000,16.000,3888.000,0.000,0.000,0.000,0.000
349583.000,1.000,67147.000,16.000,2736.000,0.000,0.000,0.000,0.000
349593.000,14.000,67161.000,16.000,3960.000,0.000,0.000,0.000,0.000
349603.000,3.000,67164.000,16.000,3096.000,0.000,0.000,0.000,0.000
349613.000,23.000,67187.000,16.000,3888.000,0.000,0.000,0.000,0.000
349623.000,2.000,67189.000,16.000,2520.000,0.000,0.000,0.000,0.000
349633.000,17.000,67206.000,16.000,3888.000,0.000,0.000,0.000,0.000
349643.000,0.000,67206.000,16.000,2880.000,0.000,0.000,0.000,0.000
349653.000,19.000,67225.000,16.000,4104.000,0.000,0.000,0.000,0.000
349663.000,2.000,67227.000,16.000,2808.000,0.000,0.000,0.000,0.000
349673.000,23.000,67250.000,16.000,3960.000,0.000,0.000,0.000,0.000
349683.000,2.000,67252.000,16.000,2520.000,0.000,0.000,0.000,0.000
349693.000,15.000,67267.000,16.000,3888.000,0.000,0.000,0.000,0.000
349703.000,-1.000,67266.000,16.000,3024.000,0.000,0.000,0.000,0.000
349713.000,23.000,67289.000,16.000,4248.000,0.000,0.000,0.000,0.000
349723.000,2.000,67291.000,16.000,2520.000,0.000,0.000,0.000,0.000
349733.000,20.000,67311.000,16.000,3960.000,0.000,0.000,0.000,0.000
349743.000,-1.000,67310.000,16.000,2736.000,0.000,0.000,0.000,0.000
349753.000,19.000,67329.000,16.000,4176.000,0.000,0.000,0.000,0.000
349763.000,3.000,67332.000,16.000,2808.000,0.000,0.000,0.000,0.000
349773.000,19.000,67351.000,16.000,3960.000,0.000,0.000,0.000,0.000
349783.000,0.000,67351.000,16.000,2808.000,0.000,0.000,0.000,0.000
349793.000,26.000,67377.000,16.000,4176.000,0.000,0.000,0.000,0.000
349803.000,3.000,67380.000,16.000,2304.000,0.000,0.000,0.000,0.000
349813.000,19.000,67399.000,16.000,3816.000,0.000,0.000,0.000,0.000
349823.000,1.000,67400.000,16.000,2736.000,0.000,0.000,0.000,0.000
349833.000,20.000,67420.000,16.000,3960.000,0.000,0.000,0.000,0.000
349843.000,-1.000,67419.000,16.000,2664.000,0.000,0.000,0.000,0.000
349853.000,22.000,67441.000,16.000,4104.000,0.000,0.000,0.000,0.000
349863.000,2.000,67443.000,16.000,2520.000,0.000,0.000,0.000,0.000
349873.000,23.000,67466.000,16.000,3888.000,0.000,0.000,0.000,0.000
349883.000,2.000,67468.000,16.000,2376.000,0.000,0.000,0.000,0.000
349893.000,18.000,67486.000,16.000,3816.000,0.000,0.000,0.000,0.000
349903.000,1.000,67487.000,16.000,2736.000,0.000,0.000,0.000,0.000
349913.000,20.000,67507.000,16.000,3888.000,0.000,0.000,0.000,0.000
349923.000,-1.000,67506.000,16.000,2592.000,0.000,0.000,0.000,0.000
349933.000,19.000,67525.000,16.000,4104.000,0.000,0.000,0.000,0.000
349943.000,0.000,67525.000,16.000,2736.000,0.000,0.000,0.000,0.000
349953.000,25.000,67550.000,16.000,4032.000,0.000,0.000,0.000,0.000
349963.000,-1.000,67549.000,16.000,2304.000,0.000,0.000,0.000,0.000
349973.000,18.000,67567.000,16.000,4104.000,0.000,0.000,0.000,0.000
349983.000,-1.000,67566.000,16.000,2808.000,0.000,0.000,0.000,0.000
349993.000,21.000,67587.000,16.000,4104.000,0.000,0.000,0.000,0.000
350003.000,-1.000,67586.000,16.000,2592.000,0.000,0.000,0.000,0.000
350013.000,21.000,67607.000,16.000,4176.000,0.000,0.000,0.000,0.000
350023.000,-1.000,67606.000,16.000,2664.000,0.000,0.000,0.000,0.000
350033.000,21.000,67627.000,16.000,4176.000,0.000,0.000,0.000,0.000
350043.000,-1.000,67626.000,16.000,2664.000,0.000,0.000,0.000,0.000
350053.000,13.000,67639.000,16.000,4176.000,0.000,0.000,0.000,0.000
350063.000,7.000,67646.000,16.000,3312.000,0.000,0.000,0.000,0.000
350073.000,22.000,67668.000,16.000,3744.000,0.000,0.000,0.000,0.000
350083.000,3.000,67671.000,16.000,2664.000,0.000,0.000,0.000,0.000
350093.000,21.000,67692.000,16.000,3960.000,0.000,0.000,0.000,0.000
350103.000,0.000,67692.000,16.000,2664.000,0.000,0.000,0.000,0.000
350113.000,18.000,67710.000,16.000,4104.000,0.000,0.000,0.000,0.000
350123.000,-1.000,67709.000,16.000,2880.000,0.000,0.000,0.000,0.000
350133.000,23.000,67732.000,16.000,4248.000,0.000,0.000,0.000,0.000
350143.000,2.000,67734.000,16.000,2592.000,0.000,0.000,0.000,0.000
350153.000,20.000,67754.000,16.000,3960.000,0.000,0.000,0.000,0.000
350163.000,-1.000,67753.000,16.000,2736.000,0.000,0.000,0.000,0.000
350173.000,19.000,67772.000,16.000,4176.000,0.000,0.000,0.000,0.000
350183.000,2.000,67774.000,16.000,2880.000,0.000,0.000,0.000,0.000
350193.000,24.000,67798.000,16.000,4032.000,0.000,0.000,0.000,0.000
350203.000,0.000,67798.000,16.000,2448.000,0.000,0.000,0.000,0.000
350213.000,21.000,67819.000,16.000,4104.000,0.000,0.000,0.000,0.000
350223.000,-1.000,67818.000,16.000,2664.000,0.000,0.000,0.000,0.000
350233.000,22.000,67840.000,16.000,4176.000,0.000,0.000,0.000,0.000
350243.000,2.000,67842.000,16.000,2592.000,0.000,0.000,0.000,0.000
350253.000,23.000,67865.000,16.000,3960.000,0.000,0.000,0.000,0.000
350263.000,2.000,67867.000,16.000,2448.000,0.000,0.000,0.000,0.000
350273.000,22.000,67889.000,16.000,3888.000,0.000,0.000,0.000,0.000
350283.000,2.000,67891.000,16.000,2448.000,0.000,0.000,0.000,0.000
350293.000,20.000,67911.000,16.000,3816.000,0.000,0.000,0.000,0.000
350303.000,1.000,67912.000,16.000,2592.000,0.000,0.000,0.000,0.000
350313.000,20.000,67932.000,16.000,3888.000,0.000,0.000,0.000,0.000
350323.000,1.000,67933.000,16.000,2592.000,0.000,0.000,0.000,0.000
350333.000,23.000,67956.000,16.000,3888.000,0.000,0.000,0.000,0.000
350343.000,1.000,67957.000,16.000,2304.000,0.000,0.000,0.000,0.000
350353.000,20.000,67977.000,16.000,3816.000,0.000,0.000,0.000,0.000
350363.000,0.000,67977.000,16.000,2520.000,0.000,0.000,0.000,0.000
350373.000,25.000,68002.000,16.000,3888.000,0.000,0.000,0.000,0.000
350383.000,0.000,68002.000,16.000,2160.000,0.000,0.000,0.000,0.000
350393.000,19.000,68021.000,16.000,3816.000,0.000,0.000,0.000,0.000
350403.000,1.000,68022.000,16.000,2520.000,0.000,0.000,0.000,0.000
350413.000,22.000,68044.000,16.000,3816.000,0.000,0.000,0.000,0.000
350423.000,1.000,68045.000,16.000,2304.000,0.000,0.000,0.000,0.000
350433.000,18.000,68063.000,16.000,3744.000,0.000,0.000,0.000,0.000
350443.000,-1.000,68062.000,16.000,2592.000,0.000,0.000,0.000,0.000
350453.000,20.000,68082.000,16.000,3960.000,0.000,0.000,0.000,0.000
350463.000,-2.000,68080.000,16.000,2520.000,0.000,0.000,0.000,0.000
350473.000,22.000,68102.000,16.000,4032.000,0.000,0.000,0.000,0.000
350483.000,1.000,68103.000,16.000,2376.000,0.000,0.000,0.000,0.000
350493.000,19.000,68122.000,16.000,3816.000,0.000,0.000,0.000,0.000
350503.000,0.000,68122.000,16.000,2592.000,0.000,0.000,0.000,0.000
350513.000,19.000,68141.000,16.000,3960.000,0.000,0.000,0.000,0.000
350523.000,1.000,68142.000,16.000,2664.000,0.000,0.000,0.000,0.000
350533.000,22.000,68164.000,16.000,3888.000,0.000,0.000,0.000,0.000
350543.000,1.000,68165.000,16.000,2448.000,0.000,0.000,0.000,0.000
350553.000,17.000,68182.000,16.000,3888.000,0.000,0.000,0.000,0.000
350563.000,-1.000,68181.000,16.000,2808.000,0.000,0.000,0.000,0.000
350573.000,17.000,68198.000,16.000,4104.000,0.000,0.000,0.000,0.000
350583.000,1.000,68199.000,16.000,2880.000,0.000,0.000,0.000,0.000
350593.000,21.000,68220.000,16.000,4032.000,0.000,0.000,0.000,0.000
350603.000,1.000,68221.000,16.000,2664.000,0.000,0.000,0.000,0.000
350613.000,19.000,68240.000,16.000,4032.000,0.000,0.000,0.000,0.000
350623.000,1.000,68241.000,16.000,2808.000,0.000,0.000,0.000,0.000
350633.000,19.000,68260.000,16.000,4032.000,0.000,0.000,0.000,0.000
350643.000,0.000,68260.000,16.000,2808.000,0.000,0.000,0.000,0.000
350653.000,21.000,68281.000,16.000,4104.000,0.000,0.000,0.000,0.000
350663.000,-1.000,68280.000,16.000,2664.000,0.000,0.000,0.000,0.000
350673.000,19.000,68299.000,16.000,4248.000,0.000,0.000,0.000,0.000
350683.000,2.000,68301.000,16.000,2880.000,0.000,0.000,0.000,0.000
350693.000,23.000,68324.000,16.000,4032.000,0.000,0.000,0.000,0.000
350703.000,2.000,68326.000,16.000,2592.000,0.000,0.000,0.000,0.000
350713.000,22.000,68348.000,16.000,3960.000,0.000,0.000,0.000,0.000
350723.000,2.000,68350.000,16.000,2592.000,0.000,0.000,0.000,0.000
350733.000,21.000,68371.000,16.000,3960.000,0.000,0.000,0.000,0.000
350743.000,-1.000,68370.000,16.000,2592.000,0.000,0.000,0.000,0.000
350753.000,21.000,68391.000,16.000,4104.000,0.000,0.000,0.000,0.000
350763.000,-1.000,68390.000,16.000,2592.000,0.000,0.000,0.000,0.000
350773.000,19.000,68409.000,16.000,4104.000,0.000,0.000,0.000,0.000
350783.000,2.000,68411.000,16.000,2808.000,0.000,0.000,0.000,0.000
350793.000,22.000,68433.000,16.000,3960.000,0.000,0.000,0.000,0.000
350803.000,2.000,68435.000,16.000,2520.000,0.000,0.000,0.000,0.000
350813.000,23.000,68458.000,16.000,3888.000,0.000,0.000,0.000,0.000
350823.000,2.000,68460.000,16.000,2448.000,0.000,0.000,0.000,0.000
350833.000,18.000,68478.000,16.000,3816.000,0.000,0.000,0.000,0.000
350843.000,2.000,68480.000,16.000,2736.000,0.000,0.000,0.000,0.000
350853.000,22.000,68502.000,16.000,3888.000,0.000,0.000,0.000,0.000
350863.000,2.000,68504.000,16.000,2448.000,0.000,0.000,0.000,0.000
350873.000,18.000,68522.000,16.000,3816.000,0.000,0.000,0.000,0.000
350883.000,2.000,68524.000,16.000,2736.000,0.000,0.000,0.000,0.000
350893.000,19.000,68543.000,16.000,3816.000,0.000,0.000,0.000,0.000
350903.000,1.000,68544.000,16.000,2664.000,0.000,0.000,0.000,0.000
350913.000,17.000,68561.000,16.000,3888.000,0.000,0.000,0.000,0.000
350923.000,0.000,68561.000,16.000,2808.000,0.000,0.000,0.000,0.000
350933.000,21.000,68582.000,16.000,4032.000,0.000,0.000,0.000,0.000
350943.000,-1.000,68581.000,16.000,2592.000,0.000,0.000,0.000,0.000
350953.000,19.000,68600.000,16.000,4104.000,0.000,0.000,0.000,0.000
350963.000,2.000,68602.000,16.000,2736.000,0.000,0.000,0.000,0.000
350973.000,23.000,68625.000,16.000,3960.000,0.000,0.000,0.000,0.000
350983.000,2.000,68627.000,16.000,2448.000,0.000,0.000,0.000,0.000
350993.000,16.000,68643.000,16.000,3888.000,0.000,0.000,0.000,0.000
351003.000,2.000,68645.000,16.000,2952.000,0.000,0.000,0.000,0.000
351013.000,27.000,68672.000,16.000,3960.000,0.000,0.000,0.000,0.000
351023.000,1.000,68673.000,16.000,2160.000,0.000,0.000,0.000,0.000
351033.000,16.000,68689.000,16.000,3888.000,0.000,0.000,0.000,0.000
351043.000,1.000,68690.000,16.000,2880.000,0.000,0.000,0.000,0.000
351053.000,18.000,68708.000,16.000,3960.000,0.000,0.000,0.000,0.000
351063.000,-1.000,68707.000,16.000,2808.000,0.000,0.000,0.000,0.000
351073.000,21.000,68728.000,16.000,4104.000,0.000,0.000,0.000,0.000
351083.000,3.000,68731.000,16.000,2592.000,0.000,0.000,0.000,0.000
351093.000,19.000,68750.000,16.000,3816.000,0.000,0.000,0.000,0.000
351103.000,2.000,68752.000,16.000,2736.000,0.000,0.000,0.000,0.000
351113.000,23.000,68775.000,16.000,3888.000,0.000,0.000,0.000,0.000
351123.000,2.000,68777.000,16.000,2448.000,0.000,0.000,0.000,0.000
351133.000,22.000,68799.000,16.000,3816.000,0.000,0.000,0.000,0.000
351143.000,2.000,68801.000,16.000,2448.000,0.000,0.000,0.000,0.000
351153.000,20.000,68821.000,16.000,3816.000,0.000,0.000,0.000,0.000
351163.000,2.000,68823.000,16.000,2520.000,0.000,0.000,0.000,0.000
351173.000,18.000,68841.000,16.000,3744.000,0.000,0.000,0.000,0.000
351183.000,2.000,68843.000,16.000,2664.000,0.000,0.000,0.000,0.000
351193.000,22.000,68865.000,16.000,3744.000,0.000,0.000,0.000,0.000
351203.000,1.000,68866.000,16.000,2376.000,0.000,0.000,0.000,0.000
351213.000,16.000,68882.000,16.000,3816.000,0.000,0.000,0.000,0.000
351223.000,2.000,68884.000,16.000,2808.000,0.000,0.000,0.000,0.000
351233.000,18.000,68902.000,16.000,3816.000,0.000,0.000,0.000,0.000
351243.000,2.000,68904.000,16.000,2664.000,0.000,0.000,0.000,0.000
351253.000,16.000,68920.000,16.000,3816.000,0.000,0.000,0.000,0.000
351263.000,5.000,68925.000,-30.000,2736.000,0.000,0.000,0.000,0.000
351273.000,6.000,68931.000,-30.000,2520.000,0.000,0.000,0.000,0.000
351283.000,8.000,68939.000,-30.000,3024.000,0.000,0.000,0.000,0.000
351293.000,9.000,68948.000,-30.000,3600.000,0.000,0.000,0.000,0.000
351303.000,11.000,68959.000,-30.000,4248.000,0.000,0.000,0.000,0.000
351313.000,8.000,68967.000,-30.000,4896.000,0.000,0.000,0.000,0.000
351323.000,6.000,68973.000,-30.000,5256.000,0.000,0.000,0.000,0.000
351333.000,5.000,68978.000,-30.000,5616.000,0.000,0.000,0.000,0.000
351343.000,3.000,68981.000,-30.000,6048.000,0.000,0.000,0.000,0.000
351353.000,0.000,68981.000,-30.000,6408.000,0.000,0.000,0.000,0.000
351363.000,0.000,68981.000,-30.000,6624.000,0.000,0.000,0.000,0.000
351373.000,-2.000,68979.000,-30.000,6984.000,0.000,0.000,0.000,0.000
351383.000,-2.000,68977.000,-30.000,7200.000,0.000,0.000,0.000,0.000
351393.000,-4.000,68973.000,-30.000,7200.000,0.000,0.000,0.000,0.000
351403.000,-4.000,68969.000,-30.000,7200.000,0.000,0.000,0.000,0.000
351413.000,-4.000,68965.000,-30.000,7200.000,0.000,0.000,0.000,0.000
351423.000,-5.000,68960.000,-30.000,7200.000,0.000,0.000,0.000,0.000
351433.000,-5.000,68955.000,-30.000,7200.000,0.000,0.000,0.000,0.000
351443.000,-7.000,68948.000,-30.000,7200.000,0.000,0.000,0.000,0.000
351453.000,-7.000,68941.000,-30.000,7200.000,0.000,0.000,0.000,0.000
351463.000,-6.000,68935.000,-30.000,7200.000,0.000,0.000,0.000,0.000
351473.000,-7.000,68928.000,-30.000,7200.000,0.000,0.000,0.000,0.000
351483.000,-8.000,68920.000,-30.000,7200.000,0.000,0.000,0.000,0.000
351493.000,-10.000,68910.000,-30.000,7200.000,0.000,0.000,0.000,0.000
351503.000,-8.000,68902.000,-30.000,7200.000,0.000,0.000,0.000,0.000
351513.000,-4.000,68898.000,-30.000,7200.000,0.000,0.000,0.000,0.000
351523.000,-11.000,68887.000,-30.000,7200.000,0.000,0.000,0.000,0.000
351533.000,-10.000,68877.000,-30.000,7200.000,0.000,0.000,0.000,0.000
351543.000,-11.000,68866.000,-30.000,7200.000,0.000,0.000,0.000,0.000
351553.000,-12.000,68854.000,-30.000,7200.000,0.000,0.000,0.000,0.000
351563.000,-7.000,68847.000,-30.000,7200.000,0.000,0.000,0.000,0.000
351573.000,-12.000,68835.000,-30.000,7200.000,0.000,0.000,0.000,0.000
351583.000,-12.000,68823.000,-30.000,7200.000,0.000,0.000,0.000,0.000
351593.000,-8.000,68815.000,-30.000,7200.000,0.000,0.000,0.000,0.000
351603.000,-11.000,68804.000,-30.000,7200.000,0.000,0.000,0.000,0.000
351613.000,-14.000,68790.000,-30.000,7200.000,0.000,0.000,0.000,0.000
351623.000,-14.000,68776.000,-30.000,7200.000,0.000,0.000,0.000,0.000
351633.000,-11.000,68765.000,-30.000,7200.000,0.000,0.000,0.000,0.000
351643.000,-15.000,68750.000,-30.000,7200.000,0.000,0.000,0.000,0.000
351653.000,-16.000,68734.000,-30.000,7200.000,0.000,0.000,0.000,0.000
351663.000,-11.000,68723.000,-30.000,7200.000,0.000,0.000,0.000,0.000
351673.000,-17.000,68706.000,-30.000,7200.000,0.000,0.000,0.000,0.000
351683.000,-13.000,68693.000,-30.000,7128.000,0.000,0.000,0.000,0.000
351693.000,-9.000,68684.000,-30.000,7200.000,0.000,0.000,0.000,0.000
351703.000,-13.000,68671.000,-30.000,7200.000,0.000,0.000,0.000,0.000
351713.000,-13.000,68658.000,-30.000,7200.000,0.000,0.000,0.000,0.000
351723.000,-6.000,68652.000,-30.000,7200.000,0.000,0.000,0.000,0.000
351733.000,-17.000,68635.000,-30.000,7200.000,0.000,0.000,0.000,0.000
351743.000,-8.000,68627.000,-30.000,7128.000,0.000,0.000,0.000,0.000
351753.000,-11.000,68616.000,-30.000,7200.000,0.000,0.000,0.000,0.000
351763.000,-16.000,68600.000,-30.000,7200.000,0.000,0.000,0.000,0.000
351773.000,-10.000,68590.000,-30.000,7200.000,0.000,0.000,0.000,0.000
351783.000,-16.000,68574.000,-30.000,7200.000,0.000,0.000,0.000,0.000
351793.000,-11.000,68563.000,-30.000,7200.000,0.000,0.000,0.000,0.000
351803.000,-17.000,68546.000,-30.000,7200.000,0.000,0.000,0.000,0.000
351813.000,-13.000,68533.000,-30.000,7128.000,0.000,0.000,0.000,0.000
351823.000,-9.000,68524.000,-30.000,7200.000,0.000,0.000,0.000,0.000
351833.000,-13.000,68511.000,-30.000,7200.000,0.000,0.000,0.000,0.000
351843.000,-9.000,68502.000,-30.000,7200.000,0.000,0.000,0.000,0.000
351853.000,-22.000,68480.000,-30.000,7200.000,0.000,0.000,0.000,0.000
351863.000,-10.000,68470.000,-30.000,6840.000,0.000,0.000,0.000,0.000
351873.000,-23.000,68447.000,-30.000,7200.000,0.000,0.000,0.000,0.000
351883.000,-23.000,68424.000,-30.000,6696.000,0.000,0.000,0.000,0.000
351893.000,-18.000,68406.000,-30.000,6696.000,0.000,0.000,0.000,0.000
351903.000,-11.000,68395.000,-30.000,6984.000,0.000,0.000,0.000,0.000
351913.000,-16.000,68379.000,-30.000,7200.000,0.000,0.000,0.000,0.000
351923.000,-12.000,68367.000,-30.000,7200.000,0.000,0.000,0.000,0.000
351933.000,-20.000,68347.000,-30.000,7200.000,0.000,0.000,0.000,0.000
351943.000,-20.000,68327.000,-30.000,6912.000,0.000,0.000,0.000,0.000
351953.000,-21.000,68306.000,-30.000,6912.000,0.000,0.000,0.000,0.000
351963.000,-14.000,68292.000,-30.000,6840.000,0.000,0.000,0.000,0.000
351973.000,-17.000,68275.000,-30.000,7200.000,0.000,0.000,0.000,0.000
351983.000,-8.000,68267.000,-30.000,7128.000,0.000,0.000,0.000,0.000
351993.000,-23.000,68244.000,-30.000,7200.000,0.000,0.000,0.000,0.000
352003.000,-17.000,68227.000,-30.000,6696.000,0.000,0.000,0.000,0.000
352013.000,-19.000,68208.000,-30.000,7128.000,0.000,0.000,0.000,0.000
352023.000,-14.000,68194.000,-30.000,7056.000,0.000,0.000,0.000,0.000
352033.000,-14.000,68180.000,-30.000,7200.000,0.000,0.000,0.000,0.000
352043.000,-10.000,68170.000,-30.000,7200.000,0.000,0.000,0.000,0.000
352053.000,-15.000,68155.000,-30.000,7200.000,0.000,0.000,0.000,0.000
352063.000,-12.000,68143.000,-30.000,7200.000,0.000,0.000,0.000,0.000
352073.000,-7.000,68136.000,-30.000,7200.000,0.000,0.000,0.000,0.000
352083.000,-16.000,68120.000,-30.000,7200.000,0.000,0.000,0.000,0.000
352093.000,-8.000,68112.000,-30.000,7200.000,0.000,0.000,0.000,0.000
352103.000,-12.000,68100.000,-30.000,7200.000,0.000,0.000,0.000,0.000
352113.000,-12.000,68088.000,-30.000,7200.000,0.000,0.000,0.000,0.000
352123.000,-12.000,68076.000,-30.000,7200.000,0.000,0.000,0.000,0.000
352133.000,-13.000,68063.000,-30.000,7200.000,0.000,0.000,0.000,0.000
352143.000,-8.000,68055.000,-30.000,7200.000,0.000,0.000,0.000,0.000
352153.000,-24.000,68031.000,-30.000,7200.000,0.000,0.000,0.000,0.000
352163.000,-18.000,68013.000,-30.000,6624.000,0.000,0.000,0.000,0.000
352173.000,-9.000,68004.000,-30.000,7056.000,0.000,0.000,0.000,0.000
352183.000,-17.000,67987.000,-30.000,7200.000,0.000,0.000,0.000,0.000
352193.000,-7.000,67980.000,-30.000,7128.000,0.000,0.000,0.000,0.000
352203.000,-13.000,67967.000,-30.000,7200.000,0.000,0.000,0.000,0.000
352213.000,-11.000,67956.000,-30.000,7200.000,0.000,0.000,0.000,0.000
352223.000,-5.000,67951.000,-30.000,7200.000,0.000,0.000,0.000,0.000
352233.000,-16.000,67935.000,-30.000,7200.000,0.000,0.000,0.000,0.000
352243.000,-6.000,67929.000,-30.000,7200.000,0.000,0.000,0.000,0.000
352253.000,-14.000,67915.000,-30.000,7200.000,0.000,0.000,0.000,0.000
352263.000,-16.000,67899.000,-30.000,7200.000,0.000,0.000,0.000,0.000
352273.000,-7.000,67892.000,-30.000,7200.000,0.000,0.000,0.000,0.000
352283.000,-16.000,67876.000,-30.000,7200.000,0.000,0.000,0.000,0.000
352293.000,-20.000,67856.000,-30.000,7200.000,0.000,0.000,0.000,0.000
352303.000,-9.000,67847.000,-30.000,6984.000,0.000,0.000,0.000,0.000
352313.000,-12.000,67835.000,-30.000,7200.000,0.000,0.000,0.000,0.000
352323.000,-12.000,67823.000,-30.000,7200.000,0.000,0.000,0.000,0.000
352333.000,-4.000,67819.000,-30.000,7200.000,0.000,0.000,0.000,0.000
352343.000,-16.000,67803.000,-30.000,7200.000,0.000,0.000,0.000,0.000
352353.000,-12.000,67791.000,-30.000,7128.000,0.000,0.000,0.000,0.000
352363.000,-3.000,67788.000,-30.000,7200.000,0.000,0.000,0.000,0.000
352373.000,-16.000,67772.000,-30.000,7200.000,0.000,0.000,0.000,0.000
352383.000,-17.000,67755.000,-30.000,7128.000,0.000,0.000,0.000,0.000
352393.000,0.000,67755.000,-30.000,7200.000,0.000,0.000,0.000,0.000
352403.000,-11.000,67744.000,-30.000,7200.000,0.000,0.000,0.000,0.000
352413.000,-12.000,67732.000,-30.000,7200.000,0.000,0.000,0.000,0.000
352423.000,-9.000,67723.000,-30.000,7200.000,0.000,0.000,0.000,0.000
352433.000,-7.000,67716.000,-30.000,7200.000,0.000,0.000,0.000,0.000
352443.000,-9.000,67707.000,-30.000,7200.000,0.000,0.000,0.000,0.000
352453.000,-8.000,67699.000,-30.000,7200.000,0.000,0.000,0.000,0.000
352463.000,-4.000,67695.000,-30.000,7200.000,0.000,0.000,0.000,0.000
352473.000,-11.000,67684.000,-30.000,7200.000,0.000,0.000,0.000,0.000
352483.000,-9.000,67675.000,-30.000,7200.000,0.000,0.000,0.000,0.000
352493.000,-7.000,67668.000,-30.000,7200.000,0.000,0.000,0.000,0.000
352503.000,-8.000,67660.000,-30.000,7200.000,0.000,0.000,0.000,0.000
352513.000,-9.000,67651.000,-30.000,7200.000,0.000,0.000,0.000,0.000
352523.000,-12.000,67639.000,-30.000,7200.000,0.000,0.000,0.000,0.000
352533.000,-3.000,67636.000,-30.000,7200.000,0.000,0.000,0.000,0.000
352543.000,-12.000,67624.000,-30.000,7200.000,0.000,0.000,0.000,0.000
352553.000,-9.000,67615.000,-30.000,7200.000,0.000,0.000,0.000,0.000
352563.000,-12.000,67603.000,-30.000,7200.000,0.000,0.000,0.000,0.000
352573.000,-4.000,67599.000,-30.000,7200.000,0.000,0.000,0.000,0.000
352583.000,-11.000,67588.000,-30.000,7200.000,0.000,0.000,0.000,0.000
352593.000,-8.000,67580.000,-30.000,7200.000,0.000,0.000,0.000,0.000
352603.000,-12.000,67568.000,-30.000,7200.000,0.000,0.000,0.000,0.000
352613.000,-8.000,67560.000,-30.000,7200.000,0.000,0.000,0.000,0.000
352623.000,-12.000,67548.000,-30.000,7200.000,0.000,0.000,0.000,0.000
352633.000,-13.000,67535.000,-30.000,7200.000,0.000,0.000,0.000,0.000
352643.000,-5.000,67530.000,-30.000,7200.000,0.000,0.000,0.000,0.000
352653.000,-7.000,67523.000,-30.000,7200.000,0.000,0.000,0.000,0.000
352663.000,-15.000,67508.000,-30.000,7200.000,0.000,0.000,0.000,0.000
352673.000,-8.000,67500.000,-30.000,7200.000,0.000,0.000,0.000,0.000
352683.000,-15.000,67485.000,-30.000,7200.000,0.000,0.000,0.000,0.000
352693.000,-5.000,67480.000,-30.000,7200.000,0.000,0.000,0.000,0.000
352703.000,-12.000,67468.000,-30.000,7200.000,0.000,0.000,0.000,0.000
352713.000,-13.000,67455.000,-30.000,7200.000,0.000,0.000,0.000,0.000
352723.000,-16.000,67439.000,-30.000,7200.000,0.000,0.000,0.000,0.000
352733.000,-4.000,67435.000,-30.000,7200.000,0.000,0.000,0.000,0.000
352743.000,-16.000,67419.000,-30.000,7200.000,0.000,0.000,0.000,0.000
352753.000,-7.000,67412.000,-30.000,7200.000,0.000,0.000,0.000,0.000
352763.000,-12.000,67400.000,-30.000,7200.000,0.000,0.000,0.000,0.000
352773.000,-1.000,67399.000,-30.000,7200.000,0.000,0.000,0.000,0.000
352783.000,-12.000,67387.000,-30.000,7200.000,0.000,0.000,0.000,0.000
352793.000,-11.000,67376.000,-30.000,7200.000,0.000,0.000,0.000,0.000
352803.000,-9.000,67367.000,-30.000,7200.000,0.000,0.000,0.000,0.000
352813.000,-9.000,67358.000,-30.000,7200.000,0.000,0.000,0.000,0.000
352823.000,-6.000,67352.000,-30.000,7200.000,0.000,0.000,0.000,0.000
352833.000,-13.000,67339.000,-30.000,7200.000,0.000,0.000,0.000,0.000
352843.000,-7.000,67332.000,-30.000,7200.000,0.000,0.000,0.000,0.000
352853.000,-9.000,67323.000,-30.000,7200.000,0.000,0.000,0.000,0.000
352863.000,-6.000,67317.000,-30.000,7200.000,0.000,0.000,0.000,0.000
352873.000,-10.000,67307.000,-30.000,7200.000,0.000,0.000,0.000,0.000
352883.000,-11.000,67296.000,-30.000,7200.000,0.000,0.000,0.000,0.000
352893.000,-9.000,67287.000,-30.000,7200.000,0.000,0.000,0.000,0.000
352903.000,-11.000,67276.000,-30.000,7200.000,0.000,0.000,0.000,0.000
352913.000,-5.000,67271.000,-30.000,7200.000,0.000,0.000,0.000,0.000
352923.000,-7.000,67264.000,-30.000,7200.000,0.000,0.000,0.000,0.000
352933.000,-13.000,67251.000,-30.000,7200.000,0.000,0.000,0.000,0.000
352943.000,-4.000,67247.000,-30.000,7200.000,0.000,0.000,0.000,0.000
352953.000,-12.000,67235.000,-30.000,7200.000,0.000,0.000,0.000,0.000
352963.000,0.000,67235.000,-30.000,7200.000,0.000,0.000,0.000,0.000
352973.000,-11.000,67224.000,-30.000,7200.000,0.000,0.000,0.000,0.000
352983.000,-13.000,67211.000,-30.000,7200.000,0.000,0.000,0.000,0.000
352993.000,-8.000,67203.000,-30.000,7200.000,0.000,0.000,0.000,0.000
353003.000,-12.000,67191.000,-30.000,7200.000,0.000,0.000,0.000,0.000
353013.000,-5.000,67186.000,-30.000,7200.000,0.000,0.000,0.000,0.000
353023.000,-11.000,67175.000,-30.000,7200.000,0.000,0.000,0.000,0.000
353033.000,-11.000,67164.000,-30.000,7200.000,0.000,0.000,0.000,0.000
353043.000,-9.000,67155.000,-30.000,7200.000,0.000,0.000,0.000,0.000
353053.000,-8.000,67147.000,-30.000,7200.000,0.000,0.000,0.000,0.000
353063.000,-8.000,67139.000,-30.000,7200.000,0.000,0.000,0.000,0.000
353073.000,-3.000,67136.000,-30.000,7200.000,0.000,0.000,0.000,0.000
353083.000,-13.000,67123.000,-30.000,7200.000,0.000,0.000,0.000,0.000
353093.000,-12.000,67111.000,-30.000,7200.000,0.000,0.000,0.000,0.000
353103.000,-8.000,67103.000,-30.000,7200.000,0.000,0.000,0.000,0.000
353113.000,-11.000,67092.000,-30.000,7200.000,0.000,0.000,0.000,0.000
353123.000,-4.000,67088.000,-30.000,7200.000,0.000,0.000,0.000,0.000
353133.000,-8.000,67080.000,-30.000,7200.000,0.000,0.000,0.000,0.000
353143.000,-13.000,67067.000,-30.000,7200.000,0.000,0.000,0.000,0.000
353153.000,-8.000,67059.000,-30.000,7200.000,0.000,0.000,0.000,0.000
353163.000,-12.000,67047.000,-30.000,7200.000,0.000,0.000,0.000,0.000
353173.000,-8.000,67039.000,-30.000,7200.000,0.000,0.000,0.000,0.000
353183.000,-7.000,67032.000,-30.000,7200.000,0.000,0.000,0.000,0.000
353193.000,-8.000,67024.000,-30.000,7200.000,0.000,0.000,0.000,0.000
353203.000,-11.000,67013.000,-30.000,7200.000,0.000,0.000,0.000,0.000
353213.000,-10.000,67003.000,-30.000,7200.000,0.000,0.000,0.000,0.000
353223.000,-12.000,66991.000,-30.000,7200.000,0.000,0.000,0.000,0.000
353233.000,-4.000,66987.000,-30.000,7200.000,0.000,0.000,0.000,0.000
353243.000,-12.000,66975.000,-30.000,7200.000,0.000,0.000,0.000,0.000
353253.000,-12.000,66963.000,-30.000,7200.000,0.000,0.000,0.000,0.000
353263.000,-8.000,66955.000,-30.000,7200.000,0.000,0.000,0.000,0.000
353273.000,-8.000,66947.000,-30.000,7200.000,0.000,0.000,0.000,0.000
353283.000,-12.000,66935.000,-30.000,7200.000,0.000,0.000,0.000,0.000
353293.000,-7.000,66928.000,-30.000,7200.000,0.000,0.000,0.000,0.000
353303.000,-8.000,66920.000,-30.000,7200.000,0.000,0.000,0.000,0.000
353313.000,-12.000,66908.000,-30.000,7200.000,0.000,0.000,0.000,0.000
353323.000,-8.000,66900.000,-30.000,7200.000,0.000,0.000,0.000,0.000
353333.000,-12.000,66888.000,-30.000,7200.000,0.000,0.000,0.000,0.000
353343.000,-12.000,66876.000,-30.000,7200.000,0.000,0.000,0.000,0.000
353353.000,-4.000,66872.000,-30.000,7200.000,0.000,0.000,0.000,0.000
353363.000,-12.000,66860.000,-30.000,7200.000,0.000,0.000,0.000,0.000
353373.000,-4.000,66856.000,-30.000,7200.000,0.000,0.000,0.000,0.000
353383.000,-8.000,66848.000,-30.000,7200.000,0.000,0.000,0.000,0.000
353393.000,-12.000,66836.000,-30.000,7200.000,0.000,0.000,0.000,0.000
353403.000,-8.000,66828.000,-30.000,7200.000,0.000,0.000,0.000,0.000
353413.000,-4.000,66824.000,-30.000,7200.000,0.000,0.000,0.000,0.000
353423.000,-8.000,66816.000,-30.000,7200.000,0.000,0.000,0.000,0.000
353433.000,-12.000,66804.000,-30.000,7200.000,0.000,0.000,0.000,0.000
353443.000,-4.000,66800.000,-30.000,7200.000,0.000,0.000,0.000,0.000
353453.000,-8.000,66792.000,-30.000,7200.000,0.000,0.000,0.000,0.000
353463.000,-13.000,66779.000,-30.000,7200.000,0.000,0.000,0.000,0.000
353473.000,0.000,66779.000,-30.000,7200.000,0.000,0.000,0.000,0.000
353483.000,-12.000,66767.000,-30.000,7200.000,0.000,0.000,0.000,0.000
353493.000,-16.000,66751.000,-30.000,7200.000,0.000,0.000,0.000,0.000
353503.000,-8.000,66743.000,-30.000,7200.000,0.000,0.000,0.000,0.000
353513.000,-8.000,66735.000,-30.000,7200.000,0.000,0.000,0.000,0.000
353523.000,-8.000,66727.000,-30.000,7200.000,0.000,0.000,0.000,0.000
353533.000,-6.000,66721.000,-30.000,7200.000,0.000,0.000,0.000,0.000
353543.000,-5.000,66716.000,-30.000,7200.000,0.000,0.000,0.000,0.000
353553.000,-12.000,66704.000,-30.000,7200.000,0.000,0.000,0.000,0.000
353563.000,-9.000,66695.000,-30.000,7200.000,0.000,0.000,0.000,0.000
353573.000,-8.000,66687.000,-30.000,7200.000,0.000,0.000,0.000,0.000
353583.000,-12.000,66675.000,-30.000,7200.000,0.000,0.000,0.000,0.000
353593.000,-4.000,66671.000,-30.000,7200.000,0.000,0.000,0.000,0.000
353603.000,-8.000,66663.000,-30.000,7200.000,0.000,0.000,0.000,0.000
353613.000,-7.000,66656.000,-30.000,7200.000,0.000,0.000,0.000,0.000
353623.000,-8.000,66648.000,-30.000,7200.000,0.000,0.000,0.000,0.000
353633.000,-12.000,66636.000,-30.000,7200.000,0.000,0.000,0.000,0.000
353643.000,-13.000,66623.000,-30.000,7200.000,0.000,0.000,0.000,0.000
353653.000,-8.000,66615.000,-30.000,7200.000,0.000,0.000,0.000,0.000
353663.000,-4.000,66611.000,-30.000,7200.000,0.000,0.000,0.000,0.000
353673.000,-4.000,66607.000,-30.000,7200.000,0.000,0.000,0.000,0.000
353683.000,-3.000,66604.000,-30.000,7200.000,0.000,0.000,0.000,0.000
353693.000,-1.000,66603.000,-30.000,7200.000,0.000,0.000,0.000,0.000
353703.000,-8.000,66595.000,-30.000,7200.000,0.000,0.000,0.000,0.000
353713.000,-8.000,66587.000,-30.000,7200.000,0.000,0.000,0.000,0.000
353723.000,-7.000,66580.000,-30.000,7200.000,0.000,0.000,0.000,0.000
353733.000,-5.000,66575.000,-30.000,7200.000,0.000,0.000,0.000,0.000
353743.000,-8.000,66567.000,-30.000,7200.000,0.000,0.000,0.000,0.000
353753.000,-8.000,66559.000,-30.000,7200.000,0.000,0.000,0.000,0.000
353763.000,-3.000,66556.000,-30.000,7200.000,0.000,0.000,0.000,0.000
353773.000,-9.000,66547.000,-30.000,7200.000,0.000,0.000,0.000,0.000
353783.000,-12.000,66535.000,-30.000,7200.000,0.000,0.000,0.000,0.000
353793.000,-10.000,66525.000,-30.000,7200.000,0.000,0.000,0.000,0.000
353803.000,-5.000,66520.000,-30.000,7200.000,0.000,0.000,0.000,0.000
353813.000,-9.000,66511.000,-30.000,7200.000,0.000,0.000,0.000,0.000
353823.000,-12.000,66499.000,-30.000,7200.000,0.000,0.000,0.000,0.000
353833.000,-7.000,66492.000,-30.000,7200.000,0.000,0.000,0.000,0.000
353843.000,-9.000,66483.000,-30.000,7200.000,0.000,0.000,0.000,0.000
353853.000,-8.000,66475.000,-30.000,7200.000,0.000,0.000,0.000,0.000
353863.000,-6.000,66469.000,-30.000,7200.000,0.000,0.000,0.000,0.000
353873.000,-1.000,66468.000,-30.000,7200.000,0.000,0.000,0.000,0.000
353883.000,-9.000,66459.000,-30.000,7200.000,0.000,0.000,0.000,0.000
353893.000,-12.000,66447.000,-30.000,7200.000,0.000,0.000,0.000,0.000
353903.000,-7.000,66440.000,-30.000,7200.000,0.000,0.000,0.000,0.000
353913.000,-9.000,66431.000,-30.000,7200.000,0.000,0.000,0.000,0.000
353923.000,-12.000,66419.000,-30.000,7200.000,0.000,0.000,0.000,0.000
353933.000,-7.000,66412.000,-30.000,7200.000,0.000,0.000,0.000,0.000
353943.000,-1.000,66411.000,-30.000,7200.000,0.000,0.000,0.000,0.000
353953.000,-8.000,66403.000,-30.000,7200.000,0.000,0.000,0.000,0.000
353963.000,-11.000,66392.000,-30.000,7200.000,0.000,0.000,0.000,0.000
353973.000,-1.000,66391.000,-30.000,7200.000,0.000,0.000,0.000,0.000
353983.000,-4.000,66387.000,-30.000,7200.000,0.000,0.000,0.000,0.000
353993.000,-8.000,66379.000,-30.000,7200.000,0.000,0.000,0.000,0.000
354003.000,-12.000,66367.000,-30.000,7200.000,0.000,0.000,0.000,0.000
354013.000,-3.000,66364.000,-30.000,7200.000,0.000,0.000,0.000,0.000
354023.000,-5.000,66359.000,-30.000,7200.000,0.000,0.000,0.000,0.000
354033.000,-3.000,66356.000,-30.000,7200.000,0.000,0.000,0.000,0.000
354043.000,-5.000,66351.000,-30.000,7200.000,0.000,0.000,0.000,0.000
354053.000,-3.000,66348.000,-30.000,7200.000,0.000,0.000,0.000,0.000
354063.000,-9.000,66339.000,-30.000,7200.000,0.000,0.000,0.000,0.000
354073.000,-3.000,66336.000,-30.000,7200.000,0.000,0.000,0.000,0.000
354083.000,-5.000,66331.000,-30.000,7200.000,0.000,0.000,0.000,0.000
354093.000,-1.000,66330.000,-30.000,7200.000,0.000,0.000,0.000,0.000
354103.000,-2.000,66328.000,-30.000,7200.000,0.000,0.000,0.000,0.000
354113.000,-9.000,66319.000,-30.000,7200.000,0.000,0.000,0.000,0.000
354123.000,-7.000,66312.000,-30.000,7200.000,0.000,0.000,0.000,0.000
354133.000,-5.000,66307.000,-30.000,7200.000,0.000,0.000,0.000,0.000
354143.000,-3.000,66304.000,-30.000,7200.000,0.000,0.000,0.000,0.000
354153.000,-5.000,66299.000,-30.000,7200.000,0.000,0.000,0.000,0.000
354163.000,-6.000,66293.000,-30.000,7200.000,0.000,0.000,0.000,0.000
354173.000,-2.000,66291.000,-30.000,7200.000,0.000,0.000,0.000,0.000
354183.000,-11.000,66280.000,-30.000,7200.000,0.000,0.000,0.000,0.000
354193.000,-13.000,66267.000,-30.000,7200.000,0.000,0.000,0.000,0.000
354203.000,-8.000,66259.000,-30.000,7200.000,0.000,0.000,0.000,0.000
354213.000,0.000,66259.000,-30.000,7200.000,0.000,0.000,0.000,0.000
354223.000,-8.000,66251.000,-30.000,7200.000,0.000,0.000,0.000,0.000
354233.000,-4.000,66247.000,-30.000,7200.000,0.000,0.000,0.000,0.000
354243.000,-4.000,66243.000,-30.000,7200.000,0.000,0.000,0.000,0.000
354253.000,1.000,66244.000,-30.000,7200.000,0.000,0.000,0.000,0.000
354263.000,-5.000,66239.000,-30.000,7200.000,0.000,0.000,0.000,0.000
354273.000,-4.000,66235.000,-30.000,7200.000,0.000,0.000,0.000,0.000
354283.000,-12.000,66223.000,-30.000,7200.000,0.000,0.000,0.000,0.000
354293.000,-8.000,66215.000,-30.000,7200.000,0.000,0.000,0.000,0.000
354303.000,-3.000,66212.000,-30.000,7200.000,0.000,0.000,0.000,0.000
354313.000,-9.000,66203.000,-30.000,7200.000,0.000,0.000,0.000,0.000
354323.000,-6.000,66197.000,-30.000,7200.000,0.000,0.000,0.000,0.000
354333.000,-2.000,66195.000,-30.000,7200.000,0.000,0.000,0.000,0.000
354343.000,-11.000,66184.000,-30.000,7200.000,0.000,0.000,0.000,0.000
354353.000,-9.000,66175.000,-30.000,7200.000,0.000,0.000,0.000,0.000
354363.000,-7.000,66168.000,-30.000,7200.000,0.000,0.000,0.000,0.000
354373.000,-5.000,66163.000,-30.000,7200.000,0.000,0.000,0.000,0.000
354383.000,-7.000,66156.000,-30.000,7200.000,0.000,0.000,0.000,0.000
354393.000,-9.000,66147.000,-30.000,7200.000,0.000,0.000,0.000,0.000
354403.000,-8.000,66139.000,-30.000,7200.000,0.000,0.000,0.000,0.000
354413.000,-1.000,66138.000,-30.000,7200.000,0.000,0.000,0.000,0.000
354423.000,-7.000,66131.000,-30.000,7200.000,0.000,0.000,0.000,0.000
354433.000,-3.000,66128.000,-30.000,7200.000,0.000,0.000,0.000,0.000
354443.000,-9.000,66119.000,-30.000,7200.000,0.000,0.000,0.000,0.000
354453.000,-7.000,66112.000,-30.000,7200.000,0.000,0.000,0.000,0.000
354463.000,-5.000,66107.000,-30.000,7200.000,0.000,0.000,0.000,0.000
354473.000,-7.000,66100.000,-30.000,7200.000,0.000,0.000,0.000,0.000
354483.000,-9.000,66091.000,-30.000,7200.000,0.000,0.000,0.000,0.000
354493.000,1.000,66092.000,-30.000,7200.000,0.000,0.000,0.000,0.000
354503.000,-5.000,66087.000,-30.000,7200.000,0.000,0.000,0.000,0.000
354513.000,-8.000,66079.000,-30.000,7200.000,0.000,0.000,0.000,0.000
354523.000,-7.000,66072.000,-30.000,7200.000,0.000,0.000,0.000,0.000
354533.000,-1.000,66071.000,-30.000,7200.000,0.000,0.000,0.000,0.000
354543.000,1.000,66072.000,-30.000,7200.000,0.000,0.000,0.000,0.000
354553.000,-5.000,66067.000,-30.000,7200.000,0.000,0.000,0.000,0.000
354563.000,-8.000,66059.000,-30.000,7200.000,0.000,0.000,0.000,0.000
354573.000,-3.000,66056.000,-30.000,7200.000,0.000,0.000,0.000,0.000
354583.000,-1.000,66055.000,-30.000,7200.000,0.000,0.000,0.000,0.000
354593.000,-8.000,66047.000,-30.000,7200.000,0.000,0.000,0.000,0.000
354603.000,-7.000,66040.000,-30.000,7200.000,0.000,0.000,0.000,0.000
354613.000,-9.000,66031.000,-30.000,7200.000,0.000,0.000,0.000,0.000
354623.000,-8.000,66023.000,-30.000,7200.000,0.000,0.000,0.000,0.000
354633.000,-7.000,66016.000,-30.000,7200.000,0.000,0.000,0.000,0.000
354643.000,-9.000,66007.000,-30.000,7200.000,0.000,0.000,0.000,0.000
354653.000,-4.000,66003.000,-30.000,7200.000,0.000,0.000,0.000,0.000
354663.000,-6.000,65997.000,-30.000,7200.000,0.000,0.000,0.000,0.000
354673.000,-2.000,65995.000,-30.000,7200.000,0.000,0.000,0.000,0.000
354683.000,-11.000,65984.000,-30.000,7200.000,0.000,0.000,0.000,0.000
354693.000,-8.000,65976.000,-30.000,7200.000,0.000,0.000,0.000,0.000
354703.000,-9.000,65967.000,-30.000,7200.000,0.000,0.000,0.000,0.000
354713.000,-7.000,65960.000,-30.000,7200.000,0.000,0.000,0.000,0.000
354723.000,-1.000,65959.000,-30.000,7200.000,0.000,0.000,0.000,0.000
354733.000,0.000,65959.000,-30.000,7200.000,0.000,0.000,0.000,0.000
354743.000,-7.000,65952.000,-30.000,7200.000,0.000,0.000,0.000,0.000
354753.000,-1.000,65951.000,-30.000,7200.000,0.000,0.000,0.000,0.000
354763.000,-4.000,65947.000,-30.000,7200.000,0.000,0.000,0.000,0.000
354773.000,-3.000,65944.000,-30.000,7200.000,0.000,0.000,0.000,0.000
354783.000,-5.000,65939.000,-30.000,7200.000,0.000,0.000,0.000,0.000
354793.000,-7.000,65932.000,-30.000,7200.000,0.000,0.000,0.000,0.000
354803.000,-5.000,65927.000,-30.000,7200.000,0.000,0.000,0.000,0.000
354813.000,0.000,65927.000,-30.000,7200.000,0.000,0.000,0.000,0.000
354823.000,-3.000,65924.000,-30.000,7200.000,0.000,0.000,0.000,0.000
354833.000,-9.000,65915.000,-30.000,7200.000,0.000,0.000,0.000,0.000
354843.000,-4.000,65911.000,-30.000,7200.000,0.000,0.000,0.000,0.000
354853.000,1.000,65912.000,-30.000,7200.000,0.000,0.000,0.000,0.000
354863.000,-5.000,65907.000,-30.000,7200.000,0.000,0.000,0.000,0.000
354873.000,-4.000,65903.000,-30.000,7200.000,0.000,0.000,0.000,0.000
354883.000,-3.000,65900.000,-30.000,7200.000,0.000,0.000,0.000,0.000
354893.000,-9.000,65891.000,-30.000,7200.000,0.000,0.000,0.000,0.000
354903.000,-4.000,65887.000,-30.000,7200.000,0.000,0.000,0.000,0.000
354913.000,-7.000,65880.000,-30.000,7200.000,0.000,0.000,0.000,0.000
354923.000,-5.000,65875.000,-30.000,7200.000,0.000,0.000,0.000,0.000
354933.000,-4.000,65871.000,-30.000,7200.000,0.000,0.000,0.000,0.000
354943.000,-3.000,65868.000,-30.000,7200.000,0.000,0.000,0.000,0.000
354953.000,-9.000,65859.000,-30.000,7200.000,0.000,0.000,0.000,0.000
354963.000,-8.000,65851.000,-30.000,7200.000,0.000,0.000,0.000,0.000
354973.000,-3.000,65848.000,-30.000,7200.000,0.000,0.000,0.000,0.000
354983.000,-5.000,65843.000,-30.000,7200.000,0.000,0.000,0.000,0.000
354993.000,-8.000,65835.000,-30.000,7200.000,0.000,0.000,0.000,0.000
355003.000,-7.000,65828.000,-30.000,7200.000,0.000,0.000,0.000,0.000
355013.000,-9.000,65819.000,-30.000,7200.000,0.000,0.000,0.000,0.000
355023.000,0.000,65819.000,-30.000,7200.000,0.000,0.000,0.000,0.000
355033.000,-3.000,65816.000,-30.000,7200.000,0.000,0.000,0.000,0.000
355043.000,-9.000,65807.000,-30.000,7200.000,0.000,0.000,0.000,0.000
355053.000,-4.000,65803.000,-30.000,7200.000,0.000,0.000,0.000,0.000
355063.000,-3.000,65800.000,-30.000,7200.000,0.000,0.000,0.000,0.000
355073.000,-9.000,65791.000,-30.000,7200.000,0.000,0.000,0.000,0.000
355083.000,-4.000,65787.000,-30.000,7200.000,0.000,0.000,0.000,0.000
355093.000,-3.000,65784.000,-30.000,7200.000,0.000,0.000,0.000,0.000
355103.000,-9.000,65775.000,-30.000,7200.000,0.000,0.000,0.000,0.000
355113.000,-4.000,65771.000,-30.000,7200.000,0.000,0.000,0.000,0.000
355123.000,-3.000,65768.000,-30.000,7200.000,0.000,0.000,0.000,0.000
355133.000,-5.000,65763.000,-30.000,7200.000,0.000,0.000,0.000,0.000
355143.000,-4.000,65759.000,-30.000,7200.000,0.000,0.000,0.000,0.000
355153.000,-3.000,65756.000,-30.000,7200.000,0.000,0.000,0.000,0.000
355163.000,-1.000,65755.000,-30.000,7200.000,0.000,0.000,0.000,0.000
355173.000,0.000,65755.000,-30.000,7200.000,0.000,0.000,0.000,0.000
355183.000,1.000,65756.000,-30.000,7200.000,0.000,0.000,0.000,0.000
355193.000,-5.000,65751.000,-30.000,7200.000,0.000,0.000,0.000,0.000
355203.000,0.000,65751.000,-30.000,7200.000,0.000,0.000,0.000,0.000
355213.000,-3.000,65748.000,-30.000,7200.000,0.000,0.000,0.000,0.000
355223.000,-5.000,65743.000,-30.000,7200.000,0.000,0.000,0.000,0.000
355233.000,0.000,65743.000,-30.000,7200.000,0.000,0.000,0.000,0.000
355243.000,-3.000,65740.000,-30.000,7200.000,0.000,0.000,0.000,0.000
355253.000,-4.000,65736.000,-30.000,7200.000,0.000,0.000,0.000,0.000
355263.000,-1.000,65735.000,-30.000,7200.000,0.000,0.000,0.000,0.000
355273.000,-4.000,65731.000,-30.000,7200.000,0.000,0.000,0.000,0.000
355283.000,-3.000,65728.000,-30.000,7200.000,0.000,0.000,0.000,0.000
355293.000,-1.000,65727.000,-30.000,7200.000,0.000,0.000,0.000,0.000
355303.000,0.000,65727.000,-30.000,7200.000,0.000,0.000,0.000,0.000
355313.000,-3.000,65724.000,-30.000,7200.000,0.000,0.000,0.000,0.000
355323.000,-5.000,65719.000,-30.000,7200.000,0.000,0.000,0.000,0.000
355333.000,-8.000,65711.000,-30.000,7200.000,0.000,0.000,0.000,0.000
355343.000,1.000,65712.000,-30.000,7200.000,0.000,0.000,0.000,0.000
355353.000,-5.000,65707.000,-30.000,7200.000,0.000,0.000,0.000,0.000
355363.000,-8.000,65699.000,-30.000,7200.000,0.000,0.000,0.000,0.000
355373.000,-7.000,65692.000,-30.000,7200.000,0.000,0.000,0.000,0.000
355383.000,-5.000,65687.000,-30.000,7200.000,0.000,0.000,0.000,0.000
355393.000,-4.000,65683.000,-30.000,7200.000,0.000,0.000,0.000,0.000
355403.000,-3.000,65680.000,-30.000,7200.000,0.000,0.000,0.000,0.000
355413.000,-1.000,65679.000,-30.000,7200.000,0.000,0.000,0.000,0.000
355423.000,-8.000,65671.000,-30.000,7200.000,0.000,0.000,0.000,0.000
355433.000,-7.000,65664.000,-30.000,7200.000,0.000,0.000,0.000,0.000
355443.000,-5.000,65659.000,-30.000,7200.000,0.000,0.000,0.000,0.000
355453.000,-3.000,65656.000,-30.000,7200.000,0.000,0.000,0.000,0.000
355463.000,-5.000,65651.000,-30.000,7200.000,0.000,0.000,0.000,0.000
355473.000,0.000,65651.000,-30.000,7200.000,0.000,0.000,0.000,0.000
355483.000,-4.000,65647.000,-30.000,7200.000,0.000,0.000,0.000,0.000
355493.000,-7.000,65640.000,-30.000,7200.000,0.000,0.000,0.000,0.000
355503.000,-5.000,65635.000,-30.000,7200.000,0.000,0.000,0.000,0.000
355513.000,-8.000,65627.000,-30.000,7200.000,0.000,0.000,0.000,0.000
355523.000,-8.000,65619.000,-30.000,7200.000,0.000,0.000,0.000,0.000
355533.000,-7.000,65612.000,-30.000,7200.000,0.000,0.000,0.000,0.000
355543.000,-9.000,65603.000,-30.000,7200.000,0.000,0.000,0.000,0.000
355553.000,-4.000,65599.000,-30.000,7200.000,0.000,0.000,0.000,0.000
355563.000,-8.000,65591.000,-30.000,7200.000,0.000,0.000,0.000,0.000
355573.000,-2.000,65589.000,-30.000,7200.000,0.000,0.000,0.000,0.000
355583.000,-2.000,65587.000,-30.000,7200.000,0.000,0.000,0.000,0.000
355593.000,-4.000,65583.000,-30.000,7200.000,0.000,0.000,0.000,0.000
355603.000,-3.000,65580.000,-30.000,7200.000,0.000,0.000,0.000,0.000
355613.000,-5.000,65575.000,-30.000,7200.000,0.000,0.000,0.000,0.000
355623.000,-8.000,65567.000,-30.000,7200.000,0.000,0.000,0.000,0.000
355633.000,-4.000,65563.000,-30.000,7200.000,0.000,0.000,0.000,0.000
355643.000,-3.000,65560.000,-30.000,7200.000,0.000,0.000,0.000,0.000
355653.000,-9.000,65551.000,-30.000,7200.000,0.000,0.000,0.000,0.000
355663.000,-4.000,65547.000,-30.000,7200.000,0.000,0.000,0.000,0.000
355673.000,1.000,65548.000,-30.000,7200.000,0.000,0.000,0.000,0.000
355683.000,-9.000,65539.000,-30.000,7200.000,0.000,0.000,0.000,0.000
355693.000,-4.000,65535.000,-30.000,7200.000,0.000,0.000,0.000,0.000
355703.000,-3.000,65532.000,-30.000,7200.000,0.000,0.000,0.000,0.000
355713.000,-5.000,65527.000,-30.000,7200.000,0.000,0.000,0.000,0.000
355723.000,-4.000,65523.000,-30.000,7200.000,0.000,0.000,0.000,0.000
355733.000,-4.000,65519.000,-30.000,7200.000,0.000,0.000,0.000,0.000
355743.000,-4.000,65515.000,-30.000,7200.000,0.000,0.000,0.000,0.000
355753.000,0.000,65515.000,-30.000,7200.000,0.000,0.000,0.000,0.000
355763.000,0.000,65515.000,-30.000,7200.000,0.000,0.000,0.000,0.000
355773.000,1.000,65516.000,-30.000,7200.000,0.000,0.000,0.000,0.000
355783.000,-5.000,65511.000,-30.000,7200.000,0.000,0.000,0.000,0.000
355793.000,0.000,65511.000,-30.000,7200.000,0.000,0.000,0.000,0.000
355803.000,-4.000,65507.000,-30.000,7200.000,0.000,0.000,0.000,0.000
355813.000,-3.000,65504.000,-30.000,7200.000,0.000,0.000,0.000,0.000
355823.000,-5.000,65499.000,-30.000,7200.000,0.000,0.000,0.000,0.000
355833.000,-4.000,65495.000,-30.000,7200.000,0.000,0.000,0.000,0.000
355843.000,-7.000,65488.000,-30.000,7200.000,0.000,0.000,0.000,0.000
355853.000,0.000,65488.000,-30.000,7200.000,0.000,0.000,0.000,0.000
355863.000,-5.000,65483.000,-30.000,7200.000,0.000,0.000,0.000,0.000
355873.000,-8.000,65475.000,-30.000,7200.000,0.000,0.000,0.000,0.000
355883.000,-3.000,65472.000,-30.000,7200.000,0.000,0.000,0.000,0.000
355893.000,-5.000,65467.000,-30.000,7200.000,0.000,0.000,0.000,0.000
355903.000,-8.000,65459.000,-30.000,7200.000,0.000,0.000,0.000,0.000
355913.000,-7.000,65452.000,-30.000,7200.000,0.000,0.000,0.000,0.000
355923.000,-5.000,65447.000,-30.000,7200.000,0.000,0.000,0.000,0.000
355933.000,-8.000,65439.000,-30.000,7200.000,0.000,0.000,0.000,0.000
355943.000,1.000,65440.000,-30.000,7200.000,0.000,0.000,0.000,0.000
355953.000,-5.000,65435.000,-30.000,7200.000,0.000,0.000,0.000,0.000
355963.000,-4.000,65431.000,-30.000,7200.000,0.000,0.000,0.000,0.000
355973.000,-8.000,65423.000,-30.000,7200.000,0.000,0.000,0.000,0.000
355983.000,-3.000,65420.000,-30.000,7200.000,0.000,0.000,0.000,0.000
355993.000,-5.000,65415.000,-30.000,7200.000,0.000,0.000,0.000,0.000
356003.000,-8.000,65407.000,-30.000,7200.000,0.000,0.000,0.000,0.000
356013.000,-3.000,65404.000,-30.000,7200.000,0.000,0.000,0.000,0.000
356023.000,-5.000,65399.000,-30.000,7200.000,0.000,0.000,0.000,0.000
356033.000,0.000,65399.000,-30.000,7200.000,0.000,0.000,0.000,0.000
356043.000,-3.000,65396.000,-30.000,7200.000,0.000,0.000,0.000,0.000
356053.000,-5.000,65391.000,-30.000,7200.000,0.000,0.000,0.000,0.000
356063.000,-4.000,65387.000,-30.000,7200.000,0.000,0.000,0.000,0.000
356073.000,1.000,65388.000,-30.000,7200.000,0.000,0.000,0.000,0.000
356083.000,-1.000,65387.000,-30.000,7200.000,0.000,0.000,0.000,0.000
356093.000,-4.000,65383.000,-30.000,7200.000,0.000,0.000,0.000,0.000
356103.000,0.000,65383.000,-30.000,7200.000,0.000,0.000,0.000,0.000
356113.000,1.000,65384.000,-30.000,7200.000,0.000,0.000,0.000,0.000
356123.000,-1.000,65383.000,-30.000,7200.000,0.000,0.000,0.000,0.000
356133.000,0.000,65383.000,-30.000,7200.000,0.000,0.000,0.000,0.000
356143.000,1.000,65384.000,-30.000,7200.000,0.000,0.000,0.000,0.000
356153.000,-4.000,65380.000,-30.000,7200.000,0.000,0.000,0.000,0.000
356163.000,-1.000,65379.000,-30.000,7200.000,0.000,0.000,0.000,0.000
356173.000,0.000,65379.000,-30.000,7200.000,0.000,0.000,0.000,0.000
356183.000,-3.000,65376.000,-30.000,7200.000,0.000,0.000,0.000,0.000
356193.000,-4.000,65372.000,-30.000,7200.000,0.000,0.000,0.000,0.000
356203.000,-5.000,65367.000,-30.000,7200.000,0.000,0.000,0.000,0.000
356213.000,0.000,65367.000,-30.000,7200.000,0.000,0.000,0.000,0.000
356223.000,-3.000,65364.000,-30.000,7200.000,0.000,0.000,0.000,0.000
356233.000,-1.000,65363.000,-30.000,7200.000,0.000,0.000,0.000,0.000
356243.000,-4.000,65359.000,-30.000,7200.000,0.000,0.000,0.000,0.000
356253.000,1.000,65360.000,-30.000,7200.000,0.000,0.000,0.000,0.000
356263.000,-4.000,65356.000,-30.000,7200.000,0.000,0.000,0.000,0.000
356273.000,-5.000,65351.000,-30.000,7200.000,0.000,0.000,0.000,0.000
356283.000,-4.000,65347.000,-30.000,7200.000,0.000,0.000,0.000,0.000
356293.000,-3.000,65344.000,-30.000,7200.000,0.000,0.000,0.000,0.000
356303.000,-5.000,65339.000,-30.000,7200.000,0.000,0.000,0.000,0.000
356313.000,0.000,65339.000,-30.000,7200.000,0.000,0.000,0.000,0.000
356323.000,-3.000,65336.000,-30.000,7200.000,0.000,0.000,0.000,0.000
356333.000,0.000,65336.000,-30.000,7200.000,0.000,0.000,0.000,0.000
356343.000,-5.000,65331.000,-30.000,7200.000,0.000,0.000,0.000,0.000
356353.000,0.000,65331.000,-30.000,7200.000,0.000,0.000,0.000,0.000
356363.000,1.000,65332.000,-30.000,7200.000,0.000,0.000,0.000,0.000
356373.000,-9.000,65323.000,-30.000,7200.000,0.000,0.000,0.000,0.000
356383.000,0.000,65323.000,-30.000,7200.000,0.000,0.000,0.000,0.000
356393.000,-4.000,65319.000,-30.000,7200.000,0.000,0.000,0.000,0.000
356403.000,-3.000,65316.000,-30.000,7200.000,0.000,0.000,0.000,0.000
356413.000,0.000,65316.000,-30.000,7200.000,0.000,0.000,0.000,0.000
356423.000,-1.000,65315.000,-30.000,7200.000,0.000,0.000,0.000,0.000
356433.000,0.000,65315.000,-30.000,7200.000,0.000,0.000,0.000,0.000
356443.000,-8.000,65307.000,-30.000,7200.000,0.000,0.000,0.000,0.000
356453.000,-3.000,65304.000,-30.000,7200.000,0.000,0.000,0.000,0.000
356463.000,-5.000,65299.000,-30.000,7200.000,0.000,0.000,0.000,0.000
356473.000,-4.000,65295.000,-30.000,7200.000,0.000,0.000,0.000,0.000
356483.000,-8.000,65287.000,-30.000,7200.000,0.000,0.000,0.000,0.000
356493.000,-3.000,65284.000,-30.000,7200.000,0.000,0.000,0.000,0.000
356503.000,-2.000,65282.000,-30.000,7200.000,0.000,0.000,0.000,0.000
356513.000,-3.000,65279.000,-30.000,7200.000,0.000,0.000,0.000,0.000
356523.000,-4.000,65275.000,-30.000,7200.000,0.000,0.000,0.000,0.000
356533.000,1.000,65276.000,-30.000,7200.000,0.000,0.000,0.000,0.000
356543.000,0.000,65276.000,-30.000,7200.000,0.000,0.000,0.000,0.000
356553.000,-1.000,65275.000,-30.000,7200.000,0.000,0.000,0.000,0.000
356563.000,0.000,65275.000,-30.000,7200.000,0.000,0.000,0.000,0.000
356573.000,1.000,65276.000,-30.000,7200.000,0.000,0.000,0.000,0.000
356583.000,-9.000,65267.000,-30.000,7200.000,0.000,0.000,0.000,0.000
356593.000,0.000,65267.000,-30.000,7200.000,0.000,0.000,0.000,0.000
356603.000,-3.000,65264.000,-30.000,7200.000,0.000,0.000,0.000,0.000
356613.000,0.000,65264.000,-30.000,7200.000,0.000,0.000,0.000,0.000
356623.000,-5.000,65259.000,-30.000,7200.000,0.000,0.000,0.000,0.000
356633.000,-4.000,65255.000,-30.000,7200.000,0.000,0.000,0.000,0.000
356643.000,-3.000,65252.000,-30.000,7200.000,0.000,0.000,0.000,0.000
356653.000,-1.000,65251.000,-30.000,7200.000,0.000,0.000,0.000,0.000
356663.000,0.000,65251.000,-30.000,7200.000,0.000,0.000,0.000,0.000
356673.000,-4.000,65247.000,-30.000,7200.000,0.000,0.000,0.000,0.000
356683.000,-8.000,65239.000,-30.000,7200.000,0.000,0.000,0.000,0.000
356693.000,-3.000,65236.000,-30.000,7200.000,0.000,0.000,0.000,0.000
356703.000,-1.000,65235.000,-30.000,7200.000,0.000,0.000,0.000,0.000
356713.000,-4.000,65231.000,-30.000,7200.000,0.000,0.000,0.000,0.000
356723.000,0.000,65231.000,-30.000,7200.000,0.000,0.000,0.000,0.000
356733.000,-3.000,65228.000,-30.000,7200.000,0.000,0.000,0.000,0.000
356743.000,-4.000,65224.000,-30.000,7200.000,0.000,0.000,0.000,0.000
356753.000,-5.000,65219.000,-30.000,7200.000,0.000,0.000,0.000,0.000
356763.000,-4.000,65215.000,-30.000,7200.000,0.000,0.000,0.000,0.000
356773.000,-4.000,65211.000,-30.000,7200.000,0.000,0.000,0.000,0.000
356783.000,1.000,65212.000,-30.000,7200.000,0.000,0.000,0.000,0.000
356793.000,-2.000,65210.000,-30.000,7200.000,0.000,0.000,0.000,0.000
356803.000,-3.000,65207.000,-30.000,7200.000,0.000,0.000,0.000,0.000
356813.000,0.000,65207.000,-30.000,7200.000,0.000,0.000,0.000,0.000
356823.000,-3.000,65204.000,-30.000,7200.000,0.000,0.000,0.000,0.000
356833.000,0.000,65204.000,-30.000,7200.000,0.000,0.000,0.000,0.000
356843.000,-1.000,65203.000,-30.000,7200.000,0.000,0.000,0.000,0.000
356853.000,-4.000,65199.000,-30.000,7200.000,0.000,0.000,0.000,0.000
356863.000,1.000,65200.000,-30.000,7200.000,0.000,0.000,0.000,0.000
356873.000,-4.000,65196.000,-30.000,7200.000,0.000,0.000,0.000,0.000
356883.000,-5.000,65191.000,-30.000,7200.000,0.000,0.000,0.000,0.000
356893.000,0.000,65191.000,-30.000,7200.000,0.000,0.000,0.000,0.000
356903.000,-3.000,65188.000,-30.000,7200.000,0.000,0.000,0.000,0.000
356913.000,-4.000,65184.000,-30.000,7200.000,0.000,0.000,0.000,0.000
356923.000,-5.000,65179.000,-30.000,7200.000,0.000,0.000,0.000,0.000
356933.000,0.000,65179.000,-30.000,7200.000,0.000,0.000,0.000,0.000
356943.000,0.000,65179.000,-30.000,7200.000,0.000,0.000,0.000,0.000
356953.000,-3.000,65176.000,-30.000,7200.000,0.000,0.000,0.000,0.000
356963.000,0.000,65176.000,-30.000,7200.000,0.000,0.000,0.000,0.000
356973.000,-1.000,65175.000,-30.000,7200.000,0.000,0.000,0.000,0.000
356983.000,-4.000,65171.000,-30.000,7200.000,0.000,0.000,0.000,0.000
356993.000,0.000,65171.000,-30.000,7200.000,0.000,0.000,0.000,0.000
357003.000,-3.000,65168.000,-30.000,7200.000,0.000,0.000,0.000,0.000
357013.000,-4.000,65164.000,-30.000,7200.000,0.000,0.000,0.000,0.000
357023.000,-5.000,65159.000,-30.000,7200.000,0.000,0.000,0.000,0.000
357033.000,-4.000,65155.000,-30.000,7200.000,0.000,0.000,0.000,0.000
357043.000,-4.000,65151.000,-30.000,7200.000,0.000,0.000,0.000,0.000
357053.000,1.000,65152.000,-30.000,7200.000,0.000,0.000,0.000,0.000
357063.000,-8.000,65144.000,-30.000,7200.000,0.000,0.000,0.000,0.000
357073.000,-5.000,65139.000,-30.000,7200.000,0.000,0.000,0.000,0.000
357083.000,-8.000,65131.000,-30.000,7200.000,0.000,0.000,0.000,0.000
357093.000,0.000,65131.000,-30.000,7200.000,0.000,0.000,0.000,0.000
357103.000,1.000,65132.000,-30.000,7200.000,0.000,0.000,0.000,0.000
357113.000,0.000,65132.000,-30.000,7200.000,0.000,0.000,0.000,0.000
357123.000,-5.000,65127.000,-30.000,7200.000,0.000,0.000,0.000,0.000
357133.000,0.000,65127.000,-30.000,7200.000,0.000,0.000,0.000,0.000
357143.000,-3.000,65124.000,-30.000,7200.000,0.000,0.000,0.000,0.000
357153.000,-4.000,65120.000,-30.000,7200.000,0.000,0.000,0.000,0.000
357163.000,-9.000,65111.000,-30.000,7200.000,0.000,0.000,0.000,0.000
357173.000,0.000,65111.000,-30.000,7200.000,0.000,0.000,0.000,0.000
357183.000,-8.000,65103.000,-30.000,7200.000,0.000,0.000,0.000,0.000
357193.000,1.000,65104.000,-30.000,7200.000,0.000,0.000,0.000,0.000
357203.000,-5.000,65099.000,-30.000,7200.000,0.000,0.000,0.000,0.000
357213.000,-8.000,65091.000,-30.000,7200.000,0.000,0.000,0.000,0.000
357223.000,0.000,65091.000,-30.000,7200.000,0.000,0.000,0.000,0.000
357233.000,-3.000,65088.000,-30.000,7200.000,0.000,0.000,0.000,0.000
357243.000,-9.000,65079.000,-30.000,7200.000,0.000,0.000,0.000,0.000
357253.000,0.000,65079.000,-30.000,7200.000,0.000,0.000,0.000,0.000
357263.000,-4.000,65075.000,-30.000,7200.000,0.000,0.000,0.000,0.000
357273.000,-3.000,65072.000,-30.000,7200.000,0.000,0.000,0.000,0.000
357283.000,-1.000,65071.000,-30.000,7200.000,0.000,0.000,0.000,0.000
357293.000,0.000,65071.000,-30.000,7200.000,0.000,0.000,0.000,0.000
357303.000,1.000,65072.000,-30.000,7200.000,0.000,0.000,0.000,0.000
357313.000,0.000,65072.000,-30.000,7200.000,0.000,0.000,0.000,0.000
357323.000,-5.000,65067.000,-30.000,7200.000,0.000,0.000,0.000,0.000
357333.000,-8.000,65059.000,-30.000,7200.000,0.000,0.000,0.000,0.000
357343.000,1.000,65060.000,-30.000,7200.000,0.000,0.000,0.000,0.000
357353.000,-9.000,65051.000,-30.000,7200.000,0.000,0.000,0.000,0.000
357363.000,-4.000,65047.000,-30.000,7200.000,0.000,0.000,0.000,0.000
357373.000,0.000,65047.000,-30.000,7200.000,0.000,0.000,0.000,0.000
357383.000,1.000,65048.000,-30.000,7200.000,0.000,0.000,0.000,0.000
357393.000,-1.000,65047.000,-30.000,7200.000,0.000,0.000,0.000,0.000
357403.000,0.000,65047.000,-30.000,7200.000,0.000,0.000,0.000,0.000
357413.000,-3.000,65044.000,-30.000,7200.000,0.000,0.000,0.000,0.000
357423.000,-4.000,65040.000,-30.000,7200.000,0.000,0.000,0.000,0.000
357433.000,-5.000,65035.000,-30.000,7200.000,0.000,0.000,0.000,0.000
357443.000,0.000,65035.000,-30.000,7200.000,0.000,0.000,0.000,0.000
357453.000,-3.000,65032.000,-30.000,7200.000,0.000,0.000,0.000,0.000
357463.000,-5.000,65027.000,-30.000,7200.000,0.000,0.000,0.000,0.000
357473.000,0.000,65027.000,-30.000,7200.000,0.000,0.000,0.000,0.000
357483.000,1.000,65028.000,-30.000,7200.000,0.000,0.000,0.000,0.000
357493.000,-4.000,65024.000,-30.000,7200.000,0.000,0.000,0.000,0.000
357503.000,-5.000,65019.000,-30.000,7200.000,0.000,0.000,0.000,0.000
357513.000,0.000,65019.000,-30.000,7200.000,0.000,0.000,0.000,0.000
357523.000,1.000,65020.000,-30.000,7200.000,0.000,0.000,0.000,0.000
357533.000,-1.000,65019.000,-30.000,7200.000,0.000,0.000,0.000,0.000
357543.000,0.000,65019.000,-30.000,7200.000,0.000,0.000,0.000,0.000
357553.000,0.000,65019.000,-30.000,7200.000,0.000,0.000,0.000,0.000
357563.000,-4.000,65015.000,-30.000,7200.000,0.000,0.000,0.000,0.000
357573.000,1.000,65016.000,-30.000,7200.000,0.000,0.000,0.000,0.000
357583.000,-1.000,65015.000,-30.000,7200.000,0.000,0.000,0.000,0.000
357593.000,0.000,65015.000,-30.000,7200.000,0.000,0.000,0.000,0.000
357603.000,0.000,65015.000,-30.000,7200.000,0.000,0.000,0.000,0.000
357613.000,-7.000,65008.000,-30.000,7200.000,0.000,0.000,0.000,0.000
357623.000,-4.000,65004.000,-30.000,7200.000,0.000,0.000,0.000,0.000
357633.000,-1.000,65003.000,-30.000,7200.000,0.000,0.000,0.000,0.000
357643.000,0.000,65003.000,-30.000,7200.000,0.000,0.000,0.000,0.000
357653.000,-4.000,64999.000,-30.000,7200.000,0.000,0.000,0.000,0.000
357663.000,-3.000,64996.000,-30.000,7200.000,0.000,0.000,0.000,0.000
357673.000,-1.000,64995.000,-30.000,7200.000,0.000,0.000,0.000,0.000
357683.000,0.000,64995.000,-30.000,7200.000,0.000,0.000,0.000,0.000
357693.000,-3.000,64992.000,-30.000,7200.000,0.000,0.000,0.000,0.000
357703.000,0.000,64992.000,-30.000,7200.000,0.000,0.000,0.000,0.000
357713.000,-5.000,64987.000,-30.000,7200.000,0.000,0.000,0.000,0.000
357723.000,0.000,64987.000,-30.000,7200.000,0.000,0.000,0.000,0.000
357733.000,-3.000,64984.000,-30.000,7200.000,0.000,0.000,0.000,0.000
357743.000,0.000,64984.000,-30.000,7200.000,0.000,0.000,0.000,0.000
357753.000,-1.000,64983.000,-30.000,7200.000,0.000,0.000,0.000,0.000
357763.000,0.000,64983.000,-30.000,7200.000,0.000,0.000,0.000,0.000
357773.000,-3.000,64980.000,-30.000,7200.000,0.000,0.000,0.000,0.000
357783.000,-5.000,64975.000,-30.000,7200.000,0.000,0.000,0.000,0.000
357793.000,-4.000,64971.000,-30.000,7200.000,0.000,0.000,0.000,0.000
357803.000,-8.000,64963.000,-30.000,7200.000,0.000,0.000,0.000,0.000
357813.000,-3.000,64960.000,-30.000,7200.000,0.000,0.000,0.000,0.000
357823.000,-5.000,64955.000,-30.000,7200.000,0.000,0.000,0.000,0.000
357833.000,0.000,64955.000,-30.000,7200.000,0.000,0.000,0.000,0.000
357843.000,0.000,64955.000,-30.000,7200.000,0.000,0.000,0.000,0.000
357853.000,-3.000,64952.000,-30.000,7200.000,0.000,0.000,0.000,0.000
357863.000,-1.000,64951.000,-30.000,7200.000,0.000,0.000,0.000,0.000
357873.000,-4.000,64947.000,-30.000,7200.000,0.000,0.000,0.000,0.000
357883.000,-4.000,64943.000,-30.000,7200.000,0.000,0.000,0.000,0.000
357893.000,1.000,64944.000,-30.000,7200.000,0.000,0.000,0.000,0.000
357903.000,-4.000,64940.000,-30.000,7200.000,0.000,0.000,0.000,0.000
357913.000,-1.000,64939.000,-30.000,7200.000,0.000,0.000,0.000,0.000
357923.000,0.000,64939.000,-30.000,7200.000,0.000,0.000,0.000,0.000
357933.000,-3.000,64936.000,-30.000,7200.000,0.000,0.000,0.000,0.000
357943.000,-4.000,64932.000,-30.000,7200.000,0.000,0.000,0.000,0.000
357953.000,-1.000,64931.000,-30.000,7200.000,0.000,0.000,0.000,0.000
357963.000,0.000,64931.000,-30.000,7200.000,0.000,0.000,0.000,0.000
357973.000,0.000,64931.000,-30.000,7200.000,0.000,0.000,0.000,0.000
357983.000,-3.000,64928.000,-30.000,7200.000,0.000,0.000,0.000,0.000
357993.000,-4.000,64924.000,-30.000,7200.000,0.000,0.000,0.000,0.000
358003.000,-5.000,64919.000,-30.000,7200.000,0.000,0.000,0.000,0.000
358013.000,0.000,64919.000,-30.000,7200.000,0.000,0.000,0.000,0.000
358023.000,1.000,64920.000,-30.000,7200.000,0.000,0.000,0.000,0.000
358033.000,0.000,64920.000,-30.000,7200.000,0.000,0.000,0.000,0.000
358043.000,-9.000,64911.000,-30.000,7200.000,0.000,0.000,0.000,0.000
358053.000,0.000,64911.000,-30.000,7200.000,0.000,0.000,0.000,0.000
358063.000,-3.000,64908.000,-30.000,7200.000,0.000,0.000,0.000,0.000
358073.000,-4.000,64904.000,-30.000,7200.000,0.000,0.000,0.000,0.000
358083.000,-1.000,64903.000,-30.000,7200.000,0.000,0.000,0.000,0.000
358093.000,0.000,64903.000,-30.000,7200.000,0.000,0.000,0.000,0.000
358103.000,-4.000,64899.000,-30.000,7200.000,0.000,0.000,0.000,0.000
358113.000,1.000,64900.000,-30.000,7200.000,0.000,0.000,0.000,0.000
358123.000,-1.000,64899.000,-30.000,7200.000,0.000,0.000,0.000,0.000
358133.000,-4.000,64895.000,-30.000,7200.000,0.000,0.000,0.000,0.000
358143.000,-4.000,64891.000,-30.000,7200.000,0.000,0.000,0.000,0.000
358153.000,1.000,64892.000,-30.000,7200.000,0.000,0.000,0.000,0.000
358163.000,-4.000,64888.000,-30.000,7200.000,0.000,0.000,0.000,0.000
358173.000,-1.000,64887.000,-30.000,7200.000,0.000,0.000,0.000,0.000
358183.000,-4.000,64883.000,-30.000,7200.000,0.000,0.000,0.000,0.000
358193.000,0.000,64883.000,-30.000,7200.000,0.000,0.000,0.000,0.000
358203.000,1.000,64884.000,-30.000,7200.000,0.000,0.000,0.000,0.000
358213.000,-4.000,64880.000,-30.000,7200.000,0.000,0.000,0.000,0.000
358223.000,-1.000,64879.000,-30.000,7200.000,0.000,0.000,0.000,0.000
358233.000,0.000,64879.000,-30.000,7200.000,0.000,0.000,0.000,0.000
358243.000,-8.000,64871.000,-30.000,7200.000,0.000,0.000,0.000,0.000
358253.000,-3.000,64868.000,-30.000,7200.000,0.000,0.000,0.000,0.000
358263.000,-5.000,64863.000,-30.000,7200.000,0.000,0.000,0.000,0.000
358273.000,0.000,64863.000,-30.000,7200.000,0.000,0.000,0.000,0.000
358283.000,0.000,64863.000,-30.000,7200.000,0.000,0.000,0.000,0.000
358293.000,1.000,64864.000,-30.000,7200.000,0.000,0.000,0.000,0.000
358303.000,-1.000,64863.000,-30.000,7200.000,0.000,0.000,0.000,0.000
358313.000,-4.000,64859.000,-30.000,7200.000,0.000,0.000,0.000,0.000
358323.000,0.000,64859.000,-30.000,7200.000,0.000,0.000,0.000,0.000
358333.000,-8.000,64851.000,-30.000,7200.000,0.000,0.000,0.000,0.000
358343.000,-3.000,64848.000,-30.000,7200.000,0.000,0.000,0.000,0.000
358353.000,-1.000,64847.000,-30.000,7200.000,0.000,0.000,0.000,0.000
358363.000,0.000,64847.000,-30.000,7200.000,0.000,0.000,0.000,0.000
358373.000,1.000,64848.000,-30.000,7200.000,0.000,0.000,0.000,0.000
358383.000,0.000,64848.000,-30.000,7200.000,0.000,0.000,0.000,0.000
358393.000,-1.000,64847.000,-30.000,7200.000,0.000,0.000,0.000,0.000
358403.000,0.000,64847.000,-30.000,7200.000,0.000,0.000,0.000,0.000
358413.000,1.000,64848.000,-30.000,7200.000,0.000,0.000,0.000,0.000
358423.000,0.000,64848.000,-30.000,7200.000,0.000,0.000,0.000,0.000
358433.000,-9.000,64839.000,-30.000,7200.000,0.000,0.000,0.000,0.000
358443.000,-4.000,64835.000,-30.000,7200.000,0.000,0.000,0.000,0.000
358453.000,0.000,64835.000,-30.000,7200.000,0.000,0.000,0.000,0.000
358463.000,0.000,64835.000,-30.000,7200.000,0.000,0.000,0.000,0.000
358473.000,-3.000,64832.000,-30.000,7200.000,0.000,0.000,0.000,0.000
358483.000,0.000,64832.000,-30.000,7200.000,0.000,0.000,0.000,0.000
358493.000,0.000,64832.000,-30.000,7200.000,0.000,0.000,0.000,0.000
358503.000,-1.000,64831.000,-30.000,7200.000,0.000,0.000,0.000,0.000
358513.000,-4.000,64827.000,-30.000,7200.000,0.000,0.000,0.000,0.000
358523.000,0.000,64827.000,-30.000,7200.000,0.000,0.000,0.000,0.000
358533.000,-3.000,64824.000,-30.000,7200.000,0.000,0.000,0.000,0.000
358543.000,-8.000,64816.000,-30.000,7200.000,0.000,0.000,0.000,0.000
358553.000,-1.000,64815.000,-30.000,7200.000,0.000,0.000,0.000,0.000
358563.000,-4.000,64811.000,-30.000,7200.000,0.000,0.000,0.000,0.000
358573.000,0.000,64811.000,-30.000,7200.000,0.000,0.000,0.000,0.000
358583.000,0.000,64811.000,-30.000,7200.000,0.000,0.000,0.000,0.000
358593.000,-3.000,64808.000,-30.000,7200.000,0.000,0.000,0.000,0.000
358603.000,-5.000,64803.000,-30.000,7200.000,0.000,0.000,0.000,0.000
358613.000,0.000,64803.000,-30.000,7200.000,0.000,0.000,0.000,0.000
358623.000,-4.000,64799.000,-30.000,7200.000,0.000,0.000,0.000,0.000
358633.000,1.000,64800.000,-30.000,7200.000,0.000,0.000,0.000,0.000
358643.000,-3.000,64797.000,-30.000,7200.000,0.000,0.000,0.000,0.000
358653.000,-2.000,64795.000,-30.000,7200.000,0.000,0.000,0.000,0.000
358663.000,0.000,64795.000,-30.000,7200.000,0.000,0.000,0.000,0.000
358673.000,0.000,64795.000,-30.000,7200.000,0.000,0.000,0.000,0.000
358683.000,1.000,64796.000,-30.000,7200.000,0.000,0.000,0.000,0.000
358693.000,-4.000,64792.000,-30.000,7200.000,0.000,0.000,0.000,0.000
358703.000,-1.000,64791.000,-30.000,7200.000,0.000,0.000,0.000,0.000
358713.000,0.000,64791.000,-30.000,7200.000,0.000,0.000,0.000,0.000
358723.000,0.000,64791.000,-30.000,7200.000,0.000,0.000,0.000,0.000
358733.000,-8.000,64783.000,-30.000,7200.000,0.000,0.000,0.000,0.000
358743.000,1.000,64784.000,-30.000,7200.000,0.000,0.000,0.000,0.000
358753.000,0.000,64784.000,-30.000,7200.000,0.000,0.000,0.000,0.000
358763.000,0.000,64784.000,-30.000,7200.000,0.000,0.000,0.000,0.000
358773.000,-1.000,64783.000,-30.000,7200.000,0.000,0.000,0.000,0.000
358783.000,-8.000,64775.000,-30.000,7200.000,0.000,0.000,0.000,0.000
358793.000,-8.000,64767.000,-30.000,7200.000,0.000,0.000,0.000,0.000
358803.000,-4.000,64763.000,-30.000,7200.000,0.000,0.000,0.000,0.000
358813.000,-4.000,64759.000,-30.000,7200.000,0.000,0.000,0.000,0.000
358823.000,1.000,64760.000,-30.000,7200.000,0.000,0.000,0.000,0.000
358833.000,0.000,64760.000,-30.000,7200.000,0.000,0.000,0.000,0.000
358843.000,0.000,64760.000,-30.000,7200.000,0.000,0.000,0.000,0.000
358853.000,-1.000,64759.000,-30.000,7200.000,0.000,0.000,0.000,0.000
358863.000,0.000,64759.000,-30.000,7200.000,0.000,0.000,0.000,0.000
358873.000,0.000,64759.000,-30.000,7200.000,0.000,0.000,0.000,0.000
358883.000,0.000,64759.000,-30.000,7200.000,0.000,0.000,0.000,0.000
358893.000,1.000,64760.000,-30.000,7200.000,0.000,0.000,0.000,0.000
358903.000,-8.000,64752.000,-30.000,7200.000,0.000,0.000,0.000,0.000
358913.000,-2.000,64750.000,-30.000,7200.000,0.000,0.000,0.000,0.000
358923.000,-7.000,64743.000,-30.000,7200.000,0.000,0.000,0.000,0.000
358933.000,0.000,64743.000,-30.000,7200.000,0.000,0.000,0.000,0.000
358943.000,0.000,64743.000,-30.000,7200.000,0.000,0.000,0.000,0.000
358953.000,1.000,64744.000,-30.000,7200.000,0.000,0.000,0.000,0.000
358963.000,0.000,64744.000,-30.000,7200.000,0.000,0.000,0.000,0.000
358973.000,-1.000,64743.000,-30.000,7200.000,0.000,0.000,0.000,0.000
358983.000,0.000,64743.000,-30.000,7200.000,0.000,0.000,0.000,0.000
358993.000,0.000,64743.000,-30.000,7200.000,0.000,0.000,0.000,0.000
359003.000,0.000,64743.000,-30.000,7200.000,0.000,0.000,0.000,0.000
359013.000,0.000,64743.000,-30.000,7200.000,0.000,0.000,0.000,0.000
359023.000,0.000,64743.000,-30.000,7200.000,0.000,0.000,0.000,0.000
359033.000,1.000,64744.000,-30.000,7200.000,0.000,0.000,0.000,0.000
359043.000,-4.000,64740.000,-30.000,7200.000,0.000,0.000,0.000,0.000
359053.000,-5.000,64735.000,-30.000,7200.000,0.000,0.000,0.000,0.000
359063.000,-5.000,64730.000,-30.000,7200.000,0.000,0.000,0.000,0.000
359073.000,-4.000,64726.000,-30.000,7200.000,0.000,0.000,0.000,0.000
359083.000,-3.000,64723.000,-30.000,7200.000,0.000,0.000,0.000,0.000
359093.000,0.000,64723.000,-30.000,7200.000,0.000,0.000,0.000,0.000
359103.000,0.000,64723.000,-30.000,7200.000,0.000,0.000,0.000,0.000
359113.000,-4.000,64719.000,-30.000,7200.000,0.000,0.000,0.000,0.000
359123.000,-3.000,64716.000,-30.000,7200.000,0.000,0.000,0.000,0.000
359133.000,-4.000,64712.000,-30.000,7200.000,0.000,0.000,0.000,0.000
359143.000,0.000,64712.000,-30.000,7200.000,0.000,0.000,0.000,0.000
359153.000,-9.000,64703.000,-30.000,7200.000,0.000,0.000,0.000,0.000
359163.000,0.000,64703.000,-30.000,7200.000,0.000,0.000,0.000,0.000
359173.000,0.000,64703.000,-30.000,7200.000,0.000,0.000,0.000,0.000
359183.000,-4.000,64699.000,-30.000,7200.000,0.000,0.000,0.000,0.000
359193.000,0.000,64699.000,-30.000,7200.000,0.000,0.000,0.000,0.000
359203.000,1.000,64700.000,-30.000,7200.000,0.000,0.000,0.000,0.000
359213.000,0.000,64700.000,-30.000,7200.000,0.000,0.000,0.000,0.000
359223.000,0.000,64700.000,-30.000,7200.000,0.000,0.000,0.000,0.000
359233.000,-5.000,64695.000,-30.000,7200.000,0.000,0.000,0.000,0.000
359243.000,-4.000,64691.000,-30.000,7200.000,0.000,0.000,0.000,0.000
359253.000,-4.000,64687.000,-30.000,7200.000,0.000,0.000,0.000,0.000
359263.000,-4.000,64683.000,-30.000,7200.000,0.000,0.000,0.000,0.000
359273.000,0.000,64683.000,-30.000,7200.000,0.000,0.000,0.000,0.000
359283.000,-3.000,64680.000,-30.000,7200.000,0.000,0.000,0.000,0.000
359293.000,-4.000,64676.000,-30.000,7200.000,0.000,0.000,0.000,0.000
359303.000,-1.000,64675.000,-30.000,7200.000,0.000,0.000,0.000,0.000
359313.000,-4.000,64671.000,-30.000,7200.000,0.000,0.000,0.000,0.000
359323.000,0.000,64671.000,-30.000,7200.000,0.000,0.000,0.000,0.000
359333.000,0.000,64671.000,-30.000,7200.000,0.000,0.000,0.000,0.000
359343.000,1.000,64672.000,-30.000,7200.000,0.000,0.000,0.000,0.000
359353.000,0.000,64672.000,-30.000,7200.000,0.000,0.000,0.000,0.000
359363.000,-8.000,64664.000,-30.000,7200.000,0.000,0.000,0.000,0.000
359373.000,-1.000,64663.000,-30.000,7200.000,0.000,0.000,0.000,0.000
359383.000,-4.000,64659.000,-30.000,7200.000,0.000,0.000,0.000,0.000
359393.000,0.000,64659.000,-30.000,7200.000,0.000,0.000,0.000,0.000
359403.000,0.000,64659.000,-30.000,7200.000,0.000,0.000,0.000,0.000
359413.000,-3.000,64656.000,-30.000,7200.000,0.000,0.000,0.000,0.000
359423.000,0.000,64656.000,-30.000,7200.000,0.000,0.000,0.000,0.000
359433.000,-1.000,64655.000,-30.000,7200.000,0.000,0.000,0.000,0.000
359443.000,-4.000,64651.000,-30.000,7200.000,0.000,0.000,0.000,0.000
359453.000,0.000,64651.000,-30.000,7200.000,0.000,0.000,0.000,0.000
359463.000,-4.000,64647.000,-30.000,7200.000,0.000,0.000,0.000,0.000
359473.000,0.000,64647.000,-30.000,7200.000,0.000,0.000,0.000,0.000
359483.000,-3.000,64644.000,-30.000,7200.000,0.000,0.000,0.000,0.000
359493.000,-1.000,64643.000,-30.000,7200.000,0.000,0.000,0.000,0.000
359503.000,0.000,64643.000,-30.000,7200.000,0.000,0.000,0.000,0.000
359513.000,-8.000,64635.000,-30.000,7200.000,0.000,0.000,0.000,0.000
359523.000,-8.000,64627.000,-30.000,7200.000,0.000,0.000,0.000,0.000
359533.000,-3.000,64624.000,-30.000,7200.000,0.000,0.000,0.000,0.000
359543.000,0.000,64624.000,-30.000,7200.000,0.000,0.000,0.000,0.000
359553.000,-1.000,64623.000,-30.000,7200.000,0.000,0.000,0.000,0.000
359563.000,0.000,64623.000,-30.000,7200.000,0.000,0.000,0.000,0.000
359573.000,-4.000,64619.000,-30.000,7200.000,0.000,0.000,0.000,0.000
359583.000,0.000,64619.000,-30.000,7200.000,0.000,0.000,0.000,0.000
359593.000,1.000,64620.000,-30.000,7200.000,0.000,0.000,0.000,0.000
359603.000,-4.000,64616.000,-30.000,7200.000,0.000,0.000,0.000,0.000
359613.000,-1.000,64615.000,-30.000,7200.000,0.000,0.000,0.000,0.000
359623.000,-4.000,64611.000,-30.000,7200.000,0.000,0.000,0.000,0.000
359633.000,-8.000,64603.000,-30.000,7200.000,0.000,0.000,0.000,0.000
359643.000,1.000,64604.000,-30.000,7200.000,0.000,0.000,0.000,0.000
359653.000,0.000,64604.000,-30.000,7200.000,0.000,0.000,0.000,0.000
359663.000,-5.000,64599.000,-30.000,7200.000,0.000,0.000,0.000,0.000
359673.000,-4.000,64595.000,-30.000,7200.000,0.000,0.000,0.000,0.000
359683.000,-4.000,64591.000,-30.000,7200.000,0.000,0.000,0.000,0.000
359693.000,0.000,64591.000,-30.000,7200.000,0.000,0.000,0.000,0.000
359703.000,1.000,64592.000,-30.000,7200.000,0.000,0.000,0.000,0.000
359713.000,0.000,64592.000,-30.000,7200.000,0.000,0.000,0.000,0.000
359723.000,-1.000,64591.000,-30.000,7200.000,0.000,0.000,0.000,0.000
359733.000,0.000,64591.000,-30.000,7200.000,0.000,0.000,0.000,0.000
359743.000,0.000,64591.000,-30.000,7200.000,0.000,0.000,0.000,0.000
359753.000,1.000,64592.000,-30.000,7200.000,0.000,0.000,0.000,0.000
359763.000,0.000,64592.000,-30.000,7200.000,0.000,0.000,0.000,0.000
359773.000,-1.000,64591.000,-30.000,7200.000,0.000,0.000,0.000,0.000
359783.000,0.000,64591.000,-30.000,7200.000,0.000,0.000,0.000,0.000
359793.000,0.000,64591.000,-30.000,7200.000,0.000,0.000,0.000,0.000
359803.000,1.000,64592.000,-30.000,7200.000,0.000,0.000,0.000,0.000
359813.000,-4.000,64588.000,-30.000,7200.000,0.000,0.000,0.000,0.000
359823.000,-5.000,64583.000,-30.000,7200.000,0.000,0.000,0.000,0.000
359833.000,-4.000,64579.000,-30.000,7200.000,0.000,0.000,0.000,0.000
359843.000,-4.000,64575.000,-30.000,7200.000,0.000,0.000,0.000,0.000
359853.000,-7.000,64568.000,-30.000,7200.000,0.000,0.000,0.000,0.000
359863.000,-4.000,64564.000,-30.000,7200.000,0.000,0.000,0.000,0.000
359873.000,-5.000,64559.000,-30.000,7200.000,0.000,0.000,0.000,0.000
359883.000,-4.000,64555.000,-30.000,7200.000,0.000,0.000,0.000,0.000
359893.000,0.000,64555.000,-30.000,7200.000,0.000,0.000,0.000,0.000
359903.000,1.000,64556.000,-30.000,7200.000,0.000,0.000,0.000,0.000
359913.000,0.000,64556.000,-30.000,7200.000,0.000,0.000,0.000,0.000
359923.000,0.000,64556.000,-30.000,7200.000,0.000,0.000,0.000,0.000
359933.000,-1.000,64555.000,-30.000,7200.000,0.000,0.000,0.000,0.000
359943.000,0.000,64555.000,-30.000,7200.000,0.000,0.000,0.000,0.000
359953.000,-4.000,64551.000,-30.000,7200.000,0.000,0.000,0.000,0.000
359963.000,-4.000,64547.000,-30.000,7200.000,0.000,0.000,0.000,0.000
359973.000,0.000,64547.000,-30.000,7200.000,0.000,0.000,0.000,0.000
359983.000,-3.000,64544.000,-30.000,7200.000,0.000,0.000,0.000,0.000
359993.000,0.000,64544.000,-30.000,7200.000,0.000,0.000,0.000,0.000
360003.000,0.000,64544.000,-30.000,7200.000,0.000,0.000,0.000,0.000
360013.000,-1.000,64543.000,-30.000,7200.000,0.000,0.000,0.000,0.000
360023.000,0.000,64543.000,-30.000,7200.000,0.000,0.000,0.000,0.000
360033.000,-4.000,64539.000,-30.000,7200.000,0.000,0.000,0.000,0.000
360043.000,0.000,64539.000,-30.000,7200.000,0.000,0.000,0.000,0.000
360053.000,0.000,64539.000,-30.000,7200.000,0.000,0.000,0.000,0.000
360063.000,1.000,64540.000,-30.000,7200.000,0.000,0.000,0.000,0.000
360073.000,0.000,64540.000,-30.000,7200.000,0.000,0.000,0.000,0.000
360083.000,-1.000,64539.000,-30.000,7200.000,0.000,0.000,0.000,0.000
360093.000,0.000,64539.000,-30.000,7200.000,0.000,0.000,0.000,0.000
360103.000,0.000,64539.000,-30.000,7200.000,0.000,0.000,0.000,0.000
360113.000,0.000,64539.000,-30.000,7200.000,0.000,0.000,0.000,0.000
360123.000,-4.000,64535.000,-30.000,7200.000,0.000,0.000,0.000,0.000
360133.000,-7.000,64528.000,-30.000,7200.000,0.000,0.000,0.000,0.000
360143.000,0.000,64528.000,-30.000,7200.000,0.000,0.000,0.000,0.000
360153.000,-1.000,64527.000,-30.000,7200.000,0.000,0.000,0.000,0.000
360163.000,0.000,64527.000,-30.000,7200.000,0.000,0.000,0.000,0.000
360173.000,0.000,64527.000,-30.000,7200.000,0.000,0.000,0.000,0.000
360183.000,-4.000,64523.000,-30.000,7200.000,0.000,0.000,0.000,0.000
360193.000,-4.000,64519.000,-30.000,7200.000,0.000,0.000,0.000,0.000
360203.000,1.000,64520.000,-30.000,7200.000,0.000,0.000,0.000,0.000
360213.000,0.000,64520.000,-30.000,7200.000,0.000,0.000,0.000,0.000
360223.000,-1.000,64519.000,-30.000,7200.000,0.000,0.000,0.000,0.000
360233.000,0.000,64519.000,-30.000,7200.000,0.000,0.000,0.000,0.000
360243.000,0.000,64519.000,-30.000,7200.000,0.000,0.000,0.000,0.000
360253.000,0.000,64519.000,-30.000,7200.000,0.000,0.000,0.000,0.000
360263.000,0.000,64519.000,-30.000,7200.000,0.000,0.000,0.000,0.000
360273.000,1.000,64520.000,-30.000,7200.000,0.000,0.000,0.000,0.000
360283.000,-8.000,64512.000,-30.000,7200.000,0.000,0.000,0.000,0.000
360293.000,-4.000,64508.000,-30.000,7200.000,0.000,0.000,0.000,0.000
360303.000,0.000,64508.000,-30.000,7200.000,0.000,0.000,0.000,0.000
360313.000,0.000,64508.000,-30.000,7200.000,0.000,0.000,0.000,0.000
360323.000,-3.000,64505.000,-30.000,7200.000,0.000,0.000,0.000,0.000
360333.000,-6.000,64499.000,-30.000,7200.000,0.000,0.000,0.000,0.000
360343.000,-4.000,64495.000,-30.000,7200.000,0.000,0.000,0.000,0.000
360353.000,0.000,64495.000,-30.000,7200.000,0.000,0.000,0.000,0.000
360363.000,0.000,64495.000,-30.000,7200.000,0.000,0.000,0.000,0.000
360373.000,0.000,64495.000,-30.000,7200.000,0.000,0.000,0.000,0.000
360383.000,0.000,64495.000,-30.000,7200.000,0.000,0.000,0.000,0.000
360393.000,-4.000,64491.000,-30.000,7200.000,0.000,0.000,0.000,0.000
360403.000,0.000,64491.000,-30.000,7200.000,0.000,0.000,0.000,0.000
360413.000,-4.000,64487.000,-30.000,7200.000,0.000,0.000,0.000,0.000
360423.000,0.000,64487.000,-30.000,7200.000,0.000,0.000,0.000,0.000
360433.000,1.000,64488.000,-30.000,7200.000,0.000,0.000,0.000,0.000
360443.000,0.000,64488.000,-30.000,7200.000,0.000,0.000,0.000,0.000
360453.000,0.000,64488.000,-30.000,7200.000,0.000,0.000,0.000,0.000
360463.000,0.000,64488.000,-30.000,7200.000,0.000,0.000,0.000,0.000
360473.000,-4.000,64484.000,-30.000,7200.000,0.000,0.000,0.000,0.000
360483.000,-4.000,64480.000,-30.000,7200.000,0.000,0.000,0.000,0.000
360493.000,-1.000,64479.000,-30.000,7200.000,0.000,0.000,0.000,0.000
360503.000,0.000,64479.000,-30.000,7200.000,0.000,0.000,0.000,0.000
360513.000,0.000,64479.000,-30.000,7200.000,0.000,0.000,0.000,0.000
360523.000,0.000,64479.000,-30.000,7200.000,0.000,0.000,0.000,0.000
360533.000,0.000,64479.000,-30.000,7200.000,0.000,0.000,0.000,0.000
360543.000,0.000,64479.000,-30.000,7200.000,0.000,0.000,0.000,0.000
360553.000,0.000,64479.000,-30.000,7200.000,0.000,0.000,0.000,0.000
360563.000,0.000,64479.000,-30.000,7200.000,0.000,0.000,0.000,0.000
360573.000,0.000,64479.000,-30.000,7200.000,0.000,0.000,0.000,0.000
360583.000,0.000,64479.000,-30.000,7200.000,0.000,0.000,0.000,0.000
360593.000,0.000,64479.000,-30.000,7200.000,0.000,0.000,0.000,0.000
360603.000,0.000,64479.000,-30.000,7200.000,0.000,0.000,0.000,0.000
360613.000,-4.000,64475.000,-30.000,7200.000,0.000,0.000,0.000,0.000
360623.000,0.000,64475.000,-30.000,7200.000,0.000,0.000,0.000,0.000
360633.000,0.000,64475.000,-30.000,7200.000,0.000,0.000,0.000,0.000
360643.000,-4.000,64471.000,-30.000,7200.000,0.000,0.000,0.000,0.000
360653.000,-4.000,64467.000,-30.000,7200.000,0.000,0.000,0.000,0.000
360663.000,0.000,64467.000,-30.000,7200.000,0.000,0.000,0.000,0.000
360673.000,1.000,64468.000,-30.000,7200.000,0.000,0.000,0.000,0.000
360683.000,0.000,64468.000,-30.000,7200.000,0.000,0.000,0.000,0.000
360693.000,-4.000,64464.000,-30.000,7200.000,0.000,0.000,0.000,0.000
360703.000,0.000,64464.000,-30.000,7200.000,0.000,0.000,0.000,0.000
360713.000,0.000,64464.000,-30.000,7200.000,0.000,0.000,0.000,0.000
360723.000,0.000,64464.000,-30.000,7200.000,0.000,0.000,0.000,0.000
360733.000,-4.000,64460.000,-30.000,7200.000,0.000,0.000,0.000,0.000
360743.000,0.000,64460.000,-30.000,7200.000,0.000,0.000,0.000,0.000
360753.000,0.000,64460.000,-30.000,7200.000,0.000,0.000,0.000,0.000
360763.000,-1.000,64459.000,-30.000,7200.000,0.000,0.000,0.000,0.000
360773.000,-4.000,64455.000,-30.000,7200.000,0.000,0.000,0.000,0.000
360783.000,0.000,64455.000,-30.000,7200.000,0.000,0.000,0.000,0.000
360793.000,0.000,64455.000,-30.000,7200.000,0.000,0.000,0.000,0.000
360803.000,0.000,64455.000,-30.000,7200.000,0.000,0.000,0.000,0.000
360813.000,0.000,64455.000,-30.000,7200.000,0.000,0.000,0.000,0.000
360823.000,0.000,64455.000,-30.000,7200.000,0.000,0.000,0.000,0.000
360833.000,0.000,64455.000,-30.000,7200.000,0.000,0.000,0.000,0.000
360843.000,0.000,64455.000,-30.000,7200.000,0.000,0.000,0.000,0.000
360853.000,0.000,64455.000,-30.000,7200.000,0.000,0.000,0.000,0.000
360863.000,-8.000,64447.000,-30.000,7200.000,0.000,0.000,0.000,0.000
360873.000,-4.000,64443.000,-30.000,7200.000,0.000,0.000,0.000,0.000
360883.000,0.000,64443.000,-30.000,7200.000,0.000,0.000,0.000,0.000
360893.000,0.000,64443.000,-30.000,7200.000,0.000,0.000,0.000,0.000
360903.000,0.000,64443.000,-30.000,7200.000,0.000,0.000,0.000,0.000
360913.000,0.000,64443.000,-30.000,7200.000,0.000,0.000,0.000,0.000
360923.000,0.000,64443.000,-30.000,7200.000,0.000,0.000,0.000,0.000
360933.000,-4.000,64439.000,-30.000,7200.000,0.000,0.000,0.000,0.000
360943.000,-4.000,64435.000,-30.000,7200.000,0.000,0.000,0.000,0.000
360953.000,0.000,64435.000,-30.000,7200.000,0.000,0.000,0.000,0.000
360963.000,-4.000,64431.000,-30.000,7200.000,0.000,0.000,0.000,0.000
360973.000,0.000,64431.000,-30.000,7200.000,0.000,0.000,0.000,0.000
360983.000,0.000,64431.000,-30.000,7200.000,0.000,0.000,0.000,0.000
360993.000,0.000,64431.000,-30.000,7200.000,0.000,0.000,0.000,0.000
361003.000,-4.000,64427.000,-30.000,7200.000,0.000,0.000,0.000,0.000
361013.000,1.000,64428.000,-30.000,7200.000,0.000,0.000,0.000,0.000
361023.000,0.000,64428.000,-30.000,7200.000,0.000,0.000,0.000,0.000
361033.000,0.000,64428.000,-30.000,7200.000,0.000,0.000,0.000,0.000
361043.000,-4.000,64424.000,-30.000,7200.000,0.000,0.000,0.000,0.000
361053.000,0.000,64424.000,-30.000,7200.000,0.000,0.000,0.000,0.000
361063.000,-4.000,64420.000,-30.000,7200.000,0.000,0.000,0.000,0.000
361073.000,0.000,64420.000,-30.000,7200.000,0.000,0.000,0.000,0.000
361083.000,0.000,64420.000,-30.000,7200.000,0.000,0.000,0.000,0.000
361093.000,0.000,64420.000,-30.000,7200.000,0.000,0.000,0.000,0.000
361103.000,0.000,64420.000,-30.000,7200.000,0.000,0.000,0.000,0.000
361113.000,-1.000,64419.000,-30.000,7200.000,0.000,0.000,0.000,0.000
361123.000,0.000,64419.000,-30.000,7200.000,0.000,0.000,0.000,0.000
361133.000,0.000,64419.000,-30.000,7200.000,0.000,0.000,0.000,0.000
361143.000,0.000,64419.000,-30.000,7200.000,0.000,0.000,0.000,0.000
361153.000,0.000,64419.000,-30.000,7200.000,0.000,0.000,0.000,0.000
361163.000,-4.000,64415.000,-30.000,7200.000,0.000,0.000,0.000,0.000
361173.000,0.000,64415.000,-30.000,7200.000,0.000,0.000,0.000,0.000
361183.000,-4.000,64411.000,-30.000,7200.000,0.000,0.000,0.000,0.000
361193.000,0.000,64411.000,-30.000,7200.000,0.000,0.000,0.000,0.000
361203.000,0.000,64411.000,-30.000,7200.000,0.000,0.000,0.000,0.000
361213.000,-4.000,64407.000,-30.000,7200.000,0.000,0.000,0.000,0.000
361223.000,0.000,64407.000,-30.000,7200.000,0.000,0.000,0.000,0.000
361233.000,0.000,64407.000,-30.000,7200.000,0.000,0.000,0.000,0.000
361243.000,0.000,64407.000,-30.000,7200.000,0.000,0.000,0.000,0.000
361253.000,1.000,64408.000,-30.000,7200.000,0.000,0.000,0.000,0.000
361263.000,0.000,64408.000,-30.000,7200.000,0.000,0.000,0.000,0.000
361273.000,-4.000,64404.000,-30.000,7200.000,0.000,0.000,0.000,0.000
361283.000,0.000,64404.000,-30.000,7200.000,0.000,0.000,0.000,0.000
361293.000,0.000,64404.000,-30.000,7200.000,0.000,0.000,0.000,0.000
361303.000,-4.000,64400.000,-30.000,7200.000,0.000,0.000,0.000,0.000
361313.000,-1.000,64399.000,-30.000,7200.000,0.000,0.000,0.000,0.000
361323.000,0.000,64399.000,-30.000,7200.000,0.000,0.000,0.000,0.000
361333.000,0.000,64399.000,-30.000,7200.000,0.000,0.000,0.000,0.000
361343.000,0.000,64399.000,-30.000,7200.000,0.000,0.000,0.000,0.000
361353.000,0.000,64399.000,-30.000,7200.000,0.000,0.000,0.000,0.000
361363.000,-4.000,64395.000,-30.000,7200.000,0.000,0.000,0.000,0.000
361373.000,-4.000,64391.000,-30.000,7200.000,0.000,0.000,0.000,0.000
361383.000,0.000,64391.000,-30.000,7200.000,0.000,0.000,0.000,0.000
361393.000,0.000,64391.000,-30.000,7200.000,0.000,0.000,0.000,0.000
361403.000,-4.000,64387.000,-30.000,7200.000,0.000,0.000,0.000,0.000
361413.000,-3.000,64384.000,-30.000,7200.000,0.000,0.000,0.000,0.000
361423.000,0.000,64384.000,-30.000,7200.000,0.000,0.000,0.000,0.000
361433.000,0.000,64384.000,-30.000,7200.000,0.000,0.000,0.000,0.000
361443.000,0.000,64384.000,-30.000,7200.000,0.000,0.000,0.000,0.000
361453.000,-5.000,64379.000,-30.000,7200.000,0.000,0.000,0.000,0.000
361463.000,0.000,64379.000,-30.000,7200.000,0.000,0.000,0.000,0.000
361473.000,0.000,64379.000,-30.000,7200.000,0.000,0.000,0.000,0.000
361483.000,0.000,64379.000,-30.000,7200.000,0.000,0.000,0.000,0.000
361493.000,0.000,64379.000,-30.000,7200.000,0.000,0.000,0.000,0.000
361503.000,0.000,64379.000,-30.000,7200.000,0.000,0.000,0.000,0.000
361513.000,1.000,64380.000,-30.000,7200.000,0.000,0.000,0.000,0.000
361523.000,-4.000,64376.000,-30.000,7200.000,0.000,0.000,0.000,0.000
361533.000,0.000,64376.000,-30.000,7200.000,0.000,0.000,0.000,0.000
361543.000,-1.000,64375.000,-30.000,7200.000,0.000,0.000,0.000,0.000
361553.000,0.000,64375.000,-30.000,7200.000,0.000,0.000,0.000,0.000
361563.000,0.000,64375.000,-30.000,7200.000,0.000,0.000,0.000,0.000
361573.000,0.000,64375.000,-30.000,7200.000,0.000,0.000,0.000,0.000
361583.000,0.000,64375.000,-30.000,7200.000,0.000,0.000,0.000,0.000
361593.000,1.000,64376.000,-30.000,7200.000,0.000,0.000,0.000,0.000
361603.000,0.000,64376.000,-30.000,7200.000,0.000,0.000,0.000,0.000
361613.000,0.000,64376.000,-30.000,7200.000,0.000,0.000,0.000,0.000
361623.000,0.000,64376.000,-30.000,7200.000,0.000,0.000,0.000,0.000
361633.000,-5.000,64371.000,-30.000,7200.000,0.000,0.000,0.000,0.000
361643.000,-4.000,64367.000,-30.000,7200.000,0.000,0.000,0.000,0.000
361653.000,0.000,64367.000,-30.000,7200.000,0.000,0.000,0.000,0.000
361663.000,0.000,64367.000,-30.000,7200.000,0.000,0.000,0.000,0.000
361673.000,1.000,64368.000,-30.000,7200.000,0.000,0.000,0.000,0.000
361683.000,0.000,64368.000,-30.000,7200.000,0.000,0.000,0.000,0.000
361693.000,-4.000,64364.000,-30.000,7200.000,0.000,0.000,0.000,0.000
361703.000,-5.000,64359.000,-30.000,7200.000,0.000,0.000,0.000,0.000
361713.000,0.000,64359.000,-30.000,7200.000,0.000,0.000,0.000,0.000
361723.000,0.000,64359.000,-30.000,7200.000,0.000,0.000,0.000,0.000
361733.000,0.000,64359.000,-30.000,7200.000,0.000,0.000,0.000,0.000
361743.000,0.000,64359.000,-30.000,7200.000,0.000,0.000,0.000,0.000
361753.000,1.000,64360.000,-30.000,7200.000,0.000,0.000,0.000,0.000
361763.000,0.000,64360.000,-30.000,7200.000,0.000,0.000,0.000,0.000
361773.000,0.000,64360.000,-30.000,7200.000,0.000,0.000,0.000,0.000
361783.000,-3.000,64357.000,-30.000,7200.000,0.000,0.000,0.000,0.000
361793.000,-4.000,64353.000,-30.000,7200.000,0.000,0.000,0.000,0.000
361803.000,-2.000,64351.000,-30.000,7200.000,0.000,0.000,0.000,0.000
361813.000,0.000,64351.000,-30.000,7200.000,0.000,0.000,0.000,0.000
361823.000,-4.000,64347.000,-30.000,7200.000,0.000,0.000,0.000,0.000
361833.000,0.000,64347.000,-30.000,7200.000,0.000,0.000,0.000,0.000
361843.000,-4.000,64343.000,-30.000,7200.000,0.000,0.000,0.000,0.000
361853.000,0.000,64343.000,-30.000,7200.000,0.000,0.000,0.000,0.000
361863.000,0.000,64343.000,-30.000,7200.000,0.000,0.000,0.000,0.000
361873.000,1.000,64344.000,-30.000,7200.000,0.000,0.000,0.000,0.000
361883.000,0.000,64344.000,-30.000,7200.000,0.000,0.000,0.000,0.000
361893.000,0.000,64344.000,-30.000,7200.000,0.000,0.000,0.000,0.000
361903.000,0.000,64344.000,-30.000,7200.000,0.000,0.000,0.000,0.000
361913.000,-1.000,64343.000,-30.000,7200.000,0.000,0.000,0.000,0.000
361923.000,0.000,64343.000,-30.000,7200.000,0.000,0.000,0.000,0.000
361933.000,0.000,64343.000,-30.000,7200.000,0.000,0.000,0.000,0.000
361943.000,0.000,64343.000,-30.000,7200.000,0.000,0.000,0.000,0.000
361953.000,0.000,64343.000,-30.000,7200.000,0.000,0.000,0.000,0.000
361963.000,-4.000,64339.000,-30.000,7200.000,0.000,0.000,0.000,0.000
361973.000,-3.000,64336.000,-30.000,7200.000,0.000,0.000,0.000,0.000
361983.000,0.000,64336.000,-30.000,7200.000,0.000,0.000,0.000,0.000
361993.000,0.000,64336.000,-30.000,7200.000,0.000,0.000,0.000,0.000
362003.000,-1.000,64335.000,-30.000,7200.000,0.000,0.000,0.000,0.000
362013.000,0.000,64335.000,-30.000,7200.000,0.000,0.000,0.000,0.000
362023.000,0.000,64335.000,-30.000,7200.000,0.000,0.000,0.000,0.000
362033.000,0.000,64335.000,-30.000,7200.000,0.000,0.000,0.000,0.000
362043.000,0.000,64335.000,-30.000,7200.000,0.000,0.000,0.000,0.000
362053.000,0.000,64335.000,-30.000,7200.000,0.000,0.000,0.000,0.000
362063.000,0.000,64335.000,-30.000,7200.000,0.000,0.000,0.000,0.000
362073.000,1.000,64336.000,-30.000,7200.000,0.000,0.000,0.000,0.000
362083.000,-4.000,64332.000,-30.000,7200.000,0.000,0.000,0.000,0.000
362093.000,0.000,64332.000,-30.000,7200.000,0.000,0.000,0.000,0.000
362103.000,-4.000,64328.000,-30.000,7200.000,0.000,0.000,0.000,0.000
362113.000,0.000,64328.000,-30.000,7200.000,0.000,0.000,0.000,0.000
362123.000,0.000,64328.000,-30.000,7200.000,0.000,0.000,0.000,0.000
362133.000,-1.000,64327.000,-30.000,7200.000,0.000,0.000,0.000,0.000
362143.000,-4.000,64323.000,-30.000,7200.000,0.000,0.000,0.000,0.000
362153.000,0.000,64323.000,-30.000,7200.000,0.000,0.000,0.000,0.000
362163.000,0.000,64323.000,-30.000,7200.000,0.000,0.000,0.000,0.000
362173.000,-8.000,64315.000,-30.000,7200.000,0.000,0.000,0.000,0.000
362183.000,-4.000,64311.000,-30.000,7200.000,0.000,0.000,0.000,0.000
362193.000,0.000,64311.000,-30.000,7200.000,0.000,0.000,0.000,0.000
362203.000,0.000,64311.000,-30.000,7200.000,0.000,0.000,0.000,0.000
362213.000,0.000,64311.000,-30.000,7200.000,0.000,0.000,0.000,0.000
362223.000,1.000,64312.000,-30.000,7200.000,0.000,0.000,0.000,0.000
362233.000,0.000,64312.000,-30.000,7200.000,0.000,0.000,0.000,0.000
362243.000,-4.000,64308.000,-30.000,7200.000,0.000,0.000,0.000,0.000
362253.000,-1.000,64307.000,-30.000,7200.000,0.000,0.000,0.000,0.000
362263.000,0.000,64307.000,-30.000,7200.000,0.000,0.000,0.000,0.000
362273.000,0.000,64307.000,-30.000,7200.000,0.000,0.000,0.000,0.000
362283.000,0.000,64307.000,-30.000,7200.000,0.000,0.000,0.000,0.000
362293.000,0.000,64307.000,-30.000,7200.000,0.000,0.000,0.000,0.000
362303.000,0.000,64307.000,-30.000,7200.000,0.000,0.000,0.000,0.000
362313.000,0.000,64307.000,-30.000,7200.000,0.000,0.000,0.000,0.000
362323.000,-4.000,64303.000,-30.000,7200.000,0.000,0.000,0.000,0.000
362333.000,1.000,64304.000,-30.000,7200.000,0.000,0.000,0.000,0.000
362343.000,0.000,64304.000,-30.000,7200.000,0.000,0.000,0.000,0.000
362353.000,0.000,64304.000,-30.000,7200.000,0.000,0.000,0.000,0.000
362363.000,0.000,64304.000,-30.000,7200.000,0.000,0.000,0.000,0.000
362373.000,-1.000,64303.000,-30.000,7200.000,0.000,0.000,0.000,0.000
362383.000,0.000,64303.000,-30.000,7200.000,0.000,0.000,0.000,0.000
362393.000,0.000,64303.000,-30.000,7200.000,0.000,0.000,0.000,0.000
362403.000,0.000,64303.000,-30.000,7200.000,0.000,0.000,0.000,0.000
362413.000,0.000,64303.000,-30.000,7200.000,0.000,0.000,0.000,0.000
362423.000,-4.000,64299.000,-30.000,7200.000,0.000,0.000,0.000,0.000
362433.000,0.000,64299.000,-30.000,7200.000,0.000,0.000,0.000,0.000
362443.000,0.000,64299.000,-30.000,7200.000,0.000,0.000,0.000,0.000
362453.000,0.000,64299.000,-30.000,7200.000,0.000,0.000,0.000,0.000
362463.000,-4.000,64295.000,-30.000,7200.000,0.000,0.000,0.000,0.000
362473.000,0.000,64295.000,-30.000,7200.000,0.000,0.000,0.000,0.000
362483.000,-4.000,64291.000,-30.000,7200.000,0.000,0.000,0.000,0.000
362493.000,0.000,64291.000,-30.000,7200.000,0.000,0.000,0.000,0.000
362503.000,-4.000,64287.000,-30.000,7200.000,0.000,0.000,0.000,0.000
362513.000,0.000,64287.000,-30.000,7200.000,0.000,0.000,0.000,0.000
362523.000,0.000,64287.000,-30.000,7200.000,0.000,0.000,0.000,0.000
362533.000,1.000,64288.000,-30.000,7200.000,0.000,0.000,0.000,0.000
362543.000,0.000,64288.000,-30.000,7200.000,0.000,0.000,0.000,0.000
362553.000,0.000,64288.000,-30.000,7200.000,0.000,0.000,0.000,0.000
362563.000,0.000,64288.000,-30.000,7200.000,0.000,0.000,0.000,0.000
362573.000,0.000,64288.000,-30.000,7200.000,0.000,0.000,0.000,0.000
362583.000,-5.000,64283.000,-30.000,7200.000,0.000,0.000,0.000,0.000
362593.000,0.000,64283.000,-30.000,7200.000,0.000,0.000,0.000,0.000
362603.000,0.000,64283.000,-30.000,7200.000,0.000,0.000,0.000,0.000
362613.000,0.000,64283.000,-30.000,7200.000,0.000,0.000,0.000,0.000
362623.000,0.000,64283.000,-30.000,7200.000,0.000,0.000,0.000,0.000
362633.000,0.000,64283.000,-30.000,7200.000,0.000,0.000,0.000,0.000
362643.000,0.000,64283.000,-30.000,7200.000,0.000,0.000,0.000,0.000
362653.000,0.000,64283.000,-30.000,7200.000,0.000,0.000,0.000,0.000
362663.000,0.000,64283.000,-30.000,7200.000,0.000,0.000,0.000,0.000
362673.000,1.000,64284.000,-30.000,7200.000,0.000,0.000,0.000,0.000
362683.000,0.000,64284.000,-30.000,7200.000,0.000,0.000,0.000,0.000
362693.000,0.000,64284.000,-30.000,7200.000,0.000,0.000,0.000,0.000
362703.000,0.000,64284.000,-30.000,7200.000,0.000,0.000,0.000,0.000
362713.000,-1.000,64283.000,-30.000,7200.000,0.000,0.000,0.000,0.000
362723.000,0.000,64283.000,-30.000,7200.000,0.000,0.000,0.000,0.000
362733.000,0.000,64283.000,-30.000,7200.000,0.000,0.000,0.000,0.000
362743.000,0.000,64283.000,-30.000,7200.000,0.000,0.000,0.000,0.000
362753.000,0.000,64283.000,-30.000,7200.000,0.000,0.000,0.000,0.000
362763.000,0.000,64283.000,-30.000,7200.000,0.000,0.000,0.000,0.000
362773.000,0.000,64283.000,-30.000,7200.000,0.000,0.000,0.000,0.000
362783.000,1.000,64284.000,-30.000,7200.000,0.000,0.000,0.000,0.000
362793.000,-4.000,64280.000,-30.000,7200.000,0.000,0.000,0.000,0.000
362803.000,0.000,64280.000,-30.000,7200.000,0.000,0.000,0.000,0.000
362813.000,-1.000,64279.000,-30.000,7200.000,0.000,0.000,0.000,0.000
362823.000,0.000,64279.000,-30.000,7200.000,0.000,0.000,0.000,0.000
362833.000,-4.000,64275.000,-30.000,7200.000,0.000,0.000,0.000,0.000
362843.000,0.000,64275.000,-30.000,7200.000,0.000,0.000,0.000,0.000
362853.000,0.000,64275.000,-30.000,7200.000,0.000,0.000,0.000,0.000
362863.000,-4.000,64271.000,-30.000,7200.000,0.000,0.000,0.000,0.000
362873.000,1.000,64272.000,-30.000,7200.000,0.000,0.000,0.000,0.000
362883.000,-4.000,64268.000,-30.000,7200.000,0.000,0.000,0.000,0.000
362893.000,0.000,64268.000,-30.000,7200.000,0.000,0.000,0.000,0.000
362903.000,0.000,64268.000,-30.000,7200.000,0.000,0.000,0.000,0.000
362913.000,-1.000,64267.000,-30.000,7200.000,0.000,0.000,0.000,0.000
362923.000,-4.000,64263.000,-30.000,7200.000,0.000,0.000,0.000,0.000
362933.000,0.000,64263.000,-30.000,7200.000,0.000,0.000,0.000,0.000
362943.000,0.000,64263.000,-30.000,7200.000,0.000,0.000,0.000,0.000
362953.000,0.000,64263.000,-30.000,7200.000,0.000,0.000,0.000,0.000
362963.000,1.000,64264.000,-30.000,7200.000,0.000,0.000,0.000,0.000
362973.000,0.000,64264.000,-30.000,7200.000,0.000,0.000,0.000,0.000
362983.000,-4.000,64260.000,-30.000,7200.000,0.000,0.000,0.000,0.000
362993.000,-1.000,64259.000,-30.000,7200.000,0.000,0.000,0.000,0.000
363003.000,-1.000,64258.000,-30.000,7200.000,0.000,0.000,0.000,0.000
363013.000,-3.000,64255.000,-30.000,7200.000,0.000,0.000,0.000,0.000
363023.000,0.000,64255.000,-30.000,7200.000,0.000,0.000,0.000,0.000
363033.000,-4.000,64251.000,-30.000,7200.000,0.000,0.000,0.000,0.000
363043.000,1.000,64252.000,-30.000,7200.000,0.000,0.000,0.000,0.000
363053.000,-4.000,64248.000,-30.000,7200.000,0.000,0.000,0.000,0.000
363063.000,0.000,64248.000,-30.000,7200.000,0.000,0.000,0.000,0.000
363073.000,-1.000,64247.000,-30.000,7200.000,0.000,0.000,0.000,0.000
363083.000,0.000,64247.000,-30.000,7200.000,0.000,0.000,0.000,0.000
363093.000,-4.000,64243.000,-30.000,7200.000,0.000,0.000,0.000,0.000
363103.000,0.000,64243.000,-30.000,7200.000,0.000,0.000,0.000,0.000
363113.000,1.000,64244.000,-30.000,7200.000,0.000,0.000,0.000,0.000
363123.000,0.000,64244.000,-30.000,7200.000,0.000,0.000,0.000,0.000
363133.000,-5.000,64239.000,-30.000,7200.000,0.000,0.000,0.000,0.000
363143.000,0.000,64239.000,-30.000,7200.000,0.000,0.000,0.000,0.000
363153.000,0.000,64239.000,-30.000,7200.000,0.000,0.000,0.000,0.000
363163.000,0.000,64239.000,-30.000,7200.000,0.000,0.000,0.000,0.000
363173.000,1.000,64240.000,-30.000,7200.000,0.000,0.000,0.000,0.000
363183.000,0.000,64240.000,-30.000,7200.000,0.000,0.000,0.000,0.000
363193.000,0.000,64240.000,-30.000,7200.000,0.000,0.000,0.000,0.000
363203.000,-1.000,64239.000,-30.000,7200.000,0.000,0.000,0.000,0.000
363213.000,0.000,64239.000,-30.000,7200.000,0.000,0.000,0.000,0.000
363223.000,0.000,64239.000,-30.000,7200.000,0.000,0.000,0.000,0.000
363233.000,-4.000,64235.000,-30.000,7200.000,0.000,0.000,0.000,0.000
363243.000,1.000,64236.000,-30.000,7200.000,0.000,0.000,0.000,0.000
363253.000,0.000,64236.000,-30.000,7200.000,0.000,0.000,0.000,0.000
363263.000,0.000,64236.000,-30.000,7200.000,0.000,0.000,0.000,0.000
363273.000,-1.000,64235.000,-30.000,7200.000,0.000,0.000,0.000,0.000
363283.000,0.000,64235.000,-30.000,7200.000,0.000,0.000,0.000,0.000
363293.000,0.000,64235.000,-30.000,7200.000,0.000,0.000,0.000,0.000
363303.000,0.000,64235.000,-30.000,7200.000,0.000,0.000,0.000,0.000
363313.000,0.000,64235.000,-30.000,7200.000,0.000,0.000,0.000,0.000
363323.000,0.000,64235.000,-30.000,7200.000,0.000,0.000,0.000,0.000
363333.000,1.000,64236.000,-30.000,7200.000,0.000,0.000,0.000,0.000
363343.000,0.000,64236.000,-30.000,7200.000,0.000,0.000,0.000,0.000
363353.000,0.000,64236.000,-30.000,7200.000,0.000,0.000,0.000,0.000
363363.000,0.000,64236.000,-30.000,7200.000,0.000,0.000,0.000,0.000
363373.000,-1.000,64235.000,-30.000,7200.000,0.000,0.000,0.000,0.000
363383.000,-4.000,64231.000,-30.000,7200.000,0.000,0.000,0.000,0.000
363393.000,0.000,64231.000,-30.000,7200.000,0.000,0.000,0.000,0.000
363403.000,-8.000,64223.000,-30.000,7200.000,0.000,0.000,0.000,0.000
363413.000,0.000,64223.000,-30.000,7200.000,0.000,0.000,0.000,0.000
363423.000,0.000,64223.000,-30.000,7200.000,0.000,0.000,0.000,0.000
363433.000,1.000,64224.000,-30.000,7200.000,0.000,0.000,0.000,0.000
363443.000,0.000,64224.000,-30.000,7200.000,0.000,0.000,0.000,0.000
363453.000,-4.000,64220.000,-30.000,7200.000,0.000,0.000,0.000,0.000
363463.000,-5.000,64215.000,-30.000,7200.000,0.000,0.000,0.000,0.000
363473.000,0.000,64215.000,-30.000,7200.000,0.000,0.000,0.000,0.000
363483.000,0.000,64215.000,-30.000,7200.000,0.000,0.000,0.000,0.000
363493.000,0.000,64215.000,-30.000,7200.000,0.000,0.000,0.000,0.000
363503.000,-8.000,64207.000,-30.000,7200.000,0.000,0.000,0.000,0.000
363513.000,1.000,64208.000,-30.000,7200.000,0.000,0.000,0.000,0.000
363523.000,0.000,64208.000,-30.000,7200.000,0.000,0.000,0.000,0.000
363533.000,0.000,64208.000,-30.000,7200.000,0.000,0.000,0.000,0.000
363543.000,0.000,64208.000,-30.000,7200.000,0.000,0.000,0.000,0.000
363553.000,-1.000,64207.000,-30.000,7200.000,0.000,0.000,0.000,0.000
363563.000,0.000,64207.000,-30.000,7200.000,0.000,0.000,0.000,0.000
363573.000,0.000,64207.000,-30.000,7200.000,0.000,0.000,0.000,0.000
363583.000,0.000,64207.000,-30.000,7200.000,0.000,0.000,0.000,0.000
363593.000,0.000,64207.000,-30.000,7200.000,0.000,0.000,0.000,0.000
363603.000,-3.000,64204.000,-30.000,7200.000,0.000,0.000,0.000,0.000
363613.000,0.000,64204.000,-30.000,7200.000,0.000,0.000,0.000,0.000
363623.000,0.000,64204.000,-30.000,7200.000,0.000,0.000,0.000,0.000
363633.000,-5.000,64199.000,-30.000,7200.000,0.000,0.000,0.000,0.000
363643.000,0.000,64199.000,-30.000,7200.000,0.000,0.000,0.000,0.000
363653.000,0.000,64199.000,-30.000,7200.000,0.000,0.000,0.000,0.000
363663.000,0.000,64199.000,-30.000,7200.000,0.000,0.000,0.000,0.000
363673.000,0.000,64199.000,-30.000,7200.000,0.000,0.000,0.000,0.000
363683.000,0.000,64199.000,-30.000,7200.000,0.000,0.000,0.000,0.000
363693.000,1.000,64200.000,-30.000,7200.000,0.000,0.000,0.000,0.000
363703.000,0.000,64200.000,-30.000,7200.000,0.000,0.000,0.000,0.000
363713.000,-1.000,64199.000,-30.000,7200.000,0.000,0.000,0.000,0.000
363723.000,0.000,64199.000,-30.000,7200.000,0.000,0.000,0.000,0.000
363733.000,0.000,64199.000,-30.000,7200.000,0.000,0.000,0.000,0.000
363743.000,-4.000,64195.000,-30.000,7200.000,0.000,0.000,0.000,0.000
363753.000,0.000,64195.000,-30.000,7200.000,0.000,0.000,0.000,0.000
363763.000,1.000,64196.000,-30.000,7200.000,0.000,0.000,0.000,0.000
363773.000,0.000,64196.000,-30.000,7200.000,0.000,0.000,0.000,0.000
363783.000,0.000,64196.000,-30.000,7200.000,0.000,0.000,0.000,0.000
363793.000,-1.000,64195.000,-30.000,7200.000,0.000,0.000,0.000,0.000
363803.000,0.000,64195.000,-30.000,7200.000,0.000,0.000,0.000,0.000
363813.000,-4.000,64191.000,-30.000,7200.000,0.000,0.000,0.000,0.000
363823.000,0.000,64191.000,-30.000,7200.000,0.000,0.000,0.000,0.000
363833.000,-4.000,64187.000,-30.000,7200.000,0.000,0.000,0.000,0.000
363843.000,-4.000,64183.000,-30.000,7200.000,0.000,0.000,0.000,0.000
363853.000,1.000,64184.000,-30.000,7200.000,0.000,0.000,0.000,0.000
363863.000,0.000,64184.000,-30.000,7200.000,0.000,0.000,0.000,0.000
363873.000,-1.000,64183.000,-30.000,7200.000,0.000,0.000,0.000,0.000
363883.000,-4.000,64179.000,-30.000,7200.000,0.000,0.000,0.000,0.000
363893.000,0.000,64179.000,-30.000,7200.000,0.000,0.000,0.000,0.000
363903.000,0.000,64179.000,-30.000,7200.000,0.000,0.000,0.000,0.000
363913.000,0.000,64179.000,-30.000,7200.000,0.000,0.000,0.000,0.000
363923.000,-4.000,64175.000,-30.000,7200.000,0.000,0.000,0.000,0.000
363933.000,0.000,64175.000,-30.000,7200.000,0.000,0.000,0.000,0.000
363943.000,-8.000,64167.000,-30.000,7200.000,0.000,0.000,0.000,0.000
363953.000,0.000,64167.000,-30.000,7200.000,0.000,0.000,0.000,0.000
363963.000,1.000,64168.000,-30.000,7200.000,0.000,0.000,0.000,0.000
363973.000,0.000,64168.000,-30.000,7200.000,0.000,0.000,0.000,0.000
363983.000,0.000,64168.000,-30.000,7200.000,0.000,0.000,0.000,0.000
363993.000,-4.000,64164.000,-30.000,7200.000,0.000,0.000,0.000,0.000
364003.000,-1.000,64163.000,-30.000,7200.000,0.000,0.000,0.000,0.000
364013.000,-4.000,64159.000,-30.000,7200.000,0.000,0.000,0.000,0.000
364023.000,-4.000,64155.000,-30.000,7200.000,0.000,0.000,0.000,0.000
364033.000,-4.000,64151.000,-30.000,7200.000,0.000,0.000,0.000,0.000
364043.000,-4.000,64147.000,-30.000,7200.000,0.000,0.000,0.000,0.000
364053.000,0.000,64147.000,-30.000,7200.000,0.000,0.000,0.000,0.000
364063.000,0.000,64147.000,-30.000,7200.000,0.000,0.000,0.000,0.000
364073.000,0.000,64147.000,-30.000,7200.000,0.000,0.000,0.000,0.000
364083.000,1.000,64148.000,-30.000,7200.000,0.000,0.000,0.000,0.000
364093.000,0.000,64148.000,-30.000,7200.000,0.000,0.000,0.000,0.000
364103.000,-4.000,64144.000,-30.000,7200.000,0.000,0.000,0.000,0.000
364113.000,0.000,64144.000,-30.000,7200.000,0.000,0.000,0.000,0.000
364123.000,-4.000,64140.000,-30.000,7200.000,0.000,0.000,0.000,0.000
364133.000,-9.000,64131.000,-30.000,7200.000,0.000,0.000,0.000,0.000
364143.000,0.000,64131.000,-30.000,7200.000,0.000,0.000,0.000,0.000
364153.000,0.000,64131.000,-30.000,7200.000,0.000,0.000,0.000,0.000
364163.000,0.000,64131.000,-30.000,7200.000,0.000,0.000,0.000,0.000
364173.000,-8.000,64123.000,-30.000,7200.000,0.000,0.000,0.000,0.000
364183.000,0.000,64123.000,-30.000,7200.000,0.000,0.000,0.000,0.000
364193.000,0.000,64123.000,-30.000,7200.000,0.000,0.000,0.000,0.000
364203.000,1.000,64124.000,-30.000,7200.000,0.000,0.000,0.000,0.000
364213.000,-4.000,64120.000,-30.000,7200.000,0.000,0.000,0.000,0.000
364223.000,0.000,64120.000,-30.000,7200.000,0.000,0.000,0.000,0.000
364233.000,0.000,64120.000,-30.000,7200.000,0.000,0.000,0.000,0.000
364243.000,-1.000,64119.000,-30.000,7200.000,0.000,0.000,0.000,0.000
364253.000,-4.000,64115.000,-30.000,7200.000,0.000,0.000,0.000,0.000
364263.000,0.000,64115.000,-30.000,7200.000,0.000,0.000,0.000,0.000
364273.000,0.000,64115.000,-30.000,7200.000,0.000,0.000,0.000,0.000
364283.000,0.000,64115.000,-30.000,7200.000,0.000,0.000,0.000,0.000
364293.000,-4.000,64111.000,-30.000,7200.000,0.000,0.000,0.000,0.000
364303.000,1.000,64112.000,-30.000,7200.000,0.000,0.000,0.000,0.000
364313.000,-4.000,64108.000,-30.000,7200.000,0.000,0.000,0.000,0.000
364323.000,-4.000,64104.000,-30.000,7200.000,0.000,0.000,0.000,0.000
364333.000,0.000,64104.000,-30.000,7200.000,0.000,0.000,0.000,0.000
364343.000,-1.000,64103.000,-30.000,7200.000,0.000,0.000,0.000,0.000
364353.000,0.000,64103.000,-30.000,7200.000,0.000,0.000,0.000,0.000
364363.000,0.000,64103.000,-30.000,7200.000,0.000,0.000,0.000,0.000
364373.000,-4.000,64099.000,-30.000,7200.000,0.000,0.000,0.000,0.000
364383.000,-4.000,64095.000,-30.000,7200.000,0.000,0.000,0.000,0.000
364393.000,0.000,64095.000,-30.000,7200.000,0.000,0.000,0.000,0.000
364403.000,1.000,64096.000,-30.000,7200.000,0.000,0.000,0.000,0.000
364413.000,0.000,64096.000,-30.000,7200.000,0.000,0.000,0.000,0.000
364423.000,0.000,64096.000,-30.000,7200.000,0.000,0.000,0.000,0.000
364433.000,0.000,64096.000,-30.000,7200.000,0.000,0.000,0.000,0.000
364443.000,-1.000,64095.000,-30.000,7200.000,0.000,0.000,0.000,0.000
364453.000,0.000,64095.000,-30.000,7200.000,0.000,0.000,0.000,0.000
364463.000,0.000,64095.000,-30.000,7200.000,0.000,0.000,0.000,0.000
364473.000,-4.000,64091.000,-30.000,7200.000,0.000,0.000,0.000,0.000
364483.000,0.000,64091.000,-30.000,7200.000,0.000,0.000,0.000,0.000
364493.000,0.000,64091.000,-30.000,7200.000,0.000,0.000,0.000,0.000
364503.000,0.000,64091.000,-30.000,7200.000,0.000,0.000,0.000,0.000
364513.000,-4.000,64087.000,-30.000,7200.000,0.000,0.000,0.000,0.000
364523.000,0.000,64087.000,-30.000,7200.000,0.000,0.000,0.000,0.000
364533.000,0.000,64087.000,-30.000,7200.000,0.000,0.000,0.000,0.000
364543.000,0.000,64087.000,-30.000,7200.000,0.000,0.000,0.000,0.000
364553.000,1.000,64088.000,-30.000,7200.000,0.000,0.000,0.000,0.000
364563.000,0.000,64088.000,-30.000,7200.000,0.000,0.000,0.000,0.000
364573.000,0.000,64088.000,-30.000,7200.000,0.000,0.000,0.000,0.000
364583.000,0.000,64088.000,-30.000,7200.000,0.000,0.000,0.000,0.000
364593.000,0.000,64088.000,-30.000,7200.000,0.000,0.000,0.000,0.000
364603.000,0.000,64088.000,-30.000,7200.000,0.000,0.000,0.000,0.000
364613.000,-1.000,64087.000,-30.000,7200.000,0.000,0.000,0.000,0.000
364623.000,-4.000,64083.000,-30.000,7200.000,0.000,0.000,0.000,0.000
364633.000,0.000,64083.000,-30.000,7200.000,0.000,0.000,0.000,0.000
364643.000,0.000,64083.000,-30.000,7200.000,0.000,0.000,0.000,0.000
364653.000,-4.000,64079.000,-30.000,7200.000,0.000,0.000,0.000,0.000
364663.000,0.000,64079.000,-30.000,7200.000,0.000,0.000,0.000,0.000
364673.000,-4.000,64075.000,-30.000,7200.000,0.000,0.000,0.000,0.000
364683.000,0.000,64075.000,-30.000,7200.000,0.000,0.000,0.000,0.000
364693.000,0.000,64075.000,-30.000,7200.000,0.000,0.000,0.000,0.000
364703.000,-4.000,64071.000,-30.000,7200.000,0.000,0.000,0.000,0.000
364713.000,1.000,64072.000,-30.000,7200.000,0.000,0.000,0.000,0.000
364723.000,0.000,64072.000,-30.000,7200.000,0.000,0.000,0.000,0.000
364733.000,-4.000,64068.000,-30.000,7200.000,0.000,0.000,0.000,0.000
364743.000,0.000,64068.000,-30.000,7200.000,0.000,0.000,0.000,0.000
364753.000,0.000,64068.000,-30.000,7200.000,0.000,0.000,0.000,0.000
364763.000,-4.000,64064.000,-30.000,7200.000,0.000,0.000,0.000,0.000
364773.000,0.000,64064.000,-30.000,7200.000,0.000,0.000,0.000,0.000
364783.000,-4.000,64060.000,-30.000,7200.000,0.000,0.000,0.000,0.000
364793.000,0.000,64060.000,-30.000,7200.000,0.000,0.000,0.000,0.000
364803.000,0.000,64060.000,-30.000,7200.000,0.000,0.000,0.000,0.000
364813.000,-4.000,64056.000,-30.000,7200.000,0.000,0.000,0.000,0.000
364823.000,-4.000,64052.000,-30.000,7200.000,0.000,0.000,0.000,0.000
364833.000,-4.000,64048.000,-30.000,7200.000,0.000,0.000,0.000,0.000
364843.000,0.000,64048.000,-30.000,7200.000,0.000,0.000,0.000,0.000
364853.000,-1.000,64047.000,-30.000,7200.000,0.000,0.000,0.000,0.000
364863.000,0.000,64047.000,-30.000,7200.000,0.000,0.000,0.000,0.000
364873.000,0.000,64047.000,-30.000,7200.000,0.000,0.000,0.000,0.000
364883.000,0.000,64047.000,-30.000,7200.000,0.000,0.000,0.000,0.000
364893.000,-4.000,64043.000,-30.000,7200.000,0.000,0.000,0.000,0.000
364903.000,0.000,64043.000,-30.000,7200.000,0.000,0.000,0.000,0.000
364913.000,-4.000,64039.000,-30.000,7200.000,0.000,0.000,0.000,0.000
364923.000,-4.000,64035.000,-30.000,7200.000,0.000,0.000,0.000,0.000
364933.000,-4.000,64031.000,-30.000,7200.000,0.000,0.000,0.000,0.000
364943.000,-4.000,64027.000,-30.000,7200.000,0.000,0.000,0.000,0.000
364953.000,0.000,64027.000,-30.000,7200.000,0.000,0.000,0.000,0.000
364963.000,0.000,64027.000,-30.000,7200.000,0.000,0.000,0.000,0.000
364973.000,0.000,64027.000,-30.000,7200.000,0.000,0.000,0.000,0.000
364983.000,0.000,64027.000,-30.000,7200.000,0.000,0.000,0.000,0.000
364993.000,1.000,64028.000,-30.000,7200.000,0.000,0.000,0.000,0.000
365003.000,0.000,64028.000,-30.000,7200.000,0.000,0.000,0.000,0.000
365013.000,0.000,64028.000,-30.000,7200.000,0.000,0.000,0.000,0.000
365023.000,-1.000,64027.000,-30.000,7200.000,0.000,0.000,0.000,0.000
365033.000,-4.000,64023.000,-30.000,7200.000,0.000,0.000,0.000,0.000
365043.000,-4.000,64019.000,-30.000,7200.000,0.000,0.000,0.000,0.000
365053.000,0.000,64019.000,-30.000,7200.000,0.000,0.000,0.000,0.000
365063.000,0.000,64019.000,-30.000,7200.000,0.000,0.000,0.000,0.000
365073.000,-4.000,64015.000,-30.000,7200.000,0.000,0.000,0.000,0.000
365083.000,-4.000,64011.000,-30.000,7200.000,0.000,0.000,0.000,0.000
365093.000,0.000,64011.000,-30.000,7200.000,0.000,0.000,0.000,0.000
365103.000,-4.000,64007.000,-30.000,7200.000,0.000,0.000,0.000,0.000
365113.000,-4.000,64003.000,-30.000,7200.000,0.000,0.000,0.000,0.000
365123.000,0.000,64003.000,-30.000,7200.000,0.000,0.000,0.000,0.000
365133.000,0.000,64003.000,-30.000,7200.000,0.000,0.000,0.000,0.000
365143.000,0.000,64003.000,-30.000,7200.000,0.000,0.000,0.000,0.000
365153.000,0.000,64003.000,-30.000,7200.000,0.000,0.000,0.000,0.000
365163.000,0.000,64003.000,-30.000,7200.000,0.000,0.000,0.000,0.000
365173.000,-4.000,63999.000,-30.000,7200.000,0.000,0.000,0.000,0.000
365183.000,0.000,63999.000,-30.000,7200.000,0.000,0.000,0.000,0.000
365193.000,0.000,63999.000,-30.000,7200.000,0.000,0.000,0.000,0.000
365203.000,0.000,63999.000,-30.000,7200.000,0.000,0.000,0.000,0.000
365213.000,-4.000,63995.000,-30.000,7200.000,0.000,0.000,0.000,0.000
365223.000,0.000,63995.000,-30.000,7200.000,0.000,0.000,0.000,0.000
365233.000,-4.000,63991.000,-30.000,7200.000,0.000,0.000,0.000,0.000
365243.000,0.000,63991.000,-30.000,7200.000,0.000,0.000,0.000,0.000
365253.000,0.000,63991.000,-30.000,7200.000,0.000,0.000,0.000,0.000
365263.000,-4.000,63987.000,-30.000,7200.000,0.000,0.000,0.000,0.000
365273.000,-4.000,63983.000,-30.000,7200.000,0.000,0.000,0.000,0.000
365283.000,0.000,63983.000,-30.000,7200.000,0.000,0.000,0.000,0.000
365293.000,-4.000,63979.000,-30.000,7200.000,0.000,0.000,0.000,0.000
365303.000,-4.000,63975.000,-30.000,7200.000,0.000,0.000,0.000,0.000
365313.000,0.000,63975.000,-30.000,7200.000,0.000,0.000,0.000,0.000
365323.000,0.000,63975.000,-30.000,7200.000,0.000,0.000,0.000,0.000
365333.000,0.000,63975.000,-30.000,7200.000,0.000,0.000,0.000,0.000
365343.000,0.000,63975.000,-30.000,7200.000,0.000,0.000,0.000,0.000
365353.000,0.000,63975.000,-30.000,7200.000,0.000,0.000,0.000,0.000
365363.000,1.000,63976.000,-30.000,7200.000,0.000,0.000,0.000,0.000
365373.000,0.000,63976.000,-30.000,7200.000,0.000,0.000,0.000,0.000
365383.000,0.000,63976.000,-30.000,7200.000,0.000,0.000,0.000,0.000
365393.000,0.000,63976.000,-30.000,7200.000,0.000,0.000,0.000,0.000
365403.000,-4.000,63972.000,-30.000,7200.000,0.000,0.000,0.000,0.000
365413.000,-4.000,63968.000,-30.000,7200.000,0.000,0.000,0.000,0.000
365423.000,0.000,63968.000,-30.000,7200.000,0.000,0.000,0.000,0.000
365433.000,-1.000,63967.000,-30.000,7200.000,0.000,0.000,0.000,0.000
365443.000,0.000,63967.000,-30.000,7200.000,0.000,0.000,0.000,0.000
365453.000,0.000,63967.000,-30.000,7200.000,0.000,0.000,0.000,0.000
365463.000,0.000,63967.000,-30.000,7200.000,0.000,0.000,0.000,0.000
365473.000,-4.000,63963.000,-30.000,7200.000,0.000,0.000,0.000,0.000
365483.000,0.000,63963.000,-30.000,7200.000,0.000,0.000,0.000,0.000
365493.000,-8.000,63955.000,-30.000,7200.000,0.000,0.000,0.000,0.000
365503.000,0.000,63955.000,-30.000,7200.000,0.000,0.000,0.000,0.000
365513.000,0.000,63955.000,-30.000,7200.000,0.000,0.000,0.000,0.000
365523.000,0.000,63955.000,-30.000,7200.000,0.000,0.000,0.000,0.000
365533.000,0.000,63955.000,-30.000,7200.000,0.000,0.000,0.000,0.000
365543.000,-4.000,63951.000,-30.000,7200.000,0.000,0.000,0.000,0.000
365553.000,0.000,63951.000,-30.000,7200.000,0.000,0.000,0.000,0.000
365563.000,0.000,63951.000,-30.000,7200.000,0.000,0.000,0.000,0.000
365573.000,0.000,63951.000,-30.000,7200.000,0.000,0.000,0.000,0.000
365583.000,0.000,63951.000,-30.000,7200.000,0.000,0.000,0.000,0.000
365593.000,0.000,63951.000,-30.000,7200.000,0.000,0.000,0.000,0.000
365603.000,-4.000,63947.000,-30.000,7200.000,0.000,0.000,0.000,0.000
365613.000,0.000,63947.000,-30.000,7200.000,0.000,0.000,0.000,0.000
365623.000,1.000,63948.000,-30.000,7200.000,0.000,0.000,0.000,0.000
365633.000,0.000,63948.000,-30.000,7200.000,0.000,0.000,0.000,0.000
365643.000,0.000,63948.000,-30.000,7200.000,0.000,0.000,0.000,0.000
365653.000,0.000,63948.000,-30.000,7200.000,0.000,0.000,0.000,0.000
365663.000,0.000,63948.000,-30.000,7200.000,0.000,0.000,0.000,0.000
365673.000,0.000,63948.000,-30.000,7200.000,0.000,0.000,0.000,0.000
365683.000,-1.000,63947.000,-30.000,7200.000,0.000,0.000,0.000,0.000
365693.000,0.000,63947.000,-30.000,7200.000,0.000,0.000,0.000,0.000
365703.000,0.000,63947.000,-30.000,7200.000,0.000,0.000,0.000,0.000
365713.000,0.000,63947.000,-30.000,7200.000,0.000,0.000,0.000,0.000
365723.000,0.000,63947.000,-30.000,7200.000,0.000,0.000,0.000,0.000
365733.000,-4.000,63943.000,-30.000,7200.000,0.000,0.000,0.000,0.000
365743.000,0.000,63943.000,-30.000,7200.000,0.000,0.000,0.000,0.000
365753.000,0.000,63943.000,-30.000,7200.000,0.000,0.000,0.000,0.000
365763.000,0.000,63943.000,-30.000,7200.000,0.000,0.000,0.000,0.000
365773.000,0.000,63943.000,-30.000,7200.000,0.000,0.000,0.000,0.000
365783.000,-4.000,63939.000,-30.000,7200.000,0.000,0.000,0.000,0.000
365793.000,0.000,63939.000,-30.000,7200.000,0.000,0.000,0.000,0.000
365803.000,-4.000,63935.000,-30.000,7200.000,0.000,0.000,0.000,0.000
365813.000,0.000,63935.000,-30.000,7200.000,0.000,0.000,0.000,0.000
365823.000,1.000,63936.000,-30.000,7200.000,0.000,0.000,0.000,0.000
365833.000,-1.000,63935.000,-30.000,7200.000,0.000,0.000,0.000,0.000
365843.000,1.000,63936.000,-30.000,7200.000,0.000,0.000,0.000,0.000
365853.000,-3.000,63933.000,-30.000,7200.000,0.000,0.000,0.000,0.000
365863.000,-1.000,63932.000,-30.000,7200.000,0.000,0.000,0.000,0.000
365873.000,-4.000,63928.000,-30.000,7200.000,0.000,0.000,0.000,0.000
365883.000,0.000,63928.000,-30.000,7200.000,0.000,0.000,0.000,0.000
365893.000,0.000,63928.000,-30.000,7200.000,0.000,0.000,0.000,0.000
365903.000,0.000,63928.000,-30.000,7200.000,0.000,0.000,0.000,0.000
365913.000,0.000,63928.000,-30.000,7200.000,0.000,0.000,0.000,0.000
365923.000,-1.000,63927.000,-30.000,7200.000,0.000,0.000,0.000,0.000
365933.000,0.000,63927.000,-30.000,7200.000,0.000,0.000,0.000,0.000
365943.000,0.000,63927.000,-30.000,7200.000,0.000,0.000,0.000,0.000
365953.000,0.000,63927.000,-30.000,7200.000,0.000,0.000,0.000,0.000
365963.000,0.000,63927.000,-30.000,7200.000,0.000,0.000,0.000,0.000
365973.000,1.000,63928.000,-30.000,7200.000,0.000,0.000,0.000,0.000
365983.000,-5.000,63923.000,-30.000,7200.000,0.000,0.000,0.000,0.000
365993.000,0.000,63923.000,-30.000,7200.000,0.000,0.000,0.000,0.000
366003.000,0.000,63923.000,-30.000,7200.000,0.000,0.000,0.000,0.000
366013.000,0.000,63923.000,-30.000,7200.000,0.000,0.000,0.000,0.000
366023.000,1.000,63924.000,-30.000,7200.000,0.000,0.000,0.000,0.000
366033.000,0.000,63924.000,-30.000,7200.000,0.000,0.000,0.000,0.000
366043.000,-4.000,63920.000,-30.000,7200.000,0.000,0.000,0.000,0.000
366053.000,-1.000,63919.000,-30.000,7200.000,0.000,0.000,0.000,0.000
366063.000,0.000,63919.000,-30.000,7200.000,0.000,0.000,0.000,0.000
366073.000,0.000,63919.000,-30.000,7200.000,0.000,0.000,0.000,0.000
366083.000,0.000,63919.000,-30.000,7200.000,0.000,0.000,0.000,0.000
366093.000,-3.000,63916.000,-30.000,7200.000,0.000,0.000,0.000,0.000
366103.000,0.000,63916.000,-30.000,7200.000,0.000,0.000,0.000,0.000
366113.000,-4.000,63912.000,-30.000,7200.000,0.000,0.000,0.000,0.000
366123.000,-1.000,63911.000,-30.000,7200.000,0.000,0.000,0.000,0.000
366133.000,-4.000,63907.000,-30.000,7200.000,0.000,0.000,0.000,0.000
366143.000,0.000,63907.000,-30.000,7200.000,0.000,0.000,0.000,0.000
366153.000,0.000,63907.000,-30.000,7200.000,0.000,0.000,0.000,0.000
366163.000,-4.000,63903.000,-30.000,7200.000,0.000,0.000,0.000,0.000
366173.000,0.000,63903.000,-30.000,7200.000,0.000,0.000,0.000,0.000
366183.000,1.000,63904.000,-30.000,7200.000,0.000,0.000,0.000,0.000
366193.000,0.000,63904.000,-30.000,7200.000,0.000,0.000,0.000,0.000
366203.000,0.000,63904.000,-30.000,7200.000,0.000,0.000,0.000,0.000
366213.000,0.000,63904.000,-30.000,7200.000,0.000,0.000,0.000,0.000
366223.000,-1.000,63903.000,-30.000,7200.000,0.000,0.000,0.000,0.000
366233.000,0.000,63903.000,-30.000,7200.000,0.000,0.000,0.000,0.000
366243.000,0.000,63903.000,-30.000,7200.000,0.000,0.000,0.000,0.000
366253.000,0.000,63903.000,-30.000,7200.000,0.000,0.000,0.000,0.000
366263.000,0.000,63903.000,-30.000,7200.000,0.000,0.000,0.000,0.000
366273.000,1.000,63904.000,-30.000,7200.000,0.000,0.000,0.000,0.000
366283.000,0.000,63904.000,-30.000,7200.000,0.000,0.000,0.000,0.000
366293.000,0.000,63904.000,-30.000,7200.000,0.000,0.000,0.000,0.000
366303.000,-1.000,63903.000,-30.000,7200.000,0.000,0.000,0.000,0.000
366313.000,0.000,63903.000,-30.000,7200.000,0.000,0.000,0.000,0.000
366323.000,0.000,63903.000,-30.000,7200.000,0.000,0.000,0.000,0.000
366333.000,0.000,63903.000,-30.000,7200.000,0.000,0.000,0.000,0.000
366343.000,-3.000,63900.000,-30.000,7200.000,0.000,0.000,0.000,0.000
366353.000,-8.000,63892.000,-30.000,7200.000,0.000,0.000,0.000,0.000
366363.000,0.000,63892.000,-30.000,7200.000,0.000,0.000,0.000,0.000
366373.000,-1.000,63891.000,-30.000,7200.000,0.000,0.000,0.000,0.000
366383.000,0.000,63891.000,-30.000,7200.000,0.000,0.000,0.000,0.000
366393.000,0.000,63891.000,-30.000,7200.000,0.000,0.000,0.000,0.000
366403.000,0.000,63891.000,-30.000,7200.000,0.000,0.000,0.000,0.000
366413.000,0.000,63891.000,-30.000,7200.000,0.000,0.000,0.000,0.000
366423.000,1.000,63892.000,-30.000,7200.000,0.000,0.000,0.000,0.000
366433.000,0.000,63892.000,-30.000,7200.000,0.000,0.000,0.000,0.000
366443.000,0.000,63892.000,-30.000,7200.000,0.000,0.000,0.000,0.000
366453.000,0.000,63892.000,-30.000,7200.000,0.000,0.000,0.000,0.000
366463.000,-1.000,63891.000,-30.000,7200.000,0.000,0.000,0.000,0.000
366473.000,0.000,63891.000,-30.000,7200.000,0.000,0.000,0.000,0.000
366483.000,0.000,63891.000,-30.000,7200.000,0.000,0.000,0.000,0.000
366493.000,-4.000,63887.000,-30.000,7200.000,0.000,0.000,0.000,0.000
366503.000,0.000,63887.000,-30.000,7200.000,0.000,0.000,0.000,0.000
366513.000,0.000,63887.000,-30.000,7200.000,0.000,0.000,0.000,0.000
366523.000,0.000,63887.000,-30.000,7200.000,0.000,0.000,0.000,0.000
366533.000,1.000,63888.000,-30.000,7200.000,0.000,0.000,0.000,0.000
366543.000,0.000,63888.000,-30.000,7200.000,0.000,0.000,0.000,0.000
366553.000,-1.000,63887.000,-30.000,7200.000,0.000,0.000,0.000,0.000
366563.000,0.000,63887.000,-30.000,7200.000,0.000,0.000,0.000,0.000
366573.000,0.000,63887.000,-30.000,7200.000,0.000,0.000,0.000,0.000
366583.000,1.000,63888.000,-30.000,7200.000,0.000,0.000,0.000,0.000
366593.000,-4.000,63884.000,-30.000,7200.000,0.000,0.000,0.000,0.000
366603.000,0.000,63884.000,-30.000,7200.000,0.000,0.000,0.000,0.000
366613.000,-5.000,63879.000,-30.000,7200.000,0.000,0.000,0.000,0.000
366623.000,0.000,63879.000,-30.000,7200.000,0.000,0.000,0.000,0.000
366633.000,0.000,63879.000,-30.000,7200.000,0.000,0.000,0.000,0.000
366643.000,0.000,63879.000,-30.000,7200.000,0.000,0.000,0.000,0.000
366653.000,0.000,63879.000,-30.000,7200.000,0.000,0.000,0.000,0.000
366663.000,-3.000,63876.000,-30.000,7200.000,0.000,0.000,0.000,0.000
366673.000,0.000,63876.000,-30.000,7200.000,0.000,0.000,0.000,0.000
366683.000,-1.000,63875.000,-30.000,7200.000,0.000,0.000,0.000,0.000
366693.000,0.000,63875.000,-30.000,7200.000,0.000,0.000,0.000,0.000
366703.000,0.000,63875.000,-30.000,7200.000,0.000,0.000,0.000,0.000
366713.000,-4.000,63871.000,-30.000,7200.000,0.000,0.000,0.000,0.000
366723.000,1.000,63872.000,-30.000,7200.000,0.000,0.000,0.000,0.000
366733.000,-4.000,63868.000,-30.000,7200.000,0.000,0.000,0.000,0.000
366743.000,0.000,63868.000,-30.000,7200.000,0.000,0.000,0.000,0.000
366753.000,0.000,63868.000,-30.000,7200.000,0.000,0.000,0.000,0.000
366763.000,-1.000,63867.000,-30.000,7200.000,0.000,0.000,0.000,0.000
366773.000,-4.000,63863.000,-30.000,7200.000,0.000,0.000,0.000,0.000
366783.000,0.000,63863.000,-30.000,7200.000,0.000,0.000,0.000,0.000
366793.000,0.000,63863.000,-30.000,7200.000,0.000,0.000,0.000,0.000
366803.000,0.000,63863.000,-30.000,7200.000,0.000,0.000,0.000,0.000
366813.000,0.000,63863.000,-30.000,7200.000,0.000,0.000,0.000,0.000
366823.000,1.000,63864.000,-30.000,7200.000,0.000,0.000,0.000,0.000
366833.000,0.000,63864.000,-30.000,7200.000,0.000,0.000,0.000,0.000
366843.000,0.000,63864.000,-30.000,7200.000,0.000,0.000,0.000,0.000
366853.000,-1.000,63863.000,-30.000,7200.000,0.000,0.000,0.000,0.000
366863.000,0.000,63863.000,-30.000,7200.000,0.000,0.000,0.000,0.000
366873.000,0.000,63863.000,-30.000,7200.000,0.000,0.000,0.000,0.000
366883.000,0.000,63863.000,-30.000,7200.000,0.000,0.000,0.000,0.000
366893.000,0.000,63863.000,-30.000,7200.000,0.000,0.000,0.000,0.000
366903.000,1.000,63864.000,-30.000,7200.000,0.000,0.000,0.000,0.000
366913.000,-1.000,63863.000,-30.000,7200.000,0.000,0.000,0.000,0.000
366923.000,0.000,63863.000,-30.000,7200.000,0.000,0.000,0.000,0.000
366933.000,0.000,63863.000,-30.000,7200.000,0.000,0.000,0.000,0.000
366943.000,-1.000,63862.000,-30.000,7200.000,0.000,0.000,0.000,0.000
366953.000,-2.000,63860.000,-30.000,7200.000,0.000,0.000,0.000,0.000
366963.000,0.000,63860.000,-30.000,7200.000,0.000,0.000,0.000,0.000
366973.000,-1.000,63859.000,-30.000,7200.000,0.000,0.000,0.000,0.000
366983.000,0.000,63859.000,-30.000,7200.000,0.000,0.000,0.000,0.000
366993.000,0.000,63859.000,-30.000,7200.000,0.000,0.000,0.000,0.000
367003.000,0.000,63859.000,-30.000,7200.000,0.000,0.000,0.000,0.000
367013.000,1.000,63860.000,-30.000,7200.000,0.000,0.000,0.000,0.000
367023.000,-4.000,63856.000,-30.000,7200.000,0.000,0.000,0.000,0.000
367033.000,-1.000,63855.000,-30.000,7200.000,0.000,0.000,0.000,0.000
367043.000,0.000,63855.000,-30.000,7200.000,0.000,0.000,0.000,0.000
367053.000,-4.000,63851.000,-30.000,7200.000,0.000,0.000,0.000,0.000
367063.000,0.000,63851.000,-30.000,7200.000,0.000,0.000,0.000,0.000
367073.000,0.000,63851.000,-30.000,7200.000,0.000,0.000,0.000,0.000
367083.000,1.000,63852.000,-40.000,7200.000,0.000,0.000,0.000,0.000
367093.000,-4.000,63848.000,-40.000,7200.000,0.000,0.000,0.000,0.000
367103.000,0.000,63848.000,-40.000,7200.000,0.000,0.000,0.000,0.000
367113.000,-1.000,63847.000,-40.000,7200.000,0.000,0.000,0.000,0.000
367123.000,0.000,63847.000,-40.000,7200.000,0.000,0.000,0.000,0.000
367133.000,-4.000,63843.000,-40.000,7200.000,0.000,0.000,0.000,0.000
367143.000,-4.000,63839.000,-40.000,7200.000,0.000,0.000,0.000,0.000
367153.000,-4.000,63835.000,-40.000,7200.000,0.000,0.000,0.000,0.000
367163.000,1.000,63836.000,-40.000,7200.000,0.000,0.000,0.000,0.000
367173.000,-4.000,63832.000,-40.000,7200.000,0.000,0.000,0.000,0.000
367183.000,-5.000,63827.000,-40.000,7200.000,0.000,0.000,0.000,0.000
367193.000,-4.000,63823.000,-40.000,7200.000,0.000,0.000,0.000,0.000
367203.000,0.000,63823.000,-40.000,7200.000,0.000,0.000,0.000,0.000
367213.000,-4.000,63819.000,-40.000,7200.000,0.000,0.000,0.000,0.000
367223.000,1.000,63820.000,-40.000,7200.000,0.000,0.000,0.000,0.000
367233.000,0.000,63820.000,-40.000,7200.000,0.000,0.000,0.000,0.000
367243.000,-4.000,63816.000,-40.000,7200.000,0.000,0.000,0.000,0.000
367253.000,-5.000,63811.000,-40.000,7200.000,0.000,0.000,0.000,0.000
367263.000,-4.000,63807.000,-40.000,7200.000,0.000,0.000,0.000,0.000
367273.000,0.000,63807.000,-40.000,7200.000,0.000,0.000,0.000,0.000
367283.000,0.000,63807.000,-40.000,7200.000,0.000,0.000,0.000,0.000
367293.000,-4.000,63803.000,-40.000,7200.000,0.000,0.000,0.000,0.000
367303.000,1.000,63804.000,-40.000,7200.000,0.000,0.000,0.000,0.000
367313.000,0.000,63804.000,-40.000,7200.000,0.000,0.000,0.000,0.000
367323.000,0.000,63804.000,-40.000,7200.000,0.000,0.000,0.000,0.000
367333.000,-4.000,63800.000,-40.000,7200.000,0.000,0.000,0.000,0.000
367343.000,-13.000,63787.000,-40.000,7200.000,0.000,0.000,0.000,0.000
367353.000,-8.000,63779.000,-40.000,7200.000,0.000,0.000,0.000,0.000
367363.000,0.000,63779.000,-40.000,7200.000,0.000,0.000,0.000,0.000
367373.000,-4.000,63775.000,-40.000,7200.000,0.000,0.000,0.000,0.000
367383.000,-4.000,63771.000,-40.000,7200.000,0.000,0.000,0.000,0.000
367393.000,0.000,63771.000,-40.000,7200.000,0.000,0.000,0.000,0.000
367403.000,-4.000,63767.000,-40.000,7200.000,0.000,0.000,0.000,0.000
367413.000,-8.000,63759.000,-40.000,7200.000,0.000,0.000,0.000,0.000
367423.000,-4.000,63755.000,-40.000,7200.000,0.000,0.000,0.000,0.000
367433.000,-8.000,63747.000,-40.000,7200.000,0.000,0.000,0.000,0.000
367443.000,-8.000,63739.000,-40.000,7200.000,0.000,0.000,0.000,0.000
367453.000,0.000,63739.000,-40.000,7200.000,0.000,0.000,0.000,0.000
367463.000,-8.000,63731.000,-40.000,7200.000,0.000,0.000,0.000,0.000
367473.000,-12.000,63719.000,-40.000,7200.000,0.000,0.000,0.000,0.000
367483.000,-1.000,63718.000,-40.000,7200.000,0.000,0.000,0.000,0.000
367493.000,-3.000,63715.000,-40.000,7200.000,0.000,0.000,0.000,0.000
367503.000,0.000,63715.000,-40.000,7200.000,0.000,0.000,0.000,0.000
367513.000,-4.000,63711.000,-40.000,7200.000,0.000,0.000,0.000,0.000
367523.000,0.000,63711.000,-40.000,7200.000,0.000,0.000,0.000,0.000
367533.000,0.000,63711.000,-40.000,7200.000,0.000,0.000,0.000,0.000
367543.000,-4.000,63707.000,-40.000,7200.000,0.000,0.000,0.000,0.000
367553.000,0.000,63707.000,-40.000,7200.000,0.000,0.000,0.000,0.000
367563.000,0.000,63707.000,-40.000,7200.000,0.000,0.000,0.000,0.000
367573.000,0.000,63707.000,-40.000,7200.000,0.000,0.000,0.000,0.000
367583.000,0.000,63707.000,-40.000,7200.000,0.000,0.000,0.000,0.000
367593.000,0.000,63707.000,-40.000,7200.000,0.000,0.000,0.000,0.000
367603.000,0.000,63707.000,-40.000,7200.000,0.000,0.000,0.000,0.000
367613.000,0.000,63707.000,-40.000,7200.000,0.000,0.000,0.000,0.000
367623.000,0.000,63707.000,-40.000,7200.000,0.000,0.000,0.000,0.000
367633.000,0.000,63707.000,-40.000,7200.000,0.000,0.000,0.000,0.000
367643.000,-4.000,63703.000,-40.000,7200.000,0.000,0.000,0.000,0.000
367653.000,0.000,63703.000,-40.000,7200.000,0.000,0.000,0.000,0.000
367663.000,0.000,63703.000,-40.000,7200.000,0.000,0.000,0.000,0.000
367673.000,-4.000,63699.000,-40.000,7200.000,0.000,0.000,0.000,0.000
367683.000,-4.000,63695.000,-40.000,7200.000,0.000,0.000,0.000,0.000
367693.000,-4.000,63691.000,-40.000,7200.000,0.000,0.000,0.000,0.000
367703.000,0.000,63691.000,-40.000,7200.000,0.000,0.000,0.000,0.000
367713.000,0.000,63691.000,-40.000,7200.000,0.000,0.000,0.000,0.000
367723.000,0.000,63691.000,-40.000,7200.000,0.000,0.000,0.000,0.000
367733.000,-4.000,63687.000,-40.000,7200.000,0.000,0.000,0.000,0.000
367743.000,0.000,63687.000,-40.000,7200.000,0.000,0.000,0.000,0.000
367753.000,0.000,63687.000,-40.000,7200.000,0.000,0.000,0.000,0.000
367763.000,-4.000,63683.000,-40.000,7200.000,0.000,0.000,0.000,0.000
367773.000,1.000,63684.000,-40.000,7200.000,0.000,0.000,0.000,0.000
367783.000,0.000,63684.000,-40.000,7200.000,0.000,0.000,0.000,0.000
367793.000,0.000,63684.000,-40.000,7200.000,0.000,0.000,0.000,0.000
367803.000,-4.000,63680.000,-40.000,7200.000,0.000,0.000,0.000,0.000
367813.000,0.000,63680.000,-40.000,7200.000,0.000,0.000,0.000,0.000
367823.000,-4.000,63676.000,-40.000,7200.000,0.000,0.000,0.000,0.000
367833.000,-3.000,63673.000,-40.000,7200.000,0.000,0.000,0.000,0.000
367843.000,-1.000,63672.000,-40.000,7200.000,0.000,0.000,0.000,0.000
367853.000,-1.000,63671.000,-40.000,7200.000,0.000,0.000,0.000,0.000
367863.000,0.000,63671.000,-40.000,7200.000,0.000,0.000,0.000,0.000
367873.000,-4.000,63667.000,-40.000,7200.000,0.000,0.000,0.000,0.000
367883.000,0.000,63667.000,-40.000,7200.000,0.000,0.000,0.000,0.000
367893.000,0.000,63667.000,-40.000,7200.000,0.000,0.000,0.000,0.000
367903.000,0.000,63667.000,-40.000,7200.000,0.000,0.000,0.000,0.000
367913.000,-4.000,63663.000,-40.000,7200.000,0.000,0.000,0.000,0.000
367923.000,0.000,63663.000,-40.000,7200.000,0.000,0.000,0.000,0.000
367933.000,0.000,63663.000,-40.000,7200.000,0.000,0.000,0.000,0.000
367943.000,0.000,63663.000,-40.000,7200.000,0.000,0.000,0.000,0.000
367953.000,-4.000,63659.000,-40.000,7200.000,0.000,0.000,0.000,0.000
367963.000,-4.000,63655.000,-40.000,7200.000,0.000,0.000,0.000,0.000
367973.000,-3.000,63652.000,-40.000,7200.000,0.000,0.000,0.000,0.000
367983.000,0.000,63652.000,-40.000,7200.000,0.000,0.000,0.000,0.000
367993.000,0.000,63652.000,-40.000,7200.000,0.000,0.000,0.000,0.000
368003.000,0.000,63652.000,-40.000,7200.000,0.000,0.000,0.000,0.000
368013.000,0.000,63652.000,-40.000,7200.000,0.000,0.000,0.000,0.000
368023.000,-4.000,63648.000,-40.000,7200.000,0.000,0.000,0.000,0.000
368033.000,-4.000,63644.000,-40.000,7200.000,0.000,0.000,0.000,0.000
368043.000,0.000,63644.000,-40.000,7200.000,0.000,0.000,0.000,0.000
368053.000,-1.000,63643.000,-40.000,7200.000,0.000,0.000,0.000,0.000
368063.000,0.000,63643.000,-40.000,7200.000,0.000,0.000,0.000,0.000
368073.000,0.000,63643.000,-40.000,7200.000,0.000,0.000,0.000,0.000
368083.000,0.000,63643.000,-40.000,7200.000,0.000,0.000,0.000,0.000
368093.000,0.000,63643.000,-40.000,7200.000,0.000,0.000,0.000,0.000
368103.000,0.000,63643.000,-40.000,7200.000,0.000,0.000,0.000,0.000
368113.000,0.000,63643.000,-40.000,7200.000,0.000,0.000,0.000,0.000
368123.000,0.000,63643.000,-40.000,7200.000,0.000,0.000,0.000,0.000
368133.000,-4.000,63639.000,-40.000,7200.000,0.000,0.000,0.000,0.000
368143.000,0.000,63639.000,-40.000,7200.000,0.000,0.000,0.000,0.000
368153.000,1.000,63640.000,-40.000,7200.000,0.000,0.000,0.000,0.000
368163.000,-5.000,63635.000,-40.000,7200.000,0.000,0.000,0.000,0.000
368173.000,1.000,63636.000,-40.000,7200.000,0.000,0.000,0.000,0.000
368183.000,0.000,63636.000,-40.000,7200.000,0.000,0.000,0.000,0.000
368193.000,0.000,63636.000,-40.000,7200.000,0.000,0.000,0.000,0.000
368203.000,0.000,63636.000,-40.000,7200.000,0.000,0.000,0.000,0.000
368213.000,0.000,63636.000,-40.000,7200.000,0.000,0.000,0.000,0.000
368223.000,-1.000,63635.000,-40.000,7200.000,0.000,0.000,0.000,0.000
368233.000,0.000,63635.000,-40.000,7200.000,0.000,0.000,0.000,0.000
368243.000,-1.000,63634.000,-40.000,7200.000,0.000,0.000,0.000,0.000
368253.000,-3.000,63631.000,-40.000,7200.000,0.000,0.000,0.000,0.000
368263.000,-4.000,63627.000,-40.000,7200.000,0.000,0.000,0.000,0.000
368273.000,0.000,63627.000,-40.000,7200.000,0.000,0.000,0.000,0.000
368283.000,-4.000,63623.000,-40.000,7200.000,0.000,0.000,0.000,0.000
368293.000,0.000,63623.000,-40.000,7200.000,0.000,0.000,0.000,0.000
368303.000,0.000,63623.000,-40.000,7200.000,0.000,0.000,0.000,0.000
368313.000,0.000,63623.000,-40.000,7200.000,0.000,0.000,0.000,0.000
368323.000,0.000,63623.000,-40.000,7200.000,0.000,0.000,0.000,0.000
368333.000,-4.000,63619.000,-40.000,7200.000,0.000,0.000,0.000,0.000
368343.000,0.000,63619.000,-40.000,7200.000,0.000,0.000,0.000,0.000
368353.000,-4.000,63615.000,-40.000,7200.000,0.000,0.000,0.000,0.000
368363.000,0.000,63615.000,-40.000,7200.000,0.000,0.000,0.000,0.000
368373.000,0.000,63615.000,-40.000,7200.000,0.000,0.000,0.000,0.000
368383.000,0.000,63615.000,-40.000,7200.000,0.000,0.000,0.000,0.000
368393.000,0.000,63615.000,-40.000,7200.000,0.000,0.000,0.000,0.000
368403.000,0.000,63615.000,-40.000,7200.000,0.000,0.000,0.000,0.000
368413.000,0.000,63615.000,-40.000,7200.000,0.000,0.000,0.000,0.000
368423.000,0.000,63615.000,-40.000,7200.000,0.000,0.000,0.000,0.000
368433.000,0.000,63615.000,-40.000,7200.000,0.000,0.000,0.000,0.000
368443.000,0.000,63615.000,-40.000,7200.000,0.000,0.000,0.000,0.000
368453.000,0.000,63615.000,-40.000,7200.000,0.000,0.000,0.000,0.000
368463.000,0.000,63615.000,-40.000,7200.000,0.000,0.000,0.000,0.000
368473.000,0.000,63615.000,-40.000,7200.000,0.000,0.000,0.000,0.000
368483.000,0.000,63615.000,-40.000,7200.000,0.000,0.000,0.000,0.000
368493.000,-4.000,63611.000,-40.000,7200.000,0.000,0.000,0.000,0.000
368503.000,0.000,63611.000,-40.000,7200.000,0.000,0.000,0.000,0.000
368513.000,1.000,63612.000,-40.000,7200.000,0.000,0.000,0.000,0.000
368523.000,-1.000,63611.000,-40.000,7200.000,0.000,0.000,0.000,0.000
368533.000,1.000,63612.000,-40.000,7200.000,0.000,0.000,0.000,0.000
368543.000,0.000,63612.000,-40.000,7200.000,0.000,0.000,0.000,0.000
368553.000,0.000,63612.000,-40.000,7200.000,0.000,0.000,0.000,0.000
368563.000,-4.000,63608.000,-40.000,7200.000,0.000,0.000,0.000,0.000
368573.000,0.000,63608.000,-40.000,7200.000,0.000,0.000,0.000,0.000
368583.000,0.000,63608.000,-40.000,7200.000,0.000,0.000,0.000,0.000
368593.000,-4.000,63604.000,-40.000,7200.000,0.000,0.000,0.000,0.000
368603.000,0.000,63604.000,-40.000,7200.000,0.000,0.000,0.000,0.000
368613.000,-4.000,63600.000,-40.000,7200.000,0.000,0.000,0.000,0.000
368623.000,0.000,63600.000,-40.000,7200.000,0.000,0.000,0.000,0.000
368633.000,0.000,63600.000,-40.000,7200.000,0.000,0.000,0.000,0.000
368643.000,0.000,63600.000,-40.000,7200.000,0.000,0.000,0.000,0.000
368653.000,0.000,63600.000,-40.000,7200.000,0.000,0.000,0.000,0.000
368663.000,0.000,63600.000,-40.000,7200.000,0.000,0.000,0.000,0.000
368673.000,0.000,63600.000,-40.000,7200.000,0.000,0.000,0.000,0.000
368683.000,-4.000,63596.000,-40.000,7200.000,0.000,0.000,0.000,0.000
368693.000,0.000,63596.000,-40.000,7200.000,0.000,0.000,0.000,0.000
368703.000,-1.000,63595.000,-40.000,7200.000,0.000,0.000,0.000,0.000
368713.000,0.000,63595.000,-40.000,7200.000,0.000,0.000,0.000,0.000
368723.000,0.000,63595.000,-40.000,7200.000,0.000,0.000,0.000,0.000
368733.000,-4.000,63591.000,-40.000,7200.000,0.000,0.000,0.000,0.000
368743.000,0.000,63591.000,-40.000,7200.000,0.000,0.000,0.000,0.000
368753.000,0.000,63591.000,-40.000,7200.000,0.000,0.000,0.000,0.000
368763.000,0.000,63591.000,-40.000,7200.000,0.000,0.000,0.000,0.000
368773.000,-4.000,63587.000,-40.000,7200.000,0.000,0.000,0.000,0.000
368783.000,0.000,63587.000,-40.000,7200.000,0.000,0.000,0.000,0.000
368793.000,0.000,63587.000,-40.000,7200.000,0.000,0.000,0.000,0.000
368803.000,0.000,63587.000,-40.000,7200.000,0.000,0.000,0.000,0.000
368813.000,0.000,63587.000,-40.000,7200.000,0.000,0.000,0.000,0.000
368823.000,0.000,63587.000,-40.000,7200.000,0.000,0.000,0.000,0.000
368833.000,-4.000,63583.000,-40.000,7200.000,0.000,0.000,0.000,0.000
368843.000,-4.000,63579.000,-40.000,7200.000,0.000,0.000,0.000,0.000
368853.000,0.000,63579.000,-40.000,7200.000,0.000,0.000,0.000,0.000
368863.000,-4.000,63575.000,-40.000,7200.000,0.000,0.000,0.000,0.000
368873.000,0.000,63575.000,-40.000,7200.000,0.000,0.000,0.000,0.000
368883.000,0.000,63575.000,-40.000,7200.000,0.000,0.000,0.000,0.000
368893.000,0.000,63575.000,-40.000,7200.000,0.000,0.000,0.000,0.000
368903.000,0.000,63575.000,-40.000,7200.000,0.000,0.000,0.000,0.000
368913.000,0.000,63575.000,-40.000,7200.000,0.000,0.000,0.000,0.000
368923.000,0.000,63575.000,-40.000,7200.000,0.000,0.000,0.000,0.000
368933.000,0.000,63575.000,-40.000,7200.000,0.000,0.000,0.000,0.000
368943.000,1.000,63576.000,-40.000,7200.000,0.000,0.000,0.000,0.000
368953.000,0.000,63576.000,-40.000,7200.000,0.000,0.000,0.000,0.000
368963.000,0.000,63576.000,-40.000,7200.000,0.000,0.000,0.000,0.000
368973.000,0.000,63576.000,-40.000,7200.000,0.000,0.000,0.000,0.000
368983.000,-5.000,63571.000,-40.000,7200.000,0.000,0.000,0.000,0.000
368993.000,-4.000,63567.000,-40.000,7200.000,0.000,0.000,0.000,0.000
369003.000,-4.000,63563.000,-40.000,7200.000,0.000,0.000,0.000,0.000
369013.000,0.000,63563.000,-40.000,7200.000,0.000,0.000,0.000,0.000
369023.000,0.000,63563.000,-40.000,7200.000,0.000,0.000,0.000,0.000
369033.000,-1.000,63562.000,-40.000,7200.000,0.000,0.000,0.000,0.000
369043.000,-2.000,63560.000,-40.000,7200.000,0.000,0.000,0.000,0.000
369053.000,-4.000,63556.000,-40.000,7200.000,0.000,0.000,0.000,0.000
369063.000,0.000,63556.000,-40.000,7200.000,0.000,0.000,0.000,0.000
369073.000,0.000,63556.000,-40.000,7200.000,0.000,0.000,0.000,0.000
369083.000,-1.000,63555.000,-40.000,7200.000,0.000,0.000,0.000,0.000
369093.000,0.000,63555.000,-40.000,7200.000,0.000,0.000,0.000,0.000
369103.000,0.000,63555.000,-40.000,7200.000,0.000,0.000,0.000,0.000
369113.000,0.000,63555.000,-40.000,7200.000,0.000,0.000,0.000,0.000
369123.000,-4.000,63551.000,-40.000,7200.000,0.000,0.000,0.000,0.000
369133.000,-4.000,63547.000,-40.000,7200.000,0.000,0.000,0.000,0.000
369143.000,0.000,63547.000,-40.000,7200.000,0.000,0.000,0.000,0.000
369153.000,0.000,63547.000,-40.000,7200.000,0.000,0.000,0.000,0.000
369163.000,-3.000,63544.000,-40.000,7200.000,0.000,0.000,0.000,0.000
369173.000,0.000,63544.000,-40.000,7200.000,0.000,0.000,0.000,0.000
369183.000,0.000,63544.000,-40.000,7200.000,0.000,0.000,0.000,0.000
369193.000,0.000,63544.000,-40.000,7200.000,0.000,0.000,0.000,0.000
369203.000,0.000,63544.000,-40.000,7200.000,0.000,0.000,0.000,0.000
369213.000,-5.000,63539.000,-40.000,7200.000,0.000,0.000,0.000,0.000
369223.000,0.000,63539.000,-40.000,7200.000,0.000,0.000,0.000,0.000
369233.000,0.000,63539.000,-40.000,7200.000,0.000,0.000,0.000,0.000
369243.000,0.000,63539.000,-40.000,7200.000,0.000,0.000,0.000,0.000
369253.000,0.000,63539.000,-40.000,7200.000,0.000,0.000,0.000,0.000
369263.000,0.000,63539.000,-40.000,7200.000,0.000,0.000,0.000,0.000
369273.000,0.000,63539.000,-40.000,7200.000,0.000,0.000,0.000,0.000
369283.000,0.000,63539.000,-40.000,7200.000,0.000,0.000,0.000,0.000
369293.000,1.000,63540.000,-40.000,7200.000,0.000,0.000,0.000,0.000
369303.000,-4.000,63536.000,-40.000,7200.000,0.000,0.000,0.000,0.000
369313.000,0.000,63536.000,-40.000,7200.000,0.000,0.000,0.000,0.000
369323.000,0.000,63536.000,-40.000,7200.000,0.000,0.000,0.000,0.000
369333.000,-1.000,63535.000,-40.000,7200.000,0.000,0.000,0.000,0.000
369343.000,0.000,63535.000,-40.000,7200.000,0.000,0.000,0.000,0.000
369353.000,0.000,63535.000,-40.000,7200.000,0.000,0.000,0.000,0.000
369363.000,-4.000,63531.000,-40.000,7200.000,0.000,0.000,0.000,0.000
369373.000,0.000,63531.000,-40.000,7200.000,0.000,0.000,0.000,0.000
369383.000,-4.000,63527.000,-40.000,7200.000,0.000,0.000,0.000,0.000
369393.000,0.000,63527.000,-40.000,7200.000,0.000,0.000,0.000,0.000
369403.000,-3.000,63524.000,-40.000,7200.000,0.000,0.000,0.000,0.000
369413.000,0.000,63524.000,-40.000,7200.000,0.000,0.000,0.000,0.000
369423.000,0.000,63524.000,-40.000,7200.000,0.000,0.000,0.000,0.000
369433.000,0.000,63524.000,-40.000,7200.000,0.000,0.000,0.000,0.000
369443.000,-1.000,63523.000,-40.000,7200.000,0.000,0.000,0.000,0.000
369453.000,0.000,63523.000,-40.000,7200.000,0.000,0.000,0.000,0.000
369463.000,-4.000,63519.000,-40.000,7200.000,0.000,0.000,0.000,0.000
369473.000,0.000,63519.000,-40.000,7200.000,0.000,0.000,0.000,0.000
369483.000,0.000,63519.000,-40.000,7200.000,0.000,0.000,0.000,0.000
369493.000,-4.000,63515.000,-40.000,7200.000,0.000,0.000,0.000,0.000
369503.000,0.000,63515.000,-40.000,7200.000,0.000,0.000,0.000,0.000
369513.000,1.000,63516.000,-40.000,7200.000,0.000,0.000,0.000,0.000
369523.000,0.000,63516.000,-40.000,7200.000,0.000,0.000,0.000,0.000
369533.000,-1.000,63515.000,-40.000,7200.000,0.000,0.000,0.000,0.000
369543.000,-4.000,63511.000,-40.000,7200.000,0.000,0.000,0.000,0.000
369553.000,0.000,63511.000,-40.000,7200.000,0.000,0.000,0.000,0.000
369563.000,0.000,63511.000,-40.000,7200.000,0.000,0.000,0.000,0.000
369573.000,1.000,63512.000,-40.000,7200.000,0.000,0.000,0.000,0.000
369583.000,0.000,63512.000,-40.000,7200.000,0.000,0.000,0.000,0.000
369593.000,-1.000,63511.000,-40.000,7200.000,0.000,0.000,0.000,0.000
369603.000,0.000,63511.000,-40.000,7200.000,0.000,0.000,0.000,0.000
369613.000,0.000,63511.000,-40.000,7200.000,0.000,0.000,0.000,0.000
369623.000,0.000,63511.000,-40.000,7200.000,0.000,0.000,0.000,0.000
369633.000,1.000,63512.000,-40.000,7200.000,0.000,0.000,0.000,0.000
369643.000,0.000,63512.000,-40.000,7200.000,0.000,0.000,0.000,0.000
369653.000,-1.000,63511.000,-40.000,7200.000,0.000,0.000,0.000,0.000
369663.000,-4.000,63507.000,-40.000,7200.000,0.000,0.000,0.000,0.000
369673.000,0.000,63507.000,-40.000,7200.000,0.000,0.000,0.000,0.000
369683.000,0.000,63507.000,-40.000,7200.000,0.000,0.000,0.000,0.000
369693.000,0.000,63507.000,-40.000,7200.000,0.000,0.000,0.000,0.000
369703.000,1.000,63508.000,-40.000,7200.000,0.000,0.000,0.000,0.000
369713.000,0.000,63508.000,-40.000,7200.000,0.000,0.000,0.000,0.000
369723.000,0.000,63508.000,-40.000,7200.000,0.000,0.000,0.000,0.000
369733.000,-1.000,63507.000,-40.000,7200.000,0.000,0.000,0.000,0.000
369743.000,0.000,63507.000,-40.000,7200.000,0.000,0.000,0.000,0.000
369753.000,0.000,63507.000,-40.000,7200.000,0.000,0.000,0.000,0.000
369763.000,0.000,63507.000,-40.000,7200.000,0.000,0.000,0.000,0.000
369773.000,-4.000,63503.000,-40.000,7200.000,0.000,0.000,0.000,0.000
369783.000,1.000,63504.000,-40.000,7200.000,0.000,0.000,0.000,0.000
369793.000,0.000,63504.000,-40.000,7200.000,0.000,0.000,0.000,0.000
369803.000,0.000,63504.000,-40.000,7200.000,0.000,0.000,0.000,0.000
369813.000,-1.000,63503.000,-40.000,7200.000,0.000,0.000,0.000,0.000
369823.000,0.000,63503.000,-40.000,7200.000,0.000,0.000,0.000,0.000
369833.000,0.000,63503.000,-40.000,7200.000,0.000,0.000,0.000,0.000
369843.000,0.000,63503.000,-40.000,7200.000,0.000,0.000,0.000,0.000
369853.000,0.000,63503.000,-40.000,7200.000,0.000,0.000,0.000,0.000
369863.000,-3.000,63500.000,-40.000,7200.000,0.000,0.000,0.000,0.000
369873.000,0.000,63500.000,-40.000,7200.000,0.000,0.000,0.000,0.000
369883.000,0.000,63500.000,-40.000,7200.000,0.000,0.000,0.000,0.000
369893.000,-1.000,63499.000,-40.000,7200.000,0.000,0.000,0.000,0.000
369903.000,-4.000,63495.000,-40.000,7200.000,0.000,0.000,0.000,0.000
369913.000,0.000,63495.000,-40.000,7200.000,0.000,0.000,0.000,0.000
369923.000,0.000,63495.000,-40.000,7200.000,0.000,0.000,0.000,0.000
369933.000,0.000,63495.000,-40.000,7200.000,0.000,0.000,0.000,0.000
369943.000,1.000,63496.000,-40.000,7200.000,0.000,0.000,0.000,0.000
369953.000,0.000,63496.000,-40.000,7200.000,0.000,0.000,0.000,0.000
369963.000,0.000,63496.000,-40.000,7200.000,0.000,0.000,0.000,0.000
369973.000,-1.000,63495.000,-40.000,7200.000,0.000,0.000,0.000,0.000
369983.000,0.000,63495.000,-40.000,7200.000,0.000,0.000,0.000,0.000
369993.000,0.000,63495.000,-40.000,7200.000,0.000,0.000,0.000,0.000
370003.000,0.000,63495.000,-40.000,7200.000,0.000,0.000,0.000,0.000
370013.000,0.000,63495.000,-40.000,7200.000,0.000,0.000,0.000,0.000
370023.000,1.000,63496.000,-40.000,7200.000,0.000,0.000,0.000,0.000
370033.000,0.000,63496.000,-40.000,7200.000,0.000,0.000,0.000,0.000
370043.000,0.000,63496.000,-40.000,7200.000,0.000,0.000,0.000,0.000
370053.000,-1.000,63495.000,-40.000,7200.000,0.000,0.000,0.000,0.000
370063.000,0.000,63495.000,-40.000,7200.000,0.000,0.000,0.000,0.000
370073.000,0.000,63495.000,-40.000,7200.000,0.000,0.000,0.000,0.000
370083.000,0.000,63495.000,-40.000,7200.000,0.000,0.000,0.000,0.000
370093.000,-4.000,63491.000,-40.000,7200.000,0.000,0.000,0.000,0.000
370103.000,0.000,63491.000,-40.000,7200.000,0.000,0.000,0.000,0.000
370113.000,1.000,63492.000,-40.000,7200.000,0.000,0.000,0.000,0.000
370123.000,0.000,63492.000,-40.000,7200.000,0.000,0.000,0.000,0.000
370133.000,-1.000,63491.000,-40.000,7200.000,0.000,0.000,0.000,0.000
370143.000,0.000,63491.000,-40.000,7200.000,0.000,0.000,0.000,0.000
370153.000,-4.000,63487.000,-40.000,7200.000,0.000,0.000,0.000,0.000
370163.000,0.000,63487.000,-40.000,7200.000,0.000,0.000,0.000,0.000
370173.000,1.000,63488.000,-40.000,7200.000,0.000,0.000,0.000,0.000
370183.000,-4.000,63484.000,-40.000,7200.000,0.000,0.000,0.000,0.000
370193.000,-1.000,63483.000,-40.000,7200.000,0.000,0.000,0.000,0.000
370203.000,-4.000,63479.000,-40.000,7200.000,0.000,0.000,0.000,0.000
370213.000,0.000,63479.000,-40.000,7200.000,0.000,0.000,0.000,0.000
370223.000,0.000,63479.000,-40.000,7200.000,0.000,0.000,0.000,0.000
370233.000,-3.000,63476.000,-40.000,7200.000,0.000,0.000,0.000,0.000
370243.000,-1.000,63475.000,-40.000,7200.000,0.000,0.000,0.000,0.000
370253.000,1.000,63476.000,-40.000,7200.000,0.000,0.000,0.000,0.000
370263.000,-1.000,63475.000,-40.000,7200.000,0.000,0.000,0.000,0.000
370273.000,0.000,63475.000,-40.000,7200.000,0.000,0.000,0.000,0.000
370283.000,-4.000,63471.000,-40.000,7200.000,0.000,0.000,0.000,0.000
370293.000,-4.000,63467.000,-40.000,7200.000,0.000,0.000,0.000,0.000
370303.000,0.000,63467.000,-40.000,7200.000,0.000,0.000,0.000,0.000
370313.000,-7.000,63460.000,-40.000,7200.000,0.000,0.000,0.000,0.000
370323.000,0.000,63460.000,-40.000,7200.000,0.000,0.000,0.000,0.000
370333.000,0.000,63460.000,-40.000,7200.000,0.000,0.000,0.000,0.000
370343.000,-1.000,63459.000,-40.000,7200.000,0.000,0.000,0.000,0.000
370353.000,0.000,63459.000,-40.000,7200.000,0.000,0.000,0.000,0.000
370363.000,0.000,63459.000,-40.000,7200.000,0.000,0.000,0.000,0.000
370373.000,-4.000,63455.000,-40.000,7200.000,0.000,0.000,0.000,0.000
370383.000,0.000,63455.000,-40.000,7200.000,0.000,0.000,0.000,0.000
370393.000,0.000,63455.000,-40.000,7200.000,0.000,0.000,0.000,0.000
370403.000,1.000,63456.000,-40.000,7200.000,0.000,0.000,0.000,0.000
370413.000,0.000,63456.000,-40.000,7200.000,0.000,0.000,0.000,0.000
370423.000,0.000,63456.000,-40.000,7200.000,0.000,0.000,0.000,0.000
370433.000,-1.000,63455.000,-40.000,7200.000,0.000,0.000,0.000,0.000
370443.000,-4.000,63451.000,-40.000,7200.000,0.000,0.000,0.000,0.000
370453.000,-4.000,63447.000,-40.000,7200.000,0.000,0.000,0.000,0.000
370463.000,0.000,63447.000,-40.000,7200.000,0.000,0.000,0.000,0.000
370473.000,0.000,63447.000,-40.000,7200.000,0.000,0.000,0.000,0.000
370483.000,0.000,63447.000,-40.000,7200.000,0.000,0.000,0.000,0.000
370493.000,1.000,63448.000,-40.000,7200.000,0.000,0.000,0.000,0.000
370503.000,0.000,63448.000,-40.000,7200.000,0.000,0.000,0.000,0.000
370513.000,0.000,63448.000,-40.000,7200.000,0.000,0.000,0.000,0.000
370523.000,-1.000,63447.000,-40.000,7200.000,0.000,0.000,0.000,0.000
370533.000,0.000,63447.000,-40.000,7200.000,0.000,0.000,0.000,0.000
370543.000,0.000,63447.000,-40.000,7200.000,0.000,0.000,0.000,0.000
370553.000,0.000,63447.000,-40.000,7200.000,0.000,0.000,0.000,0.000
370563.000,0.000,63447.000,-40.000,7200.000,0.000,0.000,0.000,0.000
370573.000,0.000,63447.000,-40.000,7200.000,0.000,0.000,0.000,0.000
370583.000,-4.000,63443.000,-40.000,7200.000,0.000,0.000,0.000,0.000
370593.000,1.000,63444.000,-40.000,7200.000,0.000,0.000,0.000,0.000
370603.000,0.000,63444.000,-40.000,7200.000,0.000,0.000,0.000,0.000
370613.000,0.000,63444.000,-40.000,7200.000,0.000,0.000,0.000,0.000
370623.000,-4.000,63440.000,-40.000,7200.000,0.000,0.000,0.000,0.000
370633.000,-5.000,63435.000,-40.000,7200.000,0.000,0.000,0.000,0.000
370643.000,0.000,63435.000,-40.000,7200.000,0.000,0.000,0.000,0.000
370653.000,0.000,63435.000,-40.000,7200.000,0.000,0.000,0.000,0.000
370663.000,0.000,63435.000,-40.000,7200.000,0.000,0.000,0.000,0.000
370673.000,-4.000,63431.000,-40.000,7200.000,0.000,0.000,0.000,0.000
370683.000,-4.000,63427.000,-40.000,7200.000,0.000,0.000,0.000,0.000
370693.000,0.000,63427.000,-40.000,7200.000,0.000,0.000,0.000,0.000
370703.000,0.000,63427.000,-40.000,7200.000,0.000,0.000,0.000,0.000
370713.000,1.000,63428.000,-40.000,7200.000,0.000,0.000,0.000,0.000
370723.000,0.000,63428.000,-40.000,7200.000,0.000,0.000,0.000,0.000
370733.000,-4.000,63424.000,-40.000,7200.000,0.000,0.000,0.000,0.000
370743.000,0.000,63424.000,-40.000,7200.000,0.000,0.000,0.000,0.000
370753.000,0.000,63424.000,-40.000,7200.000,0.000,0.000,0.000,0.000
370763.000,-1.000,63423.000,-40.000,7200.000,0.000,0.000,0.000,0.000
370773.000,0.000,63423.000,-40.000,7200.000,0.000,0.000,0.000,0.000
370783.000,0.000,63423.000,-40.000,7200.000,0.000,0.000,0.000,0.000
370793.000,0.000,63423.000,-40.000,7200.000,0.000,0.000,0.000,0.000
370803.000,0.000,63423.000,-40.000,7200.000,0.000,0.000,0.000,0.000
370813.000,-4.000,63419.000,-40.000,7200.000,0.000,0.000,0.000,0.000
370823.000,-4.000,63415.000,-40.000,7200.000,0.000,0.000,0.000,0.000
370833.000,0.000,63415.000,-40.000,7200.000,0.000,0.000,0.000,0.000
370843.000,1.000,63416.000,-40.000,7200.000,0.000,0.000,0.000,0.000
370853.000,0.000,63416.000,-40.000,7200.000,0.000,0.000,0.000,0.000
370863.000,0.000,63416.000,-40.000,7200.000,0.000,0.000,0.000,0.000
370873.000,0.000,63416.000,-40.000,7200.000,0.000,0.000,0.000,0.000
370883.000,-4.000,63412.000,-40.000,7200.000,0.000,0.000,0.000,0.000
370893.000,0.000,63412.000,-40.000,7200.000,0.000,0.000,0.000,0.000
370903.000,-1.000,63411.000,-40.000,7200.000,0.000,0.000,0.000,0.000
370913.000,-8.000,63403.000,-40.000,7200.000,0.000,0.000,0.000,0.000
370923.000,0.000,63403.000,-40.000,7200.000,0.000,0.000,0.000,0.000
370933.000,0.000,63403.000,-40.000,7200.000,0.000,0.000,0.000,0.000
370943.000,0.000,63403.000,-40.000,7200.000,0.000,0.000,0.000,0.000
370953.000,0.000,63403.000,-40.000,7200.000,0.000,0.000,0.000,0.000
370963.000,0.000,63403.000,-40.000,7200.000,0.000,0.000,0.000,0.000
370973.000,-4.000,63399.000,-40.000,7200.000,0.000,0.000,0.000,0.000
370983.000,0.000,63399.000,-40.000,7200.000,0.000,0.000,0.000,0.000
370993.000,-4.000,63395.000,-40.000,7200.000,0.000,0.000,0.000,0.000
371003.000,0.000,63395.000,-40.000,7200.000,0.000,0.000,0.000,0.000
371013.000,0.000,63395.000,-40.000,7200.000,0.000,0.000,0.000,0.000
371023.000,1.000,63396.000,-40.000,7200.000,0.000,0.000,0.000,0.000
371033.000,-1.000,63395.000,-40.000,7200.000,0.000,0.000,0.000,0.000
371043.000,-3.000,63392.000,-40.000,7200.000,0.000,0.000,0.000,0.000
371053.000,-4.000,63388.000,-40.000,7200.000,0.000,0.000,0.000,0.000
371063.000,-1.000,63387.000,-40.000,7200.000,0.000,0.000,0.000,0.000
371073.000,0.000,63387.000,-40.000,7200.000,0.000,0.000,0.000,0.000
371083.000,-4.000,63383.000,-40.000,7200.000,0.000,0.000,0.000,0.000
371093.000,0.000,63383.000,-40.000,7200.000,0.000,0.000,0.000,0.000
371103.000,0.000,63383.000,-40.000,7200.000,0.000,0.000,0.000,0.000
371113.000,0.000,63383.000,-40.000,7200.000,0.000,0.000,0.000,0.000
371123.000,0.000,63383.000,-40.000,7200.000,0.000,0.000,0.000,0.000
371133.000,-3.000,63380.000,-40.000,7200.000,0.000,0.000,0.000,0.000
371143.000,-4.000,63376.000,-40.000,7200.000,0.000,0.000,0.000,0.000
371153.000,0.000,63376.000,-40.000,7200.000,0.000,0.000,0.000,0.000
371163.000,-5.000,63371.000,-40.000,7200.000,0.000,0.000,0.000,0.000
371173.000,0.000,63371.000,-40.000,7200.000,0.000,0.000,0.000,0.000
371183.000,0.000,63371.000,-40.000,7200.000,0.000,0.000,0.000,0.000
371193.000,0.000,63371.000,-40.000,7200.000,0.000,0.000,0.000,0.000
371203.000,0.000,63371.000,-40.000,7200.000,0.000,0.000,0.000,0.000
371213.000,-4.000,63367.000,-40.000,7200.000,0.000,0.000,0.000,0.000
371223.000,-4.000,63363.000,-40.000,7200.000,0.000,0.000,0.000,0.000
371233.000,1.000,63364.000,-40.000,7200.000,0.000,0.000,0.000,0.000
371243.000,0.000,63364.000,-40.000,7200.000,0.000,0.000,0.000,0.000
371253.000,-4.000,63360.000,-40.000,7200.000,0.000,0.000,0.000,0.000
371263.000,-4.000,63356.000,-40.000,7200.000,0.000,0.000,0.000,0.000
371273.000,-1.000,63355.000,-40.000,7200.000,0.000,0.000,0.000,0.000
371283.000,0.000,63355.000,-40.000,7200.000,0.000,0.000,0.000,0.000
371293.000,-4.000,63351.000,-40.000,7200.000,0.000,0.000,0.000,0.000
371303.000,-4.000,63347.000,-40.000,7200.000,0.000,0.000,0.000,0.000
371313.000,0.000,63347.000,-40.000,7200.000,0.000,0.000,0.000,0.000
371323.000,0.000,63347.000,-40.000,7200.000,0.000,0.000,0.000,0.000
371333.000,1.000,63348.000,-40.000,7200.000,0.000,0.000,0.000,0.000
371343.000,0.000,63348.000,-40.000,7200.000,0.000,0.000,0.000,0.000
371353.000,-4.000,63344.000,-40.000,7200.000,0.000,0.000,0.000,0.000
371363.000,-1.000,63343.000,-40.000,7200.000,0.000,0.000,0.000,0.000
371373.000,0.000,63343.000,-40.000,7200.000,0.000,0.000,0.000,0.000
371383.000,-4.000,63339.000,-40.000,7200.000,0.000,0.000,0.000,0.000
371393.000,0.000,63339.000,-40.000,7200.000,0.000,0.000,0.000,0.000
371403.000,0.000,63339.000,-40.000,7200.000,0.000,0.000,0.000,0.000
371413.000,1.000,63340.000,-40.000,7200.000,0.000,0.000,0.000,0.000
371423.000,0.000,63340.000,-40.000,7200.000,0.000,0.000,0.000,0.000
371433.000,-1.000,63339.000,-40.000,7200.000,0.000,0.000,0.000,0.000
371443.000,0.000,63339.000,-40.000,7200.000,0.000,0.000,0.000,0.000
371453.000,0.000,63339.000,-40.000,7200.000,0.000,0.000,0.000,0.000
371463.000,0.000,63339.000,-40.000,7200.000,0.000,0.000,0.000,0.000
371473.000,0.000,63339.000,-40.000,7200.000,0.000,0.000,0.000,0.000
371483.000,1.000,63340.000,-40.000,7200.000,0.000,0.000,0.000,0.000
371493.000,0.000,63340.000,-40.000,7200.000,0.000,0.000,0.000,0.000
371503.000,-4.000,63336.000,-40.000,7200.000,0.000,0.000,0.000,0.000
371513.000,-1.000,63335.000,-40.000,7200.000,0.000,0.000,0.000,0.000
371523.000,0.000,63335.000,-40.000,7200.000,0.000,0.000,0.000,0.000
371533.000,0.000,63335.000,-40.000,7200.000,0.000,0.000,0.000,0.000
371543.000,-4.000,63331.000,-40.000,7200.000,0.000,0.000,0.000,0.000
371553.000,0.000,63331.000,-40.000,7200.000,0.000,0.000,0.000,0.000
371563.000,1.000,63332.000,-40.000,7200.000,0.000,0.000,0.000,0.000
371573.000,-9.000,63323.000,-40.000,7200.000,0.000,0.000,0.000,0.000
371583.000,1.000,63324.000,-40.000,7200.000,0.000,0.000,0.000,0.000
371593.000,0.000,63324.000,-40.000,7200.000,0.000,0.000,0.000,0.000
371603.000,-1.000,63323.000,-40.000,7200.000,0.000,0.000,0.000,0.000
371613.000,0.000,63323.000,-40.000,7200.000,0.000,0.000,0.000,0.000
371623.000,0.000,63323.000,-40.000,7200.000,0.000,0.000,0.000,0.000
371633.000,0.000,63323.000,-40.000,7200.000,0.000,0.000,0.000,0.000
371643.000,1.000,63324.000,-40.000,7200.000,0.000,0.000,0.000,0.000
371653.000,0.000,63324.000,-40.000,7200.000,0.000,0.000,0.000,0.000
371663.000,-5.000,63319.000,-40.000,7200.000,0.000,0.000,0.000,0.000
371673.000,0.000,63319.000,-40.000,7200.000,0.000,0.000,0.000,0.000
371683.000,0.000,63319.000,-40.000,7200.000,0.000,0.000,0.000,0.000
371693.000,1.000,63320.000,-40.000,7200.000,0.000,0.000,0.000,0.000
371703.000,0.000,63320.000,-40.000,7200.000,0.000,0.000,0.000,0.000
371713.000,-5.000,63315.000,-40.000,7200.000,0.000,0.000,0.000,0.000
371723.000,0.000,63315.000,-40.000,7200.000,0.000,0.000,0.000,0.000
371733.000,0.000,63315.000,-40.000,7200.000,0.000,0.000,0.000,0.000
371743.000,0.000,63315.000,-40.000,7200.000,0.000,0.000,0.000,0.000
371753.000,1.000,63316.000,-40.000,7200.000,0.000,0.000,0.000,0.000
371763.000,0.000,63316.000,-40.000,7200.000,0.000,0.000,0.000,0.000
371773.000,0.000,63316.000,-40.000,7200.000,0.000,0.000,0.000,0.000
371783.000,-1.000,63315.000,-40.000,7200.000,0.000,0.000,0.000,0.000
371793.000,0.000,63315.000,-40.000,7200.000,0.000,0.000,0.000,0.000
371803.000,0.000,63315.000,-40.000,7200.000,0.000,0.000,0.000,0.000
371813.000,1.000,63316.000,-40.000,7200.000,0.000,0.000,0.000,0.000
371823.000,0.000,63316.000,-40.000,7200.000,0.000,0.000,0.000,0.000
371833.000,-5.000,63311.000,-40.000,7200.000,0.000,0.000,0.000,0.000
371843.000,-4.000,63307.000,-40.000,7200.000,0.000,0.000,0.000,0.000
371853.000,0.000,63307.000,-40.000,7200.000,0.000,0.000,0.000,0.000
371863.000,0.000,63307.000,-40.000,7200.000,0.000,0.000,0.000,0.000
371873.000,-1.000,63306.000,-40.000,7200.000,0.000,0.000,0.000,0.000
371883.000,-2.000,63304.000,-40.000,7200.000,0.000,0.000,0.000,0.000
371893.000,-4.000,63300.000,-40.000,7200.000,0.000,0.000,0.000,0.000
371903.000,-1.000,63299.000,-40.000,7200.000,0.000,0.000,0.000,0.000
371913.000,0.000,63299.000,-40.000,7200.000,0.000,0.000,0.000,0.000
371923.000,0.000,63299.000,-40.000,7200.000,0.000,0.000,0.000,0.000
371933.000,0.000,63299.000,-40.000,7200.000,0.000,0.000,0.000,0.000
371943.000,1.000,63300.000,-40.000,7200.000,0.000,0.000,0.000,0.000
371953.000,0.000,63300.000,-40.000,7200.000,0.000,0.000,0.000,0.000
371963.000,0.000,63300.000,-40.000,7200.000,0.000,0.000,0.000,0.000
371973.000,-1.000,63299.000,-40.000,7200.000,0.000,0.000,0.000,0.000
371983.000,-4.000,63295.000,-40.000,7200.000,0.000,0.000,0.000,0.000
371993.000,0.000,63295.000,-40.000,7200.000,0.000,0.000,0.000,0.000
372003.000,0.000,63295.000,-40.000,7200.000,0.000,0.000,0.000,0.000
372013.000,1.000,63296.000,-40.000,7200.000,0.000,0.000,0.000,0.000
372023.000,0.000,63296.000,-40.000,7200.000,0.000,0.000,0.000,0.000
372033.000,0.000,63296.000,-40.000,7200.000,0.000,0.000,0.000,0.000
372043.000,-5.000,63291.000,-40.000,7200.000,0.000,0.000,0.000,0.000
372053.000,0.000,63291.000,-40.000,7200.000,0.000,0.000,0.000,0.000
372063.000,0.000,63291.000,-40.000,7200.000,0.000,0.000,0.000,0.000
372073.000,-4.000,63287.000,-40.000,7200.000,0.000,0.000,0.000,0.000
372083.000,-4.000,63283.000,-40.000,7200.000,0.000,0.000,0.000,0.000
372093.000,1.000,63284.000,-40.000,7200.000,0.000,0.000,0.000,0.000
372103.000,0.000,63284.000,-40.000,7200.000,0.000,0.000,0.000,0.000
372113.000,0.000,63284.000,-40.000,7200.000,0.000,0.000,0.000,0.000
372123.000,-5.000,63279.000,-40.000,7200.000,0.000,0.000,0.000,0.000
372133.000,-4.000,63275.000,-40.000,7200.000,0.000,0.000,0.000,0.000
372143.000,0.000,63275.000,-40.000,7200.000,0.000,0.000,0.000,0.000
372153.000,0.000,63275.000,-40.000,7200.000,0.000,0.000,0.000,0.000
372163.000,0.000,63275.000,-40.000,7200.000,0.000,0.000,0.000,0.000
372173.000,1.000,63276.000,-40.000,7200.000,0.000,0.000,0.000,0.000
372183.000,0.000,63276.000,-40.000,7200.000,0.000,0.000,0.000,0.000
372193.000,-5.000,63271.000,-40.000,7200.000,0.000,0.000,0.000,0.000
372203.000,0.000,63271.000,-40.000,7200.000,0.000,0.000,0.000,0.000
372213.000,-4.000,63267.000,-40.000,7200.000,0.000,0.000,0.000,0.000
372223.000,1.000,63268.000,-40.000,7200.000,0.000,0.000,0.000,0.000
372233.000,0.000,63268.000,-40.000,7200.000,0.000,0.000,0.000,0.000
372243.000,-1.000,63267.000,-40.000,7200.000,0.000,0.000,0.000,0.000
372253.000,-4.000,63263.000,-40.000,7200.000,0.000,0.000,0.000,0.000
372263.000,0.000,63263.000,-40.000,7200.000,0.000,0.000,0.000,0.000
372273.000,0.000,63263.000,-40.000,7200.000,0.000,0.000,0.000,0.000
372283.000,1.000,63264.000,-40.000,7200.000,0.000,0.000,0.000,0.000
372293.000,0.000,63264.000,-40.000,7200.000,0.000,0.000,0.000,0.000
372303.000,-1.000,63263.000,-40.000,7200.000,0.000,0.000,0.000,0.000
372313.000,0.000,63263.000,-40.000,7200.000,0.000,0.000,0.000,0.000
372323.000,0.000,63263.000,-40.000,7200.000,0.000,0.000,0.000,0.000
372333.000,0.000,63263.000,-40.000,7200.000,0.000,0.000,0.000,0.000
372343.000,1.000,63264.000,-40.000,7200.000,0.000,0.000,0.000,0.000
372353.000,0.000,63264.000,-40.000,7200.000,0.000,0.000,0.000,0.000
372363.000,-1.000,63263.000,-40.000,7200.000,0.000,0.000,0.000,0.000
372373.000,0.000,63263.000,-40.000,7200.000,0.000,0.000,0.000,0.000
372383.000,0.000,63263.000,-40.000,7200.000,0.000,0.000,0.000,0.000
372393.000,0.000,63263.000,-40.000,7200.000,0.000,0.000,0.000,0.000
372403.000,-3.000,63260.000,-40.000,7200.000,0.000,0.000,0.000,0.000
372413.000,0.000,63260.000,-40.000,7200.000,0.000,0.000,0.000,0.000
372423.000,-9.000,63251.000,-40.000,7200.000,0.000,0.000,0.000,0.000
372433.000,0.000,63251.000,-40.000,7200.000,0.000,0.000,0.000,0.000
372443.000,-4.000,63247.000,-40.000,7200.000,0.000,0.000,0.000,0.000
372453.000,0.000,63247.000,-40.000,7200.000,0.000,0.000,0.000,0.000
372463.000,1.000,63248.000,-40.000,7200.000,0.000,0.000,0.000,0.000
372473.000,0.000,63248.000,-40.000,7200.000,0.000,0.000,0.000,0.000
372483.000,-1.000,63247.000,-40.000,7200.000,0.000,0.000,0.000,0.000
372493.000,0.000,63247.000,-40.000,7200.000,0.000,0.000,0.000,0.000
372503.000,0.000,63247.000,-40.000,7200.000,0.000,0.000,0.000,0.000
372513.000,0.000,63247.000,-40.000,7200.000,0.000,0.000,0.000,0.000
372523.000,1.000,63248.000,-40.000,7200.000,0.000,0.000,0.000,0.000
372533.000,0.000,63248.000,-40.000,7200.000,0.000,0.000,0.000,0.000
372543.000,-5.000,63243.000,-40.000,7200.000,0.000,0.000,0.000,0.000
372553.000,0.000,63243.000,-40.000,7200.000,0.000,0.000,0.000,0.000
372563.000,-4.000,63239.000,-40.000,7200.000,0.000,0.000,0.000,0.000
372573.000,0.000,63239.000,-40.000,7200.000,0.000,0.000,0.000,0.000
372583.000,-4.000,63235.000,-40.000,7200.000,0.000,0.000,0.000,0.000
372593.000,1.000,63236.000,-40.000,7200.000,0.000,0.000,0.000,0.000
372603.000,0.000,63236.000,-40.000,7200.000,0.000,0.000,0.000,0.000
372613.000,-4.000,63232.000,-40.000,7200.000,0.000,0.000,0.000,0.000
372623.000,-1.000,63231.000,-40.000,7200.000,0.000,0.000,0.000,0.000
372633.000,0.000,63231.000,-40.000,7200.000,0.000,0.000,0.000,0.000
372643.000,0.000,63231.000,-40.000,7200.000,0.000,0.000,0.000,0.000
372653.000,0.000,63231.000,-40.000,7200.000,0.000,0.000,0.000,0.000
372663.000,1.000,63232.000,-40.000,7200.000,0.000,0.000,0.000,0.000
372673.000,0.000,63232.000,-40.000,7200.000,0.000,0.000,0.000,0.000
372683.000,0.000,63232.000,-40.000,7200.000,0.000,0.000,0.000,0.000
372693.000,-1.000,63231.000,-40.000,7200.000,0.000,0.000,0.000,0.000
372703.000,0.000,63231.000,-40.000,7200.000,0.000,0.000,0.000,0.000
372713.000,0.000,63231.000,-40.000,7200.000,0.000,0.000,0.000,0.000
372723.000,0.000,63231.000,-40.000,7200.000,0.000,0.000,0.000,0.000
372733.000,0.000,63231.000,-40.000,7200.000,0.000,0.000,0.000,0.000
372743.000,-4.000,63227.000,-40.000,7200.000,0.000,0.000,0.000,0.000
372753.000,1.000,63228.000,-40.000,7200.000,0.000,0.000,0.000,0.000
372763.000,-4.000,63224.000,-40.000,7200.000,0.000,0.000,0.000,0.000
372773.000,0.000,63224.000,-40.000,7200.000,0.000,0.000,0.000,0.000
372783.000,-1.000,63223.000,-40.000,7200.000,0.000,0.000,0.000,0.000
372793.000,0.000,63223.000,-40.000,7200.000,0.000,0.000,0.000,0.000
372803.000,0.000,63223.000,-40.000,7200.000,0.000,0.000,0.000,0.000
372813.000,0.000,63223.000,-40.000,7200.000,0.000,0.000,0.000,0.000
372823.000,0.000,63223.000,-40.000,7200.000,0.000,0.000,0.000,0.000
372833.000,0.000,63223.000,-40.000,7200.000,0.000,0.000,0.000,0.000
372843.000,0.000,63223.000,-40.000,7200.000,0.000,0.000,0.000,0.000
372853.000,1.000,63224.000,-40.000,7200.000,0.000,0.000,0.000,0.000
372863.000,0.000,63224.000,-40.000,7200.000,0.000,0.000,0.000,0.000
372873.000,0.000,63224.000,-40.000,7200.000,0.000,0.000,0.000,0.000
372883.000,-1.000,63223.000,-40.000,7200.000,0.000,0.000,0.000,0.000
372893.000,-4.000,63219.000,-40.000,7200.000,0.000,0.000,0.000,0.000
372903.000,0.000,63219.000,-40.000,7200.000,0.000,0.000,0.000,0.000
372913.000,0.000,63219.000,-40.000,7200.000,0.000,0.000,0.000,0.000
372923.000,0.000,63219.000,-40.000,7200.000,0.000,0.000,0.000,0.000
372933.000,0.000,63219.000,-40.000,7200.000,0.000,0.000,0.000,0.000
372943.000,-4.000,63215.000,-40.000,7200.000,0.000,0.000,0.000,0.000
372953.000,1.000,63216.000,-40.000,7200.000,0.000,0.000,0.000,0.000
372963.000,0.000,63216.000,-40.000,7200.000,0.000,0.000,0.000,0.000
372973.000,0.000,63216.000,-40.000,7200.000,0.000,0.000,0.000,0.000
372983.000,-5.000,63211.000,-40.000,7200.000,0.000,0.000,0.000,0.000
372993.000,-4.000,63207.000,-40.000,7200.000,0.000,0.000,0.000,0.000
373003.000,0.000,63207.000,-40.000,7200.000,0.000,0.000,0.000,0.000
373013.000,0.000,63207.000,-40.000,7200.000,0.000,0.000,0.000,0.000
373023.000,0.000,63207.000,-40.000,7200.000,0.000,0.000,0.000,0.000
373033.000,0.000,63207.000,-40.000,7200.000,0.000,0.000,0.000,0.000
373043.000,0.000,63207.000,-40.000,7200.000,0.000,0.000,0.000,0.000
373053.000,0.000,63207.000,-40.000,7200.000,0.000,0.000,0.000,0.000
373063.000,1.000,63208.000,-40.000,7200.000,0.000,0.000,0.000,0.000
373073.000,0.000,63208.000,-40.000,7200.000,0.000,0.000,0.000,0.000
373083.000,-5.000,63203.000,-40.000,7200.000,0.000,0.000,0.000,0.000
373093.000,0.000,63203.000,-40.000,7200.000,0.000,0.000,0.000,0.000
373103.000,0.000,63203.000,-40.000,7200.000,0.000,0.000,0.000,0.000
373113.000,0.000,63203.000,-40.000,7200.000,0.000,0.000,0.000,0.000
373123.000,-4.000,63199.000,-40.000,7200.000,0.000,0.000,0.000,0.000
373133.000,1.000,63200.000,-40.000,7200.000,0.000,0.000,0.000,0.000
373143.000,0.000,63200.000,-40.000,7200.000,0.000,0.000,0.000,0.000
373153.000,-4.000,63196.000,-40.000,7200.000,0.000,0.000,0.000,0.000
373163.000,-1.000,63195.000,-40.000,7200.000,0.000,0.000,0.000,0.000
373173.000,0.000,63195.000,-40.000,7200.000,0.000,0.000,0.000,0.000
373183.000,0.000,63195.000,-40.000,7200.000,0.000,0.000,0.000,0.000
373193.000,0.000,63195.000,-40.000,7200.000,0.000,0.000,0.000,0.000
373203.000,1.000,63196.000,-40.000,7200.000,0.000,0.000,0.000,0.000
373213.000,-4.000,63192.000,-40.000,7200.000,0.000,0.000,0.000,0.000
373223.000,0.000,63192.000,-40.000,7200.000,0.000,0.000,0.000,0.000
373233.000,-1.000,63191.000,-40.000,7200.000,0.000,0.000,0.000,0.000
373243.000,0.000,63191.000,-40.000,7200.000,0.000,0.000,0.000,0.000
373253.000,0.000,63191.000,-40.000,7200.000,0.000,0.000,0.000,0.000
373263.000,0.000,63191.000,-40.000,7200.000,0.000,0.000,0.000,0.000
373273.000,-4.000,63187.000,-40.000,7200.000,0.000,0.000,0.000,0.000
373283.000,1.000,63188.000,-40.000,7200.000,0.000,0.000,0.000,0.000
373293.000,0.000,63188.000,-40.000,7200.000,0.000,0.000,0.000,0.000
373303.000,0.000,63188.000,-40.000,7200.000,0.000,0.000,0.000,0.000
373313.000,-1.000,63187.000,-40.000,7200.000,0.000,0.000,0.000,0.000
373323.000,0.000,63187.000,-40.000,7200.000,0.000,0.000,0.000,0.000
373333.000,0.000,63187.000,-40.000,7200.000,0.000,0.000,0.000,0.000
373343.000,0.000,63187.000,-40.000,7200.000,0.000,0.000,0.000,0.000
373353.000,0.000,63187.000,-40.000,7200.000,0.000,0.000,0.000,0.000
373363.000,0.000,63187.000,-40.000,7200.000,0.000,0.000,0.000,0.000
373373.000,1.000,63188.000,-40.000,7200.000,0.000,0.000,0.000,0.000
373383.000,0.000,63188.000,-40.000,7200.000,0.000,0.000,0.000,0.000
373393.000,-1.000,63187.000,-40.000,7200.000,0.000,0.000,0.000,0.000
373403.000,0.000,63187.000,-40.000,7200.000,0.000,0.000,0.000,0.000
373413.000,0.000,63187.000,-40.000,7200.000,0.000,0.000,0.000,0.000
373423.000,-4.000,63183.000,-40.000,7200.000,0.000,0.000,0.000,0.000
373433.000,1.000,63184.000,-40.000,7200.000,0.000,0.000,0.000,0.000
373443.000,0.000,63184.000,-40.000,7200.000,0.000,0.000,0.000,0.000
373453.000,-5.000,63179.000,-40.000,7200.000,0.000,0.000,0.000,0.000
373463.000,0.000,63179.000,-40.000,7200.000,0.000,0.000,0.000,0.000
373473.000,-4.000,63175.000,-40.000,7200.000,0.000,0.000,0.000,0.000
373483.000,-4.000,63171.000,-40.000,7200.000,0.000,0.000,0.000,0.000
373493.000,1.000,63172.000,-40.000,7200.000,0.000,0.000,0.000,0.000
373503.000,0.000,63172.000,-40.000,7200.000,0.000,0.000,0.000,0.000
373513.000,-1.000,63171.000,-40.000,7200.000,0.000,0.000,0.000,0.000
373523.000,0.000,63171.000,-40.000,7200.000,0.000,0.000,0.000,0.000
373533.000,0.000,63171.000,-40.000,7200.000,0.000,0.000,0.000,0.000
373543.000,0.000,63171.000,-40.000,7200.000,0.000,0.000,0.000,0.000
373553.000,1.000,63172.000,-40.000,7200.000,0.000,0.000,0.000,0.000
373563.000,0.000,63172.000,-40.000,7200.000,0.000,0.000,0.000,0.000
373573.000,-5.000,63167.000,-40.000,7200.000,0.000,0.000,0.000,0.000
373583.000,0.000,63167.000,-40.000,7200.000,0.000,0.000,0.000,0.000
373593.000,0.000,63167.000,-40.000,7200.000,0.000,0.000,0.000,0.000
373603.000,0.000,63167.000,-40.000,7200.000,0.000,0.000,0.000,0.000
373613.000,1.000,63168.000,-40.000,7200.000,0.000,0.000,0.000,0.000
373623.000,0.000,63168.000,-40.000,7200.000,0.000,0.000,0.000,0.000
373633.000,-1.000,63167.000,-40.000,7200.000,0.000,0.000,0.000,0.000
373643.000,-4.000,63163.000,-40.000,7200.000,0.000,0.000,0.000,0.000
373653.000,0.000,63163.000,-40.000,7200.000,0.000,0.000,0.000,0.000
373663.000,-4.000,63159.000,-40.000,7200.000,0.000,0.000,0.000,0.000
373673.000,0.000,63159.000,-40.000,7200.000,0.000,0.000,0.000,0.000
373683.000,1.000,63160.000,-40.000,7200.000,0.000,0.000,0.000,0.000
373693.000,0.000,63160.000,-40.000,7200.000,0.000,0.000,0.000,0.000
373703.000,-5.000,63155.000,-40.000,7200.000,0.000,0.000,0.000,0.000
373713.000,-4.000,63151.000,-40.000,7200.000,0.000,0.000,0.000,0.000
373723.000,0.000,63151.000,-40.000,7200.000,0.000,0.000,0.000,0.000
373733.000,-3.000,63148.000,-40.000,7200.000,0.000,0.000,0.000,0.000
373743.000,0.000,63148.000,-40.000,7200.000,0.000,0.000,0.000,0.000
373753.000,-1.000,63147.000,-40.000,7200.000,0.000,0.000,0.000,0.000
373763.000,0.000,63147.000,-40.000,7200.000,0.000,0.000,0.000,0.000
373773.000,-4.000,63143.000,-40.000,7200.000,0.000,0.000,0.000,0.000
373783.000,1.000,63144.000,-40.000,7200.000,0.000,0.000,0.000,0.000
373793.000,0.000,63144.000,-40.000,7200.000,0.000,0.000,0.000,0.000
373803.000,-1.000,63143.000,-40.000,7200.000,0.000,0.000,0.000,0.000
373813.000,-4.000,63139.000,-40.000,7200.000,0.000,0.000,0.000,0.000
373823.000,0.000,63139.000,-40.000,7200.000,0.000,0.000,0.000,0.000
373833.000,0.000,63139.000,-40.000,7200.000,0.000,0.000,0.000,0.000
373843.000,1.000,63140.000,-40.000,7200.000,0.000,0.000,0.000,0.000
373853.000,0.000,63140.000,-40.000,7200.000,0.000,0.000,0.000,0.000
373863.000,-5.000,63135.000,-40.000,7200.000,0.000,0.000,0.000,0.000
373873.000,0.000,63135.000,-40.000,7200.000,0.000,0.000,0.000,0.000
373883.000,0.000,63135.000,-40.000,7200.000,0.000,0.000,0.000,0.000
373893.000,1.000,63136.000,-40.000,7200.000,0.000,0.000,0.000,0.000
373903.000,0.000,63136.000,-40.000,7200.000,0.000,0.000,0.000,0.000
373913.000,0.000,63136.000,-40.000,7200.000,0.000,0.000,0.000,0.000
373923.000,-1.000,63135.000,-40.000,7200.000,0.000,0.000,0.000,0.000
373933.000,0.000,63135.000,-40.000,7200.000,0.000,0.000,0.000,0.000
373943.000,0.000,63135.000,-40.000,7200.000,0.000,0.000,0.000,0.000
373953.000,1.000,63136.000,-40.000,7200.000,0.000,0.000,0.000,0.000
373963.000,0.000,63136.000,-40.000,7200.000,0.000,0.000,0.000,0.000
373973.000,-1.000,63135.000,-40.000,7200.000,0.000,0.000,0.000,0.000
373983.000,-4.000,63131.000,-40.000,7200.000,0.000,0.000,0.000,0.000
373993.000,-4.000,63127.000,-40.000,7200.000,0.000,0.000,0.000,0.000
374003.000,1.000,63128.000,-40.000,7200.000,0.000,0.000,0.000,0.000
374013.000,0.000,63128.000,-40.000,7200.000,0.000,0.000,0.000,0.000
374023.000,-5.000,63123.000,-40.000,7200.000,0.000,0.000,0.000,0.000
374033.000,0.000,63123.000,-40.000,7200.000,0.000,0.000,0.000,0.000
374043.000,-8.000,63115.000,-40.000,7200.000,0.000,0.000,0.000,0.000
374053.000,-7.000,63108.000,-40.000,7200.000,0.000,0.000,0.000,0.000
374063.000,-1.000,63107.000,-40.000,7200.000,0.000,0.000,0.000,0.000
374073.000,0.000,63107.000,-40.000,7200.000,0.000,0.000,0.000,0.000
374083.000,0.000,63107.000,-40.000,7200.000,0.000,0.000,0.000,0.000
374093.000,0.000,63107.000,-40.000,7200.000,0.000,0.000,0.000,0.000
374103.000,1.000,63108.000,-40.000,7200.000,0.000,0.000,0.000,0.000
374113.000,-5.000,63103.000,-40.000,7200.000,0.000,0.000,0.000,0.000
374123.000,0.000,63103.000,-40.000,7200.000,0.000,0.000,0.000,0.000
374133.000,0.000,63103.000,-40.000,7200.000,0.000,0.000,0.000,0.000
374143.000,1.000,63104.000,-40.000,7200.000,0.000,0.000,0.000,0.000
374153.000,0.000,63104.000,-40.000,7200.000,0.000,0.000,0.000,0.000
374163.000,-4.000,63100.000,-40.000,7200.000,0.000,0.000,0.000,0.000
374173.000,-5.000,63095.000,-40.000,7200.000,0.000,0.000,0.000,0.000
374183.000,0.000,63095.000,-40.000,7200.000,0.000,0.000,0.000,0.000
374193.000,0.000,63095.000,-40.000,7200.000,0.000,0.000,0.000,0.000
374203.000,-3.000,63092.000,-40.000,7200.000,0.000,0.000,0.000,0.000
374213.000,0.000,63092.000,-40.000,7200.000,0.000,0.000,0.000,0.000
374223.000,-1.000,63091.000,-40.000,7200.000,0.000,0.000,0.000,0.000
374233.000,0.000,63091.000,-40.000,7200.000,0.000,0.000,0.000,0.000
374243.000,0.000,63091.000,-40.000,7200.000,0.000,0.000,0.000,0.000
374253.000,1.000,63092.000,-40.000,7200.000,0.000,0.000,0.000,0.000
374263.000,-4.000,63088.000,-40.000,7200.000,0.000,0.000,0.000,0.000
374273.000,-1.000,63087.000,-40.000,7200.000,0.000,0.000,0.000,0.000
374283.000,0.000,63087.000,-40.000,7200.000,0.000,0.000,0.000,0.000
374293.000,0.000,63087.000,-40.000,7200.000,0.000,0.000,0.000,0.000
374303.000,-4.000,63083.000,-40.000,7200.000,0.000,0.000,0.000,0.000
374313.000,1.000,63084.000,-40.000,7200.000,0.000,0.000,0.000,0.000
374323.000,-1.000,63083.000,-40.000,7200.000,0.000,0.000,0.000,0.000
374333.000,0.000,63083.000,-40.000,7200.000,0.000,0.000,0.000,0.000
374343.000,-4.000,63079.000,-40.000,7200.000,0.000,0.000,0.000,0.000
374353.000,1.000,63080.000,-40.000,7200.000,0.000,0.000,0.000,0.000
374363.000,-1.000,63079.000,-40.000,7200.000,0.000,0.000,0.000,0.000
374373.000,0.000,63079.000,-40.000,7200.000,0.000,0.000,0.000,0.000
374383.000,0.000,63079.000,-40.000,7200.000,0.000,0.000,0.000,0.000
374393.000,1.000,63080.000,-40.000,7200.000,0.000,0.000,0.000,0.000
374403.000,0.000,63080.000,-40.000,7200.000,0.000,0.000,0.000,0.000
374413.000,-1.000,63079.000,-40.000,7200.000,0.000,0.000,0.000,0.000
374423.000,0.000,63079.000,-40.000,7200.000,0.000,0.000,0.000,0.000
374433.000,0.000,63079.000,-40.000,7200.000,0.000,0.000,0.000,0.000
374443.000,-3.000,63076.000,-40.000,7200.000,0.000,0.000,0.000,0.000
374453.000,0.000,63076.000,-40.000,7200.000,0.000,0.000,0.000,0.000
374463.000,-1.000,63075.000,-40.000,7200.000,0.000,0.000,0.000,0.000
374473.000,-4.000,63071.000,-40.000,7200.000,0.000,0.000,0.000,0.000
374483.000,0.000,63071.000,-40.000,7200.000,0.000,0.000,0.000,0.000
374493.000,1.000,63072.000,-40.000,7200.000,0.000,0.000,0.000,0.000
374503.000,0.000,63072.000,-40.000,7200.000,0.000,0.000,0.000,0.000
374513.000,-1.000,63071.000,-40.000,7200.000,0.000,0.000,0.000,0.000
374523.000,-4.000,63067.000,-40.000,7200.000,0.000,0.000,0.000,0.000
374533.000,0.000,63067.000,-40.000,7200.000,0.000,0.000,0.000,0.000
374543.000,1.000,63068.000,-40.000,7200.000,0.000,0.000,0.000,0.000
374553.000,0.000,63068.000,-40.000,7200.000,0.000,0.000,0.000,0.000
374563.000,-5.000,63063.000,-40.000,7200.000,0.000,0.000,0.000,0.000
374573.000,0.000,63063.000,-40.000,7200.000,0.000,0.000,0.000,0.000
374583.000,0.000,63063.000,-40.000,7200.000,0.000,0.000,0.000,0.000
374593.000,0.000,63063.000,-40.000,7200.000,0.000,0.000,0.000,0.000
374603.000,1.000,63064.000,-40.000,7200.000,0.000,0.000,0.000,0.000
374613.000,0.000,63064.000,-40.000,7200.000,0.000,0.000,0.000,0.000
374623.000,-1.000,63063.000,-40.000,7200.000,0.000,0.000,0.000,0.000
374633.000,0.000,63063.000,-40.000,7200.000,0.000,0.000,0.000,0.000
374643.000,0.000,63063.000,-40.000,7200.000,0.000,0.000,0.000,0.000
374653.000,-4.000,63059.000,-40.000,7200.000,0.000,0.000,0.000,0.000
374663.000,0.000,63059.000,-40.000,7200.000,0.000,0.000,0.000,0.000
374673.000,1.000,63060.000,-40.000,7200.000,0.000,0.000,0.000,0.000
374683.000,0.000,63060.000,-40.000,7200.000,0.000,0.000,0.000,0.000
374693.000,-1.000,63059.000,-40.000,7200.000,0.000,0.000,0.000,0.000
374703.000,0.000,63059.000,-40.000,7200.000,0.000,0.000,0.000,0.000
374713.000,0.000,63059.000,-40.000,7200.000,0.000,0.000,0.000,0.000
374723.000,0.000,63059.000,-40.000,7200.000,0.000,0.000,0.000,0.000
374733.000,-1.000,63058.000,-40.000,7200.000,0.000,0.000,0.000,0.000
374743.000,-2.000,63056.000,-40.000,7200.000,0.000,0.000,0.000,0.000
374753.000,0.000,63056.000,-40.000,7200.000,0.000,0.000,0.000,0.000
374763.000,-4.000,63052.000,-40.000,7200.000,0.000,0.000,0.000,0.000
374773.000,-1.000,63051.000,-40.000,7200.000,0.000,0.000,0.000,0.000
374783.000,0.000,63051.000,-40.000,7200.000,0.000,0.000,0.000,0.000
374793.000,0.000,63051.000,-40.000,7200.000,0.000,0.000,0.000,0.000
374803.000,0.000,63051.000,-40.000,7200.000,0.000,0.000,0.000,0.000
374813.000,0.000,63051.000,-40.000,7200.000,0.000,0.000,0.000,0.000
374823.000,-3.000,63048.000,-40.000,7200.000,0.000,0.000,0.000,0.000
374833.000,-4.000,63044.000,-40.000,7200.000,0.000,0.000,0.000,0.000
374843.000,-5.000,63039.000,-40.000,7200.000,0.000,0.000,0.000,0.000
374853.000,0.000,63039.000,-40.000,7200.000,0.000,0.000,0.000,0.000
374863.000,-4.000,63035.000,-40.000,7200.000,0.000,0.000,0.000,0.000
374873.000,-4.000,63031.000,-40.000,7200.000,0.000,0.000,0.000,0.000
374883.000,-4.000,63027.000,-40.000,7200.000,0.000,0.000,0.000,0.000
374893.000,1.000,63028.000,-40.000,7200.000,0.000,0.000,0.000,0.000
374903.000,0.000,63028.000,-40.000,7200.000,0.000,0.000,0.000,0.000
374913.000,-4.000,63024.000,-40.000,7200.000,0.000,0.000,0.000,0.000
374923.000,-5.000,63019.000,-40.000,7200.000,0.000,0.000,0.000,0.000
374933.000,0.000,63019.000,-40.000,7200.000,0.000,0.000,0.000,0.000
374943.000,0.000,63019.000,-40.000,7200.000,0.000,0.000,0.000,0.000
374953.000,0.000,63019.000,-40.000,7200.000,0.000,0.000,0.000,0.000
374963.000,1.000,63020.000,-40.000,7200.000,0.000,0.000,0.000,0.000
374973.000,0.000,63020.000,-40.000,7200.000,0.000,0.000,0.000,0.000
374983.000,-1.000,63019.000,-40.000,7200.000,0.000,0.000,0.000,0.000
374993.000,0.000,63019.000,-40.000,7200.000,0.000,0.000,0.000,0.000
375003.000,-4.000,63015.000,-40.000,7200.000,0.000,0.000,0.000,0.000
375013.000,0.000,63015.000,-40.000,7200.000,0.000,0.000,0.000,0.000
375023.000,0.000,63015.000,-40.000,7200.000,0.000,0.000,0.000,0.000
375033.000,1.000,63016.000,-40.000,7200.000,0.000,0.000,0.000,0.000
375043.000,0.000,63016.000,-40.000,7200.000,0.000,0.000,0.000,0.000
375053.000,-1.000,63015.000,-40.000,7200.000,0.000,0.000,0.000,0.000
375063.000,0.000,63015.000,-40.000,7200.000,0.000,0.000,0.000,0.000
375073.000,0.000,63015.000,-40.000,7200.000,0.000,0.000,0.000,0.000
375083.000,0.000,63015.000,-40.000,7200.000,0.000,0.000,0.000,0.000
375093.000,0.000,63015.000,-40.000,7200.000,0.000,0.000,0.000,0.000
375103.000,-3.000,63012.000,-40.000,7200.000,0.000,0.000,0.000,0.000
375113.000,-4.000,63008.000,-40.000,7200.000,0.000,0.000,0.000,0.000
375123.000,-5.000,63003.000,-40.000,7200.000,0.000,0.000,0.000,0.000
375133.000,0.000,63003.000,-40.000,7200.000,0.000,0.000,0.000,0.000
375143.000,0.000,63003.000,-40.000,7200.000,0.000,0.000,0.000,0.000
375153.000,0.000,63003.000,-40.000,7200.000,0.000,0.000,0.000,0.000
375163.000,0.000,63003.000,-40.000,7200.000,0.000,0.000,0.000,0.000
375173.000,0.000,63003.000,-40.000,7200.000,0.000,0.000,0.000,0.000
375183.000,-3.000,63000.000,-40.000,7200.000,0.000,0.000,0.000,0.000
375193.000,0.000,63000.000,-40.000,7200.000,0.000,0.000,0.000,0.000
375203.000,-4.000,62996.000,-40.000,7200.000,0.000,0.000,0.000,0.000
375213.000,-1.000,62995.000,-40.000,7200.000,0.000,0.000,0.000,0.000
375223.000,0.000,62995.000,-40.000,7200.000,0.000,0.000,0.000,0.000
375233.000,0.000,62995.000,-40.000,7200.000,0.000,0.000,0.000,0.000
375243.000,-4.000,62991.000,-40.000,7200.000,0.000,0.000,0.000,0.000
375253.000,0.000,62991.000,-40.000,7200.000,0.000,0.000,0.000,0.000
375263.000,0.000,62991.000,-40.000,7200.000,0.000,0.000,0.000,0.000
375273.000,1.000,62992.000,-40.000,7200.000,0.000,0.000,0.000,0.000
375283.000,0.000,62992.000,-40.000,7200.000,0.000,0.000,0.000,0.000
375293.000,0.000,62992.000,-40.000,7200.000,0.000,0.000,0.000,0.000
375303.000,-1.000,62991.000,-40.000,7200.000,0.000,0.000,0.000,0.000
375313.000,0.000,62991.000,-40.000,7200.000,0.000,0.000,0.000,0.000
375323.000,0.000,62991.000,-40.000,7200.000,0.000,0.000,0.000,0.000
375333.000,0.000,62991.000,-40.000,7200.000,0.000,0.000,0.000,0.000
375343.000,0.000,62991.000,-40.000,7200.000,0.000,0.000,0.000,0.000
375353.000,1.000,62992.000,-40.000,7200.000,0.000,0.000,0.000,0.000
375363.000,0.000,62992.000,-40.000,7200.000,0.000,0.000,0.000,0.000
375373.000,-4.000,62988.000,-40.000,7200.000,0.000,0.000,0.000,0.000
375383.000,0.000,62988.000,-40.000,7200.000,0.000,0.000,0.000,0.000
375393.000,-1.000,62987.000,-40.000,7200.000,0.000,0.000,0.000,0.000
375403.000,0.000,62987.000,-40.000,7200.000,0.000,0.000,0.000,0.000
375413.000,0.000,62987.000,-40.000,7200.000,0.000,0.000,0.000,0.000
375423.000,0.000,62987.000,-40.000,7200.000,0.000,0.000,0.000,0.000
375433.000,0.000,62987.000,-40.000,7200.000,0.000,0.000,0.000,0.000
375443.000,0.000,62987.000,-40.000,7200.000,0.000,0.000,0.000,0.000
375453.000,1.000,62988.000,-40.000,7200.000,0.000,0.000,0.000,0.000
375463.000,0.000,62988.000,-40.000,7200.000,0.000,0.000,0.000,0.000
375473.000,-4.000,62984.000,-40.000,7200.000,0.000,0.000,0.000,0.000
375483.000,0.000,62984.000,-40.000,7200.000,0.000,0.000,0.000,0.000
375493.000,-1.000,62983.000,-40.000,7200.000,0.000,0.000,0.000,0.000
375503.000,0.000,62983.000,-40.000,7200.000,0.000,0.000,0.000,0.000
375513.000,0.000,62983.000,-40.000,7200.000,0.000,0.000,0.000,0.000
375523.000,1.000,62984.000,-40.000,7200.000,0.000,0.000,0.000,0.000
375533.000,0.000,62984.000,-40.000,7200.000,0.000,0.000,0.000,0.000
375543.000,-1.000,62983.000,-40.000,7200.000,0.000,0.000,0.000,0.000
375553.000,0.000,62983.000,-40.000,7200.000,0.000,0.000,0.000,0.000
375563.000,-4.000,62979.000,-40.000,7200.000,0.000,0.000,0.000,0.000
375573.000,0.000,62979.000,-40.000,7200.000,0.000,0.000,0.000,0.000
375583.000,1.000,62980.000,-40.000,7200.000,0.000,0.000,0.000,0.000
375593.000,0.000,62980.000,-40.000,7200.000,0.000,0.000,0.000,0.000
375603.000,-1.000,62979.000,-40.000,7200.000,0.000,0.000,0.000,0.000
375613.000,-4.000,62975.000,-40.000,7200.000,0.000,0.000,0.000,0.000
375623.000,-4.000,62971.000,-40.000,7200.000,0.000,0.000,0.000,0.000
375633.000,0.000,62971.000,-40.000,7200.000,0.000,0.000,0.000,0.000
375643.000,1.000,62972.000,-40.000,7200.000,0.000,0.000,0.000,0.000
375653.000,-4.000,62968.000,-40.000,7200.000,0.000,0.000,0.000,0.000
375663.000,-1.000,62967.000,-40.000,7200.000,0.000,0.000,0.000,0.000
375673.000,0.000,62967.000,-40.000,7200.000,0.000,0.000,0.000,0.000
375683.000,-4.000,62963.000,-40.000,7200.000,0.000,0.000,0.000,0.000
375693.000,0.000,62963.000,-40.000,7200.000,0.000,0.000,0.000,0.000
375703.000,1.000,62964.000,-40.000,7200.000,0.000,0.000,0.000,0.000
375713.000,0.000,62964.000,-40.000,7200.000,0.000,0.000,0.000,0.000
375723.000,0.000,62964.000,-40.000,7200.000,0.000,0.000,0.000,0.000
375733.000,-1.000,62963.000,-40.000,7200.000,0.000,0.000,0.000,0.000
375743.000,0.000,62963.000,-40.000,7200.000,0.000,0.000,0.000,0.000
375753.000,0.000,62963.000,-40.000,7200.000,0.000,0.000,0.000,0.000
375763.000,0.000,62963.000,-40.000,7200.000,0.000,0.000,0.000,0.000
375773.000,1.000,62964.000,-40.000,7200.000,0.000,0.000,0.000,0.000
375783.000,0.000,62964.000,-40.000,7200.000,0.000,0.000,0.000,0.000
375793.000,0.000,62964.000,-40.000,7200.000,0.000,0.000,0.000,0.000
375803.000,-5.000,62959.000,-40.000,7200.000,0.000,0.000,0.000,0.000
375813.000,0.000,62959.000,-40.000,7200.000,0.000,0.000,0.000,0.000
375823.000,0.000,62959.000,-40.000,7200.000,0.000,0.000,0.000,0.000
375833.000,0.000,62959.000,-40.000,7200.000,0.000,0.000,0.000,0.000
375843.000,0.000,62959.000,-40.000,7200.000,0.000,0.000,0.000,0.000
375853.000,1.000,62960.000,-40.000,7200.000,0.000,0.000,0.000,0.000
375863.000,-8.000,62952.000,-40.000,7200.000,0.000,0.000,0.000,0.000
375873.000,0.000,62952.000,-40.000,7200.000,0.000,0.000,0.000,0.000
375883.000,-1.000,62951.000,-40.000,7200.000,0.000,0.000,0.000,0.000
375893.000,0.000,62951.000,-40.000,7200.000,0.000,0.000,0.000,0.000
375903.000,0.000,62951.000,-40.000,7200.000,0.000,0.000,0.000,0.000
375913.000,0.000,62951.000,-40.000,7200.000,0.000,0.000,0.000,0.000
375923.000,-4.000,62947.000,-40.000,7200.000,0.000,0.000,0.000,0.000
375933.000,0.000,62947.000,-40.000,7200.000,0.000,0.000,0.000,0.000
375943.000,1.000,62948.000,-40.000,7200.000,0.000,0.000,0.000,0.000
375953.000,0.000,62948.000,-40.000,7200.000,0.000,0.000,0.000,0.000
375963.000,0.000,62948.000,-40.000,7200.000,0.000,0.000,0.000,0.000
375973.000,-1.000,62947.000,-40.000,7200.000,0.000,0.000,0.000,0.000
375983.000,0.000,62947.000,-40.000,7200.000,0.000,0.000,0.000,0.000
375993.000,0.000,62947.000,-40.000,7200.000,0.000,0.000,0.000,0.000
376003.000,0.000,62947.000,-40.000,7200.000,0.000,0.000,0.000,0.000
376013.000,0.000,62947.000,-40.000,7200.000,0.000,0.000,0.000,0.000
376023.000,0.000,62947.000,-40.000,7200.000,0.000,0.000,0.000,0.000
376033.000,1.000,62948.000,-40.000,7200.000,0.000,0.000,0.000,0.000
376043.000,0.000,62948.000,-40.000,7200.000,0.000,0.000,0.000,0.000
376053.000,-4.000,62944.000,-40.000,7200.000,0.000,0.000,0.000,0.000
376063.000,-1.000,62943.000,-40.000,7200.000,0.000,0.000,0.000,0.000
376073.000,0.000,62943.000,-40.000,7200.000,0.000,0.000,0.000,0.000
376083.000,0.000,62943.000,-40.000,7200.000,0.000,0.000,0.000,0.000
376093.000,0.000,62943.000,-40.000,7200.000,0.000,0.000,0.000,0.000
376103.000,0.000,62943.000,-40.000,7200.000,0.000,0.000,0.000,0.000
376113.000,0.000,62943.000,-40.000,7200.000,0.000,0.000,0.000,0.000
376123.000,-4.000,62939.000,-40.000,7200.000,0.000,0.000,0.000,0.000
376133.000,-3.000,62936.000,-40.000,7200.000,0.000,0.000,0.000,0.000
376143.000,0.000,62936.000,-40.000,7200.000,0.000,0.000,0.000,0.000
376153.000,0.000,62936.000,-40.000,7200.000,0.000,0.000,0.000,0.000
376163.000,0.000,62936.000,-40.000,7200.000,0.000,0.000,0.000,0.000
376173.000,-1.000,62935.000,-40.000,7200.000,0.000,0.000,0.000,0.000
376183.000,0.000,62935.000,-40.000,7200.000,0.000,0.000,0.000,0.000
376193.000,0.000,62935.000,-40.000,7200.000,0.000,0.000,0.000,0.000
376203.000,0.000,62935.000,-40.000,7200.000,0.000,0.000,0.000,0.000
376213.000,0.000,62935.000,-40.000,7200.000,0.000,0.000,0.000,0.000
376223.000,-4.000,62931.000,-40.000,7200.000,0.000,0.000,0.000,0.000
376233.000,1.000,62932.000,-40.000,7200.000,0.000,0.000,0.000,0.000
376243.000,0.000,62932.000,-40.000,7200.000,0.000,0.000,0.000,0.000
376253.000,-4.000,62928.000,-40.000,7200.000,0.000,0.000,0.000,0.000
376263.000,0.000,62928.000,-40.000,7200.000,0.000,0.000,0.000,0.000
376273.000,-1.000,62927.000,-40.000,7200.000,0.000,0.000,0.000,0.000
376283.000,-4.000,62923.000,-40.000,7200.000,0.000,0.000,0.000,0.000
376293.000,0.000,62923.000,-40.000,7200.000,0.000,0.000,0.000,0.000
376303.000,-4.000,62919.000,-40.000,7200.000,0.000,0.000,0.000,0.000
376313.000,-4.000,62915.000,-40.000,7200.000,0.000,0.000,0.000,0.000
376323.000,0.000,62915.000,-40.000,7200.000,0.000,0.000,0.000,0.000
376333.000,1.000,62916.000,-40.000,7200.000,0.000,0.000,0.000,0.000
376343.000,0.000,62916.000,-40.000,7200.000,0.000,0.000,0.000,0.000
376353.000,-1.000,62915.000,-40.000,7200.000,0.000,0.000,0.000,0.000
376363.000,0.000,62915.000,-40.000,7200.000,0.000,0.000,0.000,0.000
376373.000,0.000,62915.000,-40.000,7200.000,0.000,0.000,0.000,0.000
376383.000,0.000,62915.000,-40.000,7200.000,0.000,0.000,0.000,0.000
376393.000,0.000,62915.000,-40.000,7200.000,0.000,0.000,0.000,0.000
376403.000,1.000,62916.000,-40.000,7200.000,0.000,0.000,0.000,0.000
376413.000,0.000,62916.000,-40.000,7200.000,0.000,0.000,0.000,0.000
376423.000,-1.000,62915.000,-40.000,7200.000,0.000,0.000,0.000,0.000
376433.000,-4.000,62911.000,-40.000,7200.000,0.000,0.000,0.000,0.000
376443.000,-4.000,62907.000,-40.000,7200.000,0.000,0.000,0.000,0.000
376453.000,0.000,62907.000,-40.000,7200.000,0.000,0.000,0.000,0.000
376463.000,0.000,62907.000,-40.000,7200.000,0.000,0.000,0.000,0.000
376473.000,1.000,62908.000,-40.000,7200.000,0.000,0.000,0.000,0.000
376483.000,0.000,62908.000,-40.000,7200.000,0.000,0.000,0.000,0.000
376493.000,-5.000,62903.000,-40.000,7200.000,0.000,0.000,0.000,0.000
376503.000,0.000,62903.000,-40.000,7200.000,0.000,0.000,0.000,0.000
376513.000,0.000,62903.000,-40.000,7200.000,0.000,0.000,0.000,0.000
376523.000,-4.000,62899.000,-40.000,7200.000,0.000,0.000,0.000,0.000
376533.000,0.000,62899.000,-40.000,7200.000,0.000,0.000,0.000,0.000
376543.000,1.000,62900.000,-40.000,7200.000,0.000,0.000,0.000,0.000
376553.000,-4.000,62896.000,-40.000,7200.000,0.000,0.000,0.000,0.000
376563.000,-4.000,62892.000,-40.000,7200.000,0.000,0.000,0.000,0.000
376573.000,-1.000,62891.000,-40.000,7200.000,0.000,0.000,0.000,0.000
376583.000,0.000,62891.000,-40.000,7200.000,0.000,0.000,0.000,0.000
376593.000,0.000,62891.000,-40.000,7200.000,0.000,0.000,0.000,0.000
376603.000,0.000,62891.000,-40.000,7200.000,0.000,0.000,0.000,0.000
376613.000,-4.000,62887.000,-40.000,7200.000,0.000,0.000,0.000,0.000
376623.000,1.000,62888.000,-40.000,7200.000,0.000,0.000,0.000,0.000
376633.000,0.000,62888.000,-40.000,7200.000,0.000,0.000,0.000,0.000
376643.000,0.000,62888.000,-40.000,7200.000,0.000,0.000,0.000,0.000
376653.000,-1.000,62887.000,-40.000,7200.000,0.000,0.000,0.000,0.000
376663.000,0.000,62887.000,-40.000,7200.000,0.000,0.000,0.000,0.000
376673.000,-4.000,62883.000,-40.000,7200.000,0.000,0.000,0.000,0.000
376683.000,0.000,62883.000,-40.000,7200.000,0.000,0.000,0.000,0.000
376693.000,-8.000,62875.000,-40.000,7200.000,0.000,0.000,0.000,0.000
376703.000,0.000,62875.000,-40.000,7200.000,0.000,0.000,0.000,0.000
376713.000,1.000,62876.000,-40.000,7200.000,0.000,0.000,0.000,0.000
376723.000,0.000,62876.000,-40.000,7200.000,0.000,0.000,0.000,0.000
376733.000,0.000,62876.000,-40.000,7200.000,0.000,0.000,0.000,0.000
376743.000,0.000,62876.000,-40.000,7200.000,0.000,0.000,0.000,0.000
376753.000,-5.000,62871.000,-40.000,7200.000,0.000,0.000,0.000,0.000
376763.000,0.000,62871.000,-40.000,7200.000,0.000,0.000,0.000,0.000
376773.000,-4.000,62867.000,-40.000,7200.000,0.000,0.000,0.000,0.000
376783.000,0.000,62867.000,-40.000,7200.000,0.000,0.000,0.000,0.000
376793.000,0.000,62867.000,-40.000,7200.000,0.000,0.000,0.000,0.000
376803.000,-4.000,62863.000,-40.000,7200.000,0.000,0.000,0.000,0.000
376813.000,1.000,62864.000,-40.000,7200.000,0.000,0.000,0.000,0.000
376823.000,0.000,62864.000,-40.000,7200.000,0.000,0.000,0.000,0.000
376833.000,0.000,62864.000,-40.000,7200.000,0.000,0.000,0.000,0.000
376843.000,-4.000,62860.000,-40.000,7200.000,0.000,0.000,0.000,0.000
376853.000,-9.000,62851.000,-40.000,7200.000,0.000,0.000,0.000,0.000
376863.000,-4.000,62847.000,-40.000,7200.000,0.000,0.000,0.000,0.000
376873.000,-4.000,62843.000,-40.000,7200.000,0.000,0.000,0.000,0.000
376883.000,0.000,62843.000,-40.000,7200.000,0.000,0.000,0.000,0.000
376893.000,0.000,62843.000,-40.000,7200.000,0.000,0.000,0.000,0.000
376903.000,0.000,62843.000,-40.000,7200.000,0.000,0.000,0.000,0.000
376913.000,-1.000,62842.000,-40.000,7200.000,0.000,0.000,0.000,0.000
376923.000,-5.000,62837.000,-40.000,7200.000,0.000,0.000,0.000,0.000
376933.000,-1.000,62836.000,-40.000,7200.000,0.000,0.000,0.000,0.000
376943.000,0.000,62836.000,-40.000,7200.000,0.000,0.000,0.000,0.000
376953.000,-4.000,62832.000,-40.000,7200.000,0.000,0.000,0.000,0.000
376963.000,-1.000,62831.000,-40.000,7200.000,0.000,0.000,0.000,0.000
376973.000,0.000,62831.000,-40.000,7200.000,0.000,0.000,0.000,0.000
376983.000,-4.000,62827.000,-40.000,7200.000,0.000,0.000,0.000,0.000
376993.000,-4.000,62823.000,-40.000,7200.000,0.000,0.000,0.000,0.000
377003.000,0.000,62823.000,-40.000,7200.000,0.000,0.000,0.000,0.000
377013.000,0.000,62823.000,-40.000,7200.000,0.000,0.000,0.000,0.000
377023.000,-4.000,62819.000,-40.000,7200.000,0.000,0.000,0.000,0.000
377033.000,0.000,62819.000,-40.000,7200.000,0.000,0.000,0.000,0.000
377043.000,-1.000,62818.000,-40.000,7200.000,0.000,0.000,0.000,0.000
377053.000,-2.000,62816.000,-40.000,7200.000,0.000,0.000,0.000,0.000
377063.000,0.000,62816.000,-40.000,7200.000,0.000,0.000,0.000,0.000
377073.000,0.000,62816.000,-40.000,7200.000,0.000,0.000,0.000,0.000
377083.000,-4.000,62812.000,-40.000,7200.000,0.000,0.000,0.000,0.000
377093.000,-4.000,62808.000,-40.000,7200.000,0.000,0.000,0.000,0.000
377103.000,-1.000,62807.000,-40.000,7200.000,0.000,0.000,0.000,0.000
377113.000,0.000,62807.000,-40.000,7200.000,0.000,0.000,0.000,0.000
377123.000,-8.000,62799.000,-40.000,7200.000,0.000,0.000,0.000,0.000
377133.000,0.000,62799.000,-40.000,7200.000,0.000,0.000,0.000,0.000
377143.000,0.000,62799.000,-40.000,7200.000,0.000,0.000,0.000,0.000
377153.000,-4.000,62795.000,-40.000,7200.000,0.000,0.000,0.000,0.000
377163.000,0.000,62795.000,-40.000,7200.000,0.000,0.000,0.000,0.000
377173.000,0.000,62795.000,-40.000,7200.000,0.000,0.000,0.000,0.000
377183.000,0.000,62795.000,-40.000,7200.000,0.000,0.000,0.000,0.000
377193.000,-1.000,62794.000,-40.000,7200.000,0.000,0.000,0.000,0.000
377203.000,-3.000,62791.000,-40.000,7200.000,0.000,0.000,0.000,0.000
377213.000,1.000,62792.000,-40.000,7200.000,0.000,0.000,0.000,0.000
377223.000,0.000,62792.000,-40.000,7200.000,0.000,0.000,0.000,0.000
377233.000,0.000,62792.000,-40.000,7200.000,0.000,0.000,0.000,0.000
377243.000,-5.000,62787.000,-40.000,7200.000,0.000,0.000,0.000,0.000
377253.000,-8.000,62779.000,-40.000,7200.000,0.000,0.000,0.000,0.000
377263.000,0.000,62779.000,-40.000,7200.000,0.000,0.000,0.000,0.000
377273.000,0.000,62779.000,-40.000,7200.000,0.000,0.000,0.000,0.000
377283.000,0.000,62779.000,-40.000,7200.000,0.000,0.000,0.000,0.000
377293.000,0.000,62779.000,-40.000,7200.000,0.000,0.000,0.000,0.000
377303.000,1.000,62780.000,-40.000,7200.000,0.000,0.000,0.000,0.000
377313.000,0.000,62780.000,-40.000,7200.000,0.000,0.000,0.000,0.000
377323.000,0.000,62780.000,-40.000,7200.000,0.000,0.000,0.000,0.000
377333.000,-1.000,62779.000,-40.000,7200.000,0.000,0.000,0.000,0.000
377343.000,0.000,62779.000,-40.000,7200.000,0.000,0.000,0.000,0.000
377353.000,0.000,62779.000,-40.000,7200.000,0.000,0.000,0.000,0.000
377363.000,0.000,62779.000,-40.000,7200.000,0.000,0.000,0.000,0.000
377373.000,0.000,62779.000,-40.000,7200.000,0.000,0.000,0.000,0.000
377383.000,-1.000,62778.000,-40.000,7200.000,0.000,0.000,0.000,0.000
377393.000,-10.000,62768.000,-40.000,7200.000,0.000,0.000,0.000,0.000
377403.000,-4.000,62764.000,-40.000,7200.000,0.000,0.000,0.000,0.000
377413.000,0.000,62764.000,-40.000,7200.000,0.000,0.000,0.000,0.000
377423.000,-1.000,62763.000,-40.000,7200.000,0.000,0.000,0.000,0.000
377433.000,0.000,62763.000,-40.000,7200.000,0.000,0.000,0.000,0.000
377443.000,0.000,62763.000,-40.000,7200.000,0.000,0.000,0.000,0.000
377453.000,-4.000,62759.000,-40.000,7200.000,0.000,0.000,0.000,0.000
377463.000,0.000,62759.000,-40.000,7200.000,0.000,0.000,0.000,0.000
377473.000,0.000,62759.000,-40.000,7200.000,0.000,0.000,0.000,0.000
377483.000,1.000,62760.000,-40.000,7200.000,0.000,0.000,0.000,0.000
377493.000,0.000,62760.000,-40.000,7200.000,0.000,0.000,0.000,0.000
377503.000,0.000,62760.000,-40.000,7200.000,0.000,0.000,0.000,0.000
377513.000,0.000,62760.000,-40.000,7200.000,0.000,0.000,0.000,0.000
377523.000,-1.000,62759.000,-40.000,7200.000,0.000,0.000,0.000,0.000
377533.000,0.000,62759.000,-40.000,7200.000,0.000,0.000,0.000,0.000
377543.000,0.000,62759.000,-40.000,7200.000,0.000,0.000,0.000,0.000
377553.000,0.000,62759.000,-40.000,7200.000,0.000,0.000,0.000,0.000
377563.000,1.000,62760.000,-40.000,7200.000,0.000,0.000,0.000,0.000
377573.000,0.000,62760.000,-40.000,7200.000,0.000,0.000,0.000,0.000
377583.000,-1.000,62759.000,-40.000,7200.000,0.000,0.000,0.000,0.000
377593.000,0.000,62759.000,-40.000,7200.000,0.000,0.000,0.000,0.000
377603.000,0.000,62759.000,-40.000,7200.000,0.000,0.000,0.000,0.000
377613.000,0.000,62759.000,-40.000,7200.000,0.000,0.000,0.000,0.000
377623.000,1.000,62760.000,-40.000,7200.000,0.000,0.000,0.000,0.000
377633.000,0.000,62760.000,-40.000,7200.000,0.000,0.000,0.000,0.000
377643.000,-1.000,62759.000,-40.000,7200.000,0.000,0.000,0.000,0.000
377653.000,0.000,62759.000,-40.000,7200.000,0.000,0.000,0.000,0.000
377663.000,0.000,62759.000,-40.000,7200.000,0.000,0.000,0.000,0.000
377673.000,-4.000,62755.000,-40.000,7200.000,0.000,0.000,0.000,0.000
377683.000,0.000,62755.000,-40.000,7200.000,0.000,0.000,0.000,0.000
377693.000,1.000,62756.000,-40.000,7200.000,0.000,0.000,0.000,0.000
377703.000,-1.000,62755.000,-40.000,7200.000,0.000,0.000,0.000,0.000
377713.000,-4.000,62751.000,-40.000,7200.000,0.000,0.000,0.000,0.000
377723.000,-4.000,62747.000,-40.000,7200.000,0.000,0.000,0.000,0.000
377733.000,0.000,62747.000,-40.000,7200.000,0.000,0.000,0.000,0.000
377743.000,0.000,62747.000,-40.000,7200.000,0.000,0.000,0.000,0.000
377753.000,-4.000,62743.000,-40.000,7200.000,0.000,0.000,0.000,0.000
377763.000,-3.000,62740.000,-40.000,7200.000,0.000,0.000,0.000,0.000
377773.000,0.000,62740.000,-40.000,7200.000,0.000,0.000,0.000,0.000
377783.000,-5.000,62735.000,-40.000,7200.000,0.000,0.000,0.000,0.000
377793.000,0.000,62735.000,-40.000,7200.000,0.000,0.000,0.000,0.000
377803.000,0.000,62735.000,-40.000,7200.000,0.000,0.000,0.000,0.000
377813.000,-4.000,62731.000,-40.000,7200.000,0.000,0.000,0.000,0.000
377823.000,-4.000,62727.000,-40.000,7200.000,0.000,0.000,0.000,0.000
377833.000,1.000,62728.000,-40.000,7200.000,0.000,0.000,0.000,0.000
377843.000,0.000,62728.000,-40.000,7200.000,0.000,0.000,0.000,0.000
377853.000,-1.000,62727.000,-40.000,7200.000,0.000,0.000,0.000,0.000
377863.000,0.000,62727.000,-40.000,7200.000,0.000,0.000,0.000,0.000
377873.000,-4.000,62723.000,-40.000,7200.000,0.000,0.000,0.000,0.000
377883.000,0.000,62723.000,-40.000,7200.000,0.000,0.000,0.000,0.000
377893.000,-4.000,62719.000,-40.000,7200.000,0.000,0.000,0.000,0.000
377903.000,1.000,62720.000,-40.000,7200.000,0.000,0.000,0.000,0.000
377913.000,0.000,62720.000,-40.000,7200.000,0.000,0.000,0.000,0.000
377923.000,0.000,62720.000,-40.000,7200.000,0.000,0.000,0.000,0.000
377933.000,-1.000,62719.000,-40.000,7200.000,0.000,0.000,0.000,0.000
377943.000,-4.000,62715.000,-40.000,7200.000,0.000,0.000,0.000,0.000
377953.000,0.000,62715.000,-40.000,7200.000,0.000,0.000,0.000,0.000
377963.000,0.000,62715.000,-40.000,7200.000,0.000,0.000,0.000,0.000
377973.000,0.000,62715.000,-40.000,7200.000,0.000,0.000,0.000,0.000
377983.000,-3.000,62712.000,-40.000,7200.000,0.000,0.000,0.000,0.000
377993.000,0.000,62712.000,-40.000,7200.000,0.000,0.000,0.000,0.000
378003.000,0.000,62712.000,-40.000,7200.000,0.000,0.000,0.000,0.000
378013.000,-1.000,62711.000,-40.000,7200.000,0.000,0.000,0.000,0.000
378023.000,0.000,62711.000,-40.000,7200.000,0.000,0.000,0.000,0.000
378033.000,0.000,62711.000,-40.000,7200.000,0.000,0.000,0.000,0.000
378043.000,0.000,62711.000,-40.000,7200.000,0.000,0.000,0.000,0.000
378053.000,-4.000,62707.000,-40.000,7200.000,0.000,0.000,0.000,0.000
378063.000,1.000,62708.000,-40.000,7200.000,0.000,0.000,0.000,0.000
378073.000,0.000,62708.000,-40.000,7200.000,0.000,0.000,0.000,0.000
378083.000,-4.000,62704.000,-40.000,7200.000,0.000,0.000,0.000,0.000
378093.000,-1.000,62703.000,-40.000,7200.000,0.000,0.000,0.000,0.000
378103.000,-4.000,62699.000,-40.000,7200.000,0.000,0.000,0.000,0.000
378113.000,0.000,62699.000,-40.000,7200.000,0.000,0.000,0.000,0.000
378123.000,0.000,62699.000,-40.000,7200.000,0.000,0.000,0.000,0.000
378133.000,0.000,62699.000,-40.000,7200.000,0.000,0.000,0.000,0.000
378143.000,0.000,62699.000,-40.000,7200.000,0.000,0.000,0.000,0.000
378153.000,-3.000,62696.000,-40.000,7200.000,0.000,0.000,0.000,0.000
378163.000,0.000,62696.000,-40.000,7200.000,0.000,0.000,0.000,0.000
378173.000,0.000,62696.000,-40.000,7200.000,0.000,0.000,0.000,0.000
378183.000,-1.000,62695.000,-40.000,7200.000,0.000,0.000,0.000,0.000
378193.000,-4.000,62691.000,-40.000,7200.000,0.000,0.000,0.000,0.000
378203.000,0.000,62691.000,-40.000,7200.000,0.000,0.000,0.000,0.000
378213.000,0.000,62691.000,-40.000,7200.000,0.000,0.000,0.000,0.000
378223.000,-4.000,62687.000,-40.000,7200.000,0.000,0.000,0.000,0.000
378233.000,-4.000,62683.000,-40.000,7200.000,0.000,0.000,0.000,0.000
378243.000,0.000,62683.000,-40.000,7200.000,0.000,0.000,0.000,0.000
378253.000,0.000,62683.000,-40.000,7200.000,0.000,0.000,0.000,0.000
378263.000,1.000,62684.000,-40.000,7200.000,0.000,0.000,0.000,0.000
378273.000,0.000,62684.000,-40.000,7200.000,0.000,0.000,0.000,0.000
378283.000,0.000,62684.000,-40.000,7200.000,0.000,0.000,0.000,0.000
378293.000,-1.000,62683.000,-40.000,7200.000,0.000,0.000,0.000,0.000
378303.000,0.000,62683.000,-40.000,7200.000,0.000,0.000,0.000,0.000
378313.000,0.000,62683.000,-40.000,7200.000,0.000,0.000,0.000,0.000
378323.000,-4.000,62679.000,-40.000,7200.000,0.000,0.000,0.000,0.000
378333.000,-4.000,62675.000,-40.000,7200.000,0.000,0.000,0.000,0.000
378343.000,0.000,62675.000,-40.000,7200.000,0.000,0.000,0.000,0.000
378353.000,0.000,62675.000,-40.000,7200.000,0.000,0.000,0.000,0.000
378363.000,-3.000,62672.000,-40.000,7200.000,0.000,0.000,0.000,0.000
378373.000,0.000,62672.000,-40.000,7200.000,0.000,0.000,0.000,0.000
378383.000,-1.000,62671.000,-40.000,7200.000,0.000,0.000,0.000,0.000
378393.000,0.000,62671.000,-40.000,7200.000,0.000,0.000,0.000,0.000
378403.000,0.000,62671.000,-40.000,7200.000,0.000,0.000,0.000,0.000
378413.000,0.000,62671.000,-40.000,7200.000,0.000,0.000,0.000,0.000
378423.000,0.000,62671.000,-40.000,7200.000,0.000,0.000,0.000,0.000
378433.000,1.000,62672.000,-40.000,7200.000,0.000,0.000,0.000,0.000
378443.000,-4.000,62668.000,-40.000,7200.000,0.000,0.000,0.000,0.000
378453.000,-5.000,62663.000,-40.000,7200.000,0.000,0.000,0.000,0.000
378463.000,0.000,62663.000,-40.000,7200.000,0.000,0.000,0.000,0.000
378473.000,0.000,62663.000,-40.000,7200.000,0.000,0.000,0.000,0.000
378483.000,-4.000,62659.000,-40.000,7200.000,0.000,0.000,0.000,0.000
378493.000,0.000,62659.000,-40.000,7200.000,0.000,0.000,0.000,0.000
378503.000,1.000,62660.000,-40.000,7200.000,0.000,0.000,0.000,0.000
378513.000,0.000,62660.000,-40.000,7200.000,0.000,0.000,0.000,0.000
378523.000,-13.000,62647.000,-40.000,7200.000,0.000,0.000,0.000,0.000
378533.000,0.000,62647.000,-40.000,7200.000,0.000,0.000,0.000,0.000
378543.000,0.000,62647.000,-40.000,7200.000,0.000,0.000,0.000,0.000
378553.000,0.000,62647.000,-40.000,7200.000,0.000,0.000,0.000,0.000
378563.000,0.000,62647.000,-40.000,7200.000,0.000,0.000,0.000,0.000
378573.000,1.000,62648.000,-40.000,7200.000,0.000,0.000,0.000,0.000
378583.000,-4.000,62644.000,-40.000,7200.000,0.000,0.000,0.000,0.000
378593.000,-1.000,62643.000,-40.000,7200.000,0.000,0.000,0.000,0.000
378603.000,0.000,62643.000,-40.000,7200.000,0.000,0.000,0.000,0.000
378613.000,0.000,62643.000,-40.000,7200.000,0.000,0.000,0.000,0.000
378623.000,0.000,62643.000,-40.000,7200.000,0.000,0.000,0.000,0.000
378633.000,0.000,62643.000,-40.000,7200.000,0.000,0.000,0.000,0.000
378643.000,1.000,62644.000,-40.000,7200.000,0.000,0.000,0.000,0.000
378653.000,0.000,62644.000,-40.000,7200.000,0.000,0.000,0.000,0.000
378663.000,-1.000,62643.000,-40.000,7200.000,0.000,0.000,0.000,0.000
378673.000,0.000,62643.000,-40.000,7200.000,0.000,0.000,0.000,0.000
378683.000,0.000,62643.000,-40.000,7200.000,0.000,0.000,0.000,0.000
378693.000,1.000,62644.000,-40.000,7200.000,0.000,0.000,0.000,0.000
378703.000,0.000,62644.000,-40.000,7200.000,0.000,0.000,0.000,0.000
378713.000,0.000,62644.000,-40.000,7200.000,0.000,0.000,0.000,0.000
378723.000,-1.000,62643.000,-40.000,7200.000,0.000,0.000,0.000,0.000
378733.000,0.000,62643.000,-40.000,7200.000,0.000,0.000,0.000,0.000
378743.000,-4.000,62639.000,-40.000,7200.000,0.000,0.000,0.000,0.000
378753.000,1.000,62640.000,-40.000,7200.000,0.000,0.000,0.000,0.000
378763.000,0.000,62640.000,-40.000,7200.000,0.000,0.000,0.000,0.000
378773.000,-5.000,62635.000,-40.000,7200.000,0.000,0.000,0.000,0.000
378783.000,0.000,62635.000,-40.000,7200.000,0.000,0.000,0.000,0.000
378793.000,0.000,62635.000,-40.000,7200.000,0.000,0.000,0.000,0.000
378803.000,-3.000,62632.000,-40.000,7200.000,0.000,0.000,0.000,0.000
378813.000,-5.000,62627.000,-40.000,7200.000,0.000,0.000,0.000,0.000
378823.000,0.000,62627.000,-40.000,7200.000,0.000,0.000,0.000,0.000
378833.000,0.000,62627.000,-40.000,7200.000,0.000,0.000,0.000,0.000
378843.000,0.000,62627.000,-40.000,7200.000,0.000,0.000,0.000,0.000
378853.000,-4.000,62623.000,-40.000,7200.000,0.000,0.000,0.000,0.000
378863.000,1.000,62624.000,-40.000,7200.000,0.000,0.000,0.000,0.000
378873.000,0.000,62624.000,-40.000,7200.000,0.000,0.000,0.000,0.000
378883.000,-1.000,62623.000,-40.000,7200.000,0.000,0.000,0.000,0.000
378893.000,0.000,62623.000,-40.000,7200.000,0.000,0.000,0.000,0.000
378903.000,0.000,62623.000,-40.000,7200.000,0.000,0.000,0.000,0.000
378913.000,-4.000,62619.000,-40.000,7200.000,0.000,0.000,0.000,0.000
378923.000,1.000,62620.000,-40.000,7200.000,0.000,0.000,0.000,0.000
378933.000,0.000,62620.000,-40.000,7200.000,0.000,0.000,0.000,0.000
378943.000,-1.000,62619.000,-40.000,7200.000,0.000,0.000,0.000,0.000
378953.000,0.000,62619.000,-40.000,7200.000,0.000,0.000,0.000,0.000
378963.000,0.000,62619.000,-40.000,7200.000,0.000,0.000,0.000,0.000
378973.000,1.000,62620.000,-40.000,7200.000,0.000,0.000,0.000,0.000
378983.000,-1.000,62619.000,-40.000,7200.000,0.000,0.000,0.000,0.000
378993.000,0.000,62619.000,-40.000,7200.000,0.000,0.000,0.000,0.000
379003.000,0.000,62619.000,-40.000,7200.000,0.000,0.000,0.000,0.000
379013.000,1.000,62620.000,-40.000,7200.000,0.000,0.000,0.000,0.000
379023.000,0.000,62620.000,-40.000,7200.000,0.000,0.000,0.000,0.000
379033.000,-1.000,62619.000,-40.000,7200.000,0.000,0.000,0.000,0.000
379043.000,0.000,62619.000,-40.000,7200.000,0.000,0.000,0.000,0.000
379053.000,1.000,62620.000,-40.000,7200.000,0.000,0.000,0.000,0.000
379063.000,-4.000,62616.000,-40.000,7200.000,0.000,0.000,0.000,0.000
379073.000,-5.000,62611.000,-40.000,7200.000,0.000,0.000,0.000,0.000
379083.000,-4.000,62607.000,-40.000,7200.000,0.000,0.000,0.000,0.000
379093.000,-3.000,62604.000,-40.000,7200.000,0.000,0.000,0.000,0.000
379103.000,0.000,62604.000,-40.000,7200.000,0.000,0.000,0.000,0.000
379113.000,-1.000,62603.000,-40.000,7200.000,0.000,0.000,0.000,0.000
379123.000,-4.000,62599.000,-40.000,7200.000,0.000,0.000,0.000,0.000
379133.000,0.000,62599.000,-40.000,7200.000,0.000,0.000,0.000,0.000
379143.000,1.000,62600.000,-40.000,7200.000,0.000,0.000,0.000,0.000
379153.000,-1.000,62599.000,-40.000,7200.000,0.000,0.000,0.000,0.000
379163.000,0.000,62599.000,-40.000,7200.000,0.000,0.000,0.000,0.000
379173.000,0.000,62599.000,-40.000,7200.000,0.000,0.000,0.000,0.000
379183.000,1.000,62600.000,-40.000,7200.000,0.000,0.000,0.000,0.000
379193.000,-5.000,62595.000,-40.000,7200.000,0.000,0.000,0.000,0.000
379203.000,0.000,62595.000,-40.000,7200.000,0.000,0.000,0.000,0.000
379213.000,0.000,62595.000,-40.000,7200.000,0.000,0.000,0.000,0.000
379223.000,-4.000,62591.000,-40.000,7200.000,0.000,0.000,0.000,0.000
379233.000,1.000,62592.000,-40.000,7200.000,0.000,0.000,0.000,0.000
379243.000,-1.000,62591.000,-40.000,7200.000,0.000,0.000,0.000,0.000
379253.000,0.000,62591.000,-40.000,7200.000,0.000,0.000,0.000,0.000
379263.000,1.000,62592.000,-40.000,7200.000,0.000,0.000,0.000,0.000
379273.000,0.000,62592.000,-40.000,7200.000,0.000,0.000,0.000,0.000
379283.000,-1.000,62591.000,-40.000,7200.000,0.000,0.000,0.000,0.000
379293.000,0.000,62591.000,-40.000,7200.000,0.000,0.000,0.000,0.000
379303.000,1.000,62592.000,-40.000,7200.000,0.000,0.000,0.000,0.000
379313.000,0.000,62592.000,-40.000,7200.000,0.000,0.000,0.000,0.000
379323.000,-1.000,62591.000,-40.000,7200.000,0.000,0.000,0.000,0.000
379333.000,0.000,62591.000,-40.000,7200.000,0.000,0.000,0.000,0.000
379343.000,-7.000,62584.000,-40.000,7200.000,0.000,0.000,0.000,0.000
379353.000,0.000,62584.000,-40.000,7200.000,0.000,0.000,0.000,0.000
379363.000,-1.000,62583.000,-40.000,7200.000,0.000,0.000,0.000,0.000
379373.000,0.000,62583.000,-40.000,7200.000,0.000,0.000,0.000,0.000
379383.000,-8.000,62575.000,-40.000,7200.000,0.000,0.000,0.000,0.000
379393.000,-3.000,62572.000,-40.000,7200.000,0.000,0.000,0.000,0.000
379403.000,-1.000,62571.000,-40.000,7200.000,0.000,0.000,0.000,0.000
379413.000,0.000,62571.000,-40.000,7200.000,0.000,0.000,0.000,0.000
379423.000,0.000,62571.000,-40.000,7200.000,0.000,0.000,0.000,0.000
379433.000,0.000,62571.000,-40.000,7200.000,0.000,0.000,0.000,0.000
379443.000,1.000,62572.000,-40.000,7200.000,0.000,0.000,0.000,0.000
379453.000,-1.000,62571.000,-40.000,7200.000,0.000,0.000,0.000,0.000
379463.000,0.000,62571.000,-40.000,7200.000,0.000,0.000,0.000,0.000
379473.000,0.000,62571.000,-40.000,7200.000,0.000,0.000,0.000,0.000
379483.000,1.000,62572.000,-40.000,7200.000,0.000,0.000,0.000,0.000
379493.000,0.000,62572.000,-40.000,7200.000,0.000,0.000,0.000,0.000
379503.000,-1.000,62571.000,-40.000,7200.000,0.000,0.000,0.000,0.000
379513.000,0.000,62571.000,-40.000,7200.000,0.000,0.000,0.000,0.000
379523.000,0.000,62571.000,-40.000,7200.000,0.000,0.000,0.000,0.000
379533.000,1.000,62572.000,-40.000,7200.000,0.000,0.000,0.000,0.000
379543.000,-5.000,62567.000,-40.000,7200.000,0.000,0.000,0.000,0.000
379553.000,0.000,62567.000,-40.000,7200.000,0.000,0.000,0.000,0.000
379563.000,0.000,62567.000,-40.000,7200.000,0.000,0.000,0.000,0.000
379573.000,1.000,62568.000,-40.000,7200.000,0.000,0.000,0.000,0.000
379583.000,-1.000,62567.000,-40.000,7200.000,0.000,0.000,0.000,0.000
379593.000,-4.000,62563.000,-40.000,7200.000,0.000,0.000,0.000,0.000
379603.000,-4.000,62559.000,-40.000,7200.000,0.000,0.000,0.000,0.000
379613.000,1.000,62560.000,-40.000,7200.000,0.000,0.000,0.000,0.000
379623.000,0.000,62560.000,-40.000,7200.000,0.000,0.000,0.000,0.000
379633.000,-1.000,62559.000,-40.000,7200.000,0.000,0.000,0.000,0.000
379643.000,0.000,62559.000,-40.000,7200.000,0.000,0.000,0.000,0.000
379653.000,0.000,62559.000,-40.000,7200.000,0.000,0.000,0.000,0.000
379663.000,-3.000,62556.000,-40.000,7200.000,0.000,0.000,0.000,0.000
379673.000,-1.000,62555.000,-40.000,7200.000,0.000,0.000,0.000,0.000
379683.000,-4.000,62551.000,-40.000,7200.000,0.000,0.000,0.000,0.000
379693.000,-4.000,62547.000,-40.000,7200.000,0.000,0.000,0.000,0.000
379703.000,-7.000,62540.000,-40.000,7200.000,0.000,0.000,0.000,0.000
379713.000,0.000,62540.000,-40.000,7200.000,0.000,0.000,0.000,0.000
379723.000,-1.000,62539.000,-40.000,7200.000,0.000,0.000,0.000,0.000
379733.000,0.000,62539.000,-40.000,7200.000,0.000,0.000,0.000,0.000
379743.000,0.000,62539.000,-40.000,7200.000,0.000,0.000,0.000,0.000
379753.000,1.000,62540.000,-40.000,7200.000,0.000,0.000,0.000,0.000
379763.000,0.000,62540.000,-40.000,7200.000,0.000,0.000,0.000,0.000
379773.000,-1.000,62539.000,-40.000,7200.000,0.000,0.000,0.000,0.000
379783.000,0.000,62539.000,-40.000,7200.000,0.000,0.000,0.000,0.000
379793.000,0.000,62539.000,-40.000,7200.000,0.000,0.000,0.000,0.000
379803.000,1.000,62540.000,-40.000,7200.000,0.000,0.000,0.000,0.000
379813.000,-1.000,62539.000,-40.000,7200.000,0.000,0.000,0.000,0.000
379823.000,0.000,62539.000,-40.000,7200.000,0.000,0.000,0.000,0.000
379833.000,1.000,62540.000,-40.000,7200.000,0.000,0.000,0.000,0.000
379843.000,-1.000,62539.000,-40.000,7200.000,0.000,0.000,0.000,0.000
379853.000,0.000,62539.000,-40.000,7200.000,0.000,0.000,0.000,0.000
379863.000,0.000,62539.000,-40.000,7200.000,0.000,0.000,0.000,0.000
379873.000,-3.000,62536.000,-40.000,7200.000,0.000,0.000,0.000,0.000
379883.000,-1.000,62535.000,-40.000,7200.000,0.000,0.000,0.000,0.000
379893.000,0.000,62535.000,-40.000,7200.000,0.000,0.000,0.000,0.000
379903.000,-3.000,62532.000,-40.000,7200.000,0.000,0.000,0.000,0.000
379913.000,-1.000,62531.000,-40.000,7200.000,0.000,0.000,0.000,0.000
379923.000,0.000,62531.000,-40.000,7200.000,0.000,0.000,0.000,0.000
379933.000,0.000,62531.000,-40.000,7200.000,0.000,0.000,0.000,0.000
379943.000,1.000,62532.000,-40.000,7200.000,0.000,0.000,0.000,0.000
379953.000,-1.000,62531.000,-40.000,7200.000,0.000,0.000,0.000,0.000
379963.000,-4.000,62527.000,-40.000,7200.000,0.000,0.000,0.000,0.000
379973.000,-7.000,62520.000,-40.000,7200.000,0.000,0.000,0.000,0.000
379983.000,0.000,62520.000,-40.000,7200.000,0.000,0.000,0.000,0.000
379993.000,-5.000,62515.000,-40.000,7200.000,0.000,0.000,0.000,0.000
380003.000,0.000,62515.000,-40.000,7200.000,0.000,0.000,0.000,0.000
380013.000,-3.000,62512.000,-40.000,7200.000,0.000,0.000,0.000,0.000
380023.000,0.000,62512.000,-40.000,7200.000,0.000,0.000,0.000,0.000
380033.000,-5.000,62507.000,-40.000,7200.000,0.000,0.000,0.000,0.000
380043.000,-4.000,62503.000,-40.000,7200.000,0.000,0.000,0.000,0.000
380053.000,-3.000,62500.000,-40.000,7200.000,0.000,0.000,0.000,0.000
380063.000,-1.000,62499.000,-40.000,7200.000,0.000,0.000,0.000,0.000
380073.000,-4.000,62495.000,-40.000,7200.000,0.000,0.000,0.000,0.000
380083.000,0.000,62495.000,-40.000,7200.000,0.000,0.000,0.000,0.000
380093.000,1.000,62496.000,-40.000,7200.000,0.000,0.000,0.000,0.000
380103.000,0.000,62496.000,-40.000,7200.000,0.000,0.000,0.000,0.000
380113.000,-1.000,62495.000,-40.000,7200.000,0.000,0.000,0.000,0.000
380123.000,-4.000,62491.000,-40.000,7200.000,0.000,0.000,0.000,0.000
380133.000,1.000,62492.000,-40.000,7200.000,0.000,0.000,0.000,0.000
380143.000,0.000,62492.000,-40.000,7200.000,0.000,0.000,0.000,0.000
380153.000,-1.000,62491.000,-40.000,7200.000,0.000,0.000,0.000,0.000
380163.000,1.000,62492.000,-40.000,7200.000,0.000,0.000,0.000,0.000
380173.000,-4.000,62488.000,-40.000,7200.000,0.000,0.000,0.000,0.000
380183.000,-1.000,62487.000,-40.000,7200.000,0.000,0.000,0.000,0.000
380193.000,-4.000,62483.000,-40.000,7200.000,0.000,0.000,0.000,0.000
380203.000,-3.000,62480.000,-40.000,7200.000,0.000,0.000,0.000,0.000
380213.000,-1.000,62479.000,-40.000,7200.000,0.000,0.000,0.000,0.000
380223.000,-4.000,62475.000,-40.000,7200.000,0.000,0.000,0.000,0.000
380233.000,1.000,62476.000,-40.000,7200.000,0.000,0.000,0.000,0.000
380243.000,-5.000,62471.000,-40.000,7200.000,0.000,0.000,0.000,0.000
380253.000,0.000,62471.000,-40.000,7200.000,0.000,0.000,0.000,0.000
380263.000,1.000,62472.000,-40.000,7200.000,0.000,0.000,0.000,0.000
380273.000,-1.000,62471.000,-40.000,7200.000,0.000,0.000,0.000,0.000
380283.000,0.000,62471.000,-40.000,7200.000,0.000,0.000,0.000,0.000
380293.000,1.000,62472.000,-40.000,7200.000,0.000,0.000,0.000,0.000
380303.000,-1.000,62471.000,-40.000,7200.000,0.000,0.000,0.000,0.000
380313.000,0.000,62471.000,-40.000,7200.000,0.000,0.000,0.000,0.000
380323.000,1.000,62472.000,-40.000,7200.000,0.000,0.000,0.000,0.000
380333.000,0.000,62472.000,-40.000,7200.000,0.000,0.000,0.000,0.000
380343.000,-1.000,62471.000,-40.000,7200.000,0.000,0.000,0.000,0.000
380353.000,0.000,62471.000,-40.000,7200.000,0.000,0.000,0.000,0.000
380363.000,-3.000,62468.000,-40.000,7200.000,0.000,0.000,0.000,0.000
380373.000,-1.000,62467.000,-40.000,7200.000,0.000,0.000,0.000,0.000
380383.000,-4.000,62463.000,-40.000,7200.000,0.000,0.000,0.000,0.000
380393.000,1.000,62464.000,-40.000,7200.000,0.000,0.000,0.000,0.000
380403.000,0.000,62464.000,-40.000,7200.000,0.000,0.000,0.000,0.000
380413.000,-1.000,62463.000,-40.000,7200.000,0.000,0.000,0.000,0.000
380423.000,0.000,62463.000,-40.000,7200.000,0.000,0.000,0.000,0.000
380433.000,1.000,62464.000,-40.000,7200.000,0.000,0.000,0.000,0.000
380443.000,-4.000,62460.000,-40.000,7200.000,0.000,0.000,0.000,0.000
380453.000,-5.000,62455.000,-40.000,7200.000,0.000,0.000,0.000,0.000
380463.000,0.000,62455.000,-40.000,7200.000,0.000,0.000,0.000,0.000
380473.000,-2.000,62453.000,-40.000,7200.000,0.000,0.000,0.000,0.000
380483.000,-1.000,62452.000,-40.000,7200.000,0.000,0.000,0.000,0.000
380493.000,-4.000,62448.000,-40.000,7200.000,0.000,0.000,0.000,0.000
380503.000,0.000,62448.000,-40.000,7200.000,0.000,0.000,0.000,0.000
380513.000,1.000,62449.000,-40.000,7200.000,0.000,0.000,0.000,0.000
380523.000,0.000,62449.000,-40.000,7200.000,0.000,0.000,0.000,0.000
380533.000,-1.000,62448.000,-40.000,7200.000,0.000,0.000,0.000,0.000
380543.000,0.000,62448.000,-40.000,7200.000,0.000,0.000,0.000,0.000
380553.000,-3.000,62445.000,-40.000,7200.000,0.000,0.000,0.000,0.000
380563.000,0.000,62445.000,-40.000,7200.000,0.000,0.000,0.000,0.000
380573.000,-1.000,62444.000,-40.000,7200.000,0.000,0.000,0.000,0.000
380583.000,-4.000,62440.000,-40.000,7200.000,0.000,0.000,0.000,0.000
380593.000,-4.000,62436.000,-40.000,7200.000,0.000,0.000,0.000,0.000
380603.000,1.000,62437.000,-40.000,7200.000,0.000,0.000,0.000,0.000
380613.000,-1.000,62436.000,-40.000,7200.000,0.000,0.000,0.000,0.000
380623.000,-4.000,62432.000,-40.000,7200.000,0.000,0.000,0.000,0.000
380633.000,0.000,62432.000,-40.000,7200.000,0.000,0.000,0.000,0.000
380643.000,1.000,62433.000,-40.000,7200.000,0.000,0.000,0.000,0.000
380653.000,0.000,62433.000,-40.000,7200.000,0.000,0.000,0.000,0.000
380663.000,-1.000,62432.000,-40.000,7200.000,0.000,0.000,0.000,0.000
380673.000,-4.000,62428.000,-40.000,7200.000,0.000,0.000,0.000,0.000
380683.000,-4.000,62424.000,-40.000,7200.000,0.000,0.000,0.000,0.000
380693.000,1.000,62425.000,-40.000,7200.000,0.000,0.000,0.000,0.000
380703.000,0.000,62425.000,-40.000,7200.000,0.000,0.000,0.000,0.000
380713.000,-5.000,62420.000,-40.000,7200.000,0.000,0.000,0.000,0.000
380723.000,-4.000,62416.000,-40.000,7200.000,0.000,0.000,0.000,0.000
380733.000,0.000,62416.000,-40.000,7200.000,0.000,0.000,0.000,0.000
380743.000,-3.000,62413.000,-40.000,7200.000,0.000,0.000,0.000,0.000
380753.000,0.000,62413.000,-40.000,7200.000,0.000,0.000,0.000,0.000
380763.000,0.000,62413.000,-40.000,7200.000,0.000,0.000,0.000,0.000
380773.000,-5.000,62408.000,-40.000,7200.000,0.000,0.000,0.000,0.000
380783.000,0.000,62408.000,-40.000,7200.000,0.000,0.000,0.000,0.000
380793.000,0.000,62408.000,-40.000,7200.000,0.000,0.000,0.000,0.000
380803.000,1.000,62409.000,-40.000,7200.000,0.000,0.000,0.000,0.000
380813.000,-4.000,62405.000,-40.000,7200.000,0.000,0.000,0.000,0.000
380823.000,-1.000,62404.000,-40.000,7200.000,0.000,0.000,0.000,0.000
380833.000,0.000,62404.000,-40.000,7200.000,0.000,0.000,0.000,0.000
380843.000,-4.000,62400.000,-40.000,7200.000,0.000,0.000,0.000,0.000
380853.000,1.000,62401.000,-40.000,7200.000,0.000,0.000,0.000,0.000
380863.000,0.000,62401.000,-40.000,7200.000,0.000,0.000,0.000,0.000
380873.000,0.000,62401.000,-40.000,7200.000,0.000,0.000,0.000,0.000
380883.000,-1.000,62400.000,-40.000,7200.000,0.000,0.000,0.000,0.000
380893.000,0.000,62400.000,-40.000,7200.000,0.000,0.000,0.000,0.000
380903.000,0.000,62400.000,-40.000,7200.000,0.000,0.000,0.000,0.000
380913.000,0.000,62400.000,-40.000,7200.000,0.000,0.000,0.000,0.000
380923.000,1.000,62401.000,-40.000,7200.000,0.000,0.000,0.000,0.000
380933.000,-4.000,62397.000,-40.000,7200.000,0.000,0.000,0.000,0.000
380943.000,-1.000,62396.000,-40.000,7200.000,0.000,0.000,0.000,0.000
380953.000,0.000,62396.000,-40.000,7200.000,0.000,0.000,0.000,0.000
380963.000,0.000,62396.000,-40.000,7200.000,0.000,0.000,0.000,0.000
380973.000,0.000,62396.000,-40.000,7200.000,0.000,0.000,0.000,0.000
380983.000,1.000,62397.000,-40.000,7200.000,0.000,0.000,0.000,0.000
380993.000,0.000,62397.000,-40.000,7200.000,0.000,0.000,0.000,0.000
381003.000,-5.000,62392.000,-40.000,7200.000,0.000,0.000,0.000,0.000
381013.000,0.000,62392.000,-40.000,7200.000,0.000,0.000,0.000,0.000
381023.000,0.000,62392.000,-40.000,7200.000,0.000,0.000,0.000,0.000
381033.000,0.000,62392.000,-40.000,7200.000,0.000,0.000,0.000,0.000
381043.000,-3.000,62389.000,-40.000,7200.000,0.000,0.000,0.000,0.000
381053.000,-8.000,62381.000,-40.000,7200.000,0.000,0.000,0.000,0.000
381063.000,0.000,62381.000,-40.000,7200.000,0.000,0.000,0.000,0.000
381073.000,-5.000,62376.000,-40.000,7200.000,0.000,0.000,0.000,0.000
381083.000,0.000,62376.000,-40.000,7200.000,0.000,0.000,0.000,0.000
381093.000,0.000,62376.000,-40.000,7200.000,0.000,0.000,0.000,0.000
381103.000,1.000,62377.000,-40.000,7200.000,0.000,0.000,0.000,0.000
381113.000,-4.000,62373.000,-40.000,7200.000,0.000,0.000,0.000,0.000
381123.000,-1.000,62372.000,-40.000,7200.000,0.000,0.000,0.000,0.000
381133.000,0.000,62372.000,-40.000,7200.000,0.000,0.000,0.000,0.000
381143.000,0.000,62372.000,-40.000,7200.000,0.000,0.000,0.000,0.000
381153.000,0.000,62372.000,-40.000,7200.000,0.000,0.000,0.000,0.000
381163.000,0.000,62372.000,-40.000,7200.000,0.000,0.000,0.000,0.000
381173.000,1.000,62373.000,-40.000,7200.000,0.000,0.000,0.000,0.000
381183.000,0.000,62373.000,-40.000,7200.000,0.000,0.000,0.000,0.000
381193.000,-1.000,62372.000,-40.000,7200.000,0.000,0.000,0.000,0.000
381203.000,0.000,62372.000,-40.000,7200.000,0.000,0.000,0.000,0.000
381213.000,0.000,62372.000,-40.000,7200.000,0.000,0.000,0.000,0.000
381223.000,0.000,62372.000,-40.000,7200.000,0.000,0.000,0.000,0.000
381233.000,1.000,62373.000,-40.000,7200.000,0.000,0.000,0.000,0.000
381243.000,-4.000,62369.000,-40.000,7200.000,0.000,0.000,0.000,0.000
381253.000,0.000,62369.000,-40.000,7200.000,0.000,0.000,0.000,0.000
381263.000,-5.000,62364.000,-40.000,7200.000,0.000,0.000,0.000,0.000
381273.000,0.000,62364.000,-40.000,7200.000,0.000,0.000,0.000,0.000
381283.000,0.000,62364.000,-40.000,7200.000,0.000,0.000,0.000,0.000
381293.000,1.000,62365.000,-40.000,7200.000,0.000,0.000,0.000,0.000
381303.000,0.000,62365.000,-40.000,7200.000,0.000,0.000,0.000,0.000
381313.000,-1.000,62364.000,-40.000,7200.000,0.000,0.000,0.000,0.000
381323.000,-4.000,62360.000,-40.000,7200.000,0.000,0.000,0.000,0.000
381333.000,0.000,62360.000,-40.000,7200.000,0.000,0.000,0.000,0.000
381343.000,-3.000,62357.000,-40.000,7200.000,0.000,0.000,0.000,0.000
381353.000,-1.000,62356.000,-40.000,7200.000,0.000,0.000,0.000,0.000
381363.000,0.000,62356.000,-40.000,7200.000,0.000,0.000,0.000,0.000
381373.000,0.000,62356.000,-40.000,7200.000,0.000,0.000,0.000,0.000
381383.000,1.000,62357.000,-40.000,7200.000,0.000,0.000,0.000,0.000
381393.000,0.000,62357.000,-40.000,7200.000,0.000,0.000,0.000,0.000
381403.000,-1.000,62356.000,-40.000,7200.000,0.000,0.000,0.000,0.000
381413.000,-4.000,62352.000,-40.000,7200.000,0.000,0.000,0.000,0.000
381423.000,0.000,62352.000,-40.000,7200.000,0.000,0.000,0.000,0.000
381433.000,1.000,62353.000,-40.000,7200.000,0.000,0.000,0.000,0.000
381443.000,-1.000,62352.000,-40.000,7200.000,0.000,0.000,0.000,0.000
381453.000,-4.000,62348.000,-40.000,7200.000,0.000,0.000,0.000,0.000
381463.000,0.000,62348.000,-40.000,7200.000,0.000,0.000,0.000,0.000
381473.000,0.000,62348.000,-40.000,7200.000,0.000,0.000,0.000,0.000
381483.000,1.000,62349.000,-40.000,7200.000,0.000,0.000,0.000,0.000
381493.000,0.000,62349.000,-40.000,7200.000,0.000,0.000,0.000,0.000
381503.000,-1.000,62348.000,-40.000,7200.000,0.000,0.000,0.000,0.000
381513.000,0.000,62348.000,-40.000,7200.000,0.000,0.000,0.000,0.000
381523.000,0.000,62348.000,-40.000,7200.000,0.000,0.000,0.000,0.000
381533.000,1.000,62349.000,-40.000,7200.000,0.000,0.000,0.000,0.000
381543.000,-4.000,62345.000,-40.000,7200.000,0.000,0.000,0.000,0.000
381553.000,-1.000,62344.000,-40.000,7200.000,0.000,0.000,0.000,0.000
381563.000,-4.000,62340.000,-40.000,7200.000,0.000,0.000,0.000,0.000
381573.000,1.000,62341.000,-40.000,7200.000,0.000,0.000,0.000,0.000
381583.000,-1.000,62340.000,-40.000,7200.000,0.000,0.000,0.000,0.000
381593.000,-4.000,62336.000,-40.000,7200.000,0.000,0.000,0.000,0.000
381603.000,0.000,62336.000,-40.000,7200.000,0.000,0.000,0.000,0.000
381613.000,0.000,62336.000,-40.000,7200.000,0.000,0.000,0.000,0.000
381623.000,0.000,62336.000,-40.000,7200.000,0.000,0.000,0.000,0.000
381633.000,0.000,62336.000,-40.000,7200.000,0.000,0.000,0.000,0.000
381643.000,1.000,62337.000,-40.000,7200.000,0.000,0.000,0.000,0.000
381653.000,-1.000,62336.000,-40.000,7200.000,0.000,0.000,0.000,0.000
381663.000,0.000,62336.000,-40.000,7200.000,0.000,0.000,0.000,0.000
381673.000,1.000,62337.000,-40.000,7200.000,0.000,0.000,0.000,0.000
381683.000,-1.000,62336.000,-40.000,7200.000,0.000,0.000,0.000,0.000
381693.000,0.000,62336.000,-40.000,7200.000,0.000,0.000,0.000,0.000
381703.000,0.000,62336.000,-40.000,7200.000,0.000,0.000,0.000,0.000
381713.000,1.000,62337.000,-40.000,7200.000,0.000,0.000,0.000,0.000
381723.000,-1.000,62336.000,-40.000,7200.000,0.000,0.000,0.000,0.000
381733.000,0.000,62336.000,-40.000,7200.000,0.000,0.000,0.000,0.000
381743.000,-4.000,62332.000,-40.000,7200.000,0.000,0.000,0.000,0.000
381753.000,1.000,62333.000,-40.000,7200.000,0.000,0.000,0.000,0.000
381763.000,-1.000,62332.000,-40.000,7200.000,0.000,0.000,0.000,0.000
381773.000,0.000,62332.000,-40.000,7200.000,0.000,0.000,0.000,0.000
381783.000,0.000,62332.000,-40.000,7200.000,0.000,0.000,0.000,0.000
381793.000,1.000,62333.000,-40.000,7200.000,0.000,0.000,0.000,0.000
381803.000,-1.000,62332.000,-40.000,7200.000,0.000,0.000,0.000,0.000
381813.000,0.000,62332.000,-40.000,7200.000,0.000,0.000,0.000,0.000
381823.000,-4.000,62328.000,-40.000,7200.000,0.000,0.000,0.000,0.000
381833.000,1.000,62329.000,-40.000,7200.000,0.000,0.000,0.000,0.000
381843.000,-1.000,62328.000,-40.000,7200.000,0.000,0.000,0.000,0.000
381853.000,0.000,62328.000,-40.000,7200.000,0.000,0.000,0.000,0.000
381863.000,0.000,62328.000,-40.000,7200.000,0.000,0.000,0.000,0.000
381873.000,-7.000,62321.000,-40.000,7200.000,0.000,0.000,0.000,0.000
381883.000,-1.000,62320.000,-40.000,7200.000,0.000,0.000,0.000,0.000
381893.000,0.000,62320.000,-40.000,7200.000,0.000,0.000,0.000,0.000
381903.000,0.000,62320.000,-40.000,7200.000,0.000,0.000,0.000,0.000
381913.000,-3.000,62317.000,-40.000,7200.000,0.000,0.000,0.000,0.000
381923.000,-5.000,62312.000,-40.000,7200.000,0.000,0.000,0.000,0.000
381933.000,0.000,62312.000,-40.000,7200.000,0.000,0.000,0.000,0.000
381943.000,0.000,62312.000,-40.000,7200.000,0.000,0.000,0.000,0.000
381953.000,1.000,62313.000,-40.000,7200.000,0.000,0.000,0.000,0.000
381963.000,-4.000,62309.000,-40.000,7200.000,0.000,0.000,0.000,0.000
381973.000,-1.000,62308.000,-40.000,7200.000,0.000,0.000,0.000,0.000
381983.000,0.000,62308.000,-40.000,7200.000,0.000,0.000,0.000,0.000
381993.000,0.000,62308.000,-40.000,7200.000,0.000,0.000,0.000,0.000
382003.000,1.000,62309.000,-40.000,7200.000,0.000,0.000,0.000,0.000
382013.000,-5.000,62304.000,-40.000,7200.000,0.000,0.000,0.000,0.000
382023.000,-4.000,62300.000,-40.000,7200.000,0.000,0.000,0.000,0.000
382033.000,0.000,62300.000,-40.000,7200.000,0.000,0.000,0.000,0.000
382043.000,1.000,62301.000,-40.000,7200.000,0.000,0.000,0.000,0.000
382053.000,0.000,62301.000,-40.000,7200.000,0.000,0.000,0.000,0.000
382063.000,-1.000,62300.000,-40.000,7200.000,0.000,0.000,0.000,0.000
382073.000,0.000,62300.000,-40.000,7200.000,0.000,0.000,0.000,0.000
382083.000,0.000,62300.000,-40.000,7200.000,0.000,0.000,0.000,0.000
382093.000,-3.000,62297.000,-40.000,7200.000,0.000,0.000,0.000,0.000
382103.000,-1.000,62296.000,-40.000,7200.000,0.000,0.000,0.000,0.000
382113.000,-4.000,62292.000,-40.000,7200.000,0.000,0.000,0.000,0.000
382123.000,-1.000,62291.000,-40.000,7200.000,0.000,0.000,0.000,0.000
382133.000,-2.000,62289.000,-40.000,7200.000,0.000,0.000,0.000,0.000
382143.000,0.000,62289.000,-40.000,7200.000,0.000,0.000,0.000,0.000
382153.000,-1.000,62288.000,-40.000,7200.000,0.000,0.000,0.000,0.000
382163.000,0.000,62288.000,-40.000,7200.000,0.000,0.000,0.000,0.000
382173.000,0.000,62288.000,-40.000,7200.000,0.000,0.000,0.000,0.000
382183.000,1.000,62289.000,-40.000,7200.000,0.000,0.000,0.000,0.000
382193.000,-1.000,62288.000,-40.000,7200.000,0.000,0.000,0.000,0.000
382203.000,0.000,62288.000,-40.000,7200.000,0.000,0.000,0.000,0.000
382213.000,-4.000,62284.000,-40.000,7200.000,0.000,0.000,0.000,0.000
382223.000,1.000,62285.000,-40.000,7200.000,0.000,0.000,0.000,0.000
382233.000,-1.000,62284.000,-40.000,7200.000,0.000,0.000,0.000,0.000
382243.000,-4.000,62280.000,-40.000,7200.000,0.000,0.000,0.000,0.000
382253.000,0.000,62280.000,-40.000,7200.000,0.000,0.000,0.000,0.000
382263.000,-3.000,62277.000,-40.000,7200.000,0.000,0.000,0.000,0.000
382273.000,0.000,62277.000,-40.000,7200.000,0.000,0.000,0.000,0.000
382283.000,-1.000,62276.000,-40.000,7200.000,0.000,0.000,0.000,0.000
382293.000,0.000,62276.000,-40.000,7200.000,0.000,0.000,0.000,0.000
382303.000,-3.000,62273.000,-40.000,7200.000,0.000,0.000,0.000,0.000
382313.000,0.000,62273.000,-40.000,7200.000,0.000,0.000,0.000,0.000
382323.000,-1.000,62272.000,-40.000,7200.000,0.000,0.000,0.000,0.000
382333.000,-4.000,62268.000,-40.000,7200.000,0.000,0.000,0.000,0.000
382343.000,0.000,62268.000,-40.000,7200.000,0.000,0.000,0.000,0.000
382353.000,1.000,62269.000,-40.000,7200.000,0.000,0.000,0.000,0.000
382363.000,-1.000,62268.000,-40.000,7200.000,0.000,0.000,0.000,0.000
382373.000,0.000,62268.000,-40.000,7200.000,0.000,0.000,0.000,0.000
382383.000,0.000,62268.000,-40.000,7200.000,0.000,0.000,0.000,0.000
382393.000,-4.000,62264.000,-40.000,7200.000,0.000,0.000,0.000,0.000
382403.000,1.000,62265.000,-40.000,7200.000,0.000,0.000,0.000,0.000
382413.000,-1.000,62264.000,-40.000,7200.000,0.000,0.000,0.000,0.000
382423.000,0.000,62264.000,-40.000,7200.000,0.000,0.000,0.000,0.000
382433.000,0.000,62264.000,-40.000,7200.000,0.000,0.000,0.000,0.000
382443.000,-7.000,62257.000,-40.000,7200.000,0.000,0.000,0.000,0.000
382453.000,-4.000,62253.000,-40.000,7200.000,0.000,0.000,0.000,0.000
382463.000,-1.000,62252.000,-40.000,7200.000,0.000,0.000,0.000,0.000
382473.000,0.000,62252.000,-40.000,7200.000,0.000,0.000,0.000,0.000
382483.000,1.000,62253.000,-40.000,7200.000,0.000,0.000,0.000,0.000
382493.000,-1.000,62252.000,-40.000,7200.000,0.000,0.000,0.000,0.000
382503.000,0.000,62252.000,-40.000,7200.000,0.000,0.000,0.000,0.000
382513.000,1.000,62253.000,-40.000,7200.000,0.000,0.000,0.000,0.000
382523.000,-1.000,62252.000,-40.000,7200.000,0.000,0.000,0.000,0.000
382533.000,0.000,62252.000,-40.000,7200.000,0.000,0.000,0.000,0.000
382543.000,1.000,62253.000,-40.000,7200.000,0.000,0.000,0.000,0.000
382553.000,-1.000,62252.000,-40.000,7200.000,0.000,0.000,0.000,0.000
382563.000,0.000,62252.000,-40.000,7200.000,0.000,0.000,0.000,0.000
382573.000,0.000,62252.000,-40.000,7200.000,0.000,0.000,0.000,0.000
382583.000,-3.000,62249.000,-40.000,7200.000,0.000,0.000,0.000,0.000
382593.000,-1.000,62248.000,-40.000,7200.000,0.000,0.000,0.000,0.000
382603.000,0.000,62248.000,-40.000,7200.000,0.000,0.000,0.000,0.000
382613.000,1.000,62249.000,-40.000,7200.000,0.000,0.000,0.000,0.000
382623.000,0.000,62249.000,-40.000,7200.000,0.000,0.000,0.000,0.000
382633.000,-1.000,62248.000,-40.000,7200.000,0.000,0.000,0.000,0.000
382643.000,0.000,62248.000,-40.000,7200.000,0.000,0.000,0.000,0.000
382653.000,1.000,62249.000,-40.000,7200.000,0.000,0.000,0.000,0.000
382663.000,-1.000,62248.000,-40.000,7200.000,0.000,0.000,0.000,0.000
382673.000,0.000,62248.000,-40.000,7200.000,0.000,0.000,0.000,0.000
382683.000,-4.000,62244.000,-40.000,7200.000,0.000,0.000,0.000,0.000
382693.000,1.000,62245.000,-40.000,7200.000,0.000,0.000,0.000,0.000
382703.000,-1.000,62244.000,-40.000,7200.000,0.000,0.000,0.000,0.000
382713.000,0.000,62244.000,-40.000,7200.000,0.000,0.000,0.000,0.000
382723.000,-4.000,62240.000,-40.000,7200.000,0.000,0.000,0.000,0.000
382733.000,-3.000,62237.000,-40.000,7200.000,0.000,0.000,0.000,0.000
382743.000,-5.000,62232.000,-40.000,7200.000,0.000,0.000,0.000,0.000
382753.000,-4.000,62228.000,-40.000,7200.000,0.000,0.000,0.000,0.000
382763.000,1.000,62229.000,-40.000,7200.000,0.000,0.000,0.000,0.000
382773.000,-4.000,62225.000,-40.000,7200.000,0.000,0.000,0.000,0.000
382783.000,-5.000,62220.000,-40.000,7200.000,0.000,0.000,0.000,0.000
382793.000,0.000,62220.000,-40.000,7200.000,0.000,0.000,0.000,0.000
382803.000,-3.000,62217.000,-40.000,7200.000,0.000,0.000,0.000,0.000
382813.000,0.000,62217.000,-40.000,7200.000,0.000,0.000,0.000,0.000
382823.000,-5.000,62212.000,-40.000,7200.000,0.000,0.000,0.000,0.000
382833.000,0.000,62212.000,-40.000,7200.000,0.000,0.000,0.000,0.000
382843.000,-7.000,62205.000,-40.000,7200.000,0.000,0.000,0.000,0.000
382853.000,0.000,62205.000,-40.000,7200.000,0.000,0.000,0.000,0.000
382863.000,-5.000,62200.000,-40.000,7200.000,0.000,0.000,0.000,0.000
382873.000,-4.000,62196.000,-40.000,7200.000,0.000,0.000,0.000,0.000
382883.000,1.000,62197.000,-40.000,7200.000,0.000,0.000,0.000,0.000
382893.000,0.000,62197.000,-40.000,7200.000,0.000,0.000,0.000,0.000
382903.000,-1.000,62196.000,-40.000,7200.000,0.000,0.000,0.000,0.000
382913.000,0.000,62196.000,-40.000,7200.000,0.000,0.000,0.000,0.000
382923.000,-8.000,62188.000,-40.000,7200.000,0.000,0.000,0.000,0.000
382933.000,1.000,62189.000,-40.000,7200.000,0.000,0.000,0.000,0.000
382943.000,0.000,62189.000,-40.000,7200.000,0.000,0.000,0.000,0.000
382953.000,-1.000,62188.000,-40.000,7200.000,0.000,0.000,0.000,0.000
382963.000,0.000,62188.000,-40.000,7200.000,0.000,0.000,0.000,0.000
382973.000,1.000,62189.000,-40.000,7200.000,0.000,0.000,0.000,0.000
382983.000,-4.000,62185.000,-40.000,7200.000,0.000,0.000,0.000,0.000
382993.000,-1.000,62184.000,-40.000,7200.000,0.000,0.000,0.000,0.000
383003.000,-4.000,62180.000,-40.000,7200.000,0.000,0.000,0.000,0.000
383013.000,0.000,62180.000,-40.000,7200.000,0.000,0.000,0.000,0.000
383023.000,1.000,62181.000,-40.000,7200.000,0.000,0.000,0.000,0.000
383033.000,-4.000,62177.000,-40.000,7200.000,0.000,0.000,0.000,0.000
383043.000,-1.000,62176.000,-40.000,7200.000,0.000,0.000,0.000,0.000
383053.000,0.000,62176.000,-40.000,7200.000,0.000,0.000,0.000,0.000
383063.000,0.000,62176.000,-40.000,7200.000,0.000,0.000,0.000,0.000
383073.000,1.000,62177.000,-40.000,7200.000,0.000,0.000,0.000,0.000
383083.000,-1.000,62176.000,-40.000,7200.000,0.000,0.000,0.000,0.000
383093.000,0.000,62176.000,-40.000,7200.000,0.000,0.000,0.000,0.000
383103.000,1.000,62177.000,-40.000,7200.000,0.000,0.000,0.000,0.000
383113.000,0.000,62177.000,-40.000,7200.000,0.000,0.000,0.000,0.000
383123.000,-1.000,62176.000,-40.000,7200.000,0.000,0.000,0.000,0.000
383133.000,0.000,62176.000,-40.000,7200.000,0.000,0.000,0.000,0.000
383143.000,1.000,62177.000,-40.000,7200.000,0.000,0.000,0.000,0.000
383153.000,0.000,62177.000,-40.000,7200.000,0.000,0.000,0.000,0.000
383163.000,-1.000,62176.000,-40.000,7200.000,0.000,0.000,0.000,0.000
383173.000,0.000,62176.000,-40.000,7200.000,0.000,0.000,0.000,0.000
383183.000,1.000,62177.000,-40.000,7200.000,0.000,0.000,0.000,0.000
383193.000,0.000,62177.000,-40.000,7200.000,0.000,0.000,0.000,0.000
383203.000,-1.000,62176.000,-40.000,7200.000,0.000,0.000,0.000,0.000
383213.000,0.000,62176.000,-40.000,7200.000,0.000,0.000,0.000,0.000
383223.000,1.000,62177.000,-40.000,7200.000,0.000,0.000,0.000,0.000
383233.000,0.000,62177.000,-40.000,7200.000,0.000,0.000,0.000,0.000
383243.000,-1.000,62176.000,-40.000,7200.000,0.000,0.000,0.000,0.000
383253.000,0.000,62176.000,-40.000,7200.000,0.000,0.000,0.000,0.000
383263.000,1.000,62177.000,-40.000,7200.000,0.000,0.000,0.000,0.000
383273.000,0.000,62177.000,-40.000,7200.000,0.000,0.000,0.000,0.000
383283.000,-1.000,62176.000,-40.000,7200.000,0.000,0.000,0.000,0.000
383293.000,0.000,62176.000,-40.000,7200.000,0.000,0.000,0.000,0.000
383303.000,0.000,62176.000,-40.000,7200.000,0.000,0.000,0.000,0.000
383313.000,1.000,62177.000,-40.000,7200.000,0.000,0.000,0.000,0.000
383323.000,-1.000,62176.000,-40.000,7200.000,0.000,0.000,0.000,0.000
383333.000,-4.000,62172.000,-40.000,7200.000,0.000,0.000,0.000,0.000
383343.000,0.000,62172.000,-40.000,7200.000,0.000,0.000,0.000,0.000
383353.000,1.000,62173.000,-40.000,7200.000,0.000,0.000,0.000,0.000
383363.000,-5.000,62168.000,-40.000,7200.000,0.000,0.000,0.000,0.000
383373.000,0.000,62168.000,-40.000,7200.000,0.000,0.000,0.000,0.000
383383.000,0.000,62168.000,-40.000,7200.000,0.000,0.000,0.000,0.000
383393.000,-3.000,62165.000,-40.000,7200.000,0.000,0.000,0.000,0.000
383403.000,-5.000,62160.000,-40.000,7200.000,0.000,0.000,0.000,0.000
383413.000,0.000,62160.000,-40.000,7200.000,0.000,0.000,0.000,0.000
383423.000,-3.000,62157.000,-40.000,7200.000,0.000,0.000,0.000,0.000
383433.000,0.000,62157.000,-40.000,7200.000,0.000,0.000,0.000,0.000
383443.000,-1.000,62156.000,-40.000,7200.000,0.000,0.000,0.000,0.000
383453.000,0.000,62156.000,-40.000,7200.000,0.000,0.000,0.000,0.000
383463.000,0.000,62156.000,-40.000,7200.000,0.000,0.000,0.000,0.000
383473.000,1.000,62157.000,-40.000,7200.000,0.000,0.000,0.000,0.000
383483.000,-1.000,62156.000,-40.000,7200.000,0.000,0.000,0.000,0.000
383493.000,-4.000,62152.000,-40.000,7200.000,0.000,0.000,0.000,0.000
383503.000,1.000,62153.000,-40.000,7200.000,0.000,0.000,0.000,0.000
383513.000,-1.000,62152.000,-40.000,7200.000,0.000,0.000,0.000,0.000
383523.000,0.000,62152.000,-40.000,7200.000,0.000,0.000,0.000,0.000
383533.000,0.000,62152.000,-40.000,7200.000,0.000,0.000,0.000,0.000
383543.000,0.000,62152.000,-40.000,7200.000,0.000,0.000,0.000,0.000
383553.000,1.000,62153.000,-40.000,7200.000,0.000,0.000,0.000,0.000
383563.000,0.000,62153.000,-40.000,7200.000,0.000,0.000,0.000,0.000
383573.000,-1.000,62152.000,-40.000,7200.000,0.000,0.000,0.000,0.000
383583.000,0.000,62152.000,-40.000,7200.000,0.000,0.000,0.000,0.000
383593.000,1.000,62153.000,-40.000,7200.000,0.000,0.000,0.000,0.000
383603.000,0.000,62153.000,-40.000,7200.000,0.000,0.000,0.000,0.000
383613.000,-1.000,62152.000,-40.000,7200.000,0.000,0.000,0.000,0.000
383623.000,0.000,62152.000,-40.000,7200.000,0.000,0.000,0.000,0.000
383633.000,0.000,62152.000,-40.000,7200.000,0.000,0.000,0.000,0.000
383643.000,1.000,62153.000,-40.000,7200.000,0.000,0.000,0.000,0.000
383653.000,-5.000,62148.000,-40.000,7200.000,0.000,0.000,0.000,0.000
383663.000,-4.000,62144.000,-40.000,7200.000,0.000,0.000,0.000,0.000
383673.000,1.000,62145.000,-40.000,7200.000,0.000,0.000,0.000,0.000
383683.000,-1.000,62144.000,-40.000,7200.000,0.000,0.000,0.000,0.000
383693.000,0.000,62144.000,-40.000,7200.000,0.000,0.000,0.000,0.000
383703.000,0.000,62144.000,-40.000,7200.000,0.000,0.000,0.000,0.000
383713.000,1.000,62145.000,-40.000,7200.000,0.000,0.000,0.000,0.000
383723.000,-1.000,62144.000,-40.000,7200.000,0.000,0.000,0.000,0.000
383733.000,0.000,62144.000,-40.000,7200.000,0.000,0.000,0.000,0.000
383743.000,-7.000,62137.000,-40.000,7200.000,0.000,0.000,0.000,0.000
383753.000,-8.000,62129.000,-40.000,7200.000,0.000,0.000,0.000,0.000
383763.000,-1.000,62128.000,-40.000,7200.000,0.000,0.000,0.000,0.000
383773.000,0.000,62128.000,-40.000,7200.000,0.000,0.000,0.000,0.000
383783.000,1.000,62129.000,-40.000,7200.000,0.000,0.000,0.000,0.000
383793.000,0.000,62129.000,-40.000,7200.000,0.000,0.000,0.000,0.000
383803.000,-1.000,62128.000,-40.000,7200.000,0.000,0.000,0.000,0.000
383813.000,-4.000,62124.000,-40.000,7200.000,0.000,0.000,0.000,0.000
383823.000,1.000,62125.000,-40.000,7200.000,0.000,0.000,0.000,0.000
383833.000,0.000,62125.000,-40.000,7200.000,0.000,0.000,0.000,0.000
383843.000,-5.000,62120.000,-40.000,7200.000,0.000,0.000,0.000,0.000
383853.000,0.000,62120.000,-40.000,7200.000,0.000,0.000,0.000,0.000
383863.000,1.000,62121.000,-40.000,7200.000,0.000,0.000,0.000,0.000
383873.000,0.000,62121.000,-40.000,7200.000,0.000,0.000,0.000,0.000
383883.000,-1.000,62120.000,-40.000,7200.000,0.000,0.000,0.000,0.000
383893.000,-4.000,62116.000,-40.000,7200.000,0.000,0.000,0.000,0.000
383903.000,1.000,62117.000,-40.000,7200.000,0.000,0.000,0.000,0.000
383913.000,0.000,62117.000,-40.000,7200.000,0.000,0.000,0.000,0.000
383923.000,-1.000,62116.000,-40.000,7200.000,0.000,0.000,0.000,0.000
383933.000,0.000,62116.000,-40.000,7200.000,0.000,0.000,0.000,0.000
383943.000,0.000,62116.000,-40.000,7200.000,0.000,0.000,0.000,0.000
383953.000,1.000,62117.000,-40.000,7200.000,0.000,0.000,0.000,0.000
383963.000,-1.000,62116.000,-40.000,7200.000,0.000,0.000,0.000,0.000
383973.000,-4.000,62112.000,-40.000,7200.000,0.000,0.000,0.000,0.000
383983.000,-4.000,62108.000,-40.000,7200.000,0.000,0.000,0.000,0.000
383993.000,1.000,62109.000,-40.000,7200.000,0.000,0.000,0.000,0.000
384003.000,-5.000,62104.000,-40.000,7200.000,0.000,0.000,0.000,0.000
384013.000,-8.000,62096.000,-40.000,7200.000,0.000,0.000,0.000,0.000
384023.000,0.000,62096.000,-40.000,7200.000,0.000,0.000,0.000,0.000
384033.000,1.000,62097.000,-40.000,7200.000,0.000,0.000,0.000,0.000
384043.000,0.000,62097.000,-40.000,7200.000,0.000,0.000,0.000,0.000
384053.000,-1.000,62096.000,-40.000,7200.000,0.000,0.000,0.000,0.000
384063.000,0.000,62096.000,-40.000,7200.000,0.000,0.000,0.000,0.000
384073.000,0.000,62096.000,-40.000,7200.000,0.000,0.000,0.000,0.000
384083.000,-3.000,62093.000,-40.000,7200.000,0.000,0.000,0.000,0.000
384093.000,-1.000,62092.000,-40.000,7200.000,0.000,0.000,0.000,0.000
384103.000,-4.000,62088.000,-40.000,7200.000,0.000,0.000,0.000,0.000
384113.000,0.000,62088.000,-40.000,7200.000,0.000,0.000,0.000,0.000
384123.000,0.000,62088.000,-40.000,7200.000,0.000,0.000,0.000,0.000
384133.000,-3.000,62085.000,-40.000,7200.000,0.000,0.000,0.000,0.000
384143.000,-1.000,62084.000,-40.000,7200.000,0.000,0.000,0.000,0.000
384153.000,0.000,62084.000,-40.000,7200.000,0.000,0.000,0.000,0.000
384163.000,0.000,62084.000,-40.000,7200.000,0.000,0.000,0.000,0.000
384173.000,1.000,62085.000,-40.000,7200.000,0.000,0.000,0.000,0.000
384183.000,-4.000,62081.000,-40.000,7200.000,0.000,0.000,0.000,0.000
384193.000,-5.000,62076.000,-40.000,7200.000,0.000,0.000,0.000,0.000
384203.000,0.000,62076.000,-40.000,7200.000,0.000,0.000,0.000,0.000
384213.000,0.000,62076.000,-40.000,7200.000,0.000,0.000,0.000,0.000
384223.000,1.000,62077.000,-40.000,7200.000,0.000,0.000,0.000,0.000
384233.000,-4.000,62073.000,-40.000,7200.000,0.000,0.000,0.000,0.000
384243.000,-4.000,62069.000,-40.000,7200.000,0.000,0.000,0.000,0.000
384253.000,-5.000,62064.000,-40.000,7200.000,0.000,0.000,0.000,0.000
384263.000,-4.000,62060.000,-40.000,7200.000,0.000,0.000,0.000,0.000
384273.000,-4.000,62056.000,-40.000,7200.000,0.000,0.000,0.000,0.000
384283.000,1.000,62057.000,-40.000,7200.000,0.000,0.000,0.000,0.000
384293.000,-4.000,62053.000,-40.000,7200.000,0.000,0.000,0.000,0.000
384303.000,-5.000,62048.000,-40.000,7200.000,0.000,0.000,0.000,0.000
384313.000,0.000,62048.000,-40.000,7200.000,0.000,0.000,0.000,0.000
384323.000,0.000,62048.000,-40.000,7200.000,0.000,0.000,0.000,0.000
384333.000,-4.000,62044.000,-40.000,7200.000,0.000,0.000,0.000,0.000
384343.000,1.000,62045.000,-40.000,7200.000,0.000,0.000,0.000,0.000
384353.000,-4.000,62041.000,-40.000,7200.000,0.000,0.000,0.000,0.000
384363.000,-5.000,62036.000,-40.000,7200.000,0.000,0.000,0.000,0.000
384373.000,0.000,62036.000,-40.000,7200.000,0.000,0.000,0.000,0.000
384383.000,0.000,62036.000,-40.000,7200.000,0.000,0.000,0.000,0.000
384393.000,0.000,62036.000,-40.000,7200.000,0.000,0.000,0.000,0.000
384403.000,0.000,62036.000,-40.000,7200.000,0.000,0.000,0.000,0.000
384413.000,1.000,62037.000,-40.000,7200.000,0.000,0.000,0.000,0.000
384423.000,0.000,62037.000,-40.000,7200.000,0.000,0.000,0.000,0.000
384433.000,-1.000,62036.000,-40.000,7200.000,0.000,0.000,0.000,0.000
384443.000,-8.000,62028.000,-40.000,7200.000,0.000,0.000,0.000,0.000
384453.000,0.000,62028.000,-40.000,7200.000,0.000,0.000,0.000,0.000
384463.000,0.000,62028.000,-40.000,7200.000,0.000,0.000,0.000,0.000
384473.000,1.000,62029.000,-40.000,7200.000,0.000,0.000,0.000,0.000
384483.000,0.000,62029.000,-40.000,7200.000,0.000,0.000,0.000,0.000
384493.000,-1.000,62028.000,-40.000,7200.000,0.000,0.000,0.000,0.000
384503.000,0.000,62028.000,-40.000,7200.000,0.000,0.000,0.000,0.000
384513.000,0.000,62028.000,-40.000,7200.000,0.000,0.000,0.000,0.000
384523.000,1.000,62029.000,-40.000,7200.000,0.000,0.000,0.000,0.000
384533.000,0.000,62029.000,-40.000,7200.000,0.000,0.000,0.000,0.000
384543.000,-5.000,62024.000,-40.000,7200.000,0.000,0.000,0.000,0.000
384553.000,0.000,62024.000,-40.000,7200.000,0.000,0.000,0.000,0.000
384563.000,-4.000,62020.000,-40.000,7200.000,0.000,0.000,0.000,0.000
384573.000,0.000,62020.000,-40.000,7200.000,0.000,0.000,0.000,0.000
384583.000,1.000,62021.000,-40.000,7200.000,0.000,0.000,0.000,0.000
384593.000,-4.000,62017.000,-40.000,7200.000,0.000,0.000,0.000,0.000
384603.000,-5.000,62012.000,-40.000,7200.000,0.000,0.000,0.000,0.000
384613.000,-4.000,62008.000,-40.000,7200.000,0.000,0.000,0.000,0.000
384623.000,0.000,62008.000,-40.000,7200.000,0.000,0.000,0.000,0.000
384633.000,-4.000,62004.000,-40.000,7200.000,0.000,0.000,0.000,0.000
384643.000,1.000,62005.000,-40.000,7200.000,0.000,0.000,0.000,0.000
384653.000,0.000,62005.000,-40.000,7200.000,0.000,0.000,0.000,0.000
384663.000,-1.000,62004.000,-40.000,7200.000,0.000,0.000,0.000,0.000
384673.000,0.000,62004.000,-40.000,7200.000,0.000,0.000,0.000,0.000
384683.000,-4.000,62000.000,-40.000,7200.000,0.000,0.000,0.000,0.000
384693.000,-8.000,61992.000,-40.000,7200.000,0.000,0.000,0.000,0.000
384703.000,1.000,61993.000,-40.000,7200.000,0.000,0.000,0.000,0.000
384713.000,-4.000,61989.000,-40.000,7200.000,0.000,0.000,0.000,0.000
384723.000,-1.000,61988.000,-40.000,7200.000,0.000,0.000,0.000,0.000
384733.000,0.000,61988.000,-40.000,7200.000,0.000,0.000,0.000,0.000
384743.000,0.000,61988.000,-40.000,7200.000,0.000,0.000,0.000,0.000
384753.000,0.000,61988.000,-40.000,7200.000,0.000,0.000,0.000,0.000
384763.000,-6.000,61982.000,-40.000,7200.000,0.000,0.000,0.000,0.000
384773.000,-1.000,61981.000,-40.000,7200.000,0.000,0.000,0.000,0.000
384783.000,-4.000,61977.000,-40.000,7200.000,0.000,0.000,0.000,0.000
384793.000,-1.000,61976.000,-40.000,7200.000,0.000,0.000,0.000,0.000
384803.000,0.000,61976.000,-40.000,7200.000,0.000,0.000,0.000,0.000
384813.000,0.000,61976.000,-40.000,7200.000,0.000,0.000,0.000,0.000
384823.000,-4.000,61972.000,-40.000,7200.000,0.000,0.000,0.000,0.000
384833.000,0.000,61972.000,-40.000,7200.000,0.000,0.000,0.000,0.000
384843.000,1.000,61973.000,-40.000,7200.000,0.000,0.000,0.000,0.000
384853.000,-4.000,61969.000,-40.000,7200.000,0.000,0.000,0.000,0.000
384863.000,-1.000,61968.000,-40.000,7200.000,0.000,0.000,0.000,0.000
384873.000,-4.000,61964.000,-40.000,7200.000,0.000,0.000,0.000,0.000
384883.000,0.000,61964.000,-40.000,7200.000,0.000,0.000,0.000,0.000
384893.000,0.000,61964.000,-40.000,7200.000,0.000,0.000,0.000,0.000
384903.000,-4.000,61960.000,-40.000,7200.000,0.000,0.000,0.000,0.000
384913.000,-3.000,61957.000,-40.000,7200.000,0.000,0.000,0.000,0.000
384923.000,-4.000,61953.000,-40.000,7200.000,0.000,0.000,0.000,0.000
384933.000,-1.000,61952.000,-40.000,7200.000,0.000,0.000,0.000,0.000
384943.000,0.000,61952.000,-40.000,7200.000,0.000,0.000,0.000,0.000
384953.000,-4.000,61948.000,-40.000,7200.000,0.000,0.000,0.000,0.000
384963.000,-4.000,61944.000,-40.000,7200.000,0.000,0.000,0.000,0.000
384973.000,-8.000,61936.000,-40.000,7200.000,0.000,0.000,0.000,0.000
384983.000,-4.000,61932.000,-40.000,7200.000,0.000,0.000,0.000,0.000
384993.000,1.000,61933.000,-40.000,7200.000,0.000,0.000,0.000,0.000
385003.000,0.000,61933.000,-40.000,7200.000,0.000,0.000,0.000,0.000
385013.000,0.000,61933.000,-40.000,7200.000,0.000,0.000,0.000,0.000
385023.000,-1.000,61932.000,-40.000,7200.000,0.000,0.000,0.000,0.000
385033.000,-4.000,61928.000,-40.000,7200.000,0.000,0.000,0.000,0.000
385043.000,-4.000,61924.000,-40.000,7200.000,0.000,0.000,0.000,0.000
385053.000,0.000,61924.000,-40.000,7200.000,0.000,0.000,0.000,0.000
385063.000,0.000,61924.000,-40.000,7200.000,0.000,0.000,0.000,0.000
385073.000,-3.000,61921.000,-40.000,7200.000,0.000,0.000,0.000,0.000
385083.000,0.000,61921.000,-40.000,7200.000,0.000,0.000,0.000,0.000
385093.000,0.000,61921.000,-40.000,7200.000,0.000,0.000,0.000,0.000
385103.000,-5.000,61916.000,-40.000,7200.000,0.000,0.000,0.000,0.000
385113.000,-4.000,61912.000,-40.000,7200.000,0.000,0.000,0.000,0.000
385123.000,-4.000,61908.000,-40.000,7200.000,0.000,0.000,0.000,0.000
385133.000,1.000,61909.000,-40.000,7200.000,0.000,0.000,0.000,0.000
385143.000,0.000,61909.000,-40.000,7200.000,0.000,0.000,0.000,0.000
385153.000,-1.000,61908.000,-40.000,7200.000,0.000,0.000,0.000,0.000
385163.000,0.000,61908.000,-40.000,7200.000,0.000,0.000,0.000,0.000
385173.000,0.000,61908.000,-40.000,7200.000,0.000,0.000,0.000,0.000
385183.000,0.000,61908.000,-40.000,7200.000,0.000,0.000,0.000,0.000
385193.000,1.000,61909.000,-40.000,7200.000,0.000,0.000,0.000,0.000
385203.000,0.000,61909.000,-40.000,7200.000,0.000,0.000,0.000,0.000
385213.000,-1.000,61908.000,-40.000,7200.000,0.000,0.000,0.000,0.000
385223.000,0.000,61908.000,-40.000,7200.000,0.000,0.000,0.000,0.000
385233.000,-4.000,61904.000,-40.000,7200.000,0.000,0.000,0.000,0.000
385243.000,1.000,61905.000,-40.000,7200.000,0.000,0.000,0.000,0.000
385253.000,0.000,61905.000,-40.000,7200.000,0.000,0.000,0.000,0.000
385263.000,-5.000,61900.000,-40.000,7200.000,0.000,0.000,0.000,0.000
385273.000,0.000,61900.000,-40.000,7200.000,0.000,0.000,0.000,0.000
385283.000,-4.000,61896.000,-40.000,7200.000,0.000,0.000,0.000,0.000
385293.000,-4.000,61892.000,-40.000,7200.000,0.000,0.000,0.000,0.000
385303.000,1.000,61893.000,-40.000,7200.000,0.000,0.000,0.000,0.000
385313.000,0.000,61893.000,-40.000,7200.000,0.000,0.000,0.000,0.000
385323.000,-5.000,61888.000,-40.000,7200.000,0.000,0.000,0.000,0.000
385333.000,-4.000,61884.000,-40.000,7200.000,0.000,0.000,0.000,0.000
385343.000,-4.000,61880.000,-40.000,7200.000,0.000,0.000,0.000,0.000
385353.000,1.000,61881.000,-40.000,7200.000,0.000,0.000,0.000,0.000
385363.000,0.000,61881.000,-40.000,7200.000,0.000,0.000,0.000,0.000
385373.000,-9.000,61872.000,-40.000,7200.000,0.000,0.000,0.000,0.000
385383.000,-4.000,61868.000,-40.000,7200.000,0.000,0.000,0.000,0.000
385393.000,0.000,61868.000,-40.000,7200.000,0.000,0.000,0.000,0.000
385403.000,0.000,61868.000,-40.000,7200.000,0.000,0.000,0.000,0.000
385413.000,-3.000,61865.000,-40.000,7200.000,0.000,0.000,0.000,0.000
385423.000,-4.000,61861.000,-40.000,7200.000,0.000,0.000,0.000,0.000
385433.000,-9.000,61852.000,-40.000,7200.000,0.000,0.000,0.000,0.000
385443.000,0.000,61852.000,-40.000,7200.000,0.000,0.000,0.000,0.000
385453.000,-4.000,61848.000,-40.000,7200.000,0.000,0.000,0.000,0.000
385463.000,-4.000,61844.000,-40.000,7200.000,0.000,0.000,0.000,0.000
385473.000,0.000,61844.000,-40.000,7200.000,0.000,0.000,0.000,0.000
385483.000,1.000,61845.000,-40.000,7200.000,0.000,0.000,0.000,0.000
385493.000,0.000,61845.000,-40.000,7200.000,0.000,0.000,0.000,0.000
385503.000,-1.000,61844.000,-40.000,7200.000,0.000,0.000,0.000,0.000
385513.000,-4.000,61840.000,-40.000,7200.000,0.000,0.000,0.000,0.000
385523.000,-4.000,61836.000,-40.000,7200.000,0.000,0.000,0.000,0.000
385533.000,0.000,61836.000,-40.000,7200.000,0.000,0.000,0.000,0.000
385543.000,1.000,61837.000,-40.000,7200.000,0.000,0.000,0.000,0.000
385553.000,0.000,61837.000,-40.000,7200.000,0.000,0.000,0.000,0.000
385563.000,-5.000,61832.000,-40.000,7200.000,0.000,0.000,0.000,0.000
385573.000,-4.000,61828.000,-40.000,7200.000,0.000,0.000,0.000,0.000
385583.000,-4.000,61824.000,-40.000,7200.000,0.000,0.000,0.000,0.000
385593.000,0.000,61824.000,-40.000,7200.000,0.000,0.000,0.000,0.000
385603.000,1.000,61825.000,-40.000,7200.000,0.000,0.000,0.000,0.000
385613.000,0.000,61825.000,-40.000,7200.000,0.000,0.000,0.000,0.000
385623.000,-4.000,61821.000,-40.000,7200.000,0.000,0.000,0.000,0.000
385633.000,-1.000,61820.000,-40.000,7200.000,0.000,0.000,0.000,0.000
385643.000,0.000,61820.000,-40.000,7200.000,0.000,0.000,0.000,0.000
385653.000,0.000,61820.000,-40.000,7200.000,0.000,0.000,0.000,0.000
385663.000,0.000,61820.000,-40.000,7200.000,0.000,0.000,0.000,0.000
385673.000,1.000,61821.000,-40.000,7200.000,0.000,0.000,0.000,0.000
385683.000,0.000,61821.000,-40.000,7200.000,0.000,0.000,0.000,0.000
385693.000,-5.000,61816.000,-40.000,7200.000,0.000,0.000,0.000,0.000
385703.000,-4.000,61812.000,-40.000,7200.000,0.000,0.000,0.000,0.000
385713.000,0.000,61812.000,-40.000,7200.000,0.000,0.000,0.000,0.000
385723.000,0.000,61812.000,-40.000,7200.000,0.000,0.000,0.000,0.000
385733.000,1.000,61813.000,-40.000,7200.000,0.000,0.000,0.000,0.000
385743.000,-1.000,61812.000,-40.000,7200.000,0.000,0.000,0.000,0.000
385753.000,0.000,61812.000,-40.000,7200.000,0.000,0.000,0.000,0.000
385763.000,0.000,61812.000,-40.000,7200.000,0.000,0.000,0.000,0.000
385773.000,1.000,61813.000,-40.000,7200.000,0.000,0.000,0.000,0.000
385783.000,0.000,61813.000,-40.000,7200.000,0.000,0.000,0.000,0.000
385793.000,-1.000,61812.000,-40.000,7200.000,0.000,0.000,0.000,0.000
385803.000,0.000,61812.000,-40.000,7200.000,0.000,0.000,0.000,0.000
385813.000,0.000,61812.000,-40.000,7200.000,0.000,0.000,0.000,0.000
385823.000,0.000,61812.000,-40.000,7200.000,0.000,0.000,0.000,0.000
385833.000,1.000,61813.000,-40.000,7200.000,0.000,0.000,0.000,0.000
385843.000,-4.000,61809.000,-40.000,7200.000,0.000,0.000,0.000,0.000
385853.000,-5.000,61804.000,-40.000,7200.000,0.000,0.000,0.000,0.000
385863.000,-4.000,61800.000,-40.000,7200.000,0.000,0.000,0.000,0.000
385873.000,-4.000,61796.000,-40.000,7200.000,0.000,0.000,0.000,0.000
385883.000,-4.000,61792.000,-40.000,7200.000,0.000,0.000,0.000,0.000
385893.000,-3.000,61789.000,-40.000,7200.000,0.000,0.000,0.000,0.000
385903.000,0.000,61789.000,-40.000,7200.000,0.000,0.000,0.000,0.000
385913.000,-1.000,61788.000,-40.000,7200.000,0.000,0.000,0.000,0.000
385923.000,0.000,61788.000,-40.000,7200.000,0.000,0.000,0.000,0.000
385933.000,0.000,61788.000,-40.000,7200.000,0.000,0.000,0.000,0.000
385943.000,-3.000,61785.000,-40.000,7200.000,0.000,0.000,0.000,0.000
385953.000,-4.000,61781.000,-40.000,7200.000,0.000,0.000,0.000,0.000
385963.000,-1.000,61780.000,-40.000,7200.000,0.000,0.000,0.000,0.000
385973.000,0.000,61780.000,-40.000,7200.000,0.000,0.000,0.000,0.000
385983.000,0.000,61780.000,-40.000,7200.000,0.000,0.000,0.000,0.000
385993.000,-3.000,61777.000,-40.000,7200.000,0.000,0.000,0.000,0.000
386003.000,-9.000,61768.000,-40.000,7200.000,0.000,0.000,0.000,0.000
386013.000,0.000,61768.000,-40.000,7200.000,0.000,0.000,0.000,0.000
386023.000,1.000,61769.000,-40.000,7200.000,0.000,0.000,0.000,0.000
386033.000,-1.000,61768.000,-40.000,7200.000,0.000,0.000,0.000,0.000
386043.000,0.000,61768.000,-40.000,7200.000,0.000,0.000,0.000,0.000
386053.000,1.000,61769.000,-40.000,7200.000,0.000,0.000,0.000,0.000
386063.000,-4.000,61765.000,-40.000,7200.000,0.000,0.000,0.000,0.000
386073.000,-1.000,61764.000,-40.000,7200.000,0.000,0.000,0.000,0.000
386083.000,0.000,61764.000,-40.000,7200.000,0.000,0.000,0.000,0.000
386093.000,1.000,61765.000,-40.000,7200.000,0.000,0.000,0.000,0.000
386103.000,-1.000,61764.000,-40.000,7200.000,0.000,0.000,0.000,0.000
386113.000,0.000,61764.000,-40.000,7200.000,0.000,0.000,0.000,0.000
386123.000,1.000,61765.000,-40.000,7200.000,0.000,0.000,0.000,0.000
386133.000,-4.000,61761.000,-40.000,7200.000,0.000,0.000,0.000,0.000
386143.000,-5.000,61756.000,-40.000,7200.000,0.000,0.000,0.000,0.000
386153.000,-4.000,61752.000,-40.000,7200.000,0.000,0.000,0.000,0.000
386163.000,1.000,61753.000,-40.000,7200.000,0.000,0.000,0.000,0.000
386173.000,-1.000,61752.000,-40.000,7200.000,0.000,0.000,0.000,0.000
386183.000,-4.000,61748.000,-40.000,7200.000,0.000,0.000,0.000,0.000
386193.000,-4.000,61744.000,-40.000,7200.000,0.000,0.000,0.000,0.000
386203.000,1.000,61745.000,-40.000,7200.000,0.000,0.000,0.000,0.000
386213.000,-1.000,61744.000,-40.000,7200.000,0.000,0.000,0.000,0.000
386223.000,0.000,61744.000,-40.000,7200.000,0.000,0.000,0.000,0.000
386233.000,0.000,61744.000,-40.000,7200.000,0.000,0.000,0.000,0.000
386243.000,1.000,61745.000,-40.000,7200.000,0.000,0.000,0.000,0.000
386253.000,-1.000,61744.000,-40.000,7200.000,0.000,0.000,0.000,0.000
386263.000,0.000,61744.000,-40.000,7200.000,0.000,0.000,0.000,0.000
386273.000,1.000,61745.000,-40.000,7200.000,0.000,0.000,0.000,0.000
386283.000,-1.000,61744.000,-40.000,7200.000,0.000,0.000,0.000,0.000
386293.000,-4.000,61740.000,-40.000,7200.000,0.000,0.000,0.000,0.000
386303.000,1.000,61741.000,-40.000,7200.000,0.000,0.000,0.000,0.000
386313.000,-9.000,61732.000,-40.000,7200.000,0.000,0.000,0.000,0.000
386323.000,0.000,61732.000,-40.000,7200.000,0.000,0.000,0.000,0.000
386333.000,-3.000,61729.000,-40.000,7200.000,0.000,0.000,0.000,0.000
386343.000,-1.000,61728.000,-40.000,7200.000,0.000,0.000,0.000,0.000
386353.000,0.000,61728.000,-40.000,7200.000,0.000,0.000,0.000,0.000
386363.000,0.000,61728.000,-40.000,7200.000,0.000,0.000,0.000,0.000
386373.000,0.000,61728.000,-40.000,7200.000,0.000,0.000,0.000,0.000
386383.000,0.000,61728.000,-40.000,7200.000,0.000,0.000,0.000,0.000
386393.000,-3.000,61725.000,-40.000,7200.000,0.000,0.000,0.000,0.000
386403.000,-5.000,61720.000,-40.000,7200.000,0.000,0.000,0.000,0.000
386413.000,0.000,61720.000,-40.000,7200.000,0.000,0.000,0.000,0.000
386423.000,-7.000,61713.000,-40.000,7200.000,0.000,0.000,0.000,0.000
386433.000,-1.000,61712.000,-40.000,7200.000,0.000,0.000,0.000,0.000
386443.000,0.000,61712.000,-40.000,7200.000,0.000,0.000,0.000,0.000
386453.000,-3.000,61709.000,-40.000,7200.000,0.000,0.000,0.000,0.000
386463.000,-5.000,61704.000,-40.000,7200.000,0.000,0.000,0.000,0.000
386473.000,0.000,61704.000,-40.000,7200.000,0.000,0.000,0.000,0.000
386483.000,-3.000,61701.000,-40.000,7200.000,0.000,0.000,0.000,0.000
386493.000,-1.000,61700.000,-40.000,7200.000,0.000,0.000,0.000,0.000
386503.000,-4.000,61696.000,-40.000,7200.000,0.000,0.000,0.000,0.000
386513.000,0.000,61696.000,-40.000,7200.000,0.000,0.000,0.000,0.000
386523.000,-3.000,61693.000,-40.000,7200.000,0.000,0.000,0.000,0.000
386533.000,-1.000,61692.000,-40.000,7200.000,0.000,0.000,0.000,0.000
386543.000,-4.000,61688.000,-40.000,7200.000,0.000,0.000,0.000,0.000
386553.000,1.000,61689.000,-40.000,7200.000,0.000,0.000,0.000,0.000
386563.000,-1.000,61688.000,-40.000,7200.000,0.000,0.000,0.000,0.000
386573.000,0.000,61688.000,-40.000,7200.000,0.000,0.000,0.000,0.000
386583.000,-4.000,61684.000,-40.000,7200.000,0.000,0.000,0.000,0.000
386593.000,1.000,61685.000,-40.000,7200.000,0.000,0.000,0.000,0.000
386603.000,-1.000,61684.000,-40.000,7200.000,0.000,0.000,0.000,0.000
386613.000,0.000,61684.000,-40.000,7200.000,0.000,0.000,0.000,0.000
386623.000,1.000,61685.000,-40.000,7200.000,0.000,0.000,0.000,0.000
386633.000,-8.000,61677.000,-40.000,7200.000,0.000,0.000,0.000,0.000
386643.000,-5.000,61672.000,-40.000,7200.000,0.000,0.000,0.000,0.000
386653.000,-4.000,61668.000,-40.000,7200.000,0.000,0.000,0.000,0.000
386663.000,-3.000,61665.000,-40.000,7200.000,0.000,0.000,0.000,0.000
386673.000,0.000,61665.000,-40.000,7200.000,0.000,0.000,0.000,0.000
386683.000,-1.000,61664.000,-40.000,7200.000,0.000,0.000,0.000,0.000
386693.000,0.000,61664.000,-40.000,7200.000,0.000,0.000,0.000,0.000
386703.000,0.000,61664.000,-40.000,7200.000,0.000,0.000,0.000,0.000
386713.000,1.000,61665.000,-40.000,7200.000,0.000,0.000,0.000,0.000
386723.000,-5.000,61660.000,-40.000,7200.000,0.000,0.000,0.000,0.000
386733.000,-4.000,61656.000,-40.000,7200.000,0.000,0.000,0.000,0.000
386743.000,1.000,61657.000,-40.000,7200.000,0.000,0.000,0.000,0.000
386753.000,0.000,61657.000,-40.000,7200.000,0.000,0.000,0.000,0.000
386763.000,-1.000,61656.000,-40.000,7200.000,0.000,0.000,0.000,0.000
386773.000,-4.000,61652.000,-40.000,7200.000,0.000,0.000,0.000,0.000
386783.000,1.000,61653.000,-40.000,7200.000,0.000,0.000,0.000,0.000
386793.000,0.000,61653.000,-40.000,7200.000,0.000,0.000,0.000,0.000
386803.000,-1.000,61652.000,-40.000,7200.000,0.000,0.000,0.000,0.000
386813.000,-4.000,61648.000,-40.000,7200.000,0.000,0.000,0.000,0.000
386823.000,0.000,61648.000,-40.000,7200.000,0.000,0.000,0.000,0.000
386833.000,1.000,61649.000,-40.000,7200.000,0.000,0.000,0.000,0.000
386843.000,-1.000,61648.000,-40.000,7200.000,0.000,0.000,0.000,0.000
386853.000,0.000,61648.000,-40.000,7200.000,0.000,0.000,0.000,0.000
386863.000,0.000,61648.000,-40.000,7200.000,0.000,0.000,0.000,0.000
386873.000,1.000,61649.000,-40.000,7200.000,0.000,0.000,0.000,0.000
386883.000,-1.000,61648.000,-40.000,7200.000,0.000,0.000,0.000,0.000
386893.000,0.000,61648.000,-40.000,7200.000,0.000,0.000,0.000,0.000
386903.000,1.000,61649.000,-40.000,7200.000,0.000,0.000,0.000,0.000
386913.000,-1.000,61648.000,-40.000,7200.000,0.000,0.000,0.000,0.000
386923.000,0.000,61648.000,-40.000,7200.000,0.000,0.000,0.000,0.000
386933.000,1.000,61649.000,-40.000,7200.000,0.000,0.000,0.000,0.000
386943.000,-1.000,61648.000,-40.000,7200.000,0.000,0.000,0.000,0.000
386953.000,0.000,61648.000,-40.000,7200.000,0.000,0.000,0.000,0.000
386963.000,0.000,61648.000,-40.000,7200.000,0.000,0.000,0.000,0.000
386973.000,1.000,61649.000,-40.000,7200.000,0.000,0.000,0.000,0.000
386983.000,-1.000,61648.000,-40.000,7200.000,0.000,0.000,0.000,0.000
386993.000,0.000,61648.000,-40.000,7200.000,0.000,0.000,0.000,0.000
387003.000,-3.000,61645.000,-40.000,7200.000,0.000,0.000,0.000,0.000
387013.000,0.000,61645.000,-40.000,7200.000,0.000,0.000,0.000,0.000
387023.000,-1.000,61644.000,-40.000,7200.000,0.000,0.000,0.000,0.000
387033.000,0.000,61644.000,-40.000,7200.000,0.000,0.000,0.000,0.000
387043.000,1.000,61645.000,-40.000,7200.000,0.000,0.000,0.000,0.000
387053.000,0.000,61645.000,-40.000,7200.000,0.000,0.000,0.000,0.000
387063.000,-1.000,61644.000,-40.000,7200.000,0.000,0.000,0.000,0.000
387073.000,-4.000,61640.000,-40.000,7200.000,0.000,0.000,0.000,0.000
387083.000,1.000,61641.000,-40.000,7200.000,0.000,0.000,0.000,0.000
387093.000,0.000,61641.000,-40.000,7200.000,0.000,0.000,0.000,0.000
387103.000,-1.000,61640.000,-40.000,7200.000,0.000,0.000,0.000,0.000
387113.000,0.000,61640.000,-40.000,7200.000,0.000,0.000,0.000,0.000
387123.000,-3.000,61637.000,-40.000,7200.000,0.000,0.000,0.000,0.000
387133.000,-1.000,61636.000,-40.000,7200.000,0.000,0.000,0.000,0.000
387143.000,0.000,61636.000,-40.000,7200.000,0.000,0.000,0.000,0.000
387153.000,0.000,61636.000,-40.000,7200.000,0.000,0.000,0.000,0.000
387163.000,-3.000,61633.000,-40.000,7200.000,0.000,0.000,0.000,0.000
387173.000,-9.000,61624.000,-40.000,7200.000,0.000,0.000,0.000,0.000
387183.000,-4.000,61620.000,-40.000,7200.000,0.000,0.000,0.000,0.000
387193.000,0.000,61620.000,-40.000,7200.000,0.000,0.000,0.000,0.000
387203.000,0.000,61620.000,-40.000,7200.000,0.000,0.000,0.000,0.000
387213.000,0.000,61620.000,-40.000,7200.000,0.000,0.000,0.000,0.000
387223.000,0.000,61620.000,-40.000,7200.000,0.000,0.000,0.000,0.000
387233.000,1.000,61621.000,-40.000,7200.000,0.000,0.000,0.000,0.000
387243.000,-1.000,61620.000,-40.000,7200.000,0.000,0.000,0.000,0.000
387253.000,0.000,61620.000,-40.000,7200.000,0.000,0.000,0.000,0.000
387263.000,-7.000,61613.000,-40.000,7200.000,0.000,0.000,0.000,0.000
387273.000,-4.000,61609.000,-40.000,7200.000,0.000,0.000,0.000,0.000
387283.000,-5.000,61604.000,-40.000,7200.000,0.000,0.000,0.000,0.000
387293.000,0.000,61604.000,-40.000,7200.000,0.000,0.000,0.000,0.000
387303.000,1.000,61605.000,-40.000,7200.000,0.000,0.000,0.000,0.000
387313.000,0.000,61605.000,-40.000,7200.000,0.000,0.000,0.000,0.000
387323.000,-5.000,61600.000,-40.000,7200.000,0.000,0.000,0.000,0.000
387333.000,0.000,61600.000,-40.000,7200.000,0.000,0.000,0.000,0.000
387343.000,-3.000,61597.000,-40.000,7200.000,0.000,0.000,0.000,0.000
387353.000,-1.000,61596.000,-40.000,7200.000,0.000,0.000,0.000,0.000
387363.000,0.000,61596.000,-40.000,7200.000,0.000,0.000,0.000,0.000
387373.000,0.000,61596.000,-40.000,7200.000,0.000,0.000,0.000,0.000
387383.000,-3.000,61593.000,-40.000,7200.000,0.000,0.000,0.000,0.000
387393.000,0.000,61593.000,-40.000,7200.000,0.000,0.000,0.000,0.000
387403.000,-5.000,61588.000,-40.000,7200.000,0.000,0.000,0.000,0.000
387413.000,0.000,61588.000,-40.000,7200.000,0.000,0.000,0.000,0.000
387423.000,0.000,61588.000,-40.000,7200.000,0.000,0.000,0.000,0.000
387433.000,1.000,61589.000,-40.000,7200.000,0.000,0.000,0.000,0.000
387443.000,-1.000,61588.000,-40.000,7200.000,0.000,0.000,0.000,0.000
387453.000,-4.000,61584.000,-40.000,7200.000,0.000,0.000,0.000,0.000
387463.000,1.000,61585.000,-40.000,7200.000,0.000,0.000,0.000,0.000
387473.000,-1.000,61584.000,-40.000,7200.000,0.000,0.000,0.000,0.000
387483.000,-4.000,61580.000,-40.000,7200.000,0.000,0.000,0.000,0.000
387493.000,0.000,61580.000,-40.000,7200.000,0.000,0.000,0.000,0.000
387503.000,0.000,61580.000,-40.000,7200.000,0.000,0.000,0.000,0.000
387513.000,1.000,61581.000,-40.000,7200.000,0.000,0.000,0.000,0.000
387523.000,-5.000,61576.000,-40.000,7200.000,0.000,0.000,0.000,0.000
387533.000,0.000,61576.000,-40.000,7200.000,0.000,0.000,0.000,0.000
387543.000,1.000,61577.000,-40.000,7200.000,0.000,0.000,0.000,0.000
387553.000,-1.000,61576.000,-40.000,7200.000,0.000,0.000,0.000,0.000
387563.000,-3.000,61573.000,-40.000,7200.000,0.000,0.000,0.000,0.000
387573.000,-1.000,61572.000,-40.000,7200.000,0.000,0.000,0.000,0.000
387583.000,0.000,61572.000,-40.000,7200.000,0.000,0.000,0.000,0.000
387593.000,1.000,61573.000,-40.000,7200.000,0.000,0.000,0.000,0.000
387603.000,-1.000,61572.000,-40.000,7200.000,0.000,0.000,0.000,0.000
387613.000,-8.000,61564.000,-40.000,7200.000,0.000,0.000,0.000,0.000
387623.000,1.000,61565.000,-40.000,7200.000,0.000,0.000,0.000,0.000
387633.000,-4.000,61561.000,-40.000,7200.000,0.000,0.000,0.000,0.000
387643.000,0.000,61561.000,-40.000,7200.000,0.000,0.000,0.000,0.000
387653.000,1.000,61562.000,-40.000,7200.000,0.000,0.000,0.000,0.000
387663.000,-1.000,61561.000,-40.000,7200.000,0.000,0.000,0.000,0.000
387673.000,-4.000,61557.000,-40.000,7200.000,0.000,0.000,0.000,0.000
387683.000,1.000,61558.000,-40.000,7200.000,0.000,0.000,0.000,0.000
387693.000,-5.000,61553.000,-40.000,7200.000,0.000,0.000,0.000,0.000
387703.000,1.000,61554.000,-40.000,7200.000,0.000,0.000,0.000,0.000
387713.000,0.000,61554.000,-40.000,7200.000,0.000,0.000,0.000,0.000
387723.000,-1.000,61553.000,-40.000,7200.000,0.000,0.000,0.000,0.000
387733.000,0.000,61553.000,-40.000,7200.000,0.000,0.000,0.000,0.000
387743.000,1.000,61554.000,-40.000,7200.000,0.000,0.000,0.000,0.000
387753.000,-1.000,61553.000,-40.000,7200.000,0.000,0.000,0.000,0.000
387763.000,1.000,61554.000,-40.000,7200.000,0.000,0.000,0.000,0.000
387773.000,-5.000,61549.000,-40.000,7200.000,0.000,0.000,0.000,0.000
387783.000,0.000,61549.000,-40.000,7200.000,0.000,0.000,0.000,0.000
387793.000,1.000,61550.000,-40.000,7200.000,0.000,0.000,0.000,0.000
387803.000,-5.000,61545.000,-40.000,7200.000,0.000,0.000,0.000,0.000
387813.000,1.000,61546.000,-40.000,7200.000,0.000,0.000,0.000,0.000
387823.000,-1.000,61545.000,-40.000,7200.000,0.000,0.000,0.000,0.000
387833.000,0.000,61545.000,-40.000,7200.000,0.000,0.000,0.000,0.000
387843.000,1.000,61546.000,-40.000,7200.000,0.000,0.000,0.000,0.000
387853.000,-1.000,61545.000,-40.000,7200.000,0.000,0.000,0.000,0.000
387863.000,0.000,61545.000,-40.000,7200.000,0.000,0.000,0.000,0.000
387873.000,-3.000,61542.000,-40.000,7200.000,0.000,0.000,0.000,0.000
387883.000,-1.000,61541.000,-40.000,7200.000,0.000,0.000,0.000,0.000
387893.000,0.000,61541.000,-40.000,7200.000,0.000,0.000,0.000,0.000
387903.000,1.000,61542.000,-40.000,7200.000,0.000,0.000,0.000,0.000
387913.000,-1.000,61541.000,-40.000,7200.000,0.000,0.000,0.000,0.000
387923.000,0.000,61541.000,-40.000,7200.000,0.000,0.000,0.000,0.000
387933.000,1.000,61542.000,-40.000,7200.000,0.000,0.000,0.000,0.000
387943.000,-1.000,61541.000,-40.000,7200.000,0.000,0.000,0.000,0.000
387953.000,0.000,61541.000,-40.000,7200.000,0.000,0.000,0.000,0.000
387963.000,-3.000,61538.000,-40.000,7200.000,0.000,0.000,0.000,0.000
387973.000,-1.000,61537.000,-40.000,7200.000,0.000,0.000,0.000,0.000
387983.000,0.000,61537.000,-40.000,7200.000,0.000,0.000,0.000,0.000
387993.000,1.000,61538.000,-40.000,7200.000,0.000,0.000,0.000,0.000
388003.000,-1.000,61537.000,-40.000,7200.000,0.000,0.000,0.000,0.000
388013.000,0.000,61537.000,-40.000,7200.000,0.000,0.000,0.000,0.000
388023.000,-3.000,61534.000,-40.000,7200.000,0.000,0.000,0.000,0.000
388033.000,-1.000,61533.000,-40.000,7200.000,0.000,0.000,0.000,0.000
388043.000,-4.000,61529.000,-40.000,7200.000,0.000,0.000,0.000,0.000
388053.000,1.000,61530.000,-40.000,7200.000,0.000,0.000,0.000,0.000
388063.000,-1.000,61529.000,-40.000,7200.000,0.000,0.000,0.000,0.000
388073.000,1.000,61530.000,-40.000,7200.000,0.000,0.000,0.000,0.000
388083.000,-1.000,61529.000,-40.000,7200.000,0.000,0.000,0.000,0.000
388093.000,0.000,61529.000,-40.000,7200.000,0.000,0.000,0.000,0.000
388103.000,1.000,61530.000,-40.000,7200.000,0.000,0.000,0.000,0.000
388113.000,-1.000,61529.000,-40.000,7200.000,0.000,0.000,0.000,0.000
388123.000,0.000,61529.000,-40.000,7200.000,0.000,0.000,0.000,0.000
388133.000,1.000,61530.000,-40.000,7200.000,0.000,0.000,0.000,0.000
388143.000,-1.000,61529.000,-40.000,7200.000,0.000,0.000,0.000,0.000
388153.000,0.000,61529.000,-40.000,7200.000,0.000,0.000,0.000,0.000
388163.000,1.000,61530.000,-40.000,7200.000,0.000,0.000,0.000,0.000
388173.000,-1.000,61529.000,-40.000,7200.000,0.000,0.000,0.000,0.000
388183.000,0.000,61529.000,-40.000,7200.000,0.000,0.000,0.000,0.000
388193.000,1.000,61530.000,-40.000,7200.000,0.000,0.000,0.000,0.000
388203.000,-1.000,61529.000,-40.000,7200.000,0.000,0.000,0.000,0.000
388213.000,-4.000,61525.000,-40.000,7200.000,0.000,0.000,0.000,0.000
388223.000,-3.000,61522.000,-40.000,7200.000,0.000,0.000,0.000,0.000
388233.000,-1.000,61521.000,-40.000,7200.000,0.000,0.000,0.000,0.000
388243.000,0.000,61521.000,-40.000,7200.000,0.000,0.000,0.000,0.000
388253.000,1.000,61522.000,-40.000,7200.000,0.000,0.000,0.000,0.000
388263.000,-5.000,61517.000,-40.000,7200.000,0.000,0.000,0.000,0.000
388273.000,0.000,61517.000,-40.000,7200.000,0.000,0.000,0.000,0.000
388283.000,-2.000,61515.000,-40.000,7200.000,0.000,0.000,0.000,0.000
388293.000,-2.000,61513.000,-40.000,7200.000,0.000,0.000,0.000,0.000
388303.000,0.000,61513.000,-40.000,7200.000,0.000,0.000,0.000,0.000
388313.000,0.000,61513.000,-40.000,7200.000,0.000,0.000,0.000,0.000
388323.000,-3.000,61510.000,-40.000,7200.000,0.000,0.000,0.000,0.000
388333.000,-5.000,61505.000,-40.000,7200.000,0.000,0.000,0.000,0.000
388343.000,-4.000,61501.000,-40.000,7200.000,0.000,0.000,0.000,0.000
388353.000,1.000,61502.000,-40.000,7200.000,0.000,0.000,0.000,0.000
388363.000,-5.000,61497.000,-40.000,7200.000,0.000,0.000,0.000,0.000
388373.000,1.000,61498.000,-40.000,7200.000,0.000,0.000,0.000,0.000
388383.000,-1.000,61497.000,-40.000,7200.000,0.000,0.000,0.000,0.000
388393.000,0.000,61497.000,-40.000,7200.000,0.000,0.000,0.000,0.000
388403.000,1.000,61498.000,-40.000,7200.000,0.000,0.000,0.000,0.000
388413.000,-5.000,61493.000,-40.000,7200.000,0.000,0.000,0.000,0.000
388423.000,0.000,61493.000,-40.000,7200.000,0.000,0.000,0.000,0.000
388433.000,1.000,61494.000,-40.000,7200.000,0.000,0.000,0.000,0.000
388443.000,-1.000,61493.000,-40.000,7200.000,0.000,0.000,0.000,0.000
388453.000,0.000,61493.000,-40.000,7200.000,0.000,0.000,0.000,0.000
388463.000,1.000,61494.000,-40.000,7200.000,0.000,0.000,0.000,0.000
388473.000,-1.000,61493.000,-40.000,7200.000,0.000,0.000,0.000,0.000
388483.000,0.000,61493.000,-40.000,7200.000,0.000,0.000,0.000,0.000
388493.000,1.000,61494.000,-40.000,7200.000,0.000,0.000,0.000,0.000
388503.000,-5.000,61489.000,-40.000,7200.000,0.000,0.000,0.000,0.000
388513.000,-4.000,61485.000,-40.000,7200.000,0.000,0.000,0.000,0.000
388523.000,1.000,61486.000,-40.000,7200.000,0.000,0.000,0.000,0.000
388533.000,-1.000,61485.000,-40.000,7200.000,0.000,0.000,0.000,0.000
388543.000,0.000,61485.000,-40.000,7200.000,0.000,0.000,0.000,0.000
388553.000,-3.000,61482.000,-40.000,7200.000,0.000,0.000,0.000,0.000
388563.000,-5.000,61477.000,-40.000,7200.000,0.000,0.000,0.000,0.000
388573.000,-4.000,61473.000,-40.000,7200.000,0.000,0.000,0.000,0.000
388583.000,1.000,61474.000,-40.000,7200.000,0.000,0.000,0.000,0.000
388593.000,-1.000,61473.000,-40.000,7200.000,0.000,0.000,0.000,0.000
388603.000,0.000,61473.000,-40.000,7200.000,0.000,0.000,0.000,0.000
388613.000,1.000,61474.000,-40.000,7200.000,0.000,0.000,0.000,0.000
388623.000,-1.000,61473.000,-40.000,7200.000,0.000,0.000,0.000,0.000
388633.000,0.000,61473.000,-40.000,7200.000,0.000,0.000,0.000,0.000
388643.000,1.000,61474.000,-40.000,7200.000,0.000,0.000,0.000,0.000
388653.000,0.000,61474.000,-40.000,7200.000,0.000,0.000,0.000,0.000
388663.000,-1.000,61473.000,-40.000,7200.000,0.000,0.000,0.000,0.000
388673.000,0.000,61473.000,-40.000,7200.000,0.000,0.000,0.000,0.000
388683.000,1.000,61474.000,-40.000,7200.000,0.000,0.000,0.000,0.000
388693.000,-1.000,61473.000,-40.000,7200.000,0.000,0.000,0.000,0.000
388703.000,0.000,61473.000,-40.000,7200.000,0.000,0.000,0.000,0.000
388713.000,1.000,61474.000,-40.000,7200.000,0.000,0.000,0.000,0.000
388723.000,-1.000,61473.000,-40.000,7200.000,0.000,0.000,0.000,0.000
388733.000,0.000,61473.000,-40.000,7200.000,0.000,0.000,0.000,0.000
388743.000,0.000,61473.000,-40.000,7200.000,0.000,0.000,0.000,0.000
388753.000,1.000,61474.000,-40.000,7200.000,0.000,0.000,0.000,0.000
388763.000,-1.000,61473.000,-40.000,7200.000,0.000,0.000,0.000,0.000
388773.000,0.000,61473.000,-40.000,7200.000,0.000,0.000,0.000,0.000
388783.000,1.000,61474.000,-40.000,7200.000,0.000,0.000,0.000,0.000
388793.000,-4.000,61470.000,-40.000,7200.000,0.000,0.000,0.000,0.000
388803.000,-1.000,61469.000,-40.000,7200.000,0.000,0.000,0.000,0.000
388813.000,0.000,61469.000,-40.000,7200.000,0.000,0.000,0.000,0.000
388823.000,1.000,61470.000,-40.000,7200.000,0.000,0.000,0.000,0.000
388833.000,-4.000,61466.000,-40.000,7200.000,0.000,0.000,0.000,0.000
388843.000,-5.000,61461.000,-40.000,7200.000,0.000,0.000,0.000,0.000
388853.000,0.000,61461.000,-40.000,7200.000,0.000,0.000,0.000,0.000
388863.000,1.000,61462.000,-40.000,7200.000,0.000,0.000,0.000,0.000
388873.000,0.000,61462.000,-40.000,7200.000,0.000,0.000,0.000,0.000
388883.000,-1.000,61461.000,-40.000,7200.000,0.000,0.000,0.000,0.000
388893.000,0.000,61461.000,-40.000,7200.000,0.000,0.000,0.000,0.000
388903.000,-4.000,61457.000,-40.000,7200.000,0.000,0.000,0.000,0.000
388913.000,1.000,61458.000,-40.000,7200.000,0.000,0.000,0.000,0.000
388923.000,-1.000,61457.000,-40.000,7200.000,0.000,0.000,0.000,0.000
388933.000,0.000,61457.000,-40.000,7200.000,0.000,0.000,0.000,0.000
388943.000,1.000,61458.000,-40.000,7200.000,0.000,0.000,0.000,0.000
388953.000,0.000,61458.000,-40.000,7200.000,0.000,0.000,0.000,0.000
388963.000,-1.000,61457.000,-40.000,7200.000,0.000,0.000,0.000,0.000
388973.000,-4.000,61453.000,-40.000,7200.000,0.000,0.000,0.000,0.000
388983.000,1.000,61454.000,-40.000,7200.000,0.000,0.000,0.000,0.000
388993.000,0.000,61454.000,-40.000,7200.000,0.000,0.000,0.000,0.000
389003.000,-5.000,61449.000,-40.000,7200.000,0.000,0.000,0.000,0.000
389013.000,0.000,61449.000,-40.000,7200.000,0.000,0.000,0.000,0.000
389023.000,0.000,61449.000,-40.000,7200.000,0.000,0.000,0.000,0.000
389033.000,1.000,61450.000,-40.000,7200.000,0.000,0.000,0.000,0.000
389043.000,-1.000,61449.000,-40.000,7200.000,0.000,0.000,0.000,0.000
389053.000,0.000,61449.000,-40.000,7200.000,0.000,0.000,0.000,0.000
389063.000,-4.000,61445.000,-40.000,7200.000,0.000,0.000,0.000,0.000
389073.000,1.000,61446.000,-40.000,7200.000,0.000,0.000,0.000,0.000
389083.000,-4.000,61442.000,-40.000,7200.000,0.000,0.000,0.000,0.000
389093.000,-1.000,61441.000,-40.000,7200.000,0.000,0.000,0.000,0.000
389103.000,0.000,61441.000,-40.000,7200.000,0.000,0.000,0.000,0.000
389113.000,0.000,61441.000,-40.000,7200.000,0.000,0.000,0.000,0.000
389123.000,1.000,61442.000,-40.000,7200.000,0.000,0.000,0.000,0.000
389133.000,-1.000,61441.000,-40.000,7200.000,0.000,0.000,0.000,0.000
389143.000,0.000,61441.000,-40.000,7200.000,0.000,0.000,0.000,0.000
389153.000,-4.000,61437.000,-40.000,7200.000,0.000,0.000,0.000,0.000
389163.000,1.000,61438.000,-40.000,7200.000,0.000,0.000,0.000,0.000
389173.000,0.000,61438.000,-40.000,7200.000,0.000,0.000,0.000,0.000
389183.000,-5.000,61433.000,-40.000,7200.000,0.000,0.000,0.000,0.000
389193.000,-4.000,61429.000,-40.000,7200.000,0.000,0.000,0.000,0.000
389203.000,1.000,61430.000,-40.000,7200.000,0.000,0.000,0.000,0.000
389213.000,0.000,61430.000,-40.000,7200.000,0.000,0.000,0.000,0.000
389223.000,-1.000,61429.000,-40.000,7200.000,0.000,0.000,0.000,0.000
389233.000,0.000,61429.000,-40.000,7200.000,0.000,0.000,0.000,0.000
389243.000,1.000,61430.000,-40.000,7200.000,0.000,0.000,0.000,0.000
389253.000,-1.000,61429.000,-40.000,7200.000,0.000,0.000,0.000,0.000
389263.000,0.000,61429.000,-40.000,7200.000,0.000,0.000,0.000,0.000
389273.000,0.000,61429.000,-40.000,7200.000,0.000,0.000,0.000,0.000
389283.000,0.000,61429.000,-40.000,7200.000,0.000,0.000,0.000,0.000
389293.000,0.000,61429.000,-40.000,7200.000,0.000,0.000,0.000,0.000
389303.000,-2.000,61427.000,-40.000,7200.000,0.000,0.000,0.000,0.000
389313.000,-1.000,61426.000,-40.000,7200.000,0.000,0.000,0.000,0.000
389323.000,-1.000,61425.000,-40.000,7200.000,0.000,0.000,0.000,0.000
389333.000,0.000,61425.000,-40.000,7200.000,0.000,0.000,0.000,0.000
389343.000,1.000,61426.000,-40.000,7200.000,0.000,0.000,0.000,0.000
389353.000,-1.000,61425.000,0.000,0.000,0.000,0.000,0.000,0.000
389363.000,0.000,61425.000,0.000,0.000,0.000,0.000,0.000,0.000
389373.000,0.000,61425.000,0.000,0.000,0.000,0.000,0.000,0.000
389383.000,1.000,61426.000,0.000,0.000,0.000,0.000,0.000,0.000
389393.000,-1.000,61425.000,0.000,0.000,0.000,0.000,0.000,0.000
389403.000,0.000,61425.000,0.000,0.000,0.000,0.000,0.000,0.000
389413.000,0.000,61425.000,0.000,0.000,0.000,0.000,0.000,0.000
389423.000,0.000,61425.000,0.000,0.000,0.000,0.000,0.000,0.000
389433.000,0.000,61425.000,0.000,0.000,0.000,0.000,0.000,0.000
389443.000,1.000,61426.000,0.000,0.000,0.000,0.000,0.000,0.000
389453.000,0.000,61426.000,0.000,0.000,0.000,0.000,0.000,0.000
389463.000,-1.000,61425.000,0.000,0.000,0.000,0.000,0.000,0.000
389473.000,1.000,61426.000,0.000,0.000,0.000,0.000,0.000,0.000
389483.000,-1.000,61425.000,0.000,0.000,0.000,0.000,0.000,0.000
389493.000,1.000,61426.000,0.000,0.000,0.000,0.000,0.000,0.000
389503.000,0.000,61426.000,0.000,0.000,0.000,0.000,0.000,0.000
389513.000,-1.000,61425.000,0.000,0.000,0.000,0.000,0.000,0.000
389523.000,0.000,61425.000,0.000,0.000,0.000,0.000,0.000,0.000
389533.000,0.000,61425.000,0.000,0.000,0.000,0.000,0.000,0.000
389543.000,0.000,61425.000,0.000,0.000,0.000,0.000,0.000,0.000
389553.000,0.000,61425.000,0.000,0.000,0.000,0.000,0.000,0.000
389563.000,0.000,61425.000,0.000,0.000,0.000,0.000,0.000,0.000
389573.000,0.000,61425.000,0.000,0.000,0.000,0.000,0.000,0.000
389583.000,0.000,61425.000,0.000,0.000,0.000,0.000,0.000,0.000
389593.000,0.000,61425.000,0.000,0.000,0.000,0.000,0.000,0.000
389603.000,0.000,61425.000,0.000,0.000,0.000,0.000,0.000,0.000
389613.000,0.000,61425.000,0.000,0.000,0.000,0.000,0.000,0.000
389623.000,0.000,61425.000,0.000,0.000,0.000,0.000,0.000,0.000
389633.000,0.000,61425.000,0.000,0.000,0.000,0.000,0.000,0.000
389643.000,0.000,61425.000,0.000,0.000,0.000,0.000,0.000,0.000
389653.000,0.000,61425.000,0.000,0.000,0.000,0.000,0.000,0.000
389663.000,0.000,61425.000,0.000,0.000,0.000,0.000,0.000,0.000
389673.000,0.000,61425.000,0.000,0.000,0.000,0.000,0.000,0.000
389683.000,0.000,61425.000,0.000,0.000,0.000,0.000,0.000,0.000
389693.000,0.000,61425.000,0.000,0.000,0.000,0.000,0.000,0.000
389703.000,0.000,61425.000,0.000,0.000,0.000,0.000,0.000,0.000
389713.000,0.000,61425.000,0.000,0.000,0.000,0.000,0.000,0.000
389723.000,0.000,61425.000,0.000,0.000,0.000,0.000,0.000,0.000
389733.000,0.000,61425.000,0.000,0.000,0.000,0.000,0.000,0.000
389743.000,0.000,61425.000,0.000,0.000,0.000,0.000,0.000,0.000
389753.000,0.000,61425.000,0.000,0.000,0.000,0.000,0.000,0.000
389763.000,0.000,61425.000,0.000,0.000,0.000,0.000,0.000,0.000
389773.000,0.000,61425.000,0.000,0.000,0.000,0.000,0.000,0.000
389783.000,0.000,61425.000,0.000,0.000,0.000,0.000,0.000,0.000
389793.000,0.000,61425.000,0.000,0.000,0.000,0.000,0.000,0.000
389803.000,0.000,61425.000,0.000,0.000,0.000,0.000,0.000,0.000
389813.000,0.000,61425.000,0.000,0.000,0.000,0.000,0.000,0.000
389823.000,0.000,61425.000,0.000,0.000,0.000,0.000,0.000,0.000
389833.000,0.000,61425.000,0.000,0.000,0.000,0.000,0.000,0.000
389843.000,0.000,61425.000,0.000,0.000,0.000,0.000,0.000,0.000
389853.000,0.000,61425.000,0.000,0.000,0.000,0.000,0.000,0.000
389863.000,0.000,61425.000,0.000,0.000,0.000,0.000,0.000,0.000
389873.000,0.000,61425.000,0.000,0.000,0.000,0.000,0.000,0.000
389883.000,0.000,61425.000,0.000,0.000,0.000,0.000,0.000,0.000
389893.000,0.000,61425.000,0.000,0.000,0.000,0.000,0.000,0.000
389903.000,0.000,61425.000,0.000,0.000,0.000,0.000,0.000,0.000
389913.000,0.000,61425.000,0.000,0.000,0.000,0.000,0.000,0.000
389923.000,0.000,61425.000,0.000,0.000,0.000,0.000,0.000,0.000
389933.000,0.000,61425.000,0.000,0.000,0.000,0.000,0.000,0.000
389943.000,0.000,61425.000,0.000,0.000,0.000,0.000,0.000,0.000
389953.000,0.000,61425.000,0.000,0.000,0.000,0.000,0.000,0.000
389963.000,0.000,61425.000,0.000,0.000,0.000,0.000,0.000,0.000
389973.000,0.000,61425.000,0.000,0.000,0.000,0.000,0.000,0.000
389983.000,0.000,61425.000,0.000,0.000,0.000,0.000,0.000,0.000
389993.000,0.000,61425.000,0.000,0.000,0.000,0.000,0.000,0.000
390003.000,0.000,61425.000,0.000,0.000,0.000,0.000,0.000,0.000
390013.000,0.000,61425.000,0.000,0.000,0.000,0.000,0.000,0.000
390023.000,0.000,61425.000,0.000,0.000,0.000,0.000,0.000,0.000
390033.000,0.000,61425.000,0.000,0.000,0.000,0.000,0.000,0.000
390043.000,0.000,61425.000,0.000,0.000,0.000,0.000,0.000,0.000
390053.000,0.000,61425.000,0.000,0.000,0.000,0.000,0.000,0.000
390063.000,0.000,61425.000,0.000,0.000,0.000,0.000,0.000,0.000
390073.000,0.000,61425.000,0.000,0.000,0.000,0.000,0.000,0.000
390083.000,0.000,61425.000,0.000,0.000,0.000,0.000,0.000,0.000
390093.000,0.000,61425.000,0.000,0.000,0.000,0.000,0.000,0.000
390103.000,0.000,61425.000,0.000,0.000,0.000,0.000,0.000,0.000
390113.000,0.000,61425.000,0.000,0.000,0.000,0.000,0.000,0.000
390123.000,0.000,61425.000,0.000,0.000,0.000,0.000,0.000,0.000
390133.000,0.000,61425.000,0.000,0.000,0.000,0.000,0.000,0.000
390143.000,0.000,61425.000,0.000,0.000,0.000,0.000,0.000,0.000
390153.000,0.000,61425.000,0.000,0.000,0.000,0.000,0.000,0.000
390163.000,0.000,61425.000,0.000,0.000,0.000,0.000,0.000,0.000
390173.000,0.000,61425.000,0.000,0.000,0.000,0.000,0.000,0.000
390183.000,0.000,61425.000,0.000,0.000,0.000,0.000,0.000,0.000
390193.000,0.000,61425.000,0.000,0.000,0.000,0.000,0.000,0.000
390203.000,0.000,61425.000,0.000,0.000,0.000,0.000,0.000,0.000
390213.000,0.000,61425.000,0.000,0.000,0.000,0.000,0.000,0.000
390223.000,0.000,61425.000,0.000,0.000,0.000,0.000,0.000,0.000
390233.000,0.000,61425.000,0.000,0.000,0.000,0.000,0.000,0.000
390243.000,0.000,61425.000,0.000,0.000,0.000,0.000,0.000,0.000
390253.000,0.000,61425.000,0.000,0.000,0.000,0.000,0.000,0.000
390263.000,0.000,61425.000,0.000,0.000,0.000,0.000,0.000,0.000
390273.000,0.000,61425.000,0.000,0.000,0.000,0.000,0.000,0.000
390283.000,0.000,61425.000,0.000,0.000,0.000,0.000,0.000,0.000
390293.000,0.000,61425.000,0.000,0.000,0.000,0.000,0.000,0.000
390303.000,0.000,61425.000,0.000,0.000,0.000,0.000,0.000,0.000
390313.000,0.000,61425.000,0.000,0.000,0.000,0.000,0.000,0.000
390323.000,0.000,61425.000,0.000,0.000,0.000,0.000,0.000,0.000
390333.000,0.000,61425.000,0.000,0.000,0.000,0.000,0.000,0.000
390343.000,0.000,61425.000,0.000,0.000,0.000,0.000,0.000,0.000
390353.000,0.000,61425.000,0.000,0.000,0.000,0.000,0.000,0.000
390363.000,0.000,61425.000,0.000,0.000,0.000,0.000,0.000,0.000
390373.000,0.000,61425.000,0.000,0.000,0.000,0.000,0.000,0.000
390383.000,0.000,61425.000,0.000,0.000,0.000,0.000,0.000,0.000
390393.000,0.000,61425.000,0.000,0.000,0.000,0.000,0.000,0.000
390403.000,0.000,61425.000,0.000,0.000,0.000,0.000,0.000,0.000
390413.000,0.000,61425.000,0.000,0.000,0.000,0.000,0.000,0.000
390423.000,0.000,61425.000,0.000,0.000,0.000,0.000,0.000,0.000
390433.000,0.000,61425.000,0.000,0.000,0.000,0.000,0.000,0.000
390443.000,0.000,61425.000,0.000,0.000,0.000,0.000,0.000,0.000
390453.000,0.000,61425.000,0.000,0.000,0.000,0.000,0.000,0.000
390463.000,0.000,61425.000,0.000,0.000,0.000,0.000,0.000,0.000
390473.000,0.000,61425.000,0.000,0.000,0.000,0.000,0.000,0.000
390483.000,0.000,61425.000,0.000,0.000,0.000,0.000,0.000,0.000
390493.000,0.000,61425.000,0.000,0.000,0.000,0.000,0.000,0.000
390503.000,0.000,61425.000,0.000,0.000,0.000,0.000,0.000,0.000
390513.000,0.000,61425.000,0.000,0.000,0.000,0.000,0.000,0.000
390523.000,0.000,61425.000,0.000,0.000,0.000,0.000,0.000,0.000
390533.000,0.000,61425.000,0.000,0.000,0.000,0.000,0.000,0.000
390543.000,0.000,61425.000,0.000,0.000,0.000,0.000,0.000,0.000
390553.000,0.000,61425.000,0.000,0.000,0.000,0.000,0.000,0.000
390563.000,0.000,61425.000,0.000,0.000,0.000,0.000,0.000,0.000
390573.000,0.000,61425.000,0.000,0.000,0.000,0.000,0.000,0.000
390583.000,0.000,61425.000,0.000,0.000,0.000,0.000,0.000,0.000
390593.000,0.000,61425.000,0.000,0.000,0.000,0.000,0.000,0.000
390603.000,0.000,61425.000,0.000,0.000,0.000,0.000,0.000,0.000
390613.000,0.000,61425.000,0.000,0.000,0.000,0.000,0.000,0.000
390623.000,0.000,61425.000,0.000,0.000,0.000,0.000,0.000,0.000
390633.000,0.000,61425.000,0.000,0.000,0.000,0.000,0.000,0.000
390643.000,0.000,61425.000,0.000,0.000,0.000,0.000,0.000,0.000
390653.000,0.000,61425.000,0.000,0.000,0.000,0.000,0.000,0.000
390663.000,0.000,61425.000,0.000,0.000,0.000,0.000,0.000,0.000
390673.000,0.000,61425.000,0.000,0.000,0.000,0.000,0.000,0.000
390683.000,0.000,61425.000,0.000,0.000,0.000,0.000,0.000,0.000
390693.000,0.000,61425.000,0.000,0.000,0.000,0.000,0.000,0.000
390703.000,0.000,61425.000,0.000,0.000,0.000,0.000,0.000,0.000
390713.000,0.000,61425.000,0.000,0.000,0.000,0.000,0.000,0.000
390723.000,0.000,61425.000,0.000,0.000,0.000,0.000,0.000,0.000
390733.000,0.000,61425.000,0.000,0.000,0.000,0.000,0.000,0.000
390743.000,0.000,61425.000,0.000,0.000,0.000,0.000,0.000,0.000
390753.000,0.000,61425.000,0.000,0.000,0.000,0.000,0.000,0.000
390763.000,0.000,61425.000,0.000,0.000,0.000,0.000,0.000,0.000
390773.000,0.000,61425.000,0.000,0.000,0.000,0.000,0.000,0.000
390783.000,0.000,61425.000,0.000,0.000,0.000,0.000,0.000,0.000
390793.000,0.000,61425.000,0.000,0.000,0.000,0.000,0.000,0.000
390803.000,0.000,61425.000,0.000,0.000,0.000,0.000,0.000,0.000
390813.000,0.000,61425.000,0.000,0.000,0.000,0.000,0.000,0.000
390823.000,0.000,61425.000,0.000,0.000,0.000,0.000,0.000,0.000
390833.000,0.000,61425.000,0.000,0.000,0.000,0.000,0.000,0.000
390843.000,0.000,61425.000,0.000,0.000,0.000,0.000,0.000,0.000
390853.000,0.000,61425.000,0.000,0.000,0.000,0.000,0.000,0.000
390863.000,0.000,61425.000,0.000,0.000,0.000,0.000,0.000,0.000
390873.000,0.000,61425.000,0.000,0.000,0.000,0.000,0.000,0.000
390883.000,0.000,61425.000,0.000,0.000,0.000,0.000,0.000,0.000
390893.000,0.000,61425.000,0.000,0.000,0.000,0.000,0.000,0.000
390903.000,0.000,61425.000,0.000,0.000,0.000,0.000,0.000,0.000
390913.000,0.000,61425.000,0.000,0.000,0.000,0.000,0.000,0.000
390923.000,0.000,61425.000,0.000,0.000,0.000,0.000,0.000,0.000
390933.000,0.000,61425.000,0.000,0.000,0.000,0.000,0.000,0.000
390943.000,0.000,61425.000,0.000,0.000,0.000,0.000,0.000,0.000
390953.000,0.000,61425.000,0.000,0.000,0.000,0.000,0.000,0.000
390963.000,0.000,61425.000,0.000,0.000,0.000,0.000,0.000,0.000
390973.000,0.000,61425.000,0.000,0.000,0.000,0.000,0.000,0.000
390983.000,0.000,61425.000,0.000,0.000,0.000,0.000,0.000,0.000
390993.000,0.000,61425.000,0.000,0.000,0.000,0.000,0.000,0.000
391003.000,0.000,61425.000,0.000,0.000,0.000,0.000,0.000,0.000
391013.000,0.000,61425.000,0.000,0.000,0.000,0.000,0.000,0.000
391023.000,0.000,61425.000,0.000,0.000,0.000,0.000,0.000,0.000
391033.000,0.000,61425.000,0.000,0.000,0.000,0.000,0.000,0.000
391043.000,0.000,61425.000,0.000,0.000,0.000,0.000,0.000,0.000
391053.000,0.000,61425.000,0.000,0.000,0.000,0.000,0.000,0.000
391063.000,0.000,61425.000,0.000,0.000,0.000,0.000,0.000,0.000
391073.000,0.000,61425.000,0.000,0.000,0.000,0.000,0.000,0.000
391083.000,0.000,61425.000,0.000,0.000,0.000,0.000,0.000,0.000
391093.000,0.000,61425.000,0.000,0.000,0.000,0.000,0.000,0.000
391103.000,0.000,61425.000,0.000,0.000,0.000,0.000,0.000,0.000
391113.000,0.000,61425.000,0.000,0.000,0.000,0.000,0.000,0.000
391123.000,0.000,61425.000,0.000,0.000,0.000,0.000,0.000,0.000
391133.000,0.000,61425.000,0.000,0.000,0.000,0.000,0.000,0.000
391143.000,0.000,61425.000,0.000,0.000,0.000,0.000,0.000,0.000
391153.000,0.000,61425.000,0.000,0.000,0.000,0.000,0.000,0.000
391163.000,0.000,61425.000,0.000,0.000,0.000,0.000,0.000,0.000
391173.000,0.000,61425.000,0.000,0.000,0.000,0.000,0.000,0.000
391183.000,0.000,61425.000,0.000,0.000,0.000,0.000,0.000,0.000
391193.000,0.000,61425.000,0.000,0.000,0.000,0.000,0.000,0.000
391203.000,0.000,61425.000,0.000,0.000,0.000,0.000,0.000,0.000
391213.000,0.000,61425.000,0.000,0.000,0.000,0.000,0.000,0.000
391223.000,0.000,61425.000,0.000,0.000,0.000,0.000,0.000,0.000
391233.000,0.000,61425.000,0.000,0.000,0.000,0.000,0.000,0.000
391243.000,0.000,61425.000,0.000,0.000,0.000,0.000,0.000,0.000
391253.000,0.000,61425.000,0.000,0.000,0.000,0.000,0.000,0.000
391263.000,0.000,61425.000,0.000,0.000,0.000,0.000,0.000,0.000
391273.000,0.000,61425.000,0.000,0.000,0.000,0.000,0.000,0.000
391283.000,0.000,61425.000,0.000,0.000,0.000,0.000,0.000,0.000
391293.000,0.000,61425.000,0.000,0.000,0.000,0.000,0.000,0.000
391303.000,0.000,61425.000,0.000,0.000,0.000,0.000,0.000,0.000
391313.000,0.000,61425.000,0.000,0.000,0.000,0.000,0.000,0.000
391323.000,0.000,61425.000,0.000,0.000,0.000,0.000,0.000,0.000
391333.000,0.000,61425.000,0.000,0.000,0.000,0.000,0.000,0.000
391343.000,0.000,61425.000,0.000,0.000,0.000,0.000,0.000,0.000
391353.000,0.000,61425.000,0.000,0.000,0.000,0.000,0.000,0.000
391363.000,0.000,61425.000,0.000,0.000,0.000,0.000,0.000,0.000
391373.000,0.000,61425.000,0.000,0.000,0.000,0.000,0.000,0.000
391383.000,0.000,61425.000,0.000,0.000,0.000,0.000,0.000,0.000
391393.000,0.000,61425.000,0.000,0.000,0.000,0.000,0.000,0.000
391403.000,0.000,61425.000,0.000,0.000,0.000,0.000,0.000,0.000
391413.000,0.000,61425.000,0.000,0.000,0.000,0.000,0.000,0.000
391423.000,0.000,61425.000,0.000,0.000,0.000,0.000,0.000,0.000
391433.000,0.000,61425.000,0.000,0.000,0.000,0.000,0.000,0.000
391443.000,0.000,61425.000,0.000,0.000,0.000,0.000,0.000,0.000
391453.000,0.000,61425.000,0.000,0.000,0.000,0.000,0.000,0.000
391463.000,0.000,61425.000,0.000,0.000,0.000,0.000,0.000,0.000
391473.000,0.000,61425.000,0.000,0.000,0.000,0.000,0.000,0.000
391483.000,0.000,61425.000,0.000,0.000,0.000,0.000,0.000,0.000
391493.000,0.000,61425.000,0.000,0.000,0.000,0.000,0.000,0.000
391503.000,0.000,61425.000,0.000,0.000,0.000,0.000,0.000,0.000
391513.000,0.000,61425.000,0.000,0.000,0.000,0.000,0.000,0.000
391523.000,0.000,61425.000,0.000,0.000,0.000,0.000,0.000,0.000
391533.000,0.000,61425.000,0.000,0.000,0.000,0.000,0.000,0.000
391543.000,0.000,61425.000,0.000,0.000,0.000,0.000,0.000,0.000
391553.000,0.000,61425.000,0.000,0.000,0.000,0.000,0.000,0.000
391563.000,0.000,61425.000,0.000,0.000,0.000,0.000,0.000,0.000
391573.000,0.000,61425.000,0.000,0.000,0.000,0.000,0.000,0.000
391583.000,0.000,61425.000,0.000,0.000,0.000,0.000,0.000,0.000
391593.000,0.000,61425.000,0.000,0.000,0.000,0.000,0.000,0.000
391603.000,0.000,61425.000,0.000,0.000,0.000,0.000,0.000,0.000
391613.000,0.000,61425.000,0.000,0.000,0.000,0.000,0.000,0.000
391623.000,0.000,61425.000,0.000,0.000,0.000,0.000,0.000,0.000
391633.000,0.000,61425.000,0.000,0.000,0.000,0.000,0.000,0.000
391643.000,0.000,61425.000,0.000,0.000,0.000,0.000,0.000,0.000
391653.000,0.000,61425.000,0.000,0.000,0.000,0.000,0.000,0.000
391663.000,0.000,61425.000,0.000,0.000,0.000,0.000,0.000,0.000
391673.000,0.000,61425.000,0.000,0.000,0.000,0.000,0.000,0.000
391683.000,0.000,61425.000,0.000,0.000,0.000,0.000,0.000,0.000
391693.000,0.000,61425.000,0.000,0.000,0.000,0.000,0.000,0.000
391703.000,0.000,61425.000,0.000,0.000,0.000,0.000,0.000,0.000
391713.000,0.000,61425.000,0.000,0.000,0.000,0.000,0.000,0.000
391723.000,0.000,61425.000,0.000,0.000,0.000,0.000,0.000,0.000
391733.000,0.000,61425.000,0.000,0.000,0.000,0.000,0.000,0.000
391743.000,0.000,61425.000,0.000,0.000,0.000,0.000,0.000,0.000
391753.000,0.000,61425.000,0.000,0.000,0.000,0.000,0.000,0.000
391763.000,0.000,61425.000,0.000,0.000,0.000,0.000,0.000,0.000
391773.000,0.000,61425.000,0.000,0.000,0.000,0.000,0.000,0.000
391783.000,0.000,61425.000,0.000,0.000,0.000,0.000,0.000,0.000
391793.000,0.000,61425.000,0.000,0.000,0.000,0.000,0.000,0.000
391803.000,0.000,61425.000,0.000,0.000,0.000,0.000,0.000,0.000
391813.000,0.000,61425.000,0.000,0.000,0.000,0.000,0.000,0.000
391823.000,0.000,61425.000,0.000,0.000,0.000,0.000,0.000,0.000
391833.000,0.000,61425.000,0.000,0.000,0.000,0.000,0.000,0.000
391843.000,0.000,61425.000,0.000,0.000,0.000,0.000,0.000,0.000
391853.000,0.000,61425.000,0.000,0.000,0.000,0.000,0.000,0.000
391863.000,0.000,61425.000,0.000,0.000,0.000,0.000,0.000,0.000
391873.000,0.000,61425.000,0.000,0.000,0.000,0.000,0.000,0.000
391883.000,0.000,61425.000,0.000,0.000,0.000,0.000,0.000,0.000
391893.000,0.000,61425.000,0.000,0.000,0.000,0.000,0.000,0.000
391903.000,0.000,61425.000,0.000,0.000,0.000,0.000,0.000,0.000
391913.000,0.000,61425.000,0.000,0.000,0.000,0.000,0.000,0.000
391923.000,0.000,61425.000,0.000,0.000,0.000,0.000,0.000,0.000
391933.000,0.000,61425.000,0.000,0.000,0.000,0.000,0.000,0.000
391943.000,0.000,61425.000,0.000,0.000,0.000,0.000,0.000,0.000
391953.000,0.000,61425.000,0.000,0.000,0.000,0.000,0.000,0.000
391963.000,0.000,61425.000,0.000,0.000,0.000,0.000,0.000,0.000
391973.000,0.000,61425.000,0.000,0.000,0.000,0.000,0.000,0.000
391983.000,0.000,61425.000,0.000,0.000,0.000,0.000,0.000,0.000
391993.000,0.000,61425.000,0.000,0.000,0.000,0.000,0.000,0.000
392003.000,0.000,61425.000,0.000,0.000,0.000,0.000,0.000,0.000
392013.000,0.000,61425.000,0.000,0.000,0.000,0.000,0.000,0.000
392023.000,0.000,61425.000,0.000,0.000,0.000,0.000,0.000,0.000
392033.000,0.000,61425.000,0.000,0.000,0.000,0.000,0.000,0.000
392043.000,0.000,61425.000,0.000,0.000,0.000,0.000,0.000,0.000
392053.000,0.000,61425.000,0.000,0.000,0.000,0.000,0.000,0.000
392063.000,0.000,61425.000,0.000,0.000,0.000,0.000,0.000,0.000
392073.000,0.000,61425.000,0.000,0.000,0.000,0.000,0.000,0.000
392083.000,0.000,61425.000,0.000,0.000,0.000,0.000,0.000,0.000
392093.000,0.000,61425.000,0.000,0.000,0.000,0.000,0.000,0.000
392103.000,0.000,61425.000,0.000,0.000,0.000,0.000,0.000,0.000
392113.000,0.000,61425.000,0.000,0.000,0.000,0.000,0.000,0.000
392123.000,0.000,61425.000,0.000,0.000,0.000,0.000,0.000,0.000
392133.000,0.000,61425.000,0.000,0.000,0.000,0.000,0.000,0.000
392143.000,0.000,61425.000,0.000,0.000,0.000,0.000,0.000,0.000
392153.000,0.000,61425.000,0.000,0.000,0.000,0.000,0.000,0.000
392163.000,0.000,61425.000,0.000,0.000,0.000,0.000,0.000,0.000
392173.000,0.000,61425.000,0.000,0.000,0.000,0.000,0.000,0.000
392183.000,0.000,61425.000,0.000,0.000,0.000,0.000,0.000,0.000
392193.000,0.000,61425.000,0.000,0.000,0.000,0.000,0.000,0.000
392203.000,0.000,61425.000,0.000,0.000,0.000,0.000,0.000,0.000
392213.000,0.000,61425.000,0.000,0.000,0.000,0.000,0.000,0.000
392223.000,0.000,61425.000,0.000,0.000,0.000,0.000,0.000,0.000
392233.000,0.000,61425.000,0.000,0.000,0.000,0.000,0.000,0.000
392243.000,0.000,61425.000,0.000,0.000,0.000,0.000,0.000,0.000
392253.000,0.000,61425.000,0.000,0.000,0.000,0.000,0.000,0.000
392263.000,0.000,61425.000,0.000,0.000,0.000,0.000,0.000,0.000
392273.000,0.000,61425.000,0.000,0.000,0.000,0.000,0.000,0.000
392283.000,0.000,61425.000,0.000,0.000,0.000,0.000,0.000,0.000
392293.000,0.000,61425.000,0.000,0.000,0.000,0.000,0.000,0.000
392303.000,0.000,61425.000,0.000,0.000,0.000,0.000,0.000,0.000
392313.000,0.000,61425.000,0.000,0.000,0.000,0.000,0.000,0.000
392323.000,0.000,61425.000,0.000,0.000,0.000,0.000,0.000,0.000
392333.000,0.000,61425.000,0.000,0.000,0.000,0.000,0.000,0.000
392343.000,0.000,61425.000,0.000,0.000,0.000,0.000,0.000,0.000
392353.000,0.000,61425.000,0.000,0.000,0.000,0.000,0.000,0.000
392363.000,0.000,61425.000,0.000,0.000,0.000,0.000,0.000,0.000
392373.000,0.000,61425.000,0.000,0.000,0.000,0.000,0.000,0.000
392383.000,0.000,61425.000,0.000,0.000,0.000,0.000,0.000,0.000
392393.000,0.000,61425.000,0.000,0.000,0.000,0.000,0.000,0.000
392403.000,0.000,61425.000,0.000,0.000,0.000,0.000,0.000,0.000
392413.000,0.000,61425.000,0.000,0.000,0.000,0.000,0.000,0.000
392423.000,0.000,61425.000,0.000,0.000,0.000,0.000,0.000,0.000
392433.000,0.000,61425.000,0.000,0.000,0.000,0.000,0.000,0.000
392443.000,0.000,61425.000,0.000,0.000,0.000,0.000,0.000,0.000
392453.000,0.000,61425.000,0.000,0.000,0.000,0.000,0.000,0.000
392463.000,0.000,61425.000,0.000,0.000,0.000,0.000,0.000,0.000
392473.000,0.000,61425.000,0.000,0.000,0.000,0.000,0.000,0.000
392483.000,0.000,61425.000,0.000,0.000,0.000,0.000,0.000,0.000
392493.000,0.000,61425.000,0.000,0.000,0.000,0.000,0.000,0.000
392503.000,0.000,61425.000,0.000,0.000,0.000,0.000,0.000,0.000
392513.000,0.000,61425.000,0.000,0.000,0.000,0.000,0.000,0.000
392523.000,0.000,61425.000,0.000,0.000,0.000,0.000,0.000,0.000
392533.000,0.000,61425.000,0.000,0.000,0.000,0.000,0.000,0.000
392543.000,0.000,61425.000,0.000,0.000,0.000,0.000,0.000,0.000
392553.000,0.000,61425.000,0.000,0.000,0.000,0.000,0.000,0.000
392563.000,0.000,61425.000,0.000,0.000,0.000,0.000,0.000,0.000
392573.000,0.000,61425.000,0.000,0.000,0.000,0.000,0.000,0.000
392583.000,0.000,61425.000,0.000,0.000,0.000,0.000,0.000,0.000
392593.000,0.000,61425.000,0.000,0.000,0.000,0.000,0.000,0.000
392603.000,0.000,61425.000,0.000,0.000,0.000,0.000,0.000,0.000
392613.000,0.000,61425.000,0.000,0.000,0.000,0.000,0.000,0.000
392623.000,0.000,61425.000,0.000,0.000,0.000,0.000,0.000,0.000
392633.000,0.000,61425.000,0.000,0.000,0.000,0.000,0.000,0.000
392643.000,0.000,61425.000,0.000,0.000,0.000,0.000,0.000,0.000
392653.000,0.000,61425.000,0.000,0.000,0.000,0.000,0.000,0.000
392663.000,0.000,61425.000,0.000,0.000,0.000,0.000,0.000,0.000
392673.000,0.000,61425.000,0.000,0.000,0.000,0.000,0.000,0.000
392683.000,0.000,61425.000,0.000,0.000,0.000,0.000,0.000,0.000
392693.000,0.000,61425.000,0.000,0.000,0.000,0.000,0.000,0.000
392703.000,0.000,61425.000,0.000,0.000,0.000,0.000,0.000,0.000
392713.000,0.000,61425.000,0.000,0.000,0.000,0.000,0.000,0.000
