I0,I1,I2,I3,I4
1044623.000000,32232.000000,0.000000,0.000000,0.000000
1044633.000000,32232.000000,0.000000,0.000000,0.000000
1044643.000000,32232.000000,0.000000,0.000000,0.000000
1044653.000000,32232.000000,0.000000,0.000000,0.000000
1044663.000000,32232.000000,0.000000,0.000000,0.000000
1044673.000000,32232.000000,0.000000,0.000000,0.000000
1044683.000000,32232.000000,0.000000,0.000000,0.000000
1044693.000000,32232.000000,0.000000,0.000000,0.000000
1044703.000000,32232.000000,0.000000,0.000000,0.000000
1044713.000000,32232.000000,0.000000,0.000000,0.000000
1044723.000000,32232.000000,0.000000,0.000000,0.000000
1044733.000000,32232.000000,0.000000,0.000000,0.000000
1044743.000000,32232.000000,0.000000,0.000000,0.000000
1044753.000000,32232.000000,0.000000,0.000000,0.000000
1044763.000000,32232.000000,0.000000,0.000000,0.000000
1044773.000000,32232.000000,0.000000,0.000000,0.000000
1044783.000000,32232.000000,0.000000,0.000000,0.000000
1044793.000000,32232.000000,0.000000,0.000000,0.000000
1044803.000000,32232.000000,0.000000,0.000000,0.000000
1044813.000000,32232.000000,0.000000,0.000000,0.000000
1044823.000000,32232.000000,0.000000,0.000000,0.000000
1044833.000000,32232.000000,0.000000,0.000000,0.000000
1044843.000000,32232.000000,0.000000,0.000000,0.000000
1044853.000000,32232.000000,0.000000,0.000000,0.000000
1044863.000000,32232.000000,0.000000,0.000000,0.000000
1044873.000000,32232.000000,0.000000,0.000000,0.000000
1044883.000000,32232.000000,0.000000,0.000000,0.000000
1044893.000000,32232.000000,0.000000,0.000000,0.000000
1044903.000000,32232.000000,0.000000,0.000000,0.000000
1044913.000000,32232.000000,0.000000,0.000000,0.000000
1044923.000000,32232.000000,0.000000,0.000000,0.000000
1044933.000000,32232.000000,0.000000,0.000000,0.000000
1044943.000000,32232.000000,0.000000,0.000000,0.000000
1044953.000000,32232.000000,0.000000,0.000000,0.000000
1044963.000000,32232.000000,0.000000,0.000000,0.000000
1044973.000000,32232.000000,0.000000,0.000000,0.000000
1044983.000000,32232.000000,0.000000,0.000000,0.000000
1044993.000000,32232.000000,0.000000,0.000000,0.000000
1045003.000000,32232.000000,0.000000,0.000000,0.000000
1045013.000000,32232.000000,0.000000,0.000000,0.000000
1045023.000000,32232.000000,0.000000,0.000000,0.000000
1045033.000000,32232.000000,0.000000,0.000000,0.000000
1045043.000000,32232.000000,0.000000,0.000000,0.000000
1045053.000000,32232.000000,0.000000,0.000000,0.000000
1045063.000000,32232.000000,0.000000,0.000000,0.000000
1045073.000000,32232.000000,0.000000,0.000000,0.000000
1045083.000000,32232.000000,0.000000,0.000000,0.000000
1045093.000000,32232.000000,0.000000,0.000000,0.000000
1045103.000000,32232.000000,0.000000,0.000000,0.000000
1045113.000000,32232.000000,0.000000,0.000000,0.000000
1045123.000000,32232.000000,0.000000,0.000000,0.000000
1045133.000000,32232.000000,0.000000,0.000000,0.000000
1045143.000000,32232.000000,0.000000,0.000000,0.000000
1045153.000000,32232.000000,0.000000,0.000000,0.000000
1045163.000000,32232.000000,0.000000,0.000000,0.000000
1045173.000000,32232.000000,0.000000,0.000000,0.000000
1045183.000000,32232.000000,0.000000,0.000000,0.000000
1045193.000000,32232.000000,0.000000,0.000000,0.000000
1045203.000000,32232.000000,0.000000,0.000000,0.000000
1045213.000000,32232.000000,0.000000,0.000000,0.000000
1045223.000000,32232.000000,0.000000,0.000000,0.000000
1045233.000000,32232.000000,0.000000,0.000000,0.000000
1045243.000000,32232.000000,0.000000,0.000000,0.000000
1045253.000000,32232.000000,0.000000,0.000000,0.000000
1045263.000000,32232.000000,0.000000,0.000000,0.000000
1045273.000000,32232.000000,0.000000,0.000000,0.000000
1045283.000000,32232.000000,0.000000,0.000000,0.000000
1045293.000000,32232.000000,0.000000,0.000000,0.000000
1045303.000000,32232.000000,0.000000,0.000000,0.000000
1045313.000000,32232.000000,0.000000,0.000000,0.000000
1045323.000000,32232.000000,0.000000,0.000000,0.000000
1045333.000000,32232.000000,0.000000,0.000000,0.000000
1045343.000000,32232.000000,0.000000,0.000000,0.000000
1045353.000000,32232.000000,0.000000,0.000000,0.000000
1045363.000000,32232.000000,0.000000,0.000000,0.000000
1045373.000000,32232.000000,0.000000,0.000000,0.000000
1045383.000000,32232.000000,0.000000,0.000000,0.000000
1045393.000000,32232.000000,0.000000,0.000000,0.000000
1045403.000000,32232.000000,0.000000,0.000000,0.000000
1045413.000000,32232.000000,0.000000,0.000000,0.000000
1045423.000000,32232.000000,0.000000,0.000000,0.000000
1045433.000000,32232.000000,0.000000,0.000000,0.000000
1045443.000000,32232.000000,0.000000,0.000000,0.000000
1045453.000000,32232.000000,0.000000,0.000000,0.000000
1045463.000000,32232.000000,0.000000,0.000000,0.000000
1045473.000000,32232.000000,0.000000,0.000000,0.000000
1045483.000000,32232.000000,0.000000,0.000000,0.000000
1045493.000000,32232.000000,0.000000,0.000000,0.000000
1045503.000000,32232.000000,0.000000,0.000000,0.000000
1045513.000000,32232.000000,0.000000,0.000000,0.000000
1045523.000000,32232.000000,0.000000,0.000000,0.000000
1045533.000000,32232.000000,0.000000,0.000000,0.000000
1045543.000000,32232.000000,0.000000,0.000000,0.000000
1045553.000000,32232.000000,0.000000,0.000000,0.000000
1045563.000000,32232.000000,0.000000,0.000000,0.000000
1045573.000000,32232.000000,0.000000,0.000000,0.000000
1045583.000000,32232.000000,0.000000,0.000000,0.000000
1045593.000000,32232.000000,0.000000,0.000000,0.000000
1045603.000000,32232.000000,0.000000,0.000000,0.000000
1045613.000000,32232.000000,0.000000,0.000000,0.000000
1045623.000000,32232.000000,0.000000,0.000000,0.000000
1045633.000000,32232.000000,0.000000,0.000000,0.000000
1045643.000000,32232.000000,0.000000,0.000000,0.000000
1045653.000000,32232.000000,0.000000,0.000000,0.000000
1045663.000000,32232.000000,0.000000,0.000000,0.000000
1045673.000000,32232.000000,0.000000,0.000000,0.000000
1045683.000000,32232.000000,0.000000,0.000000,0.000000
1045693.000000,32232.000000,0.000000,0.000000,0.000000
1045703.000000,32232.000000,0.000000,0.000000,0.000000
1045713.000000,32232.000000,0.000000,0.000000,0.000000
1045723.000000,32232.000000,0.000000,0.000000,0.000000
1045733.000000,32232.000000,0.000000,0.000000,0.000000
1045743.000000,32232.000000,0.000000,0.000000,0.000000
1045753.000000,32232.000000,0.000000,0.000000,0.000000
1045763.000000,32232.000000,0.000000,0.000000,0.000000
1045773.000000,32232.000000,0.000000,0.000000,0.000000
1045783.000000,32232.000000,0.000000,0.000000,0.000000
1045793.000000,32232.000000,0.000000,0.000000,0.000000
1045803.000000,32232.000000,0.000000,0.000000,0.000000
1045813.000000,32232.000000,0.000000,0.000000,0.000000
1045823.000000,32232.000000,0.000000,0.000000,0.000000
1045833.000000,32232.000000,0.000000,0.000000,0.000000
1045843.000000,32232.000000,0.000000,0.000000,0.000000
1045853.000000,32232.000000,0.000000,0.000000,0.000000
1045863.000000,32232.000000,0.000000,0.000000,0.000000
1045873.000000,32232.000000,0.000000,0.000000,0.000000
1045883.000000,32232.000000,0.000000,0.000000,0.000000
1045893.000000,32232.000000,0.000000,0.000000,0.000000
1045903.000000,32232.000000,0.000000,0.000000,0.000000
1045913.000000,32232.000000,0.000000,0.000000,0.000000
1045923.000000,32232.000000,0.000000,0.000000,0.000000
1045933.000000,32232.000000,0.000000,0.000000,0.000000
1045943.000000,32232.000000,0.000000,0.000000,0.000000
1045953.000000,32232.000000,0.000000,0.000000,0.000000
1045963.000000,32232.000000,0.000000,0.000000,0.000000
1045973.000000,32232.000000,0.000000,0.000000,0.000000
1045983.000000,32232.000000,0.000000,0.000000,0.000000
1045993.000000,32232.000000,0.000000,0.000000,0.000000
1046003.000000,32232.000000,0.000000,0.000000,0.000000
1046013.000000,32232.000000,0.000000,0.000000,0.000000
1046023.000000,32232.000000,0.000000,0.000000,0.000000
1046033.000000,32232.000000,0.000000,0.000000,0.000000
1046043.000000,32232.000000,0.000000,0.000000,0.000000
1046053.000000,32232.000000,0.000000,0.000000,0.000000
1046063.000000,32232.000000,0.000000,0.000000,0.000000
1046073.000000,32232.000000,0.000000,0.000000,0.000000
1046083.000000,32232.000000,0.000000,0.000000,0.000000
1046093.000000,32232.000000,0.000000,0.000000,0.000000
1046103.000000,32232.000000,0.000000,0.000000,0.000000
1046113.000000,32232.000000,0.000000,0.000000,0.000000
1046123.000000,32232.000000,0.000000,0.000000,0.000000
1046133.000000,32232.000000,0.000000,0.000000,0.000000
1046143.000000,32232.000000,0.000000,0.000000,0.000000
1046153.000000,32232.000000,0.000000,0.000000,0.000000
1046163.000000,32232.000000,0.000000,0.000000,0.000000
1046173.000000,32232.000000,0.000000,0.000000,0.000000
1046183.000000,32232.000000,0.000000,0.000000,0.000000
1046193.000000,32232.000000,0.000000,0.000000,0.000000
1046203.000000,32232.000000,0.000000,0.000000,0.000000
1046213.000000,32232.000000,0.000000,0.000000,0.000000
1046223.000000,32232.000000,0.000000,0.000000,0.000000
1046233.000000,32232.000000,0.000000,0.000000,0.000000
1046243.000000,32232.000000,0.000000,0.000000,0.000000
1046253.000000,32232.000000,0.000000,0.000000,0.000000
1046263.000000,32232.000000,0.000000,0.000000,0.000000
1046273.000000,32232.000000,0.000000,0.000000,0.000000
1046283.000000,32232.000000,0.000000,0.000000,0.000000
1046293.000000,32232.000000,0.000000,0.000000,0.000000
1046303.000000,32232.000000,0.000000,0.000000,0.000000
1046313.000000,32232.000000,0.000000,0.000000,0.000000
1046323.000000,32232.000000,0.000000,0.000000,0.000000
1046333.000000,32232.000000,0.000000,0.000000,0.000000
1046343.000000,32232.000000,0.000000,0.000000,0.000000
1046353.000000,32232.000000,0.000000,0.000000,0.000000
1046363.000000,32232.000000,0.000000,0.000000,0.000000
1046373.000000,32232.000000,0.000000,0.000000,0.000000
1046383.000000,32232.000000,0.000000,0.000000,0.000000
1046393.000000,32232.000000,0.000000,0.000000,0.000000
1046403.000000,32232.000000,0.000000,0.000000,0.000000
1046413.000000,32232.000000,0.000000,0.000000,0.000000
1046423.000000,32232.000000,0.000000,0.000000,0.000000
1046433.000000,32232.000000,0.000000,0.000000,0.000000
1046443.000000,32232.000000,0.000000,0.000000,0.000000
1046453.000000,32232.000000,0.000000,0.000000,0.000000
1046463.000000,32232.000000,0.000000,0.000000,0.000000
1046473.000000,32232.000000,0.000000,0.000000,0.000000
1046483.000000,32232.000000,0.000000,0.000000,0.000000
1046493.000000,32232.000000,0.000000,0.000000,0.000000
1046503.000000,32232.000000,0.000000,0.000000,0.000000
1046513.000000,32232.000000,0.000000,0.000000,0.000000
1046523.000000,32232.000000,0.000000,0.000000,0.000000
1046533.000000,32232.000000,0.000000,0.000000,0.000000
1046543.000000,32232.000000,0.000000,0.000000,0.000000
1046553.000000,32232.000000,0.000000,0.000000,0.000000
1046563.000000,32232.000000,0.000000,0.000000,0.000000
1046573.000000,32232.000000,0.000000,0.000000,0.000000
1046583.000000,32232.000000,0.000000,0.000000,0.000000
1046593.000000,32232.000000,0.000000,0.000000,0.000000
1046603.000000,32232.000000,0.000000,0.000000,0.000000
1046613.000000,32232.000000,0.000000,0.000000,0.000000
1046623.000000,32232.000000,0.000000,0.000000,0.000000
1046633.000000,32232.000000,0.000000,0.000000,0.000000
1046643.000000,32232.000000,0.000000,0.000000,0.000000
1046653.000000,32232.000000,0.000000,0.000000,0.000000
1046663.000000,32232.000000,0.000000,0.000000,0.000000
1046673.000000,32232.000000,0.000000,0.000000,0.000000
1046683.000000,32232.000000,0.000000,0.000000,0.000000
1046693.000000,32232.000000,0.000000,0.000000,0.000000
1046703.000000,32232.000000,0.000000,0.000000,0.000000
1046713.000000,32232.000000,0.000000,0.000000,0.000000
1046723.000000,32232.000000,0.000000,0.000000,0.000000
1046733.000000,32232.000000,0.000000,0.000000,0.000000
1046743.000000,32232.000000,0.000000,0.000000,0.000000
1046753.000000,32232.000000,0.000000,0.000000,0.000000
1046763.000000,32232.000000,0.000000,0.000000,0.000000
1046773.000000,32232.000000,0.000000,0.000000,0.000000
1046783.000000,32232.000000,0.000000,0.000000,0.000000
1046793.000000,32232.000000,0.000000,0.000000,0.000000
1046803.000000,32232.000000,0.000000,0.000000,0.000000
1046813.000000,32232.000000,0.000000,0.000000,0.000000
1046823.000000,32232.000000,0.000000,0.000000,0.000000
1046833.000000,32232.000000,0.000000,0.000000,0.000000
1046843.000000,32232.000000,0.000000,0.000000,0.000000
1046853.000000,32232.000000,0.000000,0.000000,0.000000
1046863.000000,32232.000000,0.000000,0.000000,0.000000
1046873.000000,32232.000000,0.000000,0.000000,0.000000
1046883.000000,32232.000000,0.000000,0.000000,0.000000
1046893.000000,32232.000000,0.000000,0.000000,0.000000
1046903.000000,32232.000000,0.000000,0.000000,0.000000
1046913.000000,32232.000000,0.000000,0.000000,0.000000
1046923.000000,32232.000000,0.000000,0.000000,0.000000
1046933.000000,32232.000000,0.000000,0.000000,0.000000
1046943.000000,32232.000000,0.000000,0.000000,0.000000
1046953.000000,32232.000000,0.000000,0.000000,0.000000
1046963.000000,32232.000000,0.000000,0.000000,0.000000
1046973.000000,32232.000000,0.000000,0.000000,0.000000
1046983.000000,32232.000000,0.000000,0.000000,0.000000
1046993.000000,32232.000000,0.000000,0.000000,0.000000
1047003.000000,32232.000000,0.000000,0.000000,0.000000
1047013.000000,32232.000000,0.000000,0.000000,0.000000
1047023.000000,32232.000000,0.000000,0.000000,0.000000
1047033.000000,32232.000000,0.000000,0.000000,0.000000
1047043.000000,32232.000000,0.000000,0.000000,0.000000
1047053.000000,32232.000000,0.000000,0.000000,0.000000
1047063.000000,32232.000000,0.000000,0.000000,0.000000
1047073.000000,32232.000000,0.000000,0.000000,0.000000
1047083.000000,32232.000000,0.000000,0.000000,0.000000
1047093.000000,32232.000000,0.000000,0.000000,0.000000
1047103.000000,32232.000000,0.000000,0.000000,0.000000
1047113.000000,32232.000000,0.000000,0.000000,0.000000
1047123.000000,32232.000000,0.000000,0.000000,0.000000
1047133.000000,32232.000000,0.000000,0.000000,0.000000
1047143.000000,32232.000000,0.000000,0.000000,0.000000
1047153.000000,32232.000000,0.000000,0.000000,0.000000
1047163.000000,32232.000000,0.000000,0.000000,0.000000
1047173.000000,32232.000000,0.000000,0.000000,0.000000
1047183.000000,32232.000000,0.000000,0.000000,0.000000
1047193.000000,32232.000000,0.000000,0.000000,0.000000
1047203.000000,32232.000000,0.000000,0.000000,0.000000
1047213.000000,32232.000000,0.000000,0.000000,0.000000
1047223.000000,32232.000000,0.000000,0.000000,0.000000
1047233.000000,32232.000000,0.000000,0.000000,0.000000
1047243.000000,32232.000000,0.000000,0.000000,0.000000
1047253.000000,32232.000000,0.000000,0.000000,0.000000
1047263.000000,32232.000000,0.000000,0.000000,0.000000
1047273.000000,32232.000000,0.000000,0.000000,0.000000
1047283.000000,32232.000000,0.000000,0.000000,0.000000
1047293.000000,32232.000000,0.000000,0.000000,0.000000
1047303.000000,32232.000000,0.000000,0.000000,0.000000
1047313.000000,32232.000000,0.000000,0.000000,0.000000
1047323.000000,32232.000000,0.000000,0.000000,0.000000
1047333.000000,32232.000000,0.000000,0.000000,0.000000
1047343.000000,32232.000000,0.000000,0.000000,0.000000
1047353.000000,32232.000000,0.000000,0.000000,0.000000
1047363.000000,32232.000000,0.000000,0.000000,0.000000
1047373.000000,32232.000000,0.000000,0.000000,0.000000
1047383.000000,32232.000000,0.000000,0.000000,0.000000
1047393.000000,32232.000000,0.000000,0.000000,0.000000
1047403.000000,32232.000000,0.000000,0.000000,0.000000
1047413.000000,32232.000000,0.000000,0.000000,0.000000
1047423.000000,32232.000000,0.000000,0.000000,0.000000
1047433.000000,32232.000000,0.000000,0.000000,0.000000
1047443.000000,32232.000000,0.000000,0.000000,0.000000
1047453.000000,32232.000000,0.000000,0.000000,0.000000
1047463.000000,32232.000000,0.000000,0.000000,0.000000
1047473.000000,32232.000000,0.000000,0.000000,0.000000
1047483.000000,32232.000000,0.000000,0.000000,0.000000
1047493.000000,32232.000000,0.000000,0.000000,0.000000
1047503.000000,32232.000000,0.000000,0.000000,0.000000
1047513.000000,32232.000000,0.000000,0.000000,0.000000
1047523.000000,32232.000000,0.000000,0.000000,0.000000
1047533.000000,32232.000000,0.000000,0.000000,0.000000
1047543.000000,32232.000000,0.000000,0.000000,0.000000
1047553.000000,32232.000000,0.000000,0.000000,0.000000
1047563.000000,32232.000000,0.000000,0.000000,0.000000
1047573.000000,32232.000000,0.000000,0.000000,0.000000
1047583.000000,32232.000000,0.000000,0.000000,0.000000
1047593.000000,32232.000000,0.000000,0.000000,0.000000
1047603.000000,32232.000000,0.000000,0.000000,0.000000
1047613.000000,32232.000000,0.000000,0.000000,0.000000
1047623.000000,32232.000000,0.000000,0.000000,0.000000
1047633.000000,32232.000000,0.000000,0.000000,0.000000
1047643.000000,32232.000000,0.000000,0.000000,0.000000
1047653.000000,32232.000000,0.000000,0.000000,0.000000
1047663.000000,32232.000000,0.000000,0.000000,0.000000
1047673.000000,32232.000000,0.000000,0.000000,0.000000
1047683.000000,32232.000000,0.000000,0.000000,0.000000
1047693.000000,32232.000000,0.000000,0.000000,0.000000
1047703.000000,32232.000000,0.000000,0.000000,0.000000
1047713.000000,32232.000000,0.000000,0.000000,0.000000
1047723.000000,32232.000000,0.000000,0.000000,0.000000
1047733.000000,32232.000000,0.000000,0.000000,0.000000
1047743.000000,32232.000000,0.000000,0.000000,0.000000
1047753.000000,32232.000000,0.000000,0.000000,0.000000
1047763.000000,32232.000000,0.000000,0.000000,0.000000
1047773.000000,32232.000000,0.000000,0.000000,0.000000
1047783.000000,32232.000000,0.000000,0.000000,0.000000
1047793.000000,32232.000000,0.000000,0.000000,0.000000
1047803.000000,32232.000000,0.000000,0.000000,0.000000
1047813.000000,32232.000000,0.000000,0.000000,0.000000
1047823.000000,32232.000000,0.000000,0.000000,0.000000
1047833.000000,32232.000000,0.000000,0.000000,0.000000
1047843.000000,32232.000000,0.000000,0.000000,0.000000
1047853.000000,32232.000000,0.000000,0.000000,0.000000
1047863.000000,32232.000000,0.000000,0.000000,0.000000
1047873.000000,32232.000000,0.000000,0.000000,0.000000
1047883.000000,32232.000000,0.000000,0.000000,0.000000
1047893.000000,32232.000000,0.000000,0.000000,0.000000
1047903.000000,32232.000000,0.000000,0.000000,0.000000
1047913.000000,32232.000000,0.000000,0.000000,0.000000
1047923.000000,32232.000000,0.000000,0.000000,0.000000
1047933.000000,32232.000000,0.000000,0.000000,0.000000
1047943.000000,32232.000000,0.000000,0.000000,0.000000
1047953.000000,32232.000000,0.000000,0.000000,0.000000
1047963.000000,32232.000000,0.000000,0.000000,0.000000
1047973.000000,32232.000000,0.000000,0.000000,0.000000
1047983.000000,32232.000000,0.000000,0.000000,0.000000
1047993.000000,32232.000000,0.000000,0.000000,0.000000
1048003.000000,32232.000000,0.000000,0.000000,0.000000
1048013.000000,32232.000000,0.000000,0.000000,0.000000
1048023.000000,32232.000000,0.000000,0.000000,0.000000
1048033.000000,32232.000000,0.000000,0.000000,0.000000
1048043.000000,32232.000000,0.000000,0.000000,0.000000
1048053.000000,32232.000000,0.000000,0.000000,0.000000
1048063.000000,32232.000000,0.000000,0.000000,0.000000
1048073.000000,32232.000000,0.000000,0.000000,0.000000
1048083.000000,32232.000000,0.000000,0.000000,0.000000
1048093.000000,32232.000000,0.000000,0.000000,0.000000
1048103.000000,32232.000000,0.000000,0.000000,0.000000
1048113.000000,32232.000000,0.000000,0.000000,0.000000
1048123.000000,32232.000000,0.000000,0.000000,0.000000
1048133.000000,32232.000000,0.000000,0.000000,0.000000
1048143.000000,32232.000000,0.000000,0.000000,0.000000
1048153.000000,32232.000000,0.000000,0.000000,0.000000
1048163.000000,32232.000000,0.000000,0.000000,0.000000
1048173.000000,32232.000000,0.000000,0.000000,0.000000
1048183.000000,32232.000000,0.000000,0.000000,0.000000
1048193.000000,32232.000000,0.000000,0.000000,0.000000
1048203.000000,32232.000000,0.000000,0.000000,0.000000
1048213.000000,32232.000000,0.000000,0.000000,0.000000
1048223.000000,32232.000000,0.000000,0.000000,0.000000
1048233.000000,32232.000000,0.000000,0.000000,0.000000
1048243.000000,32232.000000,0.000000,0.000000,0.000000
1048253.000000,32232.000000,0.000000,0.000000,0.000000
1048263.000000,32232.000000,0.000000,0.000000,0.000000
1048273.000000,32232.000000,0.000000,0.000000,0.000000
1048283.000000,32232.000000,0.000000,0.000000,0.000000
1048293.000000,32232.000000,0.000000,0.000000,0.000000
1048303.000000,32232.000000,0.000000,0.000000,0.000000
1048313.000000,32232.000000,0.000000,0.000000,0.000000
1048323.000000,32232.000000,0.000000,0.000000,0.000000
1048333.000000,32232.000000,0.000000,0.000000,0.000000
1048343.000000,32232.000000,0.000000,0.000000,0.000000
1048353.000000,32232.000000,0.000000,0.000000,0.000000
1048363.000000,32232.000000,0.000000,0.000000,0.000000
1048373.000000,32232.000000,0.000000,0.000000,0.000000
1048383.000000,32232.000000,0.000000,0.000000,0.000000
1048393.000000,32232.000000,0.000000,0.000000,0.000000
1048403.000000,32232.000000,0.000000,0.000000,0.000000
1048413.000000,32232.000000,0.000000,0.000000,0.000000
1048423.000000,32232.000000,0.000000,0.000000,0.000000
1048433.000000,32232.000000,0.000000,0.000000,0.000000
1048443.000000,32232.000000,0.000000,0.000000,0.000000
1048453.000000,32232.000000,0.000000,0.000000,0.000000
1048463.000000,32232.000000,0.000000,0.000000,0.000000
1048473.000000,32232.000000,0.000000,0.000000,0.000000
1048483.000000,32232.000000,0.000000,0.000000,0.000000
1048493.000000,32232.000000,0.000000,0.000000,0.000000
1048503.000000,32232.000000,0.000000,0.000000,0.000000
1048513.000000,32232.000000,0.000000,0.000000,0.000000
1048523.000000,32232.000000,0.000000,0.000000,0.000000
1048533.000000,32232.000000,0.000000,0.000000,0.000000
1048543.000000,32232.000000,0.000000,0.000000,0.000000
1048553.000000,32232.000000,0.000000,0.000000,0.000000
1048563.000000,32232.000000,0.000000,0.000000,0.000000
1048573.000000,32232.000000,0.000000,0.000000,0.000000
1048583.000000,32232.000000,0.000000,0.000000,0.000000
1048593.000000,32232.000000,0.000000,0.000000,0.000000
1048603.000000,32232.000000,0.000000,0.000000,0.000000
1048613.000000,32232.000000,0.000000,0.000000,0.000000
1048623.000000,32232.000000,0.000000,0.000000,0.000000
1048633.000000,32232.000000,0.000000,0.000000,0.000000
1048643.000000,32232.000000,0.000000,0.000000,0.000000
1048653.000000,32232.000000,0.000000,0.000000,0.000000
1048663.000000,32232.000000,0.000000,0.000000,0.000000
1048673.000000,32232.000000,0.000000,0.000000,0.000000
1048683.000000,32232.000000,0.000000,0.000000,0.000000
1048693.000000,32232.000000,0.000000,0.000000,0.000000
1048703.000000,32232.000000,0.000000,0.000000,0.000000
1048713.000000,32232.000000,0.000000,0.000000,0.000000
1048723.000000,32232.000000,0.000000,0.000000,0.000000
1048733.000000,32232.000000,0.000000,0.000000,0.000000
1048743.000000,32232.000000,0.000000,0.000000,0.000000
1048753.000000,32232.000000,0.000000,0.000000,0.000000
1048763.000000,32232.000000,0.000000,0.000000,0.000000
1048773.000000,32232.000000,0.000000,0.000000,0.000000
1048783.000000,32232.000000,0.000000,0.000000,0.000000
1048793.000000,32232.000000,0.000000,0.000000,0.000000
1048803.000000,32232.000000,0.000000,0.000000,0.000000
1048813.000000,32232.000000,0.000000,0.000000,0.000000
1048823.000000,32232.000000,0.000000,0.000000,0.000000
1048833.000000,32232.000000,0.000000,0.000000,0.000000
1048843.000000,32232.000000,0.000000,0.000000,0.000000
1048853.000000,32232.000000,0.000000,0.000000,0.000000
1048863.000000,32232.000000,0.000000,0.000000,0.000000
1048873.000000,32232.000000,0.000000,0.000000,0.000000
1048883.000000,32232.000000,0.000000,0.000000,0.000000
1048893.000000,32232.000000,0.000000,0.000000,0.000000
1048903.000000,32232.000000,0.000000,0.000000,0.000000
1048913.000000,32232.000000,0.000000,0.000000,0.000000
1048923.000000,32232.000000,0.000000,0.000000,0.000000
1048933.000000,32232.000000,0.000000,0.000000,0.000000
1048943.000000,32232.000000,0.000000,0.000000,0.000000
1048953.000000,32232.000000,0.000000,0.000000,0.000000
1048963.000000,32232.000000,0.000000,0.000000,0.000000
1048973.000000,32232.000000,0.000000,0.000000,0.000000
1048983.000000,32232.000000,0.000000,0.000000,0.000000
1048993.000000,32232.000000,0.000000,0.000000,0.000000
1049003.000000,32232.000000,0.000000,0.000000,0.000000
1049013.000000,32232.000000,0.000000,0.000000,0.000000
1049023.000000,32232.000000,0.000000,0.000000,0.000000
1049033.000000,32232.000000,0.000000,0.000000,0.000000
1049043.000000,32232.000000,0.000000,0.000000,0.000000
1049053.000000,32232.000000,0.000000,0.000000,0.000000
1049063.000000,32232.000000,0.000000,0.000000,0.000000
1049073.000000,32232.000000,0.000000,0.000000,0.000000
1049083.000000,32232.000000,0.000000,0.000000,0.000000
1049093.000000,32232.000000,0.000000,0.000000,0.000000
1049103.000000,32232.000000,0.000000,0.000000,0.000000
1049113.000000,32232.000000,0.000000,0.000000,0.000000
1049123.000000,32232.000000,0.000000,0.000000,0.000000
1049133.000000,32232.000000,0.000000,0.000000,0.000000
1049143.000000,32232.000000,0.000000,0.000000,0.000000
1049153.000000,32232.000000,0.000000,0.000000,0.000000
1049163.000000,32232.000000,0.000000,0.000000,0.000000
1049173.000000,32232.000000,0.000000,0.000000,0.000000
1049183.000000,32232.000000,0.000000,0.000000,0.000000
1049193.000000,32232.000000,0.000000,0.000000,0.000000
1049203.000000,32232.000000,0.000000,0.000000,0.000000
1049213.000000,32232.000000,0.000000,0.000000,0.000000
1049223.000000,32232.000000,0.000000,0.000000,0.000000
1049233.000000,32232.000000,0.000000,0.000000,0.000000
1049243.000000,32232.000000,0.000000,0.000000,0.000000
1049253.000000,32232.000000,0.000000,0.000000,0.000000
1049263.000000,32232.000000,0.000000,0.000000,0.000000
1049273.000000,32232.000000,0.000000,0.000000,0.000000
1049283.000000,32232.000000,0.000000,0.000000,0.000000
1049293.000000,32232.000000,0.000000,0.000000,0.000000
1049303.000000,32232.000000,0.000000,0.000000,0.000000
1049313.000000,32232.000000,0.000000,0.000000,0.000000
1049323.000000,32232.000000,0.000000,0.000000,0.000000
1049333.000000,32232.000000,0.000000,0.000000,0.000000
1049343.000000,32232.000000,0.000000,0.000000,0.000000
1049353.000000,32232.000000,0.000000,0.000000,0.000000
1049363.000000,32232.000000,0.000000,0.000000,0.000000
1049373.000000,32232.000000,0.000000,0.000000,0.000000
1049383.000000,32232.000000,0.000000,0.000000,0.000000
1049393.000000,32232.000000,0.000000,0.000000,0.000000
1049403.000000,32232.000000,0.000000,0.000000,0.000000
1049413.000000,32232.000000,0.000000,0.000000,0.000000
1049423.000000,32232.000000,0.000000,0.000000,0.000000
1049433.000000,32232.000000,0.000000,0.000000,0.000000
1049443.000000,32232.000000,0.000000,0.000000,0.000000
1049453.000000,32232.000000,0.000000,0.000000,0.000000
1049463.000000,32232.000000,0.000000,0.000000,0.000000
1049473.000000,32232.000000,0.000000,0.000000,0.000000
1049483.000000,32232.000000,0.000000,0.000000,0.000000
1049493.000000,32232.000000,0.000000,0.000000,0.000000
1049503.000000,32232.000000,0.000000,0.000000,0.000000
1049513.000000,32232.000000,0.000000,0.000000,0.000000
1049523.000000,32232.000000,0.000000,0.000000,0.000000
1049533.000000,32232.000000,0.000000,0.000000,0.000000
1049543.000000,32232.000000,0.000000,0.000000,0.000000
1049553.000000,32232.000000,0.000000,0.000000,0.000000
1049563.000000,32232.000000,0.000000,0.000000,0.000000
1049573.000000,32232.000000,0.000000,0.000000,0.000000
1049583.000000,32232.000000,0.000000,0.000000,0.000000
1049593.000000,32232.000000,0.000000,0.000000,0.000000
1049603.000000,32232.000000,0.000000,0.000000,0.000000
1049613.000000,32232.000000,0.000000,0.000000,0.000000
1049623.000000,32232.000000,0.000000,0.000000,0.000000
1049633.000000,32232.000000,0.000000,0.000000,0.000000
1049643.000000,32232.000000,0.000000,0.000000,0.000000
1049653.000000,32232.000000,0.000000,0.000000,0.000000
1049663.000000,32232.000000,0.000000,0.000000,0.000000
1049673.000000,32232.000000,0.000000,0.000000,0.000000
1049683.000000,32232.000000,0.000000,0.000000,0.000000
1049693.000000,32232.000000,0.000000,0.000000,0.000000
1049703.000000,32232.000000,0.000000,0.000000,0.000000
1049713.000000,32232.000000,0.000000,0.000000,0.000000
1049723.000000,32232.000000,0.000000,0.000000,0.000000
1049733.000000,32232.000000,0.000000,0.000000,0.000000
1049743.000000,32232.000000,0.000000,0.000000,0.000000
1049753.000000,32232.000000,0.000000,0.000000,0.000000
1049763.000000,32232.000000,0.000000,0.000000,0.000000
1049773.000000,32232.000000,0.000000,0.000000,0.000000
1049783.000000,32232.000000,0.000000,0.000000,0.000000
1049793.000000,32232.000000,0.000000,0.000000,0.000000
1049803.000000,32232.000000,0.000000,0.000000,0.000000
1049813.000000,32232.000000,0.000000,0.000000,0.000000
1049823.000000,32232.000000,0.000000,0.000000,0.000000
1049833.000000,32232.000000,0.000000,0.000000,0.000000
1049843.000000,32232.000000,0.000000,0.000000,0.000000
1049853.000000,32232.000000,0.000000,0.000000,0.000000
1049863.000000,32232.000000,0.000000,0.000000,0.000000
1049873.000000,32232.000000,0.000000,0.000000,0.000000
1049883.000000,32232.000000,0.000000,0.000000,0.000000
1049893.000000,32232.000000,0.000000,0.000000,0.000000
1049903.000000,32232.000000,0.000000,0.000000,0.000000
1049913.000000,32232.000000,0.000000,0.000000,0.000000
1049923.000000,32232.000000,0.000000,0.000000,0.000000
1049933.000000,32232.000000,0.000000,0.000000,0.000000
1049943.000000,32232.000000,0.000000,0.000000,0.000000
1049953.000000,32232.000000,0.000000,0.000000,0.000000
1049963.000000,32232.000000,0.000000,0.000000,0.000000
1049973.000000,32232.000000,0.000000,0.000000,0.000000
1049983.000000,32232.000000,0.000000,0.000000,0.000000
1049993.000000,32232.000000,0.000000,0.000000,0.000000
1050003.000000,32232.000000,0.000000,0.000000,0.000000
1050013.000000,32232.000000,0.000000,0.000000,0.000000
1050023.000000,32232.000000,0.000000,0.000000,0.000000
1050033.000000,32232.000000,0.000000,0.000000,0.000000
1050043.000000,32232.000000,0.000000,0.000000,0.000000
1050053.000000,32232.000000,0.000000,0.000000,0.000000
1050063.000000,32232.000000,0.000000,0.000000,0.000000
1050073.000000,32232.000000,0.000000,0.000000,0.000000
1050083.000000,32232.000000,0.000000,0.000000,0.000000
1050093.000000,32232.000000,0.000000,0.000000,0.000000
1050103.000000,32232.000000,0.000000,0.000000,0.000000
1050113.000000,32232.000000,0.000000,0.000000,0.000000
1050123.000000,32232.000000,0.000000,0.000000,0.000000
1050133.000000,32232.000000,0.000000,0.000000,0.000000
1050143.000000,32232.000000,0.000000,0.000000,0.000000
1050153.000000,32232.000000,0.000000,0.000000,0.000000
1050163.000000,32232.000000,0.000000,0.000000,0.000000
1050173.000000,32232.000000,0.000000,0.000000,0.000000
1050183.000000,32232.000000,0.000000,0.000000,0.000000
1050193.000000,32232.000000,0.000000,0.000000,0.000000
1050203.000000,32232.000000,0.000000,0.000000,0.000000
1050213.000000,32232.000000,0.000000,0.000000,0.000000
1050223.000000,32232.000000,0.000000,0.000000,0.000000
1050233.000000,32232.000000,0.000000,0.000000,0.000000
1050243.000000,32232.000000,0.000000,0.000000,0.000000
1050253.000000,32232.000000,0.000000,0.000000,0.000000
1050263.000000,32232.000000,0.000000,0.000000,0.000000
1050273.000000,32232.000000,0.000000,0.000000,0.000000
1050283.000000,32232.000000,0.000000,0.000000,0.000000
1050293.000000,32232.000000,0.000000,0.000000,0.000000
1050303.000000,32232.000000,0.000000,0.000000,0.000000
1050313.000000,32232.000000,0.000000,0.000000,0.000000
1050323.000000,32232.000000,0.000000,0.000000,0.000000
1050333.000000,32232.000000,0.000000,0.000000,0.000000
1050343.000000,32232.000000,0.000000,0.000000,0.000000
1050353.000000,32232.000000,0.000000,0.000000,0.000000
1050363.000000,32232.000000,0.000000,0.000000,0.000000
1050373.000000,32232.000000,0.000000,0.000000,0.000000
1050383.000000,32232.000000,0.000000,0.000000,0.000000
1050393.000000,32232.000000,0.000000,0.000000,0.000000
1050403.000000,32232.000000,0.000000,0.000000,0.000000
1050413.000000,32232.000000,0.000000,0.000000,0.000000
1050423.000000,32232.000000,0.000000,0.000000,0.000000
1050433.000000,32232.000000,0.000000,0.000000,0.000000
1050443.000000,32232.000000,0.000000,0.000000,0.000000
1050453.000000,32232.000000,0.000000,0.000000,0.000000
1050463.000000,32232.000000,0.000000,0.000000,0.000000
1050473.000000,32232.000000,0.000000,0.000000,0.000000
1050483.000000,32232.000000,0.000000,0.000000,0.000000
1050493.000000,32232.000000,0.000000,0.000000,0.000000
1050503.000000,32232.000000,0.000000,0.000000,0.000000
1050513.000000,32232.000000,0.000000,0.000000,0.000000
1050523.000000,32232.000000,0.000000,0.000000,0.000000
1050533.000000,32232.000000,0.000000,0.000000,0.000000
1050543.000000,32232.000000,0.000000,0.000000,0.000000
1050553.000000,32232.000000,0.000000,0.000000,0.000000
1050563.000000,32232.000000,0.000000,0.000000,0.000000
1050573.000000,32232.000000,0.000000,0.000000,0.000000
1050583.000000,32232.000000,0.000000,0.000000,0.000000
1050593.000000,32232.000000,0.000000,0.000000,0.000000
1050603.000000,32232.000000,0.000000,0.000000,0.000000
1050613.000000,32232.000000,0.000000,0.000000,0.000000
1050623.000000,32232.000000,0.000000,0.000000,0.000000
1050633.000000,32232.000000,0.000000,0.000000,0.000000
1050643.000000,32232.000000,0.000000,0.000000,0.000000
1050653.000000,32232.000000,0.000000,0.000000,0.000000
1050663.000000,32232.000000,0.000000,0.000000,0.000000
1050673.000000,32232.000000,0.000000,0.000000,0.000000
1050683.000000,32232.000000,0.000000,0.000000,0.000000
1050693.000000,32232.000000,0.000000,0.000000,0.000000
1050703.000000,32232.000000,0.000000,0.000000,0.000000
1050713.000000,32232.000000,0.000000,0.000000,0.000000
1050723.000000,32232.000000,0.000000,0.000000,0.000000
1050733.000000,32232.000000,0.000000,0.000000,0.000000
1050743.000000,32232.000000,0.000000,0.000000,0.000000
1050753.000000,32232.000000,0.000000,0.000000,0.000000
1050763.000000,32232.000000,0.000000,0.000000,0.000000
1050773.000000,32232.000000,0.000000,0.000000,0.000000
1050783.000000,32232.000000,0.000000,0.000000,0.000000
1050793.000000,32232.000000,0.000000,0.000000,0.000000
1050803.000000,32232.000000,0.000000,0.000000,0.000000
1050813.000000,32232.000000,0.000000,0.000000,0.000000
1050823.000000,32232.000000,0.000000,0.000000,0.000000
1050833.000000,32232.000000,0.000000,0.000000,0.000000
1050843.000000,32232.000000,0.000000,0.000000,0.000000
1050853.000000,32232.000000,0.000000,0.000000,0.000000
1050863.000000,32232.000000,0.000000,0.000000,0.000000
1050873.000000,32232.000000,0.000000,0.000000,0.000000
1050883.000000,32232.000000,0.000000,0.000000,0.000000
1050893.000000,32232.000000,0.000000,0.000000,0.000000
1050903.000000,32232.000000,0.000000,0.000000,0.000000
1050913.000000,32232.000000,0.000000,0.000000,0.000000
1050923.000000,32232.000000,0.000000,0.000000,0.000000
1050933.000000,32232.000000,0.000000,0.000000,0.000000
1050943.000000,32232.000000,0.000000,0.000000,0.000000
1050953.000000,32232.000000,0.000000,0.000000,0.000000
1050963.000000,32232.000000,0.000000,0.000000,0.000000
1050973.000000,32232.000000,0.000000,0.000000,0.000000
1050983.000000,32232.000000,0.000000,0.000000,0.000000
1050993.000000,32232.000000,0.000000,0.000000,0.000000
1051003.000000,32232.000000,0.000000,0.000000,0.000000
1051013.000000,32232.000000,0.000000,0.000000,0.000000
1051023.000000,32232.000000,0.000000,0.000000,0.000000
1051033.000000,32232.000000,0.000000,0.000000,0.000000
1051043.000000,32232.000000,0.000000,0.000000,0.000000
1051053.000000,32232.000000,0.000000,0.000000,0.000000
1051063.000000,32232.000000,0.000000,0.000000,0.000000
1051073.000000,32232.000000,0.000000,0.000000,0.000000
1051083.000000,32232.000000,0.000000,0.000000,0.000000
1051093.000000,32232.000000,0.000000,0.000000,0.000000
1051103.000000,32232.000000,0.000000,0.000000,0.000000
1051113.000000,32232.000000,0.000000,0.000000,0.000000
1051123.000000,32232.000000,0.000000,0.000000,0.000000
1051133.000000,32232.000000,0.000000,0.000000,0.000000
1051143.000000,32232.000000,0.000000,0.000000,0.000000
1051153.000000,32232.000000,0.000000,0.000000,0.000000
1051163.000000,32232.000000,0.000000,0.000000,0.000000
1051173.000000,32232.000000,0.000000,0.000000,0.000000
1051183.000000,32232.000000,0.000000,0.000000,0.000000
1051193.000000,32232.000000,0.000000,0.000000,0.000000
1051203.000000,32232.000000,0.000000,0.000000,0.000000
1051213.000000,32232.000000,0.000000,0.000000,0.000000
1051223.000000,32232.000000,0.000000,0.000000,0.000000
1051233.000000,32232.000000,0.000000,0.000000,0.000000
1051243.000000,32232.000000,0.000000,0.000000,0.000000
1051253.000000,32232.000000,0.000000,0.000000,0.000000
1051263.000000,32232.000000,0.000000,0.000000,0.000000
1051273.000000,32232.000000,0.000000,0.000000,0.000000
1051283.000000,32232.000000,0.000000,0.000000,0.000000
1051293.000000,32232.000000,0.000000,0.000000,0.000000
1051303.000000,32232.000000,0.000000,0.000000,0.000000
1051313.000000,32232.000000,0.000000,0.000000,0.000000
1051323.000000,32232.000000,0.000000,0.000000,0.000000
1051333.000000,32232.000000,0.000000,0.000000,0.000000
1051343.000000,32232.000000,0.000000,0.000000,0.000000
1051353.000000,32232.000000,0.000000,0.000000,0.000000
1051363.000000,32232.000000,0.000000,0.000000,0.000000
1051373.000000,32232.000000,0.000000,0.000000,0.000000
1051383.000000,32232.000000,0.000000,0.000000,0.000000
1051393.000000,32232.000000,0.000000,0.000000,0.000000
1051403.000000,32232.000000,0.000000,0.000000,0.000000
1051413.000000,32232.000000,0.000000,0.000000,0.000000
1051423.000000,32232.000000,0.000000,0.000000,0.000000
1051433.000000,32232.000000,0.000000,0.000000,0.000000
1051443.000000,32232.000000,0.000000,0.000000,0.000000
1051453.000000,32232.000000,0.000000,0.000000,0.000000
1051463.000000,32232.000000,0.000000,0.000000,0.000000
1051473.000000,32232.000000,0.000000,0.000000,0.000000
1051483.000000,32232.000000,0.000000,0.000000,0.000000
1051493.000000,32232.000000,0.000000,0.000000,0.000000
1051503.000000,32232.000000,0.000000,0.000000,0.000000
1051513.000000,32232.000000,0.000000,0.000000,0.000000
1051523.000000,32232.000000,0.000000,0.000000,0.000000
1051533.000000,32232.000000,0.000000,0.000000,0.000000
1051543.000000,32232.000000,0.000000,0.000000,0.000000
1051553.000000,32232.000000,0.000000,0.000000,0.000000
1051563.000000,32232.000000,0.000000,0.000000,0.000000
1051573.000000,32232.000000,0.000000,0.000000,0.000000
1051583.000000,32232.000000,0.000000,0.000000,0.000000
1051593.000000,32232.000000,0.000000,0.000000,0.000000
1051603.000000,32232.000000,0.000000,0.000000,0.000000
1051613.000000,32232.000000,0.000000,0.000000,0.000000
1051623.000000,32232.000000,0.000000,0.000000,0.000000
1051633.000000,32232.000000,0.000000,0.000000,0.000000
1051643.000000,32232.000000,0.000000,0.000000,0.000000
1051653.000000,32232.000000,0.000000,0.000000,0.000000
1051663.000000,32232.000000,0.000000,0.000000,0.000000
1051673.000000,32232.000000,0.000000,0.000000,0.000000
1051683.000000,32232.000000,0.000000,0.000000,0.000000
1051693.000000,32232.000000,0.000000,0.000000,0.000000
1051703.000000,32232.000000,0.000000,0.000000,0.000000
1051713.000000,32232.000000,0.000000,0.000000,0.000000
1051723.000000,32232.000000,0.000000,0.000000,0.000000
1051733.000000,32232.000000,0.000000,0.000000,0.000000
1051743.000000,32232.000000,0.000000,0.000000,0.000000
1051753.000000,32232.000000,0.000000,0.000000,0.000000
1051763.000000,32232.000000,0.000000,0.000000,0.000000
1051773.000000,32232.000000,0.000000,0.000000,0.000000
1051783.000000,32232.000000,0.000000,0.000000,0.000000
1051793.000000,32232.000000,0.000000,0.000000,0.000000
1051803.000000,32232.000000,0.000000,0.000000,0.000000
1051813.000000,32232.000000,0.000000,0.000000,0.000000
1051823.000000,32232.000000,0.000000,0.000000,0.000000
1051833.000000,32232.000000,0.000000,0.000000,0.000000
1051843.000000,32232.000000,0.000000,0.000000,0.000000
1051853.000000,32232.000000,0.000000,0.000000,0.000000
1051863.000000,32232.000000,0.000000,0.000000,0.000000
1051873.000000,32232.000000,0.000000,0.000000,0.000000
1051883.000000,32232.000000,0.000000,0.000000,0.000000
1051893.000000,32232.000000,0.000000,0.000000,0.000000
1051903.000000,32232.000000,0.000000,0.000000,0.000000
1051913.000000,32232.000000,0.000000,0.000000,0.000000
1051923.000000,32232.000000,0.000000,0.000000,0.000000
1051933.000000,32232.000000,0.000000,0.000000,0.000000
1051943.000000,32232.000000,0.000000,0.000000,0.000000
1051953.000000,32232.000000,0.000000,0.000000,0.000000
1051963.000000,32232.000000,0.000000,0.000000,0.000000
1051973.000000,32232.000000,0.000000,0.000000,0.000000
1051983.000000,32232.000000,0.000000,0.000000,0.000000
1051993.000000,32232.000000,0.000000,0.000000,0.000000
1052003.000000,32232.000000,0.000000,0.000000,0.000000
1052013.000000,32232.000000,0.000000,0.000000,0.000000
1052023.000000,32232.000000,0.000000,0.000000,0.000000
1052033.000000,32232.000000,0.000000,0.000000,0.000000
1052043.000000,32232.000000,0.000000,0.000000,0.000000
1052053.000000,32232.000000,0.000000,0.000000,0.000000
1052063.000000,32232.000000,0.000000,0.000000,0.000000
1052073.000000,32232.000000,0.000000,0.000000,0.000000
1052083.000000,32232.000000,0.000000,0.000000,0.000000
1052093.000000,32232.000000,0.000000,0.000000,0.000000
1052103.000000,32232.000000,0.000000,0.000000,0.000000
1052113.000000,32232.000000,0.000000,0.000000,0.000000
1052123.000000,32232.000000,0.000000,0.000000,0.000000
1052133.000000,32232.000000,0.000000,0.000000,0.000000
1052143.000000,32232.000000,0.000000,0.000000,0.000000
1052153.000000,32232.000000,0.000000,0.000000,0.000000
1052163.000000,32232.000000,0.000000,0.000000,0.000000
1052173.000000,32232.000000,0.000000,0.000000,0.000000
1052183.000000,32232.000000,0.000000,0.000000,0.000000
1052193.000000,32232.000000,0.000000,0.000000,0.000000
1052203.000000,32232.000000,0.000000,0.000000,0.000000
1052213.000000,32232.000000,0.000000,0.000000,0.000000
1052223.000000,32232.000000,0.000000,0.000000,0.000000
1052233.000000,32232.000000,0.000000,0.000000,0.000000
1052243.000000,32232.000000,0.000000,0.000000,0.000000
1052253.000000,32232.000000,0.000000,0.000000,0.000000
1052263.000000,32232.000000,0.000000,0.000000,0.000000
1052273.000000,32232.000000,0.000000,0.000000,0.000000
1052283.000000,32232.000000,0.000000,0.000000,0.000000
1052293.000000,32232.000000,0.000000,0.000000,0.000000
1052303.000000,32232.000000,0.000000,0.000000,0.000000
1052313.000000,32232.000000,0.000000,0.000000,0.000000
1052323.000000,32232.000000,0.000000,0.000000,0.000000
1052333.000000,32232.000000,0.000000,0.000000,0.000000
1052343.000000,32232.000000,0.000000,0.000000,0.000000
1052353.000000,32232.000000,0.000000,0.000000,0.000000
1052363.000000,32232.000000,0.000000,0.000000,0.000000
1052373.000000,32232.000000,0.000000,0.000000,0.000000
1052383.000000,32232.000000,0.000000,0.000000,0.000000
1052393.000000,32232.000000,0.000000,0.000000,0.000000
1052403.000000,32232.000000,0.000000,0.000000,0.000000
1052413.000000,32232.000000,0.000000,0.000000,0.000000
1052423.000000,32232.000000,0.000000,0.000000,0.000000
1052433.000000,32232.000000,0.000000,0.000000,0.000000
1052443.000000,32232.000000,0.000000,0.000000,0.000000
1052453.000000,32232.000000,0.000000,0.000000,0.000000
1052463.000000,32232.000000,0.000000,0.000000,0.000000
1052473.000000,32232.000000,0.000000,0.000000,0.000000
1052483.000000,32232.000000,0.000000,0.000000,0.000000
1052493.000000,32232.000000,0.000000,0.000000,0.000000
1052503.000000,32232.000000,0.000000,0.000000,0.000000
1052513.000000,32232.000000,0.000000,0.000000,0.000000
1052523.000000,32232.000000,0.000000,0.000000,0.000000
1052533.000000,32232.000000,0.000000,0.000000,0.000000
1052543.000000,32232.000000,0.000000,0.000000,0.000000
1052553.000000,32232.000000,0.000000,0.000000,0.000000
1052563.000000,32232.000000,0.000000,0.000000,0.000000
1052573.000000,32232.000000,0.000000,0.000000,0.000000
1052583.000000,32232.000000,0.000000,0.000000,0.000000
1052593.000000,32232.000000,0.000000,0.000000,0.000000
1052603.000000,32232.000000,0.000000,0.000000,0.000000
1052613.000000,32232.000000,0.000000,0.000000,0.000000
1052623.000000,32232.000000,0.000000,0.000000,0.000000
1052633.000000,32232.000000,0.000000,0.000000,0.000000
1052643.000000,32232.000000,0.000000,0.000000,0.000000
1052653.000000,32232.000000,0.000000,0.000000,0.000000
1052663.000000,32232.000000,0.000000,0.000000,0.000000
1052673.000000,32232.000000,0.000000,0.000000,0.000000
1052683.000000,32232.000000,0.000000,0.000000,0.000000
1052693.000000,32232.000000,0.000000,0.000000,0.000000
1052703.000000,32232.000000,0.000000,0.000000,0.000000
1052713.000000,32232.000000,0.000000,0.000000,0.000000
1052723.000000,32232.000000,0.000000,0.000000,0.000000
1052733.000000,32232.000000,0.000000,0.000000,0.000000
1052743.000000,32232.000000,0.000000,0.000000,0.000000
1052753.000000,32232.000000,0.000000,0.000000,0.000000
1052763.000000,32232.000000,0.000000,0.000000,0.000000
1052773.000000,32232.000000,0.000000,0.000000,0.000000
1052783.000000,32232.000000,0.000000,0.000000,0.000000
1052793.000000,32232.000000,0.000000,0.000000,0.000000
1052803.000000,32232.000000,0.000000,0.000000,0.000000
1052813.000000,32232.000000,0.000000,0.000000,0.000000
1052823.000000,32232.000000,0.000000,0.000000,0.000000
1052833.000000,32232.000000,0.000000,0.000000,0.000000
1052843.000000,32232.000000,0.000000,0.000000,0.000000
1052853.000000,32232.000000,0.000000,0.000000,0.000000
1052863.000000,32232.000000,0.000000,0.000000,0.000000
1052873.000000,32232.000000,0.000000,0.000000,0.000000
1052883.000000,32232.000000,0.000000,0.000000,0.000000
1052893.000000,32232.000000,0.000000,0.000000,0.000000
1052903.000000,32232.000000,0.000000,0.000000,0.000000
1052913.000000,32232.000000,0.000000,0.000000,0.000000
1052923.000000,32232.000000,0.000000,0.000000,0.000000
1052933.000000,32232.000000,0.000000,0.000000,0.000000
1052943.000000,32232.000000,0.000000,0.000000,0.000000
1052953.000000,32232.000000,0.000000,0.000000,0.000000
1052963.000000,32232.000000,0.000000,0.000000,0.000000
1052973.000000,32232.000000,0.000000,0.000000,0.000000
1052983.000000,32232.000000,0.000000,0.000000,0.000000
1052993.000000,32232.000000,0.000000,0.000000,0.000000
1053003.000000,32232.000000,0.000000,0.000000,0.000000
1053013.000000,32232.000000,0.000000,0.000000,0.000000
1053023.000000,32232.000000,0.000000,0.000000,0.000000
1053033.000000,32232.000000,0.000000,0.000000,0.000000
1053043.000000,32232.000000,0.000000,0.000000,0.000000
1053053.000000,32232.000000,0.000000,0.000000,0.000000
1053063.000000,32232.000000,0.000000,0.000000,0.000000
1053073.000000,32232.000000,0.000000,0.000000,0.000000
1053083.000000,32232.000000,0.000000,0.000000,0.000000
1053093.000000,32232.000000,0.000000,0.000000,0.000000
1053103.000000,32232.000000,0.000000,0.000000,0.000000
1053113.000000,32232.000000,0.000000,0.000000,0.000000
1053123.000000,32232.000000,0.000000,0.000000,0.000000
1053133.000000,32232.000000,0.000000,0.000000,0.000000
1053143.000000,32232.000000,0.000000,0.000000,0.000000
1053153.000000,32232.000000,0.000000,0.000000,0.000000
1053163.000000,32232.000000,0.000000,0.000000,0.000000
1053173.000000,32232.000000,0.000000,0.000000,0.000000
1053183.000000,32232.000000,0.000000,0.000000,0.000000
1053193.000000,32232.000000,0.000000,0.000000,0.000000
1053203.000000,32232.000000,0.000000,0.000000,0.000000
1053213.000000,32232.000000,0.000000,0.000000,0.000000
1053223.000000,32232.000000,0.000000,0.000000,0.000000
1053233.000000,32232.000000,0.000000,0.000000,0.000000
1053243.000000,32232.000000,0.000000,0.000000,0.000000
1053253.000000,32232.000000,0.000000,0.000000,0.000000
1053263.000000,32232.000000,0.000000,0.000000,0.000000
1053273.000000,32232.000000,0.000000,0.000000,0.000000
1053283.000000,32232.000000,0.000000,0.000000,0.000000
1053293.000000,32232.000000,0.000000,0.000000,0.000000
1053303.000000,32232.000000,0.000000,0.000000,0.000000
1053313.000000,32232.000000,0.000000,0.000000,0.000000
1053323.000000,32232.000000,0.000000,0.000000,0.000000
1053333.000000,32232.000000,0.000000,0.000000,0.000000
1053343.000000,32232.000000,0.000000,0.000000,0.000000
1053353.000000,32232.000000,0.000000,0.000000,0.000000
1053363.000000,32232.000000,0.000000,0.000000,0.000000
1053373.000000,32232.000000,0.000000,0.000000,0.000000
1053383.000000,32232.000000,0.000000,0.000000,0.000000
1053393.000000,32232.000000,0.000000,0.000000,0.000000
1053403.000000,32232.000000,0.000000,0.000000,0.000000
1053413.000000,32232.000000,0.000000,0.000000,0.000000
1053423.000000,32232.000000,0.000000,0.000000,0.000000
1053433.000000,32232.000000,0.000000,0.000000,0.000000
1053443.000000,32232.000000,0.000000,0.000000,0.000000
1053453.000000,32232.000000,0.000000,0.000000,0.000000
1053463.000000,32232.000000,0.000000,0.000000,0.000000
1053473.000000,32232.000000,0.000000,0.000000,0.000000
1053483.000000,32232.000000,0.000000,0.000000,0.000000
1053493.000000,32232.000000,0.000000,0.000000,0.000000
1053503.000000,32232.000000,0.000000,0.000000,0.000000
1053513.000000,32232.000000,0.000000,0.000000,0.000000
1053523.000000,32232.000000,0.000000,0.000000,0.000000
1053533.000000,32232.000000,0.000000,0.000000,0.000000
1053543.000000,32232.000000,0.000000,0.000000,0.000000
1053553.000000,32232.000000,0.000000,0.000000,0.000000
1053563.000000,32232.000000,0.000000,0.000000,0.000000
1053573.000000,32232.000000,0.000000,0.000000,0.000000
1053583.000000,32232.000000,0.000000,0.000000,0.000000
1053593.000000,32232.000000,0.000000,0.000000,0.000000
1053603.000000,32232.000000,0.000000,0.000000,0.000000
1053613.000000,32232.000000,0.000000,0.000000,0.000000
1053623.000000,32232.000000,0.000000,0.000000,0.000000
1053633.000000,32232.000000,0.000000,0.000000,0.000000
1053643.000000,32232.000000,0.000000,0.000000,0.000000
1053653.000000,32232.000000,0.000000,0.000000,0.000000
1053663.000000,32232.000000,0.000000,0.000000,0.000000
1053673.000000,32232.000000,0.000000,0.000000,0.000000
1053683.000000,32232.000000,0.000000,0.000000,0.000000
1053693.000000,32232.000000,0.000000,0.000000,0.000000
1053703.000000,32232.000000,0.000000,0.000000,0.000000
1053713.000000,32232.000000,0.000000,0.000000,0.000000
1053723.000000,32232.000000,0.000000,0.000000,0.000000
1053733.000000,32232.000000,0.000000,0.000000,0.000000
1053743.000000,32232.000000,0.000000,0.000000,0.000000
1053753.000000,32232.000000,0.000000,0.000000,0.000000
1053763.000000,32232.000000,0.000000,0.000000,0.000000
1053773.000000,32232.000000,0.000000,0.000000,0.000000
1053783.000000,32232.000000,0.000000,0.000000,0.000000
1053793.000000,32232.000000,0.000000,0.000000,0.000000
1053803.000000,32232.000000,0.000000,0.000000,0.000000
1053813.000000,32232.000000,0.000000,0.000000,0.000000
1053823.000000,32232.000000,0.000000,0.000000,0.000000
1053833.000000,32232.000000,0.000000,0.000000,0.000000
1053843.000000,32232.000000,0.000000,0.000000,0.000000
1053853.000000,32232.000000,0.000000,0.000000,0.000000
1053863.000000,32232.000000,0.000000,0.000000,0.000000
1053873.000000,32232.000000,0.000000,0.000000,0.000000
1053883.000000,32232.000000,0.000000,0.000000,0.000000
1053893.000000,32232.000000,0.000000,0.000000,0.000000
1053903.000000,32232.000000,0.000000,0.000000,0.000000
1053913.000000,32232.000000,0.000000,0.000000,0.000000
1053923.000000,32232.000000,0.000000,0.000000,0.000000
1053933.000000,32232.000000,0.000000,0.000000,0.000000
1053943.000000,32232.000000,0.000000,0.000000,0.000000
1053953.000000,32232.000000,0.000000,0.000000,0.000000
1053963.000000,32232.000000,0.000000,0.000000,0.000000
1053973.000000,32232.000000,0.000000,0.000000,0.000000
1053983.000000,32232.000000,0.000000,0.000000,0.000000
1053993.000000,32232.000000,0.000000,0.000000,0.000000
1054003.000000,32232.000000,0.000000,0.000000,0.000000
1054013.000000,32232.000000,0.000000,0.000000,0.000000
1054023.000000,32232.000000,0.000000,0.000000,0.000000
1054033.000000,32232.000000,0.000000,0.000000,0.000000
1054043.000000,32232.000000,0.000000,0.000000,0.000000
1054053.000000,32232.000000,0.000000,0.000000,0.000000
1054063.000000,32232.000000,0.000000,0.000000,0.000000
1054073.000000,32232.000000,0.000000,0.000000,0.000000
1054083.000000,32232.000000,0.000000,0.000000,0.000000
1054093.000000,32232.000000,0.000000,0.000000,0.000000
1054103.000000,32232.000000,0.000000,0.000000,0.000000
1054113.000000,32232.000000,0.000000,0.000000,0.000000
1054123.000000,32232.000000,0.000000,0.000000,0.000000
1054133.000000,32232.000000,0.000000,0.000000,0.000000
1054143.000000,32232.000000,0.000000,0.000000,0.000000
1054153.000000,32232.000000,0.000000,0.000000,0.000000
1054163.000000,32232.000000,0.000000,0.000000,0.000000
1054173.000000,32232.000000,0.000000,0.000000,0.000000
1054183.000000,32232.000000,0.000000,0.000000,0.000000
1054193.000000,32232.000000,0.000000,0.000000,0.000000
1054203.000000,32232.000000,0.000000,0.000000,0.000000
1054213.000000,32232.000000,0.000000,0.000000,0.000000
1054223.000000,32232.000000,0.000000,0.000000,0.000000
1054233.000000,32232.000000,0.000000,0.000000,0.000000
1054243.000000,32232.000000,0.000000,0.000000,0.000000
1054253.000000,32232.000000,0.000000,0.000000,0.000000
1054263.000000,32232.000000,0.000000,0.000000,0.000000
1054273.000000,32232.000000,0.000000,0.000000,0.000000
1054283.000000,32232.000000,0.000000,0.000000,0.000000
1054293.000000,32232.000000,0.000000,0.000000,0.000000
1054303.000000,32232.000000,0.000000,0.000000,0.000000
1054313.000000,32232.000000,0.000000,0.000000,0.000000
1054323.000000,32232.000000,0.000000,0.000000,0.000000
1054333.000000,32232.000000,0.000000,0.000000,0.000000
1054343.000000,32232.000000,0.000000,0.000000,0.000000
1054353.000000,32232.000000,0.000000,0.000000,0.000000
1054363.000000,32232.000000,0.000000,0.000000,0.000000
1054373.000000,32232.000000,0.000000,0.000000,0.000000
1054383.000000,32232.000000,0.000000,0.000000,0.000000
1054393.000000,32232.000000,0.000000,0.000000,0.000000
1054403.000000,32232.000000,0.000000,0.000000,0.000000
1054413.000000,32232.000000,0.000000,0.000000,0.000000
1054423.000000,32232.000000,0.000000,0.000000,0.000000
1054433.000000,32232.000000,0.000000,0.000000,0.000000
1054443.000000,32232.000000,0.000000,0.000000,0.000000
1054453.000000,32232.000000,0.000000,0.000000,0.000000
1054463.000000,32232.000000,0.000000,0.000000,0.000000
1054473.000000,32232.000000,0.000000,0.000000,0.000000
1054483.000000,32232.000000,0.000000,0.000000,0.000000
1054493.000000,32232.000000,0.000000,0.000000,0.000000
1054503.000000,32232.000000,0.000000,0.000000,0.000000
1054513.000000,32232.000000,0.000000,0.000000,0.000000
1054523.000000,32232.000000,0.000000,0.000000,0.000000
1054533.000000,32232.000000,0.000000,0.000000,0.000000
1054543.000000,32232.000000,0.000000,0.000000,0.000000
1054553.000000,32232.000000,0.000000,0.000000,0.000000
1054563.000000,32232.000000,0.000000,0.000000,0.000000
1054573.000000,32232.000000,0.000000,0.000000,0.000000
1054583.000000,32232.000000,0.000000,0.000000,0.000000
1054593.000000,32232.000000,0.000000,0.000000,0.000000
1054603.000000,32232.000000,0.000000,0.000000,0.000000
1054613.000000,32232.000000,0.000000,0.000000,0.000000
1054623.000000,32232.000000,0.000000,0.000000,0.000000
1054633.000000,32232.000000,0.000000,0.000000,0.000000
1054643.000000,32232.000000,0.000000,0.000000,0.000000
1054653.000000,32232.000000,0.000000,0.000000,0.000000
1054663.000000,32232.000000,0.000000,0.000000,0.000000
1054673.000000,32232.000000,0.000000,0.000000,0.000000
1054683.000000,32232.000000,0.000000,0.000000,0.000000
1054693.000000,32232.000000,0.000000,0.000000,0.000000
1054703.000000,32232.000000,0.000000,0.000000,0.000000
1054713.000000,32232.000000,0.000000,0.000000,0.000000
1054723.000000,32232.000000,0.000000,0.000000,0.000000
1054733.000000,32232.000000,0.000000,0.000000,0.000000
1054743.000000,32232.000000,0.000000,0.000000,0.000000
1054753.000000,32232.000000,0.000000,0.000000,0.000000
1054763.000000,32232.000000,0.000000,0.000000,0.000000
1054773.000000,32232.000000,0.000000,0.000000,0.000000
1054783.000000,32232.000000,0.000000,0.000000,0.000000
1054793.000000,32232.000000,0.000000,0.000000,0.000000
1054803.000000,32232.000000,0.000000,0.000000,0.000000
1054813.000000,32232.000000,0.000000,0.000000,0.000000
1054823.000000,32232.000000,0.000000,0.000000,0.000000
1054833.000000,32232.000000,0.000000,0.000000,0.000000
1054843.000000,32232.000000,0.000000,0.000000,0.000000
1054853.000000,32232.000000,0.000000,0.000000,0.000000
1054863.000000,32232.000000,0.000000,0.000000,0.000000
1054873.000000,32232.000000,0.000000,0.000000,0.000000
1054883.000000,32232.000000,0.000000,0.000000,0.000000
1054893.000000,32232.000000,0.000000,0.000000,0.000000
1054903.000000,32232.000000,0.000000,0.000000,0.000000
1054913.000000,32232.000000,0.000000,0.000000,0.000000
1054923.000000,32232.000000,0.000000,0.000000,0.000000
1054933.000000,32232.000000,0.000000,0.000000,0.000000
1054943.000000,32232.000000,0.000000,0.000000,0.000000
1054953.000000,32232.000000,0.000000,0.000000,0.000000
1054963.000000,32232.000000,0.000000,0.000000,0.000000
1054973.000000,32232.000000,0.000000,0.000000,0.000000
1054983.000000,32232.000000,0.000000,0.000000,0.000000
1054993.000000,32232.000000,0.000000,0.000000,0.000000
1055003.000000,32232.000000,0.000000,0.000000,0.000000
1055013.000000,32232.000000,0.000000,0.000000,0.000000
1055023.000000,32232.000000,0.000000,0.000000,0.000000
1055033.000000,32232.000000,0.000000,0.000000,0.000000
1055043.000000,32232.000000,0.000000,0.000000,0.000000
1055053.000000,32232.000000,0.000000,0.000000,0.000000
1055063.000000,32232.000000,0.000000,0.000000,0.000000
1055073.000000,32232.000000,0.000000,0.000000,0.000000
1055083.000000,32232.000000,0.000000,0.000000,0.000000
1055093.000000,32232.000000,0.000000,0.000000,0.000000
1055103.000000,32232.000000,0.000000,0.000000,0.000000
1055113.000000,32232.000000,0.000000,0.000000,0.000000
1055123.000000,32232.000000,0.000000,0.000000,0.000000
1055133.000000,32232.000000,0.000000,0.000000,0.000000
1055143.000000,32232.000000,0.000000,0.000000,0.000000
1055153.000000,32232.000000,0.000000,0.000000,0.000000
1055163.000000,32232.000000,0.000000,0.000000,0.000000
1055173.000000,32232.000000,0.000000,0.000000,0.000000
1055183.000000,32232.000000,0.000000,0.000000,0.000000
1055193.000000,32232.000000,0.000000,0.000000,0.000000
1055203.000000,32232.000000,0.000000,0.000000,0.000000
1055213.000000,32232.000000,0.000000,0.000000,0.000000
1055223.000000,32232.000000,0.000000,0.000000,0.000000
1055233.000000,32232.000000,0.000000,0.000000,0.000000
1055243.000000,32232.000000,0.000000,0.000000,0.000000
1055253.000000,32232.000000,0.000000,0.000000,0.000000
1055263.000000,32232.000000,0.000000,0.000000,0.000000
1055273.000000,32232.000000,0.000000,0.000000,0.000000
1055283.000000,32232.000000,0.000000,0.000000,0.000000
1055293.000000,32232.000000,0.000000,0.000000,0.000000
1055303.000000,32232.000000,0.000000,0.000000,0.000000
1055313.000000,32232.000000,0.000000,0.000000,0.000000
1055323.000000,32232.000000,0.000000,0.000000,0.000000
1055333.000000,32232.000000,0.000000,0.000000,0.000000
1055343.000000,32232.000000,0.000000,0.000000,0.000000
1055353.000000,32232.000000,0.000000,0.000000,0.000000
1055363.000000,32232.000000,0.000000,0.000000,0.000000
1055373.000000,32232.000000,0.000000,0.000000,0.000000
1055383.000000,32232.000000,0.000000,0.000000,0.000000
1055393.000000,32232.000000,0.000000,0.000000,0.000000
1055403.000000,32232.000000,0.000000,0.000000,0.000000
1055413.000000,32232.000000,0.000000,0.000000,0.000000
1055423.000000,32232.000000,0.000000,0.000000,0.000000
1055433.000000,32232.000000,0.000000,0.000000,0.000000
1055443.000000,32232.000000,0.000000,0.000000,0.000000
1055453.000000,32232.000000,0.000000,0.000000,0.000000
1055463.000000,32232.000000,0.000000,0.000000,0.000000
1055473.000000,32232.000000,0.000000,0.000000,0.000000
1055483.000000,32232.000000,0.000000,0.000000,0.000000
1055493.000000,32232.000000,0.000000,0.000000,0.000000
1055503.000000,32232.000000,0.000000,0.000000,0.000000
1055513.000000,32232.000000,0.000000,0.000000,0.000000
1055523.000000,32232.000000,0.000000,0.000000,0.000000
1055533.000000,32232.000000,0.000000,0.000000,0.000000
1055543.000000,32232.000000,0.000000,0.000000,0.000000
1055553.000000,32232.000000,0.000000,0.000000,0.000000
1055563.000000,32232.000000,0.000000,0.000000,0.000000
1055573.000000,32232.000000,0.000000,0.000000,0.000000
1055583.000000,32232.000000,0.000000,0.000000,0.000000
1055593.000000,32232.000000,0.000000,0.000000,0.000000
1055603.000000,32232.000000,0.000000,0.000000,0.000000
1055613.000000,32232.000000,0.000000,0.000000,0.000000
1055623.000000,32232.000000,0.000000,0.000000,0.000000
1055633.000000,32232.000000,0.000000,0.000000,0.000000
1055643.000000,32232.000000,0.000000,0.000000,0.000000
1055653.000000,32232.000000,0.000000,0.000000,0.000000
1055663.000000,32232.000000,0.000000,0.000000,0.000000
1055673.000000,32232.000000,0.000000,0.000000,0.000000
1055683.000000,32232.000000,0.000000,0.000000,0.000000
1055693.000000,32232.000000,0.000000,0.000000,0.000000
1055703.000000,32232.000000,0.000000,0.000000,0.000000
1055713.000000,32232.000000,0.000000,0.000000,0.000000
1055723.000000,32232.000000,0.000000,0.000000,0.000000
1055733.000000,32232.000000,0.000000,0.000000,0.000000
1055743.000000,32232.000000,0.000000,0.000000,0.000000
1055753.000000,32232.000000,0.000000,0.000000,0.000000
1055763.000000,32232.000000,0.000000,0.000000,0.000000
1055773.000000,32232.000000,0.000000,0.000000,0.000000
1055783.000000,32232.000000,0.000000,0.000000,0.000000
1055793.000000,32232.000000,0.000000,0.000000,0.000000
1055803.000000,32232.000000,0.000000,0.000000,0.000000
1055813.000000,32232.000000,0.000000,0.000000,0.000000
1055823.000000,32232.000000,0.000000,0.000000,0.000000
1055833.000000,32232.000000,0.000000,0.000000,0.000000
1055843.000000,32232.000000,0.000000,0.000000,0.000000
1055853.000000,32232.000000,0.000000,0.000000,0.000000
1055863.000000,32232.000000,0.000000,0.000000,0.000000
1055873.000000,32232.000000,0.000000,0.000000,0.000000
1055883.000000,32232.000000,0.000000,0.000000,0.000000
1055893.000000,32232.000000,0.000000,0.000000,0.000000
1055903.000000,32232.000000,0.000000,0.000000,0.000000
1055913.000000,32232.000000,0.000000,0.000000,0.000000
1055923.000000,32232.000000,0.000000,0.000000,0.000000
1055933.000000,32232.000000,0.000000,0.000000,0.000000
1055943.000000,32232.000000,0.000000,0.000000,0.000000
1055953.000000,32232.000000,0.000000,0.000000,0.000000
1055963.000000,32232.000000,0.000000,0.000000,0.000000
1055973.000000,32232.000000,0.000000,0.000000,0.000000
1055983.000000,32232.000000,0.000000,0.000000,0.000000
1055993.000000,32232.000000,0.000000,0.000000,0.000000
1056003.000000,32232.000000,0.000000,0.000000,0.000000
1056013.000000,32232.000000,0.000000,0.000000,0.000000
1056023.000000,32232.000000,0.000000,0.000000,0.000000
1056033.000000,32232.000000,0.000000,0.000000,0.000000
1056043.000000,32232.000000,0.000000,0.000000,0.000000
1056053.000000,32232.000000,0.000000,0.000000,0.000000
1056063.000000,32232.000000,0.000000,0.000000,0.000000
1056073.000000,32232.000000,0.000000,0.000000,0.000000
1056083.000000,32232.000000,0.000000,0.000000,0.000000
1056093.000000,32232.000000,0.000000,0.000000,0.000000
1056103.000000,32232.000000,0.000000,0.000000,0.000000
1056113.000000,32232.000000,0.000000,0.000000,0.000000
1056123.000000,32232.000000,0.000000,0.000000,0.000000
1056133.000000,32232.000000,0.000000,0.000000,0.000000
1056143.000000,32232.000000,0.000000,0.000000,0.000000
1056153.000000,32232.000000,0.000000,0.000000,0.000000
1056163.000000,32232.000000,0.000000,0.000000,0.000000
1056173.000000,32232.000000,0.000000,0.000000,0.000000
1056183.000000,32232.000000,0.000000,0.000000,0.000000
1056193.000000,32232.000000,0.000000,0.000000,0.000000
1056203.000000,32232.000000,0.000000,0.000000,0.000000
1056213.000000,32232.000000,0.000000,0.000000,0.000000
1056223.000000,32232.000000,0.000000,0.000000,0.000000
1056233.000000,32232.000000,0.000000,0.000000,0.000000
1056243.000000,32232.000000,0.000000,0.000000,0.000000
1056253.000000,32232.000000,0.000000,0.000000,0.000000
1056263.000000,32232.000000,0.000000,0.000000,0.000000
1056273.000000,32232.000000,0.000000,0.000000,0.000000
1056283.000000,32232.000000,0.000000,0.000000,0.000000
1056293.000000,32232.000000,0.000000,0.000000,0.000000
1056303.000000,32232.000000,0.000000,0.000000,0.000000
1056313.000000,32232.000000,0.000000,0.000000,0.000000
1056323.000000,32232.000000,0.000000,0.000000,0.000000
1056333.000000,32232.000000,0.000000,0.000000,0.000000
1056343.000000,32232.000000,0.000000,0.000000,0.000000
1056353.000000,32232.000000,0.000000,0.000000,0.000000
1056363.000000,32232.000000,0.000000,0.000000,0.000000
1056373.000000,32232.000000,0.000000,0.000000,0.000000
1056383.000000,32232.000000,0.000000,0.000000,0.000000
1056393.000000,32232.000000,0.000000,0.000000,0.000000
1056403.000000,32232.000000,0.000000,0.000000,0.000000
1056413.000000,32232.000000,0.000000,0.000000,0.000000
1056423.000000,32232.000000,0.000000,0.000000,0.000000
1056433.000000,32232.000000,0.000000,0.000000,0.000000
1056443.000000,32232.000000,0.000000,0.000000,0.000000
1056453.000000,32232.000000,0.000000,0.000000,0.000000
1056463.000000,32232.000000,0.000000,0.000000,0.000000
1056473.000000,32232.000000,0.000000,0.000000,0.000000
1056483.000000,32232.000000,0.000000,0.000000,0.000000
1056493.000000,32232.000000,0.000000,0.000000,0.000000
1056503.000000,32232.000000,0.000000,0.000000,0.000000
1056513.000000,32232.000000,0.000000,0.000000,0.000000
1056523.000000,32232.000000,0.000000,0.000000,0.000000
1056533.000000,32232.000000,0.000000,0.000000,0.000000
1056543.000000,32232.000000,0.000000,0.000000,0.000000
1056553.000000,32232.000000,0.000000,0.000000,0.000000
1056563.000000,32232.000000,0.000000,0.000000,0.000000
1056573.000000,32232.000000,0.000000,0.000000,0.000000
1056583.000000,32232.000000,0.000000,0.000000,0.000000
1056593.000000,32232.000000,0.000000,0.000000,0.000000
1056603.000000,32232.000000,0.000000,0.000000,0.000000
1056613.000000,32232.000000,0.000000,0.000000,0.000000
1056623.000000,32232.000000,0.000000,0.000000,0.000000
1056633.000000,32232.000000,0.000000,0.000000,0.000000
1056643.000000,32232.000000,0.000000,0.000000,0.000000
1056653.000000,32232.000000,0.000000,0.000000,0.000000
1056663.000000,32232.000000,0.000000,0.000000,0.000000
1056673.000000,32232.000000,0.000000,0.000000,0.000000
1056683.000000,32232.000000,0.000000,0.000000,0.000000
1056693.000000,32232.000000,0.000000,0.000000,0.000000
1056703.000000,32232.000000,0.000000,0.000000,0.000000
1056713.000000,32232.000000,0.000000,0.000000,0.000000
1056723.000000,32232.000000,0.000000,0.000000,0.000000
1056733.000000,32232.000000,0.000000,0.000000,0.000000
1056743.000000,32232.000000,0.000000,0.000000,0.000000
1056753.000000,32232.000000,0.000000,0.000000,0.000000
1056763.000000,32232.000000,0.000000,0.000000,0.000000
1056773.000000,32232.000000,0.000000,0.000000,0.000000
1056783.000000,32232.000000,0.000000,0.000000,0.000000
1056793.000000,32232.000000,0.000000,0.000000,0.000000
1056803.000000,32232.000000,0.000000,0.000000,0.000000
1056813.000000,32232.000000,0.000000,0.000000,0.000000
1056823.000000,32232.000000,0.000000,0.000000,0.000000
1056833.000000,32232.000000,0.000000,0.000000,0.000000
1056843.000000,32232.000000,0.000000,0.000000,0.000000
1056853.000000,32232.000000,0.000000,0.000000,0.000000
1056863.000000,32232.000000,0.000000,0.000000,0.000000
1056873.000000,32232.000000,0.000000,0.000000,0.000000
1056883.000000,32232.000000,0.000000,0.000000,0.000000
1056893.000000,32232.000000,0.000000,0.000000,0.000000
1056903.000000,32232.000000,0.000000,0.000000,0.000000
1056913.000000,32232.000000,0.000000,0.000000,0.000000
1056923.000000,32232.000000,0.000000,0.000000,0.000000
1056933.000000,32232.000000,0.000000,0.000000,0.000000
1056943.000000,32232.000000,0.000000,0.000000,0.000000
1056953.000000,32232.000000,0.000000,0.000000,0.000000
1056963.000000,32232.000000,0.000000,0.000000,0.000000
1056973.000000,32232.000000,0.000000,0.000000,0.000000
1056983.000000,32232.000000,0.000000,0.000000,0.000000
1056993.000000,32232.000000,0.000000,0.000000,0.000000
1057003.000000,32232.000000,0.000000,0.000000,0.000000
1057013.000000,32232.000000,0.000000,0.000000,0.000000
1057023.000000,32232.000000,0.000000,0.000000,0.000000
1057033.000000,32232.000000,0.000000,0.000000,0.000000
1057043.000000,32232.000000,0.000000,0.000000,0.000000
1057053.000000,32232.000000,0.000000,0.000000,0.000000
1057063.000000,32232.000000,0.000000,0.000000,0.000000
1057073.000000,32232.000000,0.000000,0.000000,0.000000
1057083.000000,32232.000000,0.000000,0.000000,0.000000
1057093.000000,32232.000000,0.000000,0.000000,0.000000
1057103.000000,32232.000000,0.000000,0.000000,0.000000
1057113.000000,32232.000000,0.000000,0.000000,0.000000
1057123.000000,32232.000000,0.000000,0.000000,0.000000
1057133.000000,32232.000000,0.000000,0.000000,0.000000
1057143.000000,32232.000000,0.000000,0.000000,0.000000
1057153.000000,32232.000000,0.000000,0.000000,0.000000
1057163.000000,32232.000000,0.000000,0.000000,0.000000
1057173.000000,32232.000000,0.000000,0.000000,0.000000
1057183.000000,32232.000000,0.000000,0.000000,0.000000
1057193.000000,32232.000000,0.000000,0.000000,0.000000
1057203.000000,32232.000000,0.000000,0.000000,0.000000
1057213.000000,32232.000000,0.000000,0.000000,0.000000
1057223.000000,32232.000000,0.000000,0.000000,0.000000
1057233.000000,32232.000000,0.000000,0.000000,0.000000
1057243.000000,32232.000000,0.000000,0.000000,0.000000
1057253.000000,32232.000000,0.000000,0.000000,0.000000
1057263.000000,32232.000000,0.000000,0.000000,0.000000
1057273.000000,32232.000000,0.000000,0.000000,0.000000
1057283.000000,32232.000000,0.000000,0.000000,0.000000
1057293.000000,32232.000000,0.000000,0.000000,0.000000
1057303.000000,32232.000000,0.000000,0.000000,0.000000
1057313.000000,32232.000000,0.000000,0.000000,0.000000
1057323.000000,32232.000000,0.000000,0.000000,0.000000
1057333.000000,32232.000000,0.000000,0.000000,0.000000
1057343.000000,32232.000000,0.000000,0.000000,0.000000
1057353.000000,32232.000000,0.000000,0.000000,0.000000
1057363.000000,32232.000000,0.000000,0.000000,0.000000
1057373.000000,32232.000000,0.000000,0.000000,0.000000
1057383.000000,32232.000000,0.000000,0.000000,0.000000
1057393.000000,32232.000000,0.000000,0.000000,0.000000
1057403.000000,32232.000000,0.000000,0.000000,0.000000
1057413.000000,32232.000000,0.000000,0.000000,0.000000
1057423.000000,32232.000000,0.000000,0.000000,0.000000
1057433.000000,32232.000000,0.000000,0.000000,0.000000
1057443.000000,32232.000000,0.000000,0.000000,0.000000
1057453.000000,32232.000000,0.000000,0.000000,0.000000
1057463.000000,32232.000000,0.000000,0.000000,0.000000
1057473.000000,32232.000000,0.000000,0.000000,0.000000
1057483.000000,32232.000000,0.000000,0.000000,0.000000
1057493.000000,32232.000000,0.000000,0.000000,0.000000
1057503.000000,32232.000000,0.000000,0.000000,0.000000
1057513.000000,32232.000000,0.000000,0.000000,0.000000
1057523.000000,32232.000000,0.000000,0.000000,0.000000
1057533.000000,32232.000000,0.000000,0.000000,0.000000
1057543.000000,32232.000000,0.000000,0.000000,0.000000
1057553.000000,32232.000000,0.000000,0.000000,0.000000
1057563.000000,32232.000000,0.000000,0.000000,0.000000
1057573.000000,32232.000000,0.000000,0.000000,0.000000
1057583.000000,32232.000000,0.000000,0.000000,0.000000
1057593.000000,32232.000000,0.000000,0.000000,0.000000
1057603.000000,32232.000000,0.000000,0.000000,0.000000
1057613.000000,32232.000000,0.000000,0.000000,0.000000
1057623.000000,32232.000000,0.000000,0.000000,0.000000
1057633.000000,32232.000000,0.000000,0.000000,0.000000
1057643.000000,32232.000000,0.000000,0.000000,0.000000
1057653.000000,32232.000000,0.000000,0.000000,0.000000
1057663.000000,32232.000000,0.000000,0.000000,0.000000
1057673.000000,32232.000000,0.000000,0.000000,0.000000
1057683.000000,32232.000000,0.000000,0.000000,0.000000
1057693.000000,32232.000000,0.000000,0.000000,0.000000
1057703.000000,32232.000000,0.000000,0.000000,0.000000
1057713.000000,32232.000000,0.000000,0.000000,0.000000
1057723.000000,32232.000000,0.000000,0.000000,0.000000
1057733.000000,32232.000000,0.000000,0.000000,0.000000
1057743.000000,32232.000000,0.000000,0.000000,0.000000
1057753.000000,32232.000000,0.000000,0.000000,0.000000
1057763.000000,32232.000000,0.000000,0.000000,0.000000
1057773.000000,32232.000000,0.000000,0.000000,0.000000
1057783.000000,32232.000000,0.000000,0.000000,0.000000
1057793.000000,32232.000000,0.000000,0.000000,0.000000
1057803.000000,32232.000000,0.000000,0.000000,0.000000
1057813.000000,32232.000000,0.000000,0.000000,0.000000
1057823.000000,32232.000000,0.000000,0.000000,0.000000
1057833.000000,32232.000000,0.000000,0.000000,0.000000
1057843.000000,32232.000000,0.000000,0.000000,0.000000
1057853.000000,32232.000000,0.000000,0.000000,0.000000
1057863.000000,32232.000000,0.000000,0.000000,0.000000
1057873.000000,32232.000000,0.000000,0.000000,0.000000
1057883.000000,32232.000000,0.000000,0.000000,0.000000
1057893.000000,32232.000000,0.000000,0.000000,0.000000
1057903.000000,32232.000000,0.000000,0.000000,0.000000
1057913.000000,32232.000000,0.000000,0.000000,0.000000
1057923.000000,32232.000000,0.000000,0.000000,0.000000
1057933.000000,32232.000000,0.000000,0.000000,0.000000
1057943.000000,32232.000000,0.000000,0.000000,0.000000
1057953.000000,32232.000000,0.000000,0.000000,0.000000
1057963.000000,32232.000000,0.000000,0.000000,0.000000
1057973.000000,32232.000000,0.000000,0.000000,0.000000
1057983.000000,32232.000000,0.000000,0.000000,0.000000
1057993.000000,32232.000000,0.000000,0.000000,0.000000
1058003.000000,32232.000000,0.000000,0.000000,0.000000
1058013.000000,32232.000000,0.000000,0.000000,0.000000
1058023.000000,32232.000000,0.000000,0.000000,0.000000
1058033.000000,32232.000000,0.000000,0.000000,0.000000
1058043.000000,32232.000000,0.000000,0.000000,0.000000
1058053.000000,32232.000000,0.000000,0.000000,0.000000
1058063.000000,32232.000000,0.000000,0.000000,0.000000
1058073.000000,32232.000000,0.000000,0.000000,0.000000
1058083.000000,32232.000000,0.000000,0.000000,0.000000
1058093.000000,32232.000000,0.000000,0.000000,0.000000
1058103.000000,32232.000000,0.000000,0.000000,0.000000
1058113.000000,32232.000000,0.000000,0.000000,0.000000
1058123.000000,32232.000000,0.000000,0.000000,0.000000
1058133.000000,32232.000000,0.000000,0.000000,0.000000
1058143.000000,32232.000000,0.000000,0.000000,0.000000
1058153.000000,32232.000000,0.000000,0.000000,0.000000
1058163.000000,32232.000000,0.000000,0.000000,0.000000
1058173.000000,32232.000000,0.000000,0.000000,0.000000
1058183.000000,32232.000000,0.000000,0.000000,0.000000
1058193.000000,32232.000000,0.000000,0.000000,0.000000
1058203.000000,32232.000000,0.000000,0.000000,0.000000
1058213.000000,32232.000000,0.000000,0.000000,0.000000
1058223.000000,32232.000000,0.000000,0.000000,0.000000
1058233.000000,32232.000000,0.000000,0.000000,0.000000
1058243.000000,32232.000000,0.000000,0.000000,0.000000
1058253.000000,32232.000000,0.000000,0.000000,0.000000
1058263.000000,32232.000000,0.000000,0.000000,0.000000
1058273.000000,32232.000000,0.000000,0.000000,0.000000
1058283.000000,32232.000000,0.000000,0.000000,0.000000
1058293.000000,32232.000000,0.000000,0.000000,0.000000
1058303.000000,32232.000000,0.000000,0.000000,0.000000
1058313.000000,32232.000000,0.000000,0.000000,0.000000
1058323.000000,32232.000000,0.000000,0.000000,0.000000
1058333.000000,32232.000000,0.000000,0.000000,0.000000
1058343.000000,32232.000000,0.000000,0.000000,0.000000
1058353.000000,32232.000000,0.000000,0.000000,0.000000
1058363.000000,32232.000000,0.000000,0.000000,0.000000
1058373.000000,32232.000000,0.000000,0.000000,0.000000
1058383.000000,32232.000000,0.000000,0.000000,0.000000
1058393.000000,32232.000000,0.000000,0.000000,0.000000
1058403.000000,32232.000000,0.000000,0.000000,0.000000
1058413.000000,32232.000000,0.000000,0.000000,0.000000
1058423.000000,32232.000000,0.000000,0.000000,0.000000
1058433.000000,32232.000000,0.000000,0.000000,0.000000
1058443.000000,32232.000000,0.000000,0.000000,0.000000
1058453.000000,32232.000000,0.000000,0.000000,0.000000
1058463.000000,32232.000000,0.000000,0.000000,0.000000
1058473.000000,32232.000000,0.000000,0.000000,0.000000
1058483.000000,32232.000000,0.000000,0.000000,0.000000
1058493.000000,32232.000000,0.000000,0.000000,0.000000
1058503.000000,32232.000000,0.000000,0.000000,0.000000
1058513.000000,32232.000000,0.000000,0.000000,0.000000
1058523.000000,32232.000000,0.000000,0.000000,0.000000
1058533.000000,32232.000000,0.000000,0.000000,0.000000
1058543.000000,32232.000000,0.000000,0.000000,0.000000
1058553.000000,32232.000000,0.000000,0.000000,0.000000
1058563.000000,32232.000000,0.000000,0.000000,0.000000
1058573.000000,32232.000000,0.000000,0.000000,0.000000
1058583.000000,32232.000000,0.000000,0.000000,0.000000
1058593.000000,32232.000000,0.000000,0.000000,0.000000
1058603.000000,32232.000000,0.000000,0.000000,0.000000
1058613.000000,32232.000000,0.000000,0.000000,0.000000
1058623.000000,32232.000000,0.000000,0.000000,0.000000
1058633.000000,32232.000000,0.000000,0.000000,0.000000
1058643.000000,32232.000000,0.000000,0.000000,0.000000
1058653.000000,32232.000000,0.000000,0.000000,0.000000
1058663.000000,32232.000000,0.000000,0.000000,0.000000
1058673.000000,32232.000000,0.000000,0.000000,0.000000
1058683.000000,32232.000000,0.000000,0.000000,0.000000
1058693.000000,32232.000000,0.000000,0.000000,0.000000
1058703.000000,32232.000000,0.000000,0.000000,0.000000
1058713.000000,32232.000000,0.000000,0.000000,0.000000
1058723.000000,32232.000000,0.000000,0.000000,0.000000
1058733.000000,32232.000000,0.000000,0.000000,0.000000
1058743.000000,32232.000000,0.000000,0.000000,0.000000
1058753.000000,32232.000000,0.000000,0.000000,0.000000
1058763.000000,32232.000000,0.000000,0.000000,0.000000
1058773.000000,32232.000000,0.000000,0.000000,0.000000
1058783.000000,32232.000000,0.000000,0.000000,0.000000
1058793.000000,32232.000000,0.000000,0.000000,0.000000
1058803.000000,32232.000000,0.000000,0.000000,0.000000
1058813.000000,32232.000000,0.000000,0.000000,0.000000
1058823.000000,32232.000000,0.000000,0.000000,0.000000
1058833.000000,32232.000000,0.000000,0.000000,0.000000
1058843.000000,32232.000000,0.000000,0.000000,0.000000
1058853.000000,32232.000000,0.000000,0.000000,0.000000
1058863.000000,32232.000000,0.000000,0.000000,0.000000
1058873.000000,32232.000000,0.000000,0.000000,0.000000
1058883.000000,32232.000000,0.000000,0.000000,0.000000
1058893.000000,32232.000000,0.000000,0.000000,0.000000
1058903.000000,32232.000000,0.000000,0.000000,0.000000
1058913.000000,32232.000000,0.000000,0.000000,0.000000
1058923.000000,32232.000000,0.000000,0.000000,0.000000
1058933.000000,32232.000000,0.000000,0.000000,0.000000
1058943.000000,32232.000000,0.000000,0.000000,0.000000
1058953.000000,32232.000000,0.000000,0.000000,0.000000
1058963.000000,32232.000000,0.000000,0.000000,0.000000
1058973.000000,32232.000000,0.000000,0.000000,0.000000
1058983.000000,32232.000000,0.000000,0.000000,0.000000
1058993.000000,32232.000000,0.000000,0.000000,0.000000
1059003.000000,32232.000000,0.000000,0.000000,0.000000
1059013.000000,32232.000000,0.000000,0.000000,0.000000
1059023.000000,32232.000000,0.000000,0.000000,0.000000
1059033.000000,32232.000000,0.000000,0.000000,0.000000
1059043.000000,32232.000000,0.000000,0.000000,0.000000
1059053.000000,32232.000000,0.000000,0.000000,0.000000
1059063.000000,32232.000000,0.000000,0.000000,0.000000
1059073.000000,32232.000000,0.000000,0.000000,0.000000
1059083.000000,32232.000000,0.000000,0.000000,0.000000
1059093.000000,32232.000000,0.000000,0.000000,0.000000
1059103.000000,32232.000000,0.000000,0.000000,0.000000
1059113.000000,32232.000000,0.000000,0.000000,0.000000
1059123.000000,32232.000000,0.000000,0.000000,0.000000
1059133.000000,32232.000000,0.000000,0.000000,0.000000
1059143.000000,32232.000000,0.000000,0.000000,0.000000
1059153.000000,32232.000000,0.000000,0.000000,0.000000
1059163.000000,32232.000000,0.000000,0.000000,0.000000
1059173.000000,32232.000000,0.000000,0.000000,0.000000
1059183.000000,32232.000000,0.000000,0.000000,0.000000
1059193.000000,32232.000000,0.000000,0.000000,0.000000
1059203.000000,32232.000000,0.000000,0.000000,0.000000
1059213.000000,32232.000000,0.000000,0.000000,0.000000
1059223.000000,32232.000000,0.000000,0.000000,0.000000
1059233.000000,32232.000000,0.000000,0.000000,0.000000
1059243.000000,32232.000000,0.000000,0.000000,0.000000
1059253.000000,32232.000000,0.000000,0.000000,0.000000
1059263.000000,32232.000000,0.000000,0.000000,0.000000
1059273.000000,32232.000000,0.000000,0.000000,0.000000
1059283.000000,32232.000000,0.000000,0.000000,0.000000
1059293.000000,32232.000000,0.000000,0.000000,0.000000
1059303.000000,32232.000000,0.000000,0.000000,0.000000
1059313.000000,32232.000000,0.000000,0.000000,0.000000
1059323.000000,32232.000000,0.000000,0.000000,0.000000
1059333.000000,32232.000000,0.000000,0.000000,0.000000
1059343.000000,32232.000000,0.000000,0.000000,0.000000
1059353.000000,32232.000000,0.000000,0.000000,0.000000
1059363.000000,32232.000000,0.000000,0.000000,0.000000
1059373.000000,32232.000000,0.000000,0.000000,0.000000
1059383.000000,32232.000000,0.000000,0.000000,0.000000
1059393.000000,32232.000000,0.000000,0.000000,0.000000
1059403.000000,32232.000000,0.000000,0.000000,0.000000
1059413.000000,32232.000000,0.000000,0.000000,0.000000
1059423.000000,32232.000000,0.000000,0.000000,0.000000
1059433.000000,32232.000000,0.000000,0.000000,0.000000
1059443.000000,32232.000000,0.000000,0.000000,0.000000
1059453.000000,32232.000000,0.000000,0.000000,0.000000
1059463.000000,32232.000000,0.000000,0.000000,0.000000
1059473.000000,32232.000000,0.000000,0.000000,0.000000
1059483.000000,32232.000000,0.000000,0.000000,0.000000
1059493.000000,32232.000000,0.000000,0.000000,0.000000
1059503.000000,32232.000000,0.000000,0.000000,0.000000
1059513.000000,32232.000000,0.000000,0.000000,0.000000
1059523.000000,32232.000000,0.000000,0.000000,0.000000
1059533.000000,32232.000000,0.000000,0.000000,0.000000
1059543.000000,32232.000000,0.000000,0.000000,0.000000
1059553.000000,32232.000000,0.000000,0.000000,0.000000
1059563.000000,32232.000000,0.000000,0.000000,0.000000
1059573.000000,32232.000000,0.000000,0.000000,0.000000
1059583.000000,32232.000000,0.000000,0.000000,0.000000
1059593.000000,32232.000000,0.000000,0.000000,0.000000
1059603.000000,32232.000000,0.000000,0.000000,0.000000
1059613.000000,32232.000000,0.000000,0.000000,0.000000
1059623.000000,32232.000000,0.000000,0.000000,0.000000
1059633.000000,32232.000000,0.000000,0.000000,0.000000
1059643.000000,32232.000000,0.000000,0.000000,0.000000
1059653.000000,32232.000000,0.000000,0.000000,0.000000
1059663.000000,32232.000000,0.000000,0.000000,0.000000
1059673.000000,32232.000000,0.000000,0.000000,0.000000
1059683.000000,32232.000000,0.000000,0.000000,0.000000
1059693.000000,32232.000000,0.000000,0.000000,0.000000
1059703.000000,32232.000000,0.000000,0.000000,0.000000
1059713.000000,32232.000000,0.000000,0.000000,0.000000
1059723.000000,32232.000000,0.000000,0.000000,0.000000
1059733.000000,32232.000000,0.000000,0.000000,0.000000
1059743.000000,32232.000000,0.000000,0.000000,0.000000
1059753.000000,32232.000000,0.000000,0.000000,0.000000
1059763.000000,32232.000000,0.000000,0.000000,0.000000
1059773.000000,32232.000000,0.000000,0.000000,0.000000
1059783.000000,32232.000000,0.000000,0.000000,0.000000
1059793.000000,32232.000000,0.000000,0.000000,0.000000
1059803.000000,32232.000000,0.000000,0.000000,0.000000
1059813.000000,32232.000000,0.000000,0.000000,0.000000
1059823.000000,32232.000000,0.000000,0.000000,0.000000
1059833.000000,32232.000000,0.000000,0.000000,0.000000
1059843.000000,32232.000000,0.000000,0.000000,0.000000
1059853.000000,32232.000000,0.000000,0.000000,0.000000
1059863.000000,32232.000000,0.000000,0.000000,0.000000
1059873.000000,32232.000000,0.000000,0.000000,0.000000
1059883.000000,32232.000000,0.000000,0.000000,0.000000
1059893.000000,32232.000000,0.000000,0.000000,0.000000
1059903.000000,32232.000000,0.000000,0.000000,0.000000
1059913.000000,32232.000000,0.000000,0.000000,0.000000
1059923.000000,32232.000000,0.000000,0.000000,0.000000
1059933.000000,32232.000000,0.000000,0.000000,0.000000
1059943.000000,32232.000000,0.000000,0.000000,0.000000
1059953.000000,32232.000000,0.000000,0.000000,0.000000
1059963.000000,32232.000000,0.000000,0.000000,0.000000
1059973.000000,32232.000000,0.000000,0.000000,0.000000
1059983.000000,32232.000000,0.000000,0.000000,0.000000
1059993.000000,32232.000000,0.000000,0.000000,0.000000
1060003.000000,32232.000000,0.000000,0.000000,0.000000
1060013.000000,32232.000000,0.000000,0.000000,0.000000
1060023.000000,32232.000000,0.000000,0.000000,0.000000
1060033.000000,32232.000000,0.000000,0.000000,0.000000
1060043.000000,32232.000000,0.000000,0.000000,0.000000
1060053.000000,32232.000000,0.000000,0.000000,0.000000
1060063.000000,32232.000000,0.000000,0.000000,0.000000
1060073.000000,32232.000000,0.000000,0.000000,0.000000
1060083.000000,32232.000000,0.000000,0.000000,0.000000
1060093.000000,32232.000000,0.000000,0.000000,0.000000
1060103.000000,32232.000000,0.000000,0.000000,0.000000
1060113.000000,32232.000000,0.000000,0.000000,0.000000
1060123.000000,32232.000000,0.000000,0.000000,0.000000
1060133.000000,32232.000000,0.000000,0.000000,0.000000
1060143.000000,32232.000000,0.000000,0.000000,0.000000
1060153.000000,32232.000000,0.000000,0.000000,0.000000
1060163.000000,32232.000000,0.000000,0.000000,0.000000
1060173.000000,32232.000000,0.000000,0.000000,0.000000
1060183.000000,32232.000000,0.000000,0.000000,0.000000
1060193.000000,32232.000000,0.000000,0.000000,0.000000
1060203.000000,32232.000000,0.000000,0.000000,0.000000
1060213.000000,32232.000000,0.000000,0.000000,0.000000
1060223.000000,32232.000000,0.000000,0.000000,0.000000
1060233.000000,32232.000000,0.000000,0.000000,0.000000
1060243.000000,32232.000000,0.000000,0.000000,0.000000
1060253.000000,32232.000000,0.000000,0.000000,0.000000
1060263.000000,32232.000000,0.000000,0.000000,0.000000
1060273.000000,32232.000000,0.000000,0.000000,0.000000
1060283.000000,32232.000000,0.000000,0.000000,0.000000
1060293.000000,32232.000000,0.000000,0.000000,0.000000
1060303.000000,32232.000000,0.000000,0.000000,0.000000
1060313.000000,32232.000000,0.000000,0.000000,0.000000
1060323.000000,32232.000000,0.000000,0.000000,0.000000
1060333.000000,32232.000000,0.000000,0.000000,0.000000
1060343.000000,32232.000000,0.000000,0.000000,0.000000
1060353.000000,32232.000000,0.000000,0.000000,0.000000
1060363.000000,32232.000000,0.000000,0.000000,0.000000
1060373.000000,32232.000000,0.000000,0.000000,0.000000
1060383.000000,32232.000000,0.000000,0.000000,0.000000
1060393.000000,32232.000000,0.000000,0.000000,0.000000
1060403.000000,32232.000000,0.000000,0.000000,0.000000
1060413.000000,32232.000000,0.000000,0.000000,0.000000
1060423.000000,32232.000000,0.000000,0.000000,0.000000
1060433.000000,32232.000000,0.000000,0.000000,0.000000
1060443.000000,32232.000000,0.000000,0.000000,0.000000
1060453.000000,32232.000000,0.000000,0.000000,0.000000
1060463.000000,32232.000000,0.000000,0.000000,0.000000
1060473.000000,32232.000000,0.000000,0.000000,0.000000
1060483.000000,32232.000000,0.000000,0.000000,0.000000
1060493.000000,32232.000000,0.000000,0.000000,0.000000
1060503.000000,32232.000000,0.000000,0.000000,0.000000
1060513.000000,32232.000000,0.000000,0.000000,0.000000
1060523.000000,32232.000000,0.000000,0.000000,0.000000
1060533.000000,32232.000000,0.000000,0.000000,0.000000
1060543.000000,32232.000000,0.000000,0.000000,0.000000
1060553.000000,32232.000000,0.000000,0.000000,0.000000
1060563.000000,32232.000000,0.000000,0.000000,0.000000
1060573.000000,32232.000000,0.000000,0.000000,0.000000
1060583.000000,32232.000000,0.000000,0.000000,0.000000
1060593.000000,32232.000000,0.000000,0.000000,0.000000
1060603.000000,32232.000000,0.000000,0.000000,0.000000
1060613.000000,32232.000000,0.000000,0.000000,0.000000
1060623.000000,32232.000000,0.000000,0.000000,0.000000
1060633.000000,32232.000000,0.000000,0.000000,0.000000
1060643.000000,32232.000000,0.000000,0.000000,0.000000
1060653.000000,32232.000000,0.000000,0.000000,0.000000
1060663.000000,32232.000000,0.000000,0.000000,0.000000
1060673.000000,32232.000000,0.000000,0.000000,0.000000
1060683.000000,32232.000000,0.000000,0.000000,0.000000
1060693.000000,32232.000000,0.000000,0.000000,0.000000
1060703.000000,32232.000000,0.000000,0.000000,0.000000
1060713.000000,32232.000000,0.000000,0.000000,0.000000
1060723.000000,32232.000000,0.000000,0.000000,0.000000
1060733.000000,32232.000000,0.000000,0.000000,0.000000
1060743.000000,32232.000000,0.000000,0.000000,0.000000
1060753.000000,32232.000000,0.000000,0.000000,0.000000
1060763.000000,32232.000000,0.000000,0.000000,0.000000
1060773.000000,32232.000000,0.000000,0.000000,0.000000
1060783.000000,32232.000000,0.000000,0.000000,0.000000
1060793.000000,32232.000000,0.000000,0.000000,0.000000
1060803.000000,32232.000000,0.000000,0.000000,0.000000
1060813.000000,32232.000000,0.000000,0.000000,0.000000
1060823.000000,32232.000000,0.000000,0.000000,0.000000
1060833.000000,32232.000000,0.000000,0.000000,0.000000
1060843.000000,32232.000000,0.000000,0.000000,0.000000
1060853.000000,32232.000000,0.000000,0.000000,0.000000
1060863.000000,32232.000000,0.000000,0.000000,0.000000
1060873.000000,32232.000000,0.000000,0.000000,0.000000
1060883.000000,32232.000000,0.000000,0.000000,0.000000
1060893.000000,32232.000000,0.000000,0.000000,0.000000
1060903.000000,32232.000000,0.000000,0.000000,0.000000
1060913.000000,32232.000000,0.000000,0.000000,0.000000
1060923.000000,32232.000000,0.000000,0.000000,0.000000
1060933.000000,32232.000000,0.000000,0.000000,0.000000
1060943.000000,32232.000000,0.000000,0.000000,0.000000
1060953.000000,32232.000000,0.000000,0.000000,0.000000
1060963.000000,32232.000000,0.000000,0.000000,0.000000
1060973.000000,32232.000000,0.000000,0.000000,0.000000
1060983.000000,32232.000000,0.000000,0.000000,0.000000
1060993.000000,32232.000000,0.000000,0.000000,0.000000
1061003.000000,32232.000000,0.000000,0.000000,0.000000
1061013.000000,32232.000000,0.000000,0.000000,0.000000
1061023.000000,32232.000000,0.000000,0.000000,0.000000
1061033.000000,32232.000000,0.000000,0.000000,0.000000
1061043.000000,32232.000000,0.000000,0.000000,0.000000
1061053.000000,32232.000000,0.000000,0.000000,0.000000
1061063.000000,32232.000000,0.000000,0.000000,0.000000
1061073.000000,32232.000000,0.000000,0.000000,0.000000
1061083.000000,32232.000000,0.000000,0.000000,0.000000
1061093.000000,32232.000000,0.000000,0.000000,0.000000
1061103.000000,32232.000000,0.000000,0.000000,0.000000
1061113.000000,32232.000000,0.000000,0.000000,0.000000
1061123.000000,32232.000000,0.000000,0.000000,0.000000
1061133.000000,32232.000000,0.000000,0.000000,0.000000
1061143.000000,32232.000000,0.000000,0.000000,0.000000
1061153.000000,32232.000000,0.000000,0.000000,0.000000
1061163.000000,32232.000000,0.000000,0.000000,0.000000
1061173.000000,32232.000000,0.000000,0.000000,0.000000
1061183.000000,32232.000000,0.000000,0.000000,0.000000
1061193.000000,32232.000000,0.000000,0.000000,0.000000
1061203.000000,32232.000000,0.000000,0.000000,0.000000
1061213.000000,32232.000000,0.000000,0.000000,0.000000
1061223.000000,32232.000000,0.000000,0.000000,0.000000
1061233.000000,32232.000000,0.000000,0.000000,0.000000
1061243.000000,32232.000000,0.000000,0.000000,0.000000
1061253.000000,32232.000000,0.000000,0.000000,0.000000
1061263.000000,32232.000000,0.000000,0.000000,0.000000
1061273.000000,32232.000000,0.000000,0.000000,0.000000
1061283.000000,32232.000000,0.000000,0.000000,0.000000
1061293.000000,32232.000000,0.000000,0.000000,0.000000
1061303.000000,32232.000000,0.000000,0.000000,0.000000
1061313.000000,32232.000000,0.000000,0.000000,0.000000
1061323.000000,32232.000000,0.000000,0.000000,0.000000
1061333.000000,32232.000000,0.000000,0.000000,0.000000
1061343.000000,32232.000000,0.000000,0.000000,0.000000
1061353.000000,32232.000000,0.000000,0.000000,0.000000
1061363.000000,32232.000000,0.000000,0.000000,0.000000
1061373.000000,32232.000000,0.000000,0.000000,0.000000
1061383.000000,32232.000000,0.000000,0.000000,0.000000
1061393.000000,32232.000000,0.000000,0.000000,0.000000
1061403.000000,32232.000000,0.000000,0.000000,0.000000
1061413.000000,32232.000000,0.000000,0.000000,0.000000
1061423.000000,32232.000000,0.000000,0.000000,0.000000
1061433.000000,32232.000000,0.000000,0.000000,0.000000
1061443.000000,32232.000000,0.000000,0.000000,0.000000
1061453.000000,32232.000000,0.000000,0.000000,0.000000
1061463.000000,32232.000000,0.000000,0.000000,0.000000
1061473.000000,32232.000000,0.000000,0.000000,0.000000
1061483.000000,32232.000000,0.000000,0.000000,0.000000
1061493.000000,32232.000000,0.000000,0.000000,0.000000
1061503.000000,32232.000000,0.000000,0.000000,0.000000
1061513.000000,32232.000000,0.000000,0.000000,0.000000
1061523.000000,32232.000000,0.000000,0.000000,0.000000
1061533.000000,32232.000000,0.000000,0.000000,0.000000
1061543.000000,32232.000000,0.000000,0.000000,0.000000
1061553.000000,32232.000000,0.000000,0.000000,0.000000
1061563.000000,32232.000000,0.000000,0.000000,0.000000
1061573.000000,32232.000000,0.000000,0.000000,0.000000
1061583.000000,32232.000000,0.000000,0.000000,0.000000
1061593.000000,32232.000000,0.000000,0.000000,0.000000
1061603.000000,32232.000000,0.000000,0.000000,0.000000
1061613.000000,32232.000000,0.000000,0.000000,0.000000
1061623.000000,32232.000000,0.000000,0.000000,0.000000
1061633.000000,32232.000000,0.000000,0.000000,0.000000
1061643.000000,32232.000000,0.000000,0.000000,0.000000
1061653.000000,32232.000000,0.000000,0.000000,0.000000
1061663.000000,32232.000000,0.000000,0.000000,0.000000
1061673.000000,32232.000000,0.000000,0.000000,0.000000
1061683.000000,32232.000000,0.000000,0.000000,0.000000
1061693.000000,32232.000000,0.000000,0.000000,0.000000
1061703.000000,32232.000000,0.000000,0.000000,0.000000
1061713.000000,32232.000000,0.000000,0.000000,0.000000
1061723.000000,32232.000000,0.000000,0.000000,0.000000
1061733.000000,32232.000000,0.000000,0.000000,0.000000
1061743.000000,32232.000000,0.000000,0.000000,0.000000
1061753.000000,32232.000000,0.000000,0.000000,0.000000
1061763.000000,32232.000000,0.000000,0.000000,0.000000
1061773.000000,32232.000000,0.000000,0.000000,0.000000
1061783.000000,32232.000000,0.000000,0.000000,0.000000
1061793.000000,32232.000000,0.000000,0.000000,0.000000
1061803.000000,32232.000000,0.000000,0.000000,0.000000
1061813.000000,32232.000000,0.000000,0.000000,0.000000
1061823.000000,32232.000000,0.000000,0.000000,0.000000
1061833.000000,32232.000000,0.000000,0.000000,0.000000
1061843.000000,32232.000000,0.000000,0.000000,0.000000
1061853.000000,32232.000000,0.000000,0.000000,0.000000
1061863.000000,32232.000000,0.000000,0.000000,0.000000
1061873.000000,32232.000000,0.000000,0.000000,0.000000
1061883.000000,32232.000000,0.000000,0.000000,0.000000
1061893.000000,32232.000000,0.000000,0.000000,0.000000
1061903.000000,32232.000000,0.000000,0.000000,0.000000
1061913.000000,32232.000000,0.000000,0.000000,0.000000
1061923.000000,32232.000000,0.000000,0.000000,0.000000
1061933.000000,32232.000000,0.000000,0.000000,0.000000
1061943.000000,32232.000000,0.000000,0.000000,0.000000
1061953.000000,32232.000000,0.000000,0.000000,0.000000
1061963.000000,32232.000000,0.000000,0.000000,0.000000
1061973.000000,32232.000000,0.000000,0.000000,0.000000
1061983.000000,32232.000000,0.000000,0.000000,0.000000
1061993.000000,32232.000000,0.000000,0.000000,0.000000
1062003.000000,32232.000000,0.000000,0.000000,0.000000
1062013.000000,32232.000000,0.000000,0.000000,0.000000
1062023.000000,32232.000000,0.000000,0.000000,0.000000
1062033.000000,32232.000000,0.000000,0.000000,0.000000
1062043.000000,32232.000000,0.000000,0.000000,0.000000
1062053.000000,32232.000000,0.000000,0.000000,0.000000
1062063.000000,32232.000000,0.000000,0.000000,0.000000
1062073.000000,32232.000000,0.000000,0.000000,0.000000
1062083.000000,32232.000000,0.000000,0.000000,0.000000
1062093.000000,32232.000000,0.000000,0.000000,0.000000
1062103.000000,32232.000000,0.000000,0.000000,0.000000
1062113.000000,32232.000000,0.000000,0.000000,0.000000
1062123.000000,32232.000000,0.000000,0.000000,0.000000
1062133.000000,32232.000000,0.000000,0.000000,0.000000
1062143.000000,32232.000000,0.000000,0.000000,0.000000
1062153.000000,32232.000000,0.000000,0.000000,0.000000
1062163.000000,32232.000000,0.000000,0.000000,0.000000
1062173.000000,32232.000000,0.000000,0.000000,0.000000
1062183.000000,32232.000000,0.000000,0.000000,0.000000
1062193.000000,32232.000000,0.000000,0.000000,0.000000
1062203.000000,32232.000000,0.000000,0.000000,0.000000
1062213.000000,32232.000000,0.000000,0.000000,0.000000
1062223.000000,32232.000000,0.000000,0.000000,0.000000
1062233.000000,32232.000000,0.000000,0.000000,0.000000
1062243.000000,32232.000000,0.000000,0.000000,0.000000
1062253.000000,32232.000000,0.000000,0.000000,0.000000
1062263.000000,32232.000000,0.000000,0.000000,0.000000
1062273.000000,32232.000000,0.000000,0.000000,0.000000
1062283.000000,32232.000000,0.000000,0.000000,0.000000
1062293.000000,32232.000000,0.000000,0.000000,0.000000
1062303.000000,32232.000000,0.000000,0.000000,0.000000
1062313.000000,32232.000000,0.000000,0.000000,0.000000
1062323.000000,32232.000000,0.000000,0.000000,0.000000
1062333.000000,32232.000000,0.000000,0.000000,0.000000
1062343.000000,32232.000000,0.000000,0.000000,0.000000
1062353.000000,32232.000000,0.000000,0.000000,0.000000
1062363.000000,32232.000000,0.000000,0.000000,0.000000
1062373.000000,32232.000000,0.000000,0.000000,0.000000
1062383.000000,32232.000000,0.000000,0.000000,0.000000
1062393.000000,32232.000000,0.000000,0.000000,0.000000
1062403.000000,32232.000000,0.000000,0.000000,0.000000
1062413.000000,32232.000000,0.000000,0.000000,0.000000
1062423.000000,32232.000000,0.000000,0.000000,0.000000
1062433.000000,32232.000000,0.000000,0.000000,0.000000
1062443.000000,32232.000000,0.000000,0.000000,0.000000
1062453.000000,32232.000000,0.000000,0.000000,0.000000
1062463.000000,32232.000000,0.000000,0.000000,0.000000
1062473.000000,32232.000000,0.000000,0.000000,0.000000
1062483.000000,32232.000000,0.000000,0.000000,0.000000
1062493.000000,32232.000000,0.000000,0.000000,0.000000
1062503.000000,32232.000000,0.000000,0.000000,0.000000
1062513.000000,32232.000000,0.000000,0.000000,0.000000
1062523.000000,32232.000000,0.000000,0.000000,0.000000
1062533.000000,32232.000000,0.000000,0.000000,0.000000
1062543.000000,32232.000000,0.000000,0.000000,0.000000
1062553.000000,32232.000000,0.000000,0.000000,0.000000
1062563.000000,32232.000000,0.000000,0.000000,0.000000
1062573.000000,32232.000000,0.000000,0.000000,0.000000
1062583.000000,32232.000000,0.000000,0.000000,0.000000
1062593.000000,32232.000000,0.000000,0.000000,0.000000
1062603.000000,32232.000000,0.000000,0.000000,0.000000
1062613.000000,32232.000000,0.000000,0.000000,0.000000
1062623.000000,32232.000000,0.000000,0.000000,0.000000
1062633.000000,32232.000000,0.000000,0.000000,0.000000
1062643.000000,32232.000000,0.000000,0.000000,0.000000
1062653.000000,32232.000000,0.000000,0.000000,0.000000
1062663.000000,32232.000000,0.000000,0.000000,0.000000
1062673.000000,32232.000000,0.000000,0.000000,0.000000
1062683.000000,32232.000000,0.000000,0.000000,0.000000
1062693.000000,32232.000000,0.000000,0.000000,0.000000
1062703.000000,32232.000000,0.000000,0.000000,0.000000
1062713.000000,32232.000000,0.000000,0.000000,0.000000
1062723.000000,32232.000000,0.000000,0.000000,0.000000
1062733.000000,32232.000000,0.000000,0.000000,0.000000
1062743.000000,32232.000000,0.000000,0.000000,0.000000
1062753.000000,32232.000000,0.000000,0.000000,0.000000
1062763.000000,32232.000000,0.000000,0.000000,0.000000
1062773.000000,32232.000000,0.000000,0.000000,0.000000
1062783.000000,32232.000000,0.000000,0.000000,0.000000
1062793.000000,32232.000000,0.000000,0.000000,0.000000
1062803.000000,32232.000000,0.000000,0.000000,0.000000
1062813.000000,32232.000000,0.000000,0.000000,0.000000
1062823.000000,32232.000000,0.000000,0.000000,0.000000
1062833.000000,32232.000000,0.000000,0.000000,0.000000
1062843.000000,32232.000000,0.000000,0.000000,0.000000
1062853.000000,32232.000000,0.000000,0.000000,0.000000
1062863.000000,32232.000000,0.000000,0.000000,0.000000
1062873.000000,32232.000000,0.000000,0.000000,0.000000
1062883.000000,32232.000000,0.000000,0.000000,0.000000
1062893.000000,32232.000000,0.000000,0.000000,0.000000
1062903.000000,32232.000000,0.000000,0.000000,0.000000
1062913.000000,32232.000000,0.000000,0.000000,0.000000
1062923.000000,32232.000000,0.000000,0.000000,0.000000
1062933.000000,32232.000000,0.000000,0.000000,0.000000
1062943.000000,32232.000000,0.000000,0.000000,0.000000
1062953.000000,32232.000000,0.000000,0.000000,0.000000
1062963.000000,32232.000000,0.000000,0.000000,0.000000
1062973.000000,32232.000000,0.000000,0.000000,0.000000
1062983.000000,32232.000000,0.000000,0.000000,0.000000
1062993.000000,32232.000000,0.000000,0.000000,0.000000
1063003.000000,32232.000000,0.000000,0.000000,0.000000
1063013.000000,32232.000000,0.000000,0.000000,0.000000
1063023.000000,32232.000000,0.000000,0.000000,0.000000
1063033.000000,32232.000000,0.000000,0.000000,0.000000
1063043.000000,32232.000000,0.000000,0.000000,0.000000
1063053.000000,32232.000000,0.000000,0.000000,0.000000
1063063.000000,32232.000000,0.000000,0.000000,0.000000
1063073.000000,32232.000000,0.000000,0.000000,0.000000
1063083.000000,32232.000000,0.000000,0.000000,0.000000
1063093.000000,32232.000000,0.000000,0.000000,0.000000
1063103.000000,32232.000000,0.000000,0.000000,0.000000
1063113.000000,32232.000000,0.000000,0.000000,0.000000
1063123.000000,32232.000000,0.000000,0.000000,0.000000
1063133.000000,32232.000000,0.000000,0.000000,0.000000
1063143.000000,32232.000000,0.000000,0.000000,0.000000
1063153.000000,32232.000000,0.000000,0.000000,0.000000
1063163.000000,32232.000000,0.000000,0.000000,0.000000
1063173.000000,32232.000000,0.000000,0.000000,0.000000
1063183.000000,32232.000000,0.000000,0.000000,0.000000
1063193.000000,32232.000000,0.000000,0.000000,0.000000
1063203.000000,32232.000000,0.000000,0.000000,0.000000
1063213.000000,32232.000000,0.000000,0.000000,0.000000
1063223.000000,32232.000000,0.000000,0.000000,0.000000
1063233.000000,32232.000000,0.000000,0.000000,0.000000
1063243.000000,32232.000000,0.000000,0.000000,0.000000
1063253.000000,32232.000000,0.000000,0.000000,0.000000
1063263.000000,32232.000000,0.000000,0.000000,0.000000
1063273.000000,32232.000000,0.000000,0.000000,0.000000
1063283.000000,32232.000000,0.000000,0.000000,0.000000
1063293.000000,32232.000000,0.000000,0.000000,0.000000
1063303.000000,32232.000000,0.000000,0.000000,0.000000
1063313.000000,32232.000000,0.000000,0.000000,0.000000
1063323.000000,32232.000000,0.000000,0.000000,0.000000
1063333.000000,32232.000000,0.000000,0.000000,0.000000
1063343.000000,32232.000000,0.000000,0.000000,0.000000
1063353.000000,32232.000000,0.000000,0.000000,0.000000
1063363.000000,32232.000000,0.000000,0.000000,0.000000
1063373.000000,32232.000000,0.000000,0.000000,0.000000
1063383.000000,32232.000000,0.000000,0.000000,0.000000
1063393.000000,32232.000000,0.000000,0.000000,0.000000
1063403.000000,32232.000000,0.000000,0.000000,0.000000
1063413.000000,32232.000000,0.000000,0.000000,0.000000
1063423.000000,32232.000000,0.000000,0.000000,0.000000
1063433.000000,32232.000000,0.000000,0.000000,0.000000
1063443.000000,32232.000000,0.000000,0.000000,0.000000
1063453.000000,32232.000000,0.000000,0.000000,0.000000
1063463.000000,32232.000000,0.000000,0.000000,0.000000
1063473.000000,32232.000000,0.000000,0.000000,0.000000
1063483.000000,32232.000000,0.000000,0.000000,0.000000
1063493.000000,32232.000000,0.000000,0.000000,0.000000
1063503.000000,32232.000000,0.000000,0.000000,0.000000
1063513.000000,32232.000000,0.000000,0.000000,0.000000
1063523.000000,32232.000000,0.000000,0.000000,0.000000
1063533.000000,32232.000000,0.000000,0.000000,0.000000
1063543.000000,32232.000000,0.000000,0.000000,0.000000
1063553.000000,32232.000000,0.000000,0.000000,0.000000
1063563.000000,32232.000000,0.000000,0.000000,0.000000
1063573.000000,32232.000000,0.000000,0.000000,0.000000
1063583.000000,32232.000000,0.000000,0.000000,0.000000
1063593.000000,32232.000000,0.000000,0.000000,0.000000
1063603.000000,32232.000000,0.000000,0.000000,0.000000
1063613.000000,32232.000000,0.000000,0.000000,0.000000
1063623.000000,32232.000000,0.000000,0.000000,0.000000
1063633.000000,32232.000000,0.000000,0.000000,0.000000
1063643.000000,32232.000000,0.000000,0.000000,0.000000
1063653.000000,32232.000000,0.000000,0.000000,0.000000
1063663.000000,32232.000000,0.000000,0.000000,0.000000
1063673.000000,32232.000000,0.000000,0.000000,0.000000
1063683.000000,32232.000000,0.000000,0.000000,0.000000
1063693.000000,32232.000000,0.000000,0.000000,0.000000
1063703.000000,32232.000000,0.000000,0.000000,0.000000
1063713.000000,32232.000000,0.000000,0.000000,0.000000
1063723.000000,32232.000000,0.000000,0.000000,0.000000
1063733.000000,32232.000000,0.000000,0.000000,0.000000
1063743.000000,32232.000000,0.000000,0.000000,0.000000
1063753.000000,32232.000000,0.000000,0.000000,0.000000
1063763.000000,32232.000000,0.000000,0.000000,0.000000
1063773.000000,32232.000000,0.000000,0.000000,0.000000
1063783.000000,32232.000000,0.000000,0.000000,0.000000
1063793.000000,32232.000000,0.000000,0.000000,0.000000
1063803.000000,32232.000000,0.000000,0.000000,0.000000
1063813.000000,32232.000000,0.000000,0.000000,0.000000
1063823.000000,32232.000000,0.000000,0.000000,0.000000
1063833.000000,32232.000000,0.000000,0.000000,0.000000
1063843.000000,32232.000000,0.000000,0.000000,0.000000
1063853.000000,32232.000000,0.000000,0.000000,0.000000
1063863.000000,32232.000000,0.000000,0.000000,0.000000
1063873.000000,32232.000000,0.000000,0.000000,0.000000
1063883.000000,32232.000000,0.000000,0.000000,0.000000
1063893.000000,32232.000000,0.000000,0.000000,0.000000
1063903.000000,32232.000000,0.000000,0.000000,0.000000
1063913.000000,32232.000000,0.000000,0.000000,0.000000
1063923.000000,32232.000000,0.000000,0.000000,0.000000
1063933.000000,32232.000000,0.000000,0.000000,0.000000
1063943.000000,32232.000000,0.000000,0.000000,0.000000
1063953.000000,32232.000000,0.000000,0.000000,0.000000
1063963.000000,32232.000000,0.000000,0.000000,0.000000
1063973.000000,32232.000000,0.000000,0.000000,0.000000
1063983.000000,32232.000000,0.000000,0.000000,0.000000
1063993.000000,32232.000000,0.000000,0.000000,0.000000
1064003.000000,32232.000000,0.000000,0.000000,0.000000
1064013.000000,32232.000000,0.000000,0.000000,0.000000
1064023.000000,32232.000000,0.000000,0.000000,0.000000
1064033.000000,32232.000000,0.000000,0.000000,0.000000
1064043.000000,32232.000000,0.000000,0.000000,0.000000
1064053.000000,32232.000000,0.000000,0.000000,0.000000
1064063.000000,32232.000000,0.000000,0.000000,0.000000
1064073.000000,32232.000000,0.000000,0.000000,0.000000
1064083.000000,32232.000000,0.000000,0.000000,0.000000
1064093.000000,32232.000000,0.000000,0.000000,0.000000
1064103.000000,32232.000000,0.000000,0.000000,0.000000
1064113.000000,32232.000000,0.000000,0.000000,0.000000
1064123.000000,32232.000000,0.000000,0.000000,0.000000
1064133.000000,32232.000000,0.000000,0.000000,0.000000
1064143.000000,32232.000000,0.000000,0.000000,0.000000
1064153.000000,32232.000000,0.000000,0.000000,0.000000
1064163.000000,32232.000000,0.000000,0.000000,0.000000
1064173.000000,32232.000000,0.000000,0.000000,0.000000
1064183.000000,32232.000000,0.000000,0.000000,0.000000
1064193.000000,32232.000000,0.000000,0.000000,0.000000
1064203.000000,32232.000000,0.000000,0.000000,0.000000
1064213.000000,32232.000000,0.000000,0.000000,0.000000
1064223.000000,32232.000000,0.000000,0.000000,0.000000
1064233.000000,32232.000000,0.000000,0.000000,0.000000
1064243.000000,32232.000000,0.000000,0.000000,0.000000
1064253.000000,32232.000000,0.000000,0.000000,0.000000
1064263.000000,32232.000000,0.000000,0.000000,0.000000
1064273.000000,32232.000000,0.000000,0.000000,0.000000
1064283.000000,32232.000000,0.000000,0.000000,0.000000
1064293.000000,32232.000000,0.000000,0.000000,0.000000
1064303.000000,32232.000000,0.000000,0.000000,0.000000
1064313.000000,32232.000000,0.000000,0.000000,0.000000
1064323.000000,32232.000000,0.000000,0.000000,0.000000
1064333.000000,32232.000000,0.000000,0.000000,0.000000
1064343.000000,32232.000000,0.000000,0.000000,0.000000
1064353.000000,32232.000000,0.000000,0.000000,0.000000
1064363.000000,32232.000000,0.000000,0.000000,0.000000
1064373.000000,32232.000000,0.000000,0.000000,0.000000
1064383.000000,32232.000000,0.000000,0.000000,0.000000
1064393.000000,32232.000000,0.000000,0.000000,0.000000
1064403.000000,32232.000000,0.000000,0.000000,0.000000
1064413.000000,32232.000000,0.000000,0.000000,0.000000
1064423.000000,32232.000000,0.000000,0.000000,0.000000
1064433.000000,32232.000000,0.000000,0.000000,0.000000
1064443.000000,32232.000000,0.000000,0.000000,0.000000
1064453.000000,32232.000000,0.000000,0.000000,0.000000
1064463.000000,32232.000000,0.000000,0.000000,0.000000
1064473.000000,32232.000000,0.000000,0.000000,0.000000
1064483.000000,32232.000000,0.000000,0.000000,0.000000
1064493.000000,32232.000000,0.000000,0.000000,0.000000
1064503.000000,32232.000000,0.000000,0.000000,0.000000
1064513.000000,32232.000000,0.000000,0.000000,0.000000
1064523.000000,32232.000000,0.000000,0.000000,0.000000
1064533.000000,32232.000000,0.000000,0.000000,0.000000
1064543.000000,32232.000000,0.000000,0.000000,0.000000
1064553.000000,32232.000000,0.000000,0.000000,0.000000
1064563.000000,32232.000000,0.000000,0.000000,0.000000
1064573.000000,32232.000000,0.000000,0.000000,0.000000
1064583.000000,32232.000000,0.000000,0.000000,0.000000
1064593.000000,32232.000000,0.000000,0.000000,0.000000
1064603.000000,32232.000000,0.000000,0.000000,0.000000
1064613.000000,32232.000000,0.000000,0.000000,0.000000
1064623.000000,32232.000000,0.000000,0.000000,0.000000
1064633.000000,32232.000000,0.000000,0.000000,0.000000
1064643.000000,32232.000000,0.000000,0.000000,0.000000
1064653.000000,32232.000000,0.000000,0.000000,0.000000
1064663.000000,32232.000000,0.000000,0.000000,0.000000
1064673.000000,32232.000000,0.000000,0.000000,0.000000
1064683.000000,32232.000000,0.000000,0.000000,0.000000
1064693.000000,32232.000000,0.000000,0.000000,0.000000
1064703.000000,32232.000000,0.000000,0.000000,0.000000
1064713.000000,32232.000000,0.000000,0.000000,0.000000
1064723.000000,32232.000000,0.000000,0.000000,0.000000
1064733.000000,32232.000000,0.000000,0.000000,0.000000
1064743.000000,32232.000000,0.000000,0.000000,0.000000
1064753.000000,32232.000000,0.000000,0.000000,0.000000
1064763.000000,32232.000000,0.000000,0.000000,0.000000
1064773.000000,32232.000000,0.000000,0.000000,0.000000
1064783.000000,32232.000000,0.000000,0.000000,0.000000
1064793.000000,32232.000000,0.000000,0.000000,0.000000
1064803.000000,32232.000000,0.000000,0.000000,0.000000
1064813.000000,32232.000000,0.000000,0.000000,0.000000
1064823.000000,32232.000000,0.000000,0.000000,0.000000
1064833.000000,32232.000000,0.000000,0.000000,0.000000
1064843.000000,32232.000000,0.000000,0.000000,0.000000
1064853.000000,32232.000000,0.000000,0.000000,0.000000
1064863.000000,32232.000000,0.000000,0.000000,0.000000
1064873.000000,32232.000000,0.000000,0.000000,0.000000
1064883.000000,32232.000000,0.000000,0.000000,0.000000
1064893.000000,32232.000000,0.000000,0.000000,0.000000
1064903.000000,32232.000000,0.000000,0.000000,0.000000
1064913.000000,32232.000000,0.000000,0.000000,0.000000
1064923.000000,32232.000000,0.000000,0.000000,0.000000
1064933.000000,32232.000000,0.000000,0.000000,0.000000
1064943.000000,32232.000000,0.000000,0.000000,0.000000
1064953.000000,32232.000000,0.000000,0.000000,0.000000
1064963.000000,32232.000000,0.000000,0.000000,0.000000
1064973.000000,32232.000000,0.000000,0.000000,0.000000
1064983.000000,32232.000000,0.000000,0.000000,0.000000
1064993.000000,32232.000000,0.000000,0.000000,0.000000
1065003.000000,32232.000000,0.000000,0.000000,0.000000
1065013.000000,32232.000000,0.000000,0.000000,0.000000
1065023.000000,32232.000000,0.000000,0.000000,0.000000
1065033.000000,32232.000000,0.000000,0.000000,0.000000
1065043.000000,32232.000000,0.000000,0.000000,0.000000
1065053.000000,32232.000000,0.000000,0.000000,0.000000
1065063.000000,32232.000000,0.000000,0.000000,0.000000
1065073.000000,32232.000000,0.000000,0.000000,0.000000
1065083.000000,32232.000000,0.000000,0.000000,0.000000
1065093.000000,32232.000000,0.000000,0.000000,0.000000
1065103.000000,32232.000000,0.000000,0.000000,0.000000
1065113.000000,32232.000000,0.000000,0.000000,0.000000
1065123.000000,32232.000000,0.000000,0.000000,0.000000
1065133.000000,32232.000000,0.000000,0.000000,0.000000
1065143.000000,32232.000000,0.000000,0.000000,0.000000
1065153.000000,32232.000000,0.000000,0.000000,0.000000
1065163.000000,32232.000000,0.000000,0.000000,0.000000
1065173.000000,32232.000000,0.000000,0.000000,0.000000
1065183.000000,32232.000000,0.000000,0.000000,0.000000
1065193.000000,32232.000000,0.000000,0.000000,0.000000
1065203.000000,32232.000000,0.000000,0.000000,0.000000
1065213.000000,32232.000000,0.000000,0.000000,0.000000
1065223.000000,32232.000000,0.000000,0.000000,0.000000
1065233.000000,32232.000000,0.000000,0.000000,0.000000
1065243.000000,32232.000000,0.000000,0.000000,0.000000
1065253.000000,32232.000000,0.000000,0.000000,0.000000
1065263.000000,32232.000000,0.000000,0.000000,0.000000
1065273.000000,32232.000000,0.000000,0.000000,0.000000
1065283.000000,32232.000000,0.000000,0.000000,0.000000
1065293.000000,32232.000000,0.000000,0.000000,0.000000
1065303.000000,32232.000000,0.000000,0.000000,0.000000
1065313.000000,32232.000000,0.000000,0.000000,0.000000
1065323.000000,32232.000000,0.000000,0.000000,0.000000
1065333.000000,32232.000000,0.000000,0.000000,0.000000
1065343.000000,32232.000000,0.000000,0.000000,0.000000
1065353.000000,32232.000000,0.000000,0.000000,0.000000
1065363.000000,32232.000000,0.000000,0.000000,0.000000
1065373.000000,32232.000000,0.000000,0.000000,0.000000
1065383.000000,32232.000000,0.000000,0.000000,0.000000
1065393.000000,32232.000000,0.000000,0.000000,0.000000
1065403.000000,32232.000000,0.000000,0.000000,0.000000
1065413.000000,32232.000000,0.000000,0.000000,0.000000
1065423.000000,32232.000000,0.000000,0.000000,0.000000
1065433.000000,32232.000000,0.000000,0.000000,0.000000
1065443.000000,32232.000000,0.000000,0.000000,0.000000
1065453.000000,32232.000000,0.000000,0.000000,0.000000
1065463.000000,32232.000000,0.000000,0.000000,0.000000
1065473.000000,32232.000000,0.000000,0.000000,0.000000
1065483.000000,32232.000000,0.000000,0.000000,0.000000
1065493.000000,32232.000000,0.000000,0.000000,0.000000
1065503.000000,32232.000000,0.000000,0.000000,0.000000
1065513.000000,32232.000000,0.000000,0.000000,0.000000
1065523.000000,32232.000000,0.000000,0.000000,0.000000
1065533.000000,32232.000000,0.000000,0.000000,0.000000
1065543.000000,32232.000000,0.000000,0.000000,0.000000
1065553.000000,32232.000000,0.000000,0.000000,0.000000
1065563.000000,32232.000000,0.000000,0.000000,0.000000
1065573.000000,32232.000000,0.000000,0.000000,0.000000
1065583.000000,32232.000000,0.000000,0.000000,0.000000
1065593.000000,32232.000000,0.000000,0.000000,0.000000
1065603.000000,32232.000000,0.000000,0.000000,0.000000
1065613.000000,32232.000000,0.000000,0.000000,0.000000
1065623.000000,32232.000000,0.000000,0.000000,0.000000
1065633.000000,32232.000000,0.000000,0.000000,0.000000
1065643.000000,32232.000000,0.000000,0.000000,0.000000
1065653.000000,32232.000000,0.000000,0.000000,0.000000
1065663.000000,32232.000000,0.000000,0.000000,0.000000
1065673.000000,32232.000000,0.000000,0.000000,0.000000
1065683.000000,32232.000000,0.000000,0.000000,0.000000
1065693.000000,32232.000000,0.000000,0.000000,0.000000
1065703.000000,32232.000000,0.000000,0.000000,0.000000
1065713.000000,32232.000000,0.000000,0.000000,0.000000
1065723.000000,32232.000000,0.000000,0.000000,0.000000
1065733.000000,32232.000000,0.000000,0.000000,0.000000
1065743.000000,32232.000000,0.000000,0.000000,0.000000
1065753.000000,32232.000000,0.000000,0.000000,0.000000
1065763.000000,32232.000000,0.000000,0.000000,0.000000
1065773.000000,32232.000000,0.000000,0.000000,0.000000
1065783.000000,32232.000000,0.000000,0.000000,0.000000
1065793.000000,32232.000000,0.000000,0.000000,0.000000
1065803.000000,32232.000000,0.000000,0.000000,0.000000
1065813.000000,32232.000000,0.000000,0.000000,0.000000
1065823.000000,32232.000000,0.000000,0.000000,0.000000
1065833.000000,32232.000000,0.000000,0.000000,0.000000
1065843.000000,32232.000000,0.000000,0.000000,0.000000
1065853.000000,32232.000000,0.000000,0.000000,0.000000
1065863.000000,32232.000000,0.000000,0.000000,0.000000
1065873.000000,32232.000000,0.000000,0.000000,0.000000
1065883.000000,32232.000000,0.000000,0.000000,0.000000
1065893.000000,32232.000000,0.000000,0.000000,0.000000
1065903.000000,32232.000000,0.000000,0.000000,0.000000
1065913.000000,32232.000000,0.000000,0.000000,0.000000
1065923.000000,32232.000000,0.000000,0.000000,0.000000
1065933.000000,32232.000000,0.000000,0.000000,0.000000
1065943.000000,32232.000000,0.000000,0.000000,0.000000
1065953.000000,32232.000000,0.000000,0.000000,0.000000
1065963.000000,32232.000000,0.000000,0.000000,0.000000
1065973.000000,32232.000000,0.000000,0.000000,0.000000
1065983.000000,32232.000000,0.000000,0.000000,0.000000
1065993.000000,32232.000000,0.000000,0.000000,0.000000
1066003.000000,32232.000000,0.000000,0.000000,0.000000
1066013.000000,32232.000000,0.000000,0.000000,0.000000
1066023.000000,32232.000000,0.000000,0.000000,0.000000
1066033.000000,32232.000000,0.000000,0.000000,0.000000
1066043.000000,32232.000000,0.000000,0.000000,0.000000
1066053.000000,32232.000000,0.000000,0.000000,0.000000
1066063.000000,32232.000000,0.000000,0.000000,0.000000
1066073.000000,32232.000000,0.000000,0.000000,0.000000
1066083.000000,32232.000000,0.000000,0.000000,0.000000
1066093.000000,32232.000000,0.000000,0.000000,0.000000
1066103.000000,32232.000000,0.000000,0.000000,0.000000
1066113.000000,32232.000000,0.000000,0.000000,0.000000
1066123.000000,32232.000000,0.000000,0.000000,0.000000
1066133.000000,32232.000000,0.000000,0.000000,0.000000
1066143.000000,32232.000000,0.000000,0.000000,0.000000
1066153.000000,32232.000000,0.000000,0.000000,0.000000
1066163.000000,32232.000000,0.000000,0.000000,0.000000
1066173.000000,32232.000000,0.000000,0.000000,0.000000
1066183.000000,32232.000000,0.000000,0.000000,0.000000
1066193.000000,32232.000000,0.000000,0.000000,0.000000
1066203.000000,32232.000000,0.000000,0.000000,0.000000
1066213.000000,32232.000000,0.000000,0.000000,0.000000
1066223.000000,32232.000000,0.000000,0.000000,0.000000
1066233.000000,32232.000000,0.000000,0.000000,0.000000
1066243.000000,32232.000000,0.000000,0.000000,0.000000
1066253.000000,32232.000000,0.000000,0.000000,0.000000
1066263.000000,32232.000000,0.000000,0.000000,0.000000
1066273.000000,32232.000000,0.000000,0.000000,0.000000
1066283.000000,32232.000000,0.000000,0.000000,0.000000
1066293.000000,32232.000000,0.000000,0.000000,0.000000
1066303.000000,32232.000000,0.000000,0.000000,0.000000
1066313.000000,32232.000000,0.000000,0.000000,0.000000
1066323.000000,32232.000000,0.000000,0.000000,0.000000
1066333.000000,32232.000000,0.000000,0.000000,0.000000
1066343.000000,32232.000000,0.000000,0.000000,0.000000
1066353.000000,32232.000000,0.000000,0.000000,0.000000
1066363.000000,32232.000000,0.000000,0.000000,0.000000
1066373.000000,32232.000000,0.000000,0.000000,0.000000
1066383.000000,32232.000000,0.000000,0.000000,0.000000
1066393.000000,32232.000000,0.000000,0.000000,0.000000
1066403.000000,32232.000000,0.000000,0.000000,0.000000
1066413.000000,32232.000000,0.000000,0.000000,0.000000
1066423.000000,32232.000000,0.000000,0.000000,0.000000
1066433.000000,32232.000000,0.000000,0.000000,0.000000
1066443.000000,32232.000000,0.000000,0.000000,0.000000
1066453.000000,32232.000000,0.000000,0.000000,0.000000
1066463.000000,32232.000000,0.000000,0.000000,0.000000
1066473.000000,32232.000000,0.000000,0.000000,0.000000
1066483.000000,32232.000000,0.000000,0.000000,0.000000
1066493.000000,32232.000000,0.000000,0.000000,0.000000
1066503.000000,32232.000000,0.000000,0.000000,0.000000
1066513.000000,32232.000000,0.000000,0.000000,0.000000
1066523.000000,32232.000000,0.000000,0.000000,0.000000
1066533.000000,32232.000000,0.000000,0.000000,0.000000
1066543.000000,32232.000000,0.000000,0.000000,0.000000
1066553.000000,32232.000000,0.000000,0.000000,0.000000
1066563.000000,32232.000000,0.000000,0.000000,0.000000
1066573.000000,32232.000000,0.000000,0.000000,0.000000
1066583.000000,32232.000000,0.000000,0.000000,0.000000
1066593.000000,32232.000000,0.000000,0.000000,0.000000
1066603.000000,32232.000000,0.000000,0.000000,0.000000
1066613.000000,32232.000000,0.000000,0.000000,0.000000
1066623.000000,32232.000000,0.000000,0.000000,0.000000
1066633.000000,32232.000000,0.000000,0.000000,0.000000
1066643.000000,32232.000000,0.000000,0.000000,0.000000
1066653.000000,32232.000000,0.000000,0.000000,0.000000
1066663.000000,32232.000000,0.000000,0.000000,0.000000
1066673.000000,32232.000000,0.000000,0.000000,0.000000
1066683.000000,32232.000000,0.000000,0.000000,0.000000
1066693.000000,32232.000000,0.000000,0.000000,0.000000
1066703.000000,32232.000000,0.000000,0.000000,0.000000
1066713.000000,32232.000000,0.000000,0.000000,0.000000
1066723.000000,32232.000000,0.000000,0.000000,0.000000
1066733.000000,32232.000000,0.000000,0.000000,0.000000
1066743.000000,32232.000000,0.000000,0.000000,0.000000
1066753.000000,32232.000000,0.000000,0.000000,0.000000
1066763.000000,32232.000000,0.000000,0.000000,0.000000
1066773.000000,32232.000000,0.000000,0.000000,0.000000
1066783.000000,32232.000000,0.000000,0.000000,0.000000
1066793.000000,32232.000000,0.000000,0.000000,0.000000
1066803.000000,32232.000000,0.000000,0.000000,0.000000
1066813.000000,32232.000000,0.000000,0.000000,0.000000
1066823.000000,32232.000000,0.000000,0.000000,0.000000
1066833.000000,32232.000000,0.000000,0.000000,0.000000
1066843.000000,32232.000000,0.000000,0.000000,0.000000
1066853.000000,32232.000000,0.000000,0.000000,0.000000
1066863.000000,32232.000000,0.000000,0.000000,0.000000
1066873.000000,32232.000000,0.000000,0.000000,0.000000
1066883.000000,32232.000000,0.000000,0.000000,0.000000
1066893.000000,32232.000000,0.000000,0.000000,0.000000
1066903.000000,32232.000000,0.000000,0.000000,0.000000
1066913.000000,32232.000000,0.000000,0.000000,0.000000
1066923.000000,32232.000000,0.000000,0.000000,0.000000
1066933.000000,32232.000000,0.000000,0.000000,0.000000
1066943.000000,32232.000000,0.000000,0.000000,0.000000
1066953.000000,32232.000000,0.000000,0.000000,0.000000
1066963.000000,32232.000000,0.000000,0.000000,0.000000
1066973.000000,32232.000000,0.000000,0.000000,0.000000
1066983.000000,32232.000000,0.000000,0.000000,0.000000
1066993.000000,32232.000000,0.000000,0.000000,0.000000
1067003.000000,32232.000000,0.000000,0.000000,0.000000
1067013.000000,32232.000000,0.000000,0.000000,0.000000
1067023.000000,32232.000000,0.000000,0.000000,0.000000
1067033.000000,32232.000000,0.000000,0.000000,0.000000
1067043.000000,32232.000000,0.000000,0.000000,0.000000
1067053.000000,32232.000000,0.000000,0.000000,0.000000
1067063.000000,32232.000000,0.000000,0.000000,0.000000
1067073.000000,32232.000000,0.000000,0.000000,0.000000
1067083.000000,32232.000000,0.000000,0.000000,0.000000
1067093.000000,32232.000000,0.000000,0.000000,0.000000
1067103.000000,32232.000000,0.000000,0.000000,0.000000
1067113.000000,32232.000000,0.000000,0.000000,0.000000
1067123.000000,32232.000000,0.000000,0.000000,0.000000
1067133.000000,32232.000000,0.000000,0.000000,0.000000
1067143.000000,32232.000000,0.000000,0.000000,0.000000
1067153.000000,32232.000000,0.000000,0.000000,0.000000
1067163.000000,32232.000000,0.000000,0.000000,0.000000
1067173.000000,32232.000000,0.000000,0.000000,0.000000
1067183.000000,32232.000000,0.000000,0.000000,0.000000
1067193.000000,32232.000000,0.000000,0.000000,0.000000
1067203.000000,32232.000000,0.000000,0.000000,0.000000
1067213.000000,32232.000000,0.000000,0.000000,0.000000
1067223.000000,32232.000000,0.000000,0.000000,0.000000
1067233.000000,32232.000000,0.000000,0.000000,0.000000
1067243.000000,32232.000000,0.000000,0.000000,0.000000
1067253.000000,32232.000000,0.000000,0.000000,0.000000
1067263.000000,32232.000000,0.000000,0.000000,0.000000
1067273.000000,32232.000000,0.000000,0.000000,0.000000
1067283.000000,32232.000000,0.000000,0.000000,0.000000
1067293.000000,32232.000000,0.000000,0.000000,0.000000
1067303.000000,32232.000000,0.000000,0.000000,0.000000
1067313.000000,32232.000000,0.000000,0.000000,0.000000
1067323.000000,32232.000000,0.000000,0.000000,0.000000
1067333.000000,32232.000000,0.000000,0.000000,0.000000
1067343.000000,32232.000000,0.000000,0.000000,0.000000
1067353.000000,32232.000000,0.000000,0.000000,0.000000
1067363.000000,32232.000000,0.000000,0.000000,0.000000
1067373.000000,32232.000000,0.000000,0.000000,0.000000
1067383.000000,32232.000000,0.000000,0.000000,0.000000
1067393.000000,32232.000000,0.000000,0.000000,0.000000
1067403.000000,32232.000000,0.000000,0.000000,0.000000
1067413.000000,32232.000000,0.000000,0.000000,0.000000
1067423.000000,32232.000000,0.000000,0.000000,0.000000
1067433.000000,32232.000000,0.000000,0.000000,0.000000
1067443.000000,32232.000000,0.000000,0.000000,0.000000
1067453.000000,32232.000000,0.000000,0.000000,0.000000
1067463.000000,32232.000000,0.000000,0.000000,0.000000
1067473.000000,32232.000000,0.000000,0.000000,0.000000
1067483.000000,32232.000000,0.000000,0.000000,0.000000
1067493.000000,32232.000000,0.000000,0.000000,0.000000
1067503.000000,32232.000000,0.000000,0.000000,0.000000
1067513.000000,32232.000000,0.000000,0.000000,0.000000
1067523.000000,32232.000000,0.000000,0.000000,0.000000
1067533.000000,32232.000000,0.000000,0.000000,0.000000
1067543.000000,32232.000000,0.000000,0.000000,0.000000
1067553.000000,32232.000000,0.000000,0.000000,0.000000
1067563.000000,32232.000000,0.000000,0.000000,0.000000
1067573.000000,32232.000000,0.000000,0.000000,0.000000
1067583.000000,32232.000000,0.000000,0.000000,0.000000
1067593.000000,32232.000000,0.000000,0.000000,0.000000
1067603.000000,32232.000000,0.000000,0.000000,0.000000
1067613.000000,32232.000000,0.000000,0.000000,0.000000
1067623.000000,32232.000000,0.000000,0.000000,0.000000
1067633.000000,32232.000000,0.000000,0.000000,0.000000
1067643.000000,32232.000000,0.000000,0.000000,0.000000
1067653.000000,32232.000000,0.000000,0.000000,0.000000
1067663.000000,32232.000000,0.000000,0.000000,0.000000
1067673.000000,32232.000000,0.000000,0.000000,0.000000
1067683.000000,32232.000000,0.000000,0.000000,0.000000
1067693.000000,32232.000000,0.000000,0.000000,0.000000
1067703.000000,32232.000000,0.000000,0.000000,0.000000
1067713.000000,32232.000000,0.000000,0.000000,0.000000
1067723.000000,32232.000000,0.000000,0.000000,0.000000
1067733.000000,32232.000000,0.000000,0.000000,0.000000
1067743.000000,32232.000000,0.000000,0.000000,0.000000
1067753.000000,32232.000000,0.000000,0.000000,0.000000
1067763.000000,32232.000000,0.000000,0.000000,0.000000
1067773.000000,32232.000000,0.000000,0.000000,0.000000
1067783.000000,32232.000000,0.000000,0.000000,0.000000
1067793.000000,32232.000000,0.000000,0.000000,0.000000
1067803.000000,32232.000000,0.000000,0.000000,0.000000
1067813.000000,32232.000000,0.000000,0.000000,0.000000
1067823.000000,32232.000000,0.000000,0.000000,0.000000
1067833.000000,32232.000000,0.000000,0.000000,0.000000
1067843.000000,32232.000000,0.000000,0.000000,0.000000
1067853.000000,32232.000000,0.000000,0.000000,0.000000
1067863.000000,32232.000000,0.000000,0.000000,0.000000
1067873.000000,32232.000000,0.000000,0.000000,0.000000
1067883.000000,32232.000000,0.000000,0.000000,0.000000
1067893.000000,32232.000000,0.000000,0.000000,0.000000
1067903.000000,32232.000000,0.000000,0.000000,0.000000
1067913.000000,32232.000000,0.000000,0.000000,0.000000
1067923.000000,32232.000000,0.000000,0.000000,0.000000
1067933.000000,32232.000000,0.000000,0.000000,0.000000
1067943.000000,32232.000000,0.000000,0.000000,0.000000
1067953.000000,32232.000000,0.000000,0.000000,0.000000
1067963.000000,32232.000000,0.000000,0.000000,0.000000
1067973.000000,32232.000000,0.000000,0.000000,0.000000
1067983.000000,32232.000000,0.000000,0.000000,0.000000
1067993.000000,32232.000000,0.000000,0.000000,0.000000
1068003.000000,32232.000000,0.000000,0.000000,0.000000
1068013.000000,32232.000000,0.000000,0.000000,0.000000
1068023.000000,32232.000000,0.000000,0.000000,0.000000
1068033.000000,32232.000000,0.000000,0.000000,0.000000
1068043.000000,32232.000000,0.000000,0.000000,0.000000
1068053.000000,32232.000000,0.000000,0.000000,0.000000
1068063.000000,32232.000000,0.000000,0.000000,0.000000
1068073.000000,32232.000000,0.000000,0.000000,0.000000
1068083.000000,32232.000000,0.000000,0.000000,0.000000
1068093.000000,32232.000000,0.000000,0.000000,0.000000
1068103.000000,32232.000000,0.000000,0.000000,0.000000
1068113.000000,32232.000000,0.000000,0.000000,0.000000
1068123.000000,32232.000000,0.000000,0.000000,0.000000
1068133.000000,32232.000000,0.000000,0.000000,0.000000
1068143.000000,32232.000000,0.000000,0.000000,0.000000
1068153.000000,32232.000000,0.000000,0.000000,0.000000
1068163.000000,32232.000000,0.000000,0.000000,0.000000
1068173.000000,32232.000000,0.000000,0.000000,0.000000
1068183.000000,32232.000000,0.000000,0.000000,0.000000
1068193.000000,32232.000000,0.000000,0.000000,0.000000
1068203.000000,32232.000000,0.000000,0.000000,0.000000
1068213.000000,32232.000000,0.000000,0.000000,0.000000
1068223.000000,32232.000000,0.000000,0.000000,0.000000
1068233.000000,32232.000000,0.000000,0.000000,0.000000
1068243.000000,32232.000000,0.000000,0.000000,0.000000
1068253.000000,32232.000000,0.000000,0.000000,0.000000
1068263.000000,32232.000000,0.000000,0.000000,0.000000
1068273.000000,32232.000000,0.000000,0.000000,0.000000
1068283.000000,32232.000000,0.000000,0.000000,0.000000
1068293.000000,32232.000000,0.000000,0.000000,0.000000
1068303.000000,32232.000000,0.000000,0.000000,0.000000
1068313.000000,32232.000000,0.000000,0.000000,0.000000
1068323.000000,32232.000000,0.000000,0.000000,0.000000
1068333.000000,32232.000000,0.000000,0.000000,0.000000
1068343.000000,32232.000000,0.000000,0.000000,0.000000
1068353.000000,32232.000000,0.000000,0.000000,0.000000
1068363.000000,32232.000000,0.000000,0.000000,0.000000
1068373.000000,32232.000000,0.000000,0.000000,0.000000
1068383.000000,32232.000000,0.000000,0.000000,0.000000
1068393.000000,32232.000000,0.000000,0.000000,0.000000
1068403.000000,32232.000000,0.000000,0.000000,0.000000
1068413.000000,32232.000000,0.000000,0.000000,0.000000
1068423.000000,32232.000000,0.000000,0.000000,0.000000
1068433.000000,32232.000000,0.000000,0.000000,0.000000
1068443.000000,32232.000000,0.000000,0.000000,0.000000
1068453.000000,32232.000000,0.000000,0.000000,0.000000
1068463.000000,32232.000000,0.000000,0.000000,0.000000
1068473.000000,32232.000000,0.000000,0.000000,0.000000
1068483.000000,32232.000000,0.000000,0.000000,0.000000
1068493.000000,32232.000000,0.000000,0.000000,0.000000
1068503.000000,32232.000000,0.000000,0.000000,0.000000
1068513.000000,32232.000000,0.000000,0.000000,0.000000
1068523.000000,32232.000000,0.000000,0.000000,0.000000
1068533.000000,32232.000000,0.000000,0.000000,0.000000
1068543.000000,32232.000000,0.000000,0.000000,0.000000
1068553.000000,32232.000000,0.000000,0.000000,0.000000
1068563.000000,32232.000000,0.000000,0.000000,0.000000
1068573.000000,32232.000000,0.000000,0.000000,0.000000
1068583.000000,32232.000000,0.000000,0.000000,0.000000
1068593.000000,32232.000000,0.000000,0.000000,0.000000
1068603.000000,32232.000000,0.000000,0.000000,0.000000
1068613.000000,32232.000000,0.000000,0.000000,0.000000
1068623.000000,32232.000000,0.000000,0.000000,0.000000
1068633.000000,32232.000000,0.000000,0.000000,0.000000
1068643.000000,32232.000000,0.000000,0.000000,0.000000
1068653.000000,32232.000000,0.000000,0.000000,0.000000
1068663.000000,32232.000000,0.000000,0.000000,0.000000
1068673.000000,32232.000000,0.000000,0.000000,0.000000
1068683.000000,32232.000000,0.000000,0.000000,0.000000
1068693.000000,32232.000000,0.000000,0.000000,0.000000
1068703.000000,32232.000000,0.000000,0.000000,0.000000
1068713.000000,32232.000000,0.000000,0.000000,0.000000
1068723.000000,32232.000000,0.000000,0.000000,0.000000
1068733.000000,32232.000000,0.000000,0.000000,0.000000
1068743.000000,32232.000000,0.000000,0.000000,0.000000
1068753.000000,32232.000000,0.000000,0.000000,0.000000
1068763.000000,32232.000000,0.000000,0.000000,0.000000
1068773.000000,32232.000000,0.000000,0.000000,0.000000
1068783.000000,32232.000000,0.000000,0.000000,0.000000
1068793.000000,32232.000000,0.000000,0.000000,0.000000
1068803.000000,32232.000000,0.000000,0.000000,0.000000
1068813.000000,32232.000000,0.000000,0.000000,0.000000
1068823.000000,32232.000000,0.000000,0.000000,0.000000
1068833.000000,32232.000000,0.000000,0.000000,0.000000
1068843.000000,32232.000000,0.000000,0.000000,0.000000
1068853.000000,32232.000000,0.000000,0.000000,0.000000
1068863.000000,32232.000000,0.000000,0.000000,0.000000
1068873.000000,32232.000000,0.000000,0.000000,0.000000
1068883.000000,32232.000000,0.000000,0.000000,0.000000
1068893.000000,32232.000000,0.000000,0.000000,0.000000
1068903.000000,32232.000000,0.000000,0.000000,0.000000
1068913.000000,32232.000000,0.000000,0.000000,0.000000
1068923.000000,32232.000000,0.000000,0.000000,0.000000
1068933.000000,32232.000000,0.000000,0.000000,0.000000
1068943.000000,32232.000000,0.000000,0.000000,0.000000
1068953.000000,32232.000000,0.000000,0.000000,0.000000
1068963.000000,32232.000000,0.000000,0.000000,0.000000
1068973.000000,32232.000000,0.000000,0.000000,0.000000
1068983.000000,32232.000000,0.000000,0.000000,0.000000
1068993.000000,32232.000000,0.000000,0.000000,0.000000
1069003.000000,32232.000000,0.000000,0.000000,0.000000
1069013.000000,32232.000000,0.000000,0.000000,0.000000
1069023.000000,32232.000000,0.000000,0.000000,0.000000
1069033.000000,32232.000000,0.000000,0.000000,0.000000
1069043.000000,32232.000000,0.000000,0.000000,0.000000
1069053.000000,32232.000000,0.000000,0.000000,0.000000
1069063.000000,32232.000000,0.000000,0.000000,0.000000
1069073.000000,32232.000000,0.000000,0.000000,0.000000
1069083.000000,32232.000000,0.000000,0.000000,0.000000
1069093.000000,32232.000000,0.000000,0.000000,0.000000
1069103.000000,32232.000000,0.000000,0.000000,0.000000
1069113.000000,32232.000000,0.000000,0.000000,0.000000
1069123.000000,32232.000000,0.000000,0.000000,0.000000
1069133.000000,32232.000000,0.000000,0.000000,0.000000
1069143.000000,32232.000000,0.000000,0.000000,0.000000
1069153.000000,32232.000000,0.000000,0.000000,0.000000
1069163.000000,32232.000000,0.000000,0.000000,0.000000
1069173.000000,32232.000000,0.000000,0.000000,0.000000
1069183.000000,32232.000000,0.000000,0.000000,0.000000
1069193.000000,32232.000000,0.000000,0.000000,0.000000
1069203.000000,32232.000000,0.000000,0.000000,0.000000
1069213.000000,32232.000000,0.000000,0.000000,0.000000
1069223.000000,32232.000000,0.000000,0.000000,0.000000
1069233.000000,32232.000000,0.000000,0.000000,0.000000
1069243.000000,32232.000000,0.000000,0.000000,0.000000
1069253.000000,32232.000000,0.000000,0.000000,0.000000
1069263.000000,32232.000000,0.000000,0.000000,0.000000
1069273.000000,32232.000000,0.000000,0.000000,0.000000
1069283.000000,32232.000000,0.000000,0.000000,0.000000
1069293.000000,32232.000000,0.000000,0.000000,0.000000
1069303.000000,32232.000000,0.000000,0.000000,0.000000
1069313.000000,32232.000000,0.000000,0.000000,0.000000
1069323.000000,32232.000000,0.000000,0.000000,0.000000
1069333.000000,32232.000000,0.000000,0.000000,0.000000
1069343.000000,32232.000000,0.000000,0.000000,0.000000
1069353.000000,32232.000000,0.000000,0.000000,0.000000
1069363.000000,32232.000000,0.000000,0.000000,0.000000
1069373.000000,32232.000000,0.000000,0.000000,0.000000
1069383.000000,32232.000000,0.000000,0.000000,0.000000
1069393.000000,32232.000000,0.000000,0.000000,0.000000
1069403.000000,32232.000000,0.000000,0.000000,0.000000
1069413.000000,32232.000000,0.000000,0.000000,0.000000
1069423.000000,32232.000000,0.000000,0.000000,0.000000
1069433.000000,32232.000000,0.000000,0.000000,0.000000
1069443.000000,32232.000000,0.000000,0.000000,0.000000
1069453.000000,32232.000000,0.000000,0.000000,0.000000
1069463.000000,32232.000000,0.000000,0.000000,0.000000
1069473.000000,32232.000000,0.000000,0.000000,0.000000
1069483.000000,32232.000000,0.000000,0.000000,0.000000
1069493.000000,32232.000000,0.000000,0.000000,0.000000
1069503.000000,32232.000000,0.000000,0.000000,0.000000
1069513.000000,32232.000000,0.000000,0.000000,0.000000
1069523.000000,32232.000000,0.000000,0.000000,0.000000
1069533.000000,32232.000000,0.000000,0.000000,0.000000
1069543.000000,32232.000000,0.000000,0.000000,0.000000
1069553.000000,32232.000000,0.000000,0.000000,0.000000
1069563.000000,32232.000000,0.000000,0.000000,0.000000
1069573.000000,32232.000000,0.000000,0.000000,0.000000
1069583.000000,32232.000000,0.000000,0.000000,0.000000
1069593.000000,32232.000000,0.000000,0.000000,0.000000
1069603.000000,32232.000000,0.000000,0.000000,0.000000
1069613.000000,32232.000000,0.000000,0.000000,0.000000
1069623.000000,32232.000000,0.000000,0.000000,0.000000
1069633.000000,32232.000000,0.000000,0.000000,0.000000
1069643.000000,32232.000000,0.000000,0.000000,0.000000
1069653.000000,32232.000000,0.000000,0.000000,0.000000
1069663.000000,32232.000000,0.000000,0.000000,0.000000
1069673.000000,32232.000000,0.000000,0.000000,0.000000
1069683.000000,32232.000000,0.000000,0.000000,0.000000
1069693.000000,32232.000000,0.000000,0.000000,0.000000
1069703.000000,32232.000000,0.000000,0.000000,0.000000
1069713.000000,32232.000000,0.000000,0.000000,0.000000
1069723.000000,32232.000000,0.000000,0.000000,0.000000
1069733.000000,32232.000000,0.000000,0.000000,0.000000
1069743.000000,32232.000000,0.000000,0.000000,0.000000
1069753.000000,32232.000000,0.000000,0.000000,0.000000
1069763.000000,32232.000000,0.000000,0.000000,0.000000
1069773.000000,32232.000000,0.000000,0.000000,0.000000
1069783.000000,32232.000000,0.000000,0.000000,0.000000
1069793.000000,32232.000000,0.000000,0.000000,0.000000
1069803.000000,32232.000000,0.000000,0.000000,0.000000
1069813.000000,32232.000000,0.000000,0.000000,0.000000
1069823.000000,32232.000000,0.000000,0.000000,0.000000
1069833.000000,32232.000000,0.000000,0.000000,0.000000
1069843.000000,32232.000000,0.000000,0.000000,0.000000
1069853.000000,32232.000000,0.000000,0.000000,0.000000
1069863.000000,32232.000000,0.000000,0.000000,0.000000
1069873.000000,32232.000000,0.000000,0.000000,0.000000
1069883.000000,32232.000000,0.000000,0.000000,0.000000
1069893.000000,32232.000000,0.000000,0.000000,0.000000
1069903.000000,32232.000000,0.000000,0.000000,0.000000
1069913.000000,32232.000000,0.000000,0.000000,0.000000
1069923.000000,32232.000000,0.000000,0.000000,0.000000
1069933.000000,32232.000000,0.000000,0.000000,0.000000
1069943.000000,32232.000000,0.000000,0.000000,0.000000
1069953.000000,32232.000000,0.000000,0.000000,0.000000
1069963.000000,32232.000000,0.000000,0.000000,0.000000
1069973.000000,32232.000000,0.000000,0.000000,0.000000
1069983.000000,32232.000000,0.000000,0.000000,0.000000
1069993.000000,32232.000000,0.000000,0.000000,0.000000
1070003.000000,32232.000000,0.000000,0.000000,0.000000
1070013.000000,32232.000000,0.000000,0.000000,0.000000
1070023.000000,32232.000000,0.000000,0.000000,0.000000
1070033.000000,32232.000000,0.000000,0.000000,0.000000
1070043.000000,32232.000000,0.000000,0.000000,0.000000
1070053.000000,32232.000000,0.000000,0.000000,0.000000
1070063.000000,32232.000000,0.000000,0.000000,0.000000
1070073.000000,32232.000000,0.000000,0.000000,0.000000
1070083.000000,32232.000000,0.000000,0.000000,0.000000
1070093.000000,32232.000000,0.000000,0.000000,0.000000
1070103.000000,32232.000000,0.000000,0.000000,0.000000
1070113.000000,32232.000000,0.000000,0.000000,0.000000
1070123.000000,32232.000000,0.000000,0.000000,0.000000
1070133.000000,32232.000000,0.000000,0.000000,0.000000
1070143.000000,32232.000000,0.000000,0.000000,0.000000
1070153.000000,32232.000000,0.000000,0.000000,0.000000
1070163.000000,32232.000000,0.000000,0.000000,0.000000
1070173.000000,32232.000000,0.000000,0.000000,0.000000
1070183.000000,32232.000000,0.000000,0.000000,0.000000
1070193.000000,32232.000000,0.000000,0.000000,0.000000
1070203.000000,32232.000000,0.000000,0.000000,0.000000
1070213.000000,32232.000000,0.000000,0.000000,0.000000
1070223.000000,32232.000000,0.000000,0.000000,0.000000
1070233.000000,32232.000000,0.000000,0.000000,0.000000
1070243.000000,32232.000000,0.000000,0.000000,0.000000
1070253.000000,32232.000000,0.000000,0.000000,0.000000
1070263.000000,32232.000000,0.000000,0.000000,0.000000
1070273.000000,32232.000000,0.000000,0.000000,0.000000
1070283.000000,32232.000000,0.000000,0.000000,0.000000
1070293.000000,32232.000000,0.000000,0.000000,0.000000
1070303.000000,32232.000000,0.000000,0.000000,0.000000
1070313.000000,32232.000000,0.000000,0.000000,0.000000
1070323.000000,32232.000000,0.000000,0.000000,0.000000
1070333.000000,32232.000000,0.000000,0.000000,0.000000
1070343.000000,32232.000000,0.000000,0.000000,0.000000
1070353.000000,32232.000000,0.000000,0.000000,0.000000
1070363.000000,32232.000000,0.000000,0.000000,0.000000
1070373.000000,32232.000000,0.000000,0.000000,0.000000
1070383.000000,32232.000000,0.000000,0.000000,0.000000
1070393.000000,32232.000000,0.000000,0.000000,0.000000
1070403.000000,32232.000000,0.000000,0.000000,0.000000
1070413.000000,32232.000000,0.000000,0.000000,0.000000
1070423.000000,32232.000000,0.000000,0.000000,0.000000
1070433.000000,32232.000000,0.000000,0.000000,0.000000
1070443.000000,32232.000000,0.000000,0.000000,0.000000
1070453.000000,32232.000000,0.000000,0.000000,0.000000
1070463.000000,32232.000000,0.000000,0.000000,0.000000
1070473.000000,32232.000000,0.000000,0.000000,0.000000
1070483.000000,32232.000000,0.000000,0.000000,0.000000
1070493.000000,32232.000000,0.000000,0.000000,0.000000
1070503.000000,32232.000000,0.000000,0.000000,0.000000
1070513.000000,32232.000000,0.000000,0.000000,0.000000
1070523.000000,32232.000000,0.000000,0.000000,0.000000
1070533.000000,32232.000000,0.000000,0.000000,0.000000
1070543.000000,32232.000000,0.000000,0.000000,0.000000
1070553.000000,32232.000000,0.000000,0.000000,0.000000
1070563.000000,32232.000000,0.000000,0.000000,0.000000
1070573.000000,32232.000000,0.000000,0.000000,0.000000
1070583.000000,32232.000000,0.000000,0.000000,0.000000
1070593.000000,32232.000000,0.000000,0.000000,0.000000
1070603.000000,32232.000000,0.000000,0.000000,0.000000
1070613.000000,32232.000000,0.000000,0.000000,0.000000
1070623.000000,32232.000000,0.000000,0.000000,0.000000
1070633.000000,32232.000000,0.000000,0.000000,0.000000
1070643.000000,32232.000000,0.000000,0.000000,0.000000
1070653.000000,32232.000000,0.000000,0.000000,0.000000
1070663.000000,32232.000000,0.000000,0.000000,0.000000
1070673.000000,32232.000000,0.000000,0.000000,0.000000
1070683.000000,32232.000000,0.000000,0.000000,0.000000
1070693.000000,32232.000000,0.000000,0.000000,0.000000
1070703.000000,32232.000000,0.000000,0.000000,0.000000
1070713.000000,32232.000000,0.000000,0.000000,0.000000
1070723.000000,32232.000000,0.000000,0.000000,0.000000
1070733.000000,32232.000000,0.000000,0.000000,0.000000
1070743.000000,32232.000000,0.000000,0.000000,0.000000
1070753.000000,32232.000000,0.000000,0.000000,0.000000
1070763.000000,32232.000000,0.000000,0.000000,0.000000
1070773.000000,32232.000000,0.000000,0.000000,0.000000
1070783.000000,32232.000000,0.000000,0.000000,0.000000
1070793.000000,32232.000000,0.000000,0.000000,0.000000
1070803.000000,32232.000000,0.000000,0.000000,0.000000
1070813.000000,32232.000000,0.000000,0.000000,0.000000
1070823.000000,32232.000000,0.000000,0.000000,0.000000
1070833.000000,32232.000000,0.000000,0.000000,0.000000
1070843.000000,32232.000000,0.000000,0.000000,0.000000
1070853.000000,32232.000000,0.000000,0.000000,0.000000
1070863.000000,32232.000000,0.000000,0.000000,0.000000
1070873.000000,32232.000000,0.000000,0.000000,0.000000
1070883.000000,32232.000000,0.000000,0.000000,0.000000
1070893.000000,32232.000000,0.000000,0.000000,0.000000
1070903.000000,32232.000000,0.000000,0.000000,0.000000
1070913.000000,32232.000000,0.000000,0.000000,0.000000
1070923.000000,32232.000000,0.000000,0.000000,0.000000
1070933.000000,32232.000000,0.000000,0.000000,0.000000
1070943.000000,32232.000000,0.000000,0.000000,0.000000
1070953.000000,32232.000000,0.000000,0.000000,0.000000
1070963.000000,32232.000000,0.000000,0.000000,0.000000
1070973.000000,32232.000000,0.000000,0.000000,0.000000
1070983.000000,32232.000000,0.000000,0.000000,0.000000
1070993.000000,32232.000000,0.000000,0.000000,0.000000
1071003.000000,32232.000000,0.000000,0.000000,0.000000
1071013.000000,32232.000000,0.000000,0.000000,0.000000
1071023.000000,32232.000000,0.000000,0.000000,0.000000
1071033.000000,32232.000000,0.000000,0.000000,0.000000
1071043.000000,32232.000000,0.000000,0.000000,0.000000
1071053.000000,32232.000000,0.000000,0.000000,0.000000
1071063.000000,32232.000000,0.000000,0.000000,0.000000
1071073.000000,32232.000000,0.000000,0.000000,0.000000
1071083.000000,32232.000000,0.000000,0.000000,0.000000
1071093.000000,32232.000000,0.000000,0.000000,0.000000
1071103.000000,32232.000000,0.000000,0.000000,0.000000
1071113.000000,32232.000000,0.000000,0.000000,0.000000
1071123.000000,32232.000000,0.000000,0.000000,0.000000
1071133.000000,32232.000000,0.000000,0.000000,0.000000
1071143.000000,32232.000000,0.000000,0.000000,0.000000
1071153.000000,32232.000000,0.000000,0.000000,0.000000
1071163.000000,32232.000000,0.000000,0.000000,0.000000
1071173.000000,32232.000000,0.000000,0.000000,0.000000
1071183.000000,32232.000000,0.000000,0.000000,0.000000
1071193.000000,32232.000000,0.000000,0.000000,0.000000
1071203.000000,32232.000000,0.000000,0.000000,0.000000
1071213.000000,32232.000000,0.000000,0.000000,0.000000
1071223.000000,32232.000000,0.000000,0.000000,0.000000
1071233.000000,32232.000000,0.000000,0.000000,0.000000
1071243.000000,32232.000000,0.000000,0.000000,0.000000
1071253.000000,32232.000000,0.000000,0.000000,0.000000
1071263.000000,32232.000000,0.000000,0.000000,0.000000
1071273.000000,32232.000000,0.000000,0.000000,0.000000
1071283.000000,32232.000000,0.000000,0.000000,0.000000
1071293.000000,32232.000000,0.000000,0.000000,0.000000
1071303.000000,32232.000000,0.000000,0.000000,0.000000
1071313.000000,32232.000000,0.000000,0.000000,0.000000
1071323.000000,32232.000000,0.000000,0.000000,0.000000
1071333.000000,32232.000000,0.000000,0.000000,0.000000
1071343.000000,32232.000000,0.000000,0.000000,0.000000
1071353.000000,32232.000000,0.000000,0.000000,0.000000
1071363.000000,32232.000000,0.000000,0.000000,0.000000
1071373.000000,32232.000000,0.000000,0.000000,0.000000
1071383.000000,32232.000000,0.000000,0.000000,0.000000
1071393.000000,32232.000000,0.000000,0.000000,0.000000
1071403.000000,32232.000000,0.000000,0.000000,0.000000
1071413.000000,32232.000000,0.000000,0.000000,0.000000
1071423.000000,32232.000000,0.000000,0.000000,0.000000
1071433.000000,32232.000000,0.000000,0.000000,0.000000
1071443.000000,32232.000000,0.000000,0.000000,0.000000
1071453.000000,32232.000000,0.000000,0.000000,0.000000
1071463.000000,32232.000000,0.000000,0.000000,0.000000
1071473.000000,32232.000000,0.000000,0.000000,0.000000
1071483.000000,32232.000000,0.000000,0.000000,0.000000
1071493.000000,32232.000000,0.000000,0.000000,0.000000
1071503.000000,32232.000000,0.000000,0.000000,0.000000
1071513.000000,32232.000000,0.000000,0.000000,0.000000
1071523.000000,32232.000000,0.000000,0.000000,0.000000
1071533.000000,32232.000000,0.000000,0.000000,0.000000
1071543.000000,32232.000000,0.000000,0.000000,0.000000
1071553.000000,32232.000000,0.000000,0.000000,0.000000
1071563.000000,32232.000000,0.000000,0.000000,0.000000
1071573.000000,32232.000000,0.000000,0.000000,0.000000
1071583.000000,32232.000000,0.000000,0.000000,0.000000
1071593.000000,32232.000000,0.000000,0.000000,0.000000
1071603.000000,32232.000000,0.000000,0.000000,0.000000
1071613.000000,32232.000000,0.000000,0.000000,0.000000
1071623.000000,32232.000000,0.000000,0.000000,0.000000
1071633.000000,32232.000000,0.000000,0.000000,0.000000
1071643.000000,32232.000000,0.000000,0.000000,0.000000
1071653.000000,32232.000000,0.000000,0.000000,0.000000
1071663.000000,32232.000000,0.000000,0.000000,0.000000
1071673.000000,32232.000000,0.000000,0.000000,0.000000
1071683.000000,32232.000000,0.000000,0.000000,0.000000
1071693.000000,32232.000000,0.000000,0.000000,0.000000
1071703.000000,32232.000000,0.000000,0.000000,0.000000
1071713.000000,32232.000000,0.000000,0.000000,0.000000
1071723.000000,32232.000000,0.000000,0.000000,0.000000
1071733.000000,32232.000000,0.000000,0.000000,0.000000
1071743.000000,32232.000000,0.000000,0.000000,0.000000
1071753.000000,32232.000000,0.000000,0.000000,0.000000
1071763.000000,32232.000000,0.000000,0.000000,0.000000
1071773.000000,32232.000000,0.000000,0.000000,0.000000
1071783.000000,32232.000000,0.000000,0.000000,0.000000
1071793.000000,32232.000000,0.000000,0.000000,0.000000
1071803.000000,32232.000000,0.000000,0.000000,0.000000
1071813.000000,32232.000000,0.000000,0.000000,0.000000
1071823.000000,32232.000000,0.000000,0.000000,0.000000
1071833.000000,32232.000000,0.000000,0.000000,0.000000
1071843.000000,32232.000000,0.000000,0.000000,0.000000
1071853.000000,32232.000000,0.000000,0.000000,0.000000
1071863.000000,32232.000000,0.000000,0.000000,0.000000
1071873.000000,32232.000000,0.000000,0.000000,0.000000
1071883.000000,32232.000000,0.000000,0.000000,0.000000
1071893.000000,32232.000000,0.000000,0.000000,0.000000
1071903.000000,32232.000000,0.000000,0.000000,0.000000
1071913.000000,32232.000000,0.000000,0.000000,0.000000
1071923.000000,32232.000000,0.000000,0.000000,0.000000
1071933.000000,32232.000000,0.000000,0.000000,0.000000
1071943.000000,32232.000000,0.000000,0.000000,0.000000
1071953.000000,32232.000000,0.000000,0.000000,0.000000
1071963.000000,32232.000000,0.000000,0.000000,0.000000
1071973.000000,32232.000000,0.000000,0.000000,0.000000
1071983.000000,32232.000000,0.000000,0.000000,0.000000
1071993.000000,32232.000000,0.000000,0.000000,0.000000
1072003.000000,32232.000000,0.000000,0.000000,0.000000
1072013.000000,32232.000000,0.000000,0.000000,0.000000
1072023.000000,32232.000000,0.000000,0.000000,0.000000
1072033.000000,32232.000000,0.000000,0.000000,0.000000
1072043.000000,32232.000000,0.000000,0.000000,0.000000
1072053.000000,32232.000000,0.000000,0.000000,0.000000
1072063.000000,32232.000000,0.000000,0.000000,0.000000
1072073.000000,32232.000000,0.000000,0.000000,0.000000
1072083.000000,32232.000000,0.000000,0.000000,0.000000
1072093.000000,32232.000000,0.000000,0.000000,0.000000
1072103.000000,32232.000000,0.000000,0.000000,0.000000
1072113.000000,32232.000000,0.000000,0.000000,0.000000
1072123.000000,32232.000000,0.000000,0.000000,0.000000
1072133.000000,32232.000000,0.000000,0.000000,0.000000
1072143.000000,32232.000000,0.000000,0.000000,0.000000
1072153.000000,32232.000000,0.000000,0.000000,0.000000
1072163.000000,32232.000000,0.000000,0.000000,0.000000
1072173.000000,32232.000000,0.000000,0.000000,0.000000
1072183.000000,32232.000000,0.000000,0.000000,0.000000
1072193.000000,32232.000000,0.000000,0.000000,0.000000
1072203.000000,32232.000000,0.000000,0.000000,0.000000
1072213.000000,32232.000000,0.000000,0.000000,0.000000
1072223.000000,32232.000000,0.000000,0.000000,0.000000
1072233.000000,32232.000000,0.000000,0.000000,0.000000
1072243.000000,32232.000000,0.000000,0.000000,0.000000
1072253.000000,32232.000000,0.000000,0.000000,0.000000
1072263.000000,32232.000000,0.000000,0.000000,0.000000
1072273.000000,32232.000000,0.000000,0.000000,0.000000
1072283.000000,32232.000000,0.000000,0.000000,0.000000
1072293.000000,32232.000000,0.000000,0.000000,0.000000
1072303.000000,32232.000000,0.000000,0.000000,0.000000
1072313.000000,32232.000000,0.000000,0.000000,0.000000
1072323.000000,32232.000000,0.000000,0.000000,0.000000
1072333.000000,32232.000000,0.000000,0.000000,0.000000
1072343.000000,32232.000000,0.000000,0.000000,0.000000
1072353.000000,32232.000000,0.000000,0.000000,0.000000
1072363.000000,32232.000000,0.000000,0.000000,0.000000
1072373.000000,32232.000000,0.000000,0.000000,0.000000
1072383.000000,32232.000000,0.000000,0.000000,0.000000
1072393.000000,32232.000000,0.000000,0.000000,0.000000
1072403.000000,32232.000000,0.000000,0.000000,0.000000
1072413.000000,32232.000000,0.000000,0.000000,0.000000
1072423.000000,32232.000000,0.000000,0.000000,0.000000
1072433.000000,32232.000000,0.000000,0.000000,0.000000
1072443.000000,32232.000000,0.000000,0.000000,0.000000
1072453.000000,32232.000000,0.000000,0.000000,0.000000
1072463.000000,32232.000000,0.000000,0.000000,0.000000
1072473.000000,32232.000000,0.000000,0.000000,0.000000
1072483.000000,32232.000000,0.000000,0.000000,0.000000
1072493.000000,32232.000000,0.000000,0.000000,0.000000
1072503.000000,32232.000000,0.000000,0.000000,0.000000
1072513.000000,32232.000000,0.000000,0.000000,0.000000
1072523.000000,32232.000000,0.000000,0.000000,0.000000
1072533.000000,32232.000000,0.000000,0.000000,0.000000
1072543.000000,32232.000000,0.000000,0.000000,0.000000
1072553.000000,32232.000000,0.000000,0.000000,0.000000
1072563.000000,32232.000000,0.000000,0.000000,0.000000
1072573.000000,32232.000000,0.000000,0.000000,0.000000
1072583.000000,32232.000000,0.000000,0.000000,0.000000
1072593.000000,32232.000000,0.000000,0.000000,0.000000
1072603.000000,32232.000000,0.000000,0.000000,0.000000
1072613.000000,32232.000000,0.000000,0.000000,0.000000
1072623.000000,32232.000000,0.000000,0.000000,0.000000
1072633.000000,32232.000000,0.000000,0.000000,0.000000
1072643.000000,32232.000000,0.000000,0.000000,0.000000
1072653.000000,32232.000000,0.000000,0.000000,0.000000
1072663.000000,32232.000000,0.000000,0.000000,0.000000
1072673.000000,32232.000000,0.000000,0.000000,0.000000
1072683.000000,32232.000000,0.000000,0.000000,0.000000
1072693.000000,32232.000000,0.000000,0.000000,0.000000
1072703.000000,32232.000000,0.000000,0.000000,0.000000
1072713.000000,32232.000000,0.000000,0.000000,0.000000
1072723.000000,32232.000000,0.000000,0.000000,0.000000
1072733.000000,32232.000000,0.000000,0.000000,0.000000
1072743.000000,32232.000000,0.000000,0.000000,0.000000
1072753.000000,32232.000000,0.000000,0.000000,0.000000
1072763.000000,32232.000000,0.000000,0.000000,0.000000
1072773.000000,32232.000000,0.000000,0.000000,0.000000
1072783.000000,32232.000000,0.000000,0.000000,0.000000
1072793.000000,32232.000000,0.000000,0.000000,0.000000
1072803.000000,32232.000000,0.000000,0.000000,0.000000
1072813.000000,32232.000000,0.000000,0.000000,0.000000
1072823.000000,32232.000000,0.000000,0.000000,0.000000
1072833.000000,32232.000000,0.000000,0.000000,0.000000
1072843.000000,32232.000000,0.000000,0.000000,0.000000
1072853.000000,32232.000000,0.000000,0.000000,0.000000
1072863.000000,32232.000000,0.000000,0.000000,0.000000
1072873.000000,32232.000000,0.000000,0.000000,0.000000
1072883.000000,32232.000000,0.000000,0.000000,0.000000
1072893.000000,32232.000000,0.000000,0.000000,0.000000
1072903.000000,32232.000000,0.000000,0.000000,0.000000
1072913.000000,32232.000000,0.000000,0.000000,0.000000
1072923.000000,32232.000000,0.000000,0.000000,0.000000
1072933.000000,32232.000000,0.000000,0.000000,0.000000
1072943.000000,32232.000000,0.000000,0.000000,0.000000
1072953.000000,32232.000000,0.000000,0.000000,0.000000
1072963.000000,32232.000000,0.000000,0.000000,0.000000
1072973.000000,32232.000000,0.000000,0.000000,0.000000
1072983.000000,32232.000000,0.000000,0.000000,0.000000
1072993.000000,32232.000000,0.000000,0.000000,0.000000
1073003.000000,32232.000000,0.000000,0.000000,0.000000
1073013.000000,32232.000000,0.000000,0.000000,0.000000
1073023.000000,32232.000000,0.000000,0.000000,0.000000
1073033.000000,32232.000000,0.000000,0.000000,0.000000
1073043.000000,32232.000000,0.000000,0.000000,0.000000
1073053.000000,32232.000000,0.000000,0.000000,0.000000
1073063.000000,32232.000000,0.000000,0.000000,0.000000
1073073.000000,32232.000000,0.000000,0.000000,0.000000
1073083.000000,32232.000000,0.000000,0.000000,0.000000
1073093.000000,32232.000000,0.000000,0.000000,0.000000
1073103.000000,32232.000000,0.000000,0.000000,0.000000
1073113.000000,32232.000000,0.000000,0.000000,0.000000
1073123.000000,32232.000000,0.000000,0.000000,0.000000
1073133.000000,32232.000000,0.000000,0.000000,0.000000
1073143.000000,32232.000000,0.000000,0.000000,0.000000
1073153.000000,32232.000000,0.000000,0.000000,0.000000
1073163.000000,32232.000000,0.000000,0.000000,0.000000
1073173.000000,32232.000000,0.000000,0.000000,0.000000
1073183.000000,32232.000000,0.000000,0.000000,0.000000
1073193.000000,32232.000000,0.000000,0.000000,0.000000
1073203.000000,32232.000000,0.000000,0.000000,0.000000
1073213.000000,32232.000000,0.000000,0.000000,0.000000
1073223.000000,32232.000000,0.000000,0.000000,0.000000
1073233.000000,32232.000000,0.000000,0.000000,0.000000
1073243.000000,32232.000000,0.000000,0.000000,0.000000
1073253.000000,32232.000000,0.000000,0.000000,0.000000
1073263.000000,32232.000000,0.000000,0.000000,0.000000
1073273.000000,32232.000000,0.000000,0.000000,0.000000
1073283.000000,32232.000000,0.000000,0.000000,0.000000
1073293.000000,32232.000000,0.000000,0.000000,0.000000
1073303.000000,32232.000000,0.000000,0.000000,0.000000
1073313.000000,32232.000000,0.000000,0.000000,0.000000
1073323.000000,32232.000000,0.000000,0.000000,0.000000
1073333.000000,32232.000000,0.000000,0.000000,0.000000
1073343.000000,32232.000000,0.000000,0.000000,0.000000
1073353.000000,32232.000000,0.000000,0.000000,0.000000
1073363.000000,32232.000000,0.000000,0.000000,0.000000
1073373.000000,32232.000000,0.000000,0.000000,0.000000
1073383.000000,32232.000000,0.000000,0.000000,0.000000
1073393.000000,32232.000000,0.000000,0.000000,0.000000
1073403.000000,32232.000000,0.000000,0.000000,0.000000
1073413.000000,32232.000000,0.000000,0.000000,0.000000
1073423.000000,32232.000000,0.000000,0.000000,0.000000
1073433.000000,32232.000000,0.000000,0.000000,0.000000
1073443.000000,32232.000000,0.000000,0.000000,0.000000
1073453.000000,32232.000000,0.000000,0.000000,0.000000
1073463.000000,32232.000000,0.000000,0.000000,0.000000
1073473.000000,32232.000000,0.000000,0.000000,0.000000
1073483.000000,32232.000000,0.000000,0.000000,0.000000
1073493.000000,32232.000000,0.000000,0.000000,0.000000
1073503.000000,32232.000000,0.000000,0.000000,0.000000
1073513.000000,32232.000000,0.000000,0.000000,0.000000
1073523.000000,32232.000000,0.000000,0.000000,0.000000
1073533.000000,32232.000000,0.000000,0.000000,0.000000
1073543.000000,32232.000000,0.000000,0.000000,0.000000
1073553.000000,32232.000000,0.000000,0.000000,0.000000
1073563.000000,32232.000000,0.000000,0.000000,0.000000
1073573.000000,32232.000000,0.000000,0.000000,0.000000
1073583.000000,32232.000000,0.000000,0.000000,0.000000
1073593.000000,32232.000000,0.000000,0.000000,0.000000
1073603.000000,32232.000000,0.000000,0.000000,0.000000
1073613.000000,32232.000000,0.000000,0.000000,0.000000
1073623.000000,32232.000000,0.000000,0.000000,0.000000
1073633.000000,32232.000000,0.000000,0.000000,0.000000
1073643.000000,32232.000000,0.000000,0.000000,0.000000
1073653.000000,32232.000000,0.000000,0.000000,0.000000
1073663.000000,32232.000000,0.000000,0.000000,0.000000
1073673.000000,32232.000000,0.000000,0.000000,0.000000
1073683.000000,32232.000000,0.000000,0.000000,0.000000
1073693.000000,32232.000000,0.000000,0.000000,0.000000
1073703.000000,32232.000000,0.000000,0.000000,0.000000
1073713.000000,32232.000000,0.000000,0.000000,0.000000
1073723.000000,32232.000000,0.000000,0.000000,0.000000
1073733.000000,32232.000000,0.000000,0.000000,0.000000
1073743.000000,32232.000000,0.000000,0.000000,0.000000
1073753.000000,32232.000000,0.000000,0.000000,0.000000
1073763.000000,32232.000000,0.000000,0.000000,0.000000
1073773.000000,32232.000000,0.000000,0.000000,0.000000
1073783.000000,32232.000000,0.000000,0.000000,0.000000
1073793.000000,32232.000000,0.000000,0.000000,0.000000
1073803.000000,32232.000000,0.000000,0.000000,0.000000
1073813.000000,32232.000000,0.000000,0.000000,0.000000
1073823.000000,32232.000000,0.000000,0.000000,0.000000
1073833.000000,32232.000000,0.000000,0.000000,0.000000
1073843.000000,32232.000000,0.000000,0.000000,0.000000
1073853.000000,32232.000000,0.000000,0.000000,0.000000
1073863.000000,32232.000000,0.000000,0.000000,0.000000
1073873.000000,32232.000000,0.000000,0.000000,0.000000
1073883.000000,32232.000000,0.000000,0.000000,0.000000
1073893.000000,32232.000000,0.000000,0.000000,0.000000
1073903.000000,32232.000000,0.000000,0.000000,0.000000
1073913.000000,32232.000000,0.000000,0.000000,0.000000
1073923.000000,32232.000000,0.000000,0.000000,0.000000
1073933.000000,32232.000000,0.000000,0.000000,0.000000
1073943.000000,32232.000000,0.000000,0.000000,0.000000
1073953.000000,32232.000000,0.000000,0.000000,0.000000
1073963.000000,32232.000000,0.000000,0.000000,0.000000
1073973.000000,32232.000000,0.000000,0.000000,0.000000
1073983.000000,32232.000000,0.000000,0.000000,0.000000
1073993.000000,32232.000000,0.000000,0.000000,0.000000
1074003.000000,32232.000000,0.000000,0.000000,0.000000
1074013.000000,32232.000000,0.000000,0.000000,0.000000
1074023.000000,32232.000000,0.000000,0.000000,0.000000
1074033.000000,32232.000000,0.000000,0.000000,0.000000
1074043.000000,32232.000000,0.000000,0.000000,0.000000
1074053.000000,32232.000000,0.000000,0.000000,0.000000
1074063.000000,32232.000000,0.000000,0.000000,0.000000
1074073.000000,32232.000000,0.000000,0.000000,0.000000
1074083.000000,32232.000000,0.000000,0.000000,0.000000
1074093.000000,32232.000000,0.000000,0.000000,0.000000
1074103.000000,32232.000000,0.000000,0.000000,0.000000
1074113.000000,32232.000000,0.000000,0.000000,0.000000
1074123.000000,32232.000000,0.000000,0.000000,0.000000
1074133.000000,32232.000000,0.000000,0.000000,0.000000
1074143.000000,32232.000000,0.000000,0.000000,0.000000
1074153.000000,32232.000000,0.000000,0.000000,0.000000
1074163.000000,32232.000000,0.000000,0.000000,0.000000
1074173.000000,32232.000000,0.000000,0.000000,0.000000
1074183.000000,32232.000000,0.000000,0.000000,0.000000
1074193.000000,32232.000000,0.000000,0.000000,0.000000
1074203.000000,32232.000000,0.000000,0.000000,0.000000
1074213.000000,32232.000000,0.000000,0.000000,0.000000
1074223.000000,32232.000000,0.000000,0.000000,0.000000
1074233.000000,32232.000000,0.000000,0.000000,0.000000
1074243.000000,32232.000000,0.000000,0.000000,0.000000
1074253.000000,32232.000000,0.000000,0.000000,0.000000
1074263.000000,32232.000000,0.000000,0.000000,0.000000
1074273.000000,32232.000000,0.000000,0.000000,0.000000
1074283.000000,32232.000000,0.000000,0.000000,0.000000
1074293.000000,32232.000000,0.000000,0.000000,0.000000
1074303.000000,32232.000000,0.000000,0.000000,0.000000
1074313.000000,32232.000000,0.000000,0.000000,0.000000
1074323.000000,32232.000000,0.000000,0.000000,0.000000
1074333.000000,32232.000000,0.000000,0.000000,0.000000
1074343.000000,32232.000000,0.000000,0.000000,0.000000
1074353.000000,32232.000000,0.000000,0.000000,0.000000
1074363.000000,32232.000000,0.000000,0.000000,0.000000
1074373.000000,32232.000000,0.000000,0.000000,0.000000
1074383.000000,32232.000000,0.000000,0.000000,0.000000
1074393.000000,32232.000000,0.000000,0.000000,0.000000
1074403.000000,32232.000000,0.000000,0.000000,0.000000
1074413.000000,32232.000000,0.000000,0.000000,0.000000
1074423.000000,32232.000000,0.000000,0.000000,0.000000
1074433.000000,32232.000000,0.000000,0.000000,0.000000
1074443.000000,32232.000000,0.000000,0.000000,0.000000
1074453.000000,32232.000000,0.000000,0.000000,0.000000
1074463.000000,32232.000000,0.000000,0.000000,0.000000
1074473.000000,32232.000000,0.000000,0.000000,0.000000
1074483.000000,32232.000000,0.000000,0.000000,0.000000
1074493.000000,32232.000000,0.000000,0.000000,0.000000
1074503.000000,32232.000000,0.000000,0.000000,0.000000
1074513.000000,32232.000000,0.000000,0.000000,0.000000
1074523.000000,32232.000000,0.000000,0.000000,0.000000
1074533.000000,32232.000000,0.000000,0.000000,0.000000
1074543.000000,32232.000000,0.000000,0.000000,0.000000
1074553.000000,32232.000000,0.000000,0.000000,0.000000
1074563.000000,32232.000000,0.000000,0.000000,0.000000
1074573.000000,32232.000000,0.000000,0.000000,0.000000
1074583.000000,32232.000000,0.000000,0.000000,0.000000
1074593.000000,32232.000000,0.000000,0.000000,0.000000
1074603.000000,32232.000000,0.000000,0.000000,0.000000
1074613.000000,32232.000000,0.000000,0.000000,0.000000
1074623.000000,32232.000000,0.000000,0.000000,0.000000
1074633.000000,32232.000000,0.000000,0.000000,0.000000
1074643.000000,32232.000000,0.000000,0.000000,0.000000
1074653.000000,32232.000000,0.000000,0.000000,0.000000
1074663.000000,32232.000000,0.000000,0.000000,0.000000
1074673.000000,32232.000000,0.000000,0.000000,0.000000
1074683.000000,32232.000000,0.000000,0.000000,0.000000
1074693.000000,32232.000000,0.000000,0.000000,0.000000
1074703.000000,32232.000000,0.000000,0.000000,0.000000
1074713.000000,32232.000000,0.000000,0.000000,0.000000
1074723.000000,32232.000000,0.000000,0.000000,0.000000
1074733.000000,32232.000000,0.000000,0.000000,0.000000
1074743.000000,32232.000000,0.000000,0.000000,0.000000
1074753.000000,32232.000000,0.000000,0.000000,0.000000
1074763.000000,32232.000000,0.000000,0.000000,0.000000
1074773.000000,32232.000000,0.000000,0.000000,0.000000
1074783.000000,32232.000000,0.000000,0.000000,0.000000
1074793.000000,32232.000000,0.000000,0.000000,0.000000
1074803.000000,32232.000000,0.000000,0.000000,0.000000
1074813.000000,32232.000000,0.000000,0.000000,0.000000
1074823.000000,32232.000000,0.000000,0.000000,0.000000
1074833.000000,32232.000000,0.000000,0.000000,0.000000
1074843.000000,32232.000000,0.000000,0.000000,0.000000
1074853.000000,32232.000000,0.000000,0.000000,0.000000
1074863.000000,32232.000000,0.000000,0.000000,0.000000
1074873.000000,32232.000000,0.000000,0.000000,0.000000
1074883.000000,32232.000000,0.000000,0.000000,0.000000
1074893.000000,32232.000000,0.000000,0.000000,0.000000
1074903.000000,32232.000000,0.000000,0.000000,0.000000
1074913.000000,32232.000000,0.000000,0.000000,0.000000
1074923.000000,32232.000000,0.000000,0.000000,0.000000
1074933.000000,32232.000000,0.000000,0.000000,0.000000
1074943.000000,32232.000000,0.000000,0.000000,0.000000
1074953.000000,32232.000000,0.000000,0.000000,0.000000
1074963.000000,32232.000000,0.000000,0.000000,0.000000
1074973.000000,32232.000000,0.000000,0.000000,0.000000
1074983.000000,32232.000000,0.000000,0.000000,0.000000
1074993.000000,32232.000000,0.000000,0.000000,0.000000
1075003.000000,32232.000000,0.000000,0.000000,0.000000
1075013.000000,32232.000000,0.000000,0.000000,0.000000
1075023.000000,32232.000000,0.000000,0.000000,0.000000
1075033.000000,32232.000000,0.000000,0.000000,0.000000
1075043.000000,32232.000000,0.000000,0.000000,0.000000
1075053.000000,32232.000000,0.000000,0.000000,0.000000
1075063.000000,32232.000000,0.000000,0.000000,0.000000
1075073.000000,32232.000000,0.000000,0.000000,0.000000
1075083.000000,32232.000000,0.000000,0.000000,0.000000
1075093.000000,32232.000000,0.000000,0.000000,0.000000
1075103.000000,32232.000000,0.000000,0.000000,0.000000
1075113.000000,32232.000000,0.000000,0.000000,0.000000
1075123.000000,32232.000000,0.000000,0.000000,0.000000
1075133.000000,32232.000000,0.000000,0.000000,0.000000
1075143.000000,32232.000000,0.000000,0.000000,0.000000
1075153.000000,32232.000000,0.000000,0.000000,0.000000
1075163.000000,32232.000000,0.000000,0.000000,0.000000
1075173.000000,32232.000000,0.000000,0.000000,0.000000
1075183.000000,32232.000000,0.000000,0.000000,0.000000
1075193.000000,32232.000000,0.000000,0.000000,0.000000
1075203.000000,32232.000000,0.000000,0.000000,0.000000
1075213.000000,32232.000000,0.000000,0.000000,0.000000
1075223.000000,32232.000000,0.000000,0.000000,0.000000
1075233.000000,32232.000000,0.000000,0.000000,0.000000
1075243.000000,32232.000000,0.000000,0.000000,0.000000
1075253.000000,32232.000000,0.000000,0.000000,0.000000
1075263.000000,32232.000000,0.000000,0.000000,0.000000
1075273.000000,32232.000000,0.000000,0.000000,0.000000
1075283.000000,32232.000000,0.000000,0.000000,0.000000
1075293.000000,32232.000000,0.000000,0.000000,0.000000
1075303.000000,32232.000000,0.000000,0.000000,0.000000
1075313.000000,32232.000000,0.000000,0.000000,0.000000
1075323.000000,32232.000000,0.000000,0.000000,0.000000
1075333.000000,32232.000000,0.000000,0.000000,0.000000
1075343.000000,32232.000000,0.000000,0.000000,0.000000
1075353.000000,32232.000000,0.000000,0.000000,0.000000
1075363.000000,32232.000000,0.000000,0.000000,0.000000
1075373.000000,32232.000000,0.000000,0.000000,0.000000
1075383.000000,32232.000000,0.000000,0.000000,0.000000
1075393.000000,32232.000000,0.000000,0.000000,0.000000
1075403.000000,32232.000000,0.000000,0.000000,0.000000
1075413.000000,32232.000000,0.000000,0.000000,0.000000
1075423.000000,32232.000000,0.000000,0.000000,0.000000
1075433.000000,32232.000000,0.000000,0.000000,0.000000
1075443.000000,32232.000000,0.000000,0.000000,0.000000
1075453.000000,32232.000000,0.000000,0.000000,0.000000
1075463.000000,32232.000000,0.000000,0.000000,0.000000
1075473.000000,32232.000000,0.000000,0.000000,0.000000
1075483.000000,32232.000000,0.000000,0.000000,0.000000
1075493.000000,32232.000000,0.000000,0.000000,0.000000
1075503.000000,32232.000000,0.000000,0.000000,0.000000
1075513.000000,32232.000000,0.000000,0.000000,0.000000
1075523.000000,32232.000000,0.000000,0.000000,0.000000
1075533.000000,32232.000000,0.000000,0.000000,0.000000
1075543.000000,32232.000000,0.000000,0.000000,0.000000
1075553.000000,32232.000000,0.000000,0.000000,0.000000
1075563.000000,32232.000000,0.000000,0.000000,0.000000
1075573.000000,32232.000000,0.000000,0.000000,0.000000
1075583.000000,32232.000000,0.000000,0.000000,0.000000
1075593.000000,32232.000000,0.000000,0.000000,0.000000
1075603.000000,32232.000000,0.000000,0.000000,0.000000
1075613.000000,32232.000000,0.000000,0.000000,0.000000
1075623.000000,32232.000000,0.000000,0.000000,0.000000
1075633.000000,32232.000000,0.000000,0.000000,0.000000
1075643.000000,32232.000000,0.000000,0.000000,0.000000
1075653.000000,32232.000000,0.000000,0.000000,0.000000
1075663.000000,32232.000000,0.000000,0.000000,0.000000
1075673.000000,32232.000000,0.000000,0.000000,0.000000
1075683.000000,32232.000000,0.000000,0.000000,0.000000
1075693.000000,32232.000000,0.000000,0.000000,0.000000
1075703.000000,32232.000000,0.000000,0.000000,0.000000
1075713.000000,32232.000000,0.000000,0.000000,0.000000
1075723.000000,32232.000000,0.000000,0.000000,0.000000
1075733.000000,32232.000000,0.000000,0.000000,0.000000
1075743.000000,32232.000000,0.000000,0.000000,0.000000
1075753.000000,32232.000000,0.000000,0.000000,0.000000
1075763.000000,32232.000000,0.000000,0.000000,0.000000
1075773.000000,32232.000000,0.000000,0.000000,0.000000
1075783.000000,32232.000000,0.000000,0.000000,0.000000
1075793.000000,32232.000000,0.000000,0.000000,0.000000
1075803.000000,32232.000000,0.000000,0.000000,0.000000
1075813.000000,32232.000000,0.000000,0.000000,0.000000
1075823.000000,32232.000000,0.000000,0.000000,0.000000
1075833.000000,32232.000000,0.000000,0.000000,0.000000
1075843.000000,32232.000000,0.000000,0.000000,0.000000
1075853.000000,32232.000000,0.000000,0.000000,0.000000
1075863.000000,32232.000000,0.000000,0.000000,0.000000
1075873.000000,32232.000000,0.000000,0.000000,0.000000
1075883.000000,32232.000000,0.000000,0.000000,0.000000
1075893.000000,32232.000000,0.000000,0.000000,0.000000
1075903.000000,32232.000000,0.000000,0.000000,0.000000
1075913.000000,32232.000000,0.000000,0.000000,0.000000
1075923.000000,32232.000000,0.000000,0.000000,0.000000
1075933.000000,32232.000000,0.000000,0.000000,0.000000
1075943.000000,32232.000000,0.000000,0.000000,0.000000
1075953.000000,32232.000000,0.000000,0.000000,0.000000
1075963.000000,32232.000000,0.000000,0.000000,0.000000
1075973.000000,32232.000000,0.000000,0.000000,0.000000
1075983.000000,32232.000000,0.000000,0.000000,0.000000
1075993.000000,32232.000000,0.000000,0.000000,0.000000
1076003.000000,32232.000000,0.000000,0.000000,0.000000
1076013.000000,32232.000000,0.000000,0.000000,0.000000
1076023.000000,32232.000000,0.000000,0.000000,0.000000
1076033.000000,32232.000000,0.000000,0.000000,0.000000
1076043.000000,32232.000000,0.000000,0.000000,0.000000
1076053.000000,32232.000000,0.000000,0.000000,0.000000
1076063.000000,32232.000000,0.000000,0.000000,0.000000
1076073.000000,32232.000000,0.000000,0.000000,0.000000
1076083.000000,32232.000000,0.000000,0.000000,0.000000
1076093.000000,32232.000000,0.000000,0.000000,0.000000
1076103.000000,32232.000000,0.000000,0.000000,0.000000
1076113.000000,32232.000000,0.000000,0.000000,0.000000
1076123.000000,32232.000000,0.000000,0.000000,0.000000
1076133.000000,32232.000000,0.000000,0.000000,0.000000
1076143.000000,32232.000000,0.000000,0.000000,0.000000
1076153.000000,32232.000000,0.000000,0.000000,0.000000
1076163.000000,32232.000000,0.000000,0.000000,0.000000
1076173.000000,32232.000000,0.000000,0.000000,0.000000
1076183.000000,32232.000000,0.000000,0.000000,0.000000
1076193.000000,32232.000000,0.000000,0.000000,0.000000
1076203.000000,32232.000000,0.000000,0.000000,0.000000
1076213.000000,32232.000000,0.000000,0.000000,0.000000
1076223.000000,32232.000000,0.000000,0.000000,0.000000
1076233.000000,32232.000000,0.000000,0.000000,0.000000
1076243.000000,32232.000000,0.000000,0.000000,0.000000
1076253.000000,32232.000000,0.000000,0.000000,0.000000
1076263.000000,32232.000000,0.000000,0.000000,0.000000
1076273.000000,32232.000000,0.000000,0.000000,0.000000
1076283.000000,32232.000000,0.000000,0.000000,0.000000
1076293.000000,32232.000000,0.000000,0.000000,0.000000
1076303.000000,32232.000000,0.000000,0.000000,0.000000
1076313.000000,32232.000000,0.000000,0.000000,0.000000
1076323.000000,32232.000000,0.000000,0.000000,0.000000
1076333.000000,32232.000000,0.000000,0.000000,0.000000
1076343.000000,32232.000000,0.000000,0.000000,0.000000
1076353.000000,32232.000000,0.000000,0.000000,0.000000
1076363.000000,32232.000000,0.000000,0.000000,0.000000
1076373.000000,32232.000000,0.000000,0.000000,0.000000
1076383.000000,32232.000000,0.000000,0.000000,0.000000
1076393.000000,32232.000000,0.000000,0.000000,0.000000
1076403.000000,32232.000000,0.000000,0.000000,0.000000
1076413.000000,32232.000000,0.000000,0.000000,0.000000
1076423.000000,32232.000000,0.000000,0.000000,0.000000
1076433.000000,32232.000000,0.000000,0.000000,0.000000
1076443.000000,32232.000000,0.000000,0.000000,0.000000
1076453.000000,32232.000000,0.000000,0.000000,0.000000
1076463.000000,32232.000000,0.000000,0.000000,0.000000
1076473.000000,32232.000000,0.000000,0.000000,0.000000
1076483.000000,32232.000000,0.000000,0.000000,0.000000
1076493.000000,32232.000000,0.000000,0.000000,0.000000
1076503.000000,32232.000000,0.000000,0.000000,0.000000
1076513.000000,32232.000000,0.000000,0.000000,0.000000
1076523.000000,32232.000000,0.000000,0.000000,0.000000
1076533.000000,32232.000000,0.000000,0.000000,0.000000
1076543.000000,32232.000000,0.000000,0.000000,0.000000
1076553.000000,32232.000000,0.000000,0.000000,0.000000
1076563.000000,32232.000000,0.000000,0.000000,0.000000
1076573.000000,32232.000000,0.000000,0.000000,0.000000
1076583.000000,32232.000000,0.000000,0.000000,0.000000
1076593.000000,32232.000000,0.000000,0.000000,0.000000
1076603.000000,32232.000000,0.000000,0.000000,0.000000
1076613.000000,32232.000000,0.000000,0.000000,0.000000
1076623.000000,32232.000000,0.000000,0.000000,0.000000
1076633.000000,32232.000000,0.000000,0.000000,0.000000
1076643.000000,32232.000000,0.000000,0.000000,0.000000
1076653.000000,32232.000000,0.000000,0.000000,0.000000
1076663.000000,32232.000000,0.000000,0.000000,0.000000
1076673.000000,32232.000000,0.000000,0.000000,0.000000
1076683.000000,32232.000000,0.000000,0.000000,0.000000
1076693.000000,32232.000000,0.000000,0.000000,0.000000
1076703.000000,32232.000000,0.000000,0.000000,0.000000
1076713.000000,32232.000000,0.000000,0.000000,0.000000
1076723.000000,32232.000000,0.000000,0.000000,0.000000
1076733.000000,32232.000000,0.000000,0.000000,0.000000
1076743.000000,32232.000000,0.000000,0.000000,0.000000
1076753.000000,32232.000000,0.000000,0.000000,0.000000
1076763.000000,32232.000000,0.000000,0.000000,0.000000
1076773.000000,32232.000000,0.000000,0.000000,0.000000
1076783.000000,32232.000000,0.000000,0.000000,0.000000
1076793.000000,32232.000000,0.000000,0.000000,0.000000
1076803.000000,32232.000000,0.000000,0.000000,0.000000
1076813.000000,32232.000000,0.000000,0.000000,0.000000
1076823.000000,32232.000000,0.000000,0.000000,0.000000
1076833.000000,32232.000000,0.000000,0.000000,0.000000
1076843.000000,32232.000000,0.000000,0.000000,0.000000
1076853.000000,32232.000000,0.000000,0.000000,0.000000
1076863.000000,32232.000000,0.000000,0.000000,0.000000
1076873.000000,32232.000000,0.000000,0.000000,0.000000
1076883.000000,32232.000000,0.000000,0.000000,0.000000
1076893.000000,32232.000000,0.000000,0.000000,0.000000
1076903.000000,32232.000000,0.000000,0.000000,0.000000
1076913.000000,32232.000000,0.000000,0.000000,0.000000
1076923.000000,32232.000000,0.000000,0.000000,0.000000
1076933.000000,32232.000000,0.000000,0.000000,0.000000
1076943.000000,32232.000000,0.000000,0.000000,0.000000
1076953.000000,32232.000000,0.000000,0.000000,0.000000
1076963.000000,32232.000000,0.000000,0.000000,0.000000
1076973.000000,32232.000000,0.000000,0.000000,0.000000
1076983.000000,32232.000000,0.000000,0.000000,0.000000
1076993.000000,32232.000000,0.000000,0.000000,0.000000
1077003.000000,32232.000000,0.000000,0.000000,0.000000
1077013.000000,32232.000000,0.000000,0.000000,0.000000
1077023.000000,32232.000000,0.000000,0.000000,0.000000
1077033.000000,32232.000000,0.000000,0.000000,0.000000
1077043.000000,32232.000000,0.000000,0.000000,0.000000
1077053.000000,32232.000000,0.000000,0.000000,0.000000
1077063.000000,32232.000000,0.000000,0.000000,0.000000
1077073.000000,32232.000000,0.000000,0.000000,0.000000
1077083.000000,32232.000000,0.000000,0.000000,0.000000
1077093.000000,32232.000000,0.000000,0.000000,0.000000
1077103.000000,32232.000000,0.000000,0.000000,0.000000
1077113.000000,32232.000000,0.000000,0.000000,0.000000
1077123.000000,32232.000000,0.000000,0.000000,0.000000
1077133.000000,32232.000000,0.000000,0.000000,0.000000
1077143.000000,32232.000000,0.000000,0.000000,0.000000
1077153.000000,32232.000000,0.000000,0.000000,0.000000
1077163.000000,32232.000000,0.000000,0.000000,0.000000
1077173.000000,32232.000000,0.000000,0.000000,0.000000
1077183.000000,32232.000000,0.000000,0.000000,0.000000
1077193.000000,32232.000000,0.000000,0.000000,0.000000
1077203.000000,32232.000000,0.000000,0.000000,0.000000
1077213.000000,32232.000000,0.000000,0.000000,0.000000
1077223.000000,32232.000000,0.000000,0.000000,0.000000
1077233.000000,32232.000000,0.000000,0.000000,0.000000
1077243.000000,32232.000000,0.000000,0.000000,0.000000
1077253.000000,32232.000000,0.000000,0.000000,0.000000
1077263.000000,32232.000000,0.000000,0.000000,0.000000
1077273.000000,32232.000000,0.000000,0.000000,0.000000
1077283.000000,32232.000000,0.000000,0.000000,0.000000
1077293.000000,32232.000000,0.000000,0.000000,0.000000
1077303.000000,32232.000000,0.000000,0.000000,0.000000
1077313.000000,32232.000000,0.000000,0.000000,0.000000
1077323.000000,32232.000000,0.000000,0.000000,0.000000
1077333.000000,32232.000000,0.000000,0.000000,0.000000
1077343.000000,32232.000000,0.000000,0.000000,0.000000
1077353.000000,32232.000000,0.000000,0.000000,0.000000
1077363.000000,32232.000000,0.000000,0.000000,0.000000
1077373.000000,32232.000000,0.000000,0.000000,0.000000
1077383.000000,32232.000000,0.000000,0.000000,0.000000
1077393.000000,32232.000000,0.000000,0.000000,0.000000
1077403.000000,32232.000000,0.000000,0.000000,0.000000
1077413.000000,32232.000000,0.000000,0.000000,0.000000
1077423.000000,32232.000000,0.000000,0.000000,0.000000
1077433.000000,32232.000000,0.000000,0.000000,0.000000
1077443.000000,32232.000000,0.000000,0.000000,0.000000
1077453.000000,32232.000000,0.000000,0.000000,0.000000
1077463.000000,32232.000000,0.000000,0.000000,0.000000
1077473.000000,32232.000000,0.000000,0.000000,0.000000
1077483.000000,32232.000000,0.000000,0.000000,0.000000
1077493.000000,32232.000000,0.000000,0.000000,0.000000
1077503.000000,32232.000000,0.000000,0.000000,0.000000
1077513.000000,32232.000000,0.000000,0.000000,0.000000
1077523.000000,32232.000000,0.000000,0.000000,0.000000
1077533.000000,32232.000000,0.000000,0.000000,0.000000
1077543.000000,32232.000000,0.000000,0.000000,0.000000
1077553.000000,32232.000000,0.000000,0.000000,0.000000
1077563.000000,32232.000000,0.000000,0.000000,0.000000
1077573.000000,32232.000000,0.000000,0.000000,0.000000
1077583.000000,32232.000000,0.000000,0.000000,0.000000
1077593.000000,32232.000000,0.000000,0.000000,0.000000
1077603.000000,32232.000000,0.000000,0.000000,0.000000
1077613.000000,32232.000000,0.000000,0.000000,0.000000
1077623.000000,32232.000000,0.000000,0.000000,0.000000
1077633.000000,32232.000000,0.000000,0.000000,0.000000
1077643.000000,32232.000000,0.000000,0.000000,0.000000
1077653.000000,32232.000000,0.000000,0.000000,0.000000
1077663.000000,32232.000000,0.000000,0.000000,0.000000
1077673.000000,32232.000000,0.000000,0.000000,0.000000
1077683.000000,32232.000000,0.000000,0.000000,0.000000
1077693.000000,32232.000000,0.000000,0.000000,0.000000
1077703.000000,32232.000000,0.000000,0.000000,0.000000
1077713.000000,32232.000000,0.000000,0.000000,0.000000
1077723.000000,32232.000000,0.000000,0.000000,0.000000
1077733.000000,32232.000000,0.000000,0.000000,0.000000
1077743.000000,32232.000000,0.000000,0.000000,0.000000
1077753.000000,32232.000000,0.000000,0.000000,0.000000
1077763.000000,32232.000000,0.000000,0.000000,0.000000
1077773.000000,32232.000000,0.000000,0.000000,0.000000
1077783.000000,32232.000000,0.000000,0.000000,0.000000
1077793.000000,32232.000000,0.000000,0.000000,0.000000
1077803.000000,32232.000000,0.000000,0.000000,0.000000
1077813.000000,32232.000000,0.000000,0.000000,0.000000
1077823.000000,32232.000000,0.000000,0.000000,0.000000
1077833.000000,32232.000000,0.000000,0.000000,0.000000
1077843.000000,32232.000000,0.000000,0.000000,0.000000
1077853.000000,32232.000000,0.000000,0.000000,0.000000
1077863.000000,32232.000000,0.000000,0.000000,0.000000
1077873.000000,32232.000000,0.000000,0.000000,0.000000
1077883.000000,32232.000000,0.000000,0.000000,0.000000
1077893.000000,32232.000000,0.000000,0.000000,0.000000
1077903.000000,32232.000000,0.000000,0.000000,0.000000
1077913.000000,32232.000000,0.000000,0.000000,0.000000
1077923.000000,32232.000000,0.000000,0.000000,0.000000
1077933.000000,32232.000000,0.000000,0.000000,0.000000
1077943.000000,32232.000000,0.000000,0.000000,0.000000
1077953.000000,32232.000000,0.000000,0.000000,0.000000
1077963.000000,32232.000000,0.000000,0.000000,0.000000
1077973.000000,32232.000000,0.000000,0.000000,0.000000
1077983.000000,32232.000000,0.000000,0.000000,0.000000
1077993.000000,32232.000000,0.000000,0.000000,0.000000
1078003.000000,32232.000000,0.000000,0.000000,0.000000
1078013.000000,32232.000000,0.000000,0.000000,0.000000
1078023.000000,32232.000000,0.000000,0.000000,0.000000
1078033.000000,32232.000000,0.000000,0.000000,0.000000
1078043.000000,32232.000000,0.000000,0.000000,0.000000
1078053.000000,32232.000000,0.000000,0.000000,0.000000
1078063.000000,32232.000000,0.000000,0.000000,0.000000
1078073.000000,32232.000000,0.000000,0.000000,0.000000
1078083.000000,32232.000000,0.000000,0.000000,0.000000
1078093.000000,32232.000000,0.000000,0.000000,0.000000
1078103.000000,32232.000000,0.000000,0.000000,0.000000
1078113.000000,32232.000000,0.000000,0.000000,0.000000
1078123.000000,32232.000000,0.000000,0.000000,0.000000
1078133.000000,32232.000000,0.000000,0.000000,0.000000
1078143.000000,32232.000000,0.000000,0.000000,0.000000
1078153.000000,32232.000000,0.000000,0.000000,0.000000
1078163.000000,32232.000000,0.000000,0.000000,0.000000
1078173.000000,32232.000000,0.000000,0.000000,0.000000
1078183.000000,32232.000000,0.000000,0.000000,0.000000
1078193.000000,32232.000000,0.000000,0.000000,0.000000
1078203.000000,32232.000000,0.000000,0.000000,0.000000
1078213.000000,32232.000000,0.000000,0.000000,0.000000
1078223.000000,32232.000000,0.000000,0.000000,0.000000
1078233.000000,32232.000000,0.000000,0.000000,0.000000
1078243.000000,32232.000000,0.000000,0.000000,0.000000
1078253.000000,32232.000000,0.000000,0.000000,0.000000
1078263.000000,32232.000000,0.000000,0.000000,0.000000
1078273.000000,32232.000000,0.000000,0.000000,0.000000
1078283.000000,32232.000000,0.000000,0.000000,0.000000
1078293.000000,32232.000000,0.000000,0.000000,0.000000
1078303.000000,32232.000000,0.000000,0.000000,0.000000
1078313.000000,32232.000000,0.000000,0.000000,0.000000
1078323.000000,32232.000000,0.000000,0.000000,0.000000
1078333.000000,32232.000000,0.000000,0.000000,0.000000
1078343.000000,32232.000000,0.000000,0.000000,0.000000
1078353.000000,32232.000000,0.000000,0.000000,0.000000
1078363.000000,32232.000000,0.000000,0.000000,0.000000
1078373.000000,32232.000000,0.000000,0.000000,0.000000
1078383.000000,32232.000000,0.000000,0.000000,0.000000
1078393.000000,32232.000000,0.000000,0.000000,0.000000
1078403.000000,32232.000000,0.000000,0.000000,0.000000
1078413.000000,32232.000000,0.000000,0.000000,0.000000
1078423.000000,32232.000000,0.000000,0.000000,0.000000
1078433.000000,32232.000000,0.000000,0.000000,0.000000
1078443.000000,32232.000000,0.000000,0.000000,0.000000
1078453.000000,32232.000000,0.000000,0.000000,0.000000
1078463.000000,32232.000000,0.000000,0.000000,0.000000
1078473.000000,32232.000000,0.000000,0.000000,0.000000
1078483.000000,32232.000000,0.000000,0.000000,0.000000
1078493.000000,32232.000000,0.000000,0.000000,0.000000
1078503.000000,32232.000000,0.000000,0.000000,0.000000
1078513.000000,32232.000000,0.000000,0.000000,0.000000
1078523.000000,32232.000000,0.000000,0.000000,0.000000
1078533.000000,32232.000000,0.000000,0.000000,0.000000
1078543.000000,32232.000000,0.000000,0.000000,0.000000
1078553.000000,32232.000000,0.000000,0.000000,0.000000
1078563.000000,32232.000000,0.000000,0.000000,0.000000
1078573.000000,32232.000000,0.000000,0.000000,0.000000
1078583.000000,32232.000000,0.000000,0.000000,0.000000
1078593.000000,32232.000000,0.000000,0.000000,0.000000
1078603.000000,32232.000000,0.000000,0.000000,0.000000
1078613.000000,32232.000000,0.000000,0.000000,0.000000
1078623.000000,32232.000000,0.000000,0.000000,0.000000
1078633.000000,32232.000000,0.000000,0.000000,0.000000
1078643.000000,32232.000000,0.000000,0.000000,0.000000
1078653.000000,32232.000000,0.000000,0.000000,0.000000
1078663.000000,32232.000000,0.000000,0.000000,0.000000
1078673.000000,32232.000000,0.000000,0.000000,0.000000
1078683.000000,32232.000000,0.000000,0.000000,0.000000
1078693.000000,32232.000000,0.000000,0.000000,0.000000
1078703.000000,32232.000000,0.000000,0.000000,0.000000
1078713.000000,32232.000000,0.000000,0.000000,0.000000
1078723.000000,32232.000000,0.000000,0.000000,0.000000
1078733.000000,32232.000000,0.000000,0.000000,0.000000
1078743.000000,32232.000000,0.000000,0.000000,0.000000
1078753.000000,32232.000000,0.000000,0.000000,0.000000
1078763.000000,32232.000000,0.000000,0.000000,0.000000
1078773.000000,32232.000000,0.000000,0.000000,0.000000
1078783.000000,32232.000000,0.000000,0.000000,0.000000
1078793.000000,32232.000000,0.000000,0.000000,0.000000
1078803.000000,32232.000000,0.000000,0.000000,0.000000
1078813.000000,32232.000000,0.000000,0.000000,0.000000
1078823.000000,32232.000000,0.000000,0.000000,0.000000
1078833.000000,32232.000000,0.000000,0.000000,0.000000
1078843.000000,32232.000000,0.000000,0.000000,0.000000
1078853.000000,32232.000000,0.000000,0.000000,0.000000
1078863.000000,32232.000000,0.000000,0.000000,0.000000
1078873.000000,32232.000000,0.000000,0.000000,0.000000
1078883.000000,32232.000000,0.000000,0.000000,0.000000
1078893.000000,32232.000000,0.000000,0.000000,0.000000
1078903.000000,32232.000000,0.000000,0.000000,0.000000
1078913.000000,32232.000000,0.000000,0.000000,0.000000
1078923.000000,32232.000000,0.000000,0.000000,0.000000
1078933.000000,32232.000000,0.000000,0.000000,0.000000
1078943.000000,32232.000000,0.000000,0.000000,0.000000
1078953.000000,32232.000000,0.000000,0.000000,0.000000
1078963.000000,32232.000000,0.000000,0.000000,0.000000
1078973.000000,32232.000000,0.000000,0.000000,0.000000
1078983.000000,32232.000000,0.000000,0.000000,0.000000
1078993.000000,32232.000000,0.000000,0.000000,0.000000
1079003.000000,32232.000000,0.000000,0.000000,0.000000
1079013.000000,32232.000000,0.000000,0.000000,0.000000
1079023.000000,32232.000000,0.000000,0.000000,0.000000
1079033.000000,32232.000000,0.000000,0.000000,0.000000
1079043.000000,32232.000000,0.000000,0.000000,0.000000
1079053.000000,32232.000000,0.000000,0.000000,0.000000
1079063.000000,32232.000000,0.000000,0.000000,0.000000
1079073.000000,32232.000000,0.000000,0.000000,0.000000
1079083.000000,32232.000000,0.000000,0.000000,0.000000
1079093.000000,32232.000000,0.000000,0.000000,0.000000
1079103.000000,32232.000000,0.000000,0.000000,0.000000
1079113.000000,32232.000000,0.000000,0.000000,0.000000
1079123.000000,32232.000000,0.000000,0.000000,0.000000
1079133.000000,32232.000000,0.000000,0.000000,0.000000
1079143.000000,32232.000000,0.000000,0.000000,0.000000
1079153.000000,32232.000000,0.000000,0.000000,0.000000
1079163.000000,32232.000000,0.000000,0.000000,0.000000
1079173.000000,32232.000000,0.000000,0.000000,0.000000
1079183.000000,32232.000000,0.000000,0.000000,0.000000
1079193.000000,32232.000000,0.000000,0.000000,0.000000
1079203.000000,32232.000000,0.000000,0.000000,0.000000
1079213.000000,32232.000000,0.000000,0.000000,0.000000
1079223.000000,32232.000000,0.000000,0.000000,0.000000
1079233.000000,32232.000000,0.000000,0.000000,0.000000
1079243.000000,32232.000000,0.000000,0.000000,0.000000
1079253.000000,32232.000000,0.000000,0.000000,0.000000
1079263.000000,32232.000000,0.000000,0.000000,0.000000
1079273.000000,32232.000000,0.000000,0.000000,0.000000
1079283.000000,32232.000000,0.000000,0.000000,0.000000
1079293.000000,32232.000000,0.000000,0.000000,0.000000
1079303.000000,32232.000000,0.000000,0.000000,0.000000
1079313.000000,32232.000000,0.000000,0.000000,0.000000
1079323.000000,32232.000000,0.000000,0.000000,0.000000
1079333.000000,32232.000000,0.000000,0.000000,0.000000
1079343.000000,32232.000000,0.000000,0.000000,0.000000
1079353.000000,32232.000000,0.000000,0.000000,0.000000
1079363.000000,32232.000000,0.000000,0.000000,0.000000
1079373.000000,32232.000000,0.000000,0.000000,0.000000
1079383.000000,32232.000000,0.000000,0.000000,0.000000
1079393.000000,32232.000000,0.000000,0.000000,0.000000
1079403.000000,32232.000000,0.000000,0.000000,0.000000
1079413.000000,32232.000000,0.000000,0.000000,0.000000
1079423.000000,32232.000000,0.000000,0.000000,0.000000
1079433.000000,32232.000000,0.000000,0.000000,0.000000
1079443.000000,32232.000000,0.000000,0.000000,0.000000
1079453.000000,32232.000000,0.000000,0.000000,0.000000
1079463.000000,32232.000000,0.000000,0.000000,0.000000
1079473.000000,32232.000000,0.000000,0.000000,0.000000
1079483.000000,32232.000000,0.000000,0.000000,0.000000
1079493.000000,32232.000000,0.000000,0.000000,0.000000
1079503.000000,32232.000000,0.000000,0.000000,0.000000
1079513.000000,32232.000000,0.000000,0.000000,0.000000
1079523.000000,32232.000000,0.000000,0.000000,0.000000
1079533.000000,32232.000000,0.000000,0.000000,0.000000
1079543.000000,32232.000000,0.000000,0.000000,0.000000
1079553.000000,32232.000000,0.000000,0.000000,0.000000
1079563.000000,32232.000000,0.000000,0.000000,0.000000
1079573.000000,32232.000000,0.000000,0.000000,0.000000
1079583.000000,32232.000000,0.000000,0.000000,0.000000
1079593.000000,32232.000000,0.000000,0.000000,0.000000
1079603.000000,32232.000000,0.000000,0.000000,0.000000
1079613.000000,32232.000000,0.000000,0.000000,0.000000
1079623.000000,32232.000000,0.000000,0.000000,0.000000
1079633.000000,32232.000000,0.000000,0.000000,0.000000
1079643.000000,32232.000000,0.000000,0.000000,0.000000
1079653.000000,32232.000000,0.000000,0.000000,0.000000
1079663.000000,32232.000000,0.000000,0.000000,0.000000
1079673.000000,32232.000000,0.000000,0.000000,0.000000
1079683.000000,32232.000000,0.000000,0.000000,0.000000
1079693.000000,32232.000000,0.000000,0.000000,0.000000
1079703.000000,32232.000000,0.000000,0.000000,0.000000
1079713.000000,32232.000000,0.000000,0.000000,0.000000
1079723.000000,32232.000000,0.000000,0.000000,0.000000
1079733.000000,32232.000000,0.000000,0.000000,0.000000
1079743.000000,32232.000000,0.000000,0.000000,0.000000
1079753.000000,32232.000000,0.000000,0.000000,0.000000
1079763.000000,32232.000000,0.000000,0.000000,0.000000
1079773.000000,32232.000000,0.000000,0.000000,0.000000
1079783.000000,32232.000000,0.000000,0.000000,0.000000
1079793.000000,32232.000000,0.000000,0.000000,0.000000
1079803.000000,32232.000000,0.000000,0.000000,0.000000
1079813.000000,32232.000000,0.000000,0.000000,0.000000
1079823.000000,32232.000000,0.000000,0.000000,0.000000
1079833.000000,32232.000000,0.000000,0.000000,0.000000
1079843.000000,32232.000000,0.000000,0.000000,0.000000
1079853.000000,32232.000000,0.000000,0.000000,0.000000
1079863.000000,32232.000000,0.000000,0.000000,0.000000
1079873.000000,32232.000000,0.000000,0.000000,0.000000
1079883.000000,32232.000000,0.000000,0.000000,0.000000
1079893.000000,32232.000000,0.000000,0.000000,0.000000
1079903.000000,32232.000000,0.000000,0.000000,0.000000
1079913.000000,32232.000000,0.000000,0.000000,0.000000
1079923.000000,32232.000000,0.000000,0.000000,0.000000
1079933.000000,32232.000000,0.000000,0.000000,0.000000
1079943.000000,32232.000000,0.000000,0.000000,0.000000
1079953.000000,32232.000000,0.000000,0.000000,0.000000
1079963.000000,32232.000000,0.000000,0.000000,0.000000
1079973.000000,32232.000000,0.000000,0.000000,0.000000
1079983.000000,32232.000000,0.000000,0.000000,0.000000
1079993.000000,32232.000000,0.000000,0.000000,0.000000
1080003.000000,32232.000000,0.000000,0.000000,0.000000
1080013.000000,32232.000000,0.000000,0.000000,0.000000
1080023.000000,32232.000000,0.000000,0.000000,0.000000
1080033.000000,32232.000000,0.000000,0.000000,0.000000
1080043.000000,32232.000000,0.000000,0.000000,0.000000
1080053.000000,32232.000000,0.000000,0.000000,0.000000
1080063.000000,32232.000000,0.000000,0.000000,0.000000
1080073.000000,32232.000000,0.000000,0.000000,0.000000
1080083.000000,32232.000000,0.000000,0.000000,0.000000
1080093.000000,32232.000000,0.000000,0.000000,0.000000
1080103.000000,32232.000000,0.000000,0.000000,0.000000
1080113.000000,32232.000000,0.000000,0.000000,0.000000
1080123.000000,32232.000000,0.000000,0.000000,0.000000
1080133.000000,32232.000000,0.000000,0.000000,0.000000
1080143.000000,32232.000000,0.000000,0.000000,0.000000
1080153.000000,32232.000000,0.000000,0.000000,0.000000
1080163.000000,32232.000000,0.000000,0.000000,0.000000
1080173.000000,32232.000000,0.000000,0.000000,0.000000
1080183.000000,32232.000000,0.000000,0.000000,0.000000
1080193.000000,32232.000000,0.000000,0.000000,0.000000
1080203.000000,32232.000000,0.000000,0.000000,0.000000
1080213.000000,32232.000000,0.000000,0.000000,0.000000
1080223.000000,32232.000000,0.000000,0.000000,0.000000
1080233.000000,32232.000000,0.000000,0.000000,0.000000
1080243.000000,32232.000000,0.000000,0.000000,0.000000
1080253.000000,32232.000000,0.000000,0.000000,0.000000
1080263.000000,32232.000000,0.000000,0.000000,0.000000
1080273.000000,32232.000000,0.000000,0.000000,0.000000
1080283.000000,32232.000000,0.000000,0.000000,0.000000
1080293.000000,32232.000000,0.000000,0.000000,0.000000
1080303.000000,32232.000000,0.000000,0.000000,0.000000
1080313.000000,32232.000000,0.000000,0.000000,0.000000
1080323.000000,32232.000000,0.000000,0.000000,0.000000
1080333.000000,32232.000000,0.000000,0.000000,0.000000
1080343.000000,32232.000000,0.000000,0.000000,0.000000
1080353.000000,32232.000000,0.000000,0.000000,0.000000
1080363.000000,32232.000000,0.000000,0.000000,0.000000
1080373.000000,32232.000000,0.000000,0.000000,0.000000
1080383.000000,32232.000000,0.000000,0.000000,0.000000
1080393.000000,32232.000000,0.000000,0.000000,0.000000
1080403.000000,32232.000000,0.000000,0.000000,0.000000
1080413.000000,32232.000000,0.000000,0.000000,0.000000
1080423.000000,32232.000000,0.000000,0.000000,0.000000
1080433.000000,32232.000000,0.000000,0.000000,0.000000
1080443.000000,32232.000000,0.000000,0.000000,0.000000
1080453.000000,32232.000000,0.000000,0.000000,0.000000
1080463.000000,32232.000000,0.000000,0.000000,0.000000
1080473.000000,32232.000000,0.000000,0.000000,0.000000
1080483.000000,32232.000000,0.000000,0.000000,0.000000
1080493.000000,32232.000000,0.000000,0.000000,0.000000
1080503.000000,32232.000000,0.000000,0.000000,0.000000
1080513.000000,32232.000000,0.000000,0.000000,0.000000
1080523.000000,32232.000000,0.000000,0.000000,0.000000
1080533.000000,32232.000000,0.000000,0.000000,0.000000
1080543.000000,32232.000000,0.000000,0.000000,0.000000
1080553.000000,32232.000000,0.000000,0.000000,0.000000
1080563.000000,32232.000000,0.000000,0.000000,0.000000
1080573.000000,32232.000000,0.000000,0.000000,0.000000
1080583.000000,32232.000000,0.000000,0.000000,0.000000
1080593.000000,32232.000000,0.000000,0.000000,0.000000
1080603.000000,32232.000000,0.000000,0.000000,0.000000
1080613.000000,32232.000000,0.000000,0.000000,0.000000
1080623.000000,32232.000000,0.000000,0.000000,0.000000
1080633.000000,32232.000000,0.000000,0.000000,0.000000
1080643.000000,32232.000000,0.000000,0.000000,0.000000
1080653.000000,32232.000000,0.000000,0.000000,0.000000
1080663.000000,32232.000000,0.000000,0.000000,0.000000
1080673.000000,32232.000000,0.000000,0.000000,0.000000
1080683.000000,32232.000000,0.000000,0.000000,0.000000
1080693.000000,32232.000000,0.000000,0.000000,0.000000
1080703.000000,32232.000000,0.000000,0.000000,0.000000
1080713.000000,32232.000000,0.000000,0.000000,0.000000
1080723.000000,32232.000000,0.000000,0.000000,0.000000
1080733.000000,32232.000000,0.000000,0.000000,0.000000
1080743.000000,32232.000000,0.000000,0.000000,0.000000
1080753.000000,32232.000000,0.000000,0.000000,0.000000
1080763.000000,32232.000000,0.000000,0.000000,0.000000
1080773.000000,32232.000000,0.000000,0.000000,0.000000
1080783.000000,32232.000000,0.000000,0.000000,0.000000
1080793.000000,32232.000000,0.000000,0.000000,0.000000
1080803.000000,32232.000000,0.000000,0.000000,0.000000
1080813.000000,32232.000000,0.000000,0.000000,0.000000
1080823.000000,32232.000000,0.000000,0.000000,0.000000
1080833.000000,32232.000000,0.000000,0.000000,0.000000
1080843.000000,32232.000000,0.000000,0.000000,0.000000
1080853.000000,32232.000000,0.000000,0.000000,0.000000
1080863.000000,32232.000000,0.000000,0.000000,0.000000
1080873.000000,32232.000000,0.000000,0.000000,0.000000
1080883.000000,32232.000000,0.000000,0.000000,0.000000
1080893.000000,32232.000000,0.000000,0.000000,0.000000
1080903.000000,32232.000000,0.000000,0.000000,0.000000
1080913.000000,32232.000000,0.000000,0.000000,0.000000
1080923.000000,32232.000000,0.000000,0.000000,0.000000
1080933.000000,32232.000000,0.000000,0.000000,0.000000
1080943.000000,32232.000000,0.000000,0.000000,0.000000
1080953.000000,32232.000000,0.000000,0.000000,0.000000
1080963.000000,32232.000000,0.000000,0.000000,0.000000
1080973.000000,32232.000000,0.000000,0.000000,0.000000
1080983.000000,32232.000000,0.000000,0.000000,0.000000
1080993.000000,32232.000000,0.000000,0.000000,0.000000
1081003.000000,32232.000000,0.000000,0.000000,0.000000
1081013.000000,32232.000000,0.000000,0.000000,0.000000
1081023.000000,32232.000000,0.000000,0.000000,0.000000
1081033.000000,32232.000000,0.000000,0.000000,0.000000
1081043.000000,32232.000000,0.000000,0.000000,0.000000
1081053.000000,32232.000000,0.000000,0.000000,0.000000
1081063.000000,32232.000000,0.000000,0.000000,0.000000
1081073.000000,32232.000000,0.000000,0.000000,0.000000
1081083.000000,32232.000000,0.000000,0.000000,0.000000
1081093.000000,32232.000000,0.000000,0.000000,0.000000
1081103.000000,32232.000000,0.000000,0.000000,0.000000
1081113.000000,32232.000000,0.000000,0.000000,0.000000
1081123.000000,32232.000000,0.000000,0.000000,0.000000
1081133.000000,32232.000000,0.000000,0.000000,0.000000
1081143.000000,32232.000000,0.000000,0.000000,0.000000
1081153.000000,32232.000000,0.000000,0.000000,0.000000
1081163.000000,32232.000000,0.000000,0.000000,0.000000
1081173.000000,32232.000000,0.000000,0.000000,0.000000
1081183.000000,32232.000000,0.000000,0.000000,0.000000
1081193.000000,32232.000000,0.000000,0.000000,0.000000
1081203.000000,32232.000000,0.000000,0.000000,0.000000
1081213.000000,32232.000000,0.000000,0.000000,0.000000
1081223.000000,32232.000000,0.000000,0.000000,0.000000
1081233.000000,32232.000000,0.000000,0.000000,0.000000
1081243.000000,32232.000000,0.000000,0.000000,0.000000
1081253.000000,32232.000000,0.000000,0.000000,0.000000
1081263.000000,32232.000000,0.000000,0.000000,0.000000
1081273.000000,32232.000000,0.000000,0.000000,0.000000
1081283.000000,32232.000000,0.000000,0.000000,0.000000
1081293.000000,32232.000000,0.000000,0.000000,0.000000
1081303.000000,32232.000000,0.000000,0.000000,0.000000
1081313.000000,32232.000000,0.000000,0.000000,0.000000
1081323.000000,32232.000000,0.000000,0.000000,0.000000
1081333.000000,32232.000000,0.000000,0.000000,0.000000
1081343.000000,32232.000000,0.000000,0.000000,0.000000
1081353.000000,32232.000000,0.000000,0.000000,0.000000
1081363.000000,32232.000000,0.000000,0.000000,0.000000
1081373.000000,32232.000000,0.000000,0.000000,0.000000
1081383.000000,32232.000000,0.000000,0.000000,0.000000
1081393.000000,32232.000000,0.000000,0.000000,0.000000
1081403.000000,32232.000000,0.000000,0.000000,0.000000
1081413.000000,32232.000000,0.000000,0.000000,0.000000
1081423.000000,32232.000000,0.000000,0.000000,0.000000
1081433.000000,32232.000000,0.000000,0.000000,0.000000
1081443.000000,32232.000000,0.000000,0.000000,0.000000
1081453.000000,32232.000000,0.000000,0.000000,0.000000
1081463.000000,32232.000000,0.000000,0.000000,0.000000
1081473.000000,32232.000000,0.000000,0.000000,0.000000
1081483.000000,32232.000000,0.000000,0.000000,0.000000
1081493.000000,32232.000000,0.000000,0.000000,0.000000
1081503.000000,32232.000000,0.000000,0.000000,0.000000
1081513.000000,32232.000000,0.000000,0.000000,0.000000
1081523.000000,32232.000000,0.000000,0.000000,0.000000
1081533.000000,32232.000000,0.000000,0.000000,0.000000
1081543.000000,32232.000000,0.000000,0.000000,0.000000
1081553.000000,32232.000000,0.000000,0.000000,0.000000
1081563.000000,32232.000000,0.000000,0.000000,0.000000
1081573.000000,32232.000000,0.000000,0.000000,0.000000
1081583.000000,32232.000000,0.000000,0.000000,0.000000
1081593.000000,32232.000000,0.000000,0.000000,0.000000
1081603.000000,32232.000000,0.000000,0.000000,0.000000
1081613.000000,32232.000000,0.000000,0.000000,0.000000
1081623.000000,32232.000000,0.000000,0.000000,0.000000
1081633.000000,32232.000000,0.000000,0.000000,0.000000
1081643.000000,32232.000000,0.000000,0.000000,0.000000
1081653.000000,32232.000000,0.000000,0.000000,0.000000
1081663.000000,32232.000000,0.000000,0.000000,0.000000
1081673.000000,32232.000000,0.000000,0.000000,0.000000
1081683.000000,32232.000000,0.000000,0.000000,0.000000
1081693.000000,32232.000000,0.000000,0.000000,0.000000
1081703.000000,32232.000000,0.000000,0.000000,0.000000
1081713.000000,32232.000000,0.000000,0.000000,0.000000
1081723.000000,32232.000000,0.000000,0.000000,0.000000
1081733.000000,32232.000000,0.000000,0.000000,0.000000
1081743.000000,32232.000000,0.000000,0.000000,0.000000
1081753.000000,32232.000000,0.000000,0.000000,0.000000
1081763.000000,32232.000000,0.000000,0.000000,0.000000
1081773.000000,32232.000000,0.000000,0.000000,0.000000
1081783.000000,32232.000000,0.000000,0.000000,0.000000
1081793.000000,32232.000000,0.000000,0.000000,0.000000
1081803.000000,32232.000000,0.000000,0.000000,0.000000
1081813.000000,32232.000000,0.000000,0.000000,0.000000
1081823.000000,32232.000000,0.000000,0.000000,0.000000
1081833.000000,32232.000000,0.000000,0.000000,0.000000
1081843.000000,32232.000000,0.000000,0.000000,0.000000
1081853.000000,32232.000000,0.000000,0.000000,0.000000
1081863.000000,32232.000000,0.000000,0.000000,0.000000
1081873.000000,32232.000000,0.000000,0.000000,0.000000
1081883.000000,32232.000000,0.000000,0.000000,0.000000
1081893.000000,32232.000000,0.000000,0.000000,0.000000
1081903.000000,32232.000000,0.000000,0.000000,0.000000
1081913.000000,32232.000000,0.000000,0.000000,0.000000
1081923.000000,32232.000000,0.000000,0.000000,0.000000
1081933.000000,32232.000000,0.000000,0.000000,0.000000
1081943.000000,32232.000000,0.000000,0.000000,0.000000
1081953.000000,32232.000000,0.000000,0.000000,0.000000
1081963.000000,32232.000000,0.000000,0.000000,0.000000
1081973.000000,32232.000000,0.000000,0.000000,0.000000
1081983.000000,32232.000000,0.000000,0.000000,0.000000
1081993.000000,32232.000000,0.000000,0.000000,0.000000
1082003.000000,32232.000000,0.000000,0.000000,0.000000
1082013.000000,32232.000000,0.000000,0.000000,0.000000
1082023.000000,32232.000000,0.000000,0.000000,0.000000
1082033.000000,32232.000000,0.000000,0.000000,0.000000
1082043.000000,32232.000000,0.000000,0.000000,0.000000
1082053.000000,32232.000000,0.000000,0.000000,0.000000
1082063.000000,32232.000000,0.000000,0.000000,0.000000
1082073.000000,32232.000000,0.000000,0.000000,0.000000
1082083.000000,32232.000000,0.000000,0.000000,0.000000
1082093.000000,32232.000000,0.000000,0.000000,0.000000
1082103.000000,32232.000000,0.000000,0.000000,0.000000
1082113.000000,32232.000000,0.000000,0.000000,0.000000
1082123.000000,32232.000000,0.000000,0.000000,0.000000
1082133.000000,32232.000000,0.000000,0.000000,0.000000
1082143.000000,32232.000000,0.000000,0.000000,0.000000
1082153.000000,32232.000000,0.000000,0.000000,0.000000
1082163.000000,32232.000000,0.000000,0.000000,0.000000
1082173.000000,32232.000000,0.000000,0.000000,0.000000
1082183.000000,32232.000000,0.000000,0.000000,0.000000
1082193.000000,32232.000000,0.000000,0.000000,0.000000
1082203.000000,32232.000000,0.000000,0.000000,0.000000
1082213.000000,32232.000000,0.000000,0.000000,0.000000
1082223.000000,32232.000000,0.000000,0.000000,0.000000
1082233.000000,32232.000000,0.000000,0.000000,0.000000
1082243.000000,32232.000000,0.000000,0.000000,0.000000
1082253.000000,32232.000000,0.000000,0.000000,0.000000
1082263.000000,32232.000000,0.000000,0.000000,0.000000
1082273.000000,32232.000000,0.000000,0.000000,0.000000
1082283.000000,32232.000000,0.000000,0.000000,0.000000
1082293.000000,32232.000000,0.000000,0.000000,0.000000
1082303.000000,32232.000000,0.000000,0.000000,0.000000
1082313.000000,32232.000000,0.000000,0.000000,0.000000
1082323.000000,32232.000000,0.000000,0.000000,0.000000
1082333.000000,32232.000000,0.000000,0.000000,0.000000
1082343.000000,32232.000000,0.000000,0.000000,0.000000
1082353.000000,32232.000000,0.000000,0.000000,0.000000
1082363.000000,32232.000000,0.000000,0.000000,0.000000
1082373.000000,32232.000000,0.000000,0.000000,0.000000
1082383.000000,32232.000000,0.000000,0.000000,0.000000
1082393.000000,32232.000000,0.000000,0.000000,0.000000
1082403.000000,32232.000000,0.000000,0.000000,0.000000
1082413.000000,32232.000000,0.000000,0.000000,0.000000
1082423.000000,32232.000000,0.000000,0.000000,0.000000
1082433.000000,32232.000000,0.000000,0.000000,0.000000
1082443.000000,32232.000000,0.000000,0.000000,0.000000
1082453.000000,32232.000000,0.000000,0.000000,0.000000
1082463.000000,32232.000000,0.000000,0.000000,0.000000
1082473.000000,32232.000000,0.000000,0.000000,0.000000
1082483.000000,32232.000000,0.000000,0.000000,0.000000
1082493.000000,32232.000000,0.000000,0.000000,0.000000
1082503.000000,32232.000000,0.000000,0.000000,0.000000
1082513.000000,32232.000000,0.000000,0.000000,0.000000
1082523.000000,32232.000000,0.000000,0.000000,0.000000
1082533.000000,32232.000000,0.000000,0.000000,0.000000
1082543.000000,32232.000000,0.000000,0.000000,0.000000
1082553.000000,32232.000000,0.000000,0.000000,0.000000
1082563.000000,32232.000000,0.000000,0.000000,0.000000
1082573.000000,32232.000000,0.000000,0.000000,0.000000
1082583.000000,32232.000000,0.000000,0.000000,0.000000
1082593.000000,32232.000000,0.000000,0.000000,0.000000
1082603.000000,32232.000000,0.000000,0.000000,0.000000
1082613.000000,32232.000000,0.000000,0.000000,0.000000
1082623.000000,32232.000000,0.000000,0.000000,0.000000
1082633.000000,32232.000000,0.000000,0.000000,0.000000
1082643.000000,32232.000000,0.000000,0.000000,0.000000
1082653.000000,32232.000000,0.000000,0.000000,0.000000
1082663.000000,32232.000000,0.000000,0.000000,0.000000
1082673.000000,32232.000000,0.000000,0.000000,0.000000
1082683.000000,32232.000000,0.000000,0.000000,0.000000
1082693.000000,32232.000000,0.000000,0.000000,0.000000
1082703.000000,32232.000000,0.000000,0.000000,0.000000
1082713.000000,32232.000000,0.000000,0.000000,0.000000
1082723.000000,32232.000000,0.000000,0.000000,0.000000
1082733.000000,32232.000000,0.000000,0.000000,0.000000
1082743.000000,32232.000000,0.000000,0.000000,0.000000
1082753.000000,32232.000000,0.000000,0.000000,0.000000
1082763.000000,32232.000000,0.000000,0.000000,0.000000
1082773.000000,32232.000000,0.000000,0.000000,0.000000
1082783.000000,32232.000000,0.000000,0.000000,0.000000
1082793.000000,32232.000000,0.000000,0.000000,0.000000
1082803.000000,32232.000000,0.000000,0.000000,0.000000
1082813.000000,32232.000000,0.000000,0.000000,0.000000
1082823.000000,32232.000000,0.000000,0.000000,0.000000
1082833.000000,32232.000000,0.000000,0.000000,0.000000
1082843.000000,32232.000000,0.000000,0.000000,0.000000
1082853.000000,32232.000000,0.000000,0.000000,0.000000
1082863.000000,32232.000000,0.000000,0.000000,0.000000
1082873.000000,32232.000000,0.000000,0.000000,0.000000
1082883.000000,32232.000000,0.000000,0.000000,0.000000
1082893.000000,32232.000000,0.000000,0.000000,0.000000
1082903.000000,32232.000000,0.000000,0.000000,0.000000
1082913.000000,32232.000000,0.000000,0.000000,0.000000
1082923.000000,32232.000000,0.000000,0.000000,0.000000
1082933.000000,32232.000000,0.000000,0.000000,0.000000
1082943.000000,32232.000000,0.000000,0.000000,0.000000
1082953.000000,32232.000000,0.000000,0.000000,0.000000
1082963.000000,32232.000000,0.000000,0.000000,0.000000
1082973.000000,32232.000000,0.000000,0.000000,0.000000
1082983.000000,32232.000000,0.000000,0.000000,0.000000
1082993.000000,32232.000000,0.000000,0.000000,0.000000
1083003.000000,32232.000000,0.000000,0.000000,0.000000
1083013.000000,32232.000000,0.000000,0.000000,0.000000
1083023.000000,32232.000000,0.000000,0.000000,0.000000
1083033.000000,32232.000000,0.000000,0.000000,0.000000
1083043.000000,32232.000000,0.000000,0.000000,0.000000
1083053.000000,32232.000000,0.000000,0.000000,0.000000
1083063.000000,32232.000000,0.000000,0.000000,0.000000
1083073.000000,32232.000000,0.000000,0.000000,0.000000
1083083.000000,32232.000000,0.000000,0.000000,0.000000
1083093.000000,32232.000000,0.000000,0.000000,0.000000
1083103.000000,32232.000000,0.000000,0.000000,0.000000
1083113.000000,32232.000000,0.000000,0.000000,0.000000
1083123.000000,32232.000000,0.000000,0.000000,0.000000
1083133.000000,32232.000000,0.000000,0.000000,0.000000
1083143.000000,32232.000000,0.000000,0.000000,0.000000
1083153.000000,32232.000000,0.000000,0.000000,0.000000
1083163.000000,32232.000000,0.000000,0.000000,0.000000
1083173.000000,32232.000000,0.000000,0.000000,0.000000
1083183.000000,32232.000000,0.000000,0.000000,0.000000
1083193.000000,32232.000000,0.000000,0.000000,0.000000
1083203.000000,32232.000000,0.000000,0.000000,0.000000
1083213.000000,32232.000000,0.000000,0.000000,0.000000
1083223.000000,32232.000000,0.000000,0.000000,0.000000
1083233.000000,32232.000000,0.000000,0.000000,0.000000
1083243.000000,32232.000000,0.000000,0.000000,0.000000
1083253.000000,32232.000000,0.000000,0.000000,0.000000
1083263.000000,32232.000000,0.000000,0.000000,0.000000
1083273.000000,32232.000000,0.000000,0.000000,0.000000
1083283.000000,32232.000000,0.000000,0.000000,0.000000
1083293.000000,32232.000000,0.000000,0.000000,0.000000
1083303.000000,32232.000000,0.000000,0.000000,0.000000
1083313.000000,32232.000000,0.000000,0.000000,0.000000
1083323.000000,32232.000000,0.000000,0.000000,0.000000
1083333.000000,32232.000000,0.000000,0.000000,0.000000
1083343.000000,32232.000000,0.000000,0.000000,0.000000
1083353.000000,32232.000000,0.000000,0.000000,0.000000
1083363.000000,32232.000000,0.000000,0.000000,0.000000
1083373.000000,32232.000000,0.000000,0.000000,0.000000
1083383.000000,32232.000000,0.000000,0.000000,0.000000
1083393.000000,32232.000000,0.000000,0.000000,0.000000
1083403.000000,32232.000000,0.000000,0.000000,0.000000
1083413.000000,32232.000000,0.000000,0.000000,0.000000
1083423.000000,32232.000000,0.000000,0.000000,0.000000
1083433.000000,32232.000000,0.000000,0.000000,0.000000
1083443.000000,32232.000000,0.000000,0.000000,0.000000
1083453.000000,32232.000000,0.000000,0.000000,0.000000
1083463.000000,32232.000000,0.000000,0.000000,0.000000
1083473.000000,32232.000000,0.000000,0.000000,0.000000
1083483.000000,32232.000000,0.000000,0.000000,0.000000
1083493.000000,32232.000000,0.000000,0.000000,0.000000
1083503.000000,32232.000000,0.000000,0.000000,0.000000
1083513.000000,32232.000000,0.000000,0.000000,0.000000
1083523.000000,32232.000000,0.000000,0.000000,0.000000
1083533.000000,32232.000000,0.000000,0.000000,0.000000
1083543.000000,32232.000000,0.000000,0.000000,0.000000
1083553.000000,32232.000000,0.000000,0.000000,0.000000
1083563.000000,32232.000000,0.000000,0.000000,0.000000
1083573.000000,32232.000000,0.000000,0.000000,0.000000
1083583.000000,32232.000000,0.000000,0.000000,0.000000
1083593.000000,32232.000000,0.000000,0.000000,0.000000
1083603.000000,32232.000000,0.000000,0.000000,0.000000
1083613.000000,32232.000000,0.000000,0.000000,0.000000
1083623.000000,32232.000000,0.000000,0.000000,0.000000
1083633.000000,32232.000000,0.000000,0.000000,0.000000
1083643.000000,32232.000000,0.000000,0.000000,0.000000
1083653.000000,32232.000000,0.000000,0.000000,0.000000
1083663.000000,32232.000000,0.000000,0.000000,0.000000
1083673.000000,32232.000000,0.000000,0.000000,0.000000
1083683.000000,32232.000000,0.000000,0.000000,0.000000
1083693.000000,32232.000000,0.000000,0.000000,0.000000
1083703.000000,32232.000000,0.000000,0.000000,0.000000
1083713.000000,32232.000000,0.000000,0.000000,0.000000
1083723.000000,32232.000000,0.000000,0.000000,0.000000
1083733.000000,32232.000000,0.000000,0.000000,0.000000
1083743.000000,32232.000000,0.000000,0.000000,0.000000
1083753.000000,32232.000000,0.000000,0.000000,0.000000
1083763.000000,32232.000000,0.000000,0.000000,0.000000
1083773.000000,32232.000000,0.000000,0.000000,0.000000
1083783.000000,32232.000000,0.000000,0.000000,0.000000
1083793.000000,32232.000000,0.000000,0.000000,0.000000
1083803.000000,32232.000000,0.000000,0.000000,0.000000
1083813.000000,32232.000000,0.000000,0.000000,0.000000
1083823.000000,32232.000000,0.000000,0.000000,0.000000
1083833.000000,32232.000000,0.000000,0.000000,0.000000
1083843.000000,32232.000000,0.000000,0.000000,0.000000
1083853.000000,32232.000000,0.000000,0.000000,0.000000
1083863.000000,32232.000000,0.000000,0.000000,0.000000
1083873.000000,32232.000000,0.000000,0.000000,0.000000
1083883.000000,32232.000000,0.000000,0.000000,0.000000
1083893.000000,32232.000000,0.000000,0.000000,0.000000
1083903.000000,32232.000000,0.000000,0.000000,0.000000
1083913.000000,32232.000000,0.000000,0.000000,0.000000
1083923.000000,32232.000000,0.000000,0.000000,0.000000
1083933.000000,32232.000000,0.000000,0.000000,0.000000
1083943.000000,32232.000000,0.000000,0.000000,0.000000
1083953.000000,32232.000000,0.000000,0.000000,0.000000
1083963.000000,32232.000000,0.000000,0.000000,0.000000
1083973.000000,32232.000000,0.000000,0.000000,0.000000
1083983.000000,32232.000000,0.000000,0.000000,0.000000
1083993.000000,32232.000000,0.000000,0.000000,0.000000
1084003.000000,32232.000000,0.000000,0.000000,0.000000
1084013.000000,32232.000000,0.000000,0.000000,0.000000
1084023.000000,32232.000000,0.000000,0.000000,0.000000
1084033.000000,32232.000000,0.000000,0.000000,0.000000
1084043.000000,32232.000000,0.000000,0.000000,0.000000
1084053.000000,32232.000000,0.000000,0.000000,0.000000
1084063.000000,32232.000000,0.000000,0.000000,0.000000
1084073.000000,32232.000000,0.000000,0.000000,0.000000
1084083.000000,32232.000000,0.000000,0.000000,0.000000
1084093.000000,32232.000000,0.000000,0.000000,0.000000
1084103.000000,32232.000000,0.000000,0.000000,0.000000
1084113.000000,32232.000000,0.000000,0.000000,0.000000
1084123.000000,32232.000000,0.000000,0.000000,0.000000
1084133.000000,32232.000000,0.000000,0.000000,0.000000
1084143.000000,32232.000000,0.000000,0.000000,0.000000
1084153.000000,32232.000000,0.000000,0.000000,0.000000
1084163.000000,32232.000000,0.000000,0.000000,0.000000
1084173.000000,32232.000000,0.000000,0.000000,0.000000
1084183.000000,32232.000000,0.000000,0.000000,0.000000
1084193.000000,32232.000000,0.000000,0.000000,0.000000
1084203.000000,32232.000000,0.000000,0.000000,0.000000
1084213.000000,32232.000000,0.000000,0.000000,0.000000
1084223.000000,32232.000000,0.000000,0.000000,0.000000
1084233.000000,32232.000000,0.000000,0.000000,0.000000
1084243.000000,32232.000000,0.000000,0.000000,0.000000
1084253.000000,32232.000000,0.000000,0.000000,0.000000
1084263.000000,32232.000000,0.000000,0.000000,0.000000
1084273.000000,32232.000000,0.000000,0.000000,0.000000
1084283.000000,32232.000000,0.000000,0.000000,0.000000
1084293.000000,32232.000000,0.000000,0.000000,0.000000
1084303.000000,32232.000000,0.000000,0.000000,0.000000
1084313.000000,32232.000000,0.000000,0.000000,0.000000
1084323.000000,32232.000000,0.000000,0.000000,0.000000
1084333.000000,32232.000000,0.000000,0.000000,0.000000
1084343.000000,32232.000000,0.000000,0.000000,0.000000
1084353.000000,32232.000000,0.000000,0.000000,0.000000
1084363.000000,32232.000000,0.000000,0.000000,0.000000
1084373.000000,32232.000000,0.000000,0.000000,0.000000
1084383.000000,32232.000000,0.000000,0.000000,0.000000
1084393.000000,32232.000000,0.000000,0.000000,0.000000
1084403.000000,32232.000000,0.000000,0.000000,0.000000
1084413.000000,32232.000000,0.000000,0.000000,0.000000
1084423.000000,32232.000000,0.000000,0.000000,0.000000
1084433.000000,32232.000000,0.000000,0.000000,0.000000
1084443.000000,32232.000000,0.000000,0.000000,0.000000
1084453.000000,32232.000000,0.000000,0.000000,0.000000
1084463.000000,32232.000000,0.000000,0.000000,0.000000
1084473.000000,32232.000000,0.000000,0.000000,0.000000
1084483.000000,32232.000000,0.000000,0.000000,0.000000
1084493.000000,32232.000000,0.000000,0.000000,0.000000
1084503.000000,32232.000000,0.000000,0.000000,0.000000
1084513.000000,32232.000000,0.000000,0.000000,0.000000
1084523.000000,32232.000000,0.000000,0.000000,0.000000
1084533.000000,32232.000000,0.000000,0.000000,0.000000
1084543.000000,32232.000000,0.000000,0.000000,0.000000
1084553.000000,32232.000000,0.000000,0.000000,0.000000
1084563.000000,32232.000000,0.000000,0.000000,0.000000
1084573.000000,32232.000000,0.000000,0.000000,0.000000
1084583.000000,32232.000000,0.000000,0.000000,0.000000
1084593.000000,32232.000000,0.000000,0.000000,0.000000
1084603.000000,32232.000000,0.000000,0.000000,0.000000
1084613.000000,32232.000000,0.000000,0.000000,0.000000
1084623.000000,32232.000000,0.000000,0.000000,0.000000
1084633.000000,32232.000000,0.000000,0.000000,0.000000
1084643.000000,32232.000000,0.000000,0.000000,0.000000
1084653.000000,32232.000000,0.000000,0.000000,0.000000
1084663.000000,32232.000000,0.000000,0.000000,0.000000
1084673.000000,32232.000000,0.000000,0.000000,0.000000
1084683.000000,32232.000000,0.000000,0.000000,0.000000
1084693.000000,32232.000000,0.000000,0.000000,0.000000
1084703.000000,32232.000000,0.000000,0.000000,0.000000
1084713.000000,32232.000000,0.000000,0.000000,0.000000
1084723.000000,32232.000000,0.000000,0.000000,0.000000
1084733.000000,32232.000000,0.000000,0.000000,0.000000
1084743.000000,32232.000000,0.000000,0.000000,0.000000
1084753.000000,32232.000000,0.000000,0.000000,0.000000
1084763.000000,32232.000000,0.000000,0.000000,0.000000
1084773.000000,32232.000000,0.000000,0.000000,0.000000
1084783.000000,32232.000000,0.000000,0.000000,0.000000
1084793.000000,32232.000000,0.000000,0.000000,0.000000
1084803.000000,32232.000000,0.000000,0.000000,0.000000
1084813.000000,32232.000000,0.000000,0.000000,0.000000
1084823.000000,32232.000000,0.000000,0.000000,0.000000
1084833.000000,32232.000000,0.000000,0.000000,0.000000
1084843.000000,32232.000000,0.000000,0.000000,0.000000
1084853.000000,32232.000000,0.000000,0.000000,0.000000
1084863.000000,32232.000000,0.000000,0.000000,0.000000
1084873.000000,32232.000000,0.000000,0.000000,0.000000
1084883.000000,32232.000000,0.000000,0.000000,0.000000
1084893.000000,32232.000000,0.000000,0.000000,0.000000
1084903.000000,32232.000000,0.000000,0.000000,0.000000
1084913.000000,32232.000000,0.000000,0.000000,0.000000
1084923.000000,32232.000000,0.000000,0.000000,0.000000
1084933.000000,32232.000000,0.000000,0.000000,0.000000
1084943.000000,32232.000000,0.000000,0.000000,0.000000
1084953.000000,32232.000000,0.000000,0.000000,0.000000
1084963.000000,32232.000000,0.000000,0.000000,0.000000
1084973.000000,32232.000000,0.000000,0.000000,0.000000
1084983.000000,32232.000000,0.000000,0.000000,0.000000
1084993.000000,32232.000000,0.000000,0.000000,0.000000
1085003.000000,32232.000000,0.000000,0.000000,0.000000
1085013.000000,32232.000000,0.000000,0.000000,0.000000
1085023.000000,32232.000000,0.000000,0.000000,0.000000
1085033.000000,32232.000000,0.000000,0.000000,0.000000
1085043.000000,32232.000000,0.000000,0.000000,0.000000
1085053.000000,32232.000000,0.000000,0.000000,0.000000
1085063.000000,32232.000000,0.000000,0.000000,0.000000
1085073.000000,32232.000000,0.000000,0.000000,0.000000
1085083.000000,32232.000000,0.000000,0.000000,0.000000
1085093.000000,32232.000000,0.000000,0.000000,0.000000
1085103.000000,32232.000000,0.000000,0.000000,0.000000
1085113.000000,32232.000000,0.000000,0.000000,0.000000
1085123.000000,32232.000000,0.000000,0.000000,0.000000
1085133.000000,32232.000000,0.000000,0.000000,0.000000
1085143.000000,32232.000000,0.000000,0.000000,0.000000
1085153.000000,32232.000000,0.000000,0.000000,0.000000
1085163.000000,32232.000000,0.000000,0.000000,0.000000
1085173.000000,32232.000000,0.000000,0.000000,0.000000
1085183.000000,32232.000000,0.000000,0.000000,0.000000
1085193.000000,32232.000000,0.000000,0.000000,0.000000
1085203.000000,32232.000000,0.000000,0.000000,0.000000
1085213.000000,32232.000000,0.000000,0.000000,0.000000
1085223.000000,32232.000000,0.000000,0.000000,0.000000
1085233.000000,32232.000000,0.000000,0.000000,0.000000
1085243.000000,32232.000000,0.000000,0.000000,0.000000
1085253.000000,32232.000000,0.000000,0.000000,0.000000
1085263.000000,32232.000000,0.000000,0.000000,0.000000
1085273.000000,32232.000000,0.000000,0.000000,0.000000
1085283.000000,32232.000000,0.000000,0.000000,0.000000
1085293.000000,32232.000000,0.000000,0.000000,0.000000
1085303.000000,32232.000000,0.000000,0.000000,0.000000
1085313.000000,32232.000000,0.000000,0.000000,0.000000
1085323.000000,32232.000000,0.000000,0.000000,0.000000
1085333.000000,32232.000000,0.000000,0.000000,0.000000
1085343.000000,32232.000000,0.000000,0.000000,0.000000
1085353.000000,32232.000000,0.000000,0.000000,0.000000
1085363.000000,32232.000000,0.000000,0.000000,0.000000
1085373.000000,32232.000000,0.000000,0.000000,0.000000
1085383.000000,32232.000000,0.000000,0.000000,0.000000
1085393.000000,32232.000000,0.000000,0.000000,0.000000
1085403.000000,32232.000000,0.000000,0.000000,0.000000
1085413.000000,32232.000000,0.000000,0.000000,0.000000
1085423.000000,32232.000000,0.000000,0.000000,0.000000
1085433.000000,32232.000000,0.000000,0.000000,0.000000
1085443.000000,32232.000000,0.000000,0.000000,0.000000
1085453.000000,32232.000000,0.000000,0.000000,0.000000
1085463.000000,32232.000000,0.000000,0.000000,0.000000
1085473.000000,32232.000000,0.000000,0.000000,0.000000
1085483.000000,32232.000000,0.000000,0.000000,0.000000
1085493.000000,32232.000000,0.000000,0.000000,0.000000
1085503.000000,32232.000000,0.000000,0.000000,0.000000
1085513.000000,32232.000000,0.000000,0.000000,0.000000
1085523.000000,32232.000000,0.000000,0.000000,0.000000
1085533.000000,32232.000000,0.000000,0.000000,0.000000
1085543.000000,32232.000000,0.000000,0.000000,0.000000
1085553.000000,32232.000000,0.000000,0.000000,0.000000
1085563.000000,32232.000000,0.000000,0.000000,0.000000
1085573.000000,32232.000000,0.000000,0.000000,0.000000
1085583.000000,32232.000000,0.000000,0.000000,0.000000
1085593.000000,32232.000000,0.000000,0.000000,0.000000
1085603.000000,32232.000000,0.000000,0.000000,0.000000
1085613.000000,32232.000000,0.000000,0.000000,0.000000
1085623.000000,32232.000000,0.000000,0.000000,0.000000
1085633.000000,32232.000000,0.000000,0.000000,0.000000
1085643.000000,32232.000000,0.000000,0.000000,0.000000
1085653.000000,32232.000000,0.000000,0.000000,0.000000
1085663.000000,32232.000000,0.000000,0.000000,0.000000
1085673.000000,32232.000000,0.000000,0.000000,0.000000
1085683.000000,32232.000000,0.000000,0.000000,0.000000
1085693.000000,32232.000000,0.000000,0.000000,0.000000
1085703.000000,32232.000000,0.000000,0.000000,0.000000
1085713.000000,32232.000000,0.000000,0.000000,0.000000
1085723.000000,32232.000000,0.000000,0.000000,0.000000
1085733.000000,32232.000000,0.000000,0.000000,0.000000
1085743.000000,32232.000000,0.000000,0.000000,0.000000
1085753.000000,32232.000000,0.000000,0.000000,0.000000
1085763.000000,32232.000000,0.000000,0.000000,0.000000
1085773.000000,32232.000000,0.000000,0.000000,0.000000
1085783.000000,32232.000000,0.000000,0.000000,0.000000
1085793.000000,32232.000000,0.000000,0.000000,0.000000
1085803.000000,32232.000000,0.000000,0.000000,0.000000
1085813.000000,32232.000000,0.000000,0.000000,0.000000
1085823.000000,32232.000000,0.000000,0.000000,0.000000
1085833.000000,32232.000000,0.000000,0.000000,0.000000
1085843.000000,32232.000000,0.000000,0.000000,0.000000
1085853.000000,32232.000000,0.000000,0.000000,0.000000
1085863.000000,32232.000000,0.000000,0.000000,0.000000
1085873.000000,32232.000000,0.000000,0.000000,0.000000
1085883.000000,32232.000000,0.000000,0.000000,0.000000
1085893.000000,32232.000000,0.000000,0.000000,0.000000
1085903.000000,32232.000000,0.000000,0.000000,0.000000
1085913.000000,32232.000000,0.000000,0.000000,0.000000
1085923.000000,32232.000000,0.000000,0.000000,0.000000
1085933.000000,32232.000000,0.000000,0.000000,0.000000
1085943.000000,32232.000000,0.000000,0.000000,0.000000
1085953.000000,32232.000000,0.000000,0.000000,0.000000
1085963.000000,32232.000000,0.000000,0.000000,0.000000
1085973.000000,32232.000000,0.000000,0.000000,0.000000
1085983.000000,32232.000000,0.000000,0.000000,0.000000
1085993.000000,32232.000000,0.000000,0.000000,0.000000
1086003.000000,32232.000000,0.000000,0.000000,0.000000
1086013.000000,32232.000000,0.000000,0.000000,0.000000
1086023.000000,32232.000000,0.000000,0.000000,0.000000
1086033.000000,32232.000000,0.000000,0.000000,0.000000
1086043.000000,32232.000000,0.000000,0.000000,0.000000
1086053.000000,32232.000000,0.000000,0.000000,0.000000
1086063.000000,32232.000000,0.000000,0.000000,0.000000
1086073.000000,32232.000000,0.000000,0.000000,0.000000
1086083.000000,32232.000000,0.000000,0.000000,0.000000
1086093.000000,32232.000000,0.000000,0.000000,0.000000
1086103.000000,32232.000000,0.000000,0.000000,0.000000
1086113.000000,32232.000000,0.000000,0.000000,0.000000
1086123.000000,32232.000000,0.000000,0.000000,0.000000
1086133.000000,32232.000000,0.000000,0.000000,0.000000
1086143.000000,32232.000000,0.000000,0.000000,0.000000
1086153.000000,32232.000000,0.000000,0.000000,0.000000
1086163.000000,32232.000000,0.000000,0.000000,0.000000
1086173.000000,32232.000000,0.000000,0.000000,0.000000
1086183.000000,32232.000000,0.000000,0.000000,0.000000
1086193.000000,32232.000000,0.000000,0.000000,0.000000
1086203.000000,32232.000000,0.000000,0.000000,0.000000
1086213.000000,32232.000000,0.000000,0.000000,0.000000
1086223.000000,32232.000000,0.000000,0.000000,0.000000
1086233.000000,32232.000000,0.000000,0.000000,0.000000
1086243.000000,32232.000000,0.000000,0.000000,0.000000
1086253.000000,32232.000000,0.000000,0.000000,0.000000
1086263.000000,32232.000000,0.000000,0.000000,0.000000
1086273.000000,32232.000000,0.000000,0.000000,0.000000
1086283.000000,32232.000000,0.000000,0.000000,0.000000
1086293.000000,32232.000000,0.000000,0.000000,0.000000
1086303.000000,32232.000000,0.000000,0.000000,0.000000
1086313.000000,32232.000000,0.000000,0.000000,0.000000
1086323.000000,32232.000000,0.000000,0.000000,0.000000
1086333.000000,32232.000000,0.000000,0.000000,0.000000
1086343.000000,32232.000000,0.000000,0.000000,0.000000
1086353.000000,32232.000000,0.000000,0.000000,0.000000
1086363.000000,32232.000000,0.000000,0.000000,0.000000
1086373.000000,32232.000000,0.000000,0.000000,0.000000
1086383.000000,32232.000000,0.000000,0.000000,0.000000
1086393.000000,32232.000000,0.000000,0.000000,0.000000
1086403.000000,32232.000000,0.000000,0.000000,0.000000
1086413.000000,32232.000000,0.000000,0.000000,0.000000
1086423.000000,32232.000000,0.000000,0.000000,0.000000
1086433.000000,32232.000000,0.000000,0.000000,0.000000
1086443.000000,32232.000000,0.000000,0.000000,0.000000
1086453.000000,32232.000000,0.000000,0.000000,0.000000
1086463.000000,32232.000000,0.000000,0.000000,0.000000
1086473.000000,32232.000000,0.000000,0.000000,0.000000
1086483.000000,32232.000000,0.000000,0.000000,0.000000
1086493.000000,32232.000000,0.000000,0.000000,0.000000
1086503.000000,32232.000000,0.000000,0.000000,0.000000
1086513.000000,32232.000000,0.000000,0.000000,0.000000
1086523.000000,32232.000000,0.000000,0.000000,0.000000
1086533.000000,32232.000000,0.000000,0.000000,0.000000
1086543.000000,32232.000000,0.000000,0.000000,0.000000
1086553.000000,32232.000000,0.000000,0.000000,0.000000
1086563.000000,32232.000000,0.000000,0.000000,0.000000
1086573.000000,32232.000000,0.000000,0.000000,0.000000
1086583.000000,32232.000000,0.000000,0.000000,0.000000
1086593.000000,32232.000000,0.000000,0.000000,0.000000
1086603.000000,32232.000000,0.000000,0.000000,0.000000
1086613.000000,32232.000000,0.000000,0.000000,0.000000
1086623.000000,32232.000000,0.000000,0.000000,0.000000
1086633.000000,32232.000000,0.000000,0.000000,0.000000
1086643.000000,32232.000000,0.000000,0.000000,0.000000
1086653.000000,32232.000000,0.000000,0.000000,0.000000
1086663.000000,32232.000000,0.000000,0.000000,0.000000
1086673.000000,32232.000000,0.000000,0.000000,0.000000
1086683.000000,32232.000000,0.000000,0.000000,0.000000
1086693.000000,32232.000000,0.000000,0.000000,0.000000
1086703.000000,32232.000000,0.000000,0.000000,0.000000
1086713.000000,32232.000000,0.000000,0.000000,0.000000
1086723.000000,32232.000000,0.000000,0.000000,0.000000
1086733.000000,32232.000000,0.000000,0.000000,0.000000
1086743.000000,32232.000000,0.000000,0.000000,0.000000
1086753.000000,32232.000000,0.000000,0.000000,0.000000
1086763.000000,32232.000000,0.000000,0.000000,0.000000
1086773.000000,32232.000000,0.000000,0.000000,0.000000
1086783.000000,32232.000000,0.000000,0.000000,0.000000
1086793.000000,32232.000000,0.000000,0.000000,0.000000
1086803.000000,32232.000000,0.000000,0.000000,0.000000
1086813.000000,32232.000000,0.000000,0.000000,0.000000
1086823.000000,32232.000000,0.000000,0.000000,0.000000
1086833.000000,32232.000000,0.000000,0.000000,0.000000
1086843.000000,32232.000000,0.000000,0.000000,0.000000
1086853.000000,32232.000000,0.000000,0.000000,0.000000
1086863.000000,32232.000000,0.000000,0.000000,0.000000
1086873.000000,32232.000000,0.000000,0.000000,0.000000
1086883.000000,32232.000000,0.000000,0.000000,0.000000
1086893.000000,32232.000000,0.000000,0.000000,0.000000
1086903.000000,32232.000000,0.000000,0.000000,0.000000
1086913.000000,32232.000000,0.000000,0.000000,0.000000
1086923.000000,32232.000000,0.000000,0.000000,0.000000
1086933.000000,32232.000000,0.000000,0.000000,0.000000
1086943.000000,32232.000000,0.000000,0.000000,0.000000
1086953.000000,32232.000000,0.000000,0.000000,0.000000
1086963.000000,32232.000000,0.000000,0.000000,0.000000
1086973.000000,32232.000000,0.000000,0.000000,0.000000
1086983.000000,32232.000000,0.000000,0.000000,0.000000
1086993.000000,32232.000000,0.000000,0.000000,0.000000
1087003.000000,32232.000000,0.000000,0.000000,0.000000
1087013.000000,32232.000000,0.000000,0.000000,0.000000
1087023.000000,32232.000000,0.000000,0.000000,0.000000
1087033.000000,32232.000000,0.000000,0.000000,0.000000
1087043.000000,32232.000000,0.000000,0.000000,0.000000
1087053.000000,32232.000000,0.000000,0.000000,0.000000
1087063.000000,32232.000000,0.000000,0.000000,0.000000
1087073.000000,32232.000000,0.000000,0.000000,0.000000
1087083.000000,32232.000000,0.000000,0.000000,0.000000
1087093.000000,32232.000000,0.000000,0.000000,0.000000
1087103.000000,32232.000000,0.000000,0.000000,0.000000
1087113.000000,32232.000000,0.000000,0.000000,0.000000
1087123.000000,32232.000000,0.000000,0.000000,0.000000
1087133.000000,32232.000000,0.000000,0.000000,0.000000
1087143.000000,32232.000000,0.000000,0.000000,0.000000
1087153.000000,32232.000000,0.000000,0.000000,0.000000
1087163.000000,32232.000000,0.000000,0.000000,0.000000
1087173.000000,32232.000000,0.000000,0.000000,0.000000
1087183.000000,32232.000000,0.000000,0.000000,0.000000
1087193.000000,32232.000000,0.000000,0.000000,0.000000
1087203.000000,32232.000000,0.000000,0.000000,0.000000
1087213.000000,32232.000000,0.000000,0.000000,0.000000
1087223.000000,32232.000000,0.000000,0.000000,0.000000
1087233.000000,32232.000000,0.000000,0.000000,0.000000
1087243.000000,32232.000000,0.000000,0.000000,0.000000
1087253.000000,32232.000000,0.000000,0.000000,0.000000
1087263.000000,32232.000000,0.000000,0.000000,0.000000
1087273.000000,32232.000000,0.000000,0.000000,0.000000
1087283.000000,32232.000000,0.000000,0.000000,0.000000
1087293.000000,32232.000000,0.000000,0.000000,0.000000
1087303.000000,32232.000000,0.000000,0.000000,0.000000
1087313.000000,32232.000000,0.000000,0.000000,0.000000
1087323.000000,32232.000000,0.000000,0.000000,0.000000
1087333.000000,32232.000000,0.000000,0.000000,0.000000
1087343.000000,32232.000000,0.000000,0.000000,0.000000
1087353.000000,32232.000000,0.000000,0.000000,0.000000
1087363.000000,32232.000000,0.000000,0.000000,0.000000
1087373.000000,32232.000000,0.000000,0.000000,0.000000
1087383.000000,32232.000000,0.000000,0.000000,0.000000
1087393.000000,32232.000000,0.000000,0.000000,0.000000
1087403.000000,32232.000000,0.000000,0.000000,0.000000
1087413.000000,32232.000000,0.000000,0.000000,0.000000
1087423.000000,32232.000000,0.000000,0.000000,0.000000
1087433.000000,32232.000000,0.000000,0.000000,0.000000
1087443.000000,32232.000000,0.000000,0.000000,0.000000
1087453.000000,32232.000000,0.000000,0.000000,0.000000
1087463.000000,32232.000000,0.000000,0.000000,0.000000
1087473.000000,32232.000000,0.000000,0.000000,0.000000
1087483.000000,32232.000000,0.000000,0.000000,0.000000
1087493.000000,32232.000000,0.000000,0.000000,0.000000
1087503.000000,32232.000000,0.000000,0.000000,0.000000
1087513.000000,32232.000000,0.000000,0.000000,0.000000
1087523.000000,32232.000000,0.000000,0.000000,0.000000
1087533.000000,32232.000000,0.000000,0.000000,0.000000
1087543.000000,32232.000000,0.000000,0.000000,0.000000
1087553.000000,32232.000000,0.000000,0.000000,0.000000
1087563.000000,32232.000000,0.000000,0.000000,0.000000
1087573.000000,32232.000000,0.000000,0.000000,0.000000
1087583.000000,32232.000000,0.000000,0.000000,0.000000
1087593.000000,32232.000000,0.000000,0.000000,0.000000
1087603.000000,32232.000000,0.000000,0.000000,0.000000
1087613.000000,32232.000000,0.000000,0.000000,0.000000
1087623.000000,32232.000000,0.000000,0.000000,0.000000
1087633.000000,32232.000000,0.000000,0.000000,0.000000
1087643.000000,32232.000000,0.000000,0.000000,0.000000
1087653.000000,32232.000000,0.000000,0.000000,0.000000
1087663.000000,32232.000000,0.000000,0.000000,0.000000
1087673.000000,32232.000000,0.000000,0.000000,0.000000
1087683.000000,32232.000000,0.000000,0.000000,0.000000
1087693.000000,32232.000000,0.000000,0.000000,0.000000
1087703.000000,32232.000000,0.000000,0.000000,0.000000
1087713.000000,32232.000000,0.000000,0.000000,0.000000
1087723.000000,32232.000000,0.000000,0.000000,0.000000
1087733.000000,32232.000000,0.000000,0.000000,0.000000
1087743.000000,32232.000000,0.000000,0.000000,0.000000
1087753.000000,32232.000000,0.000000,0.000000,0.000000
1087763.000000,32232.000000,0.000000,0.000000,0.000000
1087773.000000,32232.000000,0.000000,0.000000,0.000000
1087783.000000,32232.000000,0.000000,0.000000,0.000000
1087793.000000,32232.000000,0.000000,0.000000,0.000000
1087803.000000,32232.000000,0.000000,0.000000,0.000000
1087813.000000,32232.000000,0.000000,0.000000,0.000000
1087823.000000,32232.000000,0.000000,0.000000,0.000000
1087833.000000,32232.000000,0.000000,0.000000,0.000000
1087843.000000,32232.000000,0.000000,0.000000,0.000000
1087853.000000,32232.000000,0.000000,0.000000,0.000000
1087863.000000,32232.000000,0.000000,0.000000,0.000000
1087873.000000,32232.000000,0.000000,0.000000,0.000000
1087883.000000,32232.000000,0.000000,0.000000,0.000000
1087893.000000,32232.000000,0.000000,0.000000,0.000000
1087903.000000,32232.000000,0.000000,0.000000,0.000000
1087913.000000,32232.000000,0.000000,0.000000,0.000000
1087923.000000,32232.000000,0.000000,0.000000,0.000000
1087933.000000,32232.000000,0.000000,0.000000,0.000000
1087943.000000,32232.000000,0.000000,0.000000,0.000000
1087953.000000,32232.000000,0.000000,0.000000,0.000000
1087963.000000,32232.000000,0.000000,0.000000,0.000000
1087973.000000,32232.000000,0.000000,0.000000,0.000000
1087983.000000,32232.000000,0.000000,0.000000,0.000000
1087993.000000,32232.000000,0.000000,0.000000,0.000000
1088003.000000,32232.000000,0.000000,0.000000,0.000000
1088013.000000,32232.000000,0.000000,0.000000,0.000000
1088023.000000,32232.000000,0.000000,0.000000,0.000000
1088033.000000,32232.000000,0.000000,0.000000,0.000000
1088043.000000,32232.000000,0.000000,0.000000,0.000000
1088053.000000,32232.000000,0.000000,0.000000,0.000000
1088063.000000,32232.000000,0.000000,0.000000,0.000000
1088073.000000,32232.000000,0.000000,0.000000,0.000000
1088083.000000,32232.000000,0.000000,0.000000,0.000000
1088093.000000,32232.000000,0.000000,0.000000,0.000000
1088103.000000,32232.000000,0.000000,0.000000,0.000000
1088113.000000,32232.000000,0.000000,0.000000,0.000000
1088123.000000,32232.000000,0.000000,0.000000,0.000000
1088133.000000,32232.000000,0.000000,0.000000,0.000000
1088143.000000,32232.000000,0.000000,0.000000,0.000000
1088153.000000,32232.000000,0.000000,0.000000,0.000000
1088163.000000,32232.000000,0.000000,0.000000,0.000000
1088173.000000,32232.000000,0.000000,0.000000,0.000000
1088183.000000,32232.000000,0.000000,0.000000,0.000000
1088193.000000,32232.000000,0.000000,0.000000,0.000000
1088203.000000,32232.000000,0.000000,0.000000,0.000000
1088213.000000,32232.000000,0.000000,0.000000,0.000000
1088223.000000,32232.000000,0.000000,0.000000,0.000000
1088233.000000,32232.000000,0.000000,0.000000,0.000000
1088243.000000,32232.000000,0.000000,0.000000,0.000000
1088253.000000,32232.000000,0.000000,0.000000,0.000000
1088263.000000,32232.000000,0.000000,0.000000,0.000000
1088273.000000,32232.000000,0.000000,0.000000,0.000000
1088283.000000,32232.000000,0.000000,0.000000,0.000000
1088293.000000,32232.000000,0.000000,0.000000,0.000000
1088303.000000,32232.000000,0.000000,0.000000,0.000000
1088313.000000,32232.000000,0.000000,0.000000,0.000000
1088323.000000,32232.000000,0.000000,0.000000,0.000000
1088333.000000,32232.000000,0.000000,0.000000,0.000000
1088343.000000,32232.000000,0.000000,0.000000,0.000000
1088353.000000,32232.000000,0.000000,0.000000,0.000000
1088363.000000,32232.000000,0.000000,0.000000,0.000000
1088373.000000,32232.000000,0.000000,0.000000,0.000000
1088383.000000,32232.000000,0.000000,0.000000,0.000000
1088393.000000,32232.000000,0.000000,0.000000,0.000000
1088403.000000,32232.000000,0.000000,0.000000,0.000000
1088413.000000,32232.000000,0.000000,0.000000,0.000000
1088423.000000,32232.000000,0.000000,0.000000,0.000000
1088433.000000,32232.000000,0.000000,0.000000,0.000000
1088443.000000,32232.000000,0.000000,0.000000,0.000000
1088453.000000,32232.000000,0.000000,0.000000,0.000000
1088463.000000,32232.000000,0.000000,0.000000,0.000000
1088473.000000,32232.000000,0.000000,0.000000,0.000000
1088483.000000,32232.000000,0.000000,0.000000,0.000000
1088493.000000,32232.000000,0.000000,0.000000,0.000000
1088503.000000,32232.000000,0.000000,0.000000,0.000000
1088513.000000,32232.000000,0.000000,0.000000,0.000000
1088523.000000,32232.000000,0.000000,0.000000,0.000000
1088533.000000,32232.000000,0.000000,0.000000,0.000000
1088543.000000,32232.000000,0.000000,0.000000,0.000000
1088553.000000,32232.000000,0.000000,0.000000,0.000000
1088563.000000,32232.000000,0.000000,0.000000,0.000000
1088573.000000,32232.000000,0.000000,0.000000,0.000000
1088583.000000,32232.000000,0.000000,0.000000,0.000000
1088593.000000,32232.000000,0.000000,0.000000,0.000000
1088603.000000,32232.000000,0.000000,0.000000,0.000000
1088613.000000,32232.000000,0.000000,0.000000,0.000000
1088623.000000,32232.000000,0.000000,0.000000,0.000000
1088633.000000,32232.000000,0.000000,0.000000,0.000000
1088643.000000,32232.000000,0.000000,0.000000,0.000000
1088653.000000,32232.000000,0.000000,0.000000,0.000000
1088663.000000,32232.000000,0.000000,0.000000,0.000000
1088673.000000,32232.000000,0.000000,0.000000,0.000000
1088683.000000,32232.000000,0.000000,0.000000,0.000000
1088693.000000,32232.000000,0.000000,0.000000,0.000000
1088703.000000,32232.000000,0.000000,0.000000,0.000000
1088713.000000,32232.000000,0.000000,0.000000,0.000000
1088723.000000,32232.000000,0.000000,0.000000,0.000000
1088733.000000,32232.000000,0.000000,0.000000,0.000000
1088743.000000,32232.000000,0.000000,0.000000,0.000000
1088753.000000,32232.000000,0.000000,0.000000,0.000000
1088763.000000,32232.000000,0.000000,0.000000,0.000000
1088773.000000,32232.000000,0.000000,0.000000,0.000000
1088783.000000,32232.000000,0.000000,0.000000,0.000000
1088793.000000,32232.000000,0.000000,0.000000,0.000000
1088803.000000,32232.000000,0.000000,0.000000,0.000000
1088813.000000,32232.000000,0.000000,0.000000,0.000000
1088823.000000,32232.000000,0.000000,0.000000,0.000000
1088833.000000,32232.000000,0.000000,0.000000,0.000000
1088843.000000,32232.000000,0.000000,0.000000,0.000000
1088853.000000,32232.000000,0.000000,0.000000,0.000000
1088863.000000,32232.000000,0.000000,0.000000,0.000000
1088873.000000,32232.000000,0.000000,0.000000,0.000000
1088883.000000,32232.000000,0.000000,0.000000,0.000000
1088893.000000,32232.000000,0.000000,0.000000,0.000000
1088903.000000,32232.000000,0.000000,0.000000,0.000000
1088913.000000,32232.000000,0.000000,0.000000,0.000000
1088923.000000,32232.000000,0.000000,0.000000,0.000000
1088933.000000,32232.000000,0.000000,0.000000,0.000000
1088943.000000,32232.000000,0.000000,0.000000,0.000000
1088953.000000,32232.000000,0.000000,0.000000,0.000000
1088963.000000,32232.000000,0.000000,0.000000,0.000000
1088973.000000,32232.000000,0.000000,0.000000,0.000000
1088983.000000,32232.000000,0.000000,0.000000,0.000000
1088993.000000,32232.000000,0.000000,0.000000,0.000000
1089003.000000,32232.000000,0.000000,0.000000,0.000000
1089013.000000,32232.000000,0.000000,0.000000,0.000000
1089023.000000,32232.000000,0.000000,0.000000,0.000000
1089033.000000,32232.000000,0.000000,0.000000,0.000000
1089043.000000,32232.000000,0.000000,0.000000,0.000000
1089053.000000,32232.000000,0.000000,0.000000,0.000000
1089063.000000,32232.000000,0.000000,0.000000,0.000000
1089073.000000,32232.000000,0.000000,0.000000,0.000000
1089083.000000,32232.000000,0.000000,0.000000,0.000000
1089093.000000,32232.000000,0.000000,0.000000,0.000000
1089103.000000,32232.000000,0.000000,0.000000,0.000000
1089113.000000,32232.000000,0.000000,0.000000,0.000000
1089123.000000,32232.000000,0.000000,0.000000,0.000000
1089133.000000,32232.000000,0.000000,0.000000,0.000000
1089143.000000,32232.000000,0.000000,0.000000,0.000000
1089153.000000,32232.000000,0.000000,0.000000,0.000000
1089163.000000,32232.000000,0.000000,0.000000,0.000000
1089173.000000,32232.000000,0.000000,0.000000,0.000000
1089183.000000,32232.000000,0.000000,0.000000,0.000000
1089193.000000,32232.000000,0.000000,0.000000,0.000000
1089203.000000,32232.000000,0.000000,0.000000,0.000000
1089213.000000,32232.000000,0.000000,0.000000,0.000000
1089223.000000,32232.000000,0.000000,0.000000,0.000000
1089233.000000,32232.000000,0.000000,0.000000,0.000000
1089243.000000,32232.000000,0.000000,0.000000,0.000000
1089253.000000,32232.000000,0.000000,0.000000,0.000000
1089263.000000,32232.000000,0.000000,0.000000,0.000000
1089273.000000,32232.000000,0.000000,0.000000,0.000000
1089283.000000,32232.000000,0.000000,0.000000,0.000000
1089293.000000,32232.000000,0.000000,0.000000,0.000000
1089303.000000,32232.000000,0.000000,0.000000,0.000000
1089313.000000,32232.000000,0.000000,0.000000,0.000000
1089323.000000,32232.000000,0.000000,0.000000,0.000000
1089333.000000,32232.000000,0.000000,0.000000,0.000000
1089343.000000,32232.000000,0.000000,0.000000,0.000000
1089353.000000,32232.000000,0.000000,0.000000,0.000000
1089363.000000,32232.000000,0.000000,0.000000,0.000000
1089373.000000,32232.000000,0.000000,0.000000,0.000000
1089383.000000,32232.000000,0.000000,0.000000,0.000000
1089393.000000,32232.000000,0.000000,0.000000,0.000000
1089403.000000,32232.000000,0.000000,0.000000,0.000000
1089413.000000,32232.000000,0.000000,0.000000,0.000000
1089423.000000,32232.000000,0.000000,0.000000,0.000000
1089433.000000,32232.000000,0.000000,0.000000,0.000000
1089443.000000,32232.000000,0.000000,0.000000,0.000000
1089453.000000,32232.000000,0.000000,0.000000,0.000000
1089463.000000,32232.000000,0.000000,0.000000,0.000000
1089473.000000,32232.000000,0.000000,0.000000,0.000000
1089483.000000,32232.000000,0.000000,0.000000,0.000000
1089493.000000,32232.000000,0.000000,0.000000,0.000000
1089503.000000,32232.000000,0.000000,0.000000,0.000000
1089513.000000,32232.000000,0.000000,0.000000,0.000000
1089523.000000,32232.000000,0.000000,0.000000,0.000000
1089533.000000,32232.000000,0.000000,0.000000,0.000000
1089543.000000,32232.000000,0.000000,0.000000,0.000000
1089553.000000,32232.000000,0.000000,0.000000,0.000000
1089563.000000,32232.000000,0.000000,0.000000,0.000000
1089573.000000,32232.000000,0.000000,0.000000,0.000000
1089583.000000,32232.000000,0.000000,0.000000,0.000000
1089593.000000,32232.000000,0.000000,0.000000,0.000000
1089603.000000,32232.000000,0.000000,0.000000,0.000000
1089613.000000,32232.000000,0.000000,0.000000,0.000000
1089623.000000,32232.000000,0.000000,0.000000,0.000000
1089633.000000,32232.000000,0.000000,0.000000,0.000000
1089643.000000,32232.000000,0.000000,0.000000,0.000000
1089653.000000,32232.000000,0.000000,0.000000,0.000000
1089663.000000,32232.000000,0.000000,0.000000,0.000000
1089673.000000,32232.000000,0.000000,0.000000,0.000000
1089683.000000,32232.000000,0.000000,0.000000,0.000000
1089693.000000,32232.000000,0.000000,0.000000,0.000000
1089703.000000,32232.000000,0.000000,0.000000,0.000000
1089713.000000,32232.000000,0.000000,0.000000,0.000000
1089723.000000,32232.000000,0.000000,0.000000,0.000000
1089733.000000,32232.000000,0.000000,0.000000,0.000000
1089743.000000,32232.000000,0.000000,0.000000,0.000000
1089753.000000,32232.000000,0.000000,0.000000,0.000000
1089763.000000,32232.000000,0.000000,0.000000,0.000000
1089773.000000,32232.000000,0.000000,0.000000,0.000000
1089783.000000,32232.000000,0.000000,0.000000,0.000000
1089793.000000,32232.000000,0.000000,0.000000,0.000000
1089803.000000,32232.000000,0.000000,0.000000,0.000000
1089813.000000,32232.000000,0.000000,0.000000,0.000000
1089823.000000,32232.000000,0.000000,0.000000,0.000000
1089833.000000,32232.000000,0.000000,0.000000,0.000000
1089843.000000,32232.000000,0.000000,0.000000,0.000000
1089853.000000,32232.000000,0.000000,0.000000,0.000000
1089863.000000,32232.000000,0.000000,0.000000,0.000000
1089873.000000,32232.000000,0.000000,0.000000,0.000000
1089883.000000,32232.000000,0.000000,0.000000,0.000000
1089893.000000,32232.000000,0.000000,0.000000,0.000000
1089903.000000,32232.000000,0.000000,0.000000,0.000000
1089913.000000,32232.000000,0.000000,0.000000,0.000000
1089923.000000,32232.000000,0.000000,0.000000,0.000000
1089933.000000,32232.000000,0.000000,0.000000,0.000000
1089943.000000,32232.000000,0.000000,0.000000,0.000000
1089953.000000,32232.000000,0.000000,0.000000,0.000000
1089963.000000,32232.000000,0.000000,0.000000,0.000000
1089973.000000,32232.000000,0.000000,0.000000,0.000000
1089983.000000,32232.000000,0.000000,0.000000,0.000000
1089993.000000,32232.000000,0.000000,0.000000,0.000000
1090003.000000,32232.000000,0.000000,0.000000,0.000000
1090013.000000,32232.000000,0.000000,0.000000,0.000000
1090023.000000,32232.000000,0.000000,0.000000,0.000000
1090033.000000,32232.000000,0.000000,0.000000,0.000000
1090043.000000,32232.000000,0.000000,0.000000,0.000000
1090053.000000,32232.000000,0.000000,0.000000,0.000000
1090063.000000,32232.000000,0.000000,0.000000,0.000000
1090073.000000,32232.000000,0.000000,0.000000,0.000000
1090083.000000,32232.000000,0.000000,0.000000,0.000000
1090093.000000,32232.000000,0.000000,0.000000,0.000000
1090103.000000,32232.000000,0.000000,0.000000,0.000000
1090113.000000,32232.000000,0.000000,0.000000,0.000000
1090123.000000,32232.000000,0.000000,0.000000,0.000000
1090133.000000,32232.000000,0.000000,0.000000,0.000000
1090143.000000,32232.000000,0.000000,0.000000,0.000000
1090153.000000,32232.000000,0.000000,0.000000,0.000000
1090163.000000,32232.000000,0.000000,0.000000,0.000000
1090173.000000,32232.000000,0.000000,0.000000,0.000000
1090183.000000,32232.000000,0.000000,0.000000,0.000000
1090193.000000,32232.000000,0.000000,0.000000,0.000000
1090203.000000,32232.000000,0.000000,0.000000,0.000000
1090213.000000,32232.000000,0.000000,0.000000,0.000000
1090223.000000,32232.000000,0.000000,0.000000,0.000000
1090233.000000,32232.000000,0.000000,0.000000,0.000000
1090243.000000,32232.000000,0.000000,0.000000,0.000000
1090253.000000,32232.000000,0.000000,0.000000,0.000000
1090263.000000,32232.000000,0.000000,0.000000,0.000000
1090273.000000,32232.000000,0.000000,0.000000,0.000000
1090283.000000,32232.000000,0.000000,0.000000,0.000000
1090293.000000,32232.000000,0.000000,0.000000,0.000000
1090303.000000,32232.000000,0.000000,0.000000,0.000000
1090313.000000,32232.000000,0.000000,0.000000,0.000000
1090323.000000,32232.000000,0.000000,0.000000,0.000000
1090333.000000,32232.000000,0.000000,0.000000,0.000000
1090343.000000,32232.000000,0.000000,0.000000,0.000000
1090353.000000,32232.000000,0.000000,0.000000,0.000000
1090363.000000,32232.000000,0.000000,0.000000,0.000000
1090373.000000,32232.000000,0.000000,0.000000,0.000000
1090383.000000,32232.000000,0.000000,0.000000,0.000000
1090393.000000,32232.000000,0.000000,0.000000,0.000000
1090403.000000,32232.000000,0.000000,0.000000,0.000000
1090413.000000,32232.000000,0.000000,0.000000,0.000000
1090423.000000,32232.000000,0.000000,0.000000,0.000000
1090433.000000,32232.000000,0.000000,0.000000,0.000000
1090443.000000,32232.000000,0.000000,0.000000,0.000000
1090453.000000,32232.000000,0.000000,0.000000,0.000000
1090463.000000,32232.000000,0.000000,0.000000,0.000000
1090473.000000,32232.000000,0.000000,0.000000,0.000000
1090483.000000,32232.000000,0.000000,0.000000,0.000000
1090493.000000,32232.000000,0.000000,0.000000,0.000000
1090503.000000,32232.000000,0.000000,0.000000,0.000000
1090513.000000,32232.000000,0.000000,0.000000,0.000000
1090523.000000,32232.000000,0.000000,0.000000,0.000000
1090533.000000,32232.000000,0.000000,0.000000,0.000000
1090543.000000,32232.000000,0.000000,0.000000,0.000000
1090553.000000,32232.000000,0.000000,0.000000,0.000000
1090563.000000,32232.000000,0.000000,0.000000,0.000000
1090573.000000,32232.000000,0.000000,0.000000,0.000000
1090583.000000,32232.000000,0.000000,0.000000,0.000000
1090593.000000,32232.000000,0.000000,0.000000,0.000000
1090603.000000,32232.000000,0.000000,0.000000,0.000000
1090613.000000,32232.000000,0.000000,0.000000,0.000000
1090623.000000,32232.000000,0.000000,0.000000,0.000000
1090633.000000,32232.000000,0.000000,0.000000,0.000000
1090643.000000,32232.000000,0.000000,0.000000,0.000000
1090653.000000,32232.000000,0.000000,0.000000,0.000000
1090663.000000,32232.000000,0.000000,0.000000,0.000000
1090673.000000,32232.000000,0.000000,0.000000,0.000000
1090683.000000,32232.000000,0.000000,0.000000,0.000000
1090693.000000,32232.000000,0.000000,0.000000,0.000000
1090703.000000,32232.000000,0.000000,0.000000,0.000000
1090713.000000,32232.000000,0.000000,0.000000,0.000000
1090723.000000,32232.000000,0.000000,0.000000,0.000000
1090733.000000,32232.000000,0.000000,0.000000,0.000000
1090743.000000,32232.000000,0.000000,0.000000,0.000000
1090753.000000,32232.000000,0.000000,0.000000,0.000000
1090763.000000,32232.000000,0.000000,0.000000,0.000000
1090773.000000,32232.000000,0.000000,0.000000,0.000000
1090783.000000,32232.000000,0.000000,0.000000,0.000000
1090793.000000,32232.000000,0.000000,0.000000,0.000000
1090803.000000,32232.000000,0.000000,0.000000,0.000000
1090813.000000,32232.000000,0.000000,0.000000,0.000000
1090823.000000,32232.000000,0.000000,0.000000,0.000000
1090833.000000,32232.000000,0.000000,0.000000,0.000000
1090843.000000,32232.000000,0.000000,0.000000,0.000000
1090853.000000,32232.000000,0.000000,0.000000,0.000000
1090863.000000,32232.000000,0.000000,0.000000,0.000000
1090873.000000,32232.000000,0.000000,0.000000,0.000000
1090883.000000,32232.000000,0.000000,0.000000,0.000000
1090893.000000,32232.000000,0.000000,0.000000,0.000000
1090903.000000,32232.000000,0.000000,0.000000,0.000000
1090913.000000,32232.000000,0.000000,0.000000,0.000000
1090923.000000,32232.000000,0.000000,0.000000,0.000000
1090933.000000,32232.000000,0.000000,0.000000,0.000000
1090943.000000,32232.000000,0.000000,0.000000,0.000000
1090953.000000,32232.000000,0.000000,0.000000,0.000000
1090963.000000,32232.000000,0.000000,0.000000,0.000000
1090973.000000,32232.000000,0.000000,0.000000,0.000000
1090983.000000,32232.000000,0.000000,0.000000,0.000000
1090993.000000,32232.000000,0.000000,0.000000,0.000000
1091003.000000,32232.000000,0.000000,0.000000,0.000000
1091013.000000,32232.000000,0.000000,0.000000,0.000000
1091023.000000,32232.000000,0.000000,0.000000,0.000000
1091033.000000,32232.000000,0.000000,0.000000,0.000000
1091043.000000,32232.000000,0.000000,0.000000,0.000000
1091053.000000,32232.000000,0.000000,0.000000,0.000000
1091063.000000,32232.000000,0.000000,0.000000,0.000000
1091073.000000,32232.000000,0.000000,0.000000,0.000000
1091083.000000,32232.000000,0.000000,0.000000,0.000000
1091093.000000,32232.000000,0.000000,0.000000,0.000000
1091103.000000,32232.000000,0.000000,0.000000,0.000000
1091113.000000,32232.000000,0.000000,0.000000,0.000000
1091123.000000,32232.000000,0.000000,0.000000,0.000000
1091133.000000,32232.000000,0.000000,0.000000,0.000000
1091143.000000,32232.000000,0.000000,0.000000,0.000000
1091153.000000,32232.000000,0.000000,0.000000,0.000000
1091163.000000,32232.000000,0.000000,0.000000,0.000000
1091173.000000,32232.000000,0.000000,0.000000,0.000000
1091183.000000,32232.000000,0.000000,0.000000,0.000000
1091193.000000,32232.000000,0.000000,0.000000,0.000000
1091203.000000,32232.000000,0.000000,0.000000,0.000000
1091213.000000,32232.000000,0.000000,0.000000,0.000000
1091223.000000,32232.000000,0.000000,0.000000,0.000000
1091233.000000,32232.000000,0.000000,0.000000,0.000000
1091243.000000,32232.000000,0.000000,0.000000,0.000000
1091253.000000,32232.000000,0.000000,0.000000,0.000000
1091263.000000,32232.000000,0.000000,0.000000,0.000000
1091273.000000,32232.000000,0.000000,0.000000,0.000000
1091283.000000,32232.000000,0.000000,0.000000,0.000000
1091293.000000,32232.000000,0.000000,0.000000,0.000000
1091303.000000,32232.000000,0.000000,0.000000,0.000000
1091313.000000,32232.000000,0.000000,0.000000,0.000000
1091323.000000,32232.000000,0.000000,0.000000,0.000000
1091333.000000,32232.000000,0.000000,0.000000,0.000000
1091343.000000,32232.000000,0.000000,0.000000,0.000000
1091353.000000,32232.000000,0.000000,0.000000,0.000000
1091363.000000,32232.000000,0.000000,0.000000,0.000000
1091373.000000,32232.000000,0.000000,0.000000,0.000000
1091383.000000,32232.000000,0.000000,0.000000,0.000000
1091393.000000,32232.000000,0.000000,0.000000,0.000000
1091403.000000,32232.000000,0.000000,0.000000,0.000000
1091413.000000,32232.000000,0.000000,0.000000,0.000000
1091423.000000,32232.000000,0.000000,0.000000,0.000000
1091433.000000,32232.000000,0.000000,0.000000,0.000000
1091443.000000,32232.000000,0.000000,0.000000,0.000000
1091453.000000,32232.000000,0.000000,0.000000,0.000000
1091463.000000,32232.000000,0.000000,0.000000,0.000000
1091473.000000,32232.000000,0.000000,0.000000,0.000000
1091483.000000,32232.000000,0.000000,0.000000,0.000000
1091493.000000,32232.000000,0.000000,0.000000,0.000000
1091503.000000,32232.000000,0.000000,0.000000,0.000000
1091513.000000,32232.000000,0.000000,0.000000,0.000000
1091523.000000,32232.000000,0.000000,0.000000,0.000000
1091533.000000,32232.000000,0.000000,0.000000,0.000000
1091543.000000,32232.000000,0.000000,0.000000,0.000000
1091553.000000,32232.000000,0.000000,0.000000,0.000000
1091563.000000,32232.000000,0.000000,0.000000,0.000000
1091573.000000,32232.000000,0.000000,0.000000,0.000000
1091583.000000,32232.000000,0.000000,0.000000,0.000000
1091593.000000,32232.000000,0.000000,0.000000,0.000000
1091603.000000,32232.000000,0.000000,0.000000,0.000000
1091613.000000,32232.000000,0.000000,0.000000,0.000000
1091623.000000,32232.000000,0.000000,0.000000,0.000000
1091633.000000,32232.000000,0.000000,0.000000,0.000000
1091643.000000,32232.000000,0.000000,0.000000,0.000000
1091653.000000,32232.000000,0.000000,0.000000,0.000000
1091663.000000,32232.000000,0.000000,0.000000,0.000000
1091673.000000,32232.000000,0.000000,0.000000,0.000000
1091683.000000,32232.000000,0.000000,0.000000,0.000000
1091693.000000,32232.000000,0.000000,0.000000,0.000000
1091703.000000,32232.000000,0.000000,0.000000,0.000000
1091713.000000,32232.000000,0.000000,0.000000,0.000000
1091723.000000,32232.000000,0.000000,0.000000,0.000000
1091733.000000,32232.000000,0.000000,0.000000,0.000000
1091743.000000,32232.000000,0.000000,0.000000,0.000000
1091753.000000,32232.000000,0.000000,0.000000,0.000000
1091763.000000,32232.000000,0.000000,0.000000,0.000000
1091773.000000,32232.000000,0.000000,0.000000,0.000000
1091783.000000,32232.000000,0.000000,0.000000,0.000000
1091793.000000,32232.000000,0.000000,0.000000,0.000000
1091803.000000,32232.000000,0.000000,0.000000,0.000000
1091813.000000,32232.000000,0.000000,0.000000,0.000000
1091823.000000,32232.000000,0.000000,0.000000,0.000000
1091833.000000,32232.000000,0.000000,0.000000,0.000000
1091843.000000,32232.000000,0.000000,0.000000,0.000000
1091853.000000,32232.000000,0.000000,0.000000,0.000000
1091863.000000,32232.000000,0.000000,0.000000,0.000000
1091873.000000,32232.000000,0.000000,0.000000,0.000000
1091883.000000,32232.000000,0.000000,0.000000,0.000000
1091893.000000,32232.000000,0.000000,0.000000,0.000000
1091903.000000,32232.000000,0.000000,0.000000,0.000000
1091913.000000,32232.000000,0.000000,0.000000,0.000000
1091923.000000,32232.000000,0.000000,0.000000,0.000000
1091933.000000,32232.000000,0.000000,0.000000,0.000000
1091943.000000,32232.000000,0.000000,0.000000,0.000000
1091953.000000,32232.000000,0.000000,0.000000,0.000000
1091963.000000,32232.000000,0.000000,0.000000,0.000000
1091973.000000,32232.000000,0.000000,0.000000,0.000000
1091983.000000,32232.000000,0.000000,0.000000,0.000000
1091993.000000,32232.000000,0.000000,0.000000,0.000000
1092003.000000,32232.000000,0.000000,0.000000,0.000000
1092013.000000,32232.000000,0.000000,0.000000,0.000000
1092023.000000,32232.000000,0.000000,0.000000,0.000000
1092033.000000,32232.000000,0.000000,0.000000,0.000000
1092043.000000,32232.000000,0.000000,0.000000,0.000000
1092053.000000,32232.000000,0.000000,0.000000,0.000000
1092063.000000,32232.000000,0.000000,0.000000,0.000000
1092073.000000,32232.000000,0.000000,0.000000,0.000000
1092083.000000,32232.000000,0.000000,0.000000,0.000000
1092093.000000,32232.000000,0.000000,0.000000,0.000000
1092103.000000,32232.000000,0.000000,0.000000,0.000000
1092113.000000,32232.000000,0.000000,0.000000,0.000000
1092123.000000,32232.000000,0.000000,0.000000,0.000000
1092133.000000,32232.000000,0.000000,0.000000,0.000000
1092143.000000,32232.000000,0.000000,0.000000,0.000000
1092153.000000,32232.000000,0.000000,0.000000,0.000000
1092163.000000,32232.000000,0.000000,0.000000,0.000000
1092173.000000,32232.000000,0.000000,0.000000,0.000000
1092183.000000,32232.000000,0.000000,0.000000,0.000000
1092193.000000,32232.000000,0.000000,0.000000,0.000000
1092203.000000,32232.000000,0.000000,0.000000,0.000000
1092213.000000,32232.000000,0.000000,0.000000,0.000000
1092223.000000,32232.000000,0.000000,0.000000,0.000000
1092233.000000,32232.000000,0.000000,0.000000,0.000000
1092243.000000,32232.000000,0.000000,0.000000,0.000000
1092253.000000,32232.000000,0.000000,0.000000,0.000000
1092263.000000,32232.000000,0.000000,0.000000,0.000000
1092273.000000,32232.000000,0.000000,0.000000,0.000000
1092283.000000,32232.000000,0.000000,0.000000,0.000000
1092293.000000,32232.000000,0.000000,0.000000,0.000000
1092303.000000,32232.000000,0.000000,0.000000,0.000000
1092313.000000,32232.000000,0.000000,0.000000,0.000000
1092323.000000,32232.000000,0.000000,0.000000,0.000000
1092333.000000,32232.000000,0.000000,0.000000,0.000000
1092343.000000,32232.000000,0.000000,0.000000,0.000000
1092353.000000,32232.000000,0.000000,0.000000,0.000000
1092363.000000,32232.000000,0.000000,0.000000,0.000000
1092373.000000,32232.000000,0.000000,0.000000,0.000000
1092383.000000,32232.000000,0.000000,0.000000,0.000000
1092393.000000,32232.000000,0.000000,0.000000,0.000000
1092403.000000,32232.000000,0.000000,0.000000,0.000000
1092413.000000,32232.000000,0.000000,0.000000,0.000000
1092423.000000,32232.000000,0.000000,0.000000,0.000000
1092433.000000,32232.000000,0.000000,0.000000,0.000000
1092443.000000,32232.000000,0.000000,0.000000,0.000000
1092453.000000,32232.000000,0.000000,0.000000,0.000000
1092463.000000,32232.000000,0.000000,0.000000,0.000000
1092473.000000,32232.000000,0.000000,0.000000,0.000000
1092483.000000,32232.000000,0.000000,0.000000,0.000000
1092493.000000,32232.000000,0.000000,0.000000,0.000000
1092503.000000,32232.000000,0.000000,0.000000,0.000000
1092513.000000,32232.000000,0.000000,0.000000,0.000000
1092523.000000,32232.000000,0.000000,0.000000,0.000000
1092533.000000,32232.000000,0.000000,0.000000,0.000000
1092543.000000,32232.000000,0.000000,0.000000,0.000000
1092553.000000,32232.000000,0.000000,0.000000,0.000000
1092563.000000,32232.000000,0.000000,0.000000,0.000000
1092573.000000,32232.000000,0.000000,0.000000,0.000000
1092583.000000,32232.000000,0.000000,0.000000,0.000000
1092593.000000,32232.000000,0.000000,0.000000,0.000000
1092603.000000,32232.000000,0.000000,0.000000,0.000000
1092613.000000,32232.000000,0.000000,0.000000,0.000000
1092623.000000,32232.000000,0.000000,0.000000,0.000000
1092633.000000,32232.000000,0.000000,0.000000,0.000000
1092643.000000,32232.000000,0.000000,0.000000,0.000000
1092653.000000,32232.000000,0.000000,0.000000,0.000000
1092663.000000,32232.000000,0.000000,0.000000,0.000000
1092673.000000,32232.000000,0.000000,0.000000,0.000000
1092683.000000,32232.000000,0.000000,0.000000,0.000000
1092693.000000,32232.000000,0.000000,0.000000,0.000000
1092703.000000,32232.000000,0.000000,0.000000,0.000000
1092713.000000,32232.000000,0.000000,0.000000,0.000000
1092723.000000,32232.000000,0.000000,0.000000,0.000000
1092733.000000,32232.000000,0.000000,0.000000,0.000000
1092743.000000,32232.000000,0.000000,0.000000,0.000000
1092753.000000,32232.000000,0.000000,0.000000,0.000000
1092763.000000,32232.000000,0.000000,0.000000,0.000000
1092773.000000,32232.000000,0.000000,0.000000,0.000000
1092783.000000,32232.000000,0.000000,0.000000,0.000000
1092793.000000,32232.000000,0.000000,0.000000,0.000000
1092803.000000,32232.000000,0.000000,0.000000,0.000000
1092813.000000,32232.000000,0.000000,0.000000,0.000000
1092823.000000,32232.000000,0.000000,0.000000,0.000000
1092833.000000,32232.000000,0.000000,0.000000,0.000000
1092843.000000,32232.000000,0.000000,0.000000,0.000000
1092853.000000,32232.000000,0.000000,0.000000,0.000000
1092863.000000,32232.000000,0.000000,0.000000,0.000000
1092873.000000,32232.000000,0.000000,0.000000,0.000000
1092883.000000,32232.000000,0.000000,0.000000,0.000000
1092893.000000,32232.000000,0.000000,0.000000,0.000000
1092903.000000,32232.000000,0.000000,0.000000,0.000000
1092913.000000,32232.000000,0.000000,0.000000,0.000000
1092923.000000,32232.000000,0.000000,0.000000,0.000000
1092933.000000,32232.000000,0.000000,0.000000,0.000000
1092943.000000,32232.000000,0.000000,0.000000,0.000000
1092953.000000,32232.000000,0.000000,0.000000,0.000000
1092963.000000,32232.000000,0.000000,0.000000,0.000000
1092973.000000,32232.000000,0.000000,0.000000,0.000000
1092983.000000,32232.000000,0.000000,0.000000,0.000000
1092993.000000,32232.000000,0.000000,0.000000,0.000000
1093003.000000,32232.000000,0.000000,0.000000,0.000000
1093013.000000,32232.000000,0.000000,0.000000,0.000000
1093023.000000,32232.000000,0.000000,0.000000,0.000000
1093033.000000,32232.000000,0.000000,0.000000,0.000000
1093043.000000,32232.000000,0.000000,0.000000,0.000000
1093053.000000,32232.000000,0.000000,0.000000,0.000000
1093063.000000,32232.000000,0.000000,0.000000,0.000000
1093073.000000,32232.000000,0.000000,0.000000,0.000000
1093083.000000,32232.000000,0.000000,0.000000,0.000000
1093093.000000,32232.000000,0.000000,0.000000,0.000000
1093103.000000,32232.000000,0.000000,0.000000,0.000000
1093113.000000,32232.000000,0.000000,0.000000,0.000000
1093123.000000,32232.000000,0.000000,0.000000,0.000000
1093133.000000,32232.000000,0.000000,0.000000,0.000000
1093143.000000,32232.000000,0.000000,0.000000,0.000000
1093153.000000,32232.000000,0.000000,0.000000,0.000000
1093163.000000,32232.000000,0.000000,0.000000,0.000000
1093173.000000,32232.000000,0.000000,0.000000,0.000000
1093183.000000,32232.000000,0.000000,0.000000,0.000000
1093193.000000,32232.000000,0.000000,0.000000,0.000000
1093203.000000,32232.000000,0.000000,0.000000,0.000000
1093213.000000,32232.000000,0.000000,0.000000,0.000000
1093223.000000,32232.000000,0.000000,0.000000,0.000000
1093233.000000,32232.000000,0.000000,0.000000,0.000000
1093243.000000,32232.000000,0.000000,0.000000,0.000000
1093253.000000,32232.000000,0.000000,0.000000,0.000000
1093263.000000,32232.000000,0.000000,0.000000,0.000000
1093273.000000,32232.000000,0.000000,0.000000,0.000000
1093283.000000,32232.000000,0.000000,0.000000,0.000000
1093293.000000,32232.000000,0.000000,0.000000,0.000000
1093303.000000,32232.000000,0.000000,0.000000,0.000000
1093313.000000,32232.000000,0.000000,0.000000,0.000000
1093323.000000,32232.000000,0.000000,0.000000,0.000000
1093333.000000,32232.000000,0.000000,0.000000,0.000000
1093343.000000,32232.000000,0.000000,0.000000,0.000000
1093353.000000,32232.000000,0.000000,0.000000,0.000000
1093363.000000,32232.000000,0.000000,0.000000,0.000000
1093373.000000,32232.000000,0.000000,0.000000,0.000000
1093383.000000,32232.000000,0.000000,0.000000,0.000000
1093393.000000,32232.000000,0.000000,0.000000,0.000000
1093403.000000,32232.000000,0.000000,0.000000,0.000000
1093413.000000,32232.000000,0.000000,0.000000,0.000000
1093423.000000,32232.000000,0.000000,0.000000,0.000000
1093433.000000,32232.000000,0.000000,0.000000,0.000000
1093443.000000,32232.000000,0.000000,0.000000,0.000000
1093453.000000,32232.000000,0.000000,0.000000,0.000000
1093463.000000,32232.000000,0.000000,0.000000,0.000000
1093473.000000,32232.000000,0.000000,0.000000,0.000000
1093483.000000,32232.000000,0.000000,0.000000,0.000000
1093493.000000,32232.000000,0.000000,0.000000,0.000000
1093503.000000,32232.000000,0.000000,0.000000,0.000000
1093513.000000,32232.000000,0.000000,0.000000,0.000000
1093523.000000,32232.000000,0.000000,0.000000,0.000000
1093533.000000,32232.000000,0.000000,0.000000,0.000000
1093543.000000,32232.000000,0.000000,0.000000,0.000000
1093553.000000,32232.000000,0.000000,0.000000,0.000000
1093563.000000,32232.000000,0.000000,0.000000,0.000000
1093573.000000,32232.000000,0.000000,0.000000,0.000000
1093583.000000,32232.000000,0.000000,0.000000,0.000000
1093593.000000,32232.000000,0.000000,0.000000,0.000000
1093603.000000,32232.000000,0.000000,0.000000,0.000000
1093613.000000,32232.000000,0.000000,0.000000,0.000000
1093623.000000,32232.000000,0.000000,0.000000,0.000000
1093633.000000,32232.000000,0.000000,0.000000,0.000000
1093643.000000,32232.000000,0.000000,0.000000,0.000000
1093653.000000,32232.000000,0.000000,0.000000,0.000000
1093663.000000,32232.000000,0.000000,0.000000,0.000000
1093673.000000,32232.000000,0.000000,0.000000,0.000000
1093683.000000,32232.000000,0.000000,0.000000,0.000000
1093693.000000,32232.000000,0.000000,0.000000,0.000000
1093703.000000,32232.000000,0.000000,0.000000,0.000000
1093713.000000,32232.000000,0.000000,0.000000,0.000000
1093723.000000,32232.000000,0.000000,0.000000,0.000000
1093733.000000,32232.000000,0.000000,0.000000,0.000000
1093743.000000,32232.000000,0.000000,0.000000,0.000000
1093753.000000,32232.000000,0.000000,0.000000,0.000000
1093763.000000,32232.000000,0.000000,0.000000,0.000000
1093773.000000,32232.000000,0.000000,0.000000,0.000000
1093783.000000,32232.000000,0.000000,0.000000,0.000000
1093793.000000,32232.000000,0.000000,0.000000,0.000000
1093803.000000,32232.000000,0.000000,0.000000,0.000000
1093813.000000,32232.000000,0.000000,0.000000,0.000000
1093823.000000,32232.000000,0.000000,0.000000,0.000000
1093833.000000,32232.000000,0.000000,0.000000,0.000000
1093843.000000,32232.000000,0.000000,0.000000,0.000000
1093853.000000,32232.000000,0.000000,0.000000,0.000000
1093863.000000,32232.000000,0.000000,0.000000,0.000000
1093873.000000,32232.000000,0.000000,0.000000,0.000000
1093883.000000,32232.000000,0.000000,0.000000,0.000000
1093893.000000,32232.000000,0.000000,0.000000,0.000000
1093903.000000,32232.000000,0.000000,0.000000,0.000000
1093913.000000,32232.000000,0.000000,0.000000,0.000000
1093923.000000,32232.000000,0.000000,0.000000,0.000000
1093933.000000,32232.000000,0.000000,0.000000,0.000000
1093943.000000,32232.000000,0.000000,0.000000,0.000000
1093953.000000,32232.000000,0.000000,0.000000,0.000000
1093963.000000,32232.000000,0.000000,0.000000,0.000000
1093973.000000,32232.000000,0.000000,0.000000,0.000000
1093983.000000,32232.000000,0.000000,0.000000,0.000000
1093993.000000,32232.000000,0.000000,0.000000,0.000000
1094003.000000,32232.000000,0.000000,0.000000,0.000000
1094013.000000,32232.000000,0.000000,0.000000,0.000000
1094023.000000,32232.000000,0.000000,0.000000,0.000000
1094033.000000,32232.000000,0.000000,0.000000,0.000000
1094043.000000,32232.000000,0.000000,0.000000,0.000000
1094053.000000,32232.000000,0.000000,0.000000,0.000000
1094063.000000,32232.000000,0.000000,0.000000,0.000000
1094073.000000,32232.000000,0.000000,0.000000,0.000000
1094083.000000,32232.000000,0.000000,0.000000,0.000000
1094093.000000,32232.000000,0.000000,0.000000,0.000000
1094103.000000,32232.000000,0.000000,0.000000,0.000000
1094113.000000,32232.000000,0.000000,0.000000,0.000000
1094123.000000,32232.000000,0.000000,0.000000,0.000000
1094133.000000,32232.000000,0.000000,0.000000,0.000000
1094143.000000,32232.000000,0.000000,0.000000,0.000000
1094153.000000,32232.000000,0.000000,0.000000,0.000000
1094163.000000,32232.000000,0.000000,0.000000,0.000000
1094173.000000,32232.000000,0.000000,0.000000,0.000000
1094183.000000,32232.000000,0.000000,0.000000,0.000000
1094193.000000,32232.000000,0.000000,0.000000,0.000000
1094203.000000,32232.000000,0.000000,0.000000,0.000000
1094213.000000,32232.000000,0.000000,0.000000,0.000000
1094223.000000,32232.000000,0.000000,0.000000,0.000000
1094233.000000,32232.000000,0.000000,0.000000,0.000000
1094243.000000,32232.000000,0.000000,0.000000,0.000000
1094253.000000,32232.000000,0.000000,0.000000,0.000000
1094263.000000,32232.000000,0.000000,0.000000,0.000000
1094273.000000,32232.000000,0.000000,0.000000,0.000000
1094283.000000,32232.000000,0.000000,0.000000,0.000000
1094293.000000,32232.000000,0.000000,0.000000,0.000000
1094303.000000,32232.000000,0.000000,0.000000,0.000000
1094313.000000,32232.000000,0.000000,0.000000,0.000000
1094323.000000,32232.000000,0.000000,0.000000,0.000000
1094333.000000,32232.000000,0.000000,0.000000,0.000000
1094343.000000,32232.000000,0.000000,0.000000,0.000000
1094353.000000,32232.000000,0.000000,0.000000,0.000000
1094363.000000,32232.000000,0.000000,0.000000,0.000000
1094373.000000,32232.000000,0.000000,0.000000,0.000000
1094383.000000,32232.000000,0.000000,0.000000,0.000000
1094393.000000,32232.000000,0.000000,0.000000,0.000000
1094403.000000,32232.000000,0.000000,0.000000,0.000000
1094413.000000,32232.000000,0.000000,0.000000,0.000000
1094423.000000,32232.000000,0.000000,0.000000,0.000000
1094433.000000,32232.000000,0.000000,0.000000,0.000000
1094443.000000,32232.000000,0.000000,0.000000,0.000000
1094453.000000,32232.000000,0.000000,0.000000,0.000000
1094463.000000,32232.000000,0.000000,0.000000,0.000000
1094473.000000,32232.000000,0.000000,0.000000,0.000000
1094483.000000,32232.000000,0.000000,0.000000,0.000000
1094493.000000,32232.000000,0.000000,0.000000,0.000000
1094503.000000,32232.000000,0.000000,0.000000,0.000000
1094513.000000,32232.000000,0.000000,0.000000,0.000000
1094523.000000,32232.000000,0.000000,0.000000,0.000000
1094533.000000,32232.000000,0.000000,0.000000,0.000000
1094543.000000,32232.000000,0.000000,0.000000,0.000000
1094553.000000,32232.000000,0.000000,0.000000,0.000000
1094563.000000,32232.000000,0.000000,0.000000,0.000000
1094573.000000,32232.000000,0.000000,0.000000,0.000000
1094583.000000,32232.000000,0.000000,0.000000,0.000000
1094593.000000,32232.000000,0.000000,0.000000,0.000000
1094603.000000,32232.000000,0.000000,0.000000,0.000000
1094613.000000,32232.000000,0.000000,0.000000,0.000000
1094623.000000,32232.000000,0.000000,0.000000,0.000000
1094633.000000,32232.000000,0.000000,0.000000,0.000000
1094643.000000,32232.000000,0.000000,0.000000,0.000000
1094653.000000,32232.000000,0.000000,0.000000,0.000000
1094663.000000,32232.000000,0.000000,0.000000,0.000000
1094673.000000,32232.000000,0.000000,0.000000,0.000000
1094683.000000,32232.000000,0.000000,0.000000,0.000000
1094693.000000,32232.000000,0.000000,0.000000,0.000000
1094703.000000,32232.000000,0.000000,0.000000,0.000000
1094713.000000,32232.000000,0.000000,0.000000,0.000000
1094723.000000,32232.000000,0.000000,0.000000,0.000000
1094733.000000,32232.000000,0.000000,0.000000,0.000000
1094743.000000,32232.000000,0.000000,0.000000,0.000000
1094753.000000,32232.000000,0.000000,0.000000,0.000000
1094763.000000,32232.000000,0.000000,0.000000,0.000000
1094773.000000,32232.000000,0.000000,0.000000,0.000000
1094783.000000,32232.000000,0.000000,0.000000,0.000000
1094793.000000,32232.000000,0.000000,0.000000,0.000000
1094803.000000,32232.000000,0.000000,0.000000,0.000000
1094813.000000,32232.000000,0.000000,0.000000,0.000000
1094823.000000,32232.000000,0.000000,0.000000,0.000000
1094833.000000,32232.000000,0.000000,0.000000,0.000000
26643.000000,63908.000000,0.000000,0.000000,0.000000
26653.000000,63908.000000,0.000000,0.000000,0.000000
26663.000000,63908.000000,0.000000,0.000000,0.000000
26673.000000,63908.000000,0.000000,0.000000,0.000000
26683.000000,63908.000000,0.000000,0.000000,0.000000
26693.000000,63908.000000,0.000000,0.000000,0.000000
26703.000000,63908.000000,0.000000,0.000000,0.000000
26713.000000,63908.000000,0.000000,0.000000,0.000000
26723.000000,63908.000000,0.000000,0.000000,0.000000
26733.000000,63908.000000,0.000000,0.000000,0.000000
26743.000000,63908.000000,0.000000,0.000000,0.000000
26753.000000,63908.000000,0.000000,0.000000,0.000000
26763.000000,63908.000000,0.000000,0.000000,0.000000
26773.000000,63908.000000,0.000000,0.000000,0.000000
26783.000000,63908.000000,0.000000,0.000000,0.000000
26793.000000,63908.000000,0.000000,0.000000,0.000000
26803.000000,63908.000000,0.000000,0.000000,0.000000
26813.000000,63908.000000,0.000000,0.000000,0.000000
26823.000000,63908.000000,0.000000,0.000000,0.000000
26833.000000,63908.000000,0.000000,0.000000,0.000000
26843.000000,63908.000000,0.000000,0.000000,0.000000
26853.000000,63908.000000,0.000000,0.000000,0.000000
26863.000000,63908.000000,0.000000,0.000000,0.000000
26873.000000,63908.000000,0.000000,0.000000,0.000000
26883.000000,63908.000000,0.000000,0.000000,0.000000
26893.000000,63908.000000,0.000000,0.000000,0.000000
26903.000000,63908.000000,0.000000,0.000000,0.000000
26913.000000,63908.000000,0.000000,0.000000,0.000000
26923.000000,63908.000000,0.000000,0.000000,0.000000
26933.000000,63908.000000,0.000000,0.000000,0.000000
26943.000000,63908.000000,0.000000,0.000000,0.000000
26953.000000,63908.000000,0.000000,0.000000,0.000000
26963.000000,63908.000000,0.000000,0.000000,0.000000
26973.000000,63908.000000,0.000000,0.000000,0.000000
26983.000000,63908.000000,0.000000,0.000000,0.000000
26993.000000,63908.000000,0.000000,0.000000,0.000000
27003.000000,63908.000000,0.000000,0.000000,0.000000
27013.000000,63908.000000,0.000000,0.000000,0.000000
27023.000000,63908.000000,0.000000,0.000000,0.000000
27033.000000,63908.000000,0.000000,0.000000,0.000000
27043.000000,63908.000000,0.000000,0.000000,0.000000
27053.000000,63908.000000,0.000000,0.000000,0.000000
27063.000000,63908.000000,0.000000,0.000000,0.000000
27073.000000,63908.000000,0.000000,0.000000,0.000000
27083.000000,63908.000000,0.000000,0.000000,0.000000
27093.000000,63908.000000,0.000000,0.000000,0.000000
27103.000000,63908.000000,0.000000,0.000000,0.000000
27113.000000,63908.000000,0.000000,0.000000,0.000000
27123.000000,63908.000000,0.000000,0.000000,0.000000
27133.000000,63908.000000,0.000000,0.000000,0.000000
27143.000000,63908.000000,0.000000,0.000000,0.000000
27153.000000,63908.000000,0.000000,0.000000,0.000000
27163.000000,63908.000000,0.000000,0.000000,0.000000
27173.000000,63908.000000,0.000000,0.000000,0.000000
27183.000000,63908.000000,0.000000,0.000000,0.000000
27193.000000,63908.000000,0.000000,0.000000,0.000000
27203.000000,63908.000000,0.000000,0.000000,0.000000
27213.000000,63908.000000,0.000000,0.000000,0.000000
27223.000000,63908.000000,0.000000,0.000000,0.000000
27233.000000,63908.000000,0.000000,0.000000,0.000000
27243.000000,63908.000000,0.000000,0.000000,0.000000
27253.000000,63908.000000,0.000000,0.000000,0.000000
27263.000000,63908.000000,0.000000,0.000000,0.000000
27273.000000,63908.000000,0.000000,0.000000,0.000000
27283.000000,63908.000000,0.000000,0.000000,0.000000
27293.000000,63908.000000,0.000000,0.000000,0.000000
27303.000000,63908.000000,0.000000,0.000000,0.000000
27313.000000,63908.000000,0.000000,0.000000,0.000000
27323.000000,63908.000000,0.000000,0.000000,0.000000
27333.000000,63908.000000,0.000000,0.000000,0.000000
27343.000000,63908.000000,0.000000,0.000000,0.000000
27353.000000,63908.000000,0.000000,0.000000,0.000000
27363.000000,63908.000000,0.000000,0.000000,0.000000
27373.000000,63908.000000,0.000000,0.000000,0.000000
27383.000000,63908.000000,0.000000,0.000000,0.000000
27393.000000,63908.000000,0.000000,0.000000,0.000000
27403.000000,63908.000000,0.000000,0.000000,0.000000
27413.000000,63908.000000,0.000000,0.000000,0.000000
27423.000000,63908.000000,0.000000,0.000000,0.000000
27433.000000,63908.000000,0.000000,0.000000,0.000000
27443.000000,63908.000000,0.000000,0.000000,0.000000
27453.000000,63908.000000,0.000000,0.000000,0.000000
27463.000000,63908.000000,0.000000,0.000000,0.000000
27473.000000,63908.000000,0.000000,0.000000,0.000000
27483.000000,63908.000000,0.000000,0.000000,0.000000
27493.000000,63908.000000,0.000000,0.000000,0.000000
27503.000000,63908.000000,0.000000,0.000000,0.000000
27513.000000,63908.000000,0.000000,0.000000,0.000000
27523.000000,63908.000000,0.000000,0.000000,0.000000
27553.000000,63908.000000,0.000000,0.000000,0.000000
27563.000000,63908.000000,0.000000,0.000000,0.000000
27573.000000,63908.000000,0.000000,0.000000,0.000000
27583.000000,63908.000000,0.000000,0.000000,0.000000
27593.000000,63908.000000,0.000000,0.000000,0.000000
27603.000000,63908.000000,0.000000,0.000000,0.000000
27613.000000,63908.000000,0.000000,0.000000,0.000000
27623.000000,63908.000000,0.000000,0.000000,0.000000
27633.000000,63908.000000,0.000000,0.000000,0.000000
27643.000000,63908.000000,0.000000,0.000000,0.000000
27653.000000,63908.000000,0.000000,0.000000,0.000000
27663.000000,63908.000000,0.000000,0.000000,0.000000
27673.000000,63908.000000,0.000000,0.000000,0.000000
27683.000000,63908.000000,0.000000,0.000000,0.000000
27693.000000,63908.000000,0.000000,0.000000,0.000000
27703.000000,63908.000000,0.000000,0.000000,0.000000
27713.000000,63908.000000,0.000000,0.000000,0.000000
27723.000000,63908.000000,0.000000,0.000000,0.000000
27733.000000,63908.000000,0.000000,0.000000,0.000000
27743.000000,63908.000000,0.000000,0.000000,0.000000
27753.000000,63908.000000,0.000000,0.000000,0.000000
27763.000000,63908.000000,0.000000,0.000000,0.000000
27773.000000,63908.000000,0.000000,0.000000,0.000000
27783.000000,63908.000000,0.000000,0.000000,0.000000
27793.000000,63908.000000,0.000000,0.000000,0.000000
27803.000000,63908.000000,0.000000,0.000000,0.000000
27813.000000,63908.000000,0.000000,0.000000,0.000000
27823.000000,63908.000000,0.000000,0.000000,0.000000
27833.000000,63908.000000,0.000000,0.000000,0.000000
27843.000000,63908.000000,0.000000,0.000000,0.000000
27853.000000,63908.000000,0.000000,0.000000,0.000000
27863.000000,63908.000000,0.000000,0.000000,0.000000
27873.000000,63908.000000,0.000000,0.000000,0.000000
27883.000000,63908.000000,0.000000,0.000000,0.000000
27893.000000,63908.000000,0.000000,0.000000,0.000000
27903.000000,63908.000000,0.000000,0.000000,0.000000
27913.000000,63908.000000,0.000000,0.000000,0.000000
27923.000000,63908.000000,0.000000,0.000000,0.000000
27933.000000,63908.000000,0.000000,0.000000,0.000000
27943.000000,63908.000000,0.000000,0.000000,0.000000
27953.000000,63908.000000,0.000000,0.000000,0.000000
27963.000000,63908.000000,0.000000,0.000000,0.000000
27973.000000,63908.000000,0.000000,0.000000,0.000000
27983.000000,63908.000000,0.000000,0.000000,0.000000
27993.000000,63908.000000,0.000000,0.000000,0.000000
28003.000000,63908.000000,0.000000,0.000000,0.000000
28013.000000,63908.000000,0.000000,0.000000,0.000000
28023.000000,63908.000000,0.000000,0.000000,0.000000
28033.000000,63908.000000,0.000000,0.000000,0.000000
28043.000000,63908.000000,0.000000,0.000000,0.000000
28053.000000,63908.000000,0.000000,0.000000,0.000000
28063.000000,63908.000000,0.000000,0.000000,0.000000
28073.000000,63908.000000,0.000000,0.000000,0.000000
28083.000000,63908.000000,0.000000,0.000000,0.000000
28093.000000,63908.000000,0.000000,0.000000,0.000000
28103.000000,63908.000000,0.000000,0.000000,0.000000
28113.000000,63908.000000,0.000000,0.000000,0.000000
28123.000000,63908.000000,0.000000,0.000000,0.000000
28133.000000,63908.000000,0.000000,0.000000,0.000000
28143.000000,63908.000000,0.000000,0.000000,0.000000
28153.000000,63908.000000,0.000000,0.000000,0.000000
28163.000000,63908.000000,0.000000,0.000000,0.000000
28173.000000,63908.000000,0.000000,0.000000,0.000000
28183.000000,63908.000000,0.000000,0.000000,0.000000
28193.000000,63908.000000,0.000000,0.000000,0.000000
28203.000000,63908.000000,0.000000,0.000000,0.000000
28213.000000,63908.000000,0.000000,0.000000,0.000000
28223.000000,63908.000000,0.000000,0.000000,0.000000
28233.000000,63908.000000,0.000000,0.000000,0.000000
28243.000000,63908.000000,0.000000,0.000000,0.000000
28253.000000,63908.000000,0.000000,0.000000,0.000000
28263.000000,63908.000000,0.000000,0.000000,0.000000
28273.000000,63908.000000,0.000000,0.000000,0.000000
28283.000000,63908.000000,0.000000,0.000000,0.000000
28293.000000,63908.000000,0.000000,0.000000,0.000000
28303.000000,63908.000000,0.000000,0.000000,0.000000
28313.000000,63908.000000,0.000000,0.000000,0.000000
28323.000000,63908.000000,0.000000,0.000000,0.000000
28333.000000,63908.000000,0.000000,0.000000,0.000000
28343.000000,63908.000000,0.000000,0.000000,0.000000
28353.000000,63908.000000,0.000000,0.000000,0.000000
28363.000000,63908.000000,0.000000,0.000000,0.000000
28373.000000,63908.000000,0.000000,0.000000,0.000000
28383.000000,63908.000000,0.000000,0.000000,0.000000
28393.000000,63908.000000,0.000000,0.000000,0.000000
28403.000000,63908.000000,0.000000,0.000000,0.000000
28413.000000,63908.000000,0.000000,0.000000,0.000000
28423.000000,63908.000000,0.000000,0.000000,0.000000
28433.000000,63908.000000,0.000000,0.000000,0.000000
28443.000000,63908.000000,0.000000,0.000000,0.000000
28453.000000,63908.000000,0.000000,0.000000,0.000000
28463.000000,63908.000000,0.000000,0.000000,0.000000
28473.000000,63908.000000,0.000000,0.000000,0.000000
28483.000000,63908.000000,0.000000,0.000000,0.000000
28493.000000,63908.000000,0.000000,0.000000,0.000000
28503.000000,63908.000000,0.000000,0.000000,0.000000
28513.000000,63908.000000,0.000000,0.000000,0.000000
28523.000000,63908.000000,0.000000,0.000000,0.000000
28533.000000,63908.000000,0.000000,0.000000,0.000000
28543.000000,63908.000000,0.000000,0.000000,0.000000
28553.000000,63908.000000,0.000000,0.000000,0.000000
28563.000000,63908.000000,0.000000,0.000000,0.000000
28573.000000,63908.000000,0.000000,0.000000,0.000000
28583.000000,63908.000000,0.000000,0.000000,0.000000
28593.000000,63908.000000,0.000000,0.000000,0.000000
28603.000000,63908.000000,0.000000,0.000000,0.000000
28613.000000,63908.000000,0.000000,0.000000,0.000000
28623.000000,63908.000000,0.000000,0.000000,0.000000
28633.000000,63908.000000,0.000000,0.000000,0.000000
28643.000000,63908.000000,0.000000,0.000000,0.000000
28653.000000,63908.000000,0.000000,0.000000,0.000000
28663.000000,63908.000000,0.000000,0.000000,0.000000
28673.000000,63908.000000,0.000000,0.000000,0.000000
28683.000000,63908.000000,0.000000,0.000000,0.000000
28693.000000,63908.000000,0.000000,0.000000,0.000000
28703.000000,63908.000000,0.000000,0.000000,0.000000
28713.000000,63908.000000,0.000000,0.000000,0.000000
28723.000000,63908.000000,0.000000,0.000000,0.000000
28733.000000,63908.000000,0.000000,0.000000,0.000000
28743.000000,63908.000000,0.000000,0.000000,0.000000
28753.000000,63908.000000,0.000000,0.000000,0.000000
28763.000000,63908.000000,0.000000,0.000000,0.000000
28773.000000,63908.000000,0.000000,0.000000,0.000000
28783.000000,63908.000000,0.000000,0.000000,0.000000
28793.000000,63908.000000,0.000000,0.000000,0.000000
28803.000000,63908.000000,0.000000,0.000000,0.000000
28813.000000,63908.000000,0.000000,0.000000,0.000000
28823.000000,63908.000000,0.000000,0.000000,0.000000
28833.000000,63908.000000,0.000000,0.000000,0.000000
28843.000000,63908.000000,0.000000,0.000000,0.000000
28853.000000,63908.000000,0.000000,0.000000,0.000000
28863.000000,63908.000000,0.000000,0.000000,0.000000
28873.000000,63908.000000,0.000000,0.000000,0.000000
28883.000000,63908.000000,0.000000,0.000000,0.000000
28893.000000,63908.000000,0.000000,0.000000,0.000000
28903.000000,63908.000000,0.000000,0.000000,0.000000
28913.000000,63908.000000,0.000000,0.000000,0.000000
28923.000000,63908.000000,0.000000,0.000000,0.000000
28933.000000,63908.000000,0.000000,0.000000,0.000000
28943.000000,63908.000000,0.000000,0.000000,0.000000
28953.000000,63908.000000,0.000000,0.000000,0.000000
28963.000000,63908.000000,0.000000,0.000000,0.000000
28973.000000,63908.000000,0.000000,0.000000,0.000000
28983.000000,63908.000000,0.000000,0.000000,0.000000
28993.000000,63908.000000,0.000000,0.000000,0.000000
29003.000000,63908.000000,0.000000,0.000000,0.000000
29013.000000,63908.000000,0.000000,0.000000,0.000000
29023.000000,63908.000000,0.000000,0.000000,0.000000
29033.000000,63908.000000,0.000000,0.000000,0.000000
29043.000000,63908.000000,0.000000,0.000000,0.000000
29053.000000,63908.000000,0.000000,0.000000,0.000000
29063.000000,63908.000000,0.000000,0.000000,0.000000
29073.000000,63908.000000,0.000000,0.000000,0.000000
29083.000000,63908.000000,0.000000,0.000000,0.000000
29093.000000,63908.000000,0.000000,0.000000,0.000000
29103.000000,63908.000000,0.000000,0.000000,0.000000
29113.000000,63908.000000,0.000000,0.000000,0.000000
29123.000000,63908.000000,0.000000,0.000000,0.000000
29133.000000,63908.000000,0.000000,0.000000,0.000000
29143.000000,63908.000000,0.000000,0.000000,0.000000
29153.000000,63908.000000,0.000000,0.000000,0.000000
29163.000000,63908.000000,0.000000,0.000000,0.000000
29173.000000,63908.000000,0.000000,0.000000,0.000000
29183.000000,63908.000000,0.000000,0.000000,0.000000
29193.000000,63908.000000,0.000000,0.000000,0.000000
29203.000000,63908.000000,0.000000,0.000000,0.000000
29213.000000,63908.000000,0.000000,0.000000,0.000000
29223.000000,63908.000000,0.000000,0.000000,0.000000
29233.000000,63908.000000,0.000000,0.000000,0.000000
29243.000000,63908.000000,0.000000,0.000000,0.000000
29253.000000,63908.000000,0.000000,0.000000,0.000000
29263.000000,63908.000000,0.000000,0.000000,0.000000
29273.000000,63908.000000,0.000000,0.000000,0.000000
29283.000000,63908.000000,0.000000,0.000000,0.000000
29293.000000,63908.000000,0.000000,0.000000,0.000000
29303.000000,63908.000000,0.000000,0.000000,0.000000
29313.000000,63908.000000,0.000000,0.000000,0.000000
29323.000000,63908.000000,0.000000,0.000000,0.000000
29333.000000,63908.000000,0.000000,0.000000,0.000000
29343.000000,63908.000000,0.000000,0.000000,0.000000
29353.000000,63908.000000,0.000000,0.000000,0.000000
29363.000000,63908.000000,0.000000,0.000000,0.000000
29373.000000,63908.000000,0.000000,0.000000,0.000000
29383.000000,63908.000000,0.000000,0.000000,0.000000
29393.000000,63908.000000,0.000000,0.000000,0.000000
29403.000000,63908.000000,0.000000,0.000000,0.000000
29413.000000,63908.000000,0.000000,0.000000,0.000000
29423.000000,63908.000000,0.000000,0.000000,0.000000
29433.000000,63908.000000,0.000000,0.000000,0.000000
29443.000000,63908.000000,0.000000,0.000000,0.000000
29453.000000,63908.000000,0.000000,0.000000,0.000000
29463.000000,63908.000000,0.000000,0.000000,0.000000
29473.000000,63908.000000,0.000000,0.000000,0.000000
29483.000000,63908.000000,0.000000,0.000000,0.000000
29493.000000,63908.000000,0.000000,0.000000,0.000000
29503.000000,63908.000000,0.000000,0.000000,0.000000
29513.000000,63908.000000,0.000000,0.000000,0.000000
29523.000000,63908.000000,0.000000,0.000000,0.000000
29533.000000,63908.000000,0.000000,0.000000,0.000000
29543.000000,63908.000000,0.000000,0.000000,0.000000
29553.000000,63908.000000,0.000000,0.000000,0.000000
29563.000000,63908.000000,0.000000,0.000000,0.000000
29573.000000,63908.000000,0.000000,0.000000,0.000000
29583.000000,63908.000000,0.000000,0.000000,0.000000
29593.000000,63908.000000,0.000000,0.000000,0.000000
29603.000000,63908.000000,0.000000,0.000000,0.000000
29613.000000,63908.000000,0.000000,0.000000,0.000000
29623.000000,63908.000000,0.000000,0.000000,0.000000
29633.000000,63908.000000,0.000000,0.000000,0.000000
29643.000000,63908.000000,0.000000,0.000000,0.000000
29653.000000,63908.000000,0.000000,0.000000,0.000000
29663.000000,63908.000000,0.000000,0.000000,0.000000
29673.000000,63908.000000,0.000000,0.000000,0.000000
29683.000000,63908.000000,0.000000,0.000000,0.000000
29693.000000,63908.000000,0.000000,0.000000,0.000000
29703.000000,63908.000000,0.000000,0.000000,0.000000
29713.000000,63908.000000,0.000000,0.000000,0.000000
29723.000000,63908.000000,0.000000,0.000000,0.000000
29733.000000,63908.000000,0.000000,0.000000,0.000000
29743.000000,63908.000000,0.000000,0.000000,0.000000
29753.000000,63908.000000,0.000000,0.000000,0.000000
29763.000000,63908.000000,0.000000,0.000000,0.000000
29773.000000,63908.000000,0.000000,0.000000,0.000000
29783.000000,63908.000000,0.000000,0.000000,0.000000
29793.000000,63908.000000,0.000000,0.000000,0.000000
29803.000000,63908.000000,0.000000,0.000000,0.000000
29813.000000,63908.000000,0.000000,0.000000,0.000000
29823.000000,63908.000000,0.000000,0.000000,0.000000
29833.000000,63908.000000,0.000000,0.000000,0.000000
29843.000000,63908.000000,0.000000,0.000000,0.000000
29853.000000,63908.000000,0.000000,0.000000,0.000000
29863.000000,63908.000000,0.000000,0.000000,0.000000
29873.000000,63908.000000,0.000000,0.000000,0.000000
29883.000000,63908.000000,0.000000,0.000000,0.000000
29893.000000,63908.000000,0.000000,0.000000,0.000000
29903.000000,63908.000000,0.000000,0.000000,0.000000
29913.000000,63908.000000,0.000000,0.000000,0.000000
29923.000000,63908.000000,0.000000,0.000000,0.000000
29933.000000,63908.000000,0.000000,0.000000,0.000000
29943.000000,63908.000000,0.000000,0.000000,0.000000
29953.000000,63908.000000,0.000000,0.000000,0.000000
29963.000000,63908.000000,0.000000,0.000000,0.000000
29973.000000,63908.000000,0.000000,0.000000,0.000000
29983.000000,63908.000000,0.000000,0.000000,0.000000
29993.000000,63908.000000,0.000000,0.000000,0.000000
30003.000000,63908.000000,0.000000,0.000000,0.000000
30013.000000,63908.000000,0.000000,0.000000,0.000000
30023.000000,63908.000000,0.000000,0.000000,0.000000
30033.000000,63908.000000,0.000000,0.000000,0.000000
30043.000000,63908.000000,0.000000,0.000000,0.000000
30053.000000,63908.000000,0.000000,0.000000,0.000000
30063.000000,63908.000000,0.000000,0.000000,0.000000
30073.000000,63908.000000,0.000000,0.000000,0.000000
30083.000000,63908.000000,0.000000,0.000000,0.000000
30093.000000,63908.000000,0.000000,0.000000,0.000000
30103.000000,63908.000000,0.000000,0.000000,0.000000
30113.000000,63908.000000,0.000000,0.000000,0.000000
30123.000000,63908.000000,0.000000,0.000000,0.000000
30133.000000,63908.000000,0.000000,0.000000,0.000000
30143.000000,63908.000000,0.000000,0.000000,0.000000
30153.000000,63908.000000,0.000000,0.000000,0.000000
30163.000000,63908.000000,0.000000,0.000000,0.000000
30173.000000,63908.000000,0.000000,0.000000,0.000000
30183.000000,63908.000000,0.000000,0.000000,0.000000
30193.000000,63908.000000,0.000000,0.000000,0.000000
30203.000000,63908.000000,0.000000,0.000000,0.000000
30213.000000,63908.000000,0.000000,0.000000,0.000000
30223.000000,63908.000000,0.000000,0.000000,0.000000
30233.000000,63908.000000,0.000000,0.000000,0.000000
30243.000000,63908.000000,0.000000,0.000000,0.000000
30253.000000,63908.000000,0.000000,0.000000,0.000000
30263.000000,63908.000000,0.000000,0.000000,0.000000
30273.000000,63908.000000,0.000000,0.000000,0.000000
30283.000000,63908.000000,0.000000,0.000000,0.000000
30293.000000,63908.000000,0.000000,0.000000,0.000000
30303.000000,63908.000000,0.000000,0.000000,0.000000
30313.000000,63908.000000,0.000000,0.000000,0.000000
30323.000000,63908.000000,0.000000,0.000000,0.000000
30333.000000,63908.000000,0.000000,0.000000,0.000000
30343.000000,63908.000000,0.000000,0.000000,0.000000
30353.000000,63908.000000,0.000000,0.000000,0.000000
30363.000000,63908.000000,0.000000,0.000000,0.000000
30373.000000,63908.000000,0.000000,0.000000,0.000000
30383.000000,63908.000000,0.000000,0.000000,0.000000
30393.000000,63908.000000,0.000000,0.000000,0.000000
30403.000000,63908.000000,0.000000,0.000000,0.000000
30413.000000,63908.000000,0.000000,0.000000,0.000000
30423.000000,63908.000000,0.000000,0.000000,0.000000
30433.000000,63908.000000,0.000000,0.000000,0.000000
30443.000000,63908.000000,0.000000,0.000000,0.000000
30453.000000,63908.000000,0.000000,0.000000,0.000000
30463.000000,63908.000000,0.000000,0.000000,0.000000
30473.000000,63908.000000,0.000000,0.000000,0.000000
30483.000000,63908.000000,0.000000,0.000000,0.000000
30493.000000,63908.000000,0.000000,0.000000,0.000000
30503.000000,63908.000000,0.000000,0.000000,0.000000
30513.000000,63908.000000,0.000000,0.000000,0.000000
30523.000000,63908.000000,0.000000,0.000000,0.000000
30533.000000,63908.000000,0.000000,0.000000,0.000000
30543.000000,63908.000000,0.000000,0.000000,0.000000
30553.000000,63908.000000,0.000000,0.000000,0.000000
30563.000000,63908.000000,0.000000,0.000000,0.000000
30573.000000,63908.000000,0.000000,0.000000,0.000000
30583.000000,63908.000000,0.000000,0.000000,0.000000
30593.000000,63908.000000,0.000000,0.000000,0.000000
30603.000000,63908.000000,0.000000,0.000000,0.000000
30613.000000,63908.000000,0.000000,0.000000,0.000000
30623.000000,63908.000000,0.000000,0.000000,0.000000
30633.000000,63908.000000,0.000000,0.000000,0.000000
30643.000000,63908.000000,0.000000,0.000000,0.000000
30653.000000,63908.000000,0.000000,0.000000,0.000000
30663.000000,63908.000000,0.000000,0.000000,0.000000
30673.000000,63908.000000,0.000000,0.000000,0.000000
30683.000000,63908.000000,0.000000,0.000000,0.000000
30693.000000,63908.000000,0.000000,0.000000,0.000000
30703.000000,63908.000000,0.000000,0.000000,0.000000
30713.000000,63908.000000,0.000000,0.000000,0.000000
30723.000000,63908.000000,0.000000,0.000000,0.000000
30733.000000,63908.000000,0.000000,0.000000,0.000000
30743.000000,63908.000000,0.000000,0.000000,0.000000
30753.000000,63908.000000,0.000000,0.000000,0.000000
30763.000000,63908.000000,0.000000,0.000000,0.000000
30773.000000,63908.000000,0.000000,0.000000,0.000000
30783.000000,63908.000000,0.000000,0.000000,0.000000
30793.000000,63908.000000,0.000000,0.000000,0.000000
30803.000000,63908.000000,0.000000,0.000000,0.000000
30813.000000,63908.000000,0.000000,0.000000,0.000000
30823.000000,63908.000000,0.000000,0.000000,0.000000
30833.000000,63908.000000,0.000000,0.000000,0.000000
30843.000000,63908.000000,0.000000,0.000000,0.000000
30853.000000,63908.000000,0.000000,0.000000,0.000000
30863.000000,63908.000000,0.000000,0.000000,0.000000
30873.000000,63908.000000,0.000000,0.000000,0.000000
30883.000000,63908.000000,0.000000,0.000000,0.000000
30893.000000,63908.000000,0.000000,0.000000,0.000000
30903.000000,63908.000000,0.000000,0.000000,0.000000
30913.000000,63908.000000,0.000000,0.000000,0.000000
30923.000000,63908.000000,0.000000,0.000000,0.000000
30933.000000,63908.000000,0.000000,0.000000,0.000000
30943.000000,63908.000000,0.000000,0.000000,0.000000
30953.000000,63908.000000,0.000000,0.000000,0.000000
30963.000000,63908.000000,0.000000,0.000000,0.000000
30973.000000,63908.000000,0.000000,0.000000,0.000000
30983.000000,63908.000000,0.000000,0.000000,0.000000
30993.000000,63908.000000,0.000000,0.000000,0.000000
31003.000000,63908.000000,0.000000,0.000000,0.000000
31013.000000,63908.000000,0.000000,0.000000,0.000000
31023.000000,63908.000000,0.000000,0.000000,0.000000
31033.000000,63908.000000,0.000000,0.000000,0.000000
31043.000000,63908.000000,0.000000,0.000000,0.000000
31053.000000,63908.000000,0.000000,0.000000,0.000000
31063.000000,63908.000000,0.000000,0.000000,0.000000
31073.000000,63908.000000,0.000000,0.000000,0.000000
31083.000000,63908.000000,0.000000,0.000000,0.000000
31093.000000,63908.000000,0.000000,0.000000,0.000000
31103.000000,63908.000000,0.000000,0.000000,0.000000
31113.000000,63908.000000,0.000000,0.000000,0.000000
31123.000000,63908.000000,0.000000,0.000000,0.000000
31133.000000,63908.000000,0.000000,0.000000,0.000000
31143.000000,63908.000000,0.000000,0.000000,0.000000
31153.000000,63908.000000,0.000000,0.000000,0.000000
31163.000000,63908.000000,0.000000,0.000000,0.000000
31173.000000,63908.000000,0.000000,0.000000,0.000000
31183.000000,63908.000000,0.000000,0.000000,0.000000
31193.000000,63908.000000,0.000000,0.000000,0.000000
31203.000000,63908.000000,0.000000,0.000000,0.000000
31213.000000,63908.000000,0.000000,0.000000,0.000000
31223.000000,63908.000000,0.000000,0.000000,0.000000
31233.000000,63908.000000,0.000000,0.000000,0.000000
31243.000000,63908.000000,0.000000,0.000000,0.000000
31253.000000,63908.000000,0.000000,0.000000,0.000000
31263.000000,63908.000000,0.000000,0.000000,0.000000
31273.000000,63908.000000,0.000000,0.000000,0.000000
31283.000000,63908.000000,0.000000,0.000000,0.000000
31293.000000,63908.000000,0.000000,0.000000,0.000000
31303.000000,63908.000000,0.000000,0.000000,0.000000
31313.000000,63908.000000,0.000000,0.000000,0.000000
31323.000000,63908.000000,0.000000,0.000000,0.000000
31333.000000,63908.000000,0.000000,0.000000,0.000000
31343.000000,63908.000000,0.000000,0.000000,0.000000
31353.000000,63908.000000,0.000000,0.000000,0.000000
31363.000000,63908.000000,0.000000,0.000000,0.000000
31373.000000,63908.000000,0.000000,0.000000,0.000000
31383.000000,63908.000000,0.000000,0.000000,0.000000
31393.000000,63908.000000,0.000000,0.000000,0.000000
31403.000000,63908.000000,0.000000,0.000000,0.000000
31413.000000,63908.000000,0.000000,0.000000,0.000000
31423.000000,63908.000000,0.000000,0.000000,0.000000
31433.000000,63908.000000,0.000000,0.000000,0.000000
31443.000000,63908.000000,0.000000,0.000000,0.000000
31453.000000,63908.000000,0.000000,0.000000,0.000000
31463.000000,63908.000000,0.000000,0.000000,0.000000
31473.000000,63908.000000,0.000000,0.000000,0.000000
31483.000000,63908.000000,0.000000,0.000000,0.000000
31493.000000,63908.000000,0.000000,0.000000,0.000000
31503.000000,63908.000000,0.000000,0.000000,0.000000
31513.000000,63908.000000,0.000000,0.000000,0.000000
31523.000000,63908.000000,0.000000,0.000000,0.000000
31533.000000,63908.000000,0.000000,0.000000,0.000000
31543.000000,63908.000000,0.000000,0.000000,0.000000
31553.000000,63908.000000,0.000000,0.000000,0.000000
31563.000000,63908.000000,0.000000,0.000000,0.000000
31573.000000,63908.000000,0.000000,0.000000,0.000000
31583.000000,63908.000000,0.000000,0.000000,0.000000
31593.000000,63908.000000,0.000000,0.000000,0.000000
31603.000000,63908.000000,0.000000,0.000000,0.000000
31613.000000,63908.000000,0.000000,0.000000,0.000000
31623.000000,63908.000000,0.000000,0.000000,0.000000
31633.000000,63908.000000,0.000000,0.000000,0.000000
31643.000000,63908.000000,0.000000,0.000000,0.000000
31653.000000,63908.000000,0.000000,0.000000,0.000000
31663.000000,63908.000000,0.000000,0.000000,0.000000
31673.000000,63908.000000,0.000000,0.000000,0.000000
31683.000000,63908.000000,0.000000,0.000000,0.000000
31693.000000,63908.000000,0.000000,0.000000,0.000000
31703.000000,63908.000000,0.000000,0.000000,0.000000
31713.000000,63908.000000,0.000000,0.000000,0.000000
31723.000000,63908.000000,0.000000,0.000000,0.000000
31733.000000,63908.000000,0.000000,0.000000,0.000000
31743.000000,63908.000000,0.000000,0.000000,0.000000
31753.000000,63908.000000,0.000000,0.000000,0.000000
31763.000000,63908.000000,0.000000,0.000000,0.000000
31773.000000,63908.000000,0.000000,0.000000,0.000000
31783.000000,63908.000000,0.000000,0.000000,0.000000
31793.000000,63908.000000,0.000000,0.000000,0.000000
31803.000000,63908.000000,0.000000,0.000000,0.000000
31813.000000,63908.000000,0.000000,0.000000,0.000000
31823.000000,63908.000000,0.000000,0.000000,0.000000
31833.000000,63908.000000,0.000000,0.000000,0.000000
31843.000000,63908.000000,0.000000,0.000000,0.000000
31853.000000,63908.000000,0.000000,0.000000,0.000000
31863.000000,63908.000000,0.000000,0.000000,0.000000
31873.000000,63908.000000,0.000000,0.000000,0.000000
31883.000000,63908.000000,0.000000,0.000000,0.000000
31893.000000,63908.000000,0.000000,0.000000,0.000000
31903.000000,63908.000000,0.000000,0.000000,0.000000
31913.000000,63908.000000,0.000000,0.000000,0.000000
31923.000000,63908.000000,0.000000,0.000000,0.000000
31933.000000,63908.000000,0.000000,0.000000,0.000000
31943.000000,63908.000000,0.000000,0.000000,0.000000
31953.000000,63908.000000,0.000000,0.000000,0.000000
31963.000000,63908.000000,0.000000,0.000000,0.000000
31973.000000,63908.000000,0.000000,0.000000,0.000000
31983.000000,63908.000000,0.000000,0.000000,0.000000
31993.000000,63908.000000,0.000000,0.000000,0.000000
32003.000000,63908.000000,0.000000,0.000000,0.000000
32013.000000,63908.000000,0.000000,0.000000,0.000000
32023.000000,63908.000000,0.000000,0.000000,0.000000
32033.000000,63908.000000,0.000000,0.000000,0.000000
32043.000000,63908.000000,0.000000,0.000000,0.000000
32053.000000,63908.000000,0.000000,0.000000,0.000000
32063.000000,63908.000000,0.000000,0.000000,0.000000
32073.000000,63908.000000,0.000000,0.000000,0.000000
32083.000000,63908.000000,0.000000,0.000000,0.000000
32093.000000,63908.000000,0.000000,0.000000,0.000000
32103.000000,63908.000000,0.000000,0.000000,0.000000
32113.000000,63908.000000,0.000000,0.000000,0.000000
32123.000000,63908.000000,0.000000,0.000000,0.000000
32133.000000,63908.000000,0.000000,0.000000,0.000000
32143.000000,63908.000000,0.000000,0.000000,0.000000
32153.000000,63908.000000,0.000000,0.000000,0.000000
32163.000000,63908.000000,0.000000,0.000000,0.000000
32173.000000,63908.000000,0.000000,0.000000,0.000000
32183.000000,63908.000000,0.000000,0.000000,0.000000
32193.000000,63908.000000,0.000000,0.000000,0.000000
32203.000000,63908.000000,0.000000,0.000000,0.000000
32213.000000,63908.000000,0.000000,0.000000,0.000000
32223.000000,63908.000000,0.000000,0.000000,0.000000
32233.000000,63908.000000,0.000000,0.000000,0.000000
32243.000000,63908.000000,0.000000,0.000000,0.000000
32253.000000,63908.000000,0.000000,0.000000,0.000000
32263.000000,63908.000000,0.000000,0.000000,0.000000
32273.000000,63908.000000,0.000000,0.000000,0.000000
32283.000000,63908.000000,0.000000,0.000000,0.000000
32293.000000,63908.000000,0.000000,0.000000,0.000000
32303.000000,63908.000000,0.000000,0.000000,0.000000
32313.000000,63908.000000,0.000000,0.000000,0.000000
32323.000000,63908.000000,0.000000,0.000000,0.000000
32333.000000,63908.000000,0.000000,0.000000,0.000000
32343.000000,63908.000000,0.000000,0.000000,0.000000
32353.000000,63908.000000,0.000000,0.000000,0.000000
32363.000000,63908.000000,0.000000,0.000000,0.000000
32373.000000,63908.000000,0.000000,0.000000,0.000000
32383.000000,63908.000000,0.000000,0.000000,0.000000
32393.000000,63908.000000,0.000000,0.000000,0.000000
32403.000000,63908.000000,0.000000,0.000000,0.000000
32413.000000,63908.000000,0.000000,0.000000,0.000000
32423.000000,63908.000000,0.000000,0.000000,0.000000
32433.000000,63908.000000,0.000000,0.000000,0.000000
32443.000000,63908.000000,0.000000,0.000000,0.000000
32453.000000,63908.000000,0.000000,0.000000,0.000000
32463.000000,63908.000000,0.000000,0.000000,0.000000
32473.000000,63908.000000,0.000000,0.000000,0.000000
32483.000000,63908.000000,0.000000,0.000000,0.000000
32493.000000,63908.000000,0.000000,0.000000,0.000000
32503.000000,63908.000000,0.000000,0.000000,0.000000
32513.000000,63908.000000,0.000000,0.000000,0.000000
32523.000000,63908.000000,0.000000,0.000000,0.000000
32533.000000,63908.000000,0.000000,0.000000,0.000000
32543.000000,63908.000000,0.000000,0.000000,0.000000
32553.000000,63908.000000,0.000000,0.000000,0.000000
32563.000000,63908.000000,0.000000,0.000000,0.000000
32573.000000,63908.000000,0.000000,0.000000,0.000000
32583.000000,63908.000000,0.000000,0.000000,0.000000
32593.000000,63908.000000,0.000000,0.000000,0.000000
32603.000000,63908.000000,0.000000,0.000000,0.000000
32613.000000,63908.000000,0.000000,0.000000,0.000000
32623.000000,63908.000000,0.000000,0.000000,0.000000
32633.000000,63908.000000,0.000000,0.000000,0.000000
32643.000000,63908.000000,0.000000,0.000000,0.000000
32653.000000,63908.000000,0.000000,0.000000,0.000000
32663.000000,63908.000000,0.000000,0.000000,0.000000
32673.000000,63908.000000,0.000000,0.000000,0.000000
32683.000000,63908.000000,0.000000,0.000000,0.000000
32693.000000,63908.000000,0.000000,0.000000,0.000000
32703.000000,63908.000000,0.000000,0.000000,0.000000
32713.000000,63908.000000,0.000000,0.000000,0.000000
32723.000000,63908.000000,0.000000,0.000000,0.000000
32733.000000,63908.000000,0.000000,0.000000,0.000000
32743.000000,63908.000000,0.000000,0.000000,0.000000
32753.000000,63908.000000,0.000000,0.000000,0.000000
32763.000000,63908.000000,0.000000,0.000000,0.000000
32773.000000,63908.000000,0.000000,0.000000,0.000000
32783.000000,63908.000000,0.000000,0.000000,0.000000
32793.000000,63908.000000,0.000000,0.000000,0.000000
32803.000000,63908.000000,0.000000,0.000000,0.000000
32813.000000,63908.000000,0.000000,0.000000,0.000000
32823.000000,63908.000000,0.000000,0.000000,0.000000
32833.000000,63908.000000,0.000000,0.000000,0.000000
32843.000000,63908.000000,0.000000,0.000000,0.000000
32853.000000,63908.000000,0.000000,0.000000,0.000000
32863.000000,63908.000000,0.000000,0.000000,0.000000
32873.000000,63908.000000,0.000000,0.000000,0.000000
32883.000000,63908.000000,0.000000,0.000000,0.000000
32893.000000,63908.000000,0.000000,0.000000,0.000000
32903.000000,63908.000000,0.000000,0.000000,0.000000
32913.000000,63908.000000,0.000000,0.000000,0.000000
32923.000000,63908.000000,0.000000,0.000000,0.000000
32933.000000,63908.000000,0.000000,0.000000,0.000000
32943.000000,63908.000000,0.000000,0.000000,0.000000
32953.000000,63908.000000,0.000000,0.000000,0.000000
32963.000000,63908.000000,0.000000,0.000000,0.000000
32973.000000,63908.000000,0.000000,0.000000,0.000000
32983.000000,63908.000000,0.000000,0.000000,0.000000
32993.000000,63908.000000,0.000000,0.000000,0.000000
33003.000000,63908.000000,0.000000,0.000000,0.000000
33013.000000,63908.000000,0.000000,0.000000,0.000000
33023.000000,63908.000000,0.000000,0.000000,0.000000
33033.000000,63908.000000,0.000000,0.000000,0.000000
33043.000000,63908.000000,0.000000,0.000000,0.000000
33053.000000,63908.000000,0.000000,0.000000,0.000000
33063.000000,63908.000000,0.000000,0.000000,0.000000
33073.000000,63908.000000,0.000000,0.000000,0.000000
33083.000000,63908.000000,0.000000,0.000000,0.000000
33093.000000,63908.000000,0.000000,0.000000,0.000000
33103.000000,63908.000000,0.000000,0.000000,0.000000
33113.000000,63908.000000,0.000000,0.000000,0.000000
33123.000000,63908.000000,0.000000,0.000000,0.000000
33133.000000,63908.000000,0.000000,0.000000,0.000000
33143.000000,63908.000000,0.000000,0.000000,0.000000
33153.000000,63908.000000,0.000000,0.000000,0.000000
33163.000000,63908.000000,0.000000,0.000000,0.000000
33173.000000,63908.000000,0.000000,0.000000,0.000000
33183.000000,63908.000000,0.000000,0.000000,0.000000
33193.000000,63908.000000,0.000000,0.000000,0.000000
33203.000000,63908.000000,0.000000,0.000000,0.000000
33213.000000,63908.000000,0.000000,0.000000,0.000000
33223.000000,63908.000000,0.000000,0.000000,0.000000
33233.000000,63908.000000,0.000000,0.000000,0.000000
33243.000000,63908.000000,0.000000,0.000000,0.000000
33253.000000,63908.000000,0.000000,0.000000,0.000000
33263.000000,63908.000000,0.000000,0.000000,0.000000
33273.000000,63908.000000,0.000000,0.000000,0.000000
33283.000000,63908.000000,0.000000,0.000000,0.000000
33293.000000,63908.000000,0.000000,0.000000,0.000000
33303.000000,63908.000000,0.000000,0.000000,0.000000
33313.000000,63908.000000,0.000000,0.000000,0.000000
33323.000000,63908.000000,0.000000,0.000000,0.000000
33333.000000,63908.000000,0.000000,0.000000,0.000000
33343.000000,63908.000000,0.000000,0.000000,0.000000
33353.000000,63908.000000,0.000000,0.000000,0.000000
33363.000000,63908.000000,0.000000,0.000000,0.000000
33373.000000,63908.000000,0.000000,0.000000,0.000000
33383.000000,63908.000000,0.000000,0.000000,0.000000
33393.000000,63908.000000,0.000000,0.000000,0.000000
33403.000000,63908.000000,0.000000,0.000000,0.000000
33413.000000,63908.000000,0.000000,0.000000,0.000000
33423.000000,63908.000000,0.000000,0.000000,0.000000
33433.000000,63908.000000,0.000000,0.000000,0.000000
33443.000000,63908.000000,0.000000,0.000000,0.000000
33453.000000,63908.000000,0.000000,0.000000,0.000000
33463.000000,63908.000000,0.000000,0.000000,0.000000
33473.000000,63908.000000,0.000000,0.000000,0.000000
33483.000000,63908.000000,0.000000,0.000000,0.000000
33493.000000,63908.000000,0.000000,0.000000,0.000000
33503.000000,63908.000000,0.000000,0.000000,0.000000
33513.000000,63908.000000,0.000000,0.000000,0.000000
33523.000000,63908.000000,0.000000,0.000000,0.000000
33533.000000,63908.000000,0.000000,0.000000,0.000000
33543.000000,63908.000000,0.000000,0.000000,0.000000
33553.000000,63908.000000,0.000000,0.000000,0.000000
33563.000000,63908.000000,0.000000,0.000000,0.000000
33573.000000,63908.000000,0.000000,0.000000,0.000000
33583.000000,63908.000000,0.000000,0.000000,0.000000
33593.000000,63908.000000,0.000000,0.000000,0.000000
33603.000000,63908.000000,0.000000,0.000000,0.000000
33613.000000,63908.000000,0.000000,0.000000,0.000000
33623.000000,63908.000000,0.000000,0.000000,0.000000
33633.000000,63908.000000,0.000000,0.000000,0.000000
33643.000000,63908.000000,0.000000,0.000000,0.000000
33653.000000,63908.000000,0.000000,0.000000,0.000000
33663.000000,63908.000000,0.000000,0.000000,0.000000
33673.000000,63908.000000,0.000000,0.000000,0.000000
33683.000000,63908.000000,0.000000,0.000000,0.000000
33693.000000,63908.000000,0.000000,0.000000,0.000000
33703.000000,63908.000000,0.000000,0.000000,0.000000
33713.000000,63908.000000,0.000000,0.000000,0.000000
33723.000000,63908.000000,0.000000,0.000000,0.000000
33733.000000,63908.000000,0.000000,0.000000,0.000000
33743.000000,63908.000000,0.000000,0.000000,0.000000
33753.000000,63908.000000,0.000000,0.000000,0.000000
33763.000000,63908.000000,0.000000,0.000000,0.000000
33773.000000,63908.000000,0.000000,0.000000,0.000000
33783.000000,63908.000000,0.000000,0.000000,0.000000
33793.000000,63908.000000,0.000000,0.000000,0.000000
33803.000000,63908.000000,0.000000,0.000000,0.000000
33813.000000,63908.000000,0.000000,0.000000,0.000000
33823.000000,63908.000000,0.000000,0.000000,0.000000
33833.000000,63908.000000,0.000000,0.000000,0.000000
33843.000000,63908.000000,0.000000,0.000000,0.000000
33853.000000,63908.000000,0.000000,0.000000,0.000000
33863.000000,63908.000000,0.000000,0.000000,0.000000
33873.000000,63908.000000,0.000000,0.000000,0.000000
33883.000000,63908.000000,0.000000,0.000000,0.000000
33893.000000,63908.000000,0.000000,0.000000,0.000000
33903.000000,63908.000000,0.000000,0.000000,0.000000
33913.000000,63908.000000,0.000000,0.000000,0.000000
33923.000000,63908.000000,0.000000,0.000000,0.000000
33933.000000,63908.000000,0.000000,0.000000,0.000000
33943.000000,63908.000000,0.000000,0.000000,0.000000
33953.000000,63908.000000,0.000000,0.000000,0.000000
33963.000000,63908.000000,0.000000,0.000000,0.000000
33973.000000,63908.000000,0.000000,0.000000,0.000000
33983.000000,63908.000000,0.000000,0.000000,0.000000
33993.000000,63908.000000,0.000000,0.000000,0.000000
34003.000000,63908.000000,0.000000,0.000000,0.000000
34013.000000,63908.000000,0.000000,0.000000,0.000000
34023.000000,63908.000000,0.000000,0.000000,0.000000
34033.000000,63908.000000,0.000000,0.000000,0.000000
34043.000000,63908.000000,0.000000,0.000000,0.000000
34053.000000,63908.000000,0.000000,0.000000,0.000000
34063.000000,63908.000000,0.000000,0.000000,0.000000
34073.000000,63908.000000,0.000000,0.000000,0.000000
34083.000000,63908.000000,0.000000,0.000000,0.000000
34093.000000,63908.000000,0.000000,0.000000,0.000000
34103.000000,63908.000000,0.000000,0.000000,0.000000
34113.000000,63908.000000,0.000000,0.000000,0.000000
34123.000000,63908.000000,0.000000,0.000000,0.000000
34133.000000,63908.000000,0.000000,0.000000,0.000000
34143.000000,63908.000000,0.000000,0.000000,0.000000
34153.000000,63908.000000,0.000000,0.000000,0.000000
34163.000000,63908.000000,0.000000,0.000000,0.000000
34173.000000,63908.000000,0.000000,0.000000,0.000000
34183.000000,63908.000000,0.000000,0.000000,0.000000
34193.000000,63908.000000,0.000000,0.000000,0.000000
34203.000000,63908.000000,0.000000,0.000000,0.000000
34213.000000,63908.000000,0.000000,0.000000,0.000000
34223.000000,63908.000000,0.000000,0.000000,0.000000
34233.000000,63908.000000,0.000000,0.000000,0.000000
34243.000000,63908.000000,0.000000,0.000000,0.000000
34253.000000,63908.000000,0.000000,0.000000,0.000000
34263.000000,63908.000000,0.000000,0.000000,0.000000
34273.000000,63908.000000,0.000000,0.000000,0.000000
34283.000000,63908.000000,0.000000,0.000000,0.000000
34293.000000,63908.000000,0.000000,0.000000,0.000000
34303.000000,63908.000000,0.000000,0.000000,0.000000
34313.000000,63908.000000,0.000000,0.000000,0.000000
34323.000000,63908.000000,0.000000,0.000000,0.000000
34333.000000,63908.000000,0.000000,0.000000,0.000000
34343.000000,63908.000000,0.000000,0.000000,0.000000
34353.000000,63908.000000,0.000000,0.000000,0.000000
34363.000000,63908.000000,0.000000,0.000000,0.000000
34373.000000,63908.000000,0.000000,0.000000,0.000000
34383.000000,63908.000000,0.000000,0.000000,0.000000
34393.000000,63908.000000,0.000000,0.000000,0.000000
34403.000000,63908.000000,0.000000,0.000000,0.000000
34413.000000,63908.000000,0.000000,0.000000,0.000000
34423.000000,63908.000000,0.000000,0.000000,0.000000
34433.000000,63908.000000,0.000000,0.000000,0.000000
34443.000000,63908.000000,0.000000,0.000000,0.000000
34453.000000,63908.000000,0.000000,0.000000,0.000000
34463.000000,63908.000000,0.000000,0.000000,0.000000
34473.000000,63908.000000,0.000000,0.000000,0.000000
34483.000000,63908.000000,0.000000,0.000000,0.000000
34493.000000,63908.000000,0.000000,0.000000,0.000000
34503.000000,63908.000000,0.000000,0.000000,0.000000
34513.000000,63908.000000,0.000000,0.000000,0.000000
34523.000000,63908.000000,0.000000,0.000000,0.000000
34533.000000,63908.000000,0.000000,0.000000,0.000000
34543.000000,63908.000000,0.000000,0.000000,0.000000
34553.000000,63908.000000,0.000000,0.000000,0.000000
34563.000000,63908.000000,0.000000,0.000000,0.000000
34573.000000,63908.000000,0.000000,0.000000,0.000000
34583.000000,63908.000000,0.000000,0.000000,0.000000
34593.000000,63908.000000,0.000000,0.000000,0.000000
34603.000000,63908.000000,0.000000,0.000000,0.000000
34613.000000,63908.000000,0.000000,0.000000,0.000000
34623.000000,63908.000000,0.000000,0.000000,0.000000
34633.000000,63908.000000,0.000000,0.000000,0.000000
34643.000000,63908.000000,0.000000,0.000000,0.000000
34653.000000,63908.000000,0.000000,0.000000,0.000000
34663.000000,63908.000000,0.000000,0.000000,0.000000
34673.000000,63908.000000,0.000000,0.000000,0.000000
34683.000000,63908.000000,0.000000,0.000000,0.000000
34693.000000,63908.000000,0.000000,0.000000,0.000000
34703.000000,63908.000000,0.000000,0.000000,0.000000
34713.000000,63908.000000,0.000000,0.000000,0.000000
34723.000000,63908.000000,0.000000,0.000000,0.000000
34733.000000,63908.000000,0.000000,0.000000,0.000000
34743.000000,63908.000000,0.000000,0.000000,0.000000
34753.000000,63908.000000,0.000000,0.000000,0.000000
34763.000000,63908.000000,0.000000,0.000000,0.000000
34773.000000,63908.000000,0.000000,0.000000,0.000000
34783.000000,63908.000000,0.000000,0.000000,0.000000
34793.000000,63908.000000,0.000000,0.000000,0.000000
34803.000000,63908.000000,0.000000,0.000000,0.000000
34813.000000,63908.000000,0.000000,0.000000,0.000000
34823.000000,63908.000000,0.000000,0.000000,0.000000
34833.000000,63908.000000,0.000000,0.000000,0.000000
34843.000000,63908.000000,0.000000,0.000000,0.000000
34853.000000,63908.000000,0.000000,0.000000,0.000000
34863.000000,63908.000000,0.000000,0.000000,0.000000
34873.000000,63908.000000,0.000000,0.000000,0.000000
34883.000000,63908.000000,0.000000,0.000000,0.000000
34893.000000,63908.000000,0.000000,0.000000,0.000000
34903.000000,63908.000000,0.000000,0.000000,0.000000
34913.000000,63908.000000,0.000000,0.000000,0.000000
34923.000000,63908.000000,0.000000,0.000000,0.000000
34933.000000,63908.000000,0.000000,0.000000,0.000000
34943.000000,63908.000000,0.000000,0.000000,0.000000
34953.000000,63908.000000,0.000000,0.000000,0.000000
34963.000000,63908.000000,0.000000,0.000000,0.000000
34973.000000,63908.000000,0.000000,0.000000,0.000000
34983.000000,63908.000000,0.000000,0.000000,0.000000
34993.000000,63908.000000,0.000000,0.000000,0.000000
35003.000000,63908.000000,0.000000,0.000000,0.000000
35013.000000,63908.000000,0.000000,0.000000,0.000000
35023.000000,63908.000000,0.000000,0.000000,0.000000
35033.000000,63908.000000,0.000000,0.000000,0.000000
35043.000000,63908.000000,0.000000,0.000000,0.000000
35053.000000,63908.000000,0.000000,0.000000,0.000000
35063.000000,63908.000000,0.000000,0.000000,0.000000
35073.000000,63908.000000,0.000000,0.000000,0.000000
35083.000000,63908.000000,0.000000,0.000000,0.000000
35093.000000,63908.000000,0.000000,0.000000,0.000000
35103.000000,63908.000000,0.000000,0.000000,0.000000
35113.000000,63908.000000,0.000000,0.000000,0.000000
35123.000000,63908.000000,0.000000,0.000000,0.000000
35133.000000,63908.000000,0.000000,0.000000,0.000000
35143.000000,63908.000000,0.000000,0.000000,0.000000
35153.000000,63908.000000,0.000000,0.000000,0.000000
35163.000000,63908.000000,0.000000,0.000000,0.000000
35173.000000,63908.000000,0.000000,0.000000,0.000000
35183.000000,63908.000000,0.000000,0.000000,0.000000
35193.000000,63908.000000,0.000000,0.000000,0.000000
35203.000000,63908.000000,0.000000,0.000000,0.000000
35213.000000,63908.000000,0.000000,0.000000,0.000000
35223.000000,63908.000000,0.000000,0.000000,0.000000
35233.000000,63908.000000,0.000000,0.000000,0.000000
35243.000000,63908.000000,0.000000,0.000000,0.000000
35253.000000,63908.000000,0.000000,0.000000,0.000000
35263.000000,63908.000000,0.000000,0.000000,0.000000
35273.000000,63908.000000,0.000000,0.000000,0.000000
35283.000000,63908.000000,0.000000,0.000000,0.000000
35293.000000,63908.000000,0.000000,0.000000,0.000000
35303.000000,63908.000000,0.000000,0.000000,0.000000
35313.000000,63908.000000,0.000000,0.000000,0.000000
35323.000000,63908.000000,0.000000,0.000000,0.000000
35333.000000,63908.000000,0.000000,0.000000,0.000000
35343.000000,63908.000000,0.000000,0.000000,0.000000
35353.000000,63908.000000,0.000000,0.000000,0.000000
35363.000000,63908.000000,0.000000,0.000000,0.000000
35373.000000,63908.000000,0.000000,0.000000,0.000000
35383.000000,63908.000000,0.000000,0.000000,0.000000
35393.000000,63908.000000,0.000000,0.000000,0.000000
35403.000000,63908.000000,0.000000,0.000000,0.000000
35413.000000,63908.000000,0.000000,0.000000,0.000000
35423.000000,63908.000000,0.000000,0.000000,0.000000
35433.000000,63908.000000,0.000000,0.000000,0.000000
35443.000000,63908.000000,0.000000,0.000000,0.000000
35453.000000,63908.000000,0.000000,0.000000,0.000000
35463.000000,63908.000000,0.000000,0.000000,0.000000
35473.000000,63908.000000,0.000000,0.000000,0.000000
35483.000000,63908.000000,0.000000,0.000000,0.000000
35493.000000,63908.000000,0.000000,0.000000,0.000000
35503.000000,63908.000000,0.000000,0.000000,0.000000
35513.000000,63908.000000,0.000000,0.000000,0.000000
35523.000000,63908.000000,0.000000,0.000000,0.000000
35533.000000,63908.000000,0.000000,0.000000,0.000000
35543.000000,63908.000000,0.000000,0.000000,0.000000
35553.000000,63908.000000,0.000000,0.000000,0.000000
35563.000000,63908.000000,0.000000,0.000000,0.000000
35573.000000,63908.000000,0.000000,0.000000,0.000000
35583.000000,63908.000000,0.000000,0.000000,0.000000
35593.000000,63908.000000,0.000000,0.000000,0.000000
35603.000000,63908.000000,0.000000,0.000000,0.000000
35613.000000,63908.000000,0.000000,0.000000,0.000000
35623.000000,63908.000000,0.000000,0.000000,0.000000
35633.000000,63908.000000,0.000000,-70.000000,34.000000
35643.000000,63912.000000,4.000000,-70.000000,20.000000
35653.000000,63921.000000,8.000000,-70.000000,20.000000
35663.000000,63931.000000,11.000000,-70.000000,10.000000
35673.000000,63940.000000,9.000000,-70.000000,10.000000
35683.000000,63946.000000,6.000000,-70.000000,10.000000
35693.000000,63946.000000,0.000000,-70.000000,19.000000
35703.000000,63941.000000,-5.000000,-70.000000,23.000000
35713.000000,63933.000000,-8.000000,-70.000000,23.000000
35723.000000,63922.000000,-11.000000,-70.000000,31.000000
35733.000000,63907.000000,-15.000000,-70.000000,36.000000
35743.000000,63890.000000,-17.000000,-70.000000,36.000000
35753.000000,63869.000000,-21.000000,-70.000000,43.000000
35763.000000,63845.000000,-23.000000,-70.000000,47.000000
35773.000000,63819.000000,-27.000000,-70.000000,47.000000
35783.000000,63790.000000,-28.000000,-70.000000,51.000000
35793.000000,63759.000000,-31.000000,-70.000000,55.000000
35803.000000,63726.000000,-34.000000,-70.000000,55.000000
35813.000000,63691.000000,-35.000000,-70.000000,58.000000
35823.000000,63653.000000,-38.000000,-70.000000,60.000000
35833.000000,63615.000000,-38.000000,-70.000000,60.000000
35843.000000,63574.000000,-40.000000,-70.000000,64.000000
35853.000000,63531.000000,-43.000000,-70.000000,64.000000
35863.000000,63489.000000,-43.000000,-70.000000,64.000000
35873.000000,63444.000000,-44.000000,-70.000000,68.000000
35883.000000,63398.000000,-46.000000,-70.000000,68.000000
35893.000000,63351.000000,-48.000000,-70.000000,68.000000
35903.000000,63303.000000,-48.000000,-70.000000,68.000000
35913.000000,63255.000000,-48.000000,-70.000000,70.000000
35923.000000,63206.000000,-49.000000,-70.000000,70.000000
35933.000000,63155.000000,-50.000000,-70.000000,72.000000
35943.000000,63104.000000,-51.000000,-70.000000,72.000000
35953.000000,63054.000000,-51.000000,-70.000000,72.000000
35963.000000,63002.000000,-52.000000,-70.000000,73.000000
35973.000000,62948.000000,-53.000000,-70.000000,72.000000
35983.000000,62896.000000,-53.000000,-70.000000,72.000000
35993.000000,62843.000000,-53.000000,-70.000000,73.000000
36003.000000,62789.000000,-53.000000,-70.000000,74.000000
36013.000000,62735.000000,-54.000000,-70.000000,74.000000
36023.000000,62681.000000,-54.000000,-70.000000,74.000000
36033.000000,62627.000000,-55.000000,-70.000000,74.000000
36043.000000,62572.000000,-55.000000,-70.000000,74.000000
36053.000000,62517.000000,-55.000000,-70.000000,75.000000
36063.000000,62462.000000,-55.000000,-70.000000,75.000000
36073.000000,62407.000000,-55.000000,-70.000000,75.000000
36083.000000,62351.000000,-56.000000,-70.000000,75.000000
36093.000000,62295.000000,-56.000000,-70.000000,74.000000
36103.000000,62239.000000,-56.000000,-70.000000,74.000000
36113.000000,62183.000000,-56.000000,-70.000000,74.000000
36123.000000,62127.000000,-56.000000,-70.000000,74.000000
36133.000000,62071.000000,-56.000000,-70.000000,74.000000
36143.000000,62015.000000,-55.000000,-70.000000,74.000000
36153.000000,61959.000000,-56.000000,-70.000000,74.000000
36163.000000,61904.000000,-56.000000,-70.000000,74.000000
36173.000000,61848.000000,-56.000000,-70.000000,75.000000
36183.000000,61792.000000,-55.000000,-70.000000,76.000000
36193.000000,61736.000000,-57.000000,-70.000000,76.000000
36203.000000,61680.000000,-56.000000,-70.000000,74.000000
36213.000000,61623.000000,-56.000000,-70.000000,75.000000
36223.000000,61567.000000,-56.000000,-70.000000,75.000000
36233.000000,61511.000000,-57.000000,-70.000000,75.000000
36243.000000,61454.000000,-56.000000,-70.000000,75.000000
36253.000000,61398.000000,-57.000000,-70.000000,75.000000
36263.000000,61341.000000,-56.000000,-70.000000,74.000000
36273.000000,61284.000000,-57.000000,-70.000000,74.000000
36283.000000,61228.000000,-56.000000,-70.000000,74.000000
36293.000000,61172.000000,-57.000000,-70.000000,74.000000
36303.000000,61116.000000,-56.000000,-70.000000,74.000000
36313.000000,61060.000000,-56.000000,-70.000000,74.000000
36323.000000,61004.000000,-56.000000,-70.000000,74.000000
36333.000000,60948.000000,-56.000000,-70.000000,74.000000
36343.000000,60892.000000,-56.000000,-70.000000,74.000000
36353.000000,60835.000000,-56.000000,-70.000000,74.000000
36363.000000,60779.000000,-57.000000,-70.000000,74.000000
36373.000000,60723.000000,-56.000000,-70.000000,74.000000
36383.000000,60667.000000,-56.000000,-70.000000,74.000000
36393.000000,60611.000000,-56.000000,-70.000000,74.000000
36403.000000,60555.000000,-56.000000,-70.000000,74.000000
36413.000000,60499.000000,-56.000000,-70.000000,74.000000
36423.000000,60443.000000,-56.000000,-70.000000,74.000000
36433.000000,60387.000000,-56.000000,-70.000000,74.000000
36443.000000,60331.000000,-56.000000,-70.000000,74.000000
36453.000000,60275.000000,-56.000000,-70.000000,74.000000
36463.000000,60219.000000,-56.000000,-70.000000,74.000000
36473.000000,60163.000000,-56.000000,-70.000000,74.000000
36483.000000,60106.000000,-56.000000,-70.000000,74.000000
36493.000000,60050.000000,-56.000000,-70.000000,74.000000
36503.000000,59994.000000,-56.000000,-70.000000,74.000000
36513.000000,59938.000000,-57.000000,-70.000000,73.000000
36523.000000,59882.000000,-55.000000,-70.000000,73.000000
36533.000000,59826.000000,-57.000000,-70.000000,76.000000
36543.000000,59769.000000,-56.000000,-70.000000,74.000000
36553.000000,59713.000000,-56.000000,-70.000000,74.000000
36563.000000,59657.000000,-57.000000,-70.000000,74.000000
36573.000000,59600.000000,-56.000000,-70.000000,74.000000
36583.000000,59545.000000,-56.000000,-70.000000,74.000000
36593.000000,59488.000000,-56.000000,-70.000000,74.000000
36603.000000,59431.000000,-57.000000,-70.000000,74.000000
36613.000000,59375.000000,-56.000000,-70.000000,74.000000
36623.000000,59319.000000,-57.000000,-70.000000,74.000000
36633.000000,59263.000000,-56.000000,-70.000000,74.000000
36643.000000,59207.000000,-56.000000,-70.000000,74.000000
36653.000000,59150.000000,-56.000000,-70.000000,74.000000
36663.000000,59094.000000,-57.000000,-70.000000,73.000000
36673.000000,59038.000000,-56.000000,-70.000000,73.000000
36683.000000,58982.000000,-56.000000,-70.000000,74.000000
36693.000000,58925.000000,-56.000000,-70.000000,74.000000
36703.000000,58869.000000,-56.000000,-70.000000,74.000000
36713.000000,58813.000000,-57.000000,-70.000000,74.000000
36723.000000,58757.000000,-56.000000,-70.000000,74.000000
36733.000000,58701.000000,-56.000000,-70.000000,74.000000
36743.000000,58644.000000,-56.000000,-70.000000,74.000000
36753.000000,58587.000000,-57.000000,-70.000000,73.000000
36763.000000,58531.000000,-56.000000,-70.000000,73.000000
36773.000000,58475.000000,-56.000000,-70.000000,74.000000
36783.000000,58419.000000,-56.000000,-70.000000,74.000000
36793.000000,58363.000000,-57.000000,-70.000000,74.000000
36803.000000,58307.000000,-56.000000,-70.000000,73.000000
36813.000000,58251.000000,-56.000000,-70.000000,74.000000
36823.000000,58195.000000,-56.000000,-70.000000,74.000000
36833.000000,58139.000000,-56.000000,-70.000000,74.000000
36843.000000,58082.000000,-56.000000,-70.000000,74.000000
36853.000000,58026.000000,-56.000000,-70.000000,74.000000
36863.000000,57970.000000,-57.000000,-70.000000,74.000000
36873.000000,57913.000000,-56.000000,-70.000000,74.000000
36883.000000,57857.000000,-56.000000,-70.000000,74.000000
36893.000000,57801.000000,-57.000000,-70.000000,74.000000
36903.000000,57744.000000,-56.000000,-70.000000,74.000000
36913.000000,57688.000000,-57.000000,-70.000000,74.000000
36923.000000,57632.000000,-56.000000,-70.000000,73.000000
36933.000000,57575.000000,-56.000000,-70.000000,74.000000
36943.000000,57520.000000,-56.000000,-70.000000,74.000000
36953.000000,57463.000000,-56.000000,-70.000000,74.000000
36963.000000,57407.000000,-57.000000,-70.000000,73.000000
36973.000000,57351.000000,-56.000000,-70.000000,73.000000
36983.000000,57294.000000,-56.000000,-70.000000,73.000000
36993.000000,57238.000000,-56.000000,-70.000000,73.000000
37003.000000,57182.000000,-56.000000,-70.000000,73.000000
37013.000000,57126.000000,-56.000000,-70.000000,73.000000
37023.000000,57070.000000,-56.000000,-70.000000,73.000000
37033.000000,57015.000000,-56.000000,-70.000000,73.000000
37043.000000,56959.000000,-56.000000,-70.000000,73.000000
37053.000000,56902.000000,-56.000000,-70.000000,73.000000
37063.000000,56847.000000,-56.000000,-70.000000,73.000000
37073.000000,56791.000000,-56.000000,-70.000000,73.000000
37083.000000,56735.000000,-55.000000,-70.000000,75.000000
37093.000000,56679.000000,-56.000000,-70.000000,75.000000
37103.000000,56623.000000,-57.000000,-70.000000,74.000000
37113.000000,56566.000000,-56.000000,-70.000000,74.000000
37123.000000,56510.000000,-56.000000,-70.000000,74.000000
37133.000000,56454.000000,-57.000000,-70.000000,74.000000
37143.000000,56397.000000,-56.000000,-70.000000,74.000000
37153.000000,56340.000000,-57.000000,-70.000000,74.000000
37163.000000,56284.000000,-57.000000,-70.000000,73.000000
37173.000000,56227.000000,-56.000000,-70.000000,74.000000
37183.000000,56172.000000,-56.000000,-70.000000,74.000000
37193.000000,56115.000000,-56.000000,-70.000000,74.000000
37203.000000,56058.000000,-57.000000,-70.000000,73.000000
37213.000000,56002.000000,-56.000000,-70.000000,73.000000
37223.000000,55946.000000,-57.000000,-70.000000,73.000000
37233.000000,55889.000000,-56.000000,-70.000000,73.000000
37243.000000,55834.000000,-56.000000,-70.000000,73.000000
37253.000000,55777.000000,-56.000000,-70.000000,73.000000
37263.000000,55721.000000,-56.000000,-70.000000,73.000000
37273.000000,55665.000000,-56.000000,-70.000000,73.000000
37283.000000,55609.000000,-56.000000,-70.000000,73.000000
37293.000000,55553.000000,-56.000000,-70.000000,73.000000
37303.000000,55497.000000,-56.000000,-70.000000,73.000000
37313.000000,55441.000000,-56.000000,-70.000000,73.000000
37323.000000,55385.000000,-56.000000,-70.000000,73.000000
37333.000000,55330.000000,-56.000000,-70.000000,73.000000
37343.000000,55274.000000,-56.000000,-70.000000,73.000000
37353.000000,55217.000000,-56.000000,-70.000000,73.000000
37363.000000,55162.000000,-56.000000,-70.000000,73.000000
37373.000000,55106.000000,-56.000000,-70.000000,73.000000
37383.000000,55050.000000,-55.000000,-70.000000,75.000000
37393.000000,54994.000000,-56.000000,-70.000000,75.000000
37403.000000,54937.000000,-57.000000,-70.000000,74.000000
37413.000000,54881.000000,-56.000000,-70.000000,74.000000
37423.000000,54825.000000,-57.000000,-70.000000,74.000000
37433.000000,54768.000000,-57.000000,-70.000000,73.000000
37443.000000,54712.000000,-56.000000,-70.000000,74.000000
37453.000000,54656.000000,-56.000000,-70.000000,74.000000
37463.000000,54599.000000,-57.000000,-70.000000,74.000000
37473.000000,54542.000000,-56.000000,-70.000000,73.000000
37483.000000,54486.000000,-57.000000,-70.000000,73.000000
37493.000000,54430.000000,-56.000000,-70.000000,73.000000
37503.000000,54373.000000,-56.000000,-70.000000,73.000000
37513.000000,54317.000000,-57.000000,-70.000000,73.000000
37523.000000,54261.000000,-56.000000,-70.000000,73.000000
37533.000000,54204.000000,-56.000000,-70.000000,73.000000
37543.000000,54149.000000,-56.000000,-70.000000,73.000000
37553.000000,54092.000000,-56.000000,-70.000000,73.000000
37563.000000,54036.000000,-56.000000,-70.000000,73.000000
37573.000000,53981.000000,-56.000000,-70.000000,73.000000
37583.000000,53925.000000,-56.000000,-70.000000,73.000000
37593.000000,53868.000000,-56.000000,-70.000000,73.000000
37603.000000,53812.000000,-56.000000,-70.000000,73.000000
37613.000000,53756.000000,-56.000000,-70.000000,73.000000
37623.000000,53699.000000,-57.000000,-70.000000,72.000000
37633.000000,53644.000000,-56.000000,-70.000000,72.000000
37643.000000,53588.000000,-56.000000,-70.000000,73.000000
37653.000000,53532.000000,-55.000000,-70.000000,74.000000
37663.000000,53476.000000,-56.000000,-70.000000,74.000000
37673.000000,53420.000000,-56.000000,-70.000000,73.000000
37683.000000,53364.000000,-56.000000,-70.000000,73.000000
37693.000000,53308.000000,-56.000000,-70.000000,73.000000
37703.000000,53252.000000,-56.000000,-70.000000,73.000000
37713.000000,53196.000000,-56.000000,-70.000000,73.000000
37723.000000,53140.000000,-56.000000,-70.000000,73.000000
37733.000000,53083.000000,-57.000000,-70.000000,73.000000
37743.000000,53027.000000,-56.000000,-70.000000,73.000000
37753.000000,52971.000000,-57.000000,-70.000000,73.000000
37763.000000,52915.000000,-56.000000,-70.000000,73.000000
37773.000000,52859.000000,-56.000000,-70.000000,73.000000
37783.000000,52803.000000,-56.000000,-70.000000,73.000000
37793.000000,52747.000000,-56.000000,-70.000000,73.000000
37803.000000,52691.000000,-56.000000,-70.000000,73.000000
37813.000000,52635.000000,-56.000000,-70.000000,73.000000
37823.000000,52579.000000,-56.000000,-70.000000,73.000000
37833.000000,52522.000000,-56.000000,-70.000000,73.000000
37843.000000,52467.000000,-56.000000,-70.000000,73.000000
37853.000000,52410.000000,-56.000000,-70.000000,73.000000
37863.000000,52354.000000,-56.000000,-70.000000,73.000000
37873.000000,52298.000000,-56.000000,-70.000000,73.000000
37883.000000,52242.000000,-57.000000,-70.000000,73.000000
37893.000000,52185.000000,-56.000000,-70.000000,73.000000
37903.000000,52130.000000,-56.000000,-70.000000,73.000000
37913.000000,52073.000000,-56.000000,-70.000000,73.000000
37923.000000,52017.000000,-56.000000,-70.000000,73.000000
37933.000000,51961.000000,-56.000000,-70.000000,73.000000
37943.000000,51905.000000,-57.000000,-70.000000,73.000000
37953.000000,51849.000000,-56.000000,-70.000000,73.000000
37963.000000,51793.000000,-56.000000,-70.000000,73.000000
37973.000000,51737.000000,-56.000000,-70.000000,73.000000
37983.000000,51681.000000,-56.000000,-70.000000,73.000000
37993.000000,51625.000000,-56.000000,-70.000000,73.000000
38003.000000,51568.000000,-56.000000,-70.000000,73.000000
38013.000000,51511.000000,-57.000000,-70.000000,72.000000
38023.000000,51456.000000,-56.000000,-70.000000,72.000000
38033.000000,51400.000000,-56.000000,-70.000000,73.000000
38043.000000,51344.000000,-56.000000,-70.000000,73.000000
38053.000000,51288.000000,-56.000000,-70.000000,73.000000
38063.000000,51232.000000,-56.000000,-70.000000,73.000000
38073.000000,51176.000000,-56.000000,-70.000000,73.000000
38083.000000,51120.000000,-56.000000,-70.000000,73.000000
38093.000000,51064.000000,-56.000000,-70.000000,73.000000
38103.000000,51007.000000,-56.000000,-70.000000,73.000000
38113.000000,50951.000000,-57.000000,-70.000000,73.000000
38123.000000,50895.000000,-56.000000,-70.000000,72.000000
38133.000000,50839.000000,-56.000000,-70.000000,73.000000
38143.000000,50783.000000,-56.000000,-70.000000,73.000000
38153.000000,50727.000000,-56.000000,-70.000000,73.000000
38163.000000,50671.000000,-56.000000,-70.000000,73.000000
38173.000000,50615.000000,-56.000000,-70.000000,73.000000
38183.000000,50559.000000,-56.000000,-70.000000,73.000000
38193.000000,50502.000000,-56.000000,-70.000000,73.000000
38203.000000,50446.000000,-56.000000,-70.000000,73.000000
38213.000000,50390.000000,-57.000000,-70.000000,73.000000
38223.000000,50333.000000,-56.000000,-70.000000,73.000000
38233.000000,50277.000000,-56.000000,-70.000000,73.000000
38243.000000,50221.000000,-56.000000,-70.000000,73.000000
38253.000000,50165.000000,-57.000000,-70.000000,72.000000
38263.000000,50109.000000,-56.000000,-70.000000,72.000000
38273.000000,50052.000000,-56.000000,-70.000000,73.000000
38283.000000,49996.000000,-56.000000,-70.000000,73.000000
38293.000000,49940.000000,-56.000000,-70.000000,73.000000
38303.000000,49884.000000,-56.000000,-70.000000,73.000000
38313.000000,49828.000000,-57.000000,-70.000000,72.000000
38323.000000,49772.000000,-55.000000,-70.000000,72.000000
38333.000000,49716.000000,-56.000000,-70.000000,74.000000
38343.000000,49660.000000,-57.000000,-70.000000,72.000000
38353.000000,49604.000000,-56.000000,-70.000000,72.000000
38363.000000,49547.000000,-56.000000,-70.000000,73.000000
38373.000000,49491.000000,-57.000000,-70.000000,72.000000
38383.000000,49435.000000,-56.000000,-70.000000,72.000000
38393.000000,49379.000000,-56.000000,-70.000000,72.000000
38403.000000,49323.000000,-56.000000,-70.000000,72.000000
38413.000000,49267.000000,-55.000000,-70.000000,72.000000
38423.000000,49212.000000,-56.000000,-70.000000,74.000000
38433.000000,49155.000000,-56.000000,-70.000000,73.000000
38443.000000,49100.000000,-56.000000,-70.000000,73.000000
38453.000000,49043.000000,-56.000000,-70.000000,73.000000
38463.000000,48987.000000,-56.000000,-70.000000,73.000000
38473.000000,48931.000000,-57.000000,-70.000000,73.000000
38483.000000,48875.000000,-56.000000,-70.000000,72.000000
38493.000000,48818.000000,-56.000000,-70.000000,73.000000
38503.000000,48762.000000,-56.000000,-70.000000,73.000000
38513.000000,48706.000000,-56.000000,-70.000000,73.000000
38523.000000,48649.000000,-57.000000,-70.000000,72.000000
38533.000000,48594.000000,-56.000000,-70.000000,72.000000
38543.000000,48538.000000,-56.000000,-70.000000,72.000000
38553.000000,48481.000000,-56.000000,-70.000000,72.000000
38563.000000,48426.000000,-56.000000,-70.000000,72.000000
38573.000000,48370.000000,-55.000000,-70.000000,72.000000
38583.000000,48314.000000,-56.000000,-70.000000,72.000000
38593.000000,48259.000000,-56.000000,-70.000000,72.000000
38603.000000,48203.000000,-56.000000,-70.000000,72.000000
38613.000000,48147.000000,-55.000000,-70.000000,74.000000
38623.000000,48091.000000,-56.000000,-70.000000,74.000000
38633.000000,48035.000000,-57.000000,-70.000000,73.000000
38643.000000,47979.000000,-56.000000,-70.000000,73.000000
38653.000000,47923.000000,-56.000000,-70.000000,73.000000
38663.000000,47867.000000,-56.000000,-70.000000,73.000000
38673.000000,47810.000000,-56.000000,-70.000000,73.000000
38683.000000,47754.000000,-56.000000,-70.000000,73.000000
38693.000000,47698.000000,-57.000000,-70.000000,73.000000
38703.000000,47641.000000,-56.000000,-70.000000,73.000000
38713.000000,47585.000000,-56.000000,-70.000000,73.000000
38723.000000,47529.000000,-57.000000,-70.000000,73.000000
38733.000000,47473.000000,-56.000000,-70.000000,73.000000
38743.000000,47417.000000,-56.000000,-70.000000,73.000000
38753.000000,47359.000000,-57.000000,-70.000000,73.000000
38763.000000,47303.000000,-57.000000,-70.000000,72.000000
38773.000000,47247.000000,-56.000000,-70.000000,72.000000
38783.000000,47191.000000,-56.000000,-70.000000,73.000000
38793.000000,47135.000000,-56.000000,-70.000000,73.000000
38803.000000,47078.000000,-56.000000,-70.000000,73.000000
38813.000000,47022.000000,-56.000000,-70.000000,73.000000
38823.000000,46965.000000,-57.000000,-70.000000,72.000000
38833.000000,46909.000000,-56.000000,-70.000000,72.000000
38843.000000,46853.000000,-56.000000,-70.000000,72.000000
38853.000000,46797.000000,-57.000000,-70.000000,72.000000
38863.000000,46741.000000,-56.000000,-70.000000,72.000000
38873.000000,46685.000000,-55.000000,-70.000000,72.000000
38883.000000,46629.000000,-56.000000,-70.000000,72.000000
38893.000000,46574.000000,-56.000000,-70.000000,72.000000
38903.000000,46518.000000,-56.000000,-70.000000,72.000000
38913.000000,46462.000000,-56.000000,-70.000000,72.000000
38923.000000,46406.000000,-55.000000,-70.000000,72.000000
38933.000000,46350.000000,-56.000000,-70.000000,74.000000
38943.000000,46294.000000,-56.000000,-70.000000,73.000000
38953.000000,46238.000000,-57.000000,-70.000000,73.000000
38963.000000,46182.000000,-56.000000,-70.000000,72.000000
38973.000000,46125.000000,-56.000000,-70.000000,72.000000
38983.000000,46069.000000,-56.000000,-70.000000,72.000000
38993.000000,46013.000000,-56.000000,-70.000000,72.000000
39003.000000,45957.000000,-56.000000,-70.000000,72.000000
39013.000000,45902.000000,-56.000000,-70.000000,72.000000
39023.000000,45845.000000,-56.000000,-70.000000,72.000000
39033.000000,45789.000000,-56.000000,-70.000000,72.000000
39043.000000,45734.000000,-56.000000,-70.000000,72.000000
39053.000000,45678.000000,-56.000000,-70.000000,72.000000
39063.000000,45622.000000,-55.000000,-70.000000,74.000000
39073.000000,45566.000000,-56.000000,-70.000000,74.000000
39083.000000,45510.000000,-57.000000,-70.000000,73.000000
39093.000000,45453.000000,-56.000000,-70.000000,73.000000
39103.000000,45397.000000,-57.000000,-70.000000,73.000000
39113.000000,45341.000000,-56.000000,-70.000000,72.000000
39123.000000,45284.000000,-56.000000,-70.000000,73.000000
39133.000000,45228.000000,-56.000000,-70.000000,73.000000
39143.000000,45171.000000,-57.000000,-70.000000,73.000000
39153.000000,45115.000000,-56.000000,-70.000000,73.000000
39163.000000,45059.000000,-57.000000,-70.000000,73.000000
39173.000000,45003.000000,-56.000000,-70.000000,72.000000
39183.000000,44946.000000,-56.000000,-70.000000,72.000000
39193.000000,44891.000000,-56.000000,-70.000000,72.000000
39203.000000,44834.000000,-56.000000,-70.000000,72.000000
39213.000000,44778.000000,-56.000000,-70.000000,72.000000
39223.000000,44722.000000,-56.000000,-70.000000,72.000000
39233.000000,44666.000000,-56.000000,-70.000000,72.000000
39243.000000,44610.000000,-56.000000,-70.000000,72.000000
39253.000000,44555.000000,-56.000000,-70.000000,72.000000
39263.000000,44499.000000,-56.000000,-70.000000,72.000000
39273.000000,44443.000000,-56.000000,-70.000000,72.000000
39283.000000,44387.000000,-56.000000,-70.000000,72.000000
39293.000000,44331.000000,-56.000000,-70.000000,72.000000
39303.000000,44275.000000,-56.000000,-70.000000,72.000000
39313.000000,44219.000000,-56.000000,-70.000000,72.000000
39323.000000,44163.000000,-55.000000,-70.000000,72.000000
39333.000000,44107.000000,-56.000000,-70.000000,72.000000
39343.000000,44052.000000,-56.000000,-70.000000,72.000000
39353.000000,43996.000000,-56.000000,-70.000000,72.000000
39363.000000,43940.000000,-55.000000,-70.000000,74.000000
39373.000000,43884.000000,-56.000000,-70.000000,74.000000
39383.000000,43828.000000,-57.000000,-70.000000,73.000000
39393.000000,43771.000000,-57.000000,-70.000000,72.000000
39403.000000,43715.000000,-56.000000,-70.000000,72.000000
39413.000000,43659.000000,-56.000000,-70.000000,73.000000
39423.000000,43602.000000,-56.000000,-70.000000,73.000000
39433.000000,43547.000000,-56.000000,-70.000000,73.000000
39443.000000,43490.000000,-57.000000,-70.000000,73.000000
39453.000000,43433.000000,-56.000000,-70.000000,73.000000
39463.000000,43377.000000,-57.000000,-70.000000,73.000000
39473.000000,43321.000000,-56.000000,-70.000000,72.000000
39483.000000,43264.000000,-56.000000,-70.000000,72.000000
39493.000000,43208.000000,-56.000000,-70.000000,72.000000
39503.000000,43151.000000,-57.000000,-70.000000,72.000000
39513.000000,43095.000000,-57.000000,-70.000000,72.000000
39523.000000,43039.000000,-56.000000,-70.000000,72.000000
39533.000000,42983.000000,-56.000000,-70.000000,72.000000
39543.000000,42927.000000,-56.000000,-70.000000,72.000000
39553.000000,42871.000000,-56.000000,-70.000000,72.000000
39563.000000,42815.000000,-55.000000,-70.000000,72.000000
39573.000000,42759.000000,-56.000000,-70.000000,72.000000
39583.000000,42704.000000,-56.000000,-70.000000,72.000000
39593.000000,42648.000000,-56.000000,-70.000000,72.000000
39603.000000,42592.000000,-56.000000,-70.000000,72.000000
39613.000000,42536.000000,-56.000000,-70.000000,72.000000
39623.000000,42480.000000,-56.000000,-70.000000,72.000000
39633.000000,42423.000000,-56.000000,-70.000000,72.000000
39643.000000,42367.000000,-56.000000,-70.000000,72.000000
39653.000000,42311.000000,-56.000000,-70.000000,72.000000
39663.000000,42255.000000,-56.000000,-70.000000,72.000000
39673.000000,42200.000000,-56.000000,-70.000000,72.000000
39683.000000,42144.000000,-56.000000,-70.000000,72.000000
39693.000000,42088.000000,-56.000000,-70.000000,72.000000
39703.000000,42032.000000,-56.000000,-70.000000,72.000000
39713.000000,41976.000000,-55.000000,-70.000000,72.000000
39723.000000,41920.000000,-56.000000,-70.000000,72.000000
39733.000000,41865.000000,-56.000000,-70.000000,72.000000
39743.000000,41809.000000,-56.000000,-70.000000,72.000000
39753.000000,41753.000000,-56.000000,-70.000000,72.000000
39763.000000,41697.000000,-56.000000,-70.000000,72.000000
39773.000000,41641.000000,-56.000000,-70.000000,72.000000
39783.000000,41584.000000,-56.000000,-70.000000,72.000000
39793.000000,41529.000000,-56.000000,-70.000000,72.000000
39803.000000,41472.000000,-56.000000,-70.000000,72.000000
39813.000000,41416.000000,-56.000000,-70.000000,72.000000
39823.000000,41361.000000,-56.000000,-70.000000,72.000000
39833.000000,41305.000000,-56.000000,-70.000000,72.000000
39843.000000,41249.000000,-55.000000,-70.000000,74.000000
39853.000000,41193.000000,-57.000000,-70.000000,74.000000
39863.000000,41137.000000,-56.000000,-70.000000,72.000000
39873.000000,41080.000000,-56.000000,-70.000000,72.000000
39883.000000,41025.000000,-56.000000,-70.000000,72.000000
39893.000000,40968.000000,-56.000000,-70.000000,72.000000
39903.000000,40911.000000,-57.000000,-70.000000,72.000000
39913.000000,40855.000000,-56.000000,-70.000000,72.000000
39923.000000,40799.000000,-56.000000,-70.000000,72.000000
39933.000000,40743.000000,-56.000000,-70.000000,72.000000
39943.000000,40687.000000,-56.000000,-70.000000,72.000000
39953.000000,40631.000000,-56.000000,-70.000000,72.000000
39963.000000,40575.000000,-56.000000,-70.000000,72.000000
39973.000000,40520.000000,-56.000000,-70.000000,72.000000
39983.000000,40464.000000,-56.000000,-70.000000,72.000000
39993.000000,40407.000000,-56.000000,-70.000000,72.000000
40003.000000,40352.000000,-56.000000,-70.000000,72.000000
40013.000000,40295.000000,-56.000000,-70.000000,72.000000
40023.000000,40239.000000,-56.000000,-70.000000,72.000000
40033.000000,40183.000000,-57.000000,-70.000000,72.000000
40043.000000,40127.000000,-56.000000,-70.000000,72.000000
40053.000000,40071.000000,-56.000000,-70.000000,72.000000
40063.000000,40015.000000,-56.000000,-70.000000,72.000000
40073.000000,39959.000000,-56.000000,-70.000000,72.000000
40083.000000,39903.000000,-56.000000,-70.000000,72.000000
40093.000000,39847.000000,-55.000000,-70.000000,72.000000
40103.000000,39791.000000,-56.000000,-70.000000,74.000000
40113.000000,39735.000000,-57.000000,-70.000000,72.000000
40123.000000,39679.000000,-56.000000,-70.000000,72.000000
40133.000000,39622.000000,-56.000000,-70.000000,72.000000
40143.000000,39565.000000,-57.000000,-70.000000,72.000000
40153.000000,39510.000000,-56.000000,-70.000000,72.000000
40163.000000,39453.000000,-56.000000,-70.000000,72.000000
40173.000000,39397.000000,-56.000000,-70.000000,72.000000
40183.000000,39341.000000,-57.000000,-70.000000,72.000000
40193.000000,39285.000000,-56.000000,-70.000000,71.000000
40203.000000,39228.000000,-56.000000,-70.000000,72.000000
40213.000000,39173.000000,-55.000000,-70.000000,72.000000
40223.000000,39117.000000,-56.000000,-70.000000,73.000000
40233.000000,39061.000000,-56.000000,-70.000000,72.000000
40243.000000,39005.000000,-56.000000,-70.000000,72.000000
40253.000000,38949.000000,-57.000000,-70.000000,72.000000
40263.000000,38893.000000,-56.000000,-70.000000,72.000000
40273.000000,38837.000000,-56.000000,-70.000000,72.000000
40283.000000,38781.000000,-56.000000,-70.000000,72.000000
40293.000000,38724.000000,-56.000000,-70.000000,72.000000
40303.000000,38669.000000,-56.000000,-70.000000,72.000000
40313.000000,38612.000000,-56.000000,-70.000000,72.000000
40323.000000,38556.000000,-56.000000,-70.000000,72.000000
40333.000000,38500.000000,-56.000000,-70.000000,72.000000
40343.000000,38444.000000,-56.000000,-70.000000,72.000000
40353.000000,38388.000000,-56.000000,-70.000000,72.000000
40363.000000,38333.000000,-56.000000,-70.000000,72.000000
40373.000000,38277.000000,-56.000000,-70.000000,72.000000
40383.000000,38220.000000,-56.000000,-70.000000,72.000000
40393.000000,38165.000000,-56.000000,-70.000000,72.000000
40403.000000,38108.000000,-56.000000,-70.000000,72.000000
40413.000000,38052.000000,-56.000000,-70.000000,72.000000
40423.000000,37996.000000,-56.000000,-70.000000,72.000000
40433.000000,37940.000000,-57.000000,-70.000000,72.000000
40443.000000,37883.000000,-56.000000,-70.000000,72.000000
40453.000000,37828.000000,-56.000000,-70.000000,72.000000
40463.000000,37772.000000,-56.000000,-70.000000,72.000000
40473.000000,37716.000000,-56.000000,-70.000000,72.000000
40483.000000,37660.000000,-56.000000,-70.000000,72.000000
40493.000000,37604.000000,-56.000000,-70.000000,72.000000
40503.000000,37548.000000,-56.000000,-70.000000,72.000000
40513.000000,37492.000000,-56.000000,-70.000000,72.000000
40523.000000,37435.000000,-56.000000,-70.000000,72.000000
40533.000000,37379.000000,-56.000000,-70.000000,72.000000
40543.000000,37323.000000,-57.000000,-70.000000,72.000000
40553.000000,37267.000000,-56.000000,-70.000000,72.000000
40563.000000,37211.000000,-56.000000,-70.000000,72.000000
40573.000000,37155.000000,-56.000000,-70.000000,72.000000
40583.000000,37099.000000,-56.000000,-70.000000,72.000000
40593.000000,37042.000000,-56.000000,-70.000000,72.000000
40603.000000,36987.000000,-56.000000,-70.000000,72.000000
40613.000000,36931.000000,-56.000000,-70.000000,72.000000
40623.000000,36874.000000,-56.000000,-70.000000,72.000000
40633.000000,36818.000000,-56.000000,-70.000000,72.000000
40643.000000,36762.000000,-56.000000,-70.000000,72.000000
40653.000000,36706.000000,-56.000000,-70.000000,72.000000
40663.000000,36650.000000,-57.000000,-70.000000,72.000000
40673.000000,36594.000000,-56.000000,-70.000000,71.000000
40683.000000,36538.000000,-56.000000,-70.000000,72.000000
40693.000000,36482.000000,-55.000000,-70.000000,72.000000
40703.000000,36426.000000,-56.000000,-70.000000,73.000000
40713.000000,36370.000000,-57.000000,-70.000000,71.000000
40723.000000,36314.000000,-56.000000,-70.000000,71.000000
40733.000000,36258.000000,-56.000000,-70.000000,72.000000
40743.000000,36201.000000,-56.000000,-70.000000,72.000000
40753.000000,36146.000000,-56.000000,-70.000000,72.000000
40763.000000,36090.000000,-56.000000,-70.000000,72.000000
40773.000000,36034.000000,-56.000000,-70.000000,72.000000
40783.000000,35978.000000,-56.000000,-70.000000,72.000000
40793.000000,35922.000000,-56.000000,-70.000000,72.000000
40803.000000,35865.000000,-56.000000,-70.000000,72.000000
40813.000000,35810.000000,-56.000000,-70.000000,72.000000
40823.000000,35753.000000,-56.000000,-70.000000,72.000000
40833.000000,35697.000000,-56.000000,-70.000000,72.000000
40843.000000,35641.000000,-56.000000,-70.000000,72.000000
40853.000000,35585.000000,-57.000000,-70.000000,72.000000
40863.000000,35529.000000,-56.000000,-70.000000,72.000000
40873.000000,35473.000000,-56.000000,-70.000000,72.000000
40883.000000,35417.000000,-56.000000,-70.000000,72.000000
40893.000000,35361.000000,-56.000000,-70.000000,72.000000
40903.000000,35305.000000,-56.000000,-70.000000,72.000000
40913.000000,35249.000000,-56.000000,-70.000000,72.000000
40923.000000,35192.000000,-56.000000,-70.000000,72.000000
40933.000000,35136.000000,-56.000000,-70.000000,72.000000
40943.000000,35080.000000,-57.000000,-70.000000,72.000000
40953.000000,35023.000000,-56.000000,-70.000000,72.000000
40963.000000,34968.000000,-56.000000,-70.000000,72.000000
40973.000000,34912.000000,-56.000000,-70.000000,72.000000
40983.000000,34855.000000,-56.000000,-70.000000,72.000000
40993.000000,34800.000000,-56.000000,-70.000000,72.000000
41003.000000,34743.000000,-56.000000,-70.000000,72.000000
41013.000000,34687.000000,-56.000000,-70.000000,72.000000
41023.000000,34631.000000,-57.000000,-70.000000,72.000000
41033.000000,34575.000000,-56.000000,-70.000000,71.000000
41043.000000,34519.000000,-56.000000,-70.000000,72.000000
41053.000000,34463.000000,-56.000000,-70.000000,72.000000
41063.000000,34407.000000,-56.000000,-70.000000,72.000000
41073.000000,34351.000000,-56.000000,-70.000000,72.000000
41083.000000,34295.000000,-56.000000,-70.000000,72.000000
41093.000000,34239.000000,-56.000000,-70.000000,72.000000
41103.000000,34182.000000,-56.000000,-70.000000,72.000000
41113.000000,34126.000000,-56.000000,-70.000000,72.000000
41123.000000,34070.000000,-56.000000,-70.000000,72.000000
41133.000000,34014.000000,-57.000000,-70.000000,71.000000
41143.000000,33958.000000,-56.000000,-70.000000,71.000000
41153.000000,33902.000000,-56.000000,-70.000000,72.000000
41163.000000,33845.000000,-56.000000,-70.000000,72.000000
41173.000000,33790.000000,-56.000000,-70.000000,72.000000
41183.000000,33734.000000,-56.000000,-70.000000,72.000000
41193.000000,33677.000000,-56.000000,-70.000000,72.000000
41203.000000,33621.000000,-56.000000,-70.000000,72.000000
41213.000000,33565.000000,-56.000000,-70.000000,72.000000
41223.000000,33509.000000,-56.000000,-70.000000,72.000000
41233.000000,33453.000000,-57.000000,-70.000000,72.000000
41243.000000,33397.000000,-56.000000,-70.000000,71.000000
41253.000000,33341.000000,-56.000000,-70.000000,72.000000
41263.000000,33285.000000,-56.000000,-70.000000,72.000000
41273.000000,33229.000000,-56.000000,-70.000000,72.000000
41283.000000,33173.000000,-56.000000,-70.000000,72.000000
41293.000000,33117.000000,-56.000000,-70.000000,72.000000
41303.000000,33061.000000,-56.000000,-70.000000,72.000000
41313.000000,33004.000000,-56.000000,-70.000000,72.000000
41323.000000,32948.000000,-57.000000,-70.000000,72.000000
41333.000000,32892.000000,-56.000000,-70.000000,71.000000
41343.000000,32836.000000,-56.000000,-70.000000,71.000000
41353.000000,32780.000000,-56.000000,-70.000000,71.000000
41363.000000,32724.000000,-55.000000,-70.000000,71.000000
41373.000000,32668.000000,-56.000000,-70.000000,71.000000
41383.000000,32613.000000,-56.000000,-70.000000,71.000000
41393.000000,32557.000000,-55.000000,-70.000000,71.000000
41403.000000,32501.000000,-56.000000,-70.000000,71.000000
41413.000000,32446.000000,-55.000000,-70.000000,71.000000
41423.000000,32391.000000,-56.000000,-70.000000,73.000000
41433.000000,32335.000000,-56.000000,-70.000000,72.000000
41443.000000,32279.000000,-56.000000,-70.000000,72.000000
41453.000000,32223.000000,-56.000000,-70.000000,72.000000
41463.000000,32167.000000,-56.000000,-70.000000,72.000000
41473.000000,32111.000000,-56.000000,-70.000000,72.000000
41483.000000,32054.000000,-56.000000,-70.000000,72.000000
41493.000000,31998.000000,-56.000000,-70.000000,72.000000
41503.000000,31942.000000,-56.000000,-70.000000,72.000000
41513.000000,31886.000000,-57.000000,-70.000000,72.000000
41523.000000,31829.000000,-56.000000,-70.000000,72.000000
41533.000000,31773.000000,-56.000000,-70.000000,72.000000
41543.000000,31717.000000,-57.000000,-70.000000,72.000000
41553.000000,31661.000000,-56.000000,-70.000000,72.000000
41563.000000,31605.000000,-56.000000,-70.000000,72.000000
41573.000000,31548.000000,-56.000000,-70.000000,72.000000
41583.000000,31491.000000,-57.000000,-70.000000,71.000000
41593.000000,31436.000000,-56.000000,-70.000000,71.000000
41603.000000,31380.000000,-56.000000,-70.000000,72.000000
41613.000000,31323.000000,-56.000000,-70.000000,72.000000
41623.000000,31268.000000,-56.000000,-70.000000,72.000000
41633.000000,31212.000000,-56.000000,-70.000000,72.000000
41643.000000,31155.000000,-56.000000,-70.000000,72.000000
41653.000000,31100.000000,-56.000000,-70.000000,72.000000
41663.000000,31043.000000,-56.000000,-70.000000,72.000000
41673.000000,30987.000000,-57.000000,-70.000000,71.000000
41683.000000,30931.000000,-56.000000,-70.000000,71.000000
41693.000000,30875.000000,-56.000000,-70.000000,71.000000
41703.000000,30819.000000,-56.000000,-70.000000,71.000000
41713.000000,30763.000000,-56.000000,-70.000000,71.000000
41723.000000,30707.000000,-56.000000,-70.000000,71.000000
41733.000000,30651.000000,-56.000000,-70.000000,71.000000
41743.000000,30596.000000,-55.000000,-70.000000,71.000000
41753.000000,30540.000000,-56.000000,-70.000000,73.000000
41763.000000,30484.000000,-56.000000,-70.000000,72.000000
41773.000000,30428.000000,-55.000000,-70.000000,72.000000
41783.000000,30372.000000,-57.000000,-70.000000,73.000000
41793.000000,30315.000000,-56.000000,-70.000000,72.000000
41803.000000,30259.000000,-57.000000,-70.000000,72.000000
41813.000000,30203.000000,-56.000000,-70.000000,71.000000
41823.000000,30146.000000,-56.000000,-70.000000,72.000000
41833.000000,30090.000000,-56.000000,-70.000000,72.000000
41843.000000,30034.000000,-56.000000,-70.000000,72.000000
41853.000000,29977.000000,-57.000000,-70.000000,71.000000
41863.000000,29922.000000,-56.000000,-70.000000,71.000000
41873.000000,29865.000000,-56.000000,-70.000000,72.000000
41883.000000,29809.000000,-56.000000,-70.000000,72.000000
41893.000000,29753.000000,-56.000000,-70.000000,72.000000
41903.000000,29697.000000,-57.000000,-70.000000,72.000000
41913.000000,29641.000000,-56.000000,-70.000000,72.000000
41923.000000,29585.000000,-56.000000,-70.000000,72.000000
41933.000000,29528.000000,-56.000000,-70.000000,72.000000
41943.000000,29471.000000,-57.000000,-70.000000,71.000000
41953.000000,29415.000000,-57.000000,-70.000000,71.000000
41963.000000,29359.000000,-56.000000,-70.000000,71.000000
41973.000000,29303.000000,-56.000000,-70.000000,71.000000
41983.000000,29247.000000,-55.000000,-70.000000,71.000000
41993.000000,29191.000000,-56.000000,-70.000000,73.000000
42003.000000,29135.000000,-56.000000,-70.000000,72.000000
42013.000000,29080.000000,-56.000000,-70.000000,72.000000
42023.000000,29023.000000,-56.000000,-70.000000,72.000000
42033.000000,28967.000000,-57.000000,-70.000000,71.000000
42043.000000,28911.000000,-56.000000,-70.000000,71.000000
42053.000000,28854.000000,-56.000000,-70.000000,72.000000
42063.000000,28798.000000,-56.000000,-70.000000,72.000000
42073.000000,28742.000000,-57.000000,-70.000000,72.000000
42083.000000,28686.000000,-56.000000,-70.000000,71.000000
42093.000000,28629.000000,-56.000000,-70.000000,71.000000
42103.000000,28574.000000,-56.000000,-70.000000,71.000000
42113.000000,28518.000000,-56.000000,-70.000000,71.000000
42123.000000,28462.000000,-56.000000,-70.000000,71.000000
42133.000000,28406.000000,-55.000000,-70.000000,71.000000
42143.000000,28351.000000,-56.000000,-70.000000,73.000000
42153.000000,28294.000000,-56.000000,-70.000000,72.000000
42163.000000,28238.000000,-56.000000,-70.000000,72.000000
42173.000000,28182.000000,-56.000000,-70.000000,72.000000
42183.000000,28125.000000,-57.000000,-70.000000,71.000000
42193.000000,28070.000000,-56.000000,-70.000000,71.000000
42203.000000,28013.000000,-56.000000,-70.000000,72.000000
42213.000000,27957.000000,-56.000000,-70.000000,72.000000
42223.000000,27901.000000,-56.000000,-70.000000,72.000000
42233.000000,27845.000000,-57.000000,-70.000000,72.000000
42243.000000,27788.000000,-56.000000,-70.000000,72.000000
42253.000000,27732.000000,-56.000000,-70.000000,72.000000
42263.000000,27676.000000,-57.000000,-70.000000,72.000000
42273.000000,27620.000000,-56.000000,-70.000000,72.000000
42283.000000,27564.000000,-56.000000,-70.000000,72.000000
42293.000000,27507.000000,-56.000000,-70.000000,72.000000
42303.000000,27451.000000,-57.000000,-70.000000,71.000000
42313.000000,27395.000000,-56.000000,-70.000000,71.000000
42323.000000,27338.000000,-56.000000,-70.000000,71.000000
42333.000000,27282.000000,-56.000000,-70.000000,71.000000
42343.000000,27227.000000,-56.000000,-70.000000,71.000000
42353.000000,27171.000000,-56.000000,-70.000000,71.000000
42363.000000,27115.000000,-56.000000,-70.000000,71.000000
42373.000000,27059.000000,-56.000000,-70.000000,71.000000
42383.000000,27003.000000,-56.000000,-70.000000,71.000000
42393.000000,26947.000000,-55.000000,-70.000000,73.000000
42403.000000,26892.000000,-56.000000,-70.000000,73.000000
42413.000000,26836.000000,-56.000000,-70.000000,72.000000
42423.000000,26779.000000,-56.000000,-70.000000,72.000000
42433.000000,26723.000000,-57.000000,-70.000000,72.000000
42443.000000,26667.000000,-56.000000,-70.000000,71.000000
42453.000000,26610.000000,-56.000000,-70.000000,72.000000
42463.000000,26555.000000,-56.000000,-70.000000,72.000000
42473.000000,26498.000000,-56.000000,-70.000000,72.000000
42483.000000,26442.000000,-56.000000,-70.000000,72.000000
42493.000000,26386.000000,-57.000000,-70.000000,72.000000
42503.000000,26329.000000,-56.000000,-70.000000,71.000000
42513.000000,26273.000000,-56.000000,-70.000000,71.000000
42523.000000,26217.000000,-56.000000,-70.000000,71.000000
42533.000000,26161.000000,-56.000000,-70.000000,71.000000
42543.000000,26105.000000,-56.000000,-70.000000,71.000000
42553.000000,26050.000000,-56.000000,-70.000000,71.000000
42563.000000,25994.000000,-55.000000,-70.000000,71.000000
42573.000000,25938.000000,-56.000000,-70.000000,71.000000
42583.000000,25883.000000,-56.000000,-70.000000,71.000000
42593.000000,25827.000000,-56.000000,-70.000000,71.000000
42603.000000,25771.000000,-56.000000,-70.000000,71.000000
42613.000000,25715.000000,-55.000000,-70.000000,71.000000
42623.000000,25660.000000,-56.000000,-70.000000,73.000000
42633.000000,25603.000000,-56.000000,-70.000000,72.000000
42643.000000,25548.000000,-56.000000,-70.000000,72.000000
42653.000000,25492.000000,-56.000000,-70.000000,72.000000
42663.000000,25435.000000,-56.000000,-70.000000,72.000000
42673.000000,25379.000000,-56.000000,-70.000000,72.000000
42683.000000,25323.000000,-57.000000,-70.000000,72.000000
42693.000000,25266.000000,-56.000000,-70.000000,72.000000
42703.000000,25210.000000,-56.000000,-70.000000,72.000000
42713.000000,25154.000000,-57.000000,-70.000000,72.000000
42723.000000,25097.000000,-56.000000,-70.000000,72.000000
42733.000000,25041.000000,-57.000000,-70.000000,72.000000
42743.000000,24984.000000,-56.000000,-70.000000,71.000000
42753.000000,24928.000000,-56.000000,-70.000000,72.000000
42763.000000,24872.000000,-56.000000,-70.000000,72.000000
42773.000000,24816.000000,-57.000000,-70.000000,72.000000
42783.000000,24760.000000,-56.000000,-70.000000,72.000000
42793.000000,24704.000000,-56.000000,-70.000000,72.000000
42803.000000,24647.000000,-56.000000,-70.000000,72.000000
42813.000000,24591.000000,-57.000000,-70.000000,71.000000
42823.000000,24535.000000,-56.000000,-70.000000,71.000000
42833.000000,24479.000000,-56.000000,-70.000000,71.000000
42843.000000,24422.000000,-56.000000,-70.000000,71.000000
42853.000000,24367.000000,-56.000000,-70.000000,71.000000
42863.000000,24311.000000,-56.000000,-70.000000,71.000000
42873.000000,24255.000000,-56.000000,-70.000000,71.000000
42883.000000,24199.000000,-56.000000,-70.000000,71.000000
42893.000000,24143.000000,-55.000000,-70.000000,71.000000
42903.000000,24087.000000,-56.000000,-70.000000,71.000000
42913.000000,24032.000000,-56.000000,-70.000000,71.000000
42923.000000,23976.000000,-55.000000,-70.000000,71.000000
42933.000000,23920.000000,-56.000000,-70.000000,71.000000
42943.000000,23865.000000,-56.000000,-70.000000,71.000000
42953.000000,23809.000000,-56.000000,-70.000000,71.000000
42963.000000,23753.000000,-56.000000,-70.000000,71.000000
42973.000000,23697.000000,-55.000000,-70.000000,71.000000
42983.000000,23642.000000,-56.000000,-70.000000,73.000000
42993.000000,23585.000000,-56.000000,-70.000000,72.000000
43003.000000,23529.000000,-56.000000,-70.000000,72.000000
43013.000000,23473.000000,-56.000000,-70.000000,72.000000
43023.000000,23416.000000,-57.000000,-70.000000,71.000000
43033.000000,23361.000000,-56.000000,-70.000000,71.000000
43043.000000,23305.000000,-56.000000,-70.000000,72.000000
43053.000000,23248.000000,-56.000000,-70.000000,72.000000
43063.000000,23192.000000,-56.000000,-70.000000,72.000000
43073.000000,23136.000000,-56.000000,-70.000000,72.000000
43083.000000,23079.000000,-57.000000,-70.000000,71.000000
43093.000000,23023.000000,-57.000000,-70.000000,71.000000
43103.000000,22967.000000,-56.000000,-70.000000,71.000000
43113.000000,22911.000000,-56.000000,-70.000000,71.000000
43123.000000,22855.000000,-56.000000,-70.000000,71.000000
43133.000000,22799.000000,-56.000000,-70.000000,71.000000
43143.000000,22743.000000,-56.000000,-70.000000,71.000000
43153.000000,22687.000000,-55.000000,-70.000000,71.000000
43163.000000,22632.000000,-56.000000,-70.000000,73.000000
43173.000000,22575.000000,-56.000000,-70.000000,72.000000
43183.000000,22519.000000,-56.000000,-70.000000,72.000000
43193.000000,22463.000000,-57.000000,-70.000000,72.000000
43203.000000,22406.000000,-56.000000,-70.000000,72.000000
43213.000000,22350.000000,-57.000000,-70.000000,72.000000
43223.000000,22293.000000,-56.000000,-70.000000,71.000000
43233.000000,22236.000000,-57.000000,-70.000000,71.000000
43243.000000,22181.000000,-56.000000,-70.000000,71.000000
43253.000000,22127.000000,-54.000000,0.000000,0.000000
43263.000000,22086.000000,-40.000000,0.000000,0.000000
43273.000000,22059.000000,-28.000000,0.000000,0.000000
43283.000000,22041.000000,-18.000000,0.000000,0.000000
43293.000000,22030.000000,-11.000000,0.000000,0.000000
43303.000000,22023.000000,-7.000000,0.000000,0.000000
43313.000000,22019.000000,-4.000000,0.000000,0.000000
43323.000000,22017.000000,-2.000000,0.000000,0.000000
43333.000000,22016.000000,-1.000000,0.000000,0.000000
43343.000000,22016.000000,0.000000,0.000000,0.000000
43353.000000,22016.000000,0.000000,0.000000,0.000000
43363.000000,22016.000000,0.000000,0.000000,0.000000
43373.000000,22016.000000,0.000000,0.000000,0.000000
43383.000000,22016.000000,0.000000,0.000000,0.000000
43393.000000,22016.000000,0.000000,0.000000,0.000000
43403.000000,22016.000000,0.000000,0.000000,0.000000
43413.000000,22016.000000,0.000000,0.000000,0.000000
43423.000000,22016.000000,0.000000,0.000000,0.000000
43433.000000,22016.000000,0.000000,0.000000,0.000000
43443.000000,22016.000000,0.000000,0.000000,0.000000
43453.000000,22016.000000,0.000000,0.000000,0.000000
43463.000000,22016.000000,0.000000,0.000000,0.000000
43473.000000,22016.000000,0.000000,0.000000,0.000000
43483.000000,22016.000000,0.000000,0.000000,0.000000
43493.000000,22016.000000,0.000000,0.000000,0.000000
43503.000000,22016.000000,0.000000,0.000000,0.000000
43513.000000,22016.000000,0.000000,0.000000,0.000000
43523.000000,22016.000000,0.000000,0.000000,0.000000
43533.000000,22016.000000,0.000000,0.000000,0.000000
43543.000000,22016.000000,0.000000,0.000000,0.000000
43553.000000,22016.000000,0.000000,0.000000,0.000000
43563.000000,22016.000000,0.000000,0.000000,0.000000
43573.000000,22016.000000,0.000000,0.000000,0.000000
43583.000000,22016.000000,0.000000,0.000000,0.000000
43593.000000,22016.000000,0.000000,0.000000,0.000000
43603.000000,22016.000000,0.000000,0.000000,0.000000
43613.000000,22016.000000,0.000000,0.000000,0.000000
43623.000000,22016.000000,0.000000,0.000000,0.000000
43633.000000,22016.000000,0.000000,0.000000,0.000000
43643.000000,22016.000000,0.000000,0.000000,0.000000
43653.000000,22016.000000,0.000000,0.000000,0.000000
43663.000000,22016.000000,0.000000,0.000000,0.000000
43673.000000,22016.000000,0.000000,0.000000,0.000000
43683.000000,22016.000000,0.000000,0.000000,0.000000
43693.000000,22016.000000,0.000000,0.000000,0.000000
43703.000000,22016.000000,0.000000,0.000000,0.000000
43713.000000,22016.000000,0.000000,0.000000,0.000000
43723.000000,22016.000000,0.000000,0.000000,0.000000
43733.000000,22016.000000,0.000000,0.000000,0.000000
43743.000000,22016.000000,0.000000,0.000000,0.000000
43753.000000,22016.000000,0.000000,0.000000,0.000000
43763.000000,22016.000000,0.000000,0.000000,0.000000
43773.000000,22016.000000,0.000000,0.000000,0.000000
43783.000000,22016.000000,0.000000,0.000000,0.000000
43793.000000,22016.000000,0.000000,0.000000,0.000000
43803.000000,22016.000000,0.000000,0.000000,0.000000
43813.000000,22016.000000,0.000000,0.000000,0.000000
43823.000000,22016.000000,0.000000,0.000000,0.000000
43833.000000,22016.000000,0.000000,0.000000,0.000000
43843.000000,22016.000000,0.000000,0.000000,0.000000
43853.000000,22016.000000,0.000000,0.000000,0.000000
43863.000000,22016.000000,0.000000,0.000000,0.000000
43873.000000,22016.000000,0.000000,0.000000,0.000000
43883.000000,22016.000000,0.000000,0.000000,0.000000
43893.000000,22016.000000,0.000000,0.000000,0.000000
43903.000000,22016.000000,0.000000,0.000000,0.000000
43913.000000,22016.000000,0.000000,0.000000,0.000000
43923.000000,22016.000000,0.000000,0.000000,0.000000
43933.000000,22016.000000,0.000000,0.000000,0.000000
43943.000000,22016.000000,0.000000,0.000000,0.000000
43953.000000,22016.000000,0.000000,0.000000,0.000000
43963.000000,22016.000000,0.000000,0.000000,0.000000
43973.000000,22016.000000,0.000000,0.000000,0.000000
43983.000000,22016.000000,0.000000,0.000000,0.000000
43993.000000,22016.000000,0.000000,0.000000,0.000000
44003.000000,22016.000000,0.000000,0.000000,0.000000
44013.000000,22016.000000,0.000000,0.000000,0.000000
44023.000000,22016.000000,0.000000,0.000000,0.000000
44033.000000,22016.000000,0.000000,0.000000,0.000000
44043.000000,22016.000000,0.000000,0.000000,0.000000
44053.000000,22016.000000,0.000000,0.000000,0.000000
44063.000000,22016.000000,0.000000,0.000000,0.000000
44073.000000,22016.000000,0.000000,0.000000,0.000000
44083.000000,22016.000000,0.000000,0.000000,0.000000
44093.000000,22016.000000,0.000000,0.000000,0.000000
44103.000000,22016.000000,0.000000,0.000000,0.000000
44113.000000,22016.000000,0.000000,0.000000,0.000000
44123.000000,22016.000000,0.000000,0.000000,0.000000
44133.000000,22016.000000,0.000000,0.000000,0.000000
44143.000000,22016.000000,0.000000,0.000000,0.000000
44153.000000,22016.000000,0.000000,0.000000,0.000000
44163.000000,22016.000000,0.000000,0.000000,0.000000
44173.000000,22016.000000,0.000000,0.000000,0.000000
44183.000000,22016.000000,0.000000,0.000000,0.000000
44193.000000,22016.000000,0.000000,0.000000,0.000000
44203.000000,22016.000000,0.000000,0.000000,0.000000
44213.000000,22016.000000,0.000000,0.000000,0.000000
44223.000000,22016.000000,0.000000,0.000000,0.000000
44233.000000,22016.000000,0.000000,0.000000,0.000000
44243.000000,22016.000000,0.000000,0.000000,0.000000
44253.000000,22016.000000,0.000000,0.000000,0.000000
44263.000000,22016.000000,0.000000,0.000000,0.000000
44273.000000,22016.000000,0.000000,0.000000,0.000000
44283.000000,22016.000000,0.000000,0.000000,0.000000
44293.000000,22016.000000,0.000000,0.000000,0.000000
44303.000000,22016.000000,0.000000,0.000000,0.000000
44313.000000,22016.000000,0.000000,0.000000,0.000000
44323.000000,22016.000000,0.000000,50.000000,35.000000
44333.000000,22013.000000,-3.000000,50.000000,25.000000
44343.000000,22003.000000,-10.000000,50.000000,25.000000
44353.000000,21991.000000,-12.000000,50.000000,10.000000
44363.000000,21979.000000,-11.000000,50.000000,0.000000
44373.000000,21971.000000,-9.000000,50.000000,0.000000
44383.000000,21967.000000,-4.000000,50.000000,10.000000
44393.000000,21966.000000,-1.000000,50.000000,11.000000
44403.000000,21968.000000,2.000000,50.000000,11.000000
44413.000000,21972.000000,4.000000,50.000000,18.000000
44423.000000,21979.000000,7.000000,50.000000,22.000000
44433.000000,21989.000000,9.000000,50.000000,22.000000
44443.000000,22000.000000,12.000000,50.000000,28.000000
44453.000000,22014.000000,14.000000,50.000000,31.000000
44463.000000,22031.000000,17.000000,50.000000,31.000000
44473.000000,22049.000000,18.000000,50.000000,34.000000
44483.000000,22070.000000,21.000000,50.000000,36.000000
44493.000000,22092.000000,22.000000,50.000000,36.000000
44503.000000,22116.000000,24.000000,50.000000,39.000000
44513.000000,22141.000000,25.000000,50.000000,41.000000
44523.000000,22168.000000,27.000000,50.000000,41.000000
44533.000000,22195.000000,27.000000,50.000000,43.000000
44543.000000,22225.000000,29.000000,50.000000,44.000000
44553.000000,22255.000000,31.000000,50.000000,44.000000
44563.000000,22286.000000,31.000000,50.000000,46.000000
44573.000000,22319.000000,32.000000,50.000000,46.000000
44583.000000,22351.000000,33.000000,50.000000,46.000000
44593.000000,22384.000000,33.000000,50.000000,48.000000
44603.000000,22419.000000,35.000000,50.000000,48.000000
44613.000000,22454.000000,34.000000,50.000000,48.000000
44623.000000,22489.000000,35.000000,50.000000,50.000000
44633.000000,22525.000000,37.000000,50.000000,49.000000
44643.000000,22561.000000,36.000000,50.000000,49.000000
44653.000000,22598.000000,37.000000,50.000000,50.000000
44663.000000,22635.000000,37.000000,50.000000,51.000000
44673.000000,22673.000000,37.000000,50.000000,51.000000
44683.000000,22710.000000,38.000000,50.000000,51.000000
44693.000000,22748.000000,38.000000,50.000000,51.000000
44703.000000,22787.000000,38.000000,50.000000,51.000000
44713.000000,22825.000000,39.000000,50.000000,52.000000
44723.000000,22864.000000,38.000000,50.000000,53.000000
44733.000000,22903.000000,40.000000,50.000000,53.000000
44743.000000,22943.000000,39.000000,50.000000,51.000000
44753.000000,22982.000000,39.000000,50.000000,53.000000
44763.000000,23021.000000,40.000000,50.000000,53.000000
44773.000000,23061.000000,39.000000,50.000000,52.000000
44783.000000,23101.000000,40.000000,50.000000,52.000000
44793.000000,23141.000000,41.000000,50.000000,52.000000
44803.000000,23180.000000,39.000000,50.000000,51.000000
44813.000000,23220.000000,39.000000,50.000000,53.000000
44823.000000,23259.000000,40.000000,50.000000,53.000000
44833.000000,23300.000000,40.000000,50.000000,52.000000
44843.000000,23339.000000,40.000000,50.000000,52.000000
44853.000000,23379.000000,40.000000,50.000000,52.000000
44863.000000,23419.000000,40.000000,50.000000,52.000000
44873.000000,23459.000000,40.000000,50.000000,52.000000
44883.000000,23499.000000,39.000000,50.000000,52.000000
44893.000000,23539.000000,40.000000,50.000000,53.000000
44903.000000,23579.000000,40.000000,50.000000,52.000000
44913.000000,23619.000000,41.000000,50.000000,52.000000
44923.000000,23659.000000,40.000000,50.000000,52.000000
44933.000000,23699.000000,39.000000,50.000000,54.000000
44943.000000,23739.000000,41.000000,50.000000,54.000000
44953.000000,23779.000000,40.000000,50.000000,52.000000
44963.000000,23820.000000,41.000000,50.000000,52.000000
44973.000000,23860.000000,39.000000,50.000000,52.000000
44983.000000,23900.000000,40.000000,50.000000,54.000000
44993.000000,23940.000000,41.000000,50.000000,52.000000
45003.000000,23981.000000,41.000000,50.000000,52.000000
45013.000000,24021.000000,40.000000,50.000000,52.000000
45023.000000,24062.000000,40.000000,50.000000,52.000000
45033.000000,24102.000000,40.000000,50.000000,52.000000
45043.000000,24142.000000,41.000000,50.000000,52.000000
45053.000000,24182.000000,40.000000,50.000000,52.000000
45063.000000,24222.000000,40.000000,50.000000,52.000000
45073.000000,24262.000000,40.000000,50.000000,52.000000
45083.000000,24302.000000,40.000000,50.000000,52.000000
45093.000000,24342.000000,40.000000,50.000000,52.000000
45103.000000,24382.000000,40.000000,50.000000,52.000000
45113.000000,24422.000000,40.000000,50.000000,52.000000
45123.000000,24462.000000,40.000000,50.000000,52.000000
45133.000000,24502.000000,40.000000,50.000000,52.000000
45143.000000,24542.000000,40.000000,50.000000,52.000000
45153.000000,24582.000000,40.000000,50.000000,52.000000
45163.000000,24622.000000,40.000000,50.000000,52.000000
45173.000000,24662.000000,40.000000,50.000000,52.000000
45183.000000,24702.000000,39.000000,50.000000,52.000000
45193.000000,24742.000000,41.000000,50.000000,54.000000
45203.000000,24783.000000,40.000000,50.000000,52.000000
45213.000000,24823.000000,41.000000,50.000000,52.000000
45223.000000,24863.000000,40.000000,50.000000,52.000000
45233.000000,24903.000000,40.000000,50.000000,52.000000
45243.000000,24943.000000,40.000000,50.000000,52.000000
45253.000000,24983.000000,40.000000,50.000000,52.000000
45263.000000,25024.000000,41.000000,50.000000,52.000000
45273.000000,25064.000000,40.000000,50.000000,52.000000
45283.000000,25103.000000,39.000000,50.000000,52.000000
45293.000000,25144.000000,40.000000,50.000000,52.000000
45303.000000,25184.000000,41.000000,50.000000,52.000000
45313.000000,25224.000000,40.000000,50.000000,51.000000
45323.000000,25264.000000,39.000000,50.000000,53.000000
45333.000000,25303.000000,40.000000,50.000000,53.000000
45343.000000,25343.000000,40.000000,50.000000,52.000000
45353.000000,25384.000000,40.000000,50.000000,52.000000
45363.000000,25423.000000,40.000000,50.000000,52.000000
45373.000000,25463.000000,40.000000,50.000000,52.000000
45383.000000,25503.000000,40.000000,50.000000,52.000000
45393.000000,25544.000000,40.000000,50.000000,52.000000
45403.000000,25584.000000,41.000000,50.000000,52.000000
45413.000000,25623.000000,39.000000,50.000000,54.000000
45423.000000,25663.000000,40.000000,50.000000,54.000000
45433.000000,25704.000000,41.000000,50.000000,53.000000
45443.000000,25745.000000,41.000000,50.000000,52.000000
45453.000000,25785.000000,40.000000,50.000000,52.000000
45463.000000,25826.000000,41.000000,50.000000,52.000000
45473.000000,25867.000000,40.000000,50.000000,52.000000
45483.000000,25907.000000,41.000000,50.000000,52.000000
45493.000000,25947.000000,40.000000,50.000000,52.000000
45503.000000,25987.000000,40.000000,50.000000,52.000000
45513.000000,26027.000000,40.000000,50.000000,52.000000
45523.000000,26067.000000,40.000000,50.000000,52.000000
45533.000000,26108.000000,41.000000,50.000000,52.000000
45543.000000,26147.000000,39.000000,50.000000,52.000000
45553.000000,26187.000000,40.000000,50.000000,54.000000
45563.000000,26228.000000,41.000000,50.000000,52.000000
45573.000000,26269.000000,41.000000,50.000000,52.000000
45583.000000,26309.000000,40.000000,50.000000,52.000000
45593.000000,26350.000000,40.000000,50.000000,52.000000
45603.000000,26390.000000,41.000000,50.000000,52.000000
45613.000000,26430.000000,40.000000,50.000000,51.000000
45623.000000,26470.000000,40.000000,50.000000,52.000000
45633.000000,26510.000000,40.000000,50.000000,52.000000
45643.000000,26550.000000,40.000000,50.000000,52.000000
45653.000000,26590.000000,40.000000,50.000000,52.000000
45663.000000,26630.000000,40.000000,50.000000,52.000000
45673.000000,26670.000000,40.000000,50.000000,52.000000
45683.000000,26711.000000,40.000000,50.000000,52.000000
45693.000000,26750.000000,40.000000,50.000000,52.000000
45703.000000,26790.000000,40.000000,50.000000,52.000000
45713.000000,26831.000000,40.000000,50.000000,52.000000
45723.000000,26870.000000,40.000000,50.000000,52.000000
45733.000000,26911.000000,40.000000,50.000000,52.000000
45743.000000,26951.000000,40.000000,50.000000,52.000000
45753.000000,26991.000000,40.000000,50.000000,52.000000
45763.000000,27031.000000,40.000000,50.000000,52.000000
45773.000000,27071.000000,41.000000,50.000000,51.000000
45783.000000,27111.000000,39.000000,50.000000,51.000000
45793.000000,27151.000000,40.000000,50.000000,53.000000
45803.000000,27191.000000,40.000000,50.000000,52.000000
45813.000000,27231.000000,41.000000,50.000000,52.000000
45823.000000,27271.000000,40.000000,50.000000,51.000000
45833.000000,27311.000000,40.000000,50.000000,52.000000
45843.000000,27351.000000,40.000000,50.000000,52.000000
45853.000000,27391.000000,40.000000,50.000000,52.000000
45863.000000,27431.000000,40.000000,50.000000,52.000000
45873.000000,27471.000000,40.000000,50.000000,52.000000
45883.000000,27511.000000,40.000000,50.000000,52.000000
45893.000000,27551.000000,40.000000,50.000000,52.000000
45903.000000,27591.000000,40.000000,50.000000,52.000000
45913.000000,27631.000000,40.000000,50.000000,52.000000
45923.000000,27672.000000,40.000000,50.000000,52.000000
45933.000000,27711.000000,40.000000,50.000000,52.000000
45943.000000,27751.000000,40.000000,50.000000,52.000000
45953.000000,27791.000000,40.000000,50.000000,52.000000
45963.000000,27832.000000,40.000000,50.000000,52.000000
45973.000000,27872.000000,41.000000,50.000000,52.000000
45983.000000,27912.000000,39.000000,50.000000,53.000000
45993.000000,27952.000000,40.000000,50.000000,53.000000
46003.000000,27992.000000,41.000000,50.000000,52.000000
46013.000000,28033.000000,41.000000,50.000000,52.000000
46023.000000,28073.000000,40.000000,50.000000,52.000000
46033.000000,28113.000000,40.000000,50.000000,52.000000
46043.000000,28154.000000,40.000000,50.000000,52.000000
46053.000000,28194.000000,40.000000,50.000000,52.000000
46063.000000,28234.000000,41.000000,50.000000,52.000000
46073.000000,28275.000000,40.000000,50.000000,52.000000
46083.000000,28314.000000,40.000000,50.000000,52.000000
46093.000000,28355.000000,40.000000,50.000000,52.000000
46103.000000,28395.000000,41.000000,50.000000,51.000000
46113.000000,28435.000000,40.000000,50.000000,51.000000
46123.000000,28475.000000,40.000000,50.000000,52.000000
46133.000000,28515.000000,40.000000,50.000000,52.000000
46143.000000,28555.000000,39.000000,50.000000,52.000000
46153.000000,28595.000000,40.000000,50.000000,53.000000
46163.000000,28635.000000,41.000000,50.000000,52.000000
46173.000000,28675.000000,40.000000,50.000000,52.000000
46183.000000,28716.000000,40.000000,50.000000,52.000000
46193.000000,28756.000000,40.000000,50.000000,52.000000
46203.000000,28795.000000,40.000000,50.000000,52.000000
46213.000000,28836.000000,40.000000,50.000000,52.000000
46223.000000,28876.000000,41.000000,50.000000,51.000000
46233.000000,28917.000000,40.000000,50.000000,51.000000
46243.000000,28956.000000,40.000000,50.000000,52.000000
46253.000000,28996.000000,39.000000,50.000000,53.000000
46263.000000,29036.000000,41.000000,50.000000,53.000000
46273.000000,29077.000000,40.000000,50.000000,52.000000
46283.000000,29117.000000,41.000000,50.000000,51.000000
46293.000000,29157.000000,40.000000,50.000000,51.000000
46303.000000,29197.000000,39.000000,50.000000,52.000000
46313.000000,29237.000000,41.000000,50.000000,51.000000
46323.000000,29277.000000,40.000000,50.000000,51.000000
46333.000000,29317.000000,40.000000,50.000000,52.000000
46343.000000,29357.000000,39.000000,50.000000,53.000000
46353.000000,29397.000000,40.000000,50.000000,53.000000
46363.000000,29437.000000,41.000000,50.000000,52.000000
46373.000000,29477.000000,40.000000,50.000000,52.000000
46383.000000,29517.000000,40.000000,50.000000,52.000000
46393.000000,29558.000000,40.000000,50.000000,52.000000
46403.000000,29598.000000,41.000000,50.000000,51.000000
46413.000000,29638.000000,40.000000,50.000000,51.000000
46423.000000,29678.000000,40.000000,50.000000,52.000000
46433.000000,29718.000000,40.000000,50.000000,52.000000
46443.000000,29758.000000,40.000000,50.000000,52.000000
46453.000000,29798.000000,40.000000,50.000000,52.000000
46463.000000,29839.000000,40.000000,50.000000,52.000000
46473.000000,29879.000000,40.000000,50.000000,52.000000
46483.000000,29919.000000,41.000000,50.000000,52.000000
46493.000000,29959.000000,40.000000,50.000000,52.000000
46503.000000,29999.000000,40.000000,50.000000,52.000000
46513.000000,30039.000000,40.000000,50.000000,52.000000
46523.000000,30079.000000,40.000000,50.000000,52.000000
46533.000000,30120.000000,40.000000,50.000000,52.000000
46543.000000,30160.000000,41.000000,50.000000,52.000000
46553.000000,30200.000000,39.000000,50.000000,53.000000
46563.000000,30240.000000,41.000000,50.000000,53.000000
46573.000000,30281.000000,40.000000,50.000000,52.000000
46583.000000,30321.000000,41.000000,50.000000,51.000000
46593.000000,30361.000000,40.000000,50.000000,51.000000
46603.000000,30402.000000,40.000000,50.000000,52.000000
46613.000000,30442.000000,41.000000,50.000000,51.000000
46623.000000,30482.000000,40.000000,50.000000,51.000000
46633.000000,30522.000000,39.000000,50.000000,52.000000
46643.000000,30562.000000,41.000000,50.000000,51.000000
46653.000000,30602.000000,39.000000,50.000000,51.000000
46663.000000,30642.000000,40.000000,50.000000,53.000000
46673.000000,30682.000000,40.000000,50.000000,52.000000
46683.000000,30722.000000,41.000000,50.000000,52.000000
46693.000000,30762.000000,40.000000,50.000000,51.000000
46703.000000,30803.000000,40.000000,50.000000,52.000000
46713.000000,30842.000000,40.000000,50.000000,52.000000
46723.000000,30882.000000,40.000000,50.000000,52.000000
46733.000000,30923.000000,40.000000,50.000000,52.000000
46743.000000,30963.000000,41.000000,50.000000,52.000000
46753.000000,31003.000000,40.000000,50.000000,51.000000
46763.000000,31043.000000,40.000000,50.000000,52.000000
46773.000000,31083.000000,40.000000,50.000000,52.000000
46783.000000,31123.000000,40.000000,50.000000,52.000000
46793.000000,31163.000000,40.000000,50.000000,52.000000
46803.000000,31204.000000,40.000000,50.000000,52.000000
46813.000000,31243.000000,40.000000,50.000000,52.000000
46823.000000,31284.000000,40.000000,50.000000,52.000000
46833.000000,31324.000000,41.000000,50.000000,52.000000
46843.000000,31364.000000,40.000000,50.000000,51.000000
46853.000000,31405.000000,40.000000,50.000000,51.000000
46863.000000,31444.000000,40.000000,50.000000,51.000000
46873.000000,31484.000000,40.000000,50.000000,51.000000
46883.000000,31524.000000,40.000000,50.000000,51.000000
46893.000000,31564.000000,39.000000,50.000000,51.000000
46903.000000,31603.000000,40.000000,50.000000,53.000000
46913.000000,31643.000000,40.000000,50.000000,52.000000
46923.000000,31683.000000,40.000000,50.000000,52.000000
46933.000000,31724.000000,41.000000,50.000000,52.000000
46943.000000,31764.000000,39.000000,70.000000,68.000000
46953.000000,31806.000000,42.000000,70.000000,68.000000
46963.000000,31849.000000,44.000000,70.000000,68.000000
46973.000000,31895.000000,46.000000,70.000000,69.000000
46983.000000,31943.000000,48.000000,70.000000,68.000000
46993.000000,31992.000000,49.000000,70.000000,68.000000
47003.000000,32041.000000,49.000000,70.000000,69.000000
47013.000000,32092.000000,50.000000,70.000000,70.000000
47023.000000,32143.000000,51.000000,70.000000,70.000000
47033.000000,32194.000000,52.000000,70.000000,70.000000
47043.000000,32247.000000,52.000000,70.000000,70.000000
47053.000000,32299.000000,53.000000,70.000000,70.000000
47063.000000,32352.000000,52.000000,70.000000,71.000000
47073.000000,32405.000000,53.000000,70.000000,71.000000
47083.000000,32458.000000,54.000000,70.000000,71.000000
47093.000000,32512.000000,54.000000,70.000000,71.000000
47103.000000,32566.000000,53.000000,70.000000,73.000000
47113.000000,32620.000000,54.000000,70.000000,73.000000
47123.000000,32675.000000,55.000000,70.000000,73.000000
47133.000000,32730.000000,55.000000,70.000000,73.000000
47143.000000,32784.000000,55.000000,70.000000,73.000000
47153.000000,32840.000000,55.000000,70.000000,73.000000
47163.000000,32895.000000,56.000000,70.000000,72.000000
47173.000000,32951.000000,56.000000,70.000000,72.000000
47183.000000,33007.000000,55.000000,70.000000,72.000000
47193.000000,33063.000000,56.000000,70.000000,72.000000
47203.000000,33118.000000,55.000000,70.000000,72.000000
47213.000000,33173.000000,56.000000,70.000000,74.000000
47223.000000,33229.000000,56.000000,70.000000,72.000000
47233.000000,33285.000000,56.000000,70.000000,72.000000
47243.000000,33341.000000,56.000000,70.000000,73.000000
47253.000000,33397.000000,55.000000,70.000000,74.000000
47263.000000,33452.000000,56.000000,70.000000,74.000000
47273.000000,33509.000000,56.000000,70.000000,73.000000
47283.000000,33565.000000,56.000000,70.000000,73.000000
47293.000000,33621.000000,57.000000,70.000000,73.000000
47303.000000,33677.000000,56.000000,70.000000,72.000000
47313.000000,33734.000000,56.000000,70.000000,73.000000
47323.000000,33789.000000,56.000000,70.000000,73.000000
47333.000000,33845.000000,56.000000,70.000000,73.000000
47343.000000,33902.000000,56.000000,70.000000,73.000000
47353.000000,33958.000000,56.000000,70.000000,73.000000
47363.000000,34014.000000,56.000000,70.000000,73.000000
47373.000000,34071.000000,57.000000,70.000000,72.000000
47383.000000,34126.000000,56.000000,70.000000,72.000000
47393.000000,34182.000000,56.000000,70.000000,73.000000
47403.000000,34239.000000,56.000000,70.000000,73.000000
47413.000000,34294.000000,56.000000,70.000000,73.000000
47423.000000,34351.000000,56.000000,70.000000,73.000000
47433.000000,34407.000000,56.000000,70.000000,73.000000
47443.000000,34463.000000,56.000000,70.000000,73.000000
47453.000000,34519.000000,57.000000,70.000000,73.000000
47463.000000,34575.000000,56.000000,70.000000,73.000000
47473.000000,34631.000000,56.000000,70.000000,73.000000
47483.000000,34688.000000,57.000000,70.000000,73.000000
47493.000000,34744.000000,56.000000,70.000000,73.000000
47503.000000,34800.000000,56.000000,70.000000,73.000000
47513.000000,34856.000000,56.000000,70.000000,73.000000
47523.000000,34913.000000,56.000000,70.000000,73.000000
47533.000000,34969.000000,57.000000,70.000000,73.000000
47543.000000,35026.000000,56.000000,70.000000,72.000000
47553.000000,35082.000000,56.000000,70.000000,72.000000
47563.000000,35138.000000,56.000000,70.000000,72.000000
47573.000000,35194.000000,56.000000,70.000000,72.000000
47583.000000,35250.000000,56.000000,70.000000,72.000000
47593.000000,35305.000000,56.000000,70.000000,72.000000
47603.000000,35361.000000,56.000000,70.000000,72.000000
47613.000000,35417.000000,56.000000,70.000000,72.000000
47623.000000,35473.000000,55.000000,70.000000,72.000000
47633.000000,35528.000000,56.000000,70.000000,74.000000
47643.000000,35584.000000,56.000000,70.000000,73.000000
47653.000000,35640.000000,56.000000,70.000000,73.000000
47663.000000,35696.000000,56.000000,70.000000,73.000000
47673.000000,35753.000000,56.000000,70.000000,73.000000
47683.000000,35809.000000,56.000000,70.000000,73.000000
47693.000000,35866.000000,57.000000,70.000000,73.000000
47703.000000,35922.000000,56.000000,70.000000,73.000000
47713.000000,35978.000000,57.000000,70.000000,73.000000
47723.000000,36035.000000,56.000000,70.000000,72.000000
47733.000000,36091.000000,57.000000,70.000000,72.000000
47743.000000,36147.000000,56.000000,70.000000,72.000000
47753.000000,36203.000000,56.000000,70.000000,72.000000
47763.000000,36259.000000,56.000000,70.000000,72.000000
47773.000000,36315.000000,55.000000,70.000000,72.000000
47783.000000,36371.000000,56.000000,70.000000,74.000000
47793.000000,36427.000000,56.000000,70.000000,73.000000
47803.000000,36483.000000,57.000000,70.000000,73.000000
47813.000000,36539.000000,56.000000,70.000000,72.000000
47823.000000,36595.000000,56.000000,70.000000,73.000000
47833.000000,36651.000000,56.000000,70.000000,73.000000
47843.000000,36707.000000,56.000000,70.000000,73.000000
47853.000000,36764.000000,56.000000,70.000000,73.000000
47863.000000,36820.000000,57.000000,70.000000,73.000000
47873.000000,36876.000000,56.000000,70.000000,72.000000
47883.000000,36933.000000,56.000000,70.000000,72.000000
47893.000000,36988.000000,56.000000,70.000000,72.000000
47903.000000,37044.000000,56.000000,70.000000,72.000000
47913.000000,37100.000000,56.000000,70.000000,72.000000
47923.000000,37156.000000,56.000000,70.000000,72.000000
47933.000000,37212.000000,55.000000,70.000000,72.000000
47943.000000,37268.000000,56.000000,70.000000,72.000000
47953.000000,37323.000000,56.000000,70.000000,72.000000
47963.000000,37379.000000,56.000000,70.000000,72.000000
47973.000000,37435.000000,56.000000,70.000000,72.000000
47983.000000,37491.000000,56.000000,70.000000,72.000000
47993.000000,37547.000000,56.000000,70.000000,72.000000
48003.000000,37603.000000,55.000000,70.000000,74.000000
48013.000000,37658.000000,56.000000,70.000000,74.000000
48023.000000,37715.000000,56.000000,70.000000,73.000000
48033.000000,37771.000000,57.000000,70.000000,72.000000
48043.000000,37827.000000,56.000000,70.000000,72.000000
48053.000000,37883.000000,56.000000,80.000000,80.000000
48063.000000,37940.000000,57.000000,80.000000,81.000000
48073.000000,37999.000000,58.000000,80.000000,81.000000
48083.000000,38058.000000,59.000000,80.000000,81.000000
48093.000000,38117.000000,60.000000,80.000000,82.000000
48103.000000,38178.000000,60.000000,80.000000,82.000000
48113.000000,38239.000000,62.000000,80.000000,82.000000
48123.000000,38300.000000,60.000000,80.000000,81.000000
48133.000000,38362.000000,62.000000,80.000000,82.000000
48143.000000,38424.000000,62.000000,80.000000,82.000000
48153.000000,38486.000000,62.000000,80.000000,83.000000
48163.000000,38548.000000,63.000000,80.000000,82.000000
48173.000000,38611.000000,63.000000,80.000000,82.000000
48183.000000,38674.000000,62.000000,80.000000,83.000000
48193.000000,38737.000000,64.000000,80.000000,82.000000
48203.000000,38800.000000,63.000000,80.000000,82.000000
48213.000000,38863.000000,63.000000,80.000000,83.000000
48223.000000,38927.000000,63.000000,80.000000,84.000000
48233.000000,38990.000000,63.000000,80.000000,84.000000
48243.000000,39053.000000,64.000000,80.000000,84.000000
48253.000000,39118.000000,64.000000,80.000000,83.000000
48263.000000,39181.000000,64.000000,80.000000,83.000000
48273.000000,39246.000000,64.000000,80.000000,83.000000
48283.000000,39310.000000,64.000000,80.000000,83.000000
48293.000000,39373.000000,64.000000,80.000000,83.000000
48303.000000,39438.000000,64.000000,80.000000,83.000000
48313.000000,39502.000000,64.000000,80.000000,83.000000
48323.000000,39565.000000,64.000000,80.000000,83.000000
48333.000000,39630.000000,64.000000,80.000000,83.000000
48343.000000,39694.000000,64.000000,80.000000,83.000000
48353.000000,39758.000000,64.000000,80.000000,83.000000
48363.000000,39822.000000,64.000000,80.000000,83.000000
48373.000000,39886.000000,64.000000,80.000000,83.000000
48383.000000,39950.000000,65.000000,80.000000,83.000000
48393.000000,40014.000000,64.000000,80.000000,82.000000
48403.000000,40079.000000,64.000000,80.000000,83.000000
48413.000000,40142.000000,63.000000,80.000000,83.000000
48423.000000,40206.000000,64.000000,80.000000,84.000000
48433.000000,40270.000000,65.000000,80.000000,82.000000
48443.000000,40334.000000,64.000000,80.000000,82.000000
48453.000000,40398.000000,63.000000,80.000000,83.000000
48463.000000,40463.000000,65.000000,80.000000,82.000000
48473.000000,40526.000000,64.000000,80.000000,82.000000
48483.000000,40590.000000,63.000000,80.000000,83.000000
48493.000000,40654.000000,64.000000,80.000000,83.000000
48503.000000,40718.000000,64.000000,80.000000,83.000000
48513.000000,40782.000000,64.000000,80.000000,83.000000
48523.000000,40847.000000,65.000000,80.000000,82.000000
48533.000000,40910.000000,64.000000,80.000000,82.000000
48543.000000,40974.000000,63.000000,80.000000,83.000000
48553.000000,41038.000000,64.000000,80.000000,83.000000
48563.000000,41102.000000,64.000000,80.000000,83.000000
48573.000000,41166.000000,64.000000,80.000000,83.000000
48583.000000,41230.000000,64.000000,80.000000,83.000000
48593.000000,41294.000000,65.000000,80.000000,83.000000
48603.000000,41358.000000,64.000000,80.000000,82.000000
48613.000000,41423.000000,64.000000,80.000000,83.000000
48623.000000,41486.000000,64.000000,80.000000,83.000000
48633.000000,41550.000000,64.000000,80.000000,83.000000
48643.000000,41615.000000,64.000000,80.000000,83.000000
48653.000000,41678.000000,64.000000,80.000000,83.000000
48663.000000,41743.000000,64.000000,80.000000,83.000000
48673.000000,41807.000000,64.000000,80.000000,83.000000
48683.000000,41871.000000,64.000000,80.000000,83.000000
48693.000000,41935.000000,65.000000,80.000000,83.000000
48703.000000,41999.000000,64.000000,80.000000,83.000000
48713.000000,42063.000000,64.000000,80.000000,83.000000
48723.000000,42128.000000,64.000000,80.000000,83.000000
48733.000000,42192.000000,64.000000,80.000000,83.000000
48743.000000,42256.000000,64.000000,80.000000,83.000000
48753.000000,42321.000000,65.000000,80.000000,83.000000
48763.000000,42385.000000,64.000000,80.000000,83.000000
48773.000000,42449.000000,64.000000,80.000000,83.000000
48783.000000,42513.000000,64.000000,80.000000,83.000000
48793.000000,42578.000000,65.000000,80.000000,82.000000
48803.000000,42641.000000,64.000000,80.000000,82.000000
48813.000000,42706.000000,64.000000,80.000000,82.000000
48823.000000,42770.000000,64.000000,80.000000,82.000000
48833.000000,42833.000000,64.000000,80.000000,82.000000
48843.000000,42897.000000,64.000000,80.000000,82.000000
48853.000000,42961.000000,64.000000,80.000000,82.000000
48863.000000,43024.000000,63.000000,80.000000,82.000000
48873.000000,43088.000000,64.000000,80.000000,84.000000
48883.000000,43153.000000,64.000000,80.000000,83.000000
48893.000000,43217.000000,65.000000,80.000000,83.000000
48903.000000,43281.000000,63.000000,80.000000,82.000000
48913.000000,43345.000000,64.000000,80.000000,83.000000
48923.000000,43409.000000,65.000000,80.000000,83.000000
48933.000000,43473.000000,64.000000,80.000000,82.000000
48943.000000,43537.000000,64.000000,80.000000,82.000000
48953.000000,43601.000000,63.000000,80.000000,82.000000
48963.000000,43665.000000,64.000000,80.000000,84.000000
48973.000000,43729.000000,65.000000,80.000000,82.000000
48983.000000,43793.000000,64.000000,80.000000,82.000000
48993.000000,43857.000000,64.000000,80.000000,83.000000
49003.000000,43922.000000,64.000000,80.000000,83.000000
49013.000000,43985.000000,64.000000,80.000000,83.000000
49023.000000,44050.000000,64.000000,80.000000,83.000000
49033.000000,44115.000000,65.000000,80.000000,82.000000
49043.000000,44178.000000,64.000000,80.000000,82.000000
49053.000000,44242.000000,64.000000,80.000000,82.000000
49063.000000,44307.000000,64.000000,80.000000,82.000000
49073.000000,44370.000000,64.000000,80.000000,82.000000
49083.000000,44434.000000,64.000000,80.000000,82.000000
49093.000000,44498.000000,64.000000,80.000000,82.000000
49103.000000,44562.000000,63.000000,80.000000,82.000000
49113.000000,44626.000000,64.000000,80.000000,84.000000
49123.000000,44690.000000,64.000000,80.000000,83.000000
49133.000000,44754.000000,64.000000,80.000000,83.000000
49143.000000,44818.000000,64.000000,80.000000,83.000000
49153.000000,44883.000000,65.000000,80.000000,82.000000
49163.000000,44947.000000,64.000000,80.000000,82.000000
49173.000000,45011.000000,64.000000,80.000000,83.000000
49183.000000,45075.000000,65.000000,80.000000,82.000000
49193.000000,45139.000000,64.000000,80.000000,82.000000
49203.000000,45203.000000,64.000000,80.000000,82.000000
49213.000000,45267.000000,64.000000,80.000000,82.000000
49223.000000,45331.000000,64.000000,80.000000,82.000000
49233.000000,45395.000000,64.000000,80.000000,82.000000
49243.000000,45459.000000,64.000000,80.000000,82.000000
49253.000000,45523.000000,64.000000,80.000000,82.000000
49263.000000,45587.000000,63.000000,80.000000,82.000000
49273.000000,45651.000000,64.000000,80.000000,82.000000
49283.000000,45714.000000,64.000000,80.000000,82.000000
49293.000000,45778.000000,64.000000,80.000000,82.000000
49303.000000,45843.000000,63.000000,80.000000,84.000000
49313.000000,45906.000000,64.000000,80.000000,84.000000
49323.000000,45970.000000,64.000000,80.000000,83.000000
49333.000000,46035.000000,65.000000,80.000000,82.000000
49343.000000,46099.000000,64.000000,80.000000,82.000000
49353.000000,46163.000000,64.000000,80.000000,83.000000
49363.000000,46227.000000,64.000000,80.000000,83.000000
49373.000000,46291.000000,65.000000,80.000000,83.000000
49383.000000,46355.000000,64.000000,80.000000,82.000000
49393.000000,46419.000000,64.000000,80.000000,82.000000
49403.000000,46483.000000,64.000000,80.000000,82.000000
49413.000000,46548.000000,64.000000,80.000000,82.000000
49423.000000,46612.000000,64.000000,80.000000,82.000000
49433.000000,46675.000000,64.000000,80.000000,82.000000
49443.000000,46739.000000,64.000000,80.000000,82.000000
49453.000000,46804.000000,64.000000,80.000000,82.000000
49463.000000,46867.000000,64.000000,80.000000,82.000000
49473.000000,46931.000000,63.000000,80.000000,82.000000
49483.000000,46995.000000,64.000000,80.000000,82.000000
49493.000000,47058.000000,64.000000,80.000000,82.000000
49503.000000,47122.000000,64.000000,80.000000,82.000000
49513.000000,47186.000000,63.000000,80.000000,84.000000
49523.000000,47250.000000,64.000000,80.000000,84.000000
49533.000000,47314.000000,64.000000,80.000000,83.000000
49543.000000,47379.000000,65.000000,80.000000,82.000000
49553.000000,47443.000000,64.000000,80.000000,82.000000
49563.000000,47507.000000,64.000000,80.000000,83.000000
49573.000000,47571.000000,65.000000,80.000000,82.000000
49583.000000,47635.000000,64.000000,80.000000,82.000000
49593.000000,47699.000000,64.000000,80.000000,82.000000
49603.000000,47763.000000,64.000000,80.000000,82.000000
49613.000000,47827.000000,64.000000,80.000000,82.000000
49623.000000,47891.000000,64.000000,80.000000,82.000000
49633.000000,47956.000000,64.000000,80.000000,82.000000
49643.000000,48019.000000,64.000000,80.000000,82.000000
49653.000000,48083.000000,64.000000,80.000000,82.000000
49663.000000,48147.000000,64.000000,80.000000,82.000000
49673.000000,48211.000000,64.000000,80.000000,82.000000
49683.000000,48275.000000,63.000000,80.000000,82.000000
49693.000000,48339.000000,64.000000,80.000000,82.000000
49703.000000,48402.000000,64.000000,80.000000,82.000000
49713.000000,48466.000000,64.000000,80.000000,82.000000
49723.000000,48531.000000,64.000000,80.000000,82.000000
49733.000000,48594.000000,63.000000,80.000000,82.000000
49743.000000,48658.000000,64.000000,80.000000,84.000000
49753.000000,48722.000000,64.000000,80.000000,83.000000
49763.000000,48786.000000,65.000000,80.000000,83.000000
49773.000000,48851.000000,64.000000,80.000000,82.000000
49783.000000,48915.000000,65.000000,80.000000,82.000000
49793.000000,48979.000000,64.000000,80.000000,82.000000
49803.000000,49044.000000,64.000000,80.000000,82.000000
49813.000000,49107.000000,64.000000,80.000000,82.000000
49823.000000,49171.000000,64.000000,80.000000,82.000000
49833.000000,49235.000000,64.000000,80.000000,82.000000
49843.000000,49300.000000,64.000000,80.000000,82.000000
49853.000000,49363.000000,64.000000,80.000000,82.000000
49863.000000,49427.000000,64.000000,80.000000,82.000000
49873.000000,49491.000000,64.000000,80.000000,82.000000
49883.000000,49555.000000,64.000000,80.000000,82.000000
49893.000000,49619.000000,64.000000,80.000000,82.000000
49903.000000,49683.000000,64.000000,80.000000,82.000000
49913.000000,49747.000000,64.000000,80.000000,82.000000
49923.000000,49811.000000,64.000000,80.000000,82.000000
49933.000000,49875.000000,64.000000,80.000000,82.000000
49943.000000,49939.000000,64.000000,80.000000,82.000000
49953.000000,50003.000000,64.000000,80.000000,82.000000
49963.000000,50067.000000,63.000000,80.000000,84.000000
49973.000000,50131.000000,64.000000,80.000000,84.000000
49983.000000,50195.000000,65.000000,80.000000,83.000000
49993.000000,50259.000000,64.000000,80.000000,83.000000
50003.000000,50323.000000,64.000000,80.000000,83.000000
50013.000000,50389.000000,65.000000,80.000000,83.000000
50023.000000,50453.000000,65.000000,80.000000,82.000000
50033.000000,50517.000000,64.000000,80.000000,82.000000
50043.000000,50582.000000,65.000000,80.000000,83.000000
50053.000000,50647.000000,64.000000,80.000000,83.000000
50063.000000,50711.000000,65.000000,80.000000,83.000000
50073.000000,50775.000000,64.000000,80.000000,82.000000
50083.000000,50840.000000,64.000000,80.000000,82.000000
50093.000000,50905.000000,65.000000,80.000000,82.000000
50103.000000,50969.000000,64.000000,80.000000,82.000000
50113.000000,51033.000000,64.000000,80.000000,82.000000
50123.000000,51097.000000,64.000000,80.000000,82.000000
50133.000000,51161.000000,65.000000,80.000000,82.000000
50143.000000,51226.000000,64.000000,80.000000,82.000000
50153.000000,51290.000000,64.000000,80.000000,82.000000
50163.000000,51354.000000,64.000000,80.000000,82.000000
50173.000000,51418.000000,65.000000,80.000000,81.000000
50183.000000,51482.000000,63.000000,80.000000,81.000000
50193.000000,51546.000000,64.000000,80.000000,83.000000
50203.000000,51611.000000,65.000000,80.000000,82.000000
50213.000000,51674.000000,64.000000,80.000000,82.000000
50223.000000,51738.000000,64.000000,80.000000,82.000000
50233.000000,51803.000000,64.000000,80.000000,82.000000
50243.000000,51866.000000,64.000000,80.000000,82.000000
50253.000000,51930.000000,64.000000,80.000000,82.000000
50263.000000,51995.000000,64.000000,80.000000,82.000000
50273.000000,52058.000000,64.000000,80.000000,82.000000
50283.000000,52123.000000,64.000000,80.000000,82.000000
50293.000000,52187.000000,64.000000,80.000000,82.000000
50303.000000,52250.000000,64.000000,80.000000,82.000000
50313.000000,52315.000000,64.000000,80.000000,82.000000
50323.000000,52379.000000,64.000000,80.000000,82.000000
50333.000000,52443.000000,64.000000,80.000000,82.000000
50343.000000,52507.000000,64.000000,80.000000,82.000000
50353.000000,52571.000000,64.000000,80.000000,82.000000
50363.000000,52635.000000,64.000000,80.000000,82.000000
50373.000000,52699.000000,64.000000,80.000000,82.000000
50383.000000,52763.000000,64.000000,80.000000,82.000000
50393.000000,52827.000000,64.000000,80.000000,82.000000
50403.000000,52891.000000,64.000000,80.000000,82.000000
50413.000000,52955.000000,64.000000,80.000000,82.000000
50423.000000,53019.000000,64.000000,80.000000,82.000000
50433.000000,53083.000000,64.000000,80.000000,82.000000
50443.000000,53147.000000,64.000000,80.000000,82.000000
50453.000000,53211.000000,64.000000,80.000000,82.000000
50463.000000,53275.000000,64.000000,80.000000,82.000000
50473.000000,53339.000000,64.000000,80.000000,82.000000
50483.000000,53403.000000,64.000000,80.000000,82.000000
50493.000000,53467.000000,64.000000,80.000000,82.000000
50503.000000,53531.000000,64.000000,80.000000,82.000000
50513.000000,53595.000000,64.000000,80.000000,82.000000
50523.000000,53659.000000,64.000000,80.000000,82.000000
50533.000000,53723.000000,65.000000,80.000000,81.000000
50543.000000,53787.000000,64.000000,80.000000,81.000000
50553.000000,53851.000000,63.000000,80.000000,82.000000
50563.000000,53915.000000,64.000000,80.000000,82.000000
50573.000000,53979.000000,64.000000,80.000000,82.000000
50583.000000,54043.000000,64.000000,80.000000,82.000000
50593.000000,54107.000000,64.000000,80.000000,82.000000
50603.000000,54170.000000,64.000000,80.000000,82.000000
50613.000000,54234.000000,64.000000,80.000000,82.000000
50623.000000,54299.000000,64.000000,80.000000,82.000000
50633.000000,54362.000000,64.000000,80.000000,82.000000
50643.000000,54427.000000,64.000000,80.000000,82.000000
50653.000000,54491.000000,64.000000,80.000000,82.000000
50663.000000,54555.000000,64.000000,80.000000,82.000000
50673.000000,54619.000000,64.000000,80.000000,82.000000
50683.000000,54683.000000,64.000000,80.000000,82.000000
50693.000000,54747.000000,64.000000,80.000000,82.000000
50703.000000,54811.000000,64.000000,80.000000,82.000000
50713.000000,54875.000000,65.000000,80.000000,81.000000
50723.000000,54939.000000,64.000000,80.000000,81.000000
50733.000000,55003.000000,63.000000,80.000000,82.000000
50743.000000,55067.000000,64.000000,80.000000,82.000000
50753.000000,55131.000000,64.000000,80.000000,82.000000
50763.000000,55195.000000,64.000000,80.000000,82.000000
50773.000000,55259.000000,64.000000,80.000000,82.000000
50783.000000,55322.000000,64.000000,80.000000,82.000000
50793.000000,55387.000000,64.000000,80.000000,82.000000
50803.000000,55451.000000,64.000000,80.000000,82.000000
50813.000000,55514.000000,64.000000,80.000000,82.000000
50823.000000,55578.000000,64.000000,80.000000,82.000000
50833.000000,55643.000000,64.000000,80.000000,82.000000
50843.000000,55707.000000,64.000000,80.000000,82.000000
50853.000000,55771.000000,64.000000,80.000000,82.000000
50863.000000,55835.000000,64.000000,80.000000,82.000000
50873.000000,55899.000000,64.000000,80.000000,82.000000
50883.000000,55963.000000,64.000000,80.000000,82.000000
50893.000000,56027.000000,64.000000,80.000000,82.000000
50903.000000,56091.000000,64.000000,80.000000,82.000000
50913.000000,56155.000000,64.000000,80.000000,82.000000
50923.000000,56219.000000,65.000000,0.000000,0.000000
50933.000000,56275.000000,55.000000,0.000000,0.000000
50943.000000,56313.000000,39.000000,0.000000,0.000000
50953.000000,56339.000000,26.000000,0.000000,0.000000
50963.000000,56357.000000,18.000000,0.000000,0.000000
50973.000000,56368.000000,11.000000,0.000000,0.000000
50983.000000,56374.000000,6.000000,0.000000,0.000000
50993.000000,56378.000000,4.000000,0.000000,0.000000
51003.000000,56380.000000,2.000000,0.000000,0.000000
51013.000000,56380.000000,0.000000,0.000000,0.000000
51023.000000,56380.000000,0.000000,0.000000,0.000000
51033.000000,56380.000000,0.000000,0.000000,0.000000
51043.000000,56380.000000,0.000000,0.000000,0.000000
51053.000000,56380.000000,0.000000,0.000000,0.000000
51063.000000,56380.000000,0.000000,0.000000,0.000000
51073.000000,56380.000000,0.000000,0.000000,0.000000
51083.000000,56380.000000,0.000000,0.000000,0.000000
51093.000000,56380.000000,0.000000,0.000000,0.000000
51103.000000,56380.000000,0.000000,0.000000,0.000000
51113.000000,56380.000000,0.000000,0.000000,0.000000
51123.000000,56380.000000,0.000000,0.000000,0.000000
51133.000000,56380.000000,0.000000,0.000000,0.000000
51143.000000,56380.000000,0.000000,0.000000,0.000000
51153.000000,56380.000000,0.000000,0.000000,0.000000
51163.000000,56380.000000,0.000000,0.000000,0.000000
51173.000000,56380.000000,0.000000,0.000000,0.000000
51183.000000,56380.000000,0.000000,0.000000,0.000000
51193.000000,56380.000000,0.000000,0.000000,0.000000
51203.000000,56380.000000,0.000000,0.000000,0.000000
51213.000000,56380.000000,0.000000,0.000000,0.000000
51223.000000,56380.000000,0.000000,0.000000,0.000000
51233.000000,56380.000000,0.000000,0.000000,0.000000
51243.000000,56380.000000,0.000000,0.000000,0.000000
51253.000000,56380.000000,0.000000,0.000000,0.000000
51263.000000,56380.000000,0.000000,0.000000,0.000000
51273.000000,56380.000000,0.000000,0.000000,0.000000
51283.000000,56380.000000,0.000000,0.000000,0.000000
51293.000000,56380.000000,0.000000,0.000000,0.000000
51303.000000,56380.000000,0.000000,0.000000,0.000000
51313.000000,56380.000000,0.000000,0.000000,0.000000
51323.000000,56380.000000,0.000000,0.000000,0.000000
51333.000000,56380.000000,0.000000,0.000000,0.000000
51343.000000,56380.000000,0.000000,0.000000,0.000000
51353.000000,56380.000000,0.000000,0.000000,0.000000
51363.000000,56380.000000,0.000000,0.000000,0.000000
51373.000000,56380.000000,0.000000,0.000000,0.000000
51383.000000,56380.000000,0.000000,0.000000,0.000000
51393.000000,56380.000000,0.000000,0.000000,0.000000
51403.000000,56380.000000,0.000000,0.000000,0.000000
51413.000000,56380.000000,0.000000,0.000000,0.000000
51423.000000,56380.000000,0.000000,0.000000,0.000000
51433.000000,56380.000000,0.000000,0.000000,0.000000
51443.000000,56380.000000,0.000000,0.000000,0.000000
51453.000000,56380.000000,0.000000,0.000000,0.000000
51463.000000,56380.000000,0.000000,0.000000,0.000000
51473.000000,56380.000000,0.000000,0.000000,0.000000
51483.000000,56380.000000,0.000000,0.000000,0.000000
51493.000000,56380.000000,0.000000,0.000000,0.000000
51503.000000,56380.000000,0.000000,0.000000,0.000000
51513.000000,56380.000000,0.000000,0.000000,0.000000
51523.000000,56380.000000,0.000000,0.000000,0.000000
51533.000000,56380.000000,0.000000,0.000000,0.000000
51543.000000,56380.000000,0.000000,0.000000,0.000000
51553.000000,56380.000000,0.000000,0.000000,0.000000
51563.000000,56380.000000,0.000000,0.000000,0.000000
51573.000000,56380.000000,0.000000,0.000000,0.000000
51583.000000,56380.000000,0.000000,0.000000,0.000000
51593.000000,56380.000000,0.000000,0.000000,0.000000
51603.000000,56380.000000,0.000000,0.000000,0.000000
51613.000000,56380.000000,0.000000,0.000000,0.000000
51623.000000,56380.000000,0.000000,0.000000,0.000000
51633.000000,56380.000000,0.000000,0.000000,0.000000
51643.000000,56380.000000,0.000000,0.000000,0.000000
51653.000000,56380.000000,0.000000,0.000000,0.000000
51663.000000,56380.000000,0.000000,0.000000,0.000000
51673.000000,56380.000000,0.000000,0.000000,0.000000
51683.000000,56380.000000,0.000000,0.000000,0.000000
51693.000000,56380.000000,0.000000,0.000000,0.000000
51703.000000,56380.000000,0.000000,0.000000,0.000000
51713.000000,56380.000000,0.000000,0.000000,0.000000
51723.000000,56380.000000,0.000000,0.000000,0.000000
51733.000000,56380.000000,0.000000,0.000000,0.000000
51743.000000,56380.000000,0.000000,0.000000,0.000000
51753.000000,56380.000000,0.000000,0.000000,0.000000
51763.000000,56380.000000,0.000000,0.000000,0.000000
51773.000000,56380.000000,0.000000,0.000000,0.000000
51783.000000,56380.000000,0.000000,0.000000,0.000000
51793.000000,56380.000000,0.000000,0.000000,0.000000
51803.000000,56380.000000,0.000000,0.000000,0.000000
51813.000000,56380.000000,0.000000,0.000000,0.000000
51823.000000,56380.000000,0.000000,0.000000,0.000000
51833.000000,56380.000000,0.000000,0.000000,0.000000
51843.000000,56380.000000,0.000000,0.000000,0.000000
51853.000000,56380.000000,0.000000,0.000000,0.000000
51863.000000,56380.000000,0.000000,0.000000,0.000000
51873.000000,56380.000000,0.000000,0.000000,0.000000
51883.000000,56380.000000,0.000000,0.000000,0.000000
51893.000000,56380.000000,0.000000,0.000000,0.000000
51903.000000,56380.000000,0.000000,0.000000,0.000000
51913.000000,56380.000000,0.000000,0.000000,0.000000
51923.000000,56380.000000,0.000000,0.000000,0.000000
51933.000000,56380.000000,0.000000,0.000000,0.000000
51943.000000,56380.000000,0.000000,0.000000,0.000000
51953.000000,56380.000000,0.000000,0.000000,0.000000
51963.000000,56380.000000,0.000000,0.000000,0.000000
51973.000000,56380.000000,0.000000,0.000000,0.000000
51983.000000,56380.000000,0.000000,0.000000,0.000000
51993.000000,56380.000000,0.000000,0.000000,0.000000
52003.000000,56380.000000,0.000000,0.000000,0.000000
52013.000000,56380.000000,0.000000,0.000000,0.000000
52023.000000,56380.000000,0.000000,0.000000,0.000000
52033.000000,56380.000000,0.000000,0.000000,0.000000
52043.000000,56380.000000,0.000000,0.000000,0.000000
52053.000000,56380.000000,0.000000,0.000000,0.000000
52063.000000,56380.000000,0.000000,0.000000,0.000000
52073.000000,56380.000000,0.000000,0.000000,0.000000
52083.000000,56380.000000,0.000000,0.000000,0.000000
52093.000000,56380.000000,0.000000,0.000000,0.000000
52103.000000,56380.000000,0.000000,0.000000,0.000000
52113.000000,56380.000000,0.000000,0.000000,0.000000
52123.000000,56380.000000,0.000000,0.000000,0.000000
52133.000000,56380.000000,0.000000,0.000000,0.000000
52143.000000,56380.000000,0.000000,0.000000,0.000000
52153.000000,56380.000000,0.000000,0.000000,0.000000
52163.000000,56380.000000,0.000000,0.000000,0.000000
52173.000000,56380.000000,0.000000,0.000000,0.000000
52183.000000,56380.000000,0.000000,0.000000,0.000000
52193.000000,56380.000000,0.000000,0.000000,0.000000
52203.000000,56380.000000,0.000000,0.000000,0.000000
52213.000000,56380.000000,0.000000,0.000000,0.000000
52223.000000,56380.000000,0.000000,0.000000,0.000000
52233.000000,56380.000000,0.000000,0.000000,0.000000
52243.000000,56380.000000,0.000000,0.000000,0.000000
52253.000000,56380.000000,0.000000,0.000000,0.000000
52263.000000,56380.000000,0.000000,0.000000,0.000000
52273.000000,56380.000000,0.000000,0.000000,0.000000
52283.000000,56380.000000,0.000000,0.000000,0.000000
52293.000000,56380.000000,0.000000,0.000000,0.000000
52303.000000,56380.000000,0.000000,0.000000,0.000000
52313.000000,56380.000000,0.000000,0.000000,0.000000
52323.000000,56380.000000,0.000000,0.000000,0.000000
52333.000000,56380.000000,0.000000,0.000000,0.000000
52343.000000,56380.000000,0.000000,0.000000,0.000000
52353.000000,56380.000000,0.000000,0.000000,0.000000
52363.000000,56380.000000,0.000000,0.000000,0.000000
52373.000000,56380.000000,0.000000,0.000000,0.000000
52383.000000,56380.000000,0.000000,0.000000,0.000000
52393.000000,56380.000000,0.000000,0.000000,0.000000
52403.000000,56380.000000,0.000000,0.000000,0.000000
52413.000000,56380.000000,0.000000,0.000000,0.000000
52423.000000,56380.000000,0.000000,0.000000,0.000000
52433.000000,56380.000000,0.000000,0.000000,0.000000
52443.000000,56380.000000,0.000000,0.000000,0.000000
52453.000000,56380.000000,0.000000,0.000000,0.000000
52463.000000,56380.000000,0.000000,0.000000,0.000000
52473.000000,56380.000000,0.000000,0.000000,0.000000
52483.000000,56380.000000,0.000000,0.000000,0.000000
52493.000000,56380.000000,0.000000,0.000000,0.000000
52503.000000,56380.000000,0.000000,0.000000,0.000000
52513.000000,56380.000000,0.000000,0.000000,0.000000
52523.000000,56380.000000,0.000000,0.000000,0.000000
52533.000000,56380.000000,0.000000,0.000000,0.000000
52543.000000,56380.000000,0.000000,0.000000,0.000000
52553.000000,56380.000000,0.000000,0.000000,0.000000
52563.000000,56380.000000,0.000000,0.000000,0.000000
52573.000000,56380.000000,0.000000,0.000000,0.000000
52583.000000,56380.000000,0.000000,0.000000,0.000000
52593.000000,56380.000000,0.000000,0.000000,0.000000
52603.000000,56380.000000,0.000000,0.000000,0.000000
52613.000000,56380.000000,0.000000,0.000000,0.000000
52623.000000,56380.000000,0.000000,0.000000,0.000000
52633.000000,56380.000000,0.000000,0.000000,0.000000
52643.000000,56380.000000,0.000000,0.000000,0.000000
52653.000000,56380.000000,0.000000,0.000000,0.000000
52663.000000,56380.000000,0.000000,0.000000,0.000000
52673.000000,56380.000000,0.000000,0.000000,0.000000
52683.000000,56380.000000,0.000000,0.000000,0.000000
52693.000000,56380.000000,0.000000,0.000000,0.000000
52703.000000,56380.000000,0.000000,0.000000,0.000000
52713.000000,56380.000000,0.000000,0.000000,0.000000
52723.000000,56380.000000,0.000000,0.000000,0.000000
52733.000000,56380.000000,0.000000,0.000000,0.000000
52743.000000,56380.000000,0.000000,0.000000,0.000000
52753.000000,56380.000000,0.000000,0.000000,0.000000
52763.000000,56380.000000,0.000000,0.000000,0.000000
52773.000000,56380.000000,0.000000,0.000000,0.000000
52783.000000,56380.000000,0.000000,0.000000,0.000000
52793.000000,56380.000000,0.000000,0.000000,0.000000
52803.000000,56380.000000,0.000000,0.000000,0.000000
52813.000000,56380.000000,0.000000,0.000000,0.000000
52823.000000,56380.000000,0.000000,0.000000,0.000000
52833.000000,56380.000000,0.000000,0.000000,0.000000
52843.000000,56380.000000,0.000000,0.000000,0.000000
52853.000000,56380.000000,0.000000,0.000000,0.000000
52863.000000,56380.000000,0.000000,0.000000,0.000000
52873.000000,56380.000000,0.000000,0.000000,0.000000
52883.000000,56380.000000,0.000000,0.000000,0.000000
52893.000000,56380.000000,0.000000,0.000000,0.000000
52903.000000,56380.000000,0.000000,0.000000,0.000000
52913.000000,56380.000000,0.000000,0.000000,0.000000
52923.000000,56380.000000,0.000000,0.000000,0.000000
52933.000000,56380.000000,0.000000,0.000000,0.000000
52943.000000,56380.000000,0.000000,0.000000,0.000000
52953.000000,56380.000000,0.000000,0.000000,0.000000
52963.000000,56380.000000,0.000000,0.000000,0.000000
52973.000000,56380.000000,0.000000,0.000000,0.000000
52983.000000,56380.000000,0.000000,0.000000,0.000000
52993.000000,56380.000000,0.000000,0.000000,0.000000
53003.000000,56380.000000,0.000000,0.000000,0.000000
53013.000000,56380.000000,0.000000,0.000000,0.000000
53023.000000,56380.000000,0.000000,0.000000,0.000000
53033.000000,56380.000000,0.000000,0.000000,0.000000
53043.000000,56380.000000,0.000000,0.000000,0.000000
53053.000000,56380.000000,0.000000,0.000000,0.000000
53063.000000,56380.000000,0.000000,0.000000,0.000000
53073.000000,56380.000000,0.000000,0.000000,0.000000
53083.000000,56380.000000,0.000000,0.000000,0.000000
53093.000000,56380.000000,0.000000,0.000000,0.000000
53103.000000,56380.000000,0.000000,0.000000,0.000000
53113.000000,56380.000000,0.000000,0.000000,0.000000
53123.000000,56380.000000,0.000000,0.000000,0.000000
53133.000000,56380.000000,0.000000,0.000000,0.000000
53143.000000,56380.000000,0.000000,0.000000,0.000000
53153.000000,56380.000000,0.000000,0.000000,0.000000
53163.000000,56380.000000,0.000000,0.000000,0.000000
53173.000000,56380.000000,0.000000,0.000000,0.000000
53183.000000,56380.000000,0.000000,0.000000,0.000000
53193.000000,56380.000000,0.000000,0.000000,0.000000
53203.000000,56380.000000,0.000000,0.000000,0.000000
53213.000000,56380.000000,0.000000,0.000000,0.000000
53223.000000,56380.000000,0.000000,0.000000,0.000000
53233.000000,56380.000000,0.000000,0.000000,0.000000
53243.000000,56380.000000,0.000000,0.000000,0.000000
53253.000000,56380.000000,0.000000,0.000000,0.000000
53263.000000,56380.000000,0.000000,0.000000,0.000000
53273.000000,56380.000000,0.000000,0.000000,0.000000
53283.000000,56380.000000,0.000000,0.000000,0.000000
53293.000000,56380.000000,0.000000,0.000000,0.000000
53303.000000,56380.000000,0.000000,0.000000,0.000000
53313.000000,56380.000000,0.000000,0.000000,0.000000
53323.000000,56380.000000,0.000000,0.000000,0.000000
53333.000000,56380.000000,0.000000,0.000000,0.000000
53343.000000,56380.000000,0.000000,0.000000,0.000000
53353.000000,56380.000000,0.000000,0.000000,0.000000
53363.000000,56380.000000,0.000000,0.000000,0.000000
53373.000000,56380.000000,0.000000,0.000000,0.000000
53383.000000,56380.000000,0.000000,0.000000,0.000000
53393.000000,56380.000000,0.000000,0.000000,0.000000
53403.000000,56380.000000,0.000000,0.000000,0.000000
53413.000000,56380.000000,0.000000,0.000000,0.000000
53423.000000,56380.000000,0.000000,0.000000,0.000000
53433.000000,56380.000000,0.000000,0.000000,0.000000
53443.000000,56380.000000,0.000000,0.000000,0.000000
53453.000000,56380.000000,0.000000,0.000000,0.000000
53463.000000,56380.000000,0.000000,0.000000,0.000000
53473.000000,56380.000000,0.000000,0.000000,0.000000
53483.000000,56380.000000,0.000000,0.000000,0.000000
53493.000000,56380.000000,0.000000,0.000000,0.000000
53503.000000,56380.000000,0.000000,0.000000,0.000000
53513.000000,56380.000000,0.000000,0.000000,0.000000
53523.000000,56380.000000,0.000000,0.000000,0.000000
53533.000000,56380.000000,0.000000,0.000000,0.000000
53543.000000,56380.000000,0.000000,0.000000,0.000000
53553.000000,56380.000000,0.000000,0.000000,0.000000
53563.000000,56380.000000,0.000000,0.000000,0.000000
53573.000000,56380.000000,0.000000,0.000000,0.000000
53583.000000,56380.000000,0.000000,0.000000,0.000000
53593.000000,56380.000000,0.000000,0.000000,0.000000
53603.000000,56380.000000,0.000000,0.000000,0.000000
53613.000000,56380.000000,0.000000,0.000000,0.000000
53623.000000,56380.000000,0.000000,0.000000,0.000000
53633.000000,56380.000000,0.000000,0.000000,0.000000
53643.000000,56380.000000,0.000000,0.000000,0.000000
53653.000000,56380.000000,0.000000,0.000000,0.000000
53663.000000,56380.000000,0.000000,0.000000,0.000000
53673.000000,56380.000000,0.000000,0.000000,0.000000
53683.000000,56380.000000,0.000000,0.000000,0.000000
53693.000000,56380.000000,0.000000,0.000000,0.000000
53703.000000,56380.000000,0.000000,0.000000,0.000000
53713.000000,56380.000000,0.000000,0.000000,0.000000
53723.000000,56380.000000,0.000000,0.000000,0.000000
53733.000000,56380.000000,0.000000,0.000000,0.000000
53743.000000,56380.000000,0.000000,0.000000,0.000000
53753.000000,56380.000000,0.000000,0.000000,0.000000
53763.000000,56380.000000,0.000000,0.000000,0.000000
53773.000000,56380.000000,0.000000,0.000000,0.000000
53783.000000,56380.000000,0.000000,0.000000,0.000000
53793.000000,56380.000000,0.000000,0.000000,0.000000
53803.000000,56380.000000,0.000000,0.000000,0.000000
53813.000000,56380.000000,0.000000,0.000000,0.000000
53823.000000,56380.000000,0.000000,0.000000,0.000000
53833.000000,56380.000000,0.000000,0.000000,0.000000
53843.000000,56380.000000,0.000000,0.000000,0.000000
53853.000000,56380.000000,0.000000,0.000000,0.000000
53863.000000,56380.000000,0.000000,0.000000,0.000000
53873.000000,56380.000000,0.000000,0.000000,0.000000
53883.000000,56380.000000,0.000000,0.000000,0.000000
53893.000000,56380.000000,0.000000,0.000000,0.000000
53903.000000,56380.000000,0.000000,0.000000,0.000000
53913.000000,56380.000000,0.000000,0.000000,0.000000
53923.000000,56380.000000,0.000000,0.000000,0.000000
53933.000000,56380.000000,0.000000,0.000000,0.000000
53943.000000,56380.000000,0.000000,0.000000,0.000000
53953.000000,56380.000000,0.000000,0.000000,0.000000
53963.000000,56380.000000,0.000000,0.000000,0.000000
53973.000000,56380.000000,0.000000,0.000000,0.000000
53983.000000,56380.000000,0.000000,0.000000,0.000000
53993.000000,56380.000000,0.000000,0.000000,0.000000
54003.000000,56380.000000,0.000000,0.000000,0.000000
54013.000000,56380.000000,0.000000,0.000000,0.000000
54023.000000,56380.000000,0.000000,0.000000,0.000000
54033.000000,56380.000000,0.000000,0.000000,0.000000
54043.000000,56380.000000,0.000000,0.000000,0.000000
54053.000000,56380.000000,0.000000,0.000000,0.000000
54063.000000,56380.000000,0.000000,0.000000,0.000000
54073.000000,56380.000000,0.000000,0.000000,0.000000
54083.000000,56380.000000,0.000000,0.000000,0.000000
54093.000000,56380.000000,0.000000,0.000000,0.000000
54103.000000,56380.000000,0.000000,0.000000,0.000000
54113.000000,56380.000000,0.000000,0.000000,0.000000
54123.000000,56380.000000,0.000000,0.000000,0.000000
54133.000000,56380.000000,0.000000,0.000000,0.000000
54143.000000,56380.000000,0.000000,0.000000,0.000000
54153.000000,56380.000000,0.000000,0.000000,0.000000
54163.000000,56380.000000,0.000000,0.000000,0.000000
54173.000000,56380.000000,0.000000,0.000000,0.000000
54183.000000,56380.000000,0.000000,0.000000,0.000000
54193.000000,56380.000000,0.000000,0.000000,0.000000
54203.000000,56380.000000,0.000000,0.000000,0.000000
54213.000000,56380.000000,0.000000,0.000000,0.000000
54223.000000,56380.000000,0.000000,0.000000,0.000000
54233.000000,56380.000000,0.000000,0.000000,0.000000
54243.000000,56380.000000,0.000000,0.000000,0.000000
54253.000000,56380.000000,0.000000,0.000000,0.000000
54263.000000,56380.000000,0.000000,0.000000,0.000000
54273.000000,56380.000000,0.000000,0.000000,0.000000
54283.000000,56380.000000,0.000000,0.000000,0.000000
54293.000000,56380.000000,0.000000,0.000000,0.000000
54303.000000,56380.000000,0.000000,0.000000,0.000000
54313.000000,56380.000000,0.000000,0.000000,0.000000
54323.000000,56380.000000,0.000000,0.000000,0.000000
54333.000000,56380.000000,0.000000,0.000000,0.000000
54343.000000,56380.000000,0.000000,0.000000,0.000000
54353.000000,56380.000000,0.000000,0.000000,0.000000
54363.000000,56380.000000,0.000000,0.000000,0.000000
54373.000000,56380.000000,0.000000,0.000000,0.000000
54383.000000,56380.000000,0.000000,0.000000,0.000000
54393.000000,56380.000000,0.000000,0.000000,0.000000
54403.000000,56380.000000,0.000000,0.000000,0.000000
54413.000000,56380.000000,0.000000,0.000000,0.000000
54423.000000,56380.000000,0.000000,0.000000,0.000000
54433.000000,56380.000000,0.000000,0.000000,0.000000
54443.000000,56380.000000,0.000000,0.000000,0.000000
54453.000000,56380.000000,0.000000,0.000000,0.000000
54463.000000,56380.000000,0.000000,0.000000,0.000000
54473.000000,56380.000000,0.000000,0.000000,0.000000
54483.000000,56380.000000,0.000000,0.000000,0.000000
54493.000000,56380.000000,0.000000,0.000000,0.000000
54503.000000,56380.000000,0.000000,0.000000,0.000000
54513.000000,56380.000000,0.000000,0.000000,0.000000
54523.000000,56380.000000,0.000000,0.000000,0.000000
54533.000000,56380.000000,0.000000,0.000000,0.000000
54543.000000,56380.000000,0.000000,0.000000,0.000000
54553.000000,56380.000000,0.000000,0.000000,0.000000
54563.000000,56380.000000,0.000000,0.000000,0.000000
54573.000000,56380.000000,0.000000,0.000000,0.000000
54583.000000,56380.000000,0.000000,0.000000,0.000000
54593.000000,56380.000000,0.000000,0.000000,0.000000
54603.000000,56380.000000,0.000000,0.000000,0.000000
54613.000000,56380.000000,0.000000,0.000000,0.000000
54623.000000,56380.000000,0.000000,0.000000,0.000000
54633.000000,56380.000000,0.000000,0.000000,0.000000
54643.000000,56380.000000,0.000000,0.000000,0.000000
54653.000000,56380.000000,0.000000,0.000000,0.000000
54663.000000,56380.000000,0.000000,0.000000,0.000000
54673.000000,56380.000000,0.000000,0.000000,0.000000
54683.000000,56380.000000,0.000000,0.000000,0.000000
54693.000000,56380.000000,0.000000,0.000000,0.000000
54703.000000,56380.000000,0.000000,0.000000,0.000000
54713.000000,56380.000000,0.000000,0.000000,0.000000
54723.000000,56380.000000,0.000000,0.000000,0.000000
54733.000000,56380.000000,0.000000,0.000000,0.000000
54743.000000,56380.000000,0.000000,0.000000,0.000000
54753.000000,56380.000000,0.000000,0.000000,0.000000
54763.000000,56380.000000,0.000000,0.000000,0.000000
54773.000000,56380.000000,0.000000,0.000000,0.000000
54783.000000,56380.000000,0.000000,0.000000,0.000000
54793.000000,56380.000000,0.000000,0.000000,0.000000
54803.000000,56380.000000,0.000000,0.000000,0.000000
54813.000000,56380.000000,0.000000,0.000000,0.000000
54823.000000,56380.000000,0.000000,0.000000,0.000000
54833.000000,56380.000000,0.000000,0.000000,0.000000
54843.000000,56380.000000,0.000000,0.000000,0.000000
54853.000000,56380.000000,0.000000,0.000000,0.000000
54863.000000,56380.000000,0.000000,0.000000,0.000000
54873.000000,56380.000000,0.000000,0.000000,0.000000
54883.000000,56380.000000,0.000000,0.000000,0.000000
54893.000000,56380.000000,0.000000,0.000000,0.000000
54903.000000,56380.000000,0.000000,0.000000,0.000000
54913.000000,56380.000000,0.000000,0.000000,0.000000
54923.000000,56380.000000,0.000000,0.000000,0.000000
54933.000000,56380.000000,0.000000,0.000000,0.000000
54943.000000,56380.000000,0.000000,0.000000,0.000000
54953.000000,56380.000000,0.000000,0.000000,0.000000
54963.000000,56380.000000,0.000000,0.000000,0.000000
54973.000000,56380.000000,0.000000,0.000000,0.000000
54983.000000,56380.000000,0.000000,0.000000,0.000000
54993.000000,56380.000000,0.000000,0.000000,0.000000
55003.000000,56380.000000,0.000000,0.000000,0.000000
55013.000000,56380.000000,0.000000,0.000000,0.000000
55023.000000,56380.000000,0.000000,0.000000,0.000000
55033.000000,56380.000000,0.000000,0.000000,0.000000
55043.000000,56380.000000,0.000000,0.000000,0.000000
55053.000000,56380.000000,0.000000,0.000000,0.000000
55063.000000,56380.000000,0.000000,0.000000,0.000000
55073.000000,56380.000000,0.000000,0.000000,0.000000
55083.000000,56380.000000,0.000000,0.000000,0.000000
55093.000000,56380.000000,0.000000,0.000000,0.000000
55103.000000,56380.000000,0.000000,0.000000,0.000000
55113.000000,56380.000000,0.000000,0.000000,0.000000
55123.000000,56380.000000,0.000000,0.000000,0.000000
55133.000000,56380.000000,0.000000,0.000000,0.000000
55143.000000,56380.000000,0.000000,0.000000,0.000000
55153.000000,56380.000000,0.000000,0.000000,0.000000
55163.000000,56380.000000,0.000000,0.000000,0.000000
55173.000000,56380.000000,0.000000,0.000000,0.000000
55183.000000,56380.000000,0.000000,0.000000,0.000000
55193.000000,56380.000000,0.000000,0.000000,0.000000
55203.000000,56380.000000,0.000000,0.000000,0.000000
55213.000000,56380.000000,0.000000,0.000000,0.000000
55223.000000,56380.000000,0.000000,0.000000,0.000000
55233.000000,56380.000000,0.000000,0.000000,0.000000
55243.000000,56380.000000,0.000000,0.000000,0.000000
55253.000000,56380.000000,0.000000,0.000000,0.000000
55263.000000,56380.000000,0.000000,0.000000,0.000000
55273.000000,56380.000000,0.000000,0.000000,0.000000
55283.000000,56380.000000,0.000000,0.000000,0.000000
55293.000000,56380.000000,0.000000,0.000000,0.000000
55303.000000,56380.000000,0.000000,0.000000,0.000000
55313.000000,56380.000000,0.000000,0.000000,0.000000
55323.000000,56380.000000,0.000000,0.000000,0.000000
55333.000000,56380.000000,0.000000,0.000000,0.000000
55343.000000,56380.000000,0.000000,0.000000,0.000000
55353.000000,56380.000000,0.000000,0.000000,0.000000
55363.000000,56380.000000,0.000000,0.000000,0.000000
55373.000000,56380.000000,0.000000,0.000000,0.000000
55383.000000,56380.000000,0.000000,0.000000,0.000000
55393.000000,56380.000000,0.000000,0.000000,0.000000
55403.000000,56380.000000,0.000000,0.000000,0.000000
55413.000000,56380.000000,0.000000,0.000000,0.000000
55423.000000,56380.000000,0.000000,0.000000,0.000000
55433.000000,56380.000000,0.000000,0.000000,0.000000
55443.000000,56380.000000,0.000000,0.000000,0.000000
55453.000000,56380.000000,0.000000,0.000000,0.000000
55463.000000,56380.000000,0.000000,0.000000,0.000000
55473.000000,56380.000000,0.000000,0.000000,0.000000
55483.000000,56380.000000,0.000000,0.000000,0.000000
55493.000000,56380.000000,0.000000,0.000000,0.000000
55503.000000,56380.000000,0.000000,0.000000,0.000000
55513.000000,56380.000000,0.000000,0.000000,0.000000
55523.000000,56380.000000,0.000000,0.000000,0.000000
55533.000000,56380.000000,0.000000,0.000000,0.000000
55543.000000,56380.000000,0.000000,0.000000,0.000000
55553.000000,56380.000000,0.000000,0.000000,0.000000
55563.000000,56380.000000,0.000000,0.000000,0.000000
55573.000000,56380.000000,0.000000,0.000000,0.000000
55583.000000,56380.000000,0.000000,0.000000,0.000000
55593.000000,56380.000000,0.000000,0.000000,0.000000
55603.000000,56380.000000,0.000000,0.000000,0.000000
55613.000000,56380.000000,0.000000,0.000000,0.000000
55623.000000,56380.000000,0.000000,0.000000,0.000000
55633.000000,56380.000000,0.000000,0.000000,0.000000
55643.000000,56380.000000,0.000000,0.000000,0.000000
55653.000000,56380.000000,0.000000,0.000000,0.000000
55663.000000,56380.000000,0.000000,0.000000,0.000000
55673.000000,56380.000000,0.000000,0.000000,0.000000
55683.000000,56380.000000,0.000000,0.000000,0.000000
55693.000000,56380.000000,0.000000,0.000000,0.000000
55703.000000,56380.000000,0.000000,0.000000,0.000000
55713.000000,56380.000000,0.000000,0.000000,0.000000
55723.000000,56380.000000,0.000000,0.000000,0.000000
55733.000000,56380.000000,0.000000,0.000000,0.000000
55743.000000,56380.000000,0.000000,0.000000,0.000000
55753.000000,56380.000000,0.000000,0.000000,0.000000
55763.000000,56380.000000,0.000000,0.000000,0.000000
55773.000000,56380.000000,0.000000,0.000000,0.000000
55783.000000,56380.000000,0.000000,0.000000,0.000000
55793.000000,56380.000000,0.000000,0.000000,0.000000
55803.000000,56380.000000,0.000000,0.000000,0.000000
55813.000000,56380.000000,0.000000,0.000000,0.000000
55823.000000,56380.000000,0.000000,0.000000,0.000000
55833.000000,56380.000000,0.000000,0.000000,0.000000
55843.000000,56380.000000,0.000000,0.000000,0.000000
55853.000000,56380.000000,0.000000,80.000000,100.000000
55863.000000,56388.000000,8.000000,80.000000,100.000000
55873.000000,56410.000000,22.000000,80.000000,100.000000
55883.000000,56443.000000,33.000000,80.000000,100.000000
55893.000000,56487.000000,43.000000,80.000000,100.000000
55903.000000,56536.000000,49.000000,80.000000,100.000000
55913.000000,56591.000000,55.000000,80.000000,100.000000
55923.000000,56650.000000,59.000000,80.000000,100.000000
55933.000000,56712.000000,63.000000,80.000000,100.000000
55943.000000,56778.000000,65.000000,80.000000,100.000000
55953.000000,56846.000000,68.000000,80.000000,100.000000
55963.000000,56915.000000,69.000000,80.000000,100.000000
55973.000000,56985.000000,71.000000,80.000000,100.000000
55983.000000,57058.000000,72.000000,80.000000,100.000000
55993.000000,57131.000000,73.000000,80.000000,100.000000
56003.000000,57205.000000,74.000000,80.000000,100.000000
56013.000000,57279.000000,74.000000,80.000000,100.000000
56023.000000,57353.000000,75.000000,80.000000,100.000000
56033.000000,57428.000000,75.000000,80.000000,100.000000
56043.000000,57505.000000,75.000000,80.000000,100.000000
56053.000000,57580.000000,76.000000,80.000000,100.000000
56063.000000,57656.000000,76.000000,80.000000,100.000000
56073.000000,57733.000000,77.000000,80.000000,100.000000
56083.000000,57808.000000,76.000000,80.000000,100.000000
56093.000000,57885.000000,77.000000,80.000000,100.000000
56103.000000,57962.000000,76.000000,80.000000,97.000000
56113.000000,58038.000000,77.000000,80.000000,97.000000
56123.000000,58115.000000,76.000000,80.000000,94.000000
56133.000000,58191.000000,75.000000,80.000000,93.000000
56143.000000,58265.000000,75.000000,80.000000,93.000000
56153.000000,58339.000000,75.000000,80.000000,91.000000
56163.000000,58413.000000,73.000000,80.000000,90.000000
56173.000000,58486.000000,73.000000,80.000000,90.000000
56183.000000,58558.000000,73.000000,80.000000,88.000000
56193.000000,58630.000000,71.000000,80.000000,88.000000
56203.000000,58701.000000,71.000000,80.000000,88.000000
56213.000000,58771.000000,71.000000,80.000000,87.000000
56223.000000,58841.000000,69.000000,80.000000,87.000000
56233.000000,58910.000000,69.000000,80.000000,87.000000
56243.000000,58979.000000,70.000000,80.000000,85.000000
56253.000000,59047.000000,68.000000,80.000000,85.000000
56263.000000,59115.000000,68.000000,80.000000,85.000000
56273.000000,59183.000000,68.000000,80.000000,84.000000
56283.000000,59251.000000,67.000000,80.000000,85.000000
56293.000000,59317.000000,66.000000,80.000000,85.000000
56303.000000,59384.000000,67.000000,80.000000,85.000000
56313.000000,59451.000000,67.000000,80.000000,84.000000
56323.000000,59516.000000,66.000000,80.000000,84.000000
56333.000000,59583.000000,67.000000,80.000000,84.000000
56343.000000,59650.000000,66.000000,80.000000,83.000000
56353.000000,59715.000000,66.000000,80.000000,83.000000
56363.000000,59781.000000,65.000000,80.000000,83.000000
56373.000000,59847.000000,66.000000,80.000000,83.000000
56383.000000,59912.000000,65.000000,80.000000,83.000000
56393.000000,59977.000000,65.000000,80.000000,83.000000
56403.000000,60043.000000,66.000000,80.000000,82.000000
56413.000000,60107.000000,65.000000,80.000000,82.000000
56423.000000,60172.000000,65.000000,80.000000,82.000000
56433.000000,60237.000000,64.000000,80.000000,83.000000
56443.000000,60301.000000,64.000000,80.000000,83.000000
56453.000000,60365.000000,65.000000,80.000000,83.000000
56463.000000,60431.000000,65.000000,80.000000,82.000000
56473.000000,60495.000000,65.000000,80.000000,82.000000
56483.000000,60559.000000,64.000000,80.000000,82.000000
56493.000000,60624.000000,64.000000,80.000000,82.000000
56503.000000,60688.000000,65.000000,80.000000,82.000000
56513.000000,60752.000000,64.000000,80.000000,82.000000
56523.000000,60817.000000,64.000000,80.000000,82.000000
56533.000000,60881.000000,64.000000,80.000000,82.000000
56543.000000,60945.000000,65.000000,80.000000,82.000000
56553.000000,61009.000000,64.000000,80.000000,82.000000
56563.000000,61073.000000,64.000000,80.000000,82.000000
56573.000000,61137.000000,64.000000,80.000000,82.000000
56583.000000,61202.000000,64.000000,80.000000,82.000000
56593.000000,61265.000000,64.000000,80.000000,82.000000
56603.000000,61330.000000,64.000000,80.000000,82.000000
56613.000000,61394.000000,64.000000,80.000000,82.000000
56623.000000,61458.000000,64.000000,80.000000,82.000000
56633.000000,61522.000000,65.000000,80.000000,82.000000
56643.000000,61587.000000,64.000000,80.000000,82.000000
56653.000000,61650.000000,64.000000,80.000000,82.000000
56663.000000,61715.000000,64.000000,80.000000,82.000000
56673.000000,61779.000000,64.000000,80.000000,82.000000
56683.000000,61843.000000,64.000000,80.000000,82.000000
56693.000000,61907.000000,64.000000,80.000000,82.000000
56703.000000,61971.000000,65.000000,80.000000,81.000000
56713.000000,62035.000000,64.000000,80.000000,81.000000
56723.000000,62099.000000,64.000000,80.000000,82.000000
56733.000000,62163.000000,64.000000,80.000000,82.000000
56743.000000,62227.000000,64.000000,80.000000,82.000000
56753.000000,62291.000000,64.000000,80.000000,82.000000
56763.000000,62355.000000,64.000000,80.000000,82.000000
56773.000000,62419.000000,64.000000,80.000000,82.000000
56783.000000,62483.000000,64.000000,80.000000,82.000000
56793.000000,62547.000000,64.000000,80.000000,82.000000
56803.000000,62612.000000,64.000000,80.000000,82.000000
56813.000000,62675.000000,64.000000,80.000000,82.000000
56823.000000,62739.000000,64.000000,80.000000,82.000000
56833.000000,62803.000000,64.000000,80.000000,82.000000
56843.000000,62868.000000,64.000000,80.000000,82.000000
56853.000000,62932.000000,65.000000,80.000000,81.000000
56863.000000,62996.000000,63.000000,80.000000,81.000000
56873.000000,63060.000000,64.000000,80.000000,83.000000
56883.000000,63125.000000,65.000000,80.000000,81.000000
56893.000000,63189.000000,64.000000,80.000000,81.000000
56903.000000,63252.000000,64.000000,80.000000,82.000000
56913.000000,63317.000000,64.000000,80.000000,82.000000
56923.000000,63381.000000,65.000000,80.000000,82.000000
56933.000000,63445.000000,64.000000,80.000000,81.000000
56943.000000,63509.000000,63.000000,80.000000,83.000000
56953.000000,63573.000000,64.000000,80.000000,83.000000
56963.000000,63637.000000,65.000000,80.000000,82.000000
56973.000000,63702.000000,64.000000,80.000000,82.000000
56983.000000,63766.000000,64.000000,80.000000,82.000000
56993.000000,63830.000000,65.000000,80.000000,82.000000
57003.000000,63895.000000,64.000000,80.000000,82.000000
57013.000000,63959.000000,64.000000,80.000000,82.000000
57023.000000,64023.000000,65.000000,80.000000,82.000000
57033.000000,64087.000000,64.000000,80.000000,82.000000
57043.000000,64151.000000,64.000000,80.000000,82.000000
57053.000000,64216.000000,64.000000,80.000000,82.000000
57063.000000,64281.000000,65.000000,80.000000,81.000000
57073.000000,64344.000000,64.000000,80.000000,81.000000
57083.000000,64408.000000,64.000000,80.000000,82.000000
57093.000000,64473.000000,64.000000,80.000000,82.000000
57103.000000,64537.000000,65.000000,80.000000,82.000000
57113.000000,64601.000000,63.000000,80.000000,81.000000
57123.000000,64665.000000,64.000000,80.000000,82.000000
57133.000000,64729.000000,65.000000,80.000000,82.000000
57143.000000,64793.000000,64.000000,80.000000,81.000000
57153.000000,64857.000000,64.000000,80.000000,82.000000
57163.000000,64921.000000,63.000000,80.000000,82.000000
57173.000000,64985.000000,65.000000,80.000000,83.000000
57183.000000,65050.000000,64.000000,80.000000,82.000000
57193.000000,65114.000000,64.000000,80.000000,82.000000
57203.000000,65179.000000,65.000000,80.000000,82.000000
57213.000000,65243.000000,65.000000,80.000000,81.000000
57223.000000,65307.000000,64.000000,80.000000,81.000000
57233.000000,65372.000000,64.000000,80.000000,82.000000
57243.000000,65436.000000,64.000000,80.000000,82.000000
57253.000000,65499.000000,64.000000,80.000000,82.000000
57263.000000,29.000000,65.000000,80.000000,82.000000
57273.000000,93.000000,65.000000,80.000000,81.000000
57283.000000,157.000000,63.000000,80.000000,81.000000
57293.000000,221.000000,64.000000,80.000000,83.000000
57303.000000,286.000000,65.000000,80.000000,81.000000
57313.000000,350.000000,64.000000,80.000000,81.000000
57323.000000,414.000000,65.000000,80.000000,82.000000
57333.000000,479.000000,64.000000,80.000000,82.000000
57343.000000,543.000000,65.000000,80.000000,82.000000
57353.000000,607.000000,64.000000,80.000000,81.000000
57363.000000,672.000000,64.000000,80.000000,82.000000
57373.000000,735.000000,64.000000,80.000000,82.000000
57383.000000,799.000000,64.000000,70.000000,74.000000
57393.000000,863.000000,64.000000,70.000000,73.000000
57403.000000,925.000000,62.000000,70.000000,73.000000
57413.000000,986.000000,60.000000,70.000000,73.000000
57423.000000,1046.000000,60.000000,70.000000,74.000000
57433.000000,1106.000000,60.000000,70.000000,73.000000
57443.000000,1165.000000,60.000000,70.000000,73.000000
57453.000000,1224.000000,58.000000,70.000000,72.000000
57463.000000,1283.000000,59.000000,70.000000,72.000000
57473.000000,1341.000000,59.000000,70.000000,72.000000
57483.000000,1399.000000,57.000000,70.000000,72.000000
57493.000000,1456.000000,58.000000,70.000000,72.000000
57503.000000,1513.000000,57.000000,70.000000,72.000000
57513.000000,1571.000000,58.000000,70.000000,72.000000
57523.000000,1628.000000,56.000000,70.000000,73.000000
57533.000000,1685.000000,58.000000,70.000000,73.000000
57543.000000,1742.000000,57.000000,70.000000,71.000000
57553.000000,1800.000000,57.000000,70.000000,72.000000
57563.000000,1857.000000,57.000000,70.000000,72.000000
57573.000000,1913.000000,57.000000,70.000000,72.000000
57583.000000,1970.000000,57.000000,70.000000,71.000000
57593.000000,2027.000000,57.000000,70.000000,71.000000
57603.000000,2083.000000,56.000000,70.000000,71.000000
57613.000000,2140.000000,56.000000,70.000000,72.000000
57623.000000,2196.000000,56.000000,70.000000,72.000000
57633.000000,2252.000000,57.000000,70.000000,72.000000
57643.000000,2310.000000,57.000000,70.000000,71.000000
57653.000000,2366.000000,56.000000,70.000000,71.000000
57663.000000,2422.000000,57.000000,70.000000,71.000000
57673.000000,2479.000000,56.000000,70.000000,71.000000
57683.000000,2535.000000,57.000000,70.000000,71.000000
57693.000000,2591.000000,56.000000,70.000000,71.000000
57703.000000,2648.000000,56.000000,70.000000,71.000000
57713.000000,2703.000000,56.000000,70.000000,71.000000
57723.000000,2759.000000,56.000000,70.000000,71.000000
57733.000000,2816.000000,56.000000,70.000000,71.000000
57743.000000,2871.000000,56.000000,70.000000,71.000000
57753.000000,2927.000000,56.000000,70.000000,71.000000
57763.000000,2984.000000,56.000000,70.000000,71.000000
57773.000000,3040.000000,56.000000,70.000000,71.000000
57783.000000,3096.000000,57.000000,70.000000,71.000000
57793.000000,3153.000000,56.000000,70.000000,71.000000
57803.000000,3209.000000,56.000000,70.000000,71.000000
57813.000000,3265.000000,56.000000,70.000000,71.000000
57823.000000,3321.000000,56.000000,70.000000,71.000000
57833.000000,3376.000000,56.000000,70.000000,71.000000
57843.000000,3432.000000,56.000000,70.000000,71.000000
57853.000000,3489.000000,56.000000,70.000000,71.000000
57863.000000,3544.000000,56.000000,70.000000,71.000000
57873.000000,3600.000000,56.000000,70.000000,71.000000
57883.000000,3657.000000,56.000000,70.000000,71.000000
57893.000000,3713.000000,56.000000,70.000000,71.000000
57903.000000,3769.000000,57.000000,70.000000,71.000000
57913.000000,3825.000000,56.000000,70.000000,71.000000
57923.000000,3881.000000,56.000000,70.000000,71.000000
57933.000000,3937.000000,56.000000,70.000000,71.000000
57943.000000,3993.000000,56.000000,70.000000,71.000000
57953.000000,4049.000000,56.000000,70.000000,71.000000
57963.000000,4105.000000,56.000000,70.000000,71.000000
57973.000000,4162.000000,56.000000,70.000000,71.000000
57983.000000,4217.000000,56.000000,70.000000,71.000000
57993.000000,4273.000000,56.000000,70.000000,71.000000
58003.000000,4330.000000,56.000000,70.000000,71.000000
58013.000000,4385.000000,56.000000,70.000000,71.000000
58023.000000,4442.000000,56.000000,70.000000,71.000000
58033.000000,4498.000000,56.000000,70.000000,71.000000
58043.000000,4554.000000,56.000000,70.000000,71.000000
58053.000000,4609.000000,56.000000,50.000000,57.000000
58063.000000,4663.000000,54.000000,50.000000,54.000000
58073.000000,4715.000000,51.000000,50.000000,56.000000
58083.000000,4764.000000,50.000000,50.000000,56.000000
58093.000000,4812.000000,48.000000,50.000000,54.000000
58103.000000,4859.000000,47.000000,50.000000,55.000000
58113.000000,4905.000000,45.000000,50.000000,55.000000
58123.000000,4951.000000,46.000000,50.000000,55.000000
58133.000000,4995.000000,45.000000,50.000000,54.000000
58143.000000,5040.000000,45.000000,50.000000,54.000000
58153.000000,5084.000000,44.000000,50.000000,53.000000
58163.000000,5128.000000,43.000000,50.000000,54.000000
58173.000000,5171.000000,44.000000,50.000000,54.000000
58183.000000,5214.000000,43.000000,50.000000,52.000000
58193.000000,5257.000000,42.000000,50.000000,53.000000
58203.000000,5299.000000,43.000000,50.000000,53.000000
58213.000000,5341.000000,42.000000,50.000000,52.000000
58223.000000,5383.000000,42.000000,50.000000,52.000000
58233.000000,5425.000000,42.000000,50.000000,52.000000
58243.000000,5467.000000,42.000000,50.000000,51.000000
58253.000000,5508.000000,41.000000,50.000000,52.000000
58263.000000,5549.000000,41.000000,50.000000,52.000000
58273.000000,5591.000000,41.000000,50.000000,51.000000
58283.000000,5631.000000,41.000000,50.000000,51.000000
58293.000000,5672.000000,41.000000,50.000000,51.000000
58303.000000,5713.000000,41.000000,50.000000,51.000000
58313.000000,5754.000000,40.000000,50.000000,52.000000
58323.000000,5794.000000,41.000000,50.000000,52.000000
58333.000000,5835.000000,41.000000,50.000000,51.000000
58343.000000,5876.000000,40.000000,50.000000,51.000000
58353.000000,5917.000000,41.000000,50.000000,51.000000
58363.000000,5957.000000,41.000000,50.000000,51.000000
58373.000000,5997.000000,40.000000,50.000000,51.000000
58383.000000,6038.000000,40.000000,50.000000,51.000000
58393.000000,6078.000000,41.000000,50.000000,51.000000
58403.000000,6119.000000,40.000000,50.000000,51.000000
58413.000000,6159.000000,41.000000,50.000000,51.000000
58423.000000,6199.000000,40.000000,50.000000,50.000000
58433.000000,6240.000000,40.000000,50.000000,51.000000
58443.000000,6280.000000,40.000000,50.000000,51.000000
58453.000000,6319.000000,40.000000,50.000000,51.000000
58463.000000,6360.000000,40.000000,50.000000,51.000000
58473.000000,6400.000000,41.000000,50.000000,51.000000
58483.000000,6441.000000,40.000000,50.000000,50.000000
58493.000000,6481.000000,41.000000,50.000000,50.000000
58503.000000,6520.000000,39.000000,50.000000,50.000000
58513.000000,6560.000000,40.000000,50.000000,52.000000
58523.000000,6601.000000,40.000000,50.000000,51.000000
58533.000000,6641.000000,41.000000,50.000000,51.000000
58543.000000,6681.000000,40.000000,50.000000,50.000000
58553.000000,6721.000000,40.000000,50.000000,51.000000
58563.000000,6761.000000,40.000000,50.000000,51.000000
58573.000000,6801.000000,40.000000,50.000000,51.000000
58583.000000,6842.000000,40.000000,50.000000,51.000000
58593.000000,6882.000000,41.000000,50.000000,51.000000
58603.000000,6922.000000,40.000000,50.000000,50.000000
58613.000000,6963.000000,40.000000,50.000000,51.000000
58623.000000,7002.000000,40.000000,50.000000,51.000000
58633.000000,7042.000000,40.000000,50.000000,51.000000
58643.000000,7083.000000,40.000000,50.000000,51.000000
58653.000000,7123.000000,41.000000,50.000000,51.000000
58663.000000,7163.000000,40.000000,50.000000,50.000000
58673.000000,7203.000000,40.000000,50.000000,50.000000
58683.000000,7243.000000,40.000000,50.000000,50.000000
58693.000000,7283.000000,40.000000,50.000000,50.000000
58703.000000,7323.000000,39.000000,50.000000,52.000000
58713.000000,7362.000000,40.000000,50.000000,52.000000
58723.000000,7403.000000,40.000000,50.000000,51.000000
58733.000000,7443.000000,41.000000,50.000000,50.000000
58743.000000,7483.000000,40.000000,50.000000,50.000000
58753.000000,7523.000000,40.000000,50.000000,51.000000
58763.000000,7563.000000,40.000000,50.000000,51.000000
58773.000000,7603.000000,40.000000,50.000000,51.000000
58783.000000,7643.000000,40.000000,50.000000,51.000000
58793.000000,7684.000000,41.000000,50.000000,50.000000
58803.000000,7724.000000,39.000000,50.000000,50.000000
58813.000000,7763.000000,40.000000,50.000000,52.000000
58823.000000,7804.000000,41.000000,50.000000,50.000000
58833.000000,7844.000000,40.000000,50.000000,50.000000
58843.000000,7885.000000,41.000000,50.000000,51.000000
58853.000000,7925.000000,39.000000,50.000000,52.000000
58863.000000,7965.000000,40.000000,50.000000,52.000000
58873.000000,8005.000000,41.000000,50.000000,51.000000
58883.000000,8046.000000,40.000000,50.000000,51.000000
58893.000000,8086.000000,41.000000,50.000000,51.000000
58903.000000,8127.000000,41.000000,50.000000,50.000000
58913.000000,8167.000000,40.000000,50.000000,51.000000
58923.000000,8207.000000,40.000000,50.000000,51.000000
58933.000000,8247.000000,40.000000,50.000000,51.000000
58943.000000,8287.000000,40.000000,50.000000,51.000000
58953.000000,8327.000000,40.000000,50.000000,51.000000
58963.000000,8368.000000,41.000000,50.000000,51.000000
58973.000000,8409.000000,40.000000,50.000000,51.000000
58983.000000,8449.000000,40.000000,50.000000,51.000000
58993.000000,8489.000000,40.000000,50.000000,51.000000
59003.000000,8530.000000,41.000000,50.000000,50.000000
59013.000000,8570.000000,40.000000,50.000000,50.000000
59023.000000,8610.000000,40.000000,50.000000,51.000000
59033.000000,8650.000000,41.000000,0.000000,0.000000
59043.000000,8684.000000,34.000000,0.000000,0.000000
59053.000000,8707.000000,23.000000,0.000000,0.000000
59063.000000,8722.000000,15.000000,0.000000,0.000000
59073.000000,8731.000000,9.000000,0.000000,0.000000
59083.000000,8736.000000,5.000000,0.000000,0.000000
59093.000000,8739.000000,3.000000,0.000000,0.000000
59103.000000,8741.000000,2.000000,0.000000,0.000000
59113.000000,8742.000000,1.000000,0.000000,0.000000
59123.000000,8742.000000,0.000000,0.000000,0.000000
59133.000000,8742.000000,0.000000,0.000000,0.000000
59143.000000,8742.000000,0.000000,0.000000,0.000000
59153.000000,8742.000000,0.000000,0.000000,0.000000
59163.000000,8742.000000,0.000000,0.000000,0.000000
59173.000000,8742.000000,0.000000,0.000000,0.000000
59183.000000,8742.000000,0.000000,0.000000,0.000000
59193.000000,8742.000000,0.000000,0.000000,0.000000
59203.000000,8742.000000,0.000000,0.000000,0.000000
59213.000000,8742.000000,0.000000,0.000000,0.000000
59223.000000,8742.000000,0.000000,0.000000,0.000000
59233.000000,8742.000000,0.000000,0.000000,0.000000
59243.000000,8742.000000,0.000000,0.000000,0.000000
59253.000000,8742.000000,0.000000,0.000000,0.000000
59263.000000,8742.000000,0.000000,0.000000,0.000000
59273.000000,8742.000000,0.000000,0.000000,0.000000
59283.000000,8742.000000,0.000000,0.000000,0.000000
59293.000000,8742.000000,0.000000,0.000000,0.000000
59303.000000,8742.000000,0.000000,0.000000,0.000000
59313.000000,8742.000000,0.000000,0.000000,0.000000
59323.000000,8742.000000,0.000000,0.000000,0.000000
59333.000000,8742.000000,0.000000,0.000000,0.000000
59343.000000,8742.000000,0.000000,0.000000,0.000000
59353.000000,8742.000000,0.000000,0.000000,0.000000
59363.000000,8742.000000,0.000000,0.000000,0.000000
59373.000000,8742.000000,0.000000,0.000000,0.000000
59383.000000,8742.000000,0.000000,0.000000,0.000000
59393.000000,8742.000000,0.000000,0.000000,0.000000
59403.000000,8742.000000,0.000000,0.000000,0.000000
59413.000000,8742.000000,0.000000,0.000000,0.000000
59423.000000,8742.000000,0.000000,0.000000,0.000000
59433.000000,8742.000000,0.000000,0.000000,0.000000
59443.000000,8742.000000,0.000000,0.000000,0.000000
59453.000000,8742.000000,0.000000,0.000000,0.000000
59463.000000,8742.000000,0.000000,0.000000,0.000000
59473.000000,8742.000000,0.000000,0.000000,0.000000
59483.000000,8742.000000,0.000000,0.000000,0.000000
59493.000000,8742.000000,0.000000,0.000000,0.000000
59503.000000,8742.000000,0.000000,0.000000,0.000000
59513.000000,8742.000000,0.000000,0.000000,0.000000
59523.000000,8742.000000,0.000000,0.000000,0.000000
59533.000000,8742.000000,0.000000,0.000000,0.000000
59543.000000,8742.000000,0.000000,0.000000,0.000000
59553.000000,8742.000000,0.000000,0.000000,0.000000
59563.000000,8742.000000,0.000000,0.000000,0.000000
59573.000000,8742.000000,0.000000,0.000000,0.000000
59583.000000,8742.000000,0.000000,0.000000,0.000000
59593.000000,8742.000000,0.000000,0.000000,0.000000
59603.000000,8742.000000,0.000000,0.000000,0.000000
59613.000000,8742.000000,0.000000,0.000000,0.000000
59623.000000,8742.000000,0.000000,0.000000,0.000000
59633.000000,8742.000000,0.000000,0.000000,0.000000
59643.000000,8742.000000,0.000000,0.000000,0.000000
59653.000000,8742.000000,0.000000,0.000000,0.000000
59663.000000,8742.000000,0.000000,0.000000,0.000000
59673.000000,8742.000000,0.000000,0.000000,0.000000
59683.000000,8742.000000,0.000000,0.000000,0.000000
59693.000000,8742.000000,0.000000,0.000000,0.000000
59703.000000,8742.000000,0.000000,0.000000,0.000000
59713.000000,8742.000000,0.000000,0.000000,0.000000
59723.000000,8742.000000,0.000000,0.000000,0.000000
59733.000000,8742.000000,0.000000,0.000000,0.000000
59743.000000,8742.000000,0.000000,0.000000,0.000000
59753.000000,8742.000000,0.000000,0.000000,0.000000
59763.000000,8742.000000,0.000000,-50.000000,14.000000
59773.000000,8743.000000,1.000000,-50.000000,10.000000
59783.000000,8747.000000,4.000000,-50.000000,10.000000
59793.000000,8751.000000,4.000000,-50.000000,10.000000
59803.000000,8751.000000,0.000000,-50.000000,10.000000
59813.000000,8748.000000,-3.000000,-50.000000,10.000000
59823.000000,8743.000000,-5.000000,-50.000000,15.000000
59833.000000,8737.000000,-6.000000,-50.000000,21.000000
59843.000000,8729.000000,-8.000000,-50.000000,21.000000
59853.000000,8718.000000,-11.000000,-50.000000,26.000000
59863.000000,8704.000000,-14.000000,-50.000000,28.000000
59873.000000,8688.000000,-16.000000,-50.000000,28.000000
59883.000000,8671.000000,-16.000000,-50.000000,32.000000
59893.000000,8651.000000,-21.000000,-50.000000,33.000000
59903.000000,8631.000000,-20.000000,-50.000000,33.000000
59913.000000,8608.000000,-22.000000,-50.000000,38.000000
59923.000000,8584.000000,-25.000000,-50.000000,39.000000
59933.000000,8558.000000,-26.000000,-50.000000,39.000000
59943.000000,8531.000000,-27.000000,-50.000000,42.000000
59953.000000,8503.000000,-28.000000,-50.000000,43.000000
59963.000000,8473.000000,-30.000000,-50.000000,43.000000
59973.000000,8442.000000,-30.000000,-50.000000,44.000000
59983.000000,8411.000000,-32.000000,-50.000000,45.000000
59993.000000,8378.000000,-32.000000,-50.000000,45.000000
60003.000000,8345.000000,-34.000000,-50.000000,47.000000
60013.000000,8311.000000,-33.000000,-50.000000,48.000000
60023.000000,8276.000000,-35.000000,-50.000000,48.000000
60033.000000,8241.000000,-36.000000,-50.000000,48.000000
60043.000000,8205.000000,-35.000000,-50.000000,50.000000
60053.000000,8169.000000,-37.000000,-50.000000,50.000000
60063.000000,8132.000000,-37.000000,-50.000000,49.000000
60073.000000,8095.000000,-37.000000,-50.000000,50.000000
60083.000000,8057.000000,-38.000000,-50.000000,50.000000
60093.000000,8019.000000,-38.000000,-50.000000,50.000000
60103.000000,7981.000000,-38.000000,-50.000000,50.000000
60113.000000,7943.000000,-38.000000,-50.000000,50.000000
60123.000000,7904.000000,-39.000000,-50.000000,51.000000
60133.000000,7865.000000,-38.000000,-50.000000,51.000000
60143.000000,7827.000000,-39.000000,-50.000000,51.000000
60153.000000,7788.000000,-39.000000,-50.000000,51.000000
60163.000000,7748.000000,-40.000000,-50.000000,50.000000
60173.000000,7709.000000,-39.000000,-50.000000,50.000000
60183.000000,7670.000000,-39.000000,-50.000000,52.000000
60193.000000,7630.000000,-39.000000,-50.000000,52.000000
60203.000000,7591.000000,-40.000000,-50.000000,52.000000
60213.000000,7551.000000,-40.000000,-50.000000,51.000000
60223.000000,7511.000000,-40.000000,-50.000000,51.000000
60233.000000,7471.000000,-40.000000,-50.000000,51.000000
60243.000000,7431.000000,-40.000000,-50.000000,51.000000
60253.000000,7391.000000,-40.000000,-50.000000,51.000000
60263.000000,7351.000000,-40.000000,-50.000000,51.000000
60273.000000,7312.000000,-39.000000,-50.000000,51.000000
60283.000000,7272.000000,-40.000000,-50.000000,51.000000
60293.000000,7232.000000,-40.000000,-50.000000,51.000000
60303.000000,7192.000000,-40.000000,-50.000000,51.000000
60313.000000,7153.000000,-39.000000,-50.000000,53.000000
60323.000000,7113.000000,-40.000000,-50.000000,53.000000
60333.000000,7072.000000,-41.000000,-50.000000,52.000000
60343.000000,7031.000000,-40.000000,-50.000000,52.000000
60353.000000,6991.000000,-41.000000,-50.000000,52.000000
60363.000000,6951.000000,-39.000000,-50.000000,51.000000
60373.000000,6911.000000,-41.000000,-50.000000,51.000000
60383.000000,6871.000000,-40.000000,-50.000000,51.000000
60393.000000,6831.000000,-40.000000,-50.000000,51.000000
60403.000000,6790.000000,-40.000000,-50.000000,51.000000
60413.000000,6751.000000,-40.000000,-50.000000,51.000000
60423.000000,6711.000000,-40.000000,-50.000000,51.000000
60433.000000,6671.000000,-40.000000,-50.000000,51.000000
60443.000000,6631.000000,-40.000000,-50.000000,51.000000
60453.000000,6591.000000,-39.000000,-50.000000,51.000000
60463.000000,6551.000000,-40.000000,-50.000000,51.000000
60473.000000,6511.000000,-41.000000,-50.000000,51.000000
60483.000000,6471.000000,-39.000000,-50.000000,51.000000
60493.000000,6432.000000,-40.000000,-50.000000,51.000000
60503.000000,6392.000000,-40.000000,-50.000000,51.000000
60513.000000,6352.000000,-40.000000,-50.000000,51.000000
60523.000000,6311.000000,-40.000000,-70.000000,66.000000
60533.000000,6271.000000,-41.000000,-70.000000,68.000000
60543.000000,6228.000000,-43.000000,-70.000000,68.000000
60553.000000,6181.000000,-47.000000,-70.000000,69.000000
60563.000000,6133.000000,-47.000000,-70.000000,69.000000
60573.000000,6084.000000,-50.000000,-70.000000,69.000000
60583.000000,6034.000000,-50.000000,-70.000000,68.000000
60593.000000,5983.000000,-51.000000,-70.000000,69.000000
60603.000000,5931.000000,-51.000000,-70.000000,69.000000
60613.000000,5879.000000,-53.000000,-70.000000,70.000000
60623.000000,5827.000000,-52.000000,-70.000000,70.000000
60633.000000,5774.000000,-53.000000,-70.000000,70.000000
60643.000000,5720.000000,-54.000000,-70.000000,70.000000
60653.000000,5666.000000,-53.000000,-70.000000,71.000000
60663.000000,5613.000000,-54.000000,-70.000000,71.000000
60673.000000,5558.000000,-54.000000,-70.000000,71.000000
60683.000000,5504.000000,-55.000000,-70.000000,71.000000
60693.000000,5449.000000,-55.000000,-70.000000,71.000000
60703.000000,5394.000000,-54.000000,-70.000000,71.000000
60713.000000,5339.000000,-55.000000,-70.000000,72.000000
60723.000000,5284.000000,-55.000000,-70.000000,72.000000
60733.000000,5229.000000,-56.000000,-70.000000,72.000000
60743.000000,5173.000000,-56.000000,-70.000000,71.000000
60753.000000,5117.000000,-55.000000,-70.000000,71.000000
60763.000000,5062.000000,-56.000000,-70.000000,72.000000
60773.000000,5006.000000,-55.000000,-70.000000,73.000000
60783.000000,4950.000000,-56.000000,-70.000000,73.000000
60793.000000,4894.000000,-57.000000,-70.000000,72.000000
60803.000000,4837.000000,-56.000000,-70.000000,72.000000
60813.000000,4781.000000,-56.000000,-70.000000,72.000000
60823.000000,4725.000000,-56.000000,-70.000000,72.000000
60833.000000,4669.000000,-57.000000,-70.000000,71.000000
60843.000000,4613.000000,-56.000000,-70.000000,71.000000
60853.000000,4557.000000,-56.000000,-70.000000,72.000000
60863.000000,4501.000000,-56.000000,-70.000000,72.000000
60873.000000,4445.000000,-56.000000,-70.000000,72.000000
60883.000000,4389.000000,-56.000000,-70.000000,72.000000
60893.000000,4332.000000,-57.000000,-70.000000,71.000000
60903.000000,4276.000000,-56.000000,-70.000000,71.000000
60913.000000,4220.000000,-56.000000,-70.000000,72.000000
60923.000000,4164.000000,-56.000000,-70.000000,72.000000
60933.000000,4108.000000,-56.000000,-70.000000,72.000000
60943.000000,4052.000000,-56.000000,-70.000000,72.000000
60953.000000,3996.000000,-56.000000,-70.000000,72.000000
60963.000000,3940.000000,-56.000000,-70.000000,72.000000
60973.000000,3883.000000,-56.000000,-70.000000,72.000000
60983.000000,3827.000000,-57.000000,-70.000000,71.000000
60993.000000,3771.000000,-56.000000,-70.000000,71.000000
61003.000000,3715.000000,-56.000000,-70.000000,71.000000
61013.000000,3659.000000,-56.000000,-70.000000,71.000000
61023.000000,3603.000000,-56.000000,-70.000000,71.000000
61033.000000,3547.000000,-56.000000,-70.000000,71.000000
61043.000000,3491.000000,-56.000000,-70.000000,71.000000
61053.000000,3436.000000,-55.000000,-70.000000,71.000000
61063.000000,3380.000000,-56.000000,-70.000000,73.000000
61073.000000,3324.000000,-56.000000,-70.000000,72.000000
61083.000000,3268.000000,-56.000000,-70.000000,72.000000
61093.000000,3212.000000,-56.000000,-70.000000,72.000000
61103.000000,3155.000000,-56.000000,-70.000000,72.000000
61113.000000,3099.000000,-57.000000,-70.000000,72.000000
61123.000000,3043.000000,-56.000000,-70.000000,71.000000
61133.000000,2986.000000,-56.000000,-70.000000,72.000000
61143.000000,2930.000000,-56.000000,-70.000000,72.000000
61153.000000,2874.000000,-57.000000,-70.000000,72.000000
61163.000000,2817.000000,-56.000000,-70.000000,72.000000
61173.000000,2761.000000,-57.000000,-70.000000,72.000000
61183.000000,2704.000000,-56.000000,-70.000000,71.000000
61193.000000,2648.000000,-57.000000,-70.000000,71.000000
61203.000000,2592.000000,-56.000000,-70.000000,71.000000
61213.000000,2536.000000,-56.000000,-70.000000,71.000000
61223.000000,2480.000000,-56.000000,-70.000000,71.000000
61233.000000,2424.000000,-56.000000,-70.000000,71.000000
61243.000000,2367.000000,-56.000000,-70.000000,71.000000
61253.000000,2311.000000,-56.000000,-70.000000,71.000000
61263.000000,2255.000000,-56.000000,-70.000000,71.000000
61273.000000,2199.000000,-56.000000,-70.000000,71.000000
61283.000000,2143.000000,-56.000000,-70.000000,71.000000
61293.000000,2088.000000,-56.000000,-70.000000,71.000000
61303.000000,2032.000000,-56.000000,-70.000000,71.000000
61313.000000,1976.000000,-56.000000,-70.000000,71.000000
61323.000000,1920.000000,-56.000000,-70.000000,71.000000
61333.000000,1864.000000,-55.000000,-70.000000,71.000000
61343.000000,1808.000000,-56.000000,-70.000000,71.000000
61353.000000,1752.000000,-56.000000,-70.000000,71.000000
61363.000000,1696.000000,-56.000000,-70.000000,71.000000
61373.000000,1640.000000,-56.000000,-70.000000,71.000000
61383.000000,1584.000000,-56.000000,-70.000000,71.000000
61393.000000,1528.000000,-57.000000,-70.000000,71.000000
61403.000000,1471.000000,-56.000000,-70.000000,71.000000
61413.000000,1416.000000,-56.000000,-70.000000,71.000000
61423.000000,1360.000000,-56.000000,-70.000000,71.000000
61433.000000,1304.000000,-56.000000,-70.000000,71.000000
61443.000000,1248.000000,-56.000000,-70.000000,71.000000
61453.000000,1192.000000,-55.000000,-70.000000,71.000000
61463.000000,1136.000000,-56.000000,-70.000000,71.000000
61473.000000,1081.000000,-56.000000,-70.000000,71.000000
61483.000000,1024.000000,-56.000000,-70.000000,71.000000
61493.000000,968.000000,-56.000000,-70.000000,71.000000
61503.000000,912.000000,-56.000000,-70.000000,71.000000
61513.000000,856.000000,-56.000000,-70.000000,71.000000
61523.000000,799.000000,-57.000000,-70.000000,70.000000
61533.000000,744.000000,-56.000000,-70.000000,70.000000
61543.000000,688.000000,-56.000000,-70.000000,71.000000
61553.000000,632.000000,-56.000000,-70.000000,71.000000
61563.000000,576.000000,-56.000000,-70.000000,71.000000
61573.000000,520.000000,-55.000000,-70.000000,71.000000
61583.000000,464.000000,-56.000000,-70.000000,71.000000
61593.000000,409.000000,-56.000000,-70.000000,71.000000
61603.000000,352.000000,-56.000000,-70.000000,71.000000
61613.000000,296.000000,-56.000000,-70.000000,71.000000
61623.000000,241.000000,-56.000000,-70.000000,71.000000
61633.000000,184.000000,-56.000000,-70.000000,71.000000
61643.000000,127.000000,-57.000000,-70.000000,70.000000
61653.000000,72.000000,-56.000000,-70.000000,70.000000
61663.000000,16.000000,-56.000000,-70.000000,71.000000
61673.000000,65495.000000,-56.000000,-70.000000,71.000000
61683.000000,65440.000000,-56.000000,-70.000000,71.000000
61693.000000,65384.000000,-56.000000,-70.000000,71.000000
61703.000000,65328.000000,-56.000000,-70.000000,71.000000
61713.000000,65272.000000,-56.000000,-70.000000,71.000000
61723.000000,65216.000000,-56.000000,-70.000000,71.000000
61733.000000,65160.000000,-56.000000,-70.000000,71.000000
61743.000000,65104.000000,-56.000000,-70.000000,71.000000
61753.000000,65048.000000,-56.000000,-70.000000,71.000000
61763.000000,64991.000000,-56.000000,-80.000000,78.000000
61773.000000,64935.000000,-57.000000,-80.000000,79.000000
61783.000000,64877.000000,-58.000000,-80.000000,79.000000
61793.000000,64818.000000,-58.000000,-80.000000,80.000000
61803.000000,64758.000000,-60.000000,-80.000000,79.000000
61813.000000,64698.000000,-61.000000,-80.000000,79.000000
61823.000000,64637.000000,-61.000000,-80.000000,79.000000
61833.000000,64575.000000,-60.000000,-80.000000,80.000000
61843.000000,64515.000000,-62.000000,-80.000000,80.000000
61853.000000,64452.000000,-62.000000,-80.000000,80.000000
61863.000000,64391.000000,-62.000000,-80.000000,80.000000
61873.000000,64329.000000,-62.000000,-80.000000,80.000000
61883.000000,64266.000000,-63.000000,-80.000000,81.000000
61893.000000,64203.000000,-63.000000,-80.000000,81.000000
61903.000000,64140.000000,-63.000000,-80.000000,81.000000
61913.000000,64077.000000,-63.000000,-80.000000,81.000000
61923.000000,64013.000000,-63.000000,-80.000000,82.000000
61933.000000,63951.000000,-63.000000,-80.000000,82.000000
61943.000000,63887.000000,-64.000000,-80.000000,82.000000
61953.000000,63822.000000,-64.000000,-80.000000,81.000000
61963.000000,63759.000000,-64.000000,-80.000000,81.000000
61973.000000,63695.000000,-64.000000,-80.000000,81.000000
61983.000000,63631.000000,-64.000000,-80.000000,81.000000
61993.000000,63567.000000,-64.000000,-80.000000,81.000000
62003.000000,63503.000000,-64.000000,-80.000000,81.000000
62013.000000,63439.000000,-63.000000,-80.000000,82.000000
62023.000000,63375.000000,-65.000000,-80.000000,82.000000
62033.000000,63311.000000,-64.000000,-80.000000,81.000000
62043.000000,63247.000000,-64.000000,-80.000000,81.000000
62053.000000,63183.000000,-64.000000,-80.000000,81.000000
62063.000000,63119.000000,-64.000000,-80.000000,81.000000
62073.000000,63055.000000,-64.000000,-80.000000,81.000000
62083.000000,62991.000000,-64.000000,-80.000000,81.000000
62093.000000,62927.000000,-64.000000,-80.000000,81.000000
62103.000000,62862.000000,-64.000000,-80.000000,81.000000
62113.000000,62799.000000,-64.000000,-80.000000,81.000000
62123.000000,62735.000000,-64.000000,-80.000000,81.000000
62133.000000,62671.000000,-64.000000,-80.000000,81.000000
62143.000000,62607.000000,-64.000000,-80.000000,81.000000
62153.000000,62543.000000,-64.000000,-80.000000,81.000000
62163.000000,62479.000000,-64.000000,-80.000000,81.000000
62173.000000,62415.000000,-64.000000,-80.000000,81.000000
62183.000000,62351.000000,-63.000000,-80.000000,81.000000
62193.000000,62287.000000,-65.000000,-80.000000,81.000000
62203.000000,62223.000000,-64.000000,-80.000000,81.000000
62213.000000,62159.000000,-64.000000,-80.000000,81.000000
62223.000000,62095.000000,-63.000000,-80.000000,83.000000
62233.000000,62031.000000,-65.000000,-80.000000,83.000000
62243.000000,61967.000000,-64.000000,-80.000000,81.000000
62253.000000,61902.000000,-64.000000,-80.000000,81.000000
62263.000000,61838.000000,-64.000000,-80.000000,81.000000
62273.000000,61774.000000,-65.000000,-80.000000,81.000000
62283.000000,61709.000000,-64.000000,-80.000000,81.000000
62293.000000,61645.000000,-64.000000,-80.000000,81.000000
62303.000000,61581.000000,-64.000000,-80.000000,81.000000
62313.000000,61517.000000,-65.000000,-80.000000,81.000000
62323.000000,61453.000000,-64.000000,-80.000000,81.000000
62333.000000,61389.000000,-64.000000,-80.000000,81.000000
62343.000000,61324.000000,-64.000000,-80.000000,81.000000
62353.000000,61261.000000,-64.000000,-80.000000,81.000000
62363.000000,61197.000000,-64.000000,-80.000000,81.000000
62373.000000,61132.000000,-64.000000,-80.000000,81.000000
62383.000000,61068.000000,-64.000000,-80.000000,81.000000
62393.000000,61005.000000,-64.000000,-80.000000,81.000000
62403.000000,60940.000000,-64.000000,-80.000000,81.000000
62413.000000,60876.000000,-64.000000,-80.000000,81.000000
62423.000000,60812.000000,-65.000000,-80.000000,81.000000
62433.000000,60748.000000,-63.000000,-80.000000,83.000000
62443.000000,60684.000000,-64.000000,-80.000000,83.000000
62453.000000,60619.000000,-66.000000,-80.000000,81.000000
62463.000000,60555.000000,-64.000000,-80.000000,81.000000
62473.000000,60491.000000,-64.000000,-80.000000,81.000000
62483.000000,60426.000000,-64.000000,-80.000000,81.000000
62493.000000,60362.000000,-64.000000,-80.000000,81.000000
62503.000000,60298.000000,-65.000000,-80.000000,81.000000
62513.000000,60233.000000,-64.000000,-80.000000,81.000000
62523.000000,60169.000000,-64.000000,-80.000000,81.000000
62533.000000,60105.000000,-65.000000,-80.000000,81.000000
62543.000000,60041.000000,-64.000000,-80.000000,81.000000
62553.000000,59976.000000,-64.000000,-80.000000,81.000000
62563.000000,59913.000000,-64.000000,-80.000000,81.000000
62573.000000,59849.000000,-64.000000,-80.000000,81.000000
62583.000000,59783.000000,-64.000000,-80.000000,81.000000
62593.000000,59720.000000,-65.000000,-80.000000,81.000000
62603.000000,59656.000000,-64.000000,-80.000000,80.000000
62613.000000,59592.000000,-63.000000,-80.000000,82.000000
62623.000000,59528.000000,-65.000000,-80.000000,82.000000
62633.000000,59463.000000,-64.000000,-80.000000,81.000000
62643.000000,59399.000000,-64.000000,-80.000000,81.000000
62653.000000,59336.000000,-64.000000,-80.000000,81.000000
62663.000000,59271.000000,-65.000000,-80.000000,81.000000
62673.000000,59207.000000,-64.000000,-80.000000,81.000000
62683.000000,59143.000000,-64.000000,-80.000000,81.000000
62693.000000,59079.000000,-64.000000,-80.000000,81.000000
62703.000000,59014.000000,-64.000000,-80.000000,81.000000
62713.000000,58950.000000,-64.000000,-80.000000,81.000000
62723.000000,58886.000000,-65.000000,-80.000000,81.000000
62733.000000,58821.000000,-64.000000,-80.000000,81.000000
62743.000000,58758.000000,-64.000000,-80.000000,81.000000
62753.000000,58693.000000,-64.000000,-80.000000,81.000000
62763.000000,58628.000000,-65.000000,-80.000000,80.000000
62773.000000,58565.000000,-64.000000,-80.000000,80.000000
62783.000000,58501.000000,-64.000000,-80.000000,81.000000
62793.000000,58437.000000,-64.000000,-80.000000,81.000000
62803.000000,58373.000000,-64.000000,-80.000000,81.000000
62813.000000,58309.000000,-64.000000,-80.000000,81.000000
62823.000000,58245.000000,-64.000000,-80.000000,81.000000
62833.000000,58181.000000,-64.000000,-80.000000,81.000000
62843.000000,58116.000000,-64.000000,-80.000000,81.000000
62853.000000,58052.000000,-65.000000,-80.000000,80.000000
62863.000000,57988.000000,-63.000000,-80.000000,80.000000
62873.000000,57925.000000,-64.000000,-80.000000,82.000000
62883.000000,57859.000000,-65.000000,-80.000000,80.000000
62893.000000,57795.000000,-64.000000,-80.000000,80.000000
62903.000000,57732.000000,-64.000000,-80.000000,81.000000
62913.000000,57667.000000,-64.000000,-80.000000,81.000000
62923.000000,57603.000000,-65.000000,-80.000000,81.000000
62933.000000,57539.000000,-64.000000,-80.000000,80.000000
62943.000000,57475.000000,-63.000000,-80.000000,82.000000
62953.000000,57412.000000,-64.000000,-80.000000,82.000000
62963.000000,57347.000000,-65.000000,-80.000000,81.000000
62973.000000,57283.000000,-64.000000,-80.000000,81.000000
62983.000000,57219.000000,-64.000000,-80.000000,81.000000
62993.000000,57154.000000,-64.000000,-80.000000,81.000000
63003.000000,57089.000000,-64.000000,-80.000000,81.000000
63013.000000,57026.000000,-65.000000,-80.000000,81.000000
63023.000000,56961.000000,-64.000000,-80.000000,80.000000
63033.000000,56897.000000,-64.000000,-80.000000,81.000000
63043.000000,56833.000000,-64.000000,-80.000000,81.000000
63053.000000,56769.000000,-64.000000,-80.000000,81.000000
63063.000000,56704.000000,-65.000000,0.000000,0.000000
63073.000000,56649.000000,-55.000000,0.000000,0.000000
63083.000000,56611.000000,-39.000000,0.000000,0.000000
63093.000000,56584.000000,-27.000000,0.000000,0.000000
63103.000000,56567.000000,-17.000000,0.000000,0.000000
63113.000000,56556.000000,-11.000000,0.000000,0.000000
63123.000000,56550.000000,-6.000000,0.000000,0.000000
63133.000000,56546.000000,-4.000000,0.000000,0.000000
63143.000000,56544.000000,-2.000000,0.000000,0.000000
63153.000000,56543.000000,-1.000000,0.000000,0.000000
63163.000000,56543.000000,0.000000,0.000000,0.000000
63173.000000,56543.000000,0.000000,0.000000,0.000000
63183.000000,56543.000000,0.000000,0.000000,0.000000
63193.000000,56543.000000,0.000000,0.000000,0.000000
63203.000000,56543.000000,0.000000,0.000000,0.000000
63213.000000,56543.000000,0.000000,0.000000,0.000000
63223.000000,56543.000000,0.000000,0.000000,0.000000
63233.000000,56543.000000,0.000000,0.000000,0.000000
63243.000000,56543.000000,0.000000,0.000000,0.000000
63253.000000,56543.000000,0.000000,0.000000,0.000000
63263.000000,56543.000000,0.000000,0.000000,0.000000
63273.000000,56543.000000,0.000000,0.000000,0.000000
63283.000000,56543.000000,0.000000,0.000000,0.000000
63293.000000,56543.000000,0.000000,0.000000,0.000000
63303.000000,56543.000000,0.000000,0.000000,0.000000
63313.000000,56543.000000,0.000000,0.000000,0.000000
63323.000000,56543.000000,0.000000,0.000000,0.000000
63333.000000,56543.000000,0.000000,0.000000,0.000000
63343.000000,56543.000000,0.000000,0.000000,0.000000
63353.000000,56543.000000,0.000000,0.000000,0.000000
63363.000000,56543.000000,0.000000,0.000000,0.000000
63373.000000,56543.000000,0.000000,0.000000,0.000000
63383.000000,56543.000000,0.000000,0.000000,0.000000
63393.000000,56543.000000,0.000000,0.000000,0.000000
63403.000000,56543.000000,0.000000,0.000000,0.000000
63413.000000,56543.000000,0.000000,0.000000,0.000000
63423.000000,56543.000000,0.000000,0.000000,0.000000
63433.000000,56543.000000,0.000000,0.000000,0.000000
63443.000000,56543.000000,0.000000,0.000000,0.000000
63453.000000,56543.000000,0.000000,0.000000,0.000000
63463.000000,56543.000000,0.000000,0.000000,0.000000
63473.000000,56543.000000,0.000000,0.000000,0.000000
63483.000000,56543.000000,0.000000,0.000000,0.000000
63493.000000,56543.000000,0.000000,0.000000,0.000000
63503.000000,56543.000000,0.000000,0.000000,0.000000
63513.000000,56543.000000,0.000000,0.000000,0.000000
63523.000000,56543.000000,0.000000,0.000000,0.000000
63533.000000,56543.000000,0.000000,0.000000,0.000000
63543.000000,56543.000000,0.000000,0.000000,0.000000
63553.000000,56543.000000,0.000000,0.000000,0.000000
63563.000000,56543.000000,0.000000,0.000000,0.000000
63573.000000,56543.000000,0.000000,0.000000,0.000000
63583.000000,56543.000000,0.000000,0.000000,0.000000
63593.000000,56543.000000,0.000000,0.000000,0.000000
63603.000000,56543.000000,0.000000,0.000000,0.000000
63613.000000,56543.000000,0.000000,0.000000,0.000000
63623.000000,56543.000000,0.000000,0.000000,0.000000
63633.000000,56543.000000,0.000000,0.000000,0.000000
63643.000000,56543.000000,0.000000,0.000000,0.000000
63653.000000,56543.000000,0.000000,0.000000,0.000000
63663.000000,56543.000000,0.000000,0.000000,0.000000
63673.000000,56543.000000,0.000000,0.000000,0.000000
63683.000000,56543.000000,0.000000,0.000000,0.000000
63693.000000,56543.000000,0.000000,0.000000,0.000000
63703.000000,56543.000000,0.000000,0.000000,0.000000
63713.000000,56543.000000,0.000000,0.000000,0.000000
63723.000000,56543.000000,0.000000,0.000000,0.000000
63733.000000,56543.000000,0.000000,0.000000,0.000000
63743.000000,56543.000000,0.000000,0.000000,0.000000
63753.000000,56543.000000,0.000000,0.000000,0.000000
63763.000000,56543.000000,0.000000,0.000000,0.000000
63773.000000,56543.000000,0.000000,0.000000,0.000000
63783.000000,56543.000000,0.000000,0.000000,0.000000
63793.000000,56543.000000,0.000000,0.000000,0.000000
63803.000000,56543.000000,0.000000,0.000000,0.000000
63813.000000,56543.000000,0.000000,0.000000,0.000000
63823.000000,56543.000000,0.000000,0.000000,0.000000
63833.000000,56543.000000,0.000000,0.000000,0.000000
63843.000000,56543.000000,0.000000,0.000000,0.000000
63853.000000,56543.000000,0.000000,0.000000,0.000000
63863.000000,56543.000000,0.000000,0.000000,0.000000
63873.000000,56543.000000,0.000000,0.000000,0.000000
63883.000000,56543.000000,0.000000,0.000000,0.000000
63893.000000,56543.000000,0.000000,0.000000,0.000000
63903.000000,56543.000000,0.000000,0.000000,0.000000
63913.000000,56543.000000,0.000000,0.000000,0.000000
63923.000000,56543.000000,0.000000,0.000000,0.000000
63933.000000,56543.000000,0.000000,0.000000,0.000000
63943.000000,56543.000000,0.000000,0.000000,0.000000
63953.000000,56543.000000,0.000000,0.000000,0.000000
63963.000000,56543.000000,0.000000,0.000000,0.000000
63973.000000,56543.000000,0.000000,0.000000,0.000000
63983.000000,56543.000000,0.000000,0.000000,0.000000
63993.000000,56543.000000,0.000000,0.000000,0.000000
64003.000000,56543.000000,0.000000,0.000000,0.000000
64013.000000,56543.000000,0.000000,0.000000,0.000000
64023.000000,56543.000000,0.000000,0.000000,0.000000
64033.000000,56543.000000,0.000000,0.000000,0.000000
64043.000000,56543.000000,0.000000,0.000000,0.000000
64053.000000,56543.000000,0.000000,0.000000,0.000000
64063.000000,56543.000000,0.000000,0.000000,0.000000
64073.000000,56543.000000,0.000000,0.000000,0.000000
64083.000000,56543.000000,0.000000,0.000000,0.000000
64093.000000,56543.000000,0.000000,0.000000,0.000000
64103.000000,56543.000000,0.000000,0.000000,0.000000
64113.000000,56543.000000,0.000000,0.000000,0.000000
64123.000000,56543.000000,0.000000,0.000000,0.000000
64133.000000,56543.000000,0.000000,0.000000,0.000000
64143.000000,56543.000000,0.000000,0.000000,0.000000
64153.000000,56543.000000,0.000000,0.000000,0.000000
64163.000000,56543.000000,0.000000,0.000000,0.000000
64173.000000,56543.000000,0.000000,0.000000,0.000000
64183.000000,56543.000000,0.000000,0.000000,0.000000
64193.000000,56543.000000,0.000000,0.000000,0.000000
64203.000000,56543.000000,0.000000,0.000000,0.000000
64213.000000,56543.000000,0.000000,0.000000,0.000000
64223.000000,56543.000000,0.000000,0.000000,0.000000
64233.000000,56543.000000,0.000000,0.000000,0.000000
64243.000000,56543.000000,0.000000,0.000000,0.000000
64253.000000,56543.000000,0.000000,0.000000,0.000000
64263.000000,56543.000000,0.000000,0.000000,0.000000
64273.000000,56543.000000,0.000000,0.000000,0.000000
64283.000000,56543.000000,0.000000,0.000000,0.000000
64293.000000,56543.000000,0.000000,0.000000,0.000000
64303.000000,56543.000000,0.000000,0.000000,0.000000
64313.000000,56543.000000,0.000000,0.000000,0.000000
64323.000000,56543.000000,0.000000,0.000000,0.000000
64333.000000,56543.000000,0.000000,0.000000,0.000000
64343.000000,56543.000000,0.000000,0.000000,0.000000
64353.000000,56543.000000,0.000000,0.000000,0.000000
64363.000000,56543.000000,0.000000,0.000000,0.000000
64373.000000,56543.000000,0.000000,0.000000,0.000000
64383.000000,56543.000000,0.000000,0.000000,0.000000
64393.000000,56543.000000,0.000000,0.000000,0.000000
64403.000000,56543.000000,0.000000,0.000000,0.000000
64413.000000,56543.000000,0.000000,0.000000,0.000000
64423.000000,56543.000000,0.000000,0.000000,0.000000
64433.000000,56543.000000,0.000000,0.000000,0.000000
64443.000000,56543.000000,0.000000,0.000000,0.000000
64453.000000,56543.000000,0.000000,0.000000,0.000000
64463.000000,56543.000000,0.000000,0.000000,0.000000
64473.000000,56543.000000,0.000000,0.000000,0.000000
64483.000000,56543.000000,0.000000,0.000000,0.000000
64493.000000,56543.000000,0.000000,0.000000,0.000000
64503.000000,56543.000000,0.000000,0.000000,0.000000
64513.000000,56543.000000,0.000000,0.000000,0.000000
64523.000000,56543.000000,0.000000,0.000000,0.000000
64533.000000,56543.000000,0.000000,0.000000,0.000000
64543.000000,56543.000000,0.000000,0.000000,0.000000
64553.000000,56543.000000,0.000000,0.000000,0.000000
64563.000000,56543.000000,0.000000,0.000000,0.000000
64573.000000,56543.000000,0.000000,0.000000,0.000000
64583.000000,56543.000000,0.000000,0.000000,0.000000
64593.000000,56543.000000,0.000000,0.000000,0.000000
64603.000000,56543.000000,0.000000,0.000000,0.000000
64613.000000,56543.000000,0.000000,0.000000,0.000000
64623.000000,56543.000000,0.000000,0.000000,0.000000
64633.000000,56543.000000,0.000000,0.000000,0.000000
64643.000000,56543.000000,0.000000,0.000000,0.000000
64653.000000,56543.000000,0.000000,0.000000,0.000000
64663.000000,56543.000000,0.000000,0.000000,0.000000
64673.000000,56543.000000,0.000000,0.000000,0.000000
64683.000000,56543.000000,0.000000,0.000000,0.000000
64693.000000,56543.000000,0.000000,0.000000,0.000000
64703.000000,56543.000000,0.000000,0.000000,0.000000
64713.000000,56543.000000,0.000000,0.000000,0.000000
64723.000000,56543.000000,0.000000,0.000000,0.000000
64733.000000,56543.000000,0.000000,0.000000,0.000000
64743.000000,56543.000000,0.000000,0.000000,0.000000
64753.000000,56543.000000,0.000000,0.000000,0.000000
64763.000000,56543.000000,0.000000,0.000000,0.000000
64773.000000,56543.000000,0.000000,0.000000,0.000000
64783.000000,56543.000000,0.000000,0.000000,0.000000
64793.000000,56543.000000,0.000000,0.000000,0.000000
64803.000000,56543.000000,0.000000,0.000000,0.000000
64813.000000,56543.000000,0.000000,0.000000,0.000000
64823.000000,56543.000000,0.000000,0.000000,0.000000
64833.000000,56543.000000,0.000000,0.000000,0.000000
64843.000000,56543.000000,0.000000,0.000000,0.000000
64853.000000,56543.000000,0.000000,0.000000,0.000000
64863.000000,56543.000000,0.000000,0.000000,0.000000
64873.000000,56543.000000,0.000000,0.000000,0.000000
64883.000000,56543.000000,0.000000,0.000000,0.000000
64893.000000,56543.000000,0.000000,0.000000,0.000000
64903.000000,56543.000000,0.000000,0.000000,0.000000
64913.000000,56543.000000,0.000000,0.000000,0.000000
64923.000000,56543.000000,0.000000,0.000000,0.000000
64933.000000,56543.000000,0.000000,0.000000,0.000000
64943.000000,56543.000000,0.000000,0.000000,0.000000
64953.000000,56543.000000,0.000000,0.000000,0.000000
64963.000000,56543.000000,0.000000,0.000000,0.000000
64973.000000,56543.000000,0.000000,0.000000,0.000000
64983.000000,56543.000000,0.000000,0.000000,0.000000
64993.000000,56543.000000,0.000000,0.000000,0.000000
65003.000000,56543.000000,0.000000,0.000000,0.000000
65013.000000,56543.000000,0.000000,0.000000,0.000000
65023.000000,56543.000000,0.000000,0.000000,0.000000
65033.000000,56543.000000,0.000000,0.000000,0.000000
65043.000000,56543.000000,0.000000,0.000000,0.000000
65053.000000,56543.000000,0.000000,0.000000,0.000000
65063.000000,56543.000000,0.000000,0.000000,0.000000
65073.000000,56543.000000,0.000000,0.000000,0.000000
65083.000000,56543.000000,0.000000,0.000000,0.000000
65093.000000,56543.000000,0.000000,0.000000,0.000000
65103.000000,56543.000000,0.000000,0.000000,0.000000
65113.000000,56543.000000,0.000000,0.000000,0.000000
65123.000000,56543.000000,0.000000,0.000000,0.000000
65133.000000,56543.000000,0.000000,0.000000,0.000000
65143.000000,56543.000000,0.000000,0.000000,0.000000
65153.000000,56543.000000,0.000000,0.000000,0.000000
65163.000000,56543.000000,0.000000,0.000000,0.000000
65173.000000,56543.000000,0.000000,0.000000,0.000000
65183.000000,56543.000000,0.000000,0.000000,0.000000
65193.000000,56543.000000,0.000000,0.000000,0.000000
65203.000000,56543.000000,0.000000,0.000000,0.000000
65213.000000,56543.000000,0.000000,0.000000,0.000000
65223.000000,56543.000000,0.000000,0.000000,0.000000
65233.000000,56543.000000,0.000000,0.000000,0.000000
65243.000000,56543.000000,0.000000,0.000000,0.000000
65253.000000,56543.000000,0.000000,0.000000,0.000000
65263.000000,56543.000000,0.000000,0.000000,0.000000
65273.000000,56543.000000,0.000000,0.000000,0.000000
65283.000000,56543.000000,0.000000,0.000000,0.000000
65293.000000,56543.000000,0.000000,0.000000,0.000000
65303.000000,56543.000000,0.000000,0.000000,0.000000
65313.000000,56543.000000,0.000000,0.000000,0.000000
65323.000000,56543.000000,0.000000,0.000000,0.000000
65333.000000,56543.000000,0.000000,0.000000,0.000000
65343.000000,56543.000000,0.000000,0.000000,0.000000
65353.000000,56543.000000,0.000000,0.000000,0.000000
65363.000000,56543.000000,0.000000,0.000000,0.000000
65373.000000,56543.000000,0.000000,0.000000,0.000000
65383.000000,56543.000000,0.000000,0.000000,0.000000
65393.000000,56543.000000,0.000000,0.000000,0.000000
65403.000000,56543.000000,0.000000,0.000000,0.000000
65413.000000,56543.000000,0.000000,0.000000,0.000000
65423.000000,56543.000000,0.000000,0.000000,0.000000
65433.000000,56543.000000,0.000000,0.000000,0.000000
65443.000000,56543.000000,0.000000,0.000000,0.000000
65453.000000,56543.000000,0.000000,0.000000,0.000000
65463.000000,56543.000000,0.000000,0.000000,0.000000
65473.000000,56543.000000,0.000000,0.000000,0.000000
65483.000000,56543.000000,0.000000,0.000000,0.000000
65493.000000,56543.000000,0.000000,0.000000,0.000000
65503.000000,56543.000000,0.000000,0.000000,0.000000
65513.000000,56543.000000,0.000000,0.000000,0.000000
65523.000000,56543.000000,0.000000,0.000000,0.000000
65533.000000,56543.000000,0.000000,0.000000,0.000000
65543.000000,56543.000000,0.000000,0.000000,0.000000
65553.000000,56543.000000,0.000000,0.000000,0.000000
65563.000000,56543.000000,0.000000,0.000000,0.000000
65573.000000,56543.000000,0.000000,0.000000,0.000000
65583.000000,56543.000000,0.000000,0.000000,0.000000
65593.000000,56543.000000,0.000000,0.000000,0.000000
65603.000000,56543.000000,0.000000,0.000000,0.000000
65613.000000,56543.000000,0.000000,0.000000,0.000000
65623.000000,56543.000000,0.000000,0.000000,0.000000
65633.000000,56543.000000,0.000000,0.000000,0.000000
65643.000000,56543.000000,0.000000,0.000000,0.000000
65653.000000,56543.000000,0.000000,0.000000,0.000000
65663.000000,56543.000000,0.000000,0.000000,0.000000
65673.000000,56543.000000,0.000000,0.000000,0.000000
65683.000000,56543.000000,0.000000,0.000000,0.000000
65693.000000,56543.000000,0.000000,0.000000,0.000000
65703.000000,56543.000000,0.000000,0.000000,0.000000
65713.000000,56543.000000,0.000000,0.000000,0.000000
65723.000000,56543.000000,0.000000,0.000000,0.000000
65733.000000,56543.000000,0.000000,0.000000,0.000000
65743.000000,56543.000000,0.000000,0.000000,0.000000
65753.000000,56543.000000,0.000000,0.000000,0.000000
65763.000000,56543.000000,0.000000,0.000000,0.000000
65773.000000,56543.000000,0.000000,0.000000,0.000000
65783.000000,56543.000000,0.000000,0.000000,0.000000
65793.000000,56543.000000,0.000000,0.000000,0.000000
65803.000000,56543.000000,0.000000,0.000000,0.000000
65813.000000,56543.000000,0.000000,0.000000,0.000000
65823.000000,56543.000000,0.000000,0.000000,0.000000
65833.000000,56543.000000,0.000000,0.000000,0.000000
65843.000000,56543.000000,0.000000,0.000000,0.000000
65853.000000,56543.000000,0.000000,0.000000,0.000000
65863.000000,56543.000000,0.000000,0.000000,0.000000
65873.000000,56543.000000,0.000000,0.000000,0.000000
65883.000000,56543.000000,0.000000,0.000000,0.000000
65893.000000,56543.000000,0.000000,0.000000,0.000000
65903.000000,56543.000000,0.000000,0.000000,0.000000
65913.000000,56543.000000,0.000000,0.000000,0.000000
65923.000000,56543.000000,0.000000,0.000000,0.000000
65933.000000,56543.000000,0.000000,0.000000,0.000000
65943.000000,56543.000000,0.000000,0.000000,0.000000
65953.000000,56543.000000,0.000000,0.000000,0.000000
65963.000000,56543.000000,0.000000,0.000000,0.000000
65973.000000,56543.000000,0.000000,0.000000,0.000000
65983.000000,56543.000000,0.000000,0.000000,0.000000
65993.000000,56543.000000,0.000000,0.000000,0.000000
66003.000000,56543.000000,0.000000,0.000000,0.000000
66013.000000,56543.000000,0.000000,0.000000,0.000000
66023.000000,56543.000000,0.000000,0.000000,0.000000
66033.000000,56543.000000,0.000000,0.000000,0.000000
66043.000000,56543.000000,0.000000,0.000000,0.000000
66053.000000,56543.000000,0.000000,0.000000,0.000000
66063.000000,56543.000000,0.000000,0.000000,0.000000
66073.000000,56543.000000,0.000000,0.000000,0.000000
66083.000000,56543.000000,0.000000,0.000000,0.000000
66093.000000,56543.000000,0.000000,0.000000,0.000000
66103.000000,56543.000000,0.000000,0.000000,0.000000
66113.000000,56543.000000,0.000000,0.000000,0.000000
66123.000000,56543.000000,0.000000,0.000000,0.000000
66133.000000,56543.000000,0.000000,0.000000,0.000000
66143.000000,56543.000000,0.000000,0.000000,0.000000
66153.000000,56543.000000,0.000000,0.000000,0.000000
66163.000000,56543.000000,0.000000,0.000000,0.000000
66173.000000,56543.000000,0.000000,0.000000,0.000000
66183.000000,56543.000000,0.000000,0.000000,0.000000
66193.000000,56543.000000,0.000000,0.000000,0.000000
66203.000000,56543.000000,0.000000,0.000000,0.000000
66213.000000,56543.000000,0.000000,0.000000,0.000000
66223.000000,56543.000000,0.000000,0.000000,0.000000
66233.000000,56543.000000,0.000000,0.000000,0.000000
66243.000000,56543.000000,0.000000,0.000000,0.000000
66253.000000,56543.000000,0.000000,0.000000,0.000000
66263.000000,56543.000000,0.000000,0.000000,0.000000
66273.000000,56543.000000,0.000000,0.000000,0.000000
66283.000000,56543.000000,0.000000,0.000000,0.000000
66293.000000,56543.000000,0.000000,0.000000,0.000000
66303.000000,56543.000000,0.000000,0.000000,0.000000
66313.000000,56543.000000,0.000000,0.000000,0.000000
66323.000000,56543.000000,0.000000,0.000000,0.000000
66333.000000,56543.000000,0.000000,0.000000,0.000000
66343.000000,56543.000000,0.000000,0.000000,0.000000
66353.000000,56543.000000,0.000000,0.000000,0.000000
66363.000000,56543.000000,0.000000,0.000000,0.000000
66373.000000,56543.000000,0.000000,0.000000,0.000000
66383.000000,56543.000000,0.000000,0.000000,0.000000
66393.000000,56543.000000,0.000000,0.000000,0.000000
66403.000000,56543.000000,0.000000,0.000000,0.000000
66413.000000,56543.000000,0.000000,0.000000,0.000000
66423.000000,56543.000000,0.000000,0.000000,0.000000
66433.000000,56543.000000,0.000000,0.000000,0.000000
66443.000000,56543.000000,0.000000,0.000000,0.000000
66453.000000,56543.000000,0.000000,0.000000,0.000000
66463.000000,56543.000000,0.000000,0.000000,0.000000
66473.000000,56543.000000,0.000000,0.000000,0.000000
66483.000000,56543.000000,0.000000,0.000000,0.000000
66493.000000,56543.000000,0.000000,0.000000,0.000000
66503.000000,56543.000000,0.000000,0.000000,0.000000
66513.000000,56543.000000,0.000000,0.000000,0.000000
66523.000000,56543.000000,0.000000,0.000000,0.000000
66533.000000,56543.000000,0.000000,0.000000,0.000000
66543.000000,56543.000000,0.000000,0.000000,0.000000
66553.000000,56543.000000,0.000000,0.000000,0.000000
66563.000000,56543.000000,0.000000,0.000000,0.000000
66573.000000,56543.000000,0.000000,0.000000,0.000000
66583.000000,56543.000000,0.000000,0.000000,0.000000
66593.000000,56543.000000,0.000000,0.000000,0.000000
66603.000000,56543.000000,0.000000,0.000000,0.000000
66613.000000,56543.000000,0.000000,0.000000,0.000000
66623.000000,56543.000000,0.000000,0.000000,0.000000
66633.000000,56543.000000,0.000000,0.000000,0.000000
66643.000000,56543.000000,0.000000,0.000000,0.000000
66653.000000,56543.000000,0.000000,0.000000,0.000000
66663.000000,56543.000000,0.000000,0.000000,0.000000
66673.000000,56543.000000,0.000000,0.000000,0.000000
66683.000000,56543.000000,0.000000,0.000000,0.000000
66693.000000,56543.000000,0.000000,0.000000,0.000000
66703.000000,56543.000000,0.000000,0.000000,0.000000
66713.000000,56543.000000,0.000000,0.000000,0.000000
66723.000000,56543.000000,0.000000,0.000000,0.000000
66733.000000,56543.000000,0.000000,0.000000,0.000000
66743.000000,56543.000000,0.000000,0.000000,0.000000
66753.000000,56543.000000,0.000000,0.000000,0.000000
66763.000000,56543.000000,0.000000,0.000000,0.000000
66773.000000,56543.000000,0.000000,0.000000,0.000000
66783.000000,56543.000000,0.000000,0.000000,0.000000
66793.000000,56543.000000,0.000000,0.000000,0.000000
66803.000000,56543.000000,0.000000,0.000000,0.000000
66813.000000,56543.000000,0.000000,0.000000,0.000000
66823.000000,56543.000000,0.000000,0.000000,0.000000
66833.000000,56543.000000,0.000000,0.000000,0.000000
66843.000000,56543.000000,0.000000,0.000000,0.000000
66853.000000,56543.000000,0.000000,80.000000,23.000000
66863.000000,56541.000000,-2.000000,80.000000,10.000000
66873.000000,56535.000000,-6.000000,80.000000,10.000000
66883.000000,56529.000000,-6.000000,80.000000,10.000000
66893.000000,56528.000000,-1.000000,80.000000,16.000000
66903.000000,56530.000000,2.000000,80.000000,16.000000
66913.000000,56535.000000,5.000000,80.000000,27.000000
66923.000000,56545.000000,10.000000,80.000000,33.000000
66933.000000,56559.000000,14.000000,80.000000,33.000000
66943.000000,56576.000000,17.000000,80.000000,42.000000
66953.000000,56597.000000,21.000000,80.000000,46.000000
66963.000000,56622.000000,25.000000,80.000000,46.000000
66973.000000,56650.000000,27.000000,80.000000,53.000000
66983.000000,56681.000000,32.000000,80.000000,55.000000
66993.000000,56714.000000,33.000000,80.000000,55.000000
67003.000000,56750.000000,36.000000,80.000000,62.000000
67013.000000,56789.000000,39.000000,80.000000,64.000000
67023.000000,56830.000000,40.000000,80.000000,64.000000
67033.000000,56873.000000,44.000000,80.000000,69.000000
67043.000000,56919.000000,45.000000,80.000000,70.000000
67053.000000,56966.000000,47.000000,80.000000,70.000000
67063.000000,57015.000000,49.000000,80.000000,73.000000
67073.000000,57065.000000,50.000000,80.000000,75.000000
67083.000000,57116.000000,52.000000,80.000000,75.000000
67093.000000,57170.000000,54.000000,80.000000,76.000000
67103.000000,57224.000000,54.000000,80.000000,78.000000
67113.000000,57279.000000,55.000000,80.000000,78.000000
67123.000000,57336.000000,57.000000,80.000000,79.000000
67133.000000,57394.000000,57.000000,80.000000,80.000000
67143.000000,57452.000000,58.000000,80.000000,80.000000
67153.000000,57511.000000,60.000000,80.000000,81.000000
67163.000000,57571.000000,60.000000,80.000000,80.000000
67173.000000,57631.000000,60.000000,80.000000,80.000000
67183.000000,57691.000000,60.000000,80.000000,81.000000
67193.000000,57753.000000,61.000000,80.000000,82.000000
67203.000000,57814.000000,62.000000,80.000000,82.000000
67213.000000,57876.000000,61.000000,80.000000,82.000000
67223.000000,57938.000000,62.000000,80.000000,82.000000
67233.000000,58000.000000,63.000000,80.000000,82.000000
67243.000000,58063.000000,63.000000,80.000000,82.000000
67253.000000,58126.000000,62.000000,80.000000,83.000000
67263.000000,58189.000000,64.000000,80.000000,83.000000
67273.000000,58252.000000,63.000000,80.000000,82.000000
67283.000000,58315.000000,63.000000,80.000000,83.000000
67293.000000,58379.000000,63.000000,80.000000,83.000000
67303.000000,58442.000000,64.000000,80.000000,84.000000
67313.000000,58507.000000,64.000000,80.000000,83.000000
67323.000000,58570.000000,64.000000,80.000000,83.000000
67333.000000,58635.000000,64.000000,80.000000,83.000000
67343.000000,58699.000000,64.000000,80.000000,83.000000
67353.000000,58763.000000,64.000000,80.000000,83.000000
67363.000000,58827.000000,65.000000,80.000000,83.000000
67373.000000,58891.000000,64.000000,80.000000,83.000000
67383.000000,58955.000000,64.000000,80.000000,83.000000
67393.000000,59020.000000,64.000000,80.000000,83.000000
67403.000000,59084.000000,64.000000,80.000000,83.000000
67413.000000,59148.000000,64.000000,80.000000,83.000000
67423.000000,59212.000000,64.000000,80.000000,83.000000
67433.000000,59277.000000,66.000000,80.000000,81.000000
67443.000000,59341.000000,63.000000,80.000000,81.000000
67453.000000,59404.000000,64.000000,80.000000,84.000000
67463.000000,59469.000000,64.000000,80.000000,83.000000
67473.000000,59533.000000,65.000000,80.000000,83.000000
67483.000000,59597.000000,64.000000,80.000000,82.000000
67493.000000,59662.000000,64.000000,80.000000,83.000000
67503.000000,59726.000000,64.000000,80.000000,83.000000
67513.000000,59790.000000,64.000000,80.000000,83.000000
67523.000000,59855.000000,65.000000,80.000000,82.000000
67533.000000,59919.000000,64.000000,80.000000,82.000000
67543.000000,59983.000000,64.000000,80.000000,83.000000
67553.000000,60047.000000,64.000000,80.000000,83.000000
67563.000000,60111.000000,65.000000,80.000000,83.000000
67573.000000,60176.000000,64.000000,80.000000,82.000000
67583.000000,60240.000000,64.000000,80.000000,82.000000
67593.000000,60303.000000,64.000000,80.000000,82.000000
67603.000000,60368.000000,64.000000,80.000000,82.000000
67613.000000,60432.000000,65.000000,80.000000,82.000000
67623.000000,60496.000000,63.000000,80.000000,82.000000
67633.000000,60559.000000,64.000000,80.000000,84.000000
67643.000000,60625.000000,64.000000,80.000000,82.000000
67653.000000,60689.000000,65.000000,80.000000,82.000000
67663.000000,60752.000000,64.000000,80.000000,82.000000
67673.000000,60817.000000,64.000000,80.000000,82.000000
67683.000000,60881.000000,64.000000,80.000000,82.000000
67693.000000,60945.000000,65.000000,80.000000,82.000000
67703.000000,61009.000000,63.000000,80.000000,84.000000
67713.000000,61073.000000,64.000000,80.000000,84.000000
67723.000000,61137.000000,65.000000,80.000000,83.000000
67733.000000,61202.000000,64.000000,80.000000,83.000000
67743.000000,61266.000000,65.000000,80.000000,83.000000
67753.000000,61331.000000,65.000000,80.000000,82.000000
67763.000000,61395.000000,64.000000,80.000000,83.000000
67773.000000,61460.000000,64.000000,80.000000,83.000000
67783.000000,61524.000000,65.000000,80.000000,83.000000
67793.000000,61589.000000,64.000000,80.000000,83.000000
67803.000000,61653.000000,65.000000,80.000000,83.000000
67813.000000,61718.000000,64.000000,80.000000,82.000000
67823.000000,61783.000000,65.000000,70.000000,74.000000
67833.000000,61847.000000,64.000000,70.000000,73.000000
67843.000000,61908.000000,62.000000,70.000000,73.000000
67853.000000,61970.000000,62.000000,70.000000,74.000000
67863.000000,62031.000000,60.000000,70.000000,74.000000
67873.000000,62091.000000,60.000000,70.000000,74.000000
67883.000000,62150.000000,60.000000,70.000000,73.000000
67893.000000,62210.000000,59.000000,70.000000,74.000000
67903.000000,62268.000000,58.000000,70.000000,74.000000
67913.000000,62327.000000,59.000000,70.000000,74.000000
67923.000000,62385.000000,59.000000,70.000000,73.000000
67933.000000,62443.000000,58.000000,70.000000,73.000000
67943.000000,62501.000000,58.000000,70.000000,73.000000
67953.000000,62560.000000,58.000000,70.000000,73.000000
67963.000000,62617.000000,57.000000,70.000000,73.000000
67973.000000,62674.000000,58.000000,70.000000,73.000000
67983.000000,62732.000000,57.000000,70.000000,73.000000
67993.000000,62789.000000,58.000000,70.000000,73.000000
68003.000000,62847.000000,57.000000,70.000000,72.000000
68013.000000,62904.000000,57.000000,70.000000,72.000000
68023.000000,62961.000000,57.000000,70.000000,72.000000
68033.000000,63018.000000,57.000000,70.000000,72.000000
68043.000000,63075.000000,57.000000,70.000000,72.000000
68053.000000,63131.000000,57.000000,70.000000,72.000000
68063.000000,63188.000000,57.000000,70.000000,72.000000
68073.000000,63245.000000,56.000000,70.000000,72.000000
68083.000000,63301.000000,57.000000,70.000000,72.000000
68093.000000,63358.000000,56.000000,70.000000,71.000000
68103.000000,63414.000000,57.000000,70.000000,71.000000
68113.000000,63470.000000,56.000000,70.000000,71.000000
68123.000000,63527.000000,56.000000,70.000000,72.000000
68133.000000,63583.000000,56.000000,70.000000,72.000000
68143.000000,63639.000000,57.000000,70.000000,72.000000
68153.000000,63695.000000,56.000000,70.000000,71.000000
68163.000000,63752.000000,56.000000,70.000000,72.000000
68173.000000,63808.000000,56.000000,70.000000,72.000000
68183.000000,63864.000000,57.000000,70.000000,72.000000
68193.000000,63920.000000,56.000000,70.000000,72.000000
68203.000000,63976.000000,56.000000,70.000000,72.000000
68213.000000,64033.000000,56.000000,70.000000,72.000000
68223.000000,64090.000000,57.000000,70.000000,71.000000
68233.000000,64146.000000,56.000000,70.000000,71.000000
68243.000000,64202.000000,57.000000,70.000000,71.000000
68253.000000,64259.000000,56.000000,70.000000,71.000000
68263.000000,64314.000000,56.000000,70.000000,71.000000
68273.000000,64371.000000,56.000000,70.000000,71.000000
68283.000000,64427.000000,56.000000,70.000000,71.000000
68293.000000,64483.000000,56.000000,70.000000,71.000000
68303.000000,64539.000000,56.000000,70.000000,71.000000
68313.000000,64595.000000,56.000000,70.000000,71.000000
68323.000000,64650.000000,56.000000,70.000000,71.000000
68333.000000,64706.000000,56.000000,70.000000,71.000000
68343.000000,64762.000000,55.000000,70.000000,73.000000
68353.000000,64818.000000,56.000000,70.000000,73.000000
68363.000000,64874.000000,57.000000,70.000000,72.000000
68373.000000,64931.000000,56.000000,70.000000,72.000000
68383.000000,64987.000000,57.000000,70.000000,72.000000
68393.000000,65043.000000,56.000000,70.000000,71.000000
68403.000000,65101.000000,56.000000,70.000000,72.000000
68413.000000,65156.000000,57.000000,70.000000,72.000000
68423.000000,65213.000000,56.000000,70.000000,71.000000
68433.000000,65269.000000,57.000000,70.000000,71.000000
68443.000000,65325.000000,56.000000,70.000000,71.000000
68453.000000,65381.000000,56.000000,70.000000,71.000000
68463.000000,65438.000000,56.000000,70.000000,71.000000
68473.000000,65493.000000,56.000000,70.000000,71.000000
68483.000000,13.000000,56.000000,70.000000,71.000000
68493.000000,70.000000,56.000000,70.000000,71.000000
68503.000000,125.000000,56.000000,70.000000,71.000000
68513.000000,181.000000,56.000000,70.000000,71.000000
68523.000000,237.000000,56.000000,70.000000,71.000000
68533.000000,293.000000,56.000000,70.000000,71.000000
68543.000000,349.000000,56.000000,70.000000,71.000000
68553.000000,406.000000,56.000000,-70.000000,29.000000
68563.000000,451.000000,46.000000,-70.000000,41.000000
68573.000000,475.000000,24.000000,-70.000000,41.000000
68583.000000,483.000000,8.000000,-70.000000,41.000000
68593.000000,478.000000,-5.000000,-70.000000,32.000000
68603.000000,465.000000,-13.000000,-70.000000,32.000000
68613.000000,449.000000,-16.000000,-70.000000,36.000000
68623.000000,429.000000,-19.000000,-70.000000,41.000000
68633.000000,407.000000,-23.000000,-70.000000,41.000000
68643.000000,381.000000,-25.000000,-70.000000,47.000000
68653.000000,353.000000,-29.000000,-70.000000,49.000000
68663.000000,322.000000,-30.000000,-70.000000,49.000000
68673.000000,289.000000,-34.000000,-70.000000,55.000000
68683.000000,254.000000,-35.000000,-70.000000,57.000000
68693.000000,216.000000,-38.000000,-70.000000,57.000000
68703.000000,177.000000,-39.000000,-70.000000,59.000000
68713.000000,136.000000,-40.000000,-70.000000,61.000000
68723.000000,93.000000,-43.000000,-70.000000,61.000000
68733.000000,50.000000,-44.000000,-70.000000,63.000000
68743.000000,4.000000,-45.000000,-70.000000,64.000000
68753.000000,65495.000000,-46.000000,-70.000000,64.000000
68763.000000,65447.000000,-48.000000,-70.000000,66.000000
68773.000000,65399.000000,-48.000000,-70.000000,67.000000
68783.000000,65351.000000,-48.000000,-70.000000,67.000000
68793.000000,65301.000000,-50.000000,-70.000000,69.000000
68803.000000,65250.000000,-51.000000,-70.000000,68.000000
68813.000000,65199.000000,-51.000000,-70.000000,68.000000
68823.000000,65147.000000,-52.000000,-70.000000,70.000000
68833.000000,65094.000000,-52.000000,-70.000000,70.000000
68843.000000,65041.000000,-53.000000,-70.000000,70.000000
68853.000000,64988.000000,-54.000000,-70.000000,70.000000
68863.000000,64934.000000,-53.000000,-70.000000,71.000000
68873.000000,64880.000000,-54.000000,-70.000000,71.000000
68883.000000,64826.000000,-54.000000,-70.000000,71.000000
68893.000000,64771.000000,-56.000000,-70.000000,69.000000
68903.000000,64716.000000,-54.000000,-70.000000,69.000000
68913.000000,64662.000000,-54.000000,-70.000000,72.000000
68923.000000,64607.000000,-56.000000,-70.000000,70.000000
68933.000000,64552.000000,-55.000000,-70.000000,70.000000
68943.000000,64497.000000,-54.000000,-70.000000,72.000000
68953.000000,64442.000000,-56.000000,-70.000000,71.000000
68963.000000,64387.000000,-55.000000,-70.000000,71.000000
68973.000000,64331.000000,-55.000000,-70.000000,72.000000
68983.000000,64275.000000,-56.000000,-70.000000,71.000000
68993.000000,64220.000000,-56.000000,-70.000000,71.000000
69003.000000,64164.000000,-55.000000,-70.000000,71.000000
69013.000000,64108.000000,-56.000000,-70.000000,71.000000
69023.000000,64053.000000,-56.000000,-70.000000,71.000000
69033.000000,63997.000000,-55.000000,-70.000000,71.000000
69043.000000,63941.000000,-56.000000,-70.000000,71.000000
69053.000000,63886.000000,-56.000000,-70.000000,71.000000
69063.000000,63830.000000,-55.000000,-70.000000,71.000000
69073.000000,63774.000000,-56.000000,-70.000000,71.000000
69083.000000,63719.000000,-56.000000,-70.000000,71.000000
69093.000000,63663.000000,-55.000000,-70.000000,71.000000
69103.000000,63608.000000,-56.000000,-70.000000,71.000000
69113.000000,63552.000000,-55.000000,-70.000000,71.000000
69123.000000,63497.000000,-56.000000,-70.000000,73.000000
69133.000000,63440.000000,-56.000000,-70.000000,71.000000
69143.000000,63385.000000,-56.000000,-70.000000,71.000000
69153.000000,63328.000000,-56.000000,-70.000000,72.000000
69163.000000,63271.000000,-57.000000,-80.000000,78.000000
69173.000000,63215.000000,-57.000000,-80.000000,79.000000
69183.000000,63158.000000,-57.000000,-80.000000,79.000000
69193.000000,63099.000000,-59.000000,-80.000000,81.000000
69203.000000,63039.000000,-59.000000,-80.000000,81.000000
69213.000000,62979.000000,-61.000000,-80.000000,81.000000
69223.000000,62918.000000,-61.000000,-80.000000,80.000000
69233.000000,62855.000000,-61.000000,-80.000000,81.000000
69243.000000,62795.000000,-62.000000,-80.000000,81.000000
69253.000000,62732.000000,-63.000000,-80.000000,81.000000
69263.000000,62669.000000,-62.000000,-80.000000,81.000000
69273.000000,62607.000000,-62.000000,-80.000000,81.000000
69283.000000,62544.000000,-63.000000,-80.000000,82.000000
69293.000000,62481.000000,-63.000000,-80.000000,82.000000
69303.000000,62418.000000,-63.000000,-80.000000,82.000000
69313.000000,62355.000000,-64.000000,-80.000000,82.000000
69323.000000,62291.000000,-64.000000,-80.000000,81.000000
69333.000000,62227.000000,-64.000000,-80.000000,81.000000
69343.000000,62163.000000,-64.000000,-80.000000,81.000000
69353.000000,62099.000000,-63.000000,-80.000000,83.000000
69363.000000,62036.000000,-63.000000,-80.000000,83.000000
69373.000000,61971.000000,-65.000000,-80.000000,83.000000
69383.000000,61907.000000,-64.000000,-80.000000,82.000000
69393.000000,61843.000000,-64.000000,-80.000000,82.000000
69403.000000,61779.000000,-65.000000,-80.000000,82.000000
69413.000000,61714.000000,-64.000000,-80.000000,82.000000
69423.000000,61650.000000,-64.000000,-80.000000,82.000000
69433.000000,61585.000000,-65.000000,-80.000000,82.000000
69443.000000,61521.000000,-65.000000,-80.000000,81.000000
69453.000000,61457.000000,-64.000000,-80.000000,81.000000
69463.000000,61392.000000,-65.000000,-80.000000,82.000000
69473.000000,61328.000000,-64.000000,-80.000000,82.000000
69483.000000,61264.000000,-64.000000,-80.000000,82.000000
69493.000000,61199.000000,-64.000000,-80.000000,82.000000
69503.000000,61135.000000,-65.000000,-80.000000,81.000000
69513.000000,61071.000000,-64.000000,-80.000000,81.000000
69523.000000,61007.000000,-64.000000,-80.000000,82.000000
69533.000000,60942.000000,-64.000000,-80.000000,82.000000
69543.000000,60878.000000,-65.000000,-80.000000,82.000000
69553.000000,60813.000000,-64.000000,-80.000000,81.000000
69563.000000,60749.000000,-65.000000,-80.000000,81.000000
69573.000000,60685.000000,-64.000000,-80.000000,81.000000
69583.000000,60621.000000,-64.000000,-80.000000,81.000000
69593.000000,60556.000000,-64.000000,-80.000000,81.000000
69603.000000,60493.000000,-64.000000,-80.000000,81.000000
69613.000000,60429.000000,-64.000000,-80.000000,81.000000
69623.000000,60365.000000,-64.000000,-80.000000,81.000000
69633.000000,60301.000000,-63.000000,-80.000000,81.000000
69643.000000,60237.000000,-64.000000,-80.000000,83.000000
69653.000000,60173.000000,-64.000000,-80.000000,82.000000
69663.000000,60109.000000,-65.000000,-80.000000,82.000000
69673.000000,60045.000000,-64.000000,-80.000000,81.000000
69683.000000,59980.000000,-64.000000,-80.000000,81.000000
69693.000000,59916.000000,-64.000000,-80.000000,81.000000
69703.000000,59853.000000,-64.000000,-80.000000,81.000000
69713.000000,59788.000000,-64.000000,-80.000000,81.000000
69723.000000,59724.000000,-65.000000,-80.000000,81.000000
69733.000000,59660.000000,-63.000000,-80.000000,81.000000
69743.000000,59596.000000,-64.000000,-80.000000,81.000000
69753.000000,59533.000000,-64.000000,-80.000000,81.000000
69763.000000,59468.000000,-64.000000,-80.000000,81.000000
69773.000000,59404.000000,-64.000000,-80.000000,81.000000
69783.000000,59341.000000,-64.000000,-80.000000,81.000000
69793.000000,59277.000000,-64.000000,-80.000000,81.000000
69803.000000,59213.000000,-63.000000,-80.000000,83.000000
69813.000000,59149.000000,-64.000000,-80.000000,83.000000
69823.000000,59085.000000,-65.000000,-70.000000,74.000000
69833.000000,59022.000000,-62.000000,-70.000000,72.000000
69843.000000,58960.000000,-62.000000,-70.000000,73.000000
69853.000000,58899.000000,-61.000000,-70.000000,73.000000
69863.000000,58839.000000,-61.000000,-70.000000,73.000000
69873.000000,58779.000000,-59.000000,-70.000000,74.000000
69883.000000,58721.000000,-59.000000,-70.000000,74.000000
69893.000000,58661.000000,-59.000000,-70.000000,73.000000
69903.000000,58603.000000,-59.000000,-70.000000,73.000000
69913.000000,58545.000000,-58.000000,-70.000000,73.000000
69923.000000,58486.000000,-59.000000,-70.000000,73.000000
69933.000000,58427.000000,-58.000000,-70.000000,73.000000
69943.000000,58370.000000,-58.000000,-70.000000,73.000000
69953.000000,58311.000000,-58.000000,-70.000000,72.000000
69963.000000,58253.000000,-58.000000,-70.000000,72.000000
69973.000000,58196.000000,-57.000000,-70.000000,72.000000
69983.000000,58139.000000,-58.000000,-70.000000,72.000000
69993.000000,58081.000000,-57.000000,-70.000000,72.000000
70003.000000,58024.000000,-57.000000,-70.000000,72.000000
70013.000000,57967.000000,-58.000000,-70.000000,72.000000
70023.000000,57909.000000,-57.000000,-70.000000,71.000000
70033.000000,57852.000000,-57.000000,-70.000000,71.000000
70043.000000,57795.000000,-57.000000,-70.000000,71.000000
70053.000000,57739.000000,-57.000000,-70.000000,71.000000
70063.000000,57683.000000,-56.000000,-70.000000,71.000000
70073.000000,57626.000000,-57.000000,-70.000000,72.000000
70083.000000,57569.000000,-56.000000,-70.000000,72.000000
70093.000000,57513.000000,-57.000000,-70.000000,72.000000
70103.000000,57456.000000,-56.000000,-70.000000,71.000000
70113.000000,57399.000000,-57.000000,-70.000000,71.000000
70123.000000,57343.000000,-57.000000,-70.000000,71.000000
70133.000000,57286.000000,-56.000000,-70.000000,71.000000
70143.000000,57230.000000,-56.000000,-70.000000,71.000000
70153.000000,57174.000000,-57.000000,-70.000000,71.000000
70163.000000,57117.000000,-56.000000,-70.000000,70.000000
70173.000000,57061.000000,-57.000000,-70.000000,70.000000
70183.000000,57005.000000,-55.000000,-70.000000,70.000000
70193.000000,56949.000000,-56.000000,-70.000000,72.000000
70203.000000,56893.000000,-56.000000,-70.000000,71.000000
70213.000000,56837.000000,-57.000000,-70.000000,71.000000
70223.000000,56781.000000,-56.000000,-70.000000,70.000000
70233.000000,56725.000000,-56.000000,-70.000000,71.000000
70243.000000,56669.000000,-56.000000,-70.000000,71.000000
70253.000000,56613.000000,-55.000000,-70.000000,71.000000
70263.000000,56556.000000,-57.000000,-70.000000,70.000000
70273.000000,56501.000000,-56.000000,-70.000000,70.000000
70283.000000,56445.000000,-56.000000,-70.000000,71.000000
70293.000000,56389.000000,-55.000000,-70.000000,72.000000
70303.000000,56333.000000,-57.000000,-70.000000,72.000000
70313.000000,56277.000000,-56.000000,-70.000000,70.000000
70323.000000,56221.000000,-56.000000,-70.000000,71.000000
70333.000000,56165.000000,-56.000000,-70.000000,71.000000
70343.000000,56109.000000,-56.000000,-70.000000,71.000000
70353.000000,56053.000000,-56.000000,-70.000000,71.000000
70363.000000,55997.000000,-56.000000,-70.000000,71.000000
70373.000000,55940.000000,-56.000000,-70.000000,71.000000
70383.000000,55883.000000,-57.000000,-70.000000,70.000000
70393.000000,55828.000000,-56.000000,-70.000000,70.000000
70403.000000,55774.000000,-54.000000,0.000000,0.000000
70413.000000,55734.000000,-40.000000,0.000000,0.000000
70423.000000,55707.000000,-27.000000,0.000000,0.000000
70433.000000,55689.000000,-18.000000,0.000000,0.000000
70443.000000,55678.000000,-11.000000,0.000000,0.000000
70453.000000,55671.000000,-7.000000,0.000000,0.000000
70463.000000,55667.000000,-4.000000,0.000000,0.000000
70473.000000,55665.000000,-2.000000,0.000000,0.000000
70483.000000,55664.000000,-1.000000,0.000000,0.000000
70493.000000,55664.000000,0.000000,0.000000,0.000000
70503.000000,55664.000000,0.000000,0.000000,0.000000
70513.000000,55664.000000,0.000000,0.000000,0.000000
70523.000000,55664.000000,0.000000,0.000000,0.000000
70533.000000,55664.000000,0.000000,0.000000,0.000000
70543.000000,55664.000000,0.000000,0.000000,0.000000
70553.000000,55664.000000,0.000000,0.000000,0.000000
70563.000000,55664.000000,0.000000,0.000000,0.000000
70573.000000,55664.000000,0.000000,0.000000,0.000000
70583.000000,55664.000000,0.000000,0.000000,0.000000
70593.000000,55664.000000,0.000000,0.000000,0.000000
70603.000000,55664.000000,0.000000,0.000000,0.000000
70613.000000,55664.000000,0.000000,0.000000,0.000000
70623.000000,55664.000000,0.000000,0.000000,0.000000
70633.000000,55664.000000,0.000000,0.000000,0.000000
70643.000000,55664.000000,0.000000,0.000000,0.000000
70653.000000,55664.000000,0.000000,0.000000,0.000000
70663.000000,55664.000000,0.000000,0.000000,0.000000
70673.000000,55664.000000,0.000000,0.000000,0.000000
70683.000000,55664.000000,0.000000,0.000000,0.000000
70693.000000,55664.000000,0.000000,0.000000,0.000000
70703.000000,55664.000000,0.000000,0.000000,0.000000
70713.000000,55664.000000,0.000000,0.000000,0.000000
70723.000000,55664.000000,0.000000,0.000000,0.000000
70733.000000,55664.000000,0.000000,0.000000,0.000000
70743.000000,55664.000000,0.000000,0.000000,0.000000
70753.000000,55664.000000,0.000000,0.000000,0.000000
70763.000000,55664.000000,0.000000,0.000000,0.000000
70773.000000,55664.000000,0.000000,0.000000,0.000000
70783.000000,55664.000000,0.000000,0.000000,0.000000
70793.000000,55664.000000,0.000000,0.000000,0.000000
70803.000000,55664.000000,0.000000,0.000000,0.000000
70813.000000,55664.000000,0.000000,0.000000,0.000000
70823.000000,55664.000000,0.000000,0.000000,0.000000
70833.000000,55664.000000,0.000000,0.000000,0.000000
70843.000000,55664.000000,0.000000,0.000000,0.000000
70853.000000,55664.000000,0.000000,0.000000,0.000000
70863.000000,55664.000000,0.000000,0.000000,0.000000
70873.000000,55664.000000,0.000000,0.000000,0.000000
70883.000000,55664.000000,0.000000,0.000000,0.000000
70893.000000,55664.000000,0.000000,0.000000,0.000000
70903.000000,55664.000000,0.000000,0.000000,0.000000
70913.000000,55664.000000,0.000000,0.000000,0.000000
70923.000000,55664.000000,0.000000,0.000000,0.000000
70933.000000,55664.000000,0.000000,0.000000,0.000000
70943.000000,55664.000000,0.000000,0.000000,0.000000
70953.000000,55664.000000,0.000000,0.000000,0.000000
70963.000000,55664.000000,0.000000,0.000000,0.000000
70973.000000,55664.000000,0.000000,0.000000,0.000000
70983.000000,55664.000000,0.000000,0.000000,0.000000
70993.000000,55664.000000,0.000000,0.000000,0.000000
71003.000000,55664.000000,0.000000,0.000000,0.000000
71013.000000,55664.000000,0.000000,0.000000,0.000000
71023.000000,55664.000000,0.000000,0.000000,0.000000
71033.000000,55664.000000,0.000000,0.000000,0.000000
71043.000000,55664.000000,0.000000,0.000000,0.000000
71053.000000,55664.000000,0.000000,0.000000,0.000000
71063.000000,55664.000000,0.000000,0.000000,0.000000
71073.000000,55664.000000,0.000000,0.000000,0.000000
71083.000000,55664.000000,0.000000,0.000000,0.000000
71093.000000,55664.000000,0.000000,0.000000,0.000000
71103.000000,55664.000000,0.000000,0.000000,0.000000
71113.000000,55664.000000,0.000000,0.000000,0.000000
71123.000000,55664.000000,0.000000,0.000000,0.000000
71133.000000,55664.000000,0.000000,0.000000,0.000000
71143.000000,55664.000000,0.000000,0.000000,0.000000
71153.000000,55664.000000,0.000000,0.000000,0.000000
71163.000000,55664.000000,0.000000,0.000000,0.000000
71173.000000,55664.000000,0.000000,0.000000,0.000000
71183.000000,55664.000000,0.000000,0.000000,0.000000
71193.000000,55664.000000,0.000000,0.000000,0.000000
71203.000000,55664.000000,0.000000,0.000000,0.000000
71213.000000,55664.000000,0.000000,0.000000,0.000000
71223.000000,55664.000000,0.000000,0.000000,0.000000
71233.000000,55664.000000,0.000000,0.000000,0.000000
71243.000000,55664.000000,0.000000,0.000000,0.000000
71253.000000,55664.000000,0.000000,0.000000,0.000000
71263.000000,55664.000000,0.000000,0.000000,0.000000
71273.000000,55664.000000,0.000000,0.000000,0.000000
71283.000000,55664.000000,0.000000,0.000000,0.000000
71293.000000,55664.000000,0.000000,0.000000,0.000000
71303.000000,55664.000000,0.000000,0.000000,0.000000
71313.000000,55664.000000,0.000000,0.000000,0.000000
71323.000000,55664.000000,0.000000,0.000000,0.000000
71333.000000,55664.000000,0.000000,0.000000,0.000000
71343.000000,55664.000000,0.000000,0.000000,0.000000
71353.000000,55664.000000,0.000000,0.000000,0.000000
71363.000000,55664.000000,0.000000,0.000000,0.000000
71373.000000,55664.000000,0.000000,0.000000,0.000000
71383.000000,55664.000000,0.000000,0.000000,0.000000
71393.000000,55664.000000,0.000000,0.000000,0.000000
71403.000000,55664.000000,0.000000,0.000000,0.000000
71413.000000,55664.000000,0.000000,0.000000,0.000000
71423.000000,55664.000000,0.000000,0.000000,0.000000
71433.000000,55664.000000,0.000000,0.000000,0.000000
71443.000000,55664.000000,0.000000,0.000000,0.000000
71453.000000,55664.000000,0.000000,0.000000,0.000000
71463.000000,55664.000000,0.000000,0.000000,0.000000
71473.000000,55664.000000,0.000000,0.000000,0.000000
71483.000000,55664.000000,0.000000,0.000000,0.000000
71493.000000,55664.000000,0.000000,0.000000,0.000000
71503.000000,55664.000000,0.000000,0.000000,0.000000
71513.000000,55664.000000,0.000000,0.000000,0.000000
71523.000000,55664.000000,0.000000,0.000000,0.000000
71533.000000,55664.000000,0.000000,0.000000,0.000000
71543.000000,55664.000000,0.000000,0.000000,0.000000
71553.000000,55664.000000,0.000000,0.000000,0.000000
71563.000000,55664.000000,0.000000,0.000000,0.000000
71573.000000,55664.000000,0.000000,0.000000,0.000000
71583.000000,55664.000000,0.000000,0.000000,0.000000
71593.000000,55664.000000,0.000000,0.000000,0.000000
71603.000000,55664.000000,0.000000,0.000000,0.000000
71613.000000,55664.000000,0.000000,0.000000,0.000000
71623.000000,55664.000000,0.000000,0.000000,0.000000
71633.000000,55664.000000,0.000000,0.000000,0.000000
71643.000000,55664.000000,0.000000,0.000000,0.000000
71653.000000,55664.000000,0.000000,0.000000,0.000000
71663.000000,55664.000000,0.000000,0.000000,0.000000
71673.000000,55664.000000,0.000000,0.000000,0.000000
71683.000000,55664.000000,0.000000,0.000000,0.000000
71693.000000,55664.000000,0.000000,0.000000,0.000000
71703.000000,55664.000000,0.000000,0.000000,0.000000
71713.000000,55664.000000,0.000000,0.000000,0.000000
71723.000000,55664.000000,0.000000,0.000000,0.000000
71733.000000,55664.000000,0.000000,0.000000,0.000000
71743.000000,55664.000000,0.000000,0.000000,0.000000
71753.000000,55664.000000,0.000000,0.000000,0.000000
71763.000000,55664.000000,0.000000,0.000000,0.000000
71773.000000,55664.000000,0.000000,0.000000,0.000000
71783.000000,55664.000000,0.000000,0.000000,0.000000
71793.000000,55664.000000,0.000000,0.000000,0.000000
71803.000000,55664.000000,0.000000,0.000000,0.000000
71813.000000,55664.000000,0.000000,0.000000,0.000000
71823.000000,55664.000000,0.000000,0.000000,0.000000
71833.000000,55664.000000,0.000000,0.000000,0.000000
71843.000000,55664.000000,0.000000,0.000000,0.000000
71853.000000,55664.000000,0.000000,0.000000,0.000000
71863.000000,55664.000000,0.000000,0.000000,0.000000
71873.000000,55664.000000,0.000000,0.000000,0.000000
71883.000000,55664.000000,0.000000,0.000000,0.000000
71893.000000,55664.000000,0.000000,0.000000,0.000000
71903.000000,55664.000000,0.000000,0.000000,0.000000
71913.000000,55664.000000,0.000000,0.000000,0.000000
71923.000000,55664.000000,0.000000,0.000000,0.000000
71933.000000,55664.000000,0.000000,0.000000,0.000000
71943.000000,55664.000000,0.000000,0.000000,0.000000
71953.000000,55664.000000,0.000000,0.000000,0.000000
71963.000000,55664.000000,0.000000,0.000000,0.000000
71973.000000,55664.000000,0.000000,0.000000,0.000000
71983.000000,55664.000000,0.000000,0.000000,0.000000
71993.000000,55664.000000,0.000000,0.000000,0.000000
72003.000000,55664.000000,0.000000,0.000000,0.000000
72013.000000,55664.000000,0.000000,0.000000,0.000000
72023.000000,55664.000000,0.000000,0.000000,0.000000
72033.000000,55664.000000,0.000000,0.000000,0.000000
72043.000000,55664.000000,0.000000,0.000000,0.000000
72053.000000,55664.000000,0.000000,0.000000,0.000000
72063.000000,55664.000000,0.000000,0.000000,0.000000
72073.000000,55664.000000,0.000000,0.000000,0.000000
72083.000000,55664.000000,0.000000,0.000000,0.000000
72093.000000,55664.000000,0.000000,0.000000,0.000000
72103.000000,55664.000000,0.000000,0.000000,0.000000
72113.000000,55664.000000,0.000000,0.000000,0.000000
72123.000000,55664.000000,0.000000,0.000000,0.000000
72133.000000,55664.000000,0.000000,0.000000,0.000000
72143.000000,55664.000000,0.000000,0.000000,0.000000
72153.000000,55664.000000,0.000000,0.000000,0.000000
72163.000000,55664.000000,0.000000,0.000000,0.000000
72173.000000,55664.000000,0.000000,0.000000,0.000000
72183.000000,55664.000000,0.000000,0.000000,0.000000
72193.000000,55664.000000,0.000000,0.000000,0.000000
72203.000000,55664.000000,0.000000,0.000000,0.000000
72213.000000,55664.000000,0.000000,0.000000,0.000000
72223.000000,55664.000000,0.000000,0.000000,0.000000
72233.000000,55664.000000,0.000000,0.000000,0.000000
72243.000000,55664.000000,0.000000,0.000000,0.000000
72253.000000,55664.000000,0.000000,0.000000,0.000000
72263.000000,55664.000000,0.000000,0.000000,0.000000
72273.000000,55664.000000,0.000000,0.000000,0.000000
72283.000000,55664.000000,0.000000,0.000000,0.000000
72293.000000,55664.000000,0.000000,0.000000,0.000000
72303.000000,55664.000000,0.000000,0.000000,0.000000
72313.000000,55664.000000,0.000000,0.000000,0.000000
72323.000000,55664.000000,0.000000,0.000000,0.000000
72333.000000,55664.000000,0.000000,0.000000,0.000000
72343.000000,55664.000000,0.000000,0.000000,0.000000
72353.000000,55664.000000,0.000000,0.000000,0.000000
72363.000000,55664.000000,0.000000,0.000000,0.000000
72373.000000,55664.000000,0.000000,0.000000,0.000000
72383.000000,55664.000000,0.000000,0.000000,0.000000
72393.000000,55664.000000,0.000000,0.000000,0.000000
72403.000000,55664.000000,0.000000,0.000000,0.000000
72413.000000,55664.000000,0.000000,0.000000,0.000000
72423.000000,55664.000000,0.000000,0.000000,0.000000
72433.000000,55664.000000,0.000000,0.000000,0.000000
72443.000000,55664.000000,0.000000,0.000000,0.000000
72453.000000,55664.000000,0.000000,0.000000,0.000000
72463.000000,55664.000000,0.000000,0.000000,0.000000
72473.000000,55664.000000,0.000000,0.000000,0.000000
72483.000000,55664.000000,0.000000,0.000000,0.000000
72493.000000,55664.000000,0.000000,0.000000,0.000000
72503.000000,55664.000000,0.000000,0.000000,0.000000
72513.000000,55664.000000,0.000000,0.000000,0.000000
72523.000000,55664.000000,0.000000,0.000000,0.000000
72533.000000,55664.000000,0.000000,0.000000,0.000000
72543.000000,55664.000000,0.000000,0.000000,0.000000
72553.000000,55664.000000,0.000000,0.000000,0.000000
72563.000000,55664.000000,0.000000,0.000000,0.000000
72573.000000,55664.000000,0.000000,0.000000,0.000000
72583.000000,55664.000000,0.000000,0.000000,0.000000
72593.000000,55664.000000,0.000000,0.000000,0.000000
72603.000000,55664.000000,0.000000,0.000000,0.000000
72613.000000,55664.000000,0.000000,0.000000,0.000000
72623.000000,55664.000000,0.000000,0.000000,0.000000
72633.000000,55664.000000,0.000000,0.000000,0.000000
72643.000000,55664.000000,0.000000,0.000000,0.000000
72653.000000,55664.000000,0.000000,0.000000,0.000000
72663.000000,55664.000000,0.000000,0.000000,0.000000
72673.000000,55664.000000,0.000000,0.000000,0.000000
72683.000000,55664.000000,0.000000,0.000000,0.000000
72693.000000,55664.000000,0.000000,0.000000,0.000000
72703.000000,55664.000000,0.000000,0.000000,0.000000
72713.000000,55664.000000,0.000000,0.000000,0.000000
72723.000000,55664.000000,0.000000,0.000000,0.000000
72733.000000,55664.000000,0.000000,0.000000,0.000000
72743.000000,55664.000000,0.000000,0.000000,0.000000
72753.000000,55664.000000,0.000000,0.000000,0.000000
72763.000000,55664.000000,0.000000,0.000000,0.000000
72773.000000,55664.000000,0.000000,0.000000,0.000000
72783.000000,55664.000000,0.000000,0.000000,0.000000
72793.000000,55664.000000,0.000000,0.000000,0.000000
72803.000000,55664.000000,0.000000,0.000000,0.000000
72813.000000,55664.000000,0.000000,0.000000,0.000000
72823.000000,55664.000000,0.000000,0.000000,0.000000
72833.000000,55664.000000,0.000000,0.000000,0.000000
72843.000000,55664.000000,0.000000,0.000000,0.000000
72853.000000,55664.000000,0.000000,0.000000,0.000000
72863.000000,55664.000000,0.000000,0.000000,0.000000
72873.000000,55664.000000,0.000000,0.000000,0.000000
72883.000000,55664.000000,0.000000,0.000000,0.000000
72893.000000,55664.000000,0.000000,0.000000,0.000000
72903.000000,55664.000000,0.000000,0.000000,0.000000
72913.000000,55664.000000,0.000000,0.000000,0.000000
72923.000000,55664.000000,0.000000,0.000000,0.000000
72933.000000,55664.000000,0.000000,0.000000,0.000000
72943.000000,55664.000000,0.000000,0.000000,0.000000
72953.000000,55664.000000,0.000000,0.000000,0.000000
72963.000000,55664.000000,0.000000,0.000000,0.000000
72973.000000,55664.000000,0.000000,0.000000,0.000000
72983.000000,55664.000000,0.000000,0.000000,0.000000
72993.000000,55664.000000,0.000000,0.000000,0.000000
73003.000000,55664.000000,0.000000,0.000000,0.000000
73013.000000,55664.000000,0.000000,0.000000,0.000000
73023.000000,55664.000000,0.000000,0.000000,0.000000
73033.000000,55664.000000,0.000000,0.000000,0.000000
73043.000000,55664.000000,0.000000,0.000000,0.000000
73053.000000,55664.000000,0.000000,0.000000,0.000000
73063.000000,55664.000000,0.000000,0.000000,0.000000
73073.000000,55664.000000,0.000000,0.000000,0.000000
73083.000000,55664.000000,0.000000,0.000000,0.000000
73093.000000,55664.000000,0.000000,0.000000,0.000000
73103.000000,55664.000000,0.000000,0.000000,0.000000
73113.000000,55664.000000,0.000000,0.000000,0.000000
73123.000000,55664.000000,0.000000,0.000000,0.000000
73133.000000,55664.000000,0.000000,0.000000,0.000000
73143.000000,55664.000000,0.000000,0.000000,0.000000
73153.000000,55664.000000,0.000000,0.000000,0.000000
73163.000000,55664.000000,0.000000,0.000000,0.000000
73173.000000,55664.000000,0.000000,0.000000,0.000000
73183.000000,55664.000000,0.000000,0.000000,0.000000
73193.000000,55664.000000,0.000000,0.000000,0.000000
73203.000000,55664.000000,0.000000,0.000000,0.000000
73213.000000,55664.000000,0.000000,0.000000,0.000000
73223.000000,55664.000000,0.000000,0.000000,0.000000
73233.000000,55664.000000,0.000000,0.000000,0.000000
73243.000000,55664.000000,0.000000,0.000000,0.000000
73253.000000,55664.000000,0.000000,0.000000,0.000000
73263.000000,55664.000000,0.000000,0.000000,0.000000
73273.000000,55664.000000,0.000000,0.000000,0.000000
73283.000000,55664.000000,0.000000,0.000000,0.000000
73293.000000,55664.000000,0.000000,0.000000,0.000000
73303.000000,55664.000000,0.000000,0.000000,0.000000
73313.000000,55664.000000,0.000000,0.000000,0.000000
73323.000000,55664.000000,0.000000,0.000000,0.000000
73333.000000,55664.000000,0.000000,0.000000,0.000000
73343.000000,55664.000000,0.000000,0.000000,0.000000
73353.000000,55664.000000,0.000000,0.000000,0.000000
73363.000000,55664.000000,0.000000,0.000000,0.000000
73373.000000,55664.000000,0.000000,0.000000,0.000000
73383.000000,55664.000000,0.000000,0.000000,0.000000
73393.000000,55664.000000,0.000000,0.000000,0.000000
73403.000000,55664.000000,0.000000,0.000000,0.000000
73413.000000,55664.000000,0.000000,0.000000,0.000000
73423.000000,55664.000000,0.000000,0.000000,0.000000
73433.000000,55664.000000,0.000000,0.000000,0.000000
73443.000000,55664.000000,0.000000,0.000000,0.000000
73453.000000,55664.000000,0.000000,0.000000,0.000000
73463.000000,55664.000000,0.000000,0.000000,0.000000
73473.000000,55664.000000,0.000000,0.000000,0.000000
73483.000000,55664.000000,0.000000,0.000000,0.000000
73493.000000,55664.000000,0.000000,0.000000,0.000000
73503.000000,55664.000000,0.000000,0.000000,0.000000
73513.000000,55664.000000,0.000000,0.000000,0.000000
73523.000000,55664.000000,0.000000,0.000000,0.000000
73533.000000,55664.000000,0.000000,0.000000,0.000000
73543.000000,55664.000000,0.000000,0.000000,0.000000
73553.000000,55664.000000,0.000000,0.000000,0.000000
73563.000000,55664.000000,0.000000,0.000000,0.000000
73573.000000,55664.000000,0.000000,0.000000,0.000000
73583.000000,55664.000000,0.000000,0.000000,0.000000
73593.000000,55664.000000,0.000000,0.000000,0.000000
73603.000000,55664.000000,0.000000,0.000000,0.000000
73613.000000,55664.000000,0.000000,0.000000,0.000000
73623.000000,55664.000000,0.000000,0.000000,0.000000
73633.000000,55664.000000,0.000000,0.000000,0.000000
73643.000000,55664.000000,0.000000,0.000000,0.000000
73653.000000,55664.000000,0.000000,0.000000,0.000000
73663.000000,55664.000000,0.000000,0.000000,0.000000
73673.000000,55664.000000,0.000000,0.000000,0.000000
73683.000000,55664.000000,0.000000,0.000000,0.000000
73693.000000,55664.000000,0.000000,0.000000,0.000000
73703.000000,55664.000000,0.000000,0.000000,0.000000
73713.000000,55664.000000,0.000000,0.000000,0.000000
73723.000000,55664.000000,0.000000,0.000000,0.000000
73733.000000,55664.000000,0.000000,0.000000,0.000000
73743.000000,55664.000000,0.000000,0.000000,0.000000
73753.000000,55664.000000,0.000000,0.000000,0.000000
73763.000000,55664.000000,0.000000,0.000000,0.000000
73773.000000,55664.000000,0.000000,0.000000,0.000000
73783.000000,55664.000000,0.000000,0.000000,0.000000
73793.000000,55664.000000,0.000000,0.000000,0.000000
73803.000000,55664.000000,0.000000,0.000000,0.000000
73813.000000,55664.000000,0.000000,0.000000,0.000000
73823.000000,55664.000000,0.000000,0.000000,0.000000
73833.000000,55664.000000,0.000000,0.000000,0.000000
73843.000000,55664.000000,0.000000,0.000000,0.000000
73853.000000,55664.000000,0.000000,0.000000,0.000000
73863.000000,55664.000000,0.000000,0.000000,0.000000
73873.000000,55664.000000,0.000000,0.000000,0.000000
73883.000000,55664.000000,0.000000,0.000000,0.000000
73893.000000,55664.000000,0.000000,0.000000,0.000000
73903.000000,55664.000000,0.000000,0.000000,0.000000
73913.000000,55664.000000,0.000000,0.000000,0.000000
73923.000000,55664.000000,0.000000,0.000000,0.000000
73933.000000,55664.000000,0.000000,0.000000,0.000000
73943.000000,55664.000000,0.000000,0.000000,0.000000
73953.000000,55664.000000,0.000000,0.000000,0.000000
73963.000000,55664.000000,0.000000,0.000000,0.000000
73973.000000,55664.000000,0.000000,0.000000,0.000000
73983.000000,55664.000000,0.000000,0.000000,0.000000
73993.000000,55664.000000,0.000000,0.000000,0.000000
74003.000000,55664.000000,0.000000,0.000000,0.000000
74013.000000,55664.000000,0.000000,0.000000,0.000000
74023.000000,55664.000000,0.000000,0.000000,0.000000
74033.000000,55664.000000,0.000000,0.000000,0.000000
74043.000000,55664.000000,0.000000,0.000000,0.000000
74053.000000,55664.000000,0.000000,0.000000,0.000000
74063.000000,55664.000000,0.000000,0.000000,0.000000
74073.000000,55664.000000,0.000000,0.000000,0.000000
74083.000000,55664.000000,0.000000,0.000000,0.000000
74093.000000,55664.000000,0.000000,0.000000,0.000000
74103.000000,55664.000000,0.000000,0.000000,0.000000
74113.000000,55664.000000,0.000000,0.000000,0.000000
74123.000000,55664.000000,0.000000,0.000000,0.000000
74133.000000,55664.000000,0.000000,0.000000,0.000000
74143.000000,55664.000000,0.000000,0.000000,0.000000
74153.000000,55664.000000,0.000000,0.000000,0.000000
74163.000000,55664.000000,0.000000,0.000000,0.000000
74173.000000,55664.000000,0.000000,0.000000,0.000000
74183.000000,55664.000000,0.000000,0.000000,0.000000
74193.000000,55664.000000,0.000000,0.000000,0.000000
74203.000000,55664.000000,0.000000,0.000000,0.000000
74213.000000,55664.000000,0.000000,0.000000,0.000000
74223.000000,55664.000000,0.000000,0.000000,0.000000
74233.000000,55664.000000,0.000000,0.000000,0.000000
74243.000000,55664.000000,0.000000,0.000000,0.000000
74253.000000,55664.000000,0.000000,0.000000,0.000000
74263.000000,55664.000000,0.000000,0.000000,0.000000
74273.000000,55664.000000,0.000000,0.000000,0.000000
74283.000000,55664.000000,0.000000,0.000000,0.000000
74293.000000,55664.000000,0.000000,0.000000,0.000000
74303.000000,55664.000000,0.000000,0.000000,0.000000
74313.000000,55664.000000,0.000000,0.000000,0.000000
74323.000000,55664.000000,0.000000,0.000000,0.000000
74333.000000,55664.000000,0.000000,0.000000,0.000000
74343.000000,55664.000000,0.000000,0.000000,0.000000
74353.000000,55664.000000,0.000000,0.000000,0.000000
74363.000000,55664.000000,0.000000,0.000000,0.000000
74373.000000,55664.000000,0.000000,0.000000,0.000000
74383.000000,55664.000000,0.000000,0.000000,0.000000
74393.000000,55664.000000,0.000000,0.000000,0.000000
74403.000000,55664.000000,0.000000,0.000000,0.000000
74413.000000,55664.000000,0.000000,0.000000,0.000000
74423.000000,55664.000000,0.000000,0.000000,0.000000
74433.000000,55664.000000,0.000000,0.000000,0.000000
74443.000000,55664.000000,0.000000,0.000000,0.000000
74453.000000,55664.000000,0.000000,0.000000,0.000000
74463.000000,55664.000000,0.000000,0.000000,0.000000
74473.000000,55664.000000,0.000000,0.000000,0.000000
74483.000000,55664.000000,0.000000,0.000000,0.000000
74493.000000,55664.000000,0.000000,0.000000,0.000000
74503.000000,55664.000000,0.000000,0.000000,0.000000
74513.000000,55664.000000,0.000000,0.000000,0.000000
74523.000000,55664.000000,0.000000,0.000000,0.000000
74533.000000,55664.000000,0.000000,0.000000,0.000000
74543.000000,55664.000000,0.000000,0.000000,0.000000
74553.000000,55664.000000,0.000000,0.000000,0.000000
74563.000000,55664.000000,0.000000,0.000000,0.000000
74573.000000,55664.000000,0.000000,0.000000,0.000000
74583.000000,55664.000000,0.000000,0.000000,0.000000
74593.000000,55664.000000,0.000000,0.000000,0.000000
74603.000000,55664.000000,0.000000,0.000000,0.000000
74613.000000,55664.000000,0.000000,0.000000,0.000000
74623.000000,55664.000000,0.000000,0.000000,0.000000
74633.000000,55664.000000,0.000000,0.000000,0.000000
74643.000000,55664.000000,0.000000,0.000000,0.000000
74653.000000,55664.000000,0.000000,0.000000,0.000000
74663.000000,55664.000000,0.000000,0.000000,0.000000
74673.000000,55664.000000,0.000000,0.000000,0.000000
74683.000000,55664.000000,0.000000,0.000000,0.000000
74693.000000,55664.000000,0.000000,0.000000,0.000000
74703.000000,55664.000000,0.000000,0.000000,0.000000
74713.000000,55664.000000,0.000000,0.000000,0.000000
74723.000000,55664.000000,0.000000,0.000000,0.000000
74733.000000,55664.000000,0.000000,0.000000,0.000000
74743.000000,55664.000000,0.000000,0.000000,0.000000
74753.000000,55664.000000,0.000000,0.000000,0.000000
74763.000000,55664.000000,0.000000,0.000000,0.000000
74773.000000,55664.000000,0.000000,0.000000,0.000000
74783.000000,55664.000000,0.000000,0.000000,0.000000
74793.000000,55664.000000,0.000000,0.000000,0.000000
74803.000000,55664.000000,0.000000,0.000000,0.000000
74813.000000,55664.000000,0.000000,0.000000,0.000000
74823.000000,55664.000000,0.000000,0.000000,0.000000
74833.000000,55664.000000,0.000000,0.000000,0.000000
74843.000000,55664.000000,0.000000,0.000000,0.000000
74853.000000,55664.000000,0.000000,0.000000,0.000000
74863.000000,55664.000000,0.000000,0.000000,0.000000
74873.000000,55664.000000,0.000000,0.000000,0.000000
74883.000000,55664.000000,0.000000,0.000000,0.000000
74893.000000,55664.000000,0.000000,0.000000,0.000000
74903.000000,55664.000000,0.000000,0.000000,0.000000
74913.000000,55664.000000,0.000000,0.000000,0.000000
74923.000000,55664.000000,0.000000,0.000000,0.000000
74933.000000,55664.000000,0.000000,0.000000,0.000000
74943.000000,55664.000000,0.000000,0.000000,0.000000
74953.000000,55664.000000,0.000000,0.000000,0.000000
74963.000000,55664.000000,0.000000,0.000000,0.000000
74973.000000,55664.000000,0.000000,0.000000,0.000000
74983.000000,55664.000000,0.000000,0.000000,0.000000
74993.000000,55664.000000,0.000000,0.000000,0.000000
75003.000000,55664.000000,0.000000,0.000000,0.000000
75013.000000,55664.000000,0.000000,0.000000,0.000000
75023.000000,55664.000000,0.000000,0.000000,0.000000
75033.000000,55664.000000,0.000000,0.000000,0.000000
75043.000000,55664.000000,0.000000,0.000000,0.000000
75053.000000,55664.000000,0.000000,0.000000,0.000000
75063.000000,55664.000000,0.000000,0.000000,0.000000
75073.000000,55664.000000,0.000000,0.000000,0.000000
75083.000000,55664.000000,0.000000,0.000000,0.000000
75093.000000,55664.000000,0.000000,0.000000,0.000000
75103.000000,55664.000000,0.000000,0.000000,0.000000
75113.000000,55664.000000,0.000000,0.000000,0.000000
75123.000000,55664.000000,0.000000,0.000000,0.000000
75133.000000,55664.000000,0.000000,0.000000,0.000000
75143.000000,55664.000000,0.000000,0.000000,0.000000
75153.000000,55664.000000,0.000000,0.000000,0.000000
75163.000000,55664.000000,0.000000,0.000000,0.000000
75173.000000,55664.000000,0.000000,0.000000,0.000000
75183.000000,55664.000000,0.000000,0.000000,0.000000
75193.000000,55664.000000,0.000000,0.000000,0.000000
75203.000000,55664.000000,0.000000,0.000000,0.000000
75213.000000,55664.000000,0.000000,0.000000,0.000000
75223.000000,55664.000000,0.000000,0.000000,0.000000
75233.000000,55664.000000,0.000000,0.000000,0.000000
75243.000000,55664.000000,0.000000,0.000000,0.000000
75253.000000,55664.000000,0.000000,0.000000,0.000000
75263.000000,55664.000000,0.000000,0.000000,0.000000
75273.000000,55664.000000,0.000000,0.000000,0.000000
75283.000000,55664.000000,0.000000,0.000000,0.000000
75293.000000,55664.000000,0.000000,0.000000,0.000000
75303.000000,55664.000000,0.000000,0.000000,0.000000
75313.000000,55664.000000,0.000000,0.000000,0.000000
75323.000000,55664.000000,0.000000,0.000000,0.000000
75333.000000,55664.000000,0.000000,0.000000,0.000000
75343.000000,55664.000000,0.000000,0.000000,0.000000
75353.000000,55664.000000,0.000000,0.000000,0.000000
75363.000000,55664.000000,0.000000,0.000000,0.000000
75373.000000,55664.000000,0.000000,0.000000,0.000000
75383.000000,55664.000000,0.000000,0.000000,0.000000
75393.000000,55664.000000,0.000000,0.000000,0.000000
75403.000000,55664.000000,0.000000,0.000000,0.000000
75413.000000,55664.000000,0.000000,0.000000,0.000000
75423.000000,55664.000000,0.000000,0.000000,0.000000
75433.000000,55664.000000,0.000000,0.000000,0.000000
75443.000000,55664.000000,0.000000,0.000000,0.000000
75453.000000,55664.000000,0.000000,0.000000,0.000000
75463.000000,55664.000000,0.000000,0.000000,0.000000
75473.000000,55664.000000,0.000000,0.000000,0.000000
75483.000000,55664.000000,0.000000,0.000000,0.000000
75493.000000,55664.000000,0.000000,0.000000,0.000000
75503.000000,55664.000000,0.000000,0.000000,0.000000
75513.000000,55664.000000,0.000000,0.000000,0.000000
75523.000000,55664.000000,0.000000,0.000000,0.000000
75533.000000,55664.000000,0.000000,0.000000,0.000000
75543.000000,55664.000000,0.000000,0.000000,0.000000
75553.000000,55664.000000,0.000000,0.000000,0.000000
75563.000000,55664.000000,0.000000,0.000000,0.000000
75573.000000,55664.000000,0.000000,0.000000,0.000000
75583.000000,55664.000000,0.000000,0.000000,0.000000
75593.000000,55664.000000,0.000000,0.000000,0.000000
75603.000000,55664.000000,0.000000,0.000000,0.000000
75613.000000,55664.000000,0.000000,0.000000,0.000000
75623.000000,55664.000000,0.000000,0.000000,0.000000
75633.000000,55664.000000,0.000000,0.000000,0.000000
75643.000000,55664.000000,0.000000,0.000000,0.000000
75653.000000,55664.000000,0.000000,0.000000,0.000000
75663.000000,55664.000000,0.000000,0.000000,0.000000
75673.000000,55664.000000,0.000000,0.000000,0.000000
75683.000000,55664.000000,0.000000,0.000000,0.000000
75693.000000,55664.000000,0.000000,0.000000,0.000000
75703.000000,55664.000000,0.000000,0.000000,0.000000
75713.000000,55664.000000,0.000000,0.000000,0.000000
75723.000000,55664.000000,0.000000,0.000000,0.000000
75733.000000,55664.000000,0.000000,0.000000,0.000000
75743.000000,55664.000000,0.000000,0.000000,0.000000
75753.000000,55664.000000,0.000000,0.000000,0.000000
75763.000000,55664.000000,0.000000,0.000000,0.000000
75773.000000,55664.000000,0.000000,0.000000,0.000000
75783.000000,55664.000000,0.000000,0.000000,0.000000
75793.000000,55664.000000,0.000000,0.000000,0.000000
75803.000000,55664.000000,0.000000,0.000000,0.000000
75813.000000,55664.000000,0.000000,0.000000,0.000000
75823.000000,55664.000000,0.000000,0.000000,0.000000
75833.000000,55664.000000,0.000000,0.000000,0.000000
75843.000000,55664.000000,0.000000,0.000000,0.000000
75853.000000,55664.000000,0.000000,0.000000,0.000000
75863.000000,55664.000000,0.000000,0.000000,0.000000
75873.000000,55664.000000,0.000000,0.000000,0.000000
75883.000000,55664.000000,0.000000,0.000000,0.000000
75893.000000,55664.000000,0.000000,0.000000,0.000000
75903.000000,55664.000000,0.000000,0.000000,0.000000
75913.000000,55664.000000,0.000000,0.000000,0.000000
75923.000000,55664.000000,0.000000,0.000000,0.000000
75933.000000,55664.000000,0.000000,0.000000,0.000000
75943.000000,55664.000000,0.000000,0.000000,0.000000
75953.000000,55664.000000,0.000000,0.000000,0.000000
75963.000000,55664.000000,0.000000,0.000000,0.000000
75973.000000,55664.000000,0.000000,0.000000,0.000000
75983.000000,55664.000000,0.000000,0.000000,0.000000
75993.000000,55664.000000,0.000000,0.000000,0.000000
76003.000000,55664.000000,0.000000,0.000000,0.000000
76013.000000,55664.000000,0.000000,0.000000,0.000000
76023.000000,55664.000000,0.000000,0.000000,0.000000
76033.000000,55664.000000,0.000000,0.000000,0.000000
76043.000000,55664.000000,0.000000,0.000000,0.000000
76053.000000,55664.000000,0.000000,0.000000,0.000000
76063.000000,55664.000000,0.000000,0.000000,0.000000
76073.000000,55664.000000,0.000000,0.000000,0.000000
76083.000000,55664.000000,0.000000,0.000000,0.000000
76093.000000,55664.000000,0.000000,0.000000,0.000000
76103.000000,55664.000000,0.000000,0.000000,0.000000
76113.000000,55664.000000,0.000000,0.000000,0.000000
76123.000000,55664.000000,0.000000,0.000000,0.000000
76133.000000,55664.000000,0.000000,0.000000,0.000000
76143.000000,55664.000000,0.000000,0.000000,0.000000
76153.000000,55664.000000,0.000000,0.000000,0.000000
76163.000000,55664.000000,0.000000,0.000000,0.000000
76173.000000,55664.000000,0.000000,0.000000,0.000000
76183.000000,55664.000000,0.000000,0.000000,0.000000
76193.000000,55664.000000,0.000000,0.000000,0.000000
76203.000000,55664.000000,0.000000,0.000000,0.000000
76213.000000,55664.000000,0.000000,0.000000,0.000000
76223.000000,55664.000000,0.000000,0.000000,0.000000
76233.000000,55664.000000,0.000000,0.000000,0.000000
76243.000000,55664.000000,0.000000,0.000000,0.000000
76253.000000,55664.000000,0.000000,0.000000,0.000000
76263.000000,55664.000000,0.000000,0.000000,0.000000
76273.000000,55664.000000,0.000000,0.000000,0.000000
76283.000000,55664.000000,0.000000,0.000000,0.000000
76293.000000,55664.000000,0.000000,0.000000,0.000000
76303.000000,55664.000000,0.000000,0.000000,0.000000
76313.000000,55664.000000,0.000000,0.000000,0.000000
76323.000000,55664.000000,0.000000,0.000000,0.000000
76333.000000,55664.000000,0.000000,0.000000,0.000000
76343.000000,55664.000000,0.000000,0.000000,0.000000
76353.000000,55664.000000,0.000000,0.000000,0.000000
76363.000000,55664.000000,0.000000,0.000000,0.000000
76373.000000,55664.000000,0.000000,0.000000,0.000000
76383.000000,55664.000000,0.000000,0.000000,0.000000
76393.000000,55664.000000,0.000000,0.000000,0.000000
76403.000000,55664.000000,0.000000,0.000000,0.000000
76413.000000,55664.000000,0.000000,0.000000,0.000000
76423.000000,55664.000000,0.000000,0.000000,0.000000
76433.000000,55664.000000,0.000000,0.000000,0.000000
