I0,I1,I2,I3,I4,I5,I6
21943.000000,17650.000000,22.000000,999.000000,0.000000,0.000000,0.000000
21953.000000,17682.000000,32.000000,889.000000,0.000000,0.000000,0.000000
21963.000000,17720.000000,38.000000,699.000000,0.000000,0.000000,0.000000
21973.000000,17761.000000,41.000000,589.000000,0.000000,0.000000,0.000000
21983.000000,17800.000000,39.000000,529.000000,0.000000,0.000000,0.000000
21993.000000,17836.000000,35.000000,579.000000,0.000000,0.000000,0.000000
22003.000000,17869.000000,33.000000,659.000000,0.000000,0.000000,0.000000
22013.000000,17902.000000,34.000000,699.000000,0.000000,0.000000,0.000000
22023.000000,17936.000000,33.000000,679.000000,0.000000,0.000000,0.000000
22033.000000,17970.000000,35.000000,699.000000,0.000000,0.000000,0.000000
22043.000000,18006.000000,36.000000,659.000000,0.000000,0.000000,0.000000
22053.000000,18042.000000,36.000000,639.000000,0.000000,0.000000,0.000000
22063.000000,18078.000000,36.000000,639.000000,0.000000,0.000000,0.000000
22073.000000,18114.000000,36.000000,639.000000,0.000000,0.000000,0.000000
22083.000000,18149.000000,35.000000,639.000000,0.000000,0.000000,0.000000
22093.000000,18184.000000,35.000000,659.000000,0.000000,0.000000,0.000000
22103.000000,18219.000000,35.000000,659.000000,0.000000,0.000000,0.000000
22113.000000,18253.000000,34.000000,659.000000,0.000000,0.000000,0.000000
22123.000000,18280.000000,27.000000,679.000000,0.000000,0.000000,0.000000
22133.000000,18299.000000,19.000000,819.000000,0.000000,0.000000,0.000000
22143.000000,18311.000000,12.000000,979.000000,0.000000,0.000000,0.000000
22153.000000,18318.000000,7.000000,999.000000,0.000000,0.000000,0.000000
22163.000000,18320.000000,2.000000,999.000000,0.000000,0.000000,0.000000
22173.000000,18319.000000,-1.000000,999.000000,0.000000,0.000000,0.000000
22183.000000,18317.000000,-2.000000,999.000000,0.000000,0.000000,0.000000
22193.000000,18316.000000,-1.000000,999.000000,0.000000,0.000000,0.000000
22203.000000,18315.000000,-1.000000,999.000000,0.000000,0.000000,0.000000
22213.000000,18314.000000,-1.000000,999.000000,0.000000,0.000000,0.000000
22223.000000,18313.000000,-1.000000,999.000000,0.000000,0.000000,0.000000
22233.000000,18312.000000,-1.000000,999.000000,0.000000,0.000000,0.000000
22243.000000,18312.000000,0.000000,999.000000,0.000000,0.000000,0.000000
22253.000000,18312.000000,0.000000,999.000000,0.000000,0.000000,0.000000
22263.000000,18312.000000,0.000000,999.000000,0.000000,0.000000,0.000000
22273.000000,18312.000000,0.000000,999.000000,0.000000,0.000000,0.000000
22283.000000,18312.000000,0.000000,999.000000,0.000000,0.000000,0.000000
22293.000000,18312.000000,0.000000,999.000000,0.000000,0.000000,0.000000
22303.000000,18312.000000,0.000000,999.000000,0.000000,0.000000,0.000000
22313.000000,18312.000000,0.000000,999.000000,0.000000,0.000000,0.000000
22323.000000,18312.000000,0.000000,999.000000,0.000000,0.000000,0.000000
22333.000000,18312.000000,0.000000,999.000000,0.000000,0.000000,0.000000
22343.000000,18312.000000,0.000000,999.000000,0.000000,0.000000,0.000000
22353.000000,18312.000000,0.000000,999.000000,0.000000,0.000000,0.000000
22363.000000,18312.000000,0.000000,999.000000,0.000000,0.000000,0.000000
22373.000000,18312.000000,0.000000,999.000000,0.000000,0.000000,0.000000
22383.000000,18312.000000,0.000000,999.000000,0.000000,0.000000,0.000000
22393.000000,18316.000000,4.000000,999.000000,0.000000,0.000000,0.000000
22403.000000,18336.000000,20.000000,999.000000,0.000000,0.000000,0.000000
22413.000000,18367.000000,31.000000,929.000000,0.000000,0.000000,0.000000
22423.000000,18406.000000,38.000000,719.000000,0.000000,0.000000,0.000000
22433.000000,18448.000000,42.000000,589.000000,0.000000,0.000000,0.000000
22443.000000,18488.000000,41.000000,509.000000,0.000000,0.000000,0.000000
22453.000000,18526.000000,38.000000,539.000000,0.000000,0.000000,0.000000
22463.000000,18560.000000,34.000000,599.000000,0.000000,0.000000,0.000000
22473.000000,18594.000000,33.000000,679.000000,0.000000,0.000000,0.000000
22483.000000,18626.000000,33.000000,699.000000,0.000000,0.000000,0.000000
22493.000000,18660.000000,34.000000,699.000000,0.000000,0.000000,0.000000
22503.000000,18696.000000,35.000000,679.000000,0.000000,0.000000,0.000000
22513.000000,18731.000000,36.000000,659.000000,0.000000,0.000000,0.000000
22523.000000,18767.000000,36.000000,639.000000,0.000000,0.000000,0.000000
22533.000000,18803.000000,36.000000,639.000000,0.000000,0.000000,0.000000
22543.000000,18838.000000,35.000000,639.000000,0.000000,0.000000,0.000000
22553.000000,18873.000000,35.000000,659.000000,0.000000,0.000000,0.000000
22563.000000,18908.000000,35.000000,659.000000,0.000000,0.000000,0.000000
22573.000000,18942.000000,34.000000,659.000000,0.000000,0.000000,0.000000
22583.000000,18970.000000,28.000000,679.000000,0.000000,0.000000,0.000000
22593.000000,18990.000000,20.000000,799.000000,0.000000,0.000000,0.000000
22603.000000,19003.000000,13.000000,959.000000,0.000000,0.000000,0.000000
22613.000000,19009.000000,6.000000,999.000000,0.000000,0.000000,0.000000
22623.000000,19010.000000,1.000000,999.000000,0.000000,0.000000,0.000000
22633.000000,19009.000000,-1.000000,999.000000,0.000000,0.000000,0.000000
22643.000000,19008.000000,-1.000000,999.000000,0.000000,0.000000,0.000000
22653.000000,19008.000000,0.000000,999.000000,0.000000,0.000000,0.000000
22663.000000,19008.000000,0.000000,999.000000,0.000000,0.000000,0.000000
22673.000000,19008.000000,0.000000,999.000000,0.000000,0.000000,0.000000
22683.000000,19008.000000,0.000000,999.000000,0.000000,0.000000,0.000000
22693.000000,19008.000000,0.000000,999.000000,0.000000,0.000000,0.000000
22703.000000,19008.000000,0.000000,999.000000,0.000000,0.000000,0.000000
22713.000000,19008.000000,0.000000,999.000000,0.000000,0.000000,0.000000
22723.000000,19008.000000,0.000000,999.000000,0.000000,0.000000,0.000000
22733.000000,19008.000000,0.000000,999.000000,0.000000,0.000000,0.000000
22743.000000,19008.000000,0.000000,999.000000,0.000000,0.000000,0.000000
22753.000000,19008.000000,0.000000,999.000000,0.000000,0.000000,0.000000
22763.000000,19008.000000,0.000000,999.000000,0.000000,0.000000,0.000000
22773.000000,19008.000000,0.000000,999.000000,0.000000,0.000000,0.000000
22783.000000,19008.000000,0.000000,999.000000,0.000000,0.000000,0.000000
22793.000000,19008.000000,0.000000,999.000000,0.000000,0.000000,0.000000
22803.000000,19008.000000,0.000000,999.000000,0.000000,0.000000,0.000000
22813.000000,19008.000000,0.000000,999.000000,0.000000,0.000000,0.000000
22823.000000,19008.000000,0.000000,999.000000,0.000000,0.000000,0.000000
22833.000000,19008.000000,0.000000,999.000000,0.000000,0.000000,0.000000
22843.000000,19008.000000,0.000000,999.000000,0.000000,0.000000,0.000000
22853.000000,19008.000000,0.000000,999.000000,0.000000,0.000000,0.000000
22863.000000,19014.000000,6.000000,999.000000,0.000000,0.000000,0.000000
22873.000000,19035.000000,21.000000,999.000000,0.000000,0.000000,0.000000
22883.000000,19068.000000,32.000000,909.000000,0.000000,0.000000,0.000000
22893.000000,19106.000000,39.000000,699.000000,0.000000,0.000000,0.000000
22903.000000,19148.000000,41.000000,569.000000,0.000000,0.000000,0.000000
22913.000000,19187.000000,40.000000,529.000000,0.000000,0.000000,0.000000
22923.000000,19223.000000,36.000000,559.000000,0.000000,0.000000,0.000000
22933.000000,19257.000000,34.000000,639.000000,0.000000,0.000000,0.000000
22943.000000,19290.000000,33.000000,679.000000,0.000000,0.000000,0.000000
22953.000000,19322.000000,32.000000,699.000000,0.000000,0.000000,0.000000
22963.000000,19356.000000,33.000000,719.000000,0.000000,0.000000,0.000000
22973.000000,19390.000000,35.000000,699.000000,0.000000,0.000000,0.000000
22983.000000,19426.000000,36.000000,659.000000,0.000000,0.000000,0.000000
22993.000000,19462.000000,36.000000,639.000000,0.000000,0.000000,0.000000
23003.000000,19497.000000,35.000000,639.000000,0.000000,0.000000,0.000000
23013.000000,19531.000000,34.000000,659.000000,0.000000,0.000000,0.000000
23023.000000,19565.000000,34.000000,679.000000,0.000000,0.000000,0.000000
23033.000000,19600.000000,34.000000,679.000000,0.000000,0.000000,0.000000
23043.000000,19627.000000,28.000000,679.000000,0.000000,0.000000,0.000000
23053.000000,19648.000000,21.000000,799.000000,0.000000,0.000000,0.000000
23063.000000,19663.000000,15.000000,939.000000,0.000000,0.000000,0.000000
23073.000000,19672.000000,9.000000,999.000000,0.000000,0.000000,0.000000
23083.000000,19676.000000,4.000000,999.000000,0.000000,0.000000,0.000000
23093.000000,19676.000000,0.000000,999.000000,0.000000,0.000000,0.000000
23103.000000,19675.000000,-1.000000,999.000000,0.000000,0.000000,0.000000
23113.000000,19674.000000,-1.000000,999.000000,0.000000,0.000000,0.000000
23123.000000,19673.000000,-1.000000,999.000000,0.000000,0.000000,0.000000
23133.000000,19671.000000,-2.000000,999.000000,0.000000,0.000000,0.000000
23143.000000,19670.000000,-1.000000,999.000000,0.000000,0.000000,0.000000
23153.000000,19670.000000,0.000000,999.000000,0.000000,0.000000,0.000000
23163.000000,19669.000000,-1.000000,999.000000,0.000000,0.000000,0.000000
23173.000000,19669.000000,0.000000,999.000000,0.000000,0.000000,0.000000
23183.000000,19669.000000,0.000000,999.000000,0.000000,0.000000,0.000000
23193.000000,19669.000000,0.000000,999.000000,0.000000,0.000000,0.000000
23203.000000,19669.000000,0.000000,999.000000,0.000000,0.000000,0.000000
23213.000000,19669.000000,0.000000,999.000000,0.000000,0.000000,0.000000
23223.000000,19669.000000,0.000000,999.000000,0.000000,0.000000,0.000000
23233.000000,19669.000000,0.000000,999.000000,0.000000,0.000000,0.000000
23243.000000,19669.000000,0.000000,999.000000,0.000000,0.000000,0.000000
23253.000000,19669.000000,0.000000,999.000000,0.000000,0.000000,0.000000
23263.000000,19669.000000,0.000000,999.000000,0.000000,0.000000,0.000000
23273.000000,19669.000000,0.000000,999.000000,0.000000,0.000000,0.000000
23283.000000,19669.000000,0.000000,999.000000,0.000000,0.000000,0.000000
23293.000000,19669.000000,0.000000,999.000000,0.000000,0.000000,0.000000
23303.000000,19669.000000,0.000000,999.000000,0.000000,0.000000,0.000000
23313.000000,19669.000000,0.000000,999.000000,0.000000,0.000000,0.000000
23323.000000,19674.000000,5.000000,999.000000,0.000000,0.000000,0.000000
23333.000000,19695.000000,21.000000,999.000000,0.000000,0.000000,0.000000
23343.000000,19727.000000,32.000000,909.000000,0.000000,0.000000,0.000000
23353.000000,19767.000000,40.000000,699.000000,0.000000,0.000000,0.000000
23363.000000,19810.000000,43.000000,549.000000,0.000000,0.000000,0.000000
23373.000000,19852.000000,42.000000,489.000000,0.000000,0.000000,0.000000
23383.000000,19892.000000,39.000000,519.000000,0.000000,0.000000,0.000000
23393.000000,19928.000000,36.000000,579.000000,0.000000,0.000000,0.000000
23403.000000,19962.000000,35.000000,639.000000,0.000000,0.000000,0.000000
23413.000000,19997.000000,35.000000,659.000000,0.000000,0.000000,0.000000
23423.000000,20033.000000,35.000000,659.000000,0.000000,0.000000,0.000000
23433.000000,20070.000000,38.000000,659.000000,0.000000,0.000000,0.000000
23443.000000,20107.000000,37.000000,599.000000,0.000000,0.000000,0.000000
23453.000000,20145.000000,37.000000,629.000000,0.000000,0.000000,0.000000
23463.000000,20182.000000,38.000000,629.000000,0.000000,0.000000,0.000000
23473.000000,20219.000000,37.000000,609.000000,0.000000,0.000000,0.000000
23483.000000,20256.000000,37.000000,629.000000,0.000000,0.000000,0.000000
23493.000000,20292.000000,36.000000,629.000000,0.000000,0.000000,0.000000
23503.000000,20330.000000,37.000000,649.000000,0.000000,0.000000,0.000000
23513.000000,20367.000000,37.000000,629.000000,0.000000,0.000000,0.000000
23523.000000,20400.000000,34.000000,629.000000,0.000000,0.000000,0.000000
23533.000000,20426.000000,26.000000,689.000000,0.000000,0.000000,0.000000
23543.000000,20445.000000,19.000000,839.000000,0.000000,0.000000,0.000000
23553.000000,20459.000000,14.000000,979.000000,0.000000,0.000000,0.000000
23563.000000,20468.000000,9.000000,999.000000,0.000000,0.000000,0.000000
23573.000000,20472.000000,4.000000,999.000000,0.000000,0.000000,0.000000
23583.000000,20472.000000,0.000000,999.000000,0.000000,0.000000,0.000000
23593.000000,20471.000000,-1.000000,999.000000,0.000000,0.000000,0.000000
23603.000000,20470.000000,-1.000000,999.000000,0.000000,0.000000,0.000000
23613.000000,20468.000000,-2.000000,999.000000,0.000000,0.000000,0.000000
23623.000000,20467.000000,-1.000000,999.000000,0.000000,0.000000,0.000000
23633.000000,20466.000000,-1.000000,999.000000,0.000000,0.000000,0.000000
23643.000000,20465.000000,-1.000000,999.000000,0.000000,0.000000,0.000000
23653.000000,20464.000000,-1.000000,999.000000,0.000000,0.000000,0.000000
23663.000000,20464.000000,0.000000,999.000000,0.000000,0.000000,0.000000
23673.000000,20464.000000,0.000000,999.000000,0.000000,0.000000,0.000000
23683.000000,20464.000000,0.000000,999.000000,0.000000,0.000000,0.000000
23693.000000,20464.000000,0.000000,999.000000,0.000000,0.000000,0.000000
23703.000000,20464.000000,0.000000,999.000000,0.000000,0.000000,0.000000
23713.000000,20464.000000,0.000000,999.000000,0.000000,0.000000,0.000000
23723.000000,20464.000000,0.000000,999.000000,0.000000,0.000000,0.000000
23733.000000,20464.000000,0.000000,999.000000,0.000000,0.000000,0.000000
23743.000000,20464.000000,0.000000,999.000000,0.000000,0.000000,0.000000
23753.000000,20464.000000,0.000000,999.000000,0.000000,0.000000,0.000000
23763.000000,20464.000000,0.000000,999.000000,0.000000,0.000000,0.000000
23773.000000,20464.000000,0.000000,999.000000,0.000000,0.000000,0.000000
23783.000000,20464.000000,0.000000,999.000000,0.000000,0.000000,0.000000
23793.000000,20464.000000,0.000000,999.000000,0.000000,0.000000,0.000000
23803.000000,20464.000000,0.000000,999.000000,0.000000,0.000000,0.000000
23813.000000,20471.000000,7.000000,999.000000,0.000000,0.000000,0.000000
23823.000000,20494.000000,23.000000,999.000000,0.000000,0.000000,0.000000
23833.000000,20528.000000,34.000000,869.000000,0.000000,0.000000,0.000000
23843.000000,20568.000000,40.000000,659.000000,0.000000,0.000000,0.000000
23853.000000,20612.000000,44.000000,549.000000,0.000000,0.000000,0.000000
23863.000000,20654.000000,42.000000,479.000000,0.000000,0.000000,0.000000
23873.000000,20692.000000,38.000000,519.000000,0.000000,0.000000,0.000000
23883.000000,20728.000000,36.000000,599.000000,0.000000,0.000000,0.000000
23893.000000,20763.000000,34.000000,639.000000,0.000000,0.000000,0.000000
23903.000000,20798.000000,35.000000,679.000000,0.000000,0.000000,0.000000
23913.000000,20833.000000,35.000000,659.000000,0.000000,0.000000,0.000000
23923.000000,20869.000000,37.000000,659.000000,0.000000,0.000000,0.000000
23933.000000,20906.000000,36.000000,619.000000,0.000000,0.000000,0.000000
23943.000000,20942.000000,37.000000,639.000000,0.000000,0.000000,0.000000
23953.000000,20978.000000,36.000000,619.000000,0.000000,0.000000,0.000000
23963.000000,21014.000000,36.000000,649.000000,0.000000,0.000000,0.000000
23973.000000,21050.000000,36.000000,649.000000,0.000000,0.000000,0.000000
23983.000000,21086.000000,36.000000,649.000000,0.000000,0.000000,0.000000
23993.000000,21122.000000,36.000000,649.000000,0.000000,0.000000,0.000000
24003.000000,21156.000000,33.000000,649.000000,0.000000,0.000000,0.000000
24013.000000,21181.000000,25.000000,699.000000,0.000000,0.000000,0.000000
24023.000000,21200.000000,19.000000,859.000000,0.000000,0.000000,0.000000
24033.000000,21212.000000,13.000000,979.000000,0.000000,0.000000,0.000000
24043.000000,21218.000000,6.000000,999.000000,0.000000,0.000000,0.000000
24053.000000,21220.000000,2.000000,999.000000,0.000000,0.000000,0.000000
24063.000000,21219.000000,-1.000000,999.000000,0.000000,0.000000,0.000000
24073.000000,21218.000000,-1.000000,999.000000,0.000000,0.000000,0.000000
24083.000000,21217.000000,-1.000000,999.000000,0.000000,0.000000,0.000000
24093.000000,21216.000000,-1.000000,999.000000,0.000000,0.000000,0.000000
24103.000000,21215.000000,-1.000000,999.000000,0.000000,0.000000,0.000000
24113.000000,21215.000000,0.000000,999.000000,0.000000,0.000000,0.000000
24123.000000,21215.000000,0.000000,999.000000,0.000000,0.000000,0.000000
24133.000000,21215.000000,0.000000,999.000000,0.000000,0.000000,0.000000
24143.000000,21215.000000,0.000000,999.000000,0.000000,0.000000,0.000000
24153.000000,21215.000000,0.000000,999.000000,0.000000,0.000000,0.000000
24163.000000,21215.000000,0.000000,999.000000,0.000000,0.000000,0.000000
24173.000000,21215.000000,0.000000,999.000000,0.000000,0.000000,0.000000
24183.000000,21215.000000,0.000000,999.000000,0.000000,0.000000,0.000000
24193.000000,21215.000000,0.000000,999.000000,0.000000,0.000000,0.000000
24203.000000,21215.000000,0.000000,999.000000,0.000000,0.000000,0.000000
24213.000000,21215.000000,0.000000,999.000000,0.000000,0.000000,0.000000
24223.000000,21215.000000,0.000000,999.000000,0.000000,0.000000,0.000000
24233.000000,21215.000000,0.000000,999.000000,0.000000,0.000000,0.000000
24243.000000,21215.000000,0.000000,999.000000,0.000000,0.000000,0.000000
24253.000000,21215.000000,0.000000,999.000000,0.000000,0.000000,0.000000
24263.000000,21215.000000,0.000000,999.000000,0.000000,0.000000,0.000000
24273.000000,21215.000000,0.000000,999.000000,0.000000,0.000000,0.000000
24283.000000,21215.000000,0.000000,999.000000,0.000000,0.000000,0.000000
24293.000000,21218.000000,3.000000,999.000000,0.000000,0.000000,0.000000
24303.000000,21234.000000,16.000000,999.000000,0.000000,0.000000,0.000000
24313.000000,21264.000000,30.000000,999.000000,0.000000,0.000000,0.000000
24323.000000,21302.000000,38.000000,729.000000,0.000000,0.000000,0.000000
24333.000000,21345.000000,43.000000,579.000000,0.000000,0.000000,0.000000
24343.000000,21387.000000,42.000000,489.000000,0.000000,0.000000,0.000000
24353.000000,21427.000000,39.000000,519.000000,0.000000,0.000000,0.000000
24363.000000,21463.000000,37.000000,579.000000,0.000000,0.000000,0.000000
24373.000000,21498.000000,35.000000,619.000000,0.000000,0.000000,0.000000
24383.000000,21532.000000,34.000000,659.000000,0.000000,0.000000,0.000000
24393.000000,21568.000000,36.000000,679.000000,0.000000,0.000000,0.000000
24403.000000,21604.000000,36.000000,639.000000,0.000000,0.000000,0.000000
24413.000000,21641.000000,37.000000,639.000000,0.000000,0.000000,0.000000
24423.000000,21678.000000,37.000000,619.000000,0.000000,0.000000,0.000000
24433.000000,21715.000000,37.000000,629.000000,0.000000,0.000000,0.000000
24443.000000,21752.000000,36.000000,629.000000,0.000000,0.000000,0.000000
24453.000000,21788.000000,37.000000,649.000000,0.000000,0.000000,0.000000
24463.000000,21825.000000,37.000000,629.000000,0.000000,0.000000,0.000000
24473.000000,21862.000000,37.000000,629.000000,0.000000,0.000000,0.000000
24483.000000,21898.000000,35.000000,629.000000,0.000000,0.000000,0.000000
24493.000000,21926.000000,29.000000,669.000000,0.000000,0.000000,0.000000
24503.000000,21947.000000,21.000000,779.000000,0.000000,0.000000,0.000000
24513.000000,21962.000000,15.000000,939.000000,0.000000,0.000000,0.000000
24523.000000,21972.000000,10.000000,999.000000,0.000000,0.000000,0.000000
24533.000000,21976.000000,4.000000,999.000000,0.000000,0.000000,0.000000
24543.000000,21976.000000,0.000000,999.000000,0.000000,0.000000,0.000000
24553.000000,21975.000000,-1.000000,999.000000,0.000000,0.000000,0.000000
24563.000000,21974.000000,-1.000000,999.000000,0.000000,0.000000,0.000000
24573.000000,21972.000000,-2.000000,999.000000,0.000000,0.000000,0.000000
24583.000000,21972.000000,0.000000,999.000000,0.000000,0.000000,0.000000
24593.000000,21971.000000,-1.000000,999.000000,0.000000,0.000000,0.000000
24603.000000,21971.000000,0.000000,999.000000,0.000000,0.000000,0.000000
24613.000000,21971.000000,0.000000,999.000000,0.000000,0.000000,0.000000
24623.000000,21971.000000,0.000000,999.000000,0.000000,0.000000,0.000000
24633.000000,21971.000000,0.000000,999.000000,0.000000,0.000000,0.000000
24643.000000,21971.000000,0.000000,999.000000,0.000000,0.000000,0.000000
24653.000000,21971.000000,0.000000,999.000000,0.000000,0.000000,0.000000
24663.000000,21971.000000,0.000000,999.000000,0.000000,0.000000,0.000000
24673.000000,21971.000000,0.000000,999.000000,0.000000,0.000000,0.000000
24683.000000,21971.000000,0.000000,999.000000,0.000000,0.000000,0.000000
24693.000000,21971.000000,0.000000,999.000000,0.000000,0.000000,0.000000
24703.000000,21971.000000,0.000000,999.000000,0.000000,0.000000,0.000000
24713.000000,21971.000000,0.000000,999.000000,0.000000,0.000000,0.000000
24723.000000,21971.000000,0.000000,999.000000,0.000000,0.000000,0.000000
24733.000000,21971.000000,0.000000,999.000000,0.000000,0.000000,0.000000
24743.000000,21971.000000,0.000000,999.000000,0.000000,0.000000,0.000000
24753.000000,21971.000000,0.000000,999.000000,0.000000,0.000000,0.000000
24763.000000,21971.000000,0.000000,999.000000,0.000000,0.000000,0.000000
24773.000000,21972.000000,1.000000,999.000000,0.000000,0.000000,0.000000
24783.000000,21984.000000,12.000000,999.000000,0.000000,0.000000,0.000000
24793.000000,22010.000000,26.000000,999.000000,0.000000,0.000000,0.000000
24803.000000,22046.000000,36.000000,809.000000,0.000000,0.000000,0.000000
24813.000000,22089.000000,42.000000,619.000000,0.000000,0.000000,0.000000
24823.000000,22132.000000,44.000000,509.000000,0.000000,0.000000,0.000000
24833.000000,22173.000000,41.000000,479.000000,0.000000,0.000000,0.000000
24843.000000,22210.000000,37.000000,539.000000,0.000000,0.000000,0.000000
24853.000000,22244.000000,34.000000,619.000000,0.000000,0.000000,0.000000
24863.000000,22279.000000,35.000000,679.000000,0.000000,0.000000,0.000000
24873.000000,22314.000000,34.000000,659.000000,0.000000,0.000000,0.000000
24883.000000,22349.000000,36.000000,679.000000,0.000000,0.000000,0.000000
24893.000000,22385.000000,36.000000,639.000000,0.000000,0.000000,0.000000
24903.000000,22422.000000,37.000000,639.000000,0.000000,0.000000,0.000000
24913.000000,22458.000000,36.000000,619.000000,0.000000,0.000000,0.000000
24923.000000,22494.000000,36.000000,639.000000,0.000000,0.000000,0.000000
24933.000000,22530.000000,36.000000,639.000000,0.000000,0.000000,0.000000
24943.000000,22565.000000,35.000000,639.000000,0.000000,0.000000,0.000000
24953.000000,22600.000000,35.000000,659.000000,0.000000,0.000000,0.000000
24963.000000,22632.000000,31.000000,659.000000,0.000000,0.000000,0.000000
24973.000000,22655.000000,24.000000,739.000000,0.000000,0.000000,0.000000
24983.000000,22672.000000,16.000000,879.000000,0.000000,0.000000,0.000000
24993.000000,22681.000000,10.000000,999.000000,0.000000,0.000000,0.000000
25003.000000,22684.000000,3.000000,999.000000,0.000000,0.000000,0.000000
25013.000000,22684.000000,0.000000,999.000000,0.000000,0.000000,0.000000
25023.000000,22683.000000,-1.000000,999.000000,0.000000,0.000000,0.000000
25033.000000,22683.000000,0.000000,999.000000,0.000000,0.000000,0.000000
25043.000000,22683.000000,0.000000,999.000000,0.000000,0.000000,0.000000
25053.000000,22683.000000,0.000000,999.000000,0.000000,0.000000,0.000000
25063.000000,22683.000000,0.000000,999.000000,0.000000,0.000000,0.000000
25073.000000,22683.000000,0.000000,999.000000,0.000000,0.000000,0.000000
25083.000000,22683.000000,0.000000,999.000000,0.000000,0.000000,0.000000
25093.000000,22683.000000,0.000000,999.000000,0.000000,0.000000,0.000000
25103.000000,22683.000000,0.000000,999.000000,0.000000,0.000000,0.000000
25113.000000,22683.000000,0.000000,999.000000,0.000000,0.000000,0.000000
25123.000000,22683.000000,0.000000,999.000000,0.000000,0.000000,0.000000
25133.000000,22683.000000,0.000000,999.000000,0.000000,0.000000,0.000000
25143.000000,22683.000000,0.000000,999.000000,0.000000,0.000000,0.000000
25153.000000,22683.000000,0.000000,999.000000,0.000000,0.000000,0.000000
25163.000000,22683.000000,0.000000,999.000000,0.000000,0.000000,0.000000
25173.000000,22683.000000,0.000000,999.000000,0.000000,0.000000,0.000000
25183.000000,22683.000000,0.000000,999.000000,0.000000,0.000000,0.000000
25193.000000,22683.000000,0.000000,999.000000,0.000000,0.000000,0.000000
25203.000000,22683.000000,0.000000,999.000000,0.000000,0.000000,0.000000
25213.000000,22683.000000,0.000000,999.000000,0.000000,0.000000,0.000000
25223.000000,22683.000000,0.000000,999.000000,0.000000,0.000000,0.000000
25233.000000,22683.000000,0.000000,999.000000,0.000000,0.000000,0.000000
25243.000000,22683.000000,0.000000,999.000000,0.000000,0.000000,0.000000
25253.000000,22686.000000,3.000000,999.000000,0.000000,0.000000,0.000000
25263.000000,22705.000000,19.000000,999.000000,0.000000,0.000000,0.000000
25273.000000,22735.000000,30.000000,949.000000,0.000000,0.000000,0.000000
25283.000000,22773.000000,37.000000,739.000000,0.000000,0.000000,0.000000
25293.000000,22814.000000,42.000000,599.000000,0.000000,0.000000,0.000000
25303.000000,22854.000000,40.000000,509.000000,0.000000,0.000000,0.000000
25313.000000,22890.000000,36.000000,559.000000,0.000000,0.000000,0.000000
25323.000000,22924.000000,33.000000,639.000000,0.000000,0.000000,0.000000
25333.000000,22956.000000,33.000000,699.000000,0.000000,0.000000,0.000000
25343.000000,22989.000000,32.000000,699.000000,0.000000,0.000000,0.000000
25353.000000,23023.000000,34.000000,719.000000,0.000000,0.000000,0.000000
25363.000000,23058.000000,36.000000,679.000000,0.000000,0.000000,0.000000
25373.000000,23093.000000,35.000000,639.000000,0.000000,0.000000,0.000000
25383.000000,23128.000000,35.000000,659.000000,0.000000,0.000000,0.000000
25393.000000,23162.000000,34.000000,659.000000,0.000000,0.000000,0.000000
25403.000000,23196.000000,34.000000,679.000000,0.000000,0.000000,0.000000
25413.000000,23230.000000,34.000000,679.000000,0.000000,0.000000,0.000000
25423.000000,23261.000000,31.000000,679.000000,0.000000,0.000000,0.000000
25433.000000,23284.000000,23.000000,739.000000,0.000000,0.000000,0.000000
25443.000000,23299.000000,15.000000,899.000000,0.000000,0.000000,0.000000
25453.000000,23307.000000,8.000000,999.000000,0.000000,0.000000,0.000000
25463.000000,23309.000000,2.000000,999.000000,0.000000,0.000000,0.000000
25473.000000,23308.000000,-1.000000,999.000000,0.000000,0.000000,0.000000
25483.000000,23307.000000,-1.000000,999.000000,0.000000,0.000000,0.000000
25493.000000,23307.000000,0.000000,999.000000,0.000000,0.000000,0.000000
25503.000000,23306.000000,-1.000000,999.000000,0.000000,0.000000,0.000000
25513.000000,23305.000000,-1.000000,999.000000,0.000000,0.000000,0.000000
25523.000000,23304.000000,-1.000000,999.000000,0.000000,0.000000,0.000000
25533.000000,23303.000000,-1.000000,999.000000,0.000000,0.000000,0.000000
25543.000000,23303.000000,0.000000,999.000000,0.000000,0.000000,0.000000
25553.000000,23303.000000,0.000000,999.000000,0.000000,0.000000,0.000000
25563.000000,23303.000000,0.000000,999.000000,0.000000,0.000000,0.000000
25573.000000,23303.000000,0.000000,999.000000,0.000000,0.000000,0.000000
25583.000000,23303.000000,0.000000,999.000000,0.000000,0.000000,0.000000
25593.000000,23303.000000,0.000000,999.000000,0.000000,0.000000,0.000000
25603.000000,23303.000000,0.000000,999.000000,0.000000,0.000000,0.000000
25613.000000,23303.000000,0.000000,999.000000,0.000000,0.000000,0.000000
25623.000000,23303.000000,0.000000,999.000000,0.000000,0.000000,0.000000
25633.000000,23303.000000,0.000000,999.000000,0.000000,0.000000,0.000000
25643.000000,23303.000000,0.000000,999.000000,0.000000,0.000000,0.000000
25653.000000,23303.000000,0.000000,999.000000,0.000000,0.000000,0.000000
25663.000000,23303.000000,0.000000,999.000000,0.000000,0.000000,0.000000
25673.000000,23303.000000,0.000000,999.000000,0.000000,0.000000,0.000000
25683.000000,23303.000000,0.000000,999.000000,0.000000,0.000000,0.000000
25693.000000,23303.000000,0.000000,999.000000,0.000000,0.000000,0.000000
25703.000000,23303.000000,0.000000,999.000000,0.000000,0.000000,0.000000
25713.000000,23303.000000,0.000000,999.000000,0.000000,0.000000,0.000000
25723.000000,23313.000000,10.000000,999.000000,0.000000,0.000000,0.000000
25733.000000,23338.000000,25.000000,999.000000,0.000000,0.000000,0.000000
25743.000000,23372.000000,34.000000,829.000000,0.000000,0.000000,0.000000
25753.000000,23411.000000,39.000000,659.000000,0.000000,0.000000,0.000000
25763.000000,23452.000000,41.000000,569.000000,0.000000,0.000000,0.000000
25773.000000,23489.000000,37.000000,529.000000,0.000000,0.000000,0.000000
25783.000000,23523.000000,34.000000,619.000000,0.000000,0.000000,0.000000
25793.000000,23556.000000,32.000000,679.000000,0.000000,0.000000,0.000000
25803.000000,23588.000000,33.000000,719.000000,0.000000,0.000000,0.000000
25813.000000,23621.000000,33.000000,699.000000,0.000000,0.000000,0.000000
25823.000000,23656.000000,35.000000,699.000000,0.000000,0.000000,0.000000
25833.000000,23691.000000,35.000000,659.000000,0.000000,0.000000,0.000000
25843.000000,23726.000000,35.000000,659.000000,0.000000,0.000000,0.000000
25853.000000,23760.000000,34.000000,659.000000,0.000000,0.000000,0.000000
25863.000000,23794.000000,33.000000,679.000000,0.000000,0.000000,0.000000
25873.000000,23827.000000,34.000000,699.000000,0.000000,0.000000,0.000000
25883.000000,23859.000000,32.000000,679.000000,0.000000,0.000000,0.000000
25893.000000,23885.000000,26.000000,719.000000,0.000000,0.000000,0.000000
25903.000000,23903.000000,18.000000,839.000000,0.000000,0.000000,0.000000
25913.000000,23913.000000,10.000000,989.000000,0.000000,0.000000,0.000000
25923.000000,23915.000000,2.000000,999.000000,0.000000,0.000000,0.000000
25933.000000,23914.000000,-1.000000,999.000000,0.000000,0.000000,0.000000
25943.000000,23913.000000,-1.000000,999.000000,0.000000,0.000000,0.000000
25953.000000,23911.000000,-2.000000,999.000000,0.000000,0.000000,0.000000
25963.000000,23909.000000,-2.000000,999.000000,0.000000,0.000000,0.000000
25973.000000,23906.000000,-3.000000,999.000000,0.000000,0.000000,0.000000
25983.000000,23904.000000,-2.000000,999.000000,0.000000,0.000000,0.000000
25993.000000,23902.000000,-2.000000,999.000000,0.000000,0.000000,0.000000
26003.000000,23901.000000,-1.000000,999.000000,0.000000,0.000000,0.000000
26013.000000,23900.000000,-1.000000,999.000000,0.000000,0.000000,0.000000
26023.000000,23899.000000,-1.000000,999.000000,0.000000,0.000000,0.000000
26033.000000,23899.000000,0.000000,999.000000,0.000000,0.000000,0.000000
26043.000000,23899.000000,0.000000,999.000000,0.000000,0.000000,0.000000
26053.000000,23899.000000,0.000000,999.000000,0.000000,0.000000,0.000000
26063.000000,23899.000000,0.000000,999.000000,0.000000,0.000000,0.000000
26073.000000,23899.000000,0.000000,999.000000,0.000000,0.000000,0.000000
26083.000000,23899.000000,0.000000,999.000000,0.000000,0.000000,0.000000
26093.000000,23899.000000,0.000000,999.000000,0.000000,0.000000,0.000000
26103.000000,23899.000000,0.000000,999.000000,0.000000,0.000000,0.000000
26113.000000,23899.000000,0.000000,999.000000,0.000000,0.000000,0.000000
26123.000000,23899.000000,0.000000,999.000000,0.000000,0.000000,0.000000
26133.000000,23899.000000,0.000000,999.000000,0.000000,0.000000,0.000000
26143.000000,23899.000000,0.000000,999.000000,0.000000,0.000000,0.000000
26153.000000,23899.000000,0.000000,999.000000,0.000000,0.000000,0.000000
26163.000000,23899.000000,0.000000,999.000000,0.000000,0.000000,0.000000
26173.000000,23899.000000,0.000000,999.000000,0.000000,0.000000,0.000000
26183.000000,23902.000000,3.000000,999.000000,0.000000,0.000000,0.000000
26193.000000,23921.000000,18.000000,999.000000,0.000000,0.000000,0.000000
26203.000000,23951.000000,30.000000,969.000000,0.000000,0.000000,0.000000
26213.000000,23987.000000,37.000000,739.000000,0.000000,0.000000,0.000000
26223.000000,24027.000000,40.000000,599.000000,0.000000,0.000000,0.000000
26233.000000,24066.000000,39.000000,549.000000,0.000000,0.000000,0.000000
26243.000000,24100.000000,34.000000,579.000000,0.000000,0.000000,0.000000
26253.000000,24131.000000,31.000000,679.000000,0.000000,0.000000,0.000000
26263.000000,24161.000000,30.000000,739.000000,0.000000,0.000000,0.000000
26273.000000,24192.000000,31.000000,759.000000,0.000000,0.000000,0.000000
26283.000000,24225.000000,32.000000,739.000000,0.000000,0.000000,0.000000
26293.000000,24258.000000,34.000000,719.000000,0.000000,0.000000,0.000000
26303.000000,24292.000000,34.000000,679.000000,0.000000,0.000000,0.000000
26313.000000,24325.000000,33.000000,679.000000,0.000000,0.000000,0.000000
26323.000000,24357.000000,32.000000,699.000000,0.000000,0.000000,0.000000
26333.000000,24388.000000,31.000000,719.000000,0.000000,0.000000,0.000000
26343.000000,24416.000000,28.000000,739.000000,0.000000,0.000000,0.000000
26353.000000,24434.000000,17.000000,799.000000,0.000000,0.000000,0.000000
26363.000000,24441.000000,8.000000,999.000000,0.000000,0.000000,0.000000
26373.000000,24441.000000,1.000000,999.000000,0.000000,0.000000,0.000000
26383.000000,24439.000000,-3.000000,999.000000,0.000000,0.000000,0.000000
26393.000000,24437.000000,-2.000000,999.000000,0.000000,0.000000,0.000000
26403.000000,24435.000000,-2.000000,999.000000,0.000000,0.000000,0.000000
26413.000000,24434.000000,-1.000000,999.000000,0.000000,0.000000,0.000000
26423.000000,24433.000000,-1.000000,999.000000,0.000000,0.000000,0.000000
26433.000000,24432.000000,-1.000000,999.000000,0.000000,0.000000,0.000000
26443.000000,24430.000000,-2.000000,999.000000,0.000000,0.000000,0.000000
26453.000000,24430.000000,0.000000,999.000000,0.000000,0.000000,0.000000
26463.000000,24429.000000,-1.000000,999.000000,0.000000,0.000000,0.000000
26473.000000,24429.000000,0.000000,999.000000,0.000000,0.000000,0.000000
26483.000000,24429.000000,0.000000,999.000000,0.000000,0.000000,0.000000
26493.000000,24429.000000,0.000000,999.000000,0.000000,0.000000,0.000000
26503.000000,24429.000000,0.000000,999.000000,0.000000,0.000000,0.000000
26513.000000,24429.000000,0.000000,999.000000,0.000000,0.000000,0.000000
26523.000000,24429.000000,0.000000,999.000000,0.000000,0.000000,0.000000
26533.000000,24429.000000,0.000000,999.000000,0.000000,0.000000,0.000000
26543.000000,24429.000000,0.000000,999.000000,0.000000,0.000000,0.000000
26553.000000,24429.000000,0.000000,999.000000,0.000000,0.000000,0.000000
26563.000000,24429.000000,0.000000,999.000000,0.000000,0.000000,0.000000
26573.000000,24429.000000,0.000000,999.000000,0.000000,0.000000,0.000000
26583.000000,24429.000000,0.000000,999.000000,0.000000,0.000000,0.000000
26593.000000,24429.000000,0.000000,999.000000,0.000000,0.000000,0.000000
26603.000000,24429.000000,0.000000,999.000000,0.000000,0.000000,0.000000
26613.000000,24429.000000,0.000000,999.000000,0.000000,0.000000,0.000000
26623.000000,24429.000000,0.000000,999.000000,0.000000,0.000000,0.000000
26633.000000,24433.000000,4.000000,999.000000,0.000000,0.000000,0.000000
26643.000000,24452.000000,18.000000,999.000000,0.000000,0.000000,0.000000
26653.000000,24479.000000,28.000000,969.000000,0.000000,0.000000,0.000000
26663.000000,24513.000000,34.000000,769.000000,0.000000,0.000000,0.000000
26673.000000,24550.000000,37.000000,659.000000,0.000000,0.000000,0.000000
26683.000000,24586.000000,35.000000,609.000000,0.000000,0.000000,0.000000
26693.000000,24618.000000,33.000000,649.000000,0.000000,0.000000,0.000000
26703.000000,24648.000000,30.000000,699.000000,0.000000,0.000000,0.000000
26713.000000,24678.000000,30.000000,759.000000,0.000000,0.000000,0.000000
26723.000000,24707.000000,29.000000,759.000000,0.000000,0.000000,0.000000
26733.000000,24737.000000,30.000000,779.000000,0.000000,0.000000,0.000000
26743.000000,24768.000000,31.000000,759.000000,0.000000,0.000000,0.000000
26753.000000,24801.000000,33.000000,739.000000,0.000000,0.000000,0.000000
26763.000000,24834.000000,33.000000,699.000000,0.000000,0.000000,0.000000
26773.000000,24864.000000,30.000000,699.000000,0.000000,0.000000,0.000000
26783.000000,24886.000000,22.000000,759.000000,0.000000,0.000000,0.000000
26793.000000,24898.000000,12.000000,919.000000,0.000000,0.000000,0.000000
26803.000000,24901.000000,3.000000,999.000000,0.000000,0.000000,0.000000
26813.000000,24899.000000,-2.000000,999.000000,0.000000,0.000000,0.000000
26823.000000,24897.000000,-2.000000,999.000000,0.000000,0.000000,0.000000
26833.000000,24894.000000,-3.000000,999.000000,0.000000,0.000000,0.000000
26843.000000,24892.000000,-2.000000,999.000000,0.000000,0.000000,0.000000
26853.000000,24890.000000,-2.000000,999.000000,0.000000,0.000000,0.000000
26863.000000,24888.000000,-2.000000,999.000000,0.000000,0.000000,0.000000
26873.000000,24887.000000,-1.000000,999.000000,0.000000,0.000000,0.000000
26883.000000,24886.000000,-1.000000,999.000000,0.000000,0.000000,0.000000
26893.000000,24885.000000,-1.000000,999.000000,0.000000,0.000000,0.000000
26903.000000,24885.000000,0.000000,999.000000,0.000000,0.000000,0.000000
26913.000000,24885.000000,0.000000,999.000000,0.000000,0.000000,0.000000
26923.000000,24885.000000,0.000000,999.000000,0.000000,0.000000,0.000000
26933.000000,24885.000000,0.000000,999.000000,0.000000,0.000000,0.000000
26943.000000,24885.000000,0.000000,999.000000,0.000000,0.000000,0.000000
26953.000000,24885.000000,0.000000,999.000000,0.000000,0.000000,0.000000
26963.000000,24885.000000,0.000000,999.000000,0.000000,0.000000,0.000000
26973.000000,24885.000000,0.000000,999.000000,0.000000,0.000000,0.000000
26983.000000,24885.000000,0.000000,999.000000,0.000000,0.000000,0.000000
26993.000000,24885.000000,0.000000,999.000000,0.000000,0.000000,0.000000
27003.000000,24885.000000,0.000000,999.000000,0.000000,0.000000,0.000000
27013.000000,24885.000000,0.000000,999.000000,0.000000,0.000000,0.000000
27023.000000,24885.000000,0.000000,999.000000,0.000000,0.000000,0.000000
27033.000000,24885.000000,0.000000,999.000000,0.000000,0.000000,0.000000
27043.000000,24885.000000,0.000000,999.000000,0.000000,0.000000,0.000000
27053.000000,24885.000000,0.000000,999.000000,0.000000,0.000000,0.000000
27063.000000,24885.000000,0.000000,999.000000,0.000000,0.000000,0.000000
27073.000000,24893.000000,8.000000,999.000000,0.000000,0.000000,0.000000
27083.000000,24916.000000,22.000000,999.000000,0.000000,0.000000,0.000000
27093.000000,24946.000000,31.000000,889.000000,0.000000,0.000000,0.000000
27103.000000,24982.000000,36.000000,719.000000,0.000000,0.000000,0.000000
27113.000000,25019.000000,37.000000,629.000000,0.000000,0.000000,0.000000
27123.000000,25054.000000,35.000000,609.000000,0.000000,0.000000,0.000000
27133.000000,25086.000000,32.000000,659.000000,0.000000,0.000000,0.000000
27143.000000,25116.000000,30.000000,719.000000,0.000000,0.000000,0.000000
27153.000000,25146.000000,30.000000,759.000000,0.000000,0.000000,0.000000
27163.000000,25177.000000,31.000000,759.000000,0.000000,0.000000,0.000000
27173.000000,25210.000000,32.000000,739.000000,0.000000,0.000000,0.000000
27183.000000,25243.000000,34.000000,719.000000,0.000000,0.000000,0.000000
27193.000000,25277.000000,34.000000,679.000000,0.000000,0.000000,0.000000
27203.000000,25310.000000,33.000000,679.000000,0.000000,0.000000,0.000000
27213.000000,25343.000000,33.000000,699.000000,0.000000,0.000000,0.000000
27223.000000,25370.000000,27.000000,699.000000,0.000000,0.000000,0.000000
27233.000000,25387.000000,17.000000,819.000000,0.000000,0.000000,0.000000
27243.000000,25396.000000,9.000000,999.000000,0.000000,0.000000,0.000000
27253.000000,25399.000000,3.000000,999.000000,0.000000,0.000000,0.000000
27263.000000,25398.000000,-1.000000,999.000000,0.000000,0.000000,0.000000
27273.000000,25396.000000,-2.000000,999.000000,0.000000,0.000000,0.000000
27283.000000,25394.000000,-2.000000,999.000000,0.000000,0.000000,0.000000
27293.000000,25391.000000,-3.000000,999.000000,0.000000,0.000000,0.000000
27303.000000,25388.000000,-3.000000,999.000000,0.000000,0.000000,0.000000
27313.000000,25386.000000,-2.000000,999.000000,0.000000,0.000000,0.000000
27323.000000,25384.000000,-2.000000,999.000000,0.000000,0.000000,0.000000
27333.000000,25382.000000,-2.000000,999.000000,0.000000,0.000000,0.000000
27343.000000,25381.000000,-1.000000,999.000000,0.000000,0.000000,0.000000
27353.000000,25380.000000,-1.000000,999.000000,0.000000,0.000000,0.000000
27363.000000,25380.000000,0.000000,999.000000,0.000000,0.000000,0.000000
27373.000000,25380.000000,0.000000,999.000000,0.000000,0.000000,0.000000
27383.000000,25380.000000,0.000000,999.000000,0.000000,0.000000,0.000000
27393.000000,25380.000000,0.000000,999.000000,0.000000,0.000000,0.000000
27403.000000,25380.000000,0.000000,999.000000,0.000000,0.000000,0.000000
27413.000000,25380.000000,0.000000,999.000000,0.000000,0.000000,0.000000
27423.000000,25380.000000,0.000000,999.000000,0.000000,0.000000,0.000000
27433.000000,25380.000000,0.000000,999.000000,0.000000,0.000000,0.000000
27443.000000,25380.000000,0.000000,999.000000,0.000000,0.000000,0.000000
27453.000000,25380.000000,0.000000,999.000000,0.000000,0.000000,0.000000
27463.000000,25380.000000,0.000000,999.000000,0.000000,0.000000,0.000000
27473.000000,25380.000000,0.000000,999.000000,0.000000,0.000000,0.000000
27483.000000,25380.000000,0.000000,999.000000,0.000000,0.000000,0.000000
27493.000000,25380.000000,0.000000,999.000000,0.000000,0.000000,0.000000
27503.000000,25380.000000,0.000000,999.000000,0.000000,0.000000,0.000000
27513.000000,25384.000000,4.000000,999.000000,0.000000,0.000000,0.000000
27523.000000,25405.000000,21.000000,999.000000,0.000000,0.000000,0.000000
27533.000000,25436.000000,30.000000,909.000000,0.000000,0.000000,0.000000
27543.000000,25471.000000,36.000000,739.000000,0.000000,0.000000,0.000000
27553.000000,25509.000000,38.000000,619.000000,0.000000,0.000000,0.000000
27563.000000,25545.000000,35.000000,589.000000,0.000000,0.000000,0.000000
27573.000000,25578.000000,33.000000,659.000000,0.000000,0.000000,0.000000
27583.000000,25608.000000,31.000000,699.000000,0.000000,0.000000,0.000000
27593.000000,25638.000000,30.000000,739.000000,0.000000,0.000000,0.000000
27603.000000,25669.000000,30.000000,759.000000,0.000000,0.000000,0.000000
27613.000000,25700.000000,32.000000,759.000000,0.000000,0.000000,0.000000
27623.000000,25734.000000,34.000000,719.000000,0.000000,0.000000,0.000000
27633.000000,25767.000000,33.000000,679.000000,0.000000,0.000000,0.000000
27643.000000,25800.000000,33.000000,699.000000,0.000000,0.000000,0.000000
27653.000000,25832.000000,32.000000,699.000000,0.000000,0.000000,0.000000
27663.000000,25861.000000,29.000000,719.000000,0.000000,0.000000,0.000000
27673.000000,25882.000000,21.000000,779.000000,0.000000,0.000000,0.000000
27683.000000,25893.000000,11.000000,939.000000,0.000000,0.000000,0.000000
27693.000000,25896.000000,3.000000,999.000000,0.000000,0.000000,0.000000
27703.000000,25895.000000,-1.000000,999.000000,0.000000,0.000000,0.000000
27713.000000,25893.000000,-2.000000,999.000000,0.000000,0.000000,0.000000
27723.000000,25890.000000,-3.000000,999.000000,0.000000,0.000000,0.000000
27733.000000,25889.000000,-1.000000,999.000000,0.000000,0.000000,0.000000
27743.000000,25886.000000,-3.000000,999.000000,0.000000,0.000000,0.000000
27753.000000,25884.000000,-2.000000,999.000000,0.000000,0.000000,0.000000
27763.000000,25883.000000,-1.000000,999.000000,0.000000,0.000000,0.000000
27773.000000,25882.000000,-1.000000,999.000000,0.000000,0.000000,0.000000
27783.000000,25882.000000,0.000000,999.000000,0.000000,0.000000,0.000000
27793.000000,25882.000000,0.000000,999.000000,0.000000,0.000000,0.000000
27803.000000,25882.000000,0.000000,999.000000,0.000000,0.000000,0.000000
27813.000000,25882.000000,0.000000,999.000000,0.000000,0.000000,0.000000
27823.000000,25882.000000,0.000000,999.000000,0.000000,0.000000,0.000000
27833.000000,25882.000000,0.000000,999.000000,0.000000,0.000000,0.000000
27843.000000,25882.000000,0.000000,999.000000,0.000000,0.000000,0.000000
27853.000000,25882.000000,0.000000,999.000000,0.000000,0.000000,0.000000
27863.000000,25882.000000,0.000000,999.000000,0.000000,0.000000,0.000000
27873.000000,25882.000000,0.000000,999.000000,0.000000,0.000000,0.000000
27883.000000,25882.000000,0.000000,999.000000,0.000000,0.000000,0.000000
27893.000000,25882.000000,0.000000,999.000000,0.000000,0.000000,0.000000
27903.000000,25882.000000,0.000000,999.000000,0.000000,0.000000,0.000000
27913.000000,25882.000000,0.000000,999.000000,0.000000,0.000000,0.000000
27923.000000,25882.000000,0.000000,999.000000,0.000000,0.000000,0.000000
27933.000000,25882.000000,0.000000,999.000000,0.000000,0.000000,0.000000
27943.000000,25882.000000,0.000000,999.000000,0.000000,0.000000,0.000000
27953.000000,25882.000000,0.000000,999.000000,0.000000,0.000000,0.000000
27963.000000,25886.000000,4.000000,999.000000,0.000000,0.000000,0.000000
27973.000000,25906.000000,20.000000,999.000000,0.000000,0.000000,0.000000
27983.000000,25935.000000,29.000000,929.000000,0.000000,0.000000,0.000000
27993.000000,25970.000000,35.000000,759.000000,0.000000,0.000000,0.000000
28003.000000,26008.000000,37.000000,639.000000,0.000000,0.000000,0.000000
28013.000000,26043.000000,36.000000,609.000000,0.000000,0.000000,0.000000
28023.000000,26075.000000,32.000000,629.000000,0.000000,0.000000,0.000000
28033.000000,26105.000000,30.000000,719.000000,0.000000,0.000000,0.000000
28043.000000,26134.000000,29.000000,759.000000,0.000000,0.000000,0.000000
28053.000000,26162.000000,28.000000,779.000000,0.000000,0.000000,0.000000
28063.000000,26192.000000,30.000000,799.000000,0.000000,0.000000,0.000000
28073.000000,26223.000000,31.000000,759.000000,0.000000,0.000000,0.000000
28083.000000,26255.000000,32.000000,739.000000,0.000000,0.000000,0.000000
28093.000000,26287.000000,32.000000,719.000000,0.000000,0.000000,0.000000
28103.000000,26317.000000,30.000000,719.000000,0.000000,0.000000,0.000000
28113.000000,26337.000000,20.000000,759.000000,0.000000,0.000000,0.000000
28123.000000,26347.000000,10.000000,949.000000,0.000000,0.000000,0.000000
28133.000000,26348.000000,1.000000,999.000000,0.000000,0.000000,0.000000
28143.000000,26347.000000,-1.000000,999.000000,0.000000,0.000000,0.000000
28153.000000,26344.000000,-3.000000,999.000000,0.000000,0.000000,0.000000
28163.000000,26343.000000,-1.000000,999.000000,0.000000,0.000000,0.000000
28173.000000,26341.000000,-2.000000,999.000000,0.000000,0.000000,0.000000
28183.000000,26340.000000,-1.000000,999.000000,0.000000,0.000000,0.000000
28193.000000,26339.000000,-1.000000,999.000000,0.000000,0.000000,0.000000
28203.000000,26339.000000,0.000000,999.000000,0.000000,0.000000,0.000000
28213.000000,26339.000000,0.000000,999.000000,0.000000,0.000000,0.000000
28223.000000,26339.000000,0.000000,999.000000,0.000000,0.000000,0.000000
28233.000000,26339.000000,0.000000,999.000000,0.000000,0.000000,0.000000
28243.000000,26339.000000,0.000000,999.000000,0.000000,0.000000,0.000000
28253.000000,26339.000000,0.000000,999.000000,0.000000,0.000000,0.000000
28263.000000,26339.000000,0.000000,999.000000,0.000000,0.000000,0.000000
28273.000000,26339.000000,0.000000,999.000000,0.000000,0.000000,0.000000
28283.000000,26339.000000,0.000000,999.000000,0.000000,0.000000,0.000000
28293.000000,26339.000000,0.000000,999.000000,0.000000,0.000000,0.000000
28303.000000,26339.000000,0.000000,999.000000,0.000000,0.000000,0.000000
28313.000000,26339.000000,0.000000,999.000000,0.000000,0.000000,0.000000
28323.000000,26339.000000,0.000000,999.000000,0.000000,0.000000,0.000000
28333.000000,26339.000000,0.000000,999.000000,0.000000,0.000000,0.000000
28343.000000,26339.000000,0.000000,999.000000,0.000000,0.000000,0.000000
28353.000000,26339.000000,0.000000,999.000000,0.000000,0.000000,0.000000
28363.000000,26339.000000,0.000000,999.000000,0.000000,0.000000,0.000000
28373.000000,26339.000000,0.000000,999.000000,0.000000,0.000000,0.000000
28383.000000,26339.000000,0.000000,999.000000,0.000000,0.000000,0.000000
28393.000000,26339.000000,0.000000,999.000000,0.000000,0.000000,0.000000
28403.000000,26343.000000,4.000000,999.000000,0.000000,0.000000,0.000000
28413.000000,26360.000000,17.000000,999.000000,0.000000,0.000000,0.000000
28423.000000,26386.000000,26.000000,989.000000,0.000000,0.000000,0.000000
28433.000000,26419.000000,33.000000,809.000000,0.000000,0.000000,0.000000
28443.000000,26454.000000,35.000000,679.000000,0.000000,0.000000,0.000000
28453.000000,26488.000000,34.000000,649.000000,0.000000,0.000000,0.000000
28463.000000,26520.000000,32.000000,669.000000,0.000000,0.000000,0.000000
28473.000000,26549.000000,29.000000,709.000000,0.000000,0.000000,0.000000
28483.000000,26578.000000,29.000000,779.000000,0.000000,0.000000,0.000000
28493.000000,26607.000000,29.000000,779.000000,0.000000,0.000000,0.000000
28503.000000,26637.000000,30.000000,779.000000,0.000000,0.000000,0.000000
28513.000000,26669.000000,32.000000,759.000000,0.000000,0.000000,0.000000
28523.000000,26701.000000,32.000000,719.000000,0.000000,0.000000,0.000000
28533.000000,26733.000000,32.000000,719.000000,0.000000,0.000000,0.000000
28543.000000,26759.000000,26.000000,719.000000,0.000000,0.000000,0.000000
28553.000000,26774.000000,15.000000,839.000000,0.000000,0.000000,0.000000
28563.000000,26780.000000,6.000000,999.000000,0.000000,0.000000,0.000000
28573.000000,26778.000000,-2.000000,999.000000,0.000000,0.000000,0.000000
28583.000000,26776.000000,-2.000000,999.000000,0.000000,0.000000,0.000000
28593.000000,26774.000000,-2.000000,999.000000,0.000000,0.000000,0.000000
28603.000000,26772.000000,-2.000000,999.000000,0.000000,0.000000,0.000000
28613.000000,26769.000000,-3.000000,999.000000,0.000000,0.000000,0.000000
28623.000000,26766.000000,-3.000000,999.000000,0.000000,0.000000,0.000000
28633.000000,26764.000000,-2.000000,999.000000,0.000000,0.000000,0.000000
28643.000000,26763.000000,-1.000000,999.000000,0.000000,0.000000,0.000000
28653.000000,26762.000000,-1.000000,999.000000,0.000000,0.000000,0.000000
28663.000000,26762.000000,0.000000,999.000000,0.000000,0.000000,0.000000
28673.000000,26762.000000,0.000000,999.000000,0.000000,0.000000,0.000000
28683.000000,26762.000000,0.000000,999.000000,0.000000,0.000000,0.000000
28693.000000,26762.000000,0.000000,999.000000,0.000000,0.000000,0.000000
28703.000000,26762.000000,0.000000,999.000000,0.000000,0.000000,0.000000
28713.000000,26762.000000,0.000000,999.000000,0.000000,0.000000,0.000000
28723.000000,26762.000000,0.000000,999.000000,0.000000,0.000000,0.000000
28733.000000,26762.000000,0.000000,999.000000,0.000000,0.000000,0.000000
28743.000000,26762.000000,0.000000,999.000000,0.000000,0.000000,0.000000
28753.000000,26762.000000,0.000000,999.000000,0.000000,0.000000,0.000000
28763.000000,26762.000000,0.000000,999.000000,0.000000,0.000000,0.000000
28773.000000,26762.000000,0.000000,999.000000,0.000000,0.000000,0.000000
28783.000000,26762.000000,0.000000,999.000000,0.000000,0.000000,0.000000
28793.000000,26762.000000,0.000000,999.000000,0.000000,0.000000,0.000000
28803.000000,26762.000000,0.000000,999.000000,0.000000,0.000000,0.000000
28813.000000,26762.000000,0.000000,999.000000,0.000000,0.000000,0.000000
28823.000000,26762.000000,0.000000,999.000000,0.000000,0.000000,0.000000
28833.000000,26764.000000,2.000000,999.000000,0.000000,0.000000,0.000000
28843.000000,26783.000000,19.000000,999.000000,0.000000,0.000000,0.000000
28853.000000,26812.000000,29.000000,949.000000,0.000000,0.000000,0.000000
28863.000000,26846.000000,33.000000,749.000000,0.000000,0.000000,0.000000
28873.000000,26882.000000,37.000000,679.000000,0.000000,0.000000,0.000000
28883.000000,26917.000000,34.000000,609.000000,0.000000,0.000000,0.000000
28893.000000,26949.000000,33.000000,669.000000,0.000000,0.000000,0.000000
28903.000000,26980.000000,30.000000,699.000000,0.000000,0.000000,0.000000
28913.000000,27010.000000,31.000000,759.000000,0.000000,0.000000,0.000000
28923.000000,27040.000000,30.000000,739.000000,0.000000,0.000000,0.000000
28933.000000,27072.000000,32.000000,759.000000,0.000000,0.000000,0.000000
28943.000000,27104.000000,32.000000,719.000000,0.000000,0.000000,0.000000
28953.000000,27137.000000,33.000000,719.000000,0.000000,0.000000,0.000000
28963.000000,27170.000000,32.000000,699.000000,0.000000,0.000000,0.000000
28973.000000,27202.000000,33.000000,719.000000,0.000000,0.000000,0.000000
28983.000000,27227.000000,25.000000,699.000000,0.000000,0.000000,0.000000
28993.000000,27242.000000,15.000000,859.000000,0.000000,0.000000,0.000000
29003.000000,27250.000000,8.000000,999.000000,0.000000,0.000000,0.000000
29013.000000,27251.000000,1.000000,999.000000,0.000000,0.000000,0.000000
29023.000000,27249.000000,-2.000000,999.000000,0.000000,0.000000,0.000000
29033.000000,27246.000000,-3.000000,999.000000,0.000000,0.000000,0.000000
29043.000000,27243.000000,-3.000000,999.000000,0.000000,0.000000,0.000000
29053.000000,27240.000000,-3.000000,999.000000,0.000000,0.000000,0.000000
29063.000000,27236.000000,-4.000000,999.000000,0.000000,0.000000,0.000000
29073.000000,27234.000000,-2.000000,999.000000,0.000000,0.000000,0.000000
29083.000000,27231.000000,-3.000000,999.000000,0.000000,0.000000,0.000000
29093.000000,27229.000000,-2.000000,999.000000,0.000000,0.000000,0.000000
29103.000000,27228.000000,-1.000000,999.000000,0.000000,0.000000,0.000000
29113.000000,27228.000000,0.000000,999.000000,0.000000,0.000000,0.000000
29123.000000,27227.000000,-1.000000,999.000000,0.000000,0.000000,0.000000
29133.000000,27227.000000,0.000000,999.000000,0.000000,0.000000,0.000000
29143.000000,27227.000000,0.000000,999.000000,0.000000,0.000000,0.000000
29153.000000,27227.000000,0.000000,999.000000,0.000000,0.000000,0.000000
29163.000000,27227.000000,0.000000,999.000000,0.000000,0.000000,0.000000
29173.000000,27227.000000,0.000000,999.000000,0.000000,0.000000,0.000000
29183.000000,27227.000000,0.000000,999.000000,0.000000,0.000000,0.000000
29193.000000,27227.000000,0.000000,999.000000,0.000000,0.000000,0.000000
29203.000000,27227.000000,0.000000,999.000000,0.000000,0.000000,0.000000
29213.000000,27227.000000,0.000000,999.000000,0.000000,0.000000,0.000000
29223.000000,27227.000000,0.000000,999.000000,0.000000,0.000000,0.000000
29233.000000,27227.000000,0.000000,999.000000,0.000000,0.000000,0.000000
29243.000000,27227.000000,0.000000,999.000000,0.000000,0.000000,0.000000
29253.000000,27227.000000,0.000000,999.000000,0.000000,0.000000,0.000000
29263.000000,27227.000000,0.000000,999.000000,0.000000,0.000000,0.000000
29273.000000,27231.000000,4.000000,999.000000,0.000000,0.000000,0.000000
29283.000000,27252.000000,21.000000,999.000000,0.000000,0.000000,0.000000
29293.000000,27283.000000,31.000000,909.000000,0.000000,0.000000,0.000000
29303.000000,27318.000000,35.000000,719.000000,0.000000,0.000000,0.000000
29313.000000,27356.000000,38.000000,639.000000,0.000000,0.000000,0.000000
29323.000000,27392.000000,36.000000,589.000000,0.000000,0.000000,0.000000
29333.000000,27424.000000,32.000000,639.000000,0.000000,0.000000,0.000000
29343.000000,27455.000000,31.000000,719.000000,0.000000,0.000000,0.000000
29353.000000,27486.000000,31.000000,739.000000,0.000000,0.000000,0.000000
29363.000000,27517.000000,31.000000,739.000000,0.000000,0.000000,0.000000
29373.000000,27549.000000,32.000000,739.000000,0.000000,0.000000,0.000000
29383.000000,27582.000000,33.000000,719.000000,0.000000,0.000000,0.000000
29393.000000,27616.000000,34.000000,699.000000,0.000000,0.000000,0.000000
29403.000000,27649.000000,32.000000,679.000000,0.000000,0.000000,0.000000
29413.000000,27681.000000,33.000000,719.000000,0.000000,0.000000,0.000000
29423.000000,27712.000000,31.000000,699.000000,0.000000,0.000000,0.000000
29433.000000,27734.000000,22.000000,739.000000,0.000000,0.000000,0.000000
29443.000000,27747.000000,13.000000,919.000000,0.000000,0.000000,0.000000
29453.000000,27752.000000,5.000000,999.000000,0.000000,0.000000,0.000000
29463.000000,27752.000000,0.000000,999.000000,0.000000,0.000000,0.000000
29473.000000,27751.000000,-1.000000,999.000000,0.000000,0.000000,0.000000
29483.000000,27749.000000,-2.000000,999.000000,0.000000,0.000000,0.000000
29493.000000,27748.000000,-1.000000,999.000000,0.000000,0.000000,0.000000
29503.000000,27746.000000,-2.000000,999.000000,0.000000,0.000000,0.000000
29513.000000,27745.000000,-1.000000,999.000000,0.000000,0.000000,0.000000
29523.000000,27744.000000,-1.000000,999.000000,0.000000,0.000000,0.000000
29533.000000,27744.000000,0.000000,999.000000,0.000000,0.000000,0.000000
29543.000000,27744.000000,0.000000,999.000000,0.000000,0.000000,0.000000
29553.000000,27744.000000,0.000000,999.000000,0.000000,0.000000,0.000000
29563.000000,27744.000000,0.000000,999.000000,0.000000,0.000000,0.000000
29573.000000,27744.000000,0.000000,999.000000,0.000000,0.000000,0.000000
29583.000000,27744.000000,0.000000,999.000000,0.000000,0.000000,0.000000
29593.000000,27744.000000,0.000000,999.000000,0.000000,0.000000,0.000000
29603.000000,27744.000000,0.000000,999.000000,0.000000,0.000000,0.000000
29613.000000,27744.000000,0.000000,999.000000,0.000000,0.000000,0.000000
29623.000000,27744.000000,0.000000,999.000000,0.000000,0.000000,0.000000
29633.000000,27744.000000,0.000000,999.000000,0.000000,0.000000,0.000000
29643.000000,27744.000000,0.000000,999.000000,0.000000,0.000000,0.000000
29653.000000,27744.000000,0.000000,999.000000,0.000000,0.000000,0.000000
29663.000000,27744.000000,0.000000,999.000000,0.000000,0.000000,0.000000
29673.000000,27744.000000,0.000000,999.000000,0.000000,0.000000,0.000000
29683.000000,27744.000000,0.000000,999.000000,0.000000,0.000000,0.000000
29693.000000,27744.000000,0.000000,999.000000,0.000000,0.000000,0.000000
29703.000000,27744.000000,0.000000,999.000000,0.000000,0.000000,0.000000
29713.000000,27744.000000,0.000000,999.000000,0.000000,0.000000,0.000000
29723.000000,27744.000000,0.000000,999.000000,0.000000,0.000000,0.000000
29733.000000,27756.000000,12.000000,999.000000,0.000000,0.000000,0.000000
29743.000000,27780.000000,24.000000,999.000000,0.000000,0.000000,0.000000
29753.000000,27813.000000,33.000000,849.000000,0.000000,0.000000,0.000000
29763.000000,27851.000000,38.000000,679.000000,0.000000,0.000000,0.000000
29773.000000,27890.000000,39.000000,589.000000,0.000000,0.000000,0.000000
29783.000000,27926.000000,36.000000,569.000000,0.000000,0.000000,0.000000
29793.000000,27958.000000,32.000000,639.000000,0.000000,0.000000,0.000000
29803.000000,27990.000000,32.000000,719.000000,0.000000,0.000000,0.000000
29813.000000,28021.000000,31.000000,719.000000,0.000000,0.000000,0.000000
29823.000000,28054.000000,32.000000,739.000000,0.000000,0.000000,0.000000
29833.000000,28087.000000,34.000000,719.000000,0.000000,0.000000,0.000000
29843.000000,28121.000000,34.000000,679.000000,0.000000,0.000000,0.000000
29853.000000,28156.000000,35.000000,679.000000,0.000000,0.000000,0.000000
29863.000000,28190.000000,34.000000,659.000000,0.000000,0.000000,0.000000
29873.000000,28223.000000,33.000000,679.000000,0.000000,0.000000,0.000000
29883.000000,28253.000000,30.000000,699.000000,0.000000,0.000000,0.000000
29893.000000,28274.000000,21.000000,759.000000,0.000000,0.000000,0.000000
29903.000000,28288.000000,14.000000,939.000000,0.000000,0.000000,0.000000
29913.000000,28294.000000,6.000000,999.000000,0.000000,0.000000,0.000000
29923.000000,28294.000000,0.000000,999.000000,0.000000,0.000000,0.000000
29933.000000,28292.000000,-2.000000,999.000000,0.000000,0.000000,0.000000
29943.000000,28291.000000,-1.000000,999.000000,0.000000,0.000000,0.000000
29953.000000,28290.000000,-1.000000,999.000000,0.000000,0.000000,0.000000
29963.000000,28289.000000,-1.000000,999.000000,0.000000,0.000000,0.000000
29973.000000,28289.000000,0.000000,999.000000,0.000000,0.000000,0.000000
29983.000000,28288.000000,-1.000000,999.000000,0.000000,0.000000,0.000000
29993.000000,28288.000000,0.000000,999.000000,0.000000,0.000000,0.000000
30003.000000,28288.000000,0.000000,999.000000,0.000000,0.000000,0.000000
30013.000000,28288.000000,0.000000,999.000000,0.000000,0.000000,0.000000
30023.000000,28288.000000,0.000000,999.000000,0.000000,0.000000,0.000000
30033.000000,28288.000000,0.000000,999.000000,0.000000,0.000000,0.000000
30043.000000,28288.000000,0.000000,999.000000,0.000000,0.000000,0.000000
30053.000000,28288.000000,0.000000,999.000000,0.000000,0.000000,0.000000
30063.000000,28288.000000,0.000000,999.000000,0.000000,0.000000,0.000000
30073.000000,28288.000000,0.000000,999.000000,0.000000,0.000000,0.000000
30083.000000,28288.000000,0.000000,999.000000,0.000000,0.000000,0.000000
30093.000000,28288.000000,0.000000,999.000000,0.000000,0.000000,0.000000
30103.000000,28288.000000,0.000000,999.000000,0.000000,0.000000,0.000000
30113.000000,28288.000000,0.000000,999.000000,0.000000,0.000000,0.000000
30123.000000,28288.000000,0.000000,999.000000,0.000000,0.000000,0.000000
30133.000000,28288.000000,0.000000,999.000000,0.000000,0.000000,0.000000
30143.000000,28288.000000,0.000000,999.000000,0.000000,0.000000,0.000000
30153.000000,28288.000000,0.000000,999.000000,0.000000,0.000000,0.000000
30163.000000,28288.000000,0.000000,999.000000,0.000000,0.000000,0.000000
30173.000000,28288.000000,0.000000,999.000000,0.000000,0.000000,0.000000
30183.000000,28288.000000,0.000000,999.000000,0.000000,0.000000,0.000000
30193.000000,28300.000000,12.000000,999.000000,0.000000,0.000000,0.000000
30203.000000,28326.000000,26.000000,999.000000,0.000000,0.000000,0.000000
30213.000000,28359.000000,33.000000,809.000000,0.000000,0.000000,0.000000
30223.000000,28398.000000,39.000000,679.000000,0.000000,0.000000,0.000000
30233.000000,28438.000000,39.000000,569.000000,0.000000,0.000000,0.000000
30243.000000,28474.000000,37.000000,569.000000,0.000000,0.000000,0.000000
30253.000000,28509.000000,35.000000,619.000000,0.000000,0.000000,0.000000
30263.000000,28542.000000,33.000000,659.000000,0.000000,0.000000,0.000000
30273.000000,28575.000000,33.000000,699.000000,0.000000,0.000000,0.000000
30283.000000,28608.000000,33.000000,699.000000,0.000000,0.000000,0.000000
30293.000000,28643.000000,34.000000,699.000000,0.000000,0.000000,0.000000
30303.000000,28678.000000,36.000000,679.000000,0.000000,0.000000,0.000000
30313.000000,28714.000000,36.000000,639.000000,0.000000,0.000000,0.000000
30323.000000,28750.000000,36.000000,639.000000,0.000000,0.000000,0.000000
30333.000000,28786.000000,36.000000,639.000000,0.000000,0.000000,0.000000
30343.000000,28822.000000,36.000000,639.000000,0.000000,0.000000,0.000000
30353.000000,28855.000000,33.000000,639.000000,0.000000,0.000000,0.000000
30363.000000,28881.000000,25.000000,699.000000,0.000000,0.000000,0.000000
30373.000000,28899.000000,19.000000,859.000000,0.000000,0.000000,0.000000
30383.000000,28911.000000,12.000000,979.000000,0.000000,0.000000,0.000000
30393.000000,28917.000000,6.000000,999.000000,0.000000,0.000000,0.000000
30403.000000,28918.000000,1.000000,999.000000,0.000000,0.000000,0.000000
30413.000000,28917.000000,-1.000000,999.000000,0.000000,0.000000,0.000000
30423.000000,28916.000000,-1.000000,999.000000,0.000000,0.000000,0.000000
30433.000000,28914.000000,-2.000000,999.000000,0.000000,0.000000,0.000000
30443.000000,28912.000000,-2.000000,999.000000,0.000000,0.000000,0.000000
30453.000000,28910.000000,-2.000000,999.000000,0.000000,0.000000,0.000000
30463.000000,28909.000000,-1.000000,999.000000,0.000000,0.000000,0.000000
30473.000000,28908.000000,-1.000000,999.000000,0.000000,0.000000,0.000000
30483.000000,28907.000000,-1.000000,999.000000,0.000000,0.000000,0.000000
30493.000000,28907.000000,0.000000,999.000000,0.000000,0.000000,0.000000
30503.000000,28907.000000,0.000000,999.000000,0.000000,0.000000,0.000000
30513.000000,28907.000000,0.000000,999.000000,0.000000,0.000000,0.000000
30523.000000,28907.000000,0.000000,999.000000,0.000000,0.000000,0.000000
30533.000000,28907.000000,0.000000,999.000000,0.000000,0.000000,0.000000
30543.000000,28907.000000,0.000000,999.000000,0.000000,0.000000,0.000000
30553.000000,28907.000000,0.000000,999.000000,0.000000,0.000000,0.000000
30563.000000,28907.000000,0.000000,999.000000,0.000000,0.000000,0.000000
30573.000000,28907.000000,0.000000,999.000000,0.000000,0.000000,0.000000
30583.000000,28907.000000,0.000000,999.000000,0.000000,0.000000,0.000000
30593.000000,28907.000000,0.000000,999.000000,0.000000,0.000000,0.000000
30603.000000,28907.000000,0.000000,999.000000,0.000000,0.000000,0.000000
30613.000000,28907.000000,0.000000,999.000000,0.000000,0.000000,0.000000
30623.000000,28907.000000,0.000000,999.000000,0.000000,0.000000,0.000000
30633.000000,28907.000000,0.000000,999.000000,0.000000,0.000000,0.000000
30643.000000,28907.000000,0.000000,999.000000,0.000000,0.000000,0.000000
30653.000000,28907.000000,0.000000,999.000000,0.000000,0.000000,0.000000
30663.000000,28908.000000,1.000000,999.000000,0.000000,0.000000,0.000000
30673.000000,28924.000000,16.000000,999.000000,0.000000,0.000000,0.000000
30683.000000,28954.000000,30.000000,999.000000,0.000000,0.000000,0.000000
30693.000000,28992.000000,38.000000,729.000000,0.000000,0.000000,0.000000
30703.000000,29035.000000,43.000000,579.000000,0.000000,0.000000,0.000000
30713.000000,29077.000000,41.000000,489.000000,0.000000,0.000000,0.000000
30723.000000,29116.000000,40.000000,539.000000,0.000000,0.000000,0.000000
30733.000000,29152.000000,36.000000,559.000000,0.000000,0.000000,0.000000
30743.000000,29186.000000,34.000000,639.000000,0.000000,0.000000,0.000000
30753.000000,29220.000000,34.000000,679.000000,0.000000,0.000000,0.000000
30763.000000,29255.000000,35.000000,679.000000,0.000000,0.000000,0.000000
30773.000000,29291.000000,36.000000,659.000000,0.000000,0.000000,0.000000
30783.000000,29328.000000,37.000000,639.000000,0.000000,0.000000,0.000000
30793.000000,29366.000000,38.000000,619.000000,0.000000,0.000000,0.000000
30803.000000,29403.000000,36.000000,609.000000,0.000000,0.000000,0.000000
30813.000000,29439.000000,37.000000,649.000000,0.000000,0.000000,0.000000
30823.000000,29476.000000,37.000000,629.000000,0.000000,0.000000,0.000000
30833.000000,29512.000000,36.000000,629.000000,0.000000,0.000000,0.000000
30843.000000,29548.000000,36.000000,649.000000,0.000000,0.000000,0.000000
30853.000000,29580.000000,32.000000,649.000000,0.000000,0.000000,0.000000
30863.000000,29604.000000,24.000000,719.000000,0.000000,0.000000,0.000000
30873.000000,29621.000000,16.000000,879.000000,0.000000,0.000000,0.000000
30883.000000,29632.000000,12.000000,999.000000,0.000000,0.000000,0.000000
30893.000000,29638.000000,6.000000,999.000000,0.000000,0.000000,0.000000
30903.000000,29639.000000,1.000000,999.000000,0.000000,0.000000,0.000000
30913.000000,29638.000000,-1.000000,999.000000,0.000000,0.000000,0.000000
30923.000000,29637.000000,-1.000000,999.000000,0.000000,0.000000,0.000000
30933.000000,29636.000000,-1.000000,999.000000,0.000000,0.000000,0.000000
30943.000000,29636.000000,0.000000,999.000000,0.000000,0.000000,0.000000
30953.000000,29636.000000,0.000000,999.000000,0.000000,0.000000,0.000000
30963.000000,29636.000000,0.000000,999.000000,0.000000,0.000000,0.000000
30973.000000,29636.000000,0.000000,999.000000,0.000000,0.000000,0.000000
30983.000000,29636.000000,0.000000,999.000000,0.000000,0.000000,0.000000
30993.000000,29636.000000,0.000000,999.000000,0.000000,0.000000,0.000000
31003.000000,29636.000000,0.000000,999.000000,0.000000,0.000000,0.000000
31013.000000,29636.000000,0.000000,999.000000,0.000000,0.000000,0.000000
31023.000000,29636.000000,0.000000,999.000000,0.000000,0.000000,0.000000
31033.000000,29636.000000,0.000000,999.000000,0.000000,0.000000,0.000000
31043.000000,29636.000000,0.000000,999.000000,0.000000,0.000000,0.000000
31053.000000,29636.000000,0.000000,999.000000,0.000000,0.000000,0.000000
31063.000000,29636.000000,0.000000,999.000000,0.000000,0.000000,0.000000
31073.000000,29636.000000,0.000000,999.000000,0.000000,0.000000,0.000000
31083.000000,29636.000000,0.000000,999.000000,0.000000,0.000000,0.000000
31093.000000,29636.000000,0.000000,999.000000,0.000000,0.000000,0.000000
31103.000000,29636.000000,0.000000,999.000000,0.000000,0.000000,0.000000
31113.000000,29636.000000,0.000000,999.000000,0.000000,0.000000,0.000000
31123.000000,29636.000000,0.000000,999.000000,0.000000,0.000000,0.000000
31133.000000,29636.000000,0.000000,999.000000,0.000000,0.000000,0.000000
31143.000000,29636.000000,0.000000,999.000000,0.000000,0.000000,0.000000
31153.000000,29636.000000,0.000000,999.000000,0.000000,0.000000,0.000000
31163.000000,29638.000000,2.000000,999.000000,0.000000,0.000000,0.000000
31173.000000,29656.000000,18.000000,999.000000,0.000000,0.000000,0.000000
31183.000000,29686.000000,30.000000,969.000000,0.000000,0.000000,0.000000
31193.000000,29724.000000,38.000000,729.000000,0.000000,0.000000,0.000000
31203.000000,29767.000000,43.000000,579.000000,0.000000,0.000000,0.000000
31213.000000,29808.000000,41.000000,489.000000,0.000000,0.000000,0.000000
31223.000000,29847.000000,39.000000,539.000000,0.000000,0.000000,0.000000
31233.000000,29883.000000,36.000000,579.000000,0.000000,0.000000,0.000000
31243.000000,29917.000000,34.000000,639.000000,0.000000,0.000000,0.000000
31253.000000,29951.000000,34.000000,679.000000,0.000000,0.000000,0.000000
31263.000000,29986.000000,35.000000,679.000000,0.000000,0.000000,0.000000
31273.000000,30022.000000,36.000000,659.000000,0.000000,0.000000,0.000000
31283.000000,30058.000000,36.000000,639.000000,0.000000,0.000000,0.000000
31293.000000,30095.000000,37.000000,639.000000,0.000000,0.000000,0.000000
31303.000000,30132.000000,36.000000,619.000000,0.000000,0.000000,0.000000
31313.000000,30168.000000,37.000000,639.000000,0.000000,0.000000,0.000000
31323.000000,30204.000000,36.000000,629.000000,0.000000,0.000000,0.000000
31333.000000,30240.000000,36.000000,649.000000,0.000000,0.000000,0.000000
31343.000000,30274.000000,34.000000,649.000000,0.000000,0.000000,0.000000
31353.000000,30302.000000,28.000000,679.000000,0.000000,0.000000,0.000000
31363.000000,30322.000000,20.000000,799.000000,0.000000,0.000000,0.000000
31373.000000,30336.000000,14.000000,959.000000,0.000000,0.000000,0.000000
31383.000000,30346.000000,10.000000,999.000000,0.000000,0.000000,0.000000
31393.000000,30350.000000,4.000000,999.000000,0.000000,0.000000,0.000000
31403.000000,30351.000000,1.000000,999.000000,0.000000,0.000000,0.000000
31413.000000,30351.000000,0.000000,999.000000,0.000000,0.000000,0.000000
31423.000000,30350.000000,-1.000000,999.000000,0.000000,0.000000,0.000000
31433.000000,30349.000000,-1.000000,999.000000,0.000000,0.000000,0.000000
31443.000000,30348.000000,-1.000000,999.000000,0.000000,0.000000,0.000000
31453.000000,30348.000000,0.000000,999.000000,0.000000,0.000000,0.000000
31463.000000,30348.000000,0.000000,999.000000,0.000000,0.000000,0.000000
31473.000000,30347.000000,-1.000000,999.000000,0.000000,0.000000,0.000000
31483.000000,30347.000000,0.000000,999.000000,0.000000,0.000000,0.000000
31493.000000,30347.000000,0.000000,999.000000,0.000000,0.000000,0.000000
31503.000000,30347.000000,0.000000,999.000000,0.000000,0.000000,0.000000
31513.000000,30346.000000,-1.000000,999.000000,0.000000,0.000000,0.000000
31523.000000,30346.000000,0.000000,999.000000,0.000000,0.000000,0.000000
31533.000000,30346.000000,0.000000,999.000000,0.000000,0.000000,0.000000
31543.000000,30346.000000,0.000000,999.000000,0.000000,0.000000,0.000000
31553.000000,30346.000000,0.000000,999.000000,0.000000,0.000000,0.000000
31563.000000,30346.000000,0.000000,999.000000,0.000000,0.000000,0.000000
31573.000000,30346.000000,0.000000,999.000000,0.000000,0.000000,0.000000
31583.000000,30346.000000,0.000000,999.000000,0.000000,0.000000,0.000000
31593.000000,30346.000000,0.000000,999.000000,0.000000,0.000000,0.000000
31603.000000,30346.000000,0.000000,999.000000,0.000000,0.000000,0.000000
31613.000000,30346.000000,0.000000,999.000000,0.000000,0.000000,0.000000
31623.000000,30346.000000,0.000000,999.000000,0.000000,0.000000,0.000000
31633.000000,30346.000000,0.000000,999.000000,0.000000,0.000000,0.000000
31643.000000,30346.000000,0.000000,999.000000,0.000000,0.000000,0.000000
31653.000000,30349.000000,3.000000,999.000000,0.000000,0.000000,0.000000
31663.000000,30370.000000,21.000000,999.000000,0.000000,0.000000,0.000000
31673.000000,30402.000000,32.000000,909.000000,0.000000,0.000000,0.000000
31683.000000,30442.000000,40.000000,699.000000,0.000000,0.000000,0.000000
31693.000000,30486.000000,44.000000,549.000000,0.000000,0.000000,0.000000
31703.000000,30529.000000,42.000000,469.000000,0.000000,0.000000,0.000000
31713.000000,30568.000000,40.000000,519.000000,0.000000,0.000000,0.000000
31723.000000,30605.000000,36.000000,559.000000,0.000000,0.000000,0.000000
31733.000000,30640.000000,36.000000,639.000000,0.000000,0.000000,0.000000
31743.000000,30676.000000,36.000000,639.000000,0.000000,0.000000,0.000000
31753.000000,30712.000000,36.000000,639.000000,0.000000,0.000000,0.000000
31763.000000,30748.000000,36.000000,639.000000,0.000000,0.000000,0.000000
31773.000000,30786.000000,37.000000,639.000000,0.000000,0.000000,0.000000
31783.000000,30823.000000,38.000000,629.000000,0.000000,0.000000,0.000000
31793.000000,30861.000000,38.000000,609.000000,0.000000,0.000000,0.000000
31803.000000,30899.000000,37.000000,609.000000,0.000000,0.000000,0.000000
31813.000000,30936.000000,38.000000,629.000000,0.000000,0.000000,0.000000
31823.000000,30974.000000,37.000000,609.000000,0.000000,0.000000,0.000000
31833.000000,31011.000000,37.000000,629.000000,0.000000,0.000000,0.000000
31843.000000,31042.000000,32.000000,629.000000,0.000000,0.000000,0.000000
31853.000000,31066.000000,24.000000,719.000000,0.000000,0.000000,0.000000
31863.000000,31086.000000,19.000000,879.000000,0.000000,0.000000,0.000000
31873.000000,31099.000000,14.000000,979.000000,0.000000,0.000000,0.000000
31883.000000,31108.000000,9.000000,999.000000,0.000000,0.000000,0.000000
31893.000000,31112.000000,4.000000,999.000000,0.000000,0.000000,0.000000
31903.000000,31113.000000,1.000000,999.000000,0.000000,0.000000,0.000000
31913.000000,31112.000000,-1.000000,999.000000,0.000000,0.000000,0.000000
31923.000000,31111.000000,-1.000000,999.000000,0.000000,0.000000,0.000000
31933.000000,31110.000000,-1.000000,999.000000,0.000000,0.000000,0.000000
31943.000000,31109.000000,-1.000000,999.000000,0.000000,0.000000,0.000000
31953.000000,31108.000000,-1.000000,999.000000,0.000000,0.000000,0.000000
31963.000000,31108.000000,0.000000,999.000000,0.000000,0.000000,0.000000
31973.000000,31108.000000,0.000000,999.000000,0.000000,0.000000,0.000000
31983.000000,31108.000000,0.000000,999.000000,0.000000,0.000000,0.000000
31993.000000,31108.000000,0.000000,999.000000,0.000000,0.000000,0.000000
32003.000000,31108.000000,0.000000,999.000000,0.000000,0.000000,0.000000
32013.000000,31108.000000,0.000000,999.000000,0.000000,0.000000,0.000000
32023.000000,31108.000000,0.000000,999.000000,0.000000,0.000000,0.000000
32033.000000,31108.000000,0.000000,999.000000,0.000000,0.000000,0.000000
32043.000000,31108.000000,0.000000,999.000000,0.000000,0.000000,0.000000
32053.000000,31108.000000,0.000000,999.000000,0.000000,0.000000,0.000000
32063.000000,31108.000000,0.000000,999.000000,0.000000,0.000000,0.000000
32073.000000,31108.000000,0.000000,999.000000,0.000000,0.000000,0.000000
32083.000000,31108.000000,0.000000,999.000000,0.000000,0.000000,0.000000
32093.000000,31108.000000,0.000000,999.000000,0.000000,0.000000,0.000000
32103.000000,31108.000000,0.000000,999.000000,0.000000,0.000000,0.000000
32113.000000,31108.000000,0.000000,999.000000,0.000000,0.000000,0.000000
32123.000000,31108.000000,0.000000,999.000000,0.000000,0.000000,0.000000
32133.000000,31108.000000,0.000000,999.000000,0.000000,0.000000,0.000000
32143.000000,31108.000000,0.000000,999.000000,0.000000,0.000000,0.000000
32153.000000,31108.000000,0.000000,999.000000,0.000000,0.000000,0.000000
32163.000000,31120.000000,12.000000,999.000000,0.000000,0.000000,0.000000
32173.000000,31148.000000,27.000000,999.000000,0.000000,0.000000,0.000000
32183.000000,31185.000000,38.000000,789.000000,0.000000,0.000000,0.000000
32193.000000,31228.000000,43.000000,579.000000,0.000000,0.000000,0.000000
32203.000000,31273.000000,45.000000,489.000000,0.000000,0.000000,0.000000
32213.000000,31315.000000,42.000000,459.000000,0.000000,0.000000,0.000000
32223.000000,31353.000000,38.000000,519.000000,0.000000,0.000000,0.000000
32233.000000,31388.000000,35.000000,599.000000,0.000000,0.000000,0.000000
32243.000000,31423.000000,35.000000,659.000000,0.000000,0.000000,0.000000
32253.000000,31459.000000,36.000000,659.000000,0.000000,0.000000,0.000000
32263.000000,31495.000000,36.000000,639.000000,0.000000,0.000000,0.000000
32273.000000,31532.000000,37.000000,639.000000,0.000000,0.000000,0.000000
32283.000000,31569.000000,37.000000,629.000000,0.000000,0.000000,0.000000
32293.000000,31606.000000,37.000000,629.000000,0.000000,0.000000,0.000000
32303.000000,31644.000000,38.000000,629.000000,0.000000,0.000000,0.000000
32313.000000,31680.000000,36.000000,609.000000,0.000000,0.000000,0.000000
32323.000000,31718.000000,37.000000,649.000000,0.000000,0.000000,0.000000
32333.000000,31754.000000,37.000000,629.000000,0.000000,0.000000,0.000000
32343.000000,31790.000000,36.000000,629.000000,0.000000,0.000000,0.000000
32353.000000,31820.000000,30.000000,649.000000,0.000000,0.000000,0.000000
32363.000000,31842.000000,22.000000,759.000000,0.000000,0.000000,0.000000
32373.000000,31858.000000,16.000000,919.000000,0.000000,0.000000,0.000000
32383.000000,31869.000000,11.000000,999.000000,0.000000,0.000000,0.000000
32393.000000,31874.000000,5.000000,999.000000,0.000000,0.000000,0.000000
32403.000000,31875.000000,1.000000,999.000000,0.000000,0.000000,0.000000
32413.000000,31874.000000,-1.000000,999.000000,0.000000,0.000000,0.000000
32423.000000,31874.000000,0.000000,999.000000,0.000000,0.000000,0.000000
32433.000000,31873.000000,-1.000000,999.000000,0.000000,0.000000,0.000000
32443.000000,31873.000000,0.000000,999.000000,0.000000,0.000000,0.000000
32453.000000,31873.000000,0.000000,999.000000,0.000000,0.000000,0.000000
32463.000000,31873.000000,0.000000,999.000000,0.000000,0.000000,0.000000
32473.000000,31873.000000,0.000000,999.000000,0.000000,0.000000,0.000000
32483.000000,31873.000000,0.000000,999.000000,0.000000,0.000000,0.000000
32493.000000,31873.000000,0.000000,999.000000,0.000000,0.000000,0.000000
32503.000000,31873.000000,0.000000,999.000000,0.000000,0.000000,0.000000
32513.000000,31873.000000,0.000000,999.000000,0.000000,0.000000,0.000000
32523.000000,31873.000000,0.000000,999.000000,0.000000,0.000000,0.000000
32533.000000,31873.000000,0.000000,999.000000,0.000000,0.000000,0.000000
32543.000000,31873.000000,0.000000,999.000000,0.000000,0.000000,0.000000
32553.000000,31873.000000,0.000000,999.000000,0.000000,0.000000,0.000000
32563.000000,31873.000000,0.000000,999.000000,0.000000,0.000000,0.000000
32573.000000,31873.000000,0.000000,999.000000,0.000000,0.000000,0.000000
32583.000000,31873.000000,0.000000,999.000000,0.000000,0.000000,0.000000
32593.000000,31873.000000,0.000000,999.000000,0.000000,0.000000,0.000000
32603.000000,31873.000000,0.000000,999.000000,0.000000,0.000000,0.000000
32613.000000,31873.000000,0.000000,999.000000,0.000000,0.000000,0.000000
32623.000000,31873.000000,0.000000,999.000000,0.000000,0.000000,0.000000
32633.000000,31873.000000,0.000000,999.000000,0.000000,0.000000,0.000000
32643.000000,31873.000000,0.000000,999.000000,0.000000,0.000000,0.000000
32653.000000,31873.000000,0.000000,999.000000,0.000000,0.000000,0.000000
32663.000000,31874.000000,1.000000,999.000000,0.000000,0.000000,0.000000
32673.000000,31886.000000,12.000000,999.000000,0.000000,0.000000,0.000000
32683.000000,31914.000000,28.000000,999.000000,0.000000,0.000000,0.000000
32693.000000,31950.000000,36.000000,769.000000,0.000000,0.000000,0.000000
32703.000000,31993.000000,42.000000,619.000000,0.000000,0.000000,0.000000
32713.000000,32036.000000,44.000000,509.000000,0.000000,0.000000,0.000000
32723.000000,32077.000000,40.000000,479.000000,0.000000,0.000000,0.000000
32733.000000,32114.000000,38.000000,559.000000,0.000000,0.000000,0.000000
32743.000000,32150.000000,36.000000,599.000000,0.000000,0.000000,0.000000
32753.000000,32185.000000,35.000000,639.000000,0.000000,0.000000,0.000000
32763.000000,32221.000000,36.000000,659.000000,0.000000,0.000000,0.000000
32773.000000,32258.000000,36.000000,639.000000,0.000000,0.000000,0.000000
32783.000000,32295.000000,37.000000,639.000000,0.000000,0.000000,0.000000
32793.000000,32332.000000,38.000000,619.000000,0.000000,0.000000,0.000000
32803.000000,32370.000000,38.000000,609.000000,0.000000,0.000000,0.000000
32813.000000,32408.000000,37.000000,609.000000,0.000000,0.000000,0.000000
32823.000000,32445.000000,37.000000,629.000000,0.000000,0.000000,0.000000
32833.000000,32481.000000,37.000000,629.000000,0.000000,0.000000,0.000000
32843.000000,32518.000000,37.000000,629.000000,0.000000,0.000000,0.000000
32853.000000,32554.000000,35.000000,629.000000,0.000000,0.000000,0.000000
32863.000000,32581.000000,28.000000,669.000000,0.000000,0.000000,0.000000
32873.000000,32603.000000,22.000000,799.000000,0.000000,0.000000,0.000000
32883.000000,32619.000000,16.000000,919.000000,0.000000,0.000000,0.000000
32893.000000,32629.000000,10.000000,999.000000,0.000000,0.000000,0.000000
32903.000000,32636.000000,7.000000,999.000000,0.000000,0.000000,0.000000
32913.000000,32638.000000,2.000000,999.000000,0.000000,0.000000,0.000000
32923.000000,32638.000000,0.000000,999.000000,0.000000,0.000000,0.000000
32933.000000,32637.000000,-1.000000,999.000000,0.000000,0.000000,0.000000
32943.000000,32636.000000,-1.000000,999.000000,0.000000,0.000000,0.000000
32953.000000,32636.000000,0.000000,999.000000,0.000000,0.000000,0.000000
32963.000000,32635.000000,-1.000000,999.000000,0.000000,0.000000,0.000000
32973.000000,32634.000000,-1.000000,999.000000,0.000000,0.000000,0.000000
32983.000000,32633.000000,-1.000000,999.000000,0.000000,0.000000,0.000000
32993.000000,32633.000000,0.000000,999.000000,0.000000,0.000000,0.000000
33003.000000,32633.000000,0.000000,999.000000,0.000000,0.000000,0.000000
33013.000000,32633.000000,0.000000,999.000000,0.000000,0.000000,0.000000
33023.000000,32633.000000,0.000000,999.000000,0.000000,0.000000,0.000000
33033.000000,32633.000000,0.000000,999.000000,0.000000,0.000000,0.000000
33043.000000,32633.000000,0.000000,999.000000,0.000000,0.000000,0.000000
33053.000000,32633.000000,0.000000,999.000000,0.000000,0.000000,0.000000
33063.000000,32633.000000,0.000000,999.000000,0.000000,0.000000,0.000000
33073.000000,32633.000000,0.000000,999.000000,0.000000,0.000000,0.000000
33083.000000,32633.000000,0.000000,999.000000,0.000000,0.000000,0.000000
33093.000000,32633.000000,0.000000,999.000000,0.000000,0.000000,0.000000
33103.000000,32633.000000,0.000000,999.000000,0.000000,0.000000,0.000000
33113.000000,32633.000000,0.000000,999.000000,0.000000,0.000000,0.000000
33123.000000,32633.000000,0.000000,999.000000,0.000000,0.000000,0.000000
33133.000000,32633.000000,0.000000,999.000000,0.000000,0.000000,0.000000
33143.000000,32633.000000,0.000000,999.000000,0.000000,0.000000,0.000000
33153.000000,32633.000000,0.000000,999.000000,0.000000,0.000000,0.000000
33163.000000,32633.000000,0.000000,999.000000,0.000000,0.000000,0.000000
33173.000000,32634.000000,1.000000,999.000000,0.000000,0.000000,0.000000
33183.000000,32652.000000,18.000000,999.000000,0.000000,0.000000,0.000000
33193.000000,32682.000000,30.000000,969.000000,0.000000,0.000000,0.000000
33203.000000,32722.000000,40.000000,729.000000,0.000000,0.000000,0.000000
33213.000000,32766.000000,43.000000,539.000000,0.000000,0.000000,0.000000
33223.000000,32809.000000,44.000000,489.000000,0.000000,0.000000,0.000000
33233.000000,32849.000000,40.000000,479.000000,0.000000,0.000000,0.000000
33243.000000,32886.000000,37.000000,559.000000,0.000000,0.000000,0.000000
33253.000000,32921.000000,35.000000,619.000000,0.000000,0.000000,0.000000
33263.000000,32956.000000,35.000000,659.000000,0.000000,0.000000,0.000000
33273.000000,32992.000000,36.000000,659.000000,0.000000,0.000000,0.000000
33283.000000,33029.000000,36.000000,639.000000,0.000000,0.000000,0.000000
33293.000000,33066.000000,38.000000,639.000000,0.000000,0.000000,0.000000
33303.000000,33104.000000,37.000000,609.000000,0.000000,0.000000,0.000000
33313.000000,33140.000000,37.000000,629.000000,0.000000,0.000000,0.000000
33323.000000,33177.000000,36.000000,629.000000,0.000000,0.000000,0.000000
33333.000000,33213.000000,36.000000,649.000000,0.000000,0.000000,0.000000
33343.000000,33249.000000,37.000000,649.000000,0.000000,0.000000,0.000000
33353.000000,33285.000000,36.000000,629.000000,0.000000,0.000000,0.000000
33363.000000,33314.000000,29.000000,649.000000,0.000000,0.000000,0.000000
33373.000000,33336.000000,22.000000,779.000000,0.000000,0.000000,0.000000
33383.000000,33351.000000,15.000000,919.000000,0.000000,0.000000,0.000000
33393.000000,33361.000000,10.000000,999.000000,0.000000,0.000000,0.000000
33403.000000,33365.000000,4.000000,999.000000,0.000000,0.000000,0.000000
33413.000000,33365.000000,0.000000,999.000000,0.000000,0.000000,0.000000
33423.000000,33364.000000,-1.000000,999.000000,0.000000,0.000000,0.000000
33433.000000,33364.000000,0.000000,999.000000,0.000000,0.000000,0.000000
33443.000000,33363.000000,-1.000000,999.000000,0.000000,0.000000,0.000000
33453.000000,33363.000000,0.000000,999.000000,0.000000,0.000000,0.000000
33463.000000,33363.000000,0.000000,999.000000,0.000000,0.000000,0.000000
33473.000000,33363.000000,0.000000,999.000000,0.000000,0.000000,0.000000
33483.000000,33363.000000,0.000000,999.000000,0.000000,0.000000,0.000000
33493.000000,33363.000000,0.000000,999.000000,0.000000,0.000000,0.000000
33503.000000,33363.000000,0.000000,999.000000,0.000000,0.000000,0.000000
33513.000000,33363.000000,0.000000,999.000000,0.000000,0.000000,0.000000
33523.000000,33363.000000,0.000000,999.000000,0.000000,0.000000,0.000000
33533.000000,33363.000000,0.000000,999.000000,0.000000,0.000000,0.000000
33543.000000,33363.000000,0.000000,999.000000,0.000000,0.000000,0.000000
33553.000000,33363.000000,0.000000,999.000000,0.000000,0.000000,0.000000
33563.000000,33363.000000,0.000000,999.000000,0.000000,0.000000,0.000000
33573.000000,33363.000000,0.000000,999.000000,0.000000,0.000000,0.000000
33583.000000,33363.000000,0.000000,999.000000,0.000000,0.000000,0.000000
33593.000000,33363.000000,0.000000,999.000000,0.000000,0.000000,0.000000
33603.000000,33363.000000,0.000000,999.000000,0.000000,0.000000,0.000000
33613.000000,33363.000000,0.000000,999.000000,0.000000,0.000000,0.000000
33623.000000,33363.000000,0.000000,999.000000,0.000000,0.000000,0.000000
33633.000000,33363.000000,0.000000,999.000000,0.000000,0.000000,0.000000
33643.000000,33363.000000,0.000000,999.000000,0.000000,0.000000,0.000000
33653.000000,33363.000000,0.000000,999.000000,0.000000,0.000000,0.000000
33663.000000,33363.000000,0.000000,999.000000,0.000000,0.000000,0.000000
33673.000000,33363.000000,0.000000,999.000000,0.000000,0.000000,0.000000
33683.000000,33374.000000,11.000000,999.000000,0.000000,0.000000,0.000000
33693.000000,33400.000000,26.000000,999.000000,0.000000,0.000000,0.000000
33703.000000,33435.000000,35.000000,809.000000,0.000000,0.000000,0.000000
33713.000000,33476.000000,41.000000,639.000000,0.000000,0.000000,0.000000
33723.000000,33518.000000,42.000000,529.000000,0.000000,0.000000,0.000000
33733.000000,33558.000000,40.000000,519.000000,0.000000,0.000000,0.000000
33743.000000,33595.000000,36.000000,559.000000,0.000000,0.000000,0.000000
33753.000000,33629.000000,35.000000,639.000000,0.000000,0.000000,0.000000
33763.000000,33663.000000,34.000000,659.000000,0.000000,0.000000,0.000000
33773.000000,33698.000000,35.000000,679.000000,0.000000,0.000000,0.000000
33783.000000,33734.000000,35.000000,659.000000,0.000000,0.000000,0.000000
33793.000000,33770.000000,36.000000,659.000000,0.000000,0.000000,0.000000
33803.000000,33806.000000,37.000000,639.000000,0.000000,0.000000,0.000000
33813.000000,33843.000000,36.000000,619.000000,0.000000,0.000000,0.000000
33823.000000,33879.000000,37.000000,639.000000,0.000000,0.000000,0.000000
33833.000000,33915.000000,36.000000,629.000000,0.000000,0.000000,0.000000
33843.000000,33951.000000,36.000000,649.000000,0.000000,0.000000,0.000000
33853.000000,33984.000000,33.000000,649.000000,0.000000,0.000000,0.000000
33863.000000,34010.000000,26.000000,699.000000,0.000000,0.000000,0.000000
33873.000000,34029.000000,19.000000,839.000000,0.000000,0.000000,0.000000
33883.000000,34042.000000,13.000000,979.000000,0.000000,0.000000,0.000000
33893.000000,34050.000000,8.000000,999.000000,0.000000,0.000000,0.000000
33903.000000,34053.000000,3.000000,999.000000,0.000000,0.000000,0.000000
33913.000000,34052.000000,-1.000000,999.000000,0.000000,0.000000,0.000000
33923.000000,34051.000000,-1.000000,999.000000,0.000000,0.000000,0.000000
33933.000000,34048.000000,-3.000000,999.000000,0.000000,0.000000,0.000000
33943.000000,34047.000000,-1.000000,999.000000,0.000000,0.000000,0.000000
33953.000000,34045.000000,-2.000000,999.000000,0.000000,0.000000,0.000000
33963.000000,34044.000000,-1.000000,999.000000,0.000000,0.000000,0.000000
33973.000000,34043.000000,-1.000000,999.000000,0.000000,0.000000,0.000000
33983.000000,34043.000000,0.000000,999.000000,0.000000,0.000000,0.000000
33993.000000,34043.000000,0.000000,999.000000,0.000000,0.000000,0.000000
34003.000000,34043.000000,0.000000,999.000000,0.000000,0.000000,0.000000
34013.000000,34043.000000,0.000000,999.000000,0.000000,0.000000,0.000000
34023.000000,34043.000000,0.000000,999.000000,0.000000,0.000000,0.000000
34033.000000,34043.000000,0.000000,999.000000,0.000000,0.000000,0.000000
34043.000000,34043.000000,0.000000,999.000000,0.000000,0.000000,0.000000
34053.000000,34043.000000,0.000000,999.000000,0.000000,0.000000,0.000000
34063.000000,34043.000000,0.000000,999.000000,0.000000,0.000000,0.000000
34073.000000,34043.000000,0.000000,999.000000,0.000000,0.000000,0.000000
34083.000000,34043.000000,0.000000,999.000000,0.000000,0.000000,0.000000
34093.000000,34043.000000,0.000000,999.000000,0.000000,0.000000,0.000000
34103.000000,34043.000000,0.000000,999.000000,0.000000,0.000000,0.000000
34113.000000,34043.000000,0.000000,999.000000,0.000000,0.000000,0.000000
34123.000000,34043.000000,0.000000,999.000000,0.000000,0.000000,0.000000
34133.000000,34043.000000,0.000000,999.000000,0.000000,0.000000,0.000000
34143.000000,34043.000000,0.000000,999.000000,0.000000,0.000000,0.000000
34153.000000,34043.000000,0.000000,999.000000,0.000000,0.000000,0.000000
34163.000000,34043.000000,0.000000,999.000000,0.000000,0.000000,0.000000
34173.000000,34043.000000,0.000000,999.000000,0.000000,0.000000,0.000000
34183.000000,34053.000000,9.000000,999.000000,0.000000,0.000000,0.000000
34193.000000,34078.000000,26.000000,999.000000,0.000000,0.000000,0.000000
34203.000000,34114.000000,36.000000,809.000000,0.000000,0.000000,0.000000
34213.000000,34155.000000,41.000000,619.000000,0.000000,0.000000,0.000000
34223.000000,34197.000000,42.000000,529.000000,0.000000,0.000000,0.000000
34233.000000,34237.000000,39.000000,519.000000,0.000000,0.000000,0.000000
34243.000000,34273.000000,37.000000,579.000000,0.000000,0.000000,0.000000
34253.000000,34307.000000,34.000000,619.000000,0.000000,0.000000,0.000000
34263.000000,34341.000000,34.000000,679.000000,0.000000,0.000000,0.000000
34273.000000,34376.000000,34.000000,679.000000,0.000000,0.000000,0.000000
34283.000000,34411.000000,35.000000,679.000000,0.000000,0.000000,0.000000
34293.000000,34446.000000,36.000000,659.000000,0.000000,0.000000,0.000000
34303.000000,34483.000000,37.000000,639.000000,0.000000,0.000000,0.000000
34313.000000,34520.000000,36.000000,619.000000,0.000000,0.000000,0.000000
34323.000000,34555.000000,36.000000,639.000000,0.000000,0.000000,0.000000
34333.000000,34590.000000,35.000000,639.000000,0.000000,0.000000,0.000000
34343.000000,34626.000000,36.000000,659.000000,0.000000,0.000000,0.000000
34353.000000,34658.000000,32.000000,639.000000,0.000000,0.000000,0.000000
34363.000000,34682.000000,24.000000,719.000000,0.000000,0.000000,0.000000
34373.000000,34700.000000,18.000000,879.000000,0.000000,0.000000,0.000000
34383.000000,34712.000000,12.000000,999.000000,0.000000,0.000000,0.000000
34393.000000,34716.000000,4.000000,999.000000,0.000000,0.000000,0.000000
34403.000000,34717.000000,1.000000,999.000000,0.000000,0.000000,0.000000
34413.000000,34716.000000,-1.000000,999.000000,0.000000,0.000000,0.000000
34423.000000,34714.000000,-2.000000,999.000000,0.000000,0.000000,0.000000
34433.000000,34713.000000,-1.000000,999.000000,0.000000,0.000000,0.000000
34443.000000,34712.000000,-1.000000,999.000000,0.000000,0.000000,0.000000
34453.000000,34711.000000,-1.000000,999.000000,0.000000,0.000000,0.000000
34463.000000,34711.000000,0.000000,999.000000,0.000000,0.000000,0.000000
34473.000000,34711.000000,0.000000,999.000000,0.000000,0.000000,0.000000
34483.000000,34711.000000,0.000000,999.000000,0.000000,0.000000,0.000000
34493.000000,34711.000000,0.000000,999.000000,0.000000,0.000000,0.000000
34503.000000,34711.000000,0.000000,999.000000,0.000000,0.000000,0.000000
34513.000000,34711.000000,0.000000,999.000000,0.000000,0.000000,0.000000
34523.000000,34711.000000,0.000000,999.000000,0.000000,0.000000,0.000000
34533.000000,34711.000000,0.000000,999.000000,0.000000,0.000000,0.000000
34543.000000,34711.000000,0.000000,999.000000,0.000000,0.000000,0.000000
34553.000000,34711.000000,0.000000,999.000000,0.000000,0.000000,0.000000
34563.000000,34711.000000,0.000000,999.000000,0.000000,0.000000,0.000000
34573.000000,34711.000000,0.000000,999.000000,0.000000,0.000000,0.000000
34583.000000,34711.000000,0.000000,999.000000,0.000000,0.000000,0.000000
34593.000000,34711.000000,0.000000,999.000000,0.000000,0.000000,0.000000
34603.000000,34711.000000,0.000000,999.000000,0.000000,0.000000,0.000000
34613.000000,34711.000000,0.000000,999.000000,0.000000,0.000000,0.000000
34623.000000,34711.000000,0.000000,999.000000,0.000000,0.000000,0.000000
34633.000000,34711.000000,0.000000,999.000000,0.000000,0.000000,0.000000
34643.000000,34711.000000,0.000000,999.000000,0.000000,0.000000,0.000000
34653.000000,34711.000000,0.000000,999.000000,0.000000,0.000000,0.000000
34663.000000,34711.000000,0.000000,999.000000,0.000000,0.000000,0.000000
34673.000000,34711.000000,0.000000,999.000000,0.000000,0.000000,0.000000
34683.000000,34718.000000,7.000000,999.000000,0.000000,0.000000,0.000000
34693.000000,34741.000000,23.000000,999.000000,0.000000,0.000000,0.000000
34703.000000,34774.000000,33.000000,869.000000,0.000000,0.000000,0.000000
34713.000000,34813.000000,39.000000,679.000000,0.000000,0.000000,0.000000
34723.000000,34854.000000,41.000000,569.000000,0.000000,0.000000,0.000000
34733.000000,34894.000000,40.000000,529.000000,0.000000,0.000000,0.000000
34743.000000,34930.000000,35.000000,559.000000,0.000000,0.000000,0.000000
34753.000000,34963.000000,34.000000,659.000000,0.000000,0.000000,0.000000
34763.000000,34996.000000,33.000000,679.000000,0.000000,0.000000,0.000000
34773.000000,35029.000000,33.000000,699.000000,0.000000,0.000000,0.000000
34783.000000,35063.000000,33.000000,699.000000,0.000000,0.000000,0.000000
34793.000000,35098.000000,35.000000,699.000000,0.000000,0.000000,0.000000
34803.000000,35133.000000,35.000000,659.000000,0.000000,0.000000,0.000000
34813.000000,35168.000000,36.000000,659.000000,0.000000,0.000000,0.000000
34823.000000,35202.000000,34.000000,639.000000,0.000000,0.000000,0.000000
34833.000000,35237.000000,34.000000,679.000000,0.000000,0.000000,0.000000
34843.000000,35267.000000,31.000000,679.000000,0.000000,0.000000,0.000000
34853.000000,35289.000000,22.000000,739.000000,0.000000,0.000000,0.000000
34863.000000,35304.000000,15.000000,919.000000,0.000000,0.000000,0.000000
34873.000000,35311.000000,7.000000,999.000000,0.000000,0.000000,0.000000
34883.000000,35312.000000,1.000000,999.000000,0.000000,0.000000,0.000000
34893.000000,35311.000000,-1.000000,999.000000,0.000000,0.000000,0.000000
34903.000000,35310.000000,-1.000000,999.000000,0.000000,0.000000,0.000000
34913.000000,35308.000000,-2.000000,999.000000,0.000000,0.000000,0.000000
34923.000000,35307.000000,-1.000000,999.000000,0.000000,0.000000,0.000000
34933.000000,35306.000000,-1.000000,999.000000,0.000000,0.000000,0.000000
34943.000000,35305.000000,-1.000000,999.000000,0.000000,0.000000,0.000000
34953.000000,35305.000000,0.000000,999.000000,0.000000,0.000000,0.000000
34963.000000,35305.000000,0.000000,999.000000,0.000000,0.000000,0.000000
34973.000000,35305.000000,0.000000,999.000000,0.000000,0.000000,0.000000
34983.000000,35305.000000,0.000000,999.000000,0.000000,0.000000,0.000000
34993.000000,35305.000000,0.000000,999.000000,0.000000,0.000000,0.000000
35003.000000,35305.000000,0.000000,999.000000,0.000000,0.000000,0.000000
35013.000000,35305.000000,0.000000,999.000000,0.000000,0.000000,0.000000
35023.000000,35305.000000,0.000000,999.000000,0.000000,0.000000,0.000000
35033.000000,35305.000000,0.000000,999.000000,0.000000,0.000000,0.000000
35043.000000,35305.000000,0.000000,999.000000,0.000000,0.000000,0.000000
35053.000000,35305.000000,0.000000,999.000000,0.000000,0.000000,0.000000
35063.000000,35305.000000,0.000000,999.000000,0.000000,0.000000,0.000000
35073.000000,35305.000000,0.000000,999.000000,0.000000,0.000000,0.000000
35083.000000,35305.000000,0.000000,999.000000,0.000000,0.000000,0.000000
35093.000000,35305.000000,0.000000,999.000000,0.000000,0.000000,0.000000
35103.000000,35305.000000,0.000000,999.000000,0.000000,0.000000,0.000000
35113.000000,35305.000000,0.000000,999.000000,0.000000,0.000000,0.000000
35123.000000,35305.000000,0.000000,999.000000,0.000000,0.000000,0.000000
35133.000000,35305.000000,0.000000,999.000000,0.000000,0.000000,0.000000
35143.000000,35305.000000,0.000000,999.000000,0.000000,0.000000,0.000000
35153.000000,35305.000000,0.000000,999.000000,0.000000,0.000000,0.000000
35163.000000,35305.000000,0.000000,999.000000,0.000000,0.000000,0.000000
35173.000000,35318.000000,13.000000,999.000000,0.000000,0.000000,0.000000
35183.000000,35344.000000,26.000000,999.000000,0.000000,0.000000,0.000000
35193.000000,35379.000000,34.000000,809.000000,0.000000,0.000000,0.000000
35203.000000,35419.000000,40.000000,659.000000,0.000000,0.000000,0.000000
35213.000000,35459.000000,41.000000,549.000000,0.000000,0.000000,0.000000
35223.000000,35496.000000,37.000000,539.000000,0.000000,0.000000,0.000000
35233.000000,35530.000000,34.000000,619.000000,0.000000,0.000000,0.000000
35243.000000,35563.000000,33.000000,679.000000,0.000000,0.000000,0.000000
35253.000000,35596.000000,32.000000,699.000000,0.000000,0.000000,0.000000
35263.000000,35628.000000,33.000000,719.000000,0.000000,0.000000,0.000000
35273.000000,35663.000000,35.000000,699.000000,0.000000,0.000000,0.000000
35283.000000,35698.000000,35.000000,659.000000,0.000000,0.000000,0.000000
35293.000000,35734.000000,36.000000,659.000000,0.000000,0.000000,0.000000
35303.000000,35769.000000,35.000000,639.000000,0.000000,0.000000,0.000000
35313.000000,35804.000000,35.000000,659.000000,0.000000,0.000000,0.000000
35323.000000,35838.000000,34.000000,659.000000,0.000000,0.000000,0.000000
35333.000000,35866.000000,28.000000,679.000000,0.000000,0.000000,0.000000
35343.000000,35886.000000,20.000000,799.000000,0.000000,0.000000,0.000000
35353.000000,35898.000000,12.000000,959.000000,0.000000,0.000000,0.000000
35363.000000,35905.000000,7.000000,999.000000,0.000000,0.000000,0.000000
35373.000000,35906.000000,1.000000,999.000000,0.000000,0.000000,0.000000
35383.000000,35906.000000,0.000000,999.000000,0.000000,0.000000,0.000000
35393.000000,35906.000000,0.000000,999.000000,0.000000,0.000000,0.000000
35403.000000,35906.000000,0.000000,999.000000,0.000000,0.000000,0.000000
35413.000000,35906.000000,0.000000,999.000000,0.000000,0.000000,0.000000
35423.000000,35906.000000,0.000000,999.000000,0.000000,0.000000,0.000000
35433.000000,35906.000000,0.000000,999.000000,0.000000,0.000000,0.000000
35443.000000,35906.000000,0.000000,999.000000,0.000000,0.000000,0.000000
35453.000000,35906.000000,0.000000,999.000000,0.000000,0.000000,0.000000
35463.000000,35906.000000,0.000000,999.000000,0.000000,0.000000,0.000000
35473.000000,35906.000000,0.000000,999.000000,0.000000,0.000000,0.000000
35483.000000,35906.000000,0.000000,999.000000,0.000000,0.000000,0.000000
35493.000000,35906.000000,0.000000,999.000000,0.000000,0.000000,0.000000
35503.000000,35906.000000,0.000000,999.000000,0.000000,0.000000,0.000000
35513.000000,35906.000000,0.000000,999.000000,0.000000,0.000000,0.000000
35523.000000,35906.000000,0.000000,999.000000,0.000000,0.000000,0.000000
35533.000000,35906.000000,0.000000,999.000000,0.000000,0.000000,0.000000
35543.000000,35906.000000,0.000000,999.000000,0.000000,0.000000,0.000000
35553.000000,35906.000000,0.000000,999.000000,0.000000,0.000000,0.000000
35563.000000,35906.000000,0.000000,999.000000,0.000000,0.000000,0.000000
35573.000000,35906.000000,0.000000,999.000000,0.000000,0.000000,0.000000
35583.000000,35906.000000,0.000000,999.000000,0.000000,0.000000,0.000000
35593.000000,35906.000000,0.000000,999.000000,0.000000,0.000000,0.000000
35603.000000,35906.000000,0.000000,999.000000,0.000000,0.000000,0.000000
35613.000000,35906.000000,0.000000,999.000000,0.000000,0.000000,0.000000
35623.000000,35906.000000,0.000000,999.000000,0.000000,0.000000,0.000000
35633.000000,35906.000000,0.000000,999.000000,0.000000,0.000000,0.000000
35643.000000,35906.000000,0.000000,999.000000,0.000000,0.000000,0.000000
35653.000000,35908.000000,2.000000,999.000000,0.000000,0.000000,0.000000
35663.000000,35924.000000,16.000000,999.000000,0.000000,0.000000,0.000000
35673.000000,35952.000000,28.000000,999.000000,0.000000,0.000000,0.000000
35683.000000,35990.000000,37.000000,769.000000,0.000000,0.000000,0.000000
35693.000000,36032.000000,42.000000,599.000000,0.000000,0.000000,0.000000
35703.000000,36073.000000,41.000000,509.000000,0.000000,0.000000,0.000000
35713.000000,36111.000000,38.000000,539.000000,0.000000,0.000000,0.000000
35723.000000,36146.000000,36.000000,599.000000,0.000000,0.000000,0.000000
35733.000000,36179.000000,33.000000,639.000000,0.000000,0.000000,0.000000
35743.000000,36212.000000,33.000000,699.000000,0.000000,0.000000,0.000000
35753.000000,36245.000000,33.000000,699.000000,0.000000,0.000000,0.000000
35763.000000,36280.000000,35.000000,699.000000,0.000000,0.000000,0.000000
35773.000000,36316.000000,35.000000,659.000000,0.000000,0.000000,0.000000
35783.000000,36352.000000,37.000000,659.000000,0.000000,0.000000,0.000000
35793.000000,36388.000000,36.000000,619.000000,0.000000,0.000000,0.000000
35803.000000,36423.000000,35.000000,639.000000,0.000000,0.000000,0.000000
35813.000000,36457.000000,34.000000,659.000000,0.000000,0.000000,0.000000
35823.000000,36485.000000,28.000000,679.000000,0.000000,0.000000,0.000000
35833.000000,36505.000000,20.000000,799.000000,0.000000,0.000000,0.000000
35843.000000,36518.000000,13.000000,959.000000,0.000000,0.000000,0.000000
35853.000000,36524.000000,6.000000,999.000000,0.000000,0.000000,0.000000
35863.000000,36525.000000,1.000000,999.000000,0.000000,0.000000,0.000000
35873.000000,36524.000000,-1.000000,999.000000,0.000000,0.000000,0.000000
35883.000000,36524.000000,0.000000,999.000000,0.000000,0.000000,0.000000
35893.000000,36523.000000,-1.000000,999.000000,0.000000,0.000000,0.000000
35903.000000,36521.000000,-2.000000,999.000000,0.000000,0.000000,0.000000
35913.000000,36520.000000,-1.000000,999.000000,0.000000,0.000000,0.000000
35923.000000,36518.000000,-2.000000,999.000000,0.000000,0.000000,0.000000
35933.000000,36516.000000,-2.000000,999.000000,0.000000,0.000000,0.000000
35943.000000,36516.000000,0.000000,999.000000,0.000000,0.000000,0.000000
35953.000000,36516.000000,0.000000,999.000000,0.000000,0.000000,0.000000
35963.000000,36516.000000,0.000000,999.000000,0.000000,0.000000,0.000000
35973.000000,36516.000000,0.000000,999.000000,0.000000,0.000000,0.000000
35983.000000,36516.000000,0.000000,999.000000,0.000000,0.000000,0.000000
35993.000000,36516.000000,0.000000,999.000000,0.000000,0.000000,0.000000
36003.000000,36516.000000,0.000000,999.000000,0.000000,0.000000,0.000000
36013.000000,36516.000000,0.000000,999.000000,0.000000,0.000000,0.000000
36023.000000,36516.000000,0.000000,999.000000,0.000000,0.000000,0.000000
36033.000000,36516.000000,0.000000,999.000000,0.000000,0.000000,0.000000
36043.000000,36516.000000,0.000000,999.000000,0.000000,0.000000,0.000000
36053.000000,36516.000000,0.000000,999.000000,0.000000,0.000000,0.000000
36063.000000,36516.000000,0.000000,999.000000,0.000000,0.000000,0.000000
36073.000000,36516.000000,0.000000,999.000000,0.000000,0.000000,0.000000
36083.000000,36516.000000,0.000000,999.000000,0.000000,0.000000,0.000000
36093.000000,36516.000000,0.000000,999.000000,0.000000,0.000000,0.000000
36103.000000,36516.000000,0.000000,999.000000,0.000000,0.000000,0.000000
36113.000000,36516.000000,0.000000,999.000000,0.000000,0.000000,0.000000
36123.000000,36516.000000,0.000000,999.000000,0.000000,0.000000,0.000000
36133.000000,36516.000000,0.000000,999.000000,0.000000,0.000000,0.000000
36143.000000,36516.000000,0.000000,999.000000,0.000000,0.000000,0.000000
36153.000000,36531.000000,15.000000,999.000000,0.000000,0.000000,0.000000
36163.000000,36559.000000,27.000000,999.000000,0.000000,0.000000,0.000000
36173.000000,36595.000000,36.000000,789.000000,0.000000,0.000000,0.000000
36183.000000,36635.000000,41.000000,619.000000,0.000000,0.000000,0.000000
36193.000000,36676.000000,40.000000,529.000000,0.000000,0.000000,0.000000
36203.000000,36713.000000,38.000000,559.000000,0.000000,0.000000,0.000000
36213.000000,36747.000000,34.000000,599.000000,0.000000,0.000000,0.000000
36223.000000,36779.000000,32.000000,679.000000,0.000000,0.000000,0.000000
36233.000000,36812.000000,33.000000,719.000000,0.000000,0.000000,0.000000
36243.000000,36845.000000,32.000000,699.000000,0.000000,0.000000,0.000000
36253.000000,36879.000000,35.000000,719.000000,0.000000,0.000000,0.000000
36263.000000,36914.000000,34.000000,659.000000,0.000000,0.000000,0.000000
36273.000000,36948.000000,35.000000,679.000000,0.000000,0.000000,0.000000
36283.000000,36982.000000,34.000000,659.000000,0.000000,0.000000,0.000000
36293.000000,37016.000000,34.000000,679.000000,0.000000,0.000000,0.000000
36303.000000,37049.000000,33.000000,679.000000,0.000000,0.000000,0.000000
36313.000000,37074.000000,25.000000,699.000000,0.000000,0.000000,0.000000
36323.000000,37091.000000,17.000000,859.000000,0.000000,0.000000,0.000000
36333.000000,37102.000000,11.000000,999.000000,0.000000,0.000000,0.000000
36343.000000,37107.000000,5.000000,999.000000,0.000000,0.000000,0.000000
36353.000000,37107.000000,0.000000,999.000000,0.000000,0.000000,0.000000
36363.000000,37106.000000,-1.000000,999.000000,0.000000,0.000000,0.000000
36373.000000,37105.000000,-1.000000,999.000000,0.000000,0.000000,0.000000
36383.000000,37104.000000,-1.000000,999.000000,0.000000,0.000000,0.000000
36393.000000,37104.000000,0.000000,999.000000,0.000000,0.000000,0.000000
36403.000000,37104.000000,0.000000,999.000000,0.000000,0.000000,0.000000
36413.000000,37104.000000,0.000000,999.000000,0.000000,0.000000,0.000000
36423.000000,37104.000000,0.000000,999.000000,0.000000,0.000000,0.000000
36433.000000,37104.000000,0.000000,999.000000,0.000000,0.000000,0.000000
36443.000000,37104.000000,0.000000,999.000000,0.000000,0.000000,0.000000
36453.000000,37104.000000,0.000000,999.000000,0.000000,0.000000,0.000000
36463.000000,37104.000000,0.000000,999.000000,0.000000,0.000000,0.000000
36473.000000,37104.000000,0.000000,999.000000,0.000000,0.000000,0.000000
36483.000000,37104.000000,0.000000,999.000000,0.000000,0.000000,0.000000
36493.000000,37104.000000,0.000000,999.000000,0.000000,0.000000,0.000000
36503.000000,37104.000000,0.000000,999.000000,0.000000,0.000000,0.000000
36513.000000,37104.000000,0.000000,999.000000,0.000000,0.000000,0.000000
36523.000000,37104.000000,0.000000,999.000000,0.000000,0.000000,0.000000
36533.000000,37104.000000,0.000000,999.000000,0.000000,0.000000,0.000000
36543.000000,37104.000000,0.000000,999.000000,0.000000,0.000000,0.000000
36553.000000,37104.000000,0.000000,999.000000,0.000000,0.000000,0.000000
36563.000000,37104.000000,0.000000,999.000000,0.000000,0.000000,0.000000
36573.000000,37104.000000,0.000000,999.000000,0.000000,0.000000,0.000000
36583.000000,37104.000000,0.000000,999.000000,0.000000,0.000000,0.000000
36593.000000,37104.000000,0.000000,999.000000,0.000000,0.000000,0.000000
36603.000000,37104.000000,0.000000,999.000000,0.000000,0.000000,0.000000
36613.000000,37104.000000,0.000000,999.000000,0.000000,0.000000,0.000000
36623.000000,37104.000000,0.000000,999.000000,0.000000,0.000000,0.000000
36633.000000,37104.000000,0.000000,999.000000,0.000000,0.000000,0.000000
36643.000000,37116.000000,12.000000,999.000000,0.000000,0.000000,0.000000
36653.000000,37142.000000,25.000000,999.000000,0.000000,0.000000,0.000000
36663.000000,37177.000000,35.000000,829.000000,0.000000,0.000000,0.000000
36673.000000,37218.000000,41.000000,639.000000,0.000000,0.000000,0.000000
36683.000000,37259.000000,42.000000,529.000000,0.000000,0.000000,0.000000
36693.000000,37298.000000,39.000000,519.000000,0.000000,0.000000,0.000000
36703.000000,37334.000000,35.000000,579.000000,0.000000,0.000000,0.000000
36713.000000,37367.000000,34.000000,659.000000,0.000000,0.000000,0.000000
36723.000000,37400.000000,33.000000,679.000000,0.000000,0.000000,0.000000
36733.000000,37435.000000,34.000000,699.000000,0.000000,0.000000,0.000000
36743.000000,37470.000000,36.000000,679.000000,0.000000,0.000000,0.000000
36753.000000,37507.000000,37.000000,639.000000,0.000000,0.000000,0.000000
36763.000000,37544.000000,37.000000,619.000000,0.000000,0.000000,0.000000
36773.000000,37582.000000,38.000000,619.000000,0.000000,0.000000,0.000000
36783.000000,37618.000000,36.000000,609.000000,0.000000,0.000000,0.000000
36793.000000,37655.000000,36.000000,649.000000,0.000000,0.000000,0.000000
36803.000000,37690.000000,36.000000,649.000000,0.000000,0.000000,0.000000
36813.000000,37719.000000,28.000000,649.000000,0.000000,0.000000,0.000000
36823.000000,37740.000000,22.000000,799.000000,0.000000,0.000000,0.000000
36833.000000,37756.000000,16.000000,919.000000,0.000000,0.000000,0.000000
36843.000000,37765.000000,9.000000,999.000000,0.000000,0.000000,0.000000
36853.000000,37769.000000,4.000000,999.000000,0.000000,0.000000,0.000000
36863.000000,37769.000000,0.000000,999.000000,0.000000,0.000000,0.000000
36873.000000,37768.000000,-1.000000,999.000000,0.000000,0.000000,0.000000
36883.000000,37766.000000,-2.000000,999.000000,0.000000,0.000000,0.000000
36893.000000,37765.000000,-1.000000,999.000000,0.000000,0.000000,0.000000
36903.000000,37763.000000,-2.000000,999.000000,0.000000,0.000000,0.000000
36913.000000,37763.000000,0.000000,999.000000,0.000000,0.000000,0.000000
36923.000000,37763.000000,0.000000,999.000000,0.000000,0.000000,0.000000
36933.000000,37763.000000,0.000000,999.000000,0.000000,0.000000,0.000000
36943.000000,37763.000000,0.000000,999.000000,0.000000,0.000000,0.000000
36953.000000,37763.000000,0.000000,999.000000,0.000000,0.000000,0.000000
36963.000000,37763.000000,0.000000,999.000000,0.000000,0.000000,0.000000
36973.000000,37763.000000,0.000000,999.000000,0.000000,0.000000,0.000000
36983.000000,37763.000000,0.000000,999.000000,0.000000,0.000000,0.000000
36993.000000,37763.000000,0.000000,999.000000,0.000000,0.000000,0.000000
37003.000000,37763.000000,0.000000,999.000000,0.000000,0.000000,0.000000
37013.000000,37763.000000,0.000000,999.000000,0.000000,0.000000,0.000000
37023.000000,37763.000000,0.000000,999.000000,0.000000,0.000000,0.000000
37033.000000,37763.000000,0.000000,999.000000,0.000000,0.000000,0.000000
37043.000000,37763.000000,0.000000,999.000000,0.000000,0.000000,0.000000
37053.000000,37763.000000,0.000000,999.000000,0.000000,0.000000,0.000000
37063.000000,37763.000000,0.000000,999.000000,0.000000,0.000000,0.000000
37073.000000,37763.000000,0.000000,999.000000,0.000000,0.000000,0.000000
37083.000000,37763.000000,0.000000,999.000000,0.000000,0.000000,0.000000
37093.000000,37763.000000,0.000000,999.000000,0.000000,0.000000,0.000000
37103.000000,37763.000000,0.000000,999.000000,0.000000,0.000000,0.000000
37113.000000,37763.000000,0.000000,999.000000,0.000000,0.000000,0.000000
37123.000000,37763.000000,0.000000,999.000000,0.000000,0.000000,0.000000
37133.000000,37763.000000,0.000000,999.000000,0.000000,0.000000,0.000000
37143.000000,37771.000000,7.000000,999.000000,0.000000,0.000000,0.000000
37153.000000,37795.000000,25.000000,999.000000,0.000000,0.000000,0.000000
37163.000000,37830.000000,35.000000,829.000000,0.000000,0.000000,0.000000
37173.000000,37871.000000,41.000000,639.000000,0.000000,0.000000,0.000000
37183.000000,37914.000000,42.000000,529.000000,0.000000,0.000000,0.000000
37193.000000,37954.000000,41.000000,519.000000,0.000000,0.000000,0.000000
37203.000000,37992.000000,38.000000,539.000000,0.000000,0.000000,0.000000
37213.000000,38026.000000,34.000000,599.000000,0.000000,0.000000,0.000000
37223.000000,38061.000000,34.000000,679.000000,0.000000,0.000000,0.000000
37233.000000,38096.000000,35.000000,679.000000,0.000000,0.000000,0.000000
37243.000000,38131.000000,36.000000,659.000000,0.000000,0.000000,0.000000
37253.000000,38168.000000,37.000000,639.000000,0.000000,0.000000,0.000000
37263.000000,38206.000000,37.000000,619.000000,0.000000,0.000000,0.000000
37273.000000,38242.000000,37.000000,619.000000,0.000000,0.000000,0.000000
37283.000000,38279.000000,37.000000,629.000000,0.000000,0.000000,0.000000
37293.000000,38315.000000,36.000000,629.000000,0.000000,0.000000,0.000000
37303.000000,38351.000000,36.000000,649.000000,0.000000,0.000000,0.000000
37313.000000,38387.000000,36.000000,649.000000,0.000000,0.000000,0.000000
37323.000000,38416.000000,29.000000,649.000000,0.000000,0.000000,0.000000
37333.000000,38437.000000,21.000000,779.000000,0.000000,0.000000,0.000000
37343.000000,38452.000000,15.000000,939.000000,0.000000,0.000000,0.000000
37353.000000,38460.000000,8.000000,999.000000,0.000000,0.000000,0.000000
37363.000000,38464.000000,4.000000,999.000000,0.000000,0.000000,0.000000
37373.000000,38463.000000,-1.000000,999.000000,0.000000,0.000000,0.000000
37383.000000,38462.000000,-1.000000,999.000000,0.000000,0.000000,0.000000
37393.000000,38462.000000,0.000000,999.000000,0.000000,0.000000,0.000000
37403.000000,38461.000000,-1.000000,999.000000,0.000000,0.000000,0.000000
37413.000000,38461.000000,0.000000,999.000000,0.000000,0.000000,0.000000
37423.000000,38460.000000,-1.000000,999.000000,0.000000,0.000000,0.000000
37433.000000,38460.000000,0.000000,999.000000,0.000000,0.000000,0.000000
37443.000000,38460.000000,0.000000,999.000000,0.000000,0.000000,0.000000
37453.000000,38460.000000,0.000000,999.000000,0.000000,0.000000,0.000000
37463.000000,38460.000000,0.000000,999.000000,0.000000,0.000000,0.000000
37473.000000,38460.000000,0.000000,999.000000,0.000000,0.000000,0.000000
37483.000000,38460.000000,0.000000,999.000000,0.000000,0.000000,0.000000
37493.000000,38460.000000,0.000000,999.000000,0.000000,0.000000,0.000000
37503.000000,38460.000000,0.000000,999.000000,0.000000,0.000000,0.000000
37513.000000,38460.000000,0.000000,999.000000,0.000000,0.000000,0.000000
37523.000000,38460.000000,0.000000,999.000000,0.000000,0.000000,0.000000
37533.000000,38460.000000,0.000000,999.000000,0.000000,0.000000,0.000000
37543.000000,38460.000000,0.000000,999.000000,0.000000,0.000000,0.000000
37553.000000,38460.000000,0.000000,999.000000,0.000000,0.000000,0.000000
37563.000000,38460.000000,0.000000,999.000000,0.000000,0.000000,0.000000
37573.000000,38460.000000,0.000000,999.000000,0.000000,0.000000,0.000000
37583.000000,38460.000000,0.000000,999.000000,0.000000,0.000000,0.000000
37593.000000,38460.000000,0.000000,999.000000,0.000000,0.000000,0.000000
37603.000000,38460.000000,0.000000,999.000000,0.000000,0.000000,0.000000
37613.000000,38460.000000,0.000000,999.000000,0.000000,0.000000,0.000000
37623.000000,38460.000000,0.000000,999.000000,0.000000,0.000000,0.000000
37633.000000,38460.000000,0.000000,999.000000,0.000000,0.000000,0.000000
37643.000000,38460.000000,0.000000,999.000000,0.000000,0.000000,0.000000
37653.000000,38463.000000,3.000000,999.000000,0.000000,0.000000,0.000000
37663.000000,38482.000000,19.000000,999.000000,0.000000,0.000000,0.000000
37673.000000,38512.000000,30.000000,949.000000,0.000000,0.000000,0.000000
37683.000000,38551.000000,39.000000,739.000000,0.000000,0.000000,0.000000
37693.000000,38594.000000,43.000000,559.000000,0.000000,0.000000,0.000000
37703.000000,38636.000000,41.000000,489.000000,0.000000,0.000000,0.000000
37713.000000,38673.000000,38.000000,539.000000,0.000000,0.000000,0.000000
37723.000000,38708.000000,35.000000,599.000000,0.000000,0.000000,0.000000
37733.000000,38741.000000,33.000000,659.000000,0.000000,0.000000,0.000000
37743.000000,38774.000000,33.000000,699.000000,0.000000,0.000000,0.000000
37753.000000,38808.000000,34.000000,699.000000,0.000000,0.000000,0.000000
37763.000000,38843.000000,35.000000,679.000000,0.000000,0.000000,0.000000
37773.000000,38879.000000,36.000000,659.000000,0.000000,0.000000,0.000000
37783.000000,38916.000000,37.000000,639.000000,0.000000,0.000000,0.000000
37793.000000,38952.000000,36.000000,619.000000,0.000000,0.000000,0.000000
37803.000000,38988.000000,35.000000,639.000000,0.000000,0.000000,0.000000
37813.000000,39022.000000,35.000000,659.000000,0.000000,0.000000,0.000000
37823.000000,39054.000000,32.000000,659.000000,0.000000,0.000000,0.000000
37833.000000,39078.000000,24.000000,719.000000,0.000000,0.000000,0.000000
37843.000000,39095.000000,17.000000,879.000000,0.000000,0.000000,0.000000
37853.000000,39106.000000,11.000000,999.000000,0.000000,0.000000,0.000000
37863.000000,39111.000000,5.000000,999.000000,0.000000,0.000000,0.000000
37873.000000,39111.000000,0.000000,999.000000,0.000000,0.000000,0.000000
37883.000000,39110.000000,-1.000000,999.000000,0.000000,0.000000,0.000000
37893.000000,39109.000000,-1.000000,999.000000,0.000000,0.000000,0.000000
37903.000000,39108.000000,-1.000000,999.000000,0.000000,0.000000,0.000000
37913.000000,39107.000000,-1.000000,999.000000,0.000000,0.000000,0.000000
37923.000000,39106.000000,-1.000000,999.000000,0.000000,0.000000,0.000000
37933.000000,39106.000000,0.000000,999.000000,0.000000,0.000000,0.000000
37943.000000,39105.000000,-1.000000,999.000000,0.000000,0.000000,0.000000
37953.000000,39104.000000,-1.000000,999.000000,0.000000,0.000000,0.000000
37963.000000,39104.000000,0.000000,999.000000,0.000000,0.000000,0.000000
37973.000000,39103.000000,-1.000000,999.000000,0.000000,0.000000,0.000000
37983.000000,39103.000000,0.000000,999.000000,0.000000,0.000000,0.000000
37993.000000,39103.000000,0.000000,999.000000,0.000000,0.000000,0.000000
38003.000000,39103.000000,0.000000,999.000000,0.000000,0.000000,0.000000
38013.000000,39103.000000,0.000000,999.000000,0.000000,0.000000,0.000000
38023.000000,39103.000000,0.000000,999.000000,0.000000,0.000000,0.000000
38033.000000,39103.000000,0.000000,999.000000,0.000000,0.000000,0.000000
38043.000000,39103.000000,0.000000,999.000000,0.000000,0.000000,0.000000
38053.000000,39103.000000,0.000000,999.000000,0.000000,0.000000,0.000000
38063.000000,39103.000000,0.000000,999.000000,0.000000,0.000000,0.000000
38073.000000,39103.000000,0.000000,999.000000,0.000000,0.000000,0.000000
38083.000000,39103.000000,0.000000,999.000000,0.000000,0.000000,0.000000
38093.000000,39103.000000,0.000000,999.000000,0.000000,0.000000,0.000000
38103.000000,39103.000000,0.000000,999.000000,0.000000,0.000000,0.000000
38113.000000,39103.000000,0.000000,999.000000,0.000000,0.000000,0.000000
38123.000000,39103.000000,0.000000,999.000000,0.000000,0.000000,0.000000
38133.000000,39103.000000,0.000000,999.000000,0.000000,0.000000,0.000000
38143.000000,39103.000000,0.000000,999.000000,0.000000,0.000000,0.000000
38153.000000,39104.000000,1.000000,999.000000,0.000000,0.000000,0.000000
38163.000000,39115.000000,11.000000,999.000000,0.000000,0.000000,0.000000
38173.000000,39142.000000,26.000000,999.000000,0.000000,0.000000,0.000000
38183.000000,39177.000000,35.000000,809.000000,0.000000,0.000000,0.000000
38193.000000,39218.000000,42.000000,639.000000,0.000000,0.000000,0.000000
38203.000000,39261.000000,42.000000,509.000000,0.000000,0.000000,0.000000
38213.000000,39300.000000,40.000000,519.000000,0.000000,0.000000,0.000000
38223.000000,39337.000000,37.000000,559.000000,0.000000,0.000000,0.000000
38233.000000,39372.000000,34.000000,619.000000,0.000000,0.000000,0.000000
38243.000000,39405.000000,34.000000,679.000000,0.000000,0.000000,0.000000
38253.000000,39440.000000,34.000000,679.000000,0.000000,0.000000,0.000000
38263.000000,39475.000000,36.000000,679.000000,0.000000,0.000000,0.000000
38273.000000,39511.000000,36.000000,639.000000,0.000000,0.000000,0.000000
38283.000000,39548.000000,37.000000,639.000000,0.000000,0.000000,0.000000
38293.000000,39585.000000,36.000000,619.000000,0.000000,0.000000,0.000000
38303.000000,39621.000000,37.000000,639.000000,0.000000,0.000000,0.000000
38313.000000,39656.000000,35.000000,629.000000,0.000000,0.000000,0.000000
38323.000000,39692.000000,36.000000,659.000000,0.000000,0.000000,0.000000
38333.000000,39722.000000,30.000000,639.000000,0.000000,0.000000,0.000000
38343.000000,39744.000000,22.000000,759.000000,0.000000,0.000000,0.000000
38353.000000,39760.000000,16.000000,919.000000,0.000000,0.000000,0.000000
38363.000000,39770.000000,10.000000,999.000000,0.000000,0.000000,0.000000
38373.000000,39774.000000,4.000000,999.000000,0.000000,0.000000,0.000000
38383.000000,39773.000000,-1.000000,999.000000,0.000000,0.000000,0.000000
38393.000000,39772.000000,-1.000000,999.000000,0.000000,0.000000,0.000000
38403.000000,39770.000000,-2.000000,999.000000,0.000000,0.000000,0.000000
38413.000000,39768.000000,-2.000000,999.000000,0.000000,0.000000,0.000000
38423.000000,39766.000000,-2.000000,999.000000,0.000000,0.000000,0.000000
38433.000000,39764.000000,-2.000000,999.000000,0.000000,0.000000,0.000000
38443.000000,39763.000000,-1.000000,999.000000,0.000000,0.000000,0.000000
38453.000000,39762.000000,-1.000000,999.000000,0.000000,0.000000,0.000000
38463.000000,39761.000000,-1.000000,999.000000,0.000000,0.000000,0.000000
38473.000000,39760.000000,-1.000000,999.000000,0.000000,0.000000,0.000000
38483.000000,39760.000000,0.000000,999.000000,0.000000,0.000000,0.000000
38493.000000,39760.000000,0.000000,999.000000,0.000000,0.000000,0.000000
38503.000000,39760.000000,0.000000,999.000000,0.000000,0.000000,0.000000
38513.000000,39760.000000,0.000000,999.000000,0.000000,0.000000,0.000000
38523.000000,39760.000000,0.000000,999.000000,0.000000,0.000000,0.000000
38533.000000,39760.000000,0.000000,999.000000,0.000000,0.000000,0.000000
38543.000000,39760.000000,0.000000,999.000000,0.000000,0.000000,0.000000
38553.000000,39760.000000,0.000000,999.000000,0.000000,0.000000,0.000000
38563.000000,39760.000000,0.000000,999.000000,0.000000,0.000000,0.000000
38573.000000,39760.000000,0.000000,999.000000,0.000000,0.000000,0.000000
38583.000000,39760.000000,0.000000,999.000000,0.000000,0.000000,0.000000
38593.000000,39760.000000,0.000000,999.000000,0.000000,0.000000,0.000000
38603.000000,39760.000000,0.000000,999.000000,0.000000,0.000000,0.000000
38613.000000,39760.000000,0.000000,999.000000,0.000000,0.000000,0.000000
38623.000000,39760.000000,0.000000,999.000000,0.000000,0.000000,0.000000
38633.000000,39760.000000,0.000000,999.000000,0.000000,0.000000,0.000000
38643.000000,39760.000000,0.000000,999.000000,0.000000,0.000000,0.000000
38653.000000,39760.000000,0.000000,999.000000,0.000000,0.000000,0.000000
38663.000000,39767.000000,6.000000,999.000000,0.000000,0.000000,0.000000
38673.000000,39790.000000,24.000000,999.000000,0.000000,0.000000,0.000000
38683.000000,39824.000000,34.000000,849.000000,0.000000,0.000000,0.000000
38693.000000,39864.000000,40.000000,659.000000,0.000000,0.000000,0.000000
38703.000000,39907.000000,42.000000,549.000000,0.000000,0.000000,0.000000
38713.000000,39947.000000,41.000000,509.000000,0.000000,0.000000,0.000000
38723.000000,39984.000000,37.000000,539.000000,0.000000,0.000000,0.000000
38733.000000,40018.000000,34.000000,619.000000,0.000000,0.000000,0.000000
38743.000000,40051.000000,33.000000,679.000000,0.000000,0.000000,0.000000
38753.000000,40085.000000,33.000000,699.000000,0.000000,0.000000,0.000000
38763.000000,40119.000000,35.000000,699.000000,0.000000,0.000000,0.000000
38773.000000,40154.000000,35.000000,659.000000,0.000000,0.000000,0.000000
38783.000000,40190.000000,36.000000,659.000000,0.000000,0.000000,0.000000
38793.000000,40226.000000,36.000000,639.000000,0.000000,0.000000,0.000000
38803.000000,40260.000000,34.000000,639.000000,0.000000,0.000000,0.000000
38813.000000,40295.000000,34.000000,679.000000,0.000000,0.000000,0.000000
38823.000000,40328.000000,34.000000,679.000000,0.000000,0.000000,0.000000
38833.000000,40354.000000,26.000000,679.000000,0.000000,0.000000,0.000000
38843.000000,40372.000000,18.000000,839.000000,0.000000,0.000000,0.000000
38853.000000,40382.000000,10.000000,999.000000,0.000000,0.000000,0.000000
38863.000000,40386.000000,4.000000,999.000000,0.000000,0.000000,0.000000
38873.000000,40386.000000,0.000000,999.000000,0.000000,0.000000,0.000000
38883.000000,40384.000000,-2.000000,999.000000,0.000000,0.000000,0.000000
38893.000000,40383.000000,-1.000000,999.000000,0.000000,0.000000,0.000000
38903.000000,40382.000000,-1.000000,999.000000,0.000000,0.000000,0.000000
38913.000000,40381.000000,-1.000000,999.000000,0.000000,0.000000,0.000000
38923.000000,40380.000000,-1.000000,999.000000,0.000000,0.000000,0.000000
38933.000000,40380.000000,0.000000,999.000000,0.000000,0.000000,0.000000
38943.000000,40380.000000,0.000000,999.000000,0.000000,0.000000,0.000000
38953.000000,40380.000000,0.000000,999.000000,0.000000,0.000000,0.000000
38963.000000,40380.000000,0.000000,999.000000,0.000000,0.000000,0.000000
38973.000000,40380.000000,0.000000,999.000000,0.000000,0.000000,0.000000
38983.000000,40380.000000,0.000000,999.000000,0.000000,0.000000,0.000000
38993.000000,40380.000000,0.000000,999.000000,0.000000,0.000000,0.000000
39003.000000,40380.000000,0.000000,999.000000,0.000000,0.000000,0.000000
39013.000000,40380.000000,0.000000,999.000000,0.000000,0.000000,0.000000
39023.000000,40380.000000,0.000000,999.000000,0.000000,0.000000,0.000000
39033.000000,40380.000000,0.000000,999.000000,0.000000,0.000000,0.000000
39043.000000,40380.000000,0.000000,999.000000,0.000000,0.000000,0.000000
39053.000000,40380.000000,0.000000,999.000000,0.000000,0.000000,0.000000
39063.000000,40380.000000,0.000000,999.000000,0.000000,0.000000,0.000000
39073.000000,40380.000000,0.000000,999.000000,0.000000,0.000000,0.000000
39083.000000,40380.000000,0.000000,999.000000,0.000000,0.000000,0.000000
39093.000000,40380.000000,0.000000,999.000000,0.000000,0.000000,0.000000
39103.000000,40380.000000,0.000000,999.000000,0.000000,0.000000,0.000000
39113.000000,40380.000000,0.000000,999.000000,0.000000,0.000000,0.000000
39123.000000,40380.000000,0.000000,999.000000,0.000000,0.000000,0.000000
39133.000000,40380.000000,0.000000,999.000000,0.000000,0.000000,0.000000
39143.000000,40380.000000,0.000000,999.000000,0.000000,0.000000,0.000000
39153.000000,40380.000000,0.000000,999.000000,0.000000,0.000000,0.000000
39163.000000,40383.000000,2.000000,999.000000,0.000000,0.000000,0.000000
39173.000000,40400.000000,18.000000,999.000000,0.000000,0.000000,0.000000
39183.000000,40428.000000,28.000000,969.000000,0.000000,0.000000,0.000000
39193.000000,40464.000000,36.000000,769.000000,0.000000,0.000000,0.000000
39203.000000,40504.000000,40.000000,619.000000,0.000000,0.000000,0.000000
39213.000000,40544.000000,39.000000,549.000000,0.000000,0.000000,0.000000
39223.000000,40579.000000,36.000000,579.000000,0.000000,0.000000,0.000000
39233.000000,40612.000000,33.000000,639.000000,0.000000,0.000000,0.000000
39243.000000,40644.000000,32.000000,699.000000,0.000000,0.000000,0.000000
39253.000000,40676.000000,32.000000,719.000000,0.000000,0.000000,0.000000
39263.000000,40709.000000,32.000000,719.000000,0.000000,0.000000,0.000000
39273.000000,40742.000000,34.000000,719.000000,0.000000,0.000000,0.000000
39283.000000,40777.000000,34.000000,679.000000,0.000000,0.000000,0.000000
39293.000000,40811.000000,35.000000,679.000000,0.000000,0.000000,0.000000
39303.000000,40845.000000,34.000000,659.000000,0.000000,0.000000,0.000000
39313.000000,40877.000000,31.000000,679.000000,0.000000,0.000000,0.000000
39323.000000,40900.000000,24.000000,739.000000,0.000000,0.000000,0.000000
39333.000000,40914.000000,14.000000,879.000000,0.000000,0.000000,0.000000
39343.000000,40921.000000,7.000000,999.000000,0.000000,0.000000,0.000000
39353.000000,40921.000000,0.000000,999.000000,0.000000,0.000000,0.000000
39363.000000,40920.000000,-1.000000,999.000000,0.000000,0.000000,0.000000
39373.000000,40918.000000,-2.000000,999.000000,0.000000,0.000000,0.000000
39383.000000,40917.000000,-1.000000,999.000000,0.000000,0.000000,0.000000
39393.000000,40916.000000,-1.000000,999.000000,0.000000,0.000000,0.000000
39403.000000,40914.000000,-2.000000,999.000000,0.000000,0.000000,0.000000
39413.000000,40912.000000,-2.000000,999.000000,0.000000,0.000000,0.000000
39423.000000,40910.000000,-2.000000,999.000000,0.000000,0.000000,0.000000
39433.000000,40910.000000,0.000000,999.000000,0.000000,0.000000,0.000000
39443.000000,40909.000000,-1.000000,999.000000,0.000000,0.000000,0.000000
39453.000000,40909.000000,0.000000,999.000000,0.000000,0.000000,0.000000
39463.000000,40909.000000,0.000000,999.000000,0.000000,0.000000,0.000000
39473.000000,40909.000000,0.000000,999.000000,0.000000,0.000000,0.000000
39483.000000,40909.000000,0.000000,999.000000,0.000000,0.000000,0.000000
39493.000000,40909.000000,0.000000,999.000000,0.000000,0.000000,0.000000
39503.000000,40909.000000,0.000000,999.000000,0.000000,0.000000,0.000000
39513.000000,40909.000000,0.000000,999.000000,0.000000,0.000000,0.000000
39523.000000,40909.000000,0.000000,999.000000,0.000000,0.000000,0.000000
39533.000000,40909.000000,0.000000,999.000000,0.000000,0.000000,0.000000
39543.000000,40909.000000,0.000000,999.000000,0.000000,0.000000,0.000000
39553.000000,40909.000000,0.000000,999.000000,0.000000,0.000000,0.000000
39563.000000,40909.000000,0.000000,999.000000,0.000000,0.000000,0.000000
39573.000000,40909.000000,0.000000,999.000000,0.000000,0.000000,0.000000
39583.000000,40909.000000,0.000000,999.000000,0.000000,0.000000,0.000000
39593.000000,40909.000000,0.000000,999.000000,0.000000,0.000000,0.000000
39603.000000,40909.000000,0.000000,999.000000,0.000000,0.000000,0.000000
39613.000000,40909.000000,0.000000,999.000000,0.000000,0.000000,0.000000
39623.000000,40909.000000,0.000000,999.000000,0.000000,0.000000,0.000000
39633.000000,40909.000000,0.000000,999.000000,0.000000,0.000000,0.000000
39643.000000,40915.000000,6.000000,999.000000,0.000000,0.000000,0.000000
39653.000000,40936.000000,21.000000,999.000000,0.000000,0.000000,0.000000
39663.000000,40968.000000,32.000000,909.000000,0.000000,0.000000,0.000000
39673.000000,41005.000000,37.000000,699.000000,0.000000,0.000000,0.000000
39683.000000,41045.000000,40.000000,609.000000,0.000000,0.000000,0.000000
39693.000000,41083.000000,38.000000,549.000000,0.000000,0.000000,0.000000
39703.000000,41118.000000,35.000000,599.000000,0.000000,0.000000,0.000000
39713.000000,41150.000000,31.000000,659.000000,0.000000,0.000000,0.000000
39723.000000,41181.000000,32.000000,739.000000,0.000000,0.000000,0.000000
39733.000000,41212.000000,31.000000,719.000000,0.000000,0.000000,0.000000
39743.000000,41246.000000,33.000000,739.000000,0.000000,0.000000,0.000000
39753.000000,41280.000000,35.000000,699.000000,0.000000,0.000000,0.000000
39763.000000,41315.000000,34.000000,659.000000,0.000000,0.000000,0.000000
39773.000000,41349.000000,35.000000,679.000000,0.000000,0.000000,0.000000
39783.000000,41383.000000,34.000000,659.000000,0.000000,0.000000,0.000000
39793.000000,41412.000000,29.000000,679.000000,0.000000,0.000000,0.000000
39803.000000,41432.000000,20.000000,779.000000,0.000000,0.000000,0.000000
39813.000000,41443.000000,11.000000,959.000000,0.000000,0.000000,0.000000
39823.000000,41447.000000,4.000000,999.000000,0.000000,0.000000,0.000000
39833.000000,41446.000000,-1.000000,999.000000,0.000000,0.000000,0.000000
39843.000000,41444.000000,-2.000000,999.000000,0.000000,0.000000,0.000000
39853.000000,41441.000000,-3.000000,999.000000,0.000000,0.000000,0.000000
39863.000000,41438.000000,-3.000000,999.000000,0.000000,0.000000,0.000000
39873.000000,41435.000000,-3.000000,999.000000,0.000000,0.000000,0.000000
39883.000000,41432.000000,-3.000000,999.000000,0.000000,0.000000,0.000000
39893.000000,41430.000000,-2.000000,999.000000,0.000000,0.000000,0.000000
39903.000000,41428.000000,-2.000000,999.000000,0.000000,0.000000,0.000000
39913.000000,41426.000000,-2.000000,999.000000,0.000000,0.000000,0.000000
39923.000000,41426.000000,0.000000,999.000000,0.000000,0.000000,0.000000
39933.000000,41425.000000,-1.000000,999.000000,0.000000,0.000000,0.000000
39943.000000,41425.000000,0.000000,999.000000,0.000000,0.000000,0.000000
39953.000000,41425.000000,0.000000,999.000000,0.000000,0.000000,0.000000
39963.000000,41425.000000,0.000000,999.000000,0.000000,0.000000,0.000000
39973.000000,41425.000000,0.000000,999.000000,0.000000,0.000000,0.000000
39983.000000,41425.000000,0.000000,999.000000,0.000000,0.000000,0.000000
39993.000000,41425.000000,0.000000,999.000000,0.000000,0.000000,0.000000
40003.000000,41425.000000,0.000000,999.000000,0.000000,0.000000,0.000000
40013.000000,41425.000000,0.000000,999.000000,0.000000,0.000000,0.000000
40023.000000,41425.000000,0.000000,999.000000,0.000000,0.000000,0.000000
40033.000000,41425.000000,0.000000,999.000000,0.000000,0.000000,0.000000
40043.000000,41425.000000,0.000000,999.000000,0.000000,0.000000,0.000000
40053.000000,41425.000000,0.000000,999.000000,0.000000,0.000000,0.000000
40063.000000,41425.000000,0.000000,999.000000,0.000000,0.000000,0.000000
40073.000000,41425.000000,0.000000,999.000000,0.000000,0.000000,0.000000
40083.000000,41425.000000,0.000000,999.000000,0.000000,0.000000,0.000000
40093.000000,41425.000000,0.000000,999.000000,0.000000,0.000000,0.000000
40103.000000,41425.000000,0.000000,999.000000,0.000000,0.000000,0.000000
40113.000000,41425.000000,0.000000,999.000000,0.000000,0.000000,0.000000
40123.000000,41426.000000,1.000000,999.000000,0.000000,0.000000,0.000000
40133.000000,41439.000000,13.000000,999.000000,0.000000,0.000000,0.000000
40143.000000,41466.000000,27.000000,999.000000,0.000000,0.000000,0.000000
40153.000000,41501.000000,34.000000,789.000000,0.000000,0.000000,0.000000
40163.000000,41540.000000,40.000000,659.000000,0.000000,0.000000,0.000000
40173.000000,41578.000000,38.000000,549.000000,0.000000,0.000000,0.000000
40183.000000,41614.000000,35.000000,589.000000,0.000000,0.000000,0.000000
40193.000000,41645.000000,32.000000,659.000000,0.000000,0.000000,0.000000
40203.000000,41676.000000,31.000000,719.000000,0.000000,0.000000,0.000000
40213.000000,41706.000000,30.000000,739.000000,0.000000,0.000000,0.000000
40223.000000,41738.000000,32.000000,759.000000,0.000000,0.000000,0.000000
40233.000000,41771.000000,32.000000,719.000000,0.000000,0.000000,0.000000
40243.000000,41804.000000,34.000000,719.000000,0.000000,0.000000,0.000000
40253.000000,41837.000000,33.000000,679.000000,0.000000,0.000000,0.000000
40263.000000,41870.000000,33.000000,699.000000,0.000000,0.000000,0.000000
40273.000000,41899.000000,29.000000,699.000000,0.000000,0.000000,0.000000
40283.000000,41919.000000,20.000000,779.000000,0.000000,0.000000,0.000000
40293.000000,41930.000000,11.000000,959.000000,0.000000,0.000000,0.000000
40303.000000,41934.000000,4.000000,999.000000,0.000000,0.000000,0.000000
40313.000000,41933.000000,-1.000000,999.000000,0.000000,0.000000,0.000000
40323.000000,41932.000000,-1.000000,999.000000,0.000000,0.000000,0.000000
40333.000000,41930.000000,-2.000000,999.000000,0.000000,0.000000,0.000000
40343.000000,41928.000000,-2.000000,999.000000,0.000000,0.000000,0.000000
40353.000000,41926.000000,-2.000000,999.000000,0.000000,0.000000,0.000000
40363.000000,41924.000000,-2.000000,999.000000,0.000000,0.000000,0.000000
40373.000000,41923.000000,-1.000000,999.000000,0.000000,0.000000,0.000000
40383.000000,41923.000000,0.000000,999.000000,0.000000,0.000000,0.000000
40393.000000,41923.000000,0.000000,999.000000,0.000000,0.000000,0.000000
40403.000000,41923.000000,0.000000,999.000000,0.000000,0.000000,0.000000
40413.000000,41923.000000,0.000000,999.000000,0.000000,0.000000,0.000000
40423.000000,41923.000000,0.000000,999.000000,0.000000,0.000000,0.000000
40433.000000,41923.000000,0.000000,999.000000,0.000000,0.000000,0.000000
40443.000000,41923.000000,0.000000,999.000000,0.000000,0.000000,0.000000
40453.000000,41923.000000,0.000000,999.000000,0.000000,0.000000,0.000000
40463.000000,41923.000000,0.000000,999.000000,0.000000,0.000000,0.000000
40473.000000,41923.000000,0.000000,999.000000,0.000000,0.000000,0.000000
40483.000000,41923.000000,0.000000,999.000000,0.000000,0.000000,0.000000
40493.000000,41923.000000,0.000000,999.000000,0.000000,0.000000,0.000000
40503.000000,41923.000000,0.000000,999.000000,0.000000,0.000000,0.000000
40513.000000,41923.000000,0.000000,999.000000,0.000000,0.000000,0.000000
40523.000000,41923.000000,0.000000,999.000000,0.000000,0.000000,0.000000
40533.000000,41923.000000,0.000000,999.000000,0.000000,0.000000,0.000000
40543.000000,41923.000000,0.000000,999.000000,0.000000,0.000000,0.000000
40553.000000,41923.000000,0.000000,999.000000,0.000000,0.000000,0.000000
40563.000000,41923.000000,0.000000,999.000000,0.000000,0.000000,0.000000
40573.000000,41923.000000,0.000000,999.000000,0.000000,0.000000,0.000000
40583.000000,41923.000000,0.000000,999.000000,0.000000,0.000000,0.000000
40593.000000,41923.000000,0.000000,999.000000,0.000000,0.000000,0.000000
40603.000000,41923.000000,0.000000,999.000000,0.000000,0.000000,0.000000
40613.000000,41930.000000,7.000000,999.000000,0.000000,0.000000,0.000000
40623.000000,41952.000000,22.000000,999.000000,0.000000,0.000000,0.000000
40633.000000,41982.000000,30.000000,889.000000,0.000000,0.000000,0.000000
40643.000000,42018.000000,36.000000,739.000000,0.000000,0.000000,0.000000
40653.000000,42055.000000,37.000000,619.000000,0.000000,0.000000,0.000000
40663.000000,42090.000000,35.000000,609.000000,0.000000,0.000000,0.000000
40673.000000,42123.000000,33.000000,659.000000,0.000000,0.000000,0.000000
40683.000000,42153.000000,30.000000,699.000000,0.000000,0.000000,0.000000
40693.000000,42183.000000,29.000000,759.000000,0.000000,0.000000,0.000000
40703.000000,42213.000000,31.000000,779.000000,0.000000,0.000000,0.000000
40713.000000,42244.000000,31.000000,739.000000,0.000000,0.000000,0.000000
40723.000000,42277.000000,33.000000,739.000000,0.000000,0.000000,0.000000
40733.000000,42310.000000,32.000000,699.000000,0.000000,0.000000,0.000000
40743.000000,42342.000000,32.000000,719.000000,0.000000,0.000000,0.000000
40753.000000,42367.000000,26.000000,719.000000,0.000000,0.000000,0.000000
40763.000000,42382.000000,15.000000,839.000000,0.000000,0.000000,0.000000
40773.000000,42388.000000,6.000000,999.000000,0.000000,0.000000,0.000000
40783.000000,42388.000000,0.000000,999.000000,0.000000,0.000000,0.000000
40793.000000,42387.000000,-1.000000,999.000000,0.000000,0.000000,0.000000
40803.000000,42385.000000,-1.000000,999.000000,0.000000,0.000000,0.000000
40813.000000,42384.000000,-2.000000,999.000000,0.000000,0.000000,0.000000
40823.000000,42383.000000,-1.000000,999.000000,0.000000,0.000000,0.000000
40833.000000,42382.000000,-1.000000,999.000000,0.000000,0.000000,0.000000
40843.000000,42380.000000,-2.000000,999.000000,0.000000,0.000000,0.000000
40853.000000,42380.000000,0.000000,999.000000,0.000000,0.000000,0.000000
40863.000000,42379.000000,-1.000000,999.000000,0.000000,0.000000,0.000000
40873.000000,42379.000000,0.000000,999.000000,0.000000,0.000000,0.000000
40883.000000,42379.000000,0.000000,999.000000,0.000000,0.000000,0.000000
40893.000000,42379.000000,0.000000,999.000000,0.000000,0.000000,0.000000
40903.000000,42379.000000,0.000000,999.000000,0.000000,0.000000,0.000000
40913.000000,42379.000000,0.000000,999.000000,0.000000,0.000000,0.000000
40923.000000,42379.000000,0.000000,999.000000,0.000000,0.000000,0.000000
40933.000000,42379.000000,0.000000,999.000000,0.000000,0.000000,0.000000
40943.000000,42379.000000,0.000000,999.000000,0.000000,0.000000,0.000000
40953.000000,42379.000000,0.000000,999.000000,0.000000,0.000000,0.000000
40963.000000,42379.000000,0.000000,999.000000,0.000000,0.000000,0.000000
40973.000000,42379.000000,0.000000,999.000000,0.000000,0.000000,0.000000
40983.000000,42379.000000,0.000000,999.000000,0.000000,0.000000,0.000000
40993.000000,42379.000000,0.000000,999.000000,0.000000,0.000000,0.000000
41003.000000,42379.000000,0.000000,999.000000,0.000000,0.000000,0.000000
41013.000000,42379.000000,0.000000,999.000000,0.000000,0.000000,0.000000
41023.000000,42379.000000,0.000000,999.000000,0.000000,0.000000,0.000000
41033.000000,42379.000000,0.000000,999.000000,0.000000,0.000000,0.000000
41043.000000,42379.000000,0.000000,999.000000,0.000000,0.000000,0.000000
41053.000000,42379.000000,0.000000,999.000000,0.000000,0.000000,0.000000
41063.000000,42379.000000,0.000000,999.000000,0.000000,0.000000,0.000000
41073.000000,42379.000000,0.000000,999.000000,0.000000,0.000000,0.000000
41083.000000,42381.000000,1.000000,999.000000,0.000000,0.000000,0.000000
41093.000000,42395.000000,15.000000,999.000000,0.000000,0.000000,0.000000
41103.000000,42421.000000,26.000000,999.000000,0.000000,0.000000,0.000000
41113.000000,42454.000000,33.000000,809.000000,0.000000,0.000000,0.000000
41123.000000,42490.000000,36.000000,679.000000,0.000000,0.000000,0.000000
41133.000000,42527.000000,37.000000,629.000000,0.000000,0.000000,0.000000
41143.000000,42560.000000,33.000000,609.000000,0.000000,0.000000,0.000000
41153.000000,42591.000000,31.000000,699.000000,0.000000,0.000000,0.000000
41163.000000,42620.000000,29.000000,739.000000,0.000000,0.000000,0.000000
41173.000000,42651.000000,30.000000,779.000000,0.000000,0.000000,0.000000
41183.000000,42682.000000,32.000000,759.000000,0.000000,0.000000,0.000000
41193.000000,42715.000000,33.000000,719.000000,0.000000,0.000000,0.000000
41203.000000,42748.000000,33.000000,699.000000,0.000000,0.000000,0.000000
41213.000000,42781.000000,33.000000,699.000000,0.000000,0.000000,0.000000
41223.000000,42811.000000,30.000000,699.000000,0.000000,0.000000,0.000000
41233.000000,42832.000000,21.000000,759.000000,0.000000,0.000000,0.000000
41243.000000,42843.000000,11.000000,939.000000,0.000000,0.000000,0.000000
41253.000000,42847.000000,4.000000,999.000000,0.000000,0.000000,0.000000
41263.000000,42846.000000,-1.000000,999.000000,0.000000,0.000000,0.000000
41273.000000,42844.000000,-2.000000,999.000000,0.000000,0.000000,0.000000
41283.000000,42842.000000,-2.000000,999.000000,0.000000,0.000000,0.000000
41293.000000,42840.000000,-2.000000,999.000000,0.000000,0.000000,0.000000
41303.000000,42837.000000,-3.000000,999.000000,0.000000,0.000000,0.000000
41313.000000,42834.000000,-3.000000,999.000000,0.000000,0.000000,0.000000
41323.000000,42832.000000,-2.000000,999.000000,0.000000,0.000000,0.000000
41333.000000,42830.000000,-2.000000,999.000000,0.000000,0.000000,0.000000
41343.000000,42828.000000,-2.000000,999.000000,0.000000,0.000000,0.000000
41353.000000,42827.000000,-1.000000,999.000000,0.000000,0.000000,0.000000
41363.000000,42826.000000,-1.000000,999.000000,0.000000,0.000000,0.000000
41373.000000,42826.000000,0.000000,999.000000,0.000000,0.000000,0.000000
41383.000000,42826.000000,0.000000,999.000000,0.000000,0.000000,0.000000
41393.000000,42826.000000,0.000000,999.000000,0.000000,0.000000,0.000000
41403.000000,42826.000000,0.000000,999.000000,0.000000,0.000000,0.000000
41413.000000,42826.000000,0.000000,999.000000,0.000000,0.000000,0.000000
41423.000000,42826.000000,0.000000,999.000000,0.000000,0.000000,0.000000
41433.000000,42826.000000,0.000000,999.000000,0.000000,0.000000,0.000000
41443.000000,42826.000000,0.000000,999.000000,0.000000,0.000000,0.000000
41453.000000,42826.000000,0.000000,999.000000,0.000000,0.000000,0.000000
41463.000000,42826.000000,0.000000,999.000000,0.000000,0.000000,0.000000
41473.000000,42826.000000,0.000000,999.000000,0.000000,0.000000,0.000000
41483.000000,42826.000000,0.000000,999.000000,0.000000,0.000000,0.000000
41493.000000,42826.000000,0.000000,999.000000,0.000000,0.000000,0.000000
41503.000000,42826.000000,0.000000,999.000000,0.000000,0.000000,0.000000
41513.000000,42826.000000,0.000000,999.000000,0.000000,0.000000,0.000000
41523.000000,42826.000000,0.000000,999.000000,0.000000,0.000000,0.000000
41533.000000,42826.000000,0.000000,999.000000,0.000000,0.000000,0.000000
41543.000000,42826.000000,0.000000,999.000000,0.000000,0.000000,0.000000
41553.000000,42826.000000,0.000000,999.000000,0.000000,0.000000,0.000000
41563.000000,42828.000000,2.000000,999.000000,0.000000,0.000000,0.000000
41573.000000,42848.000000,20.000000,999.000000,0.000000,0.000000,0.000000
41583.000000,42879.000000,31.000000,929.000000,0.000000,0.000000,0.000000
41593.000000,42914.000000,35.000000,719.000000,0.000000,0.000000,0.000000
41603.000000,42953.000000,38.000000,639.000000,0.000000,0.000000,0.000000
41613.000000,42989.000000,37.000000,589.000000,0.000000,0.000000,0.000000
41623.000000,43022.000000,33.000000,619.000000,0.000000,0.000000,0.000000
41633.000000,43054.000000,32.000000,699.000000,0.000000,0.000000,0.000000
41643.000000,43084.000000,30.000000,719.000000,0.000000,0.000000,0.000000
41653.000000,43116.000000,32.000000,759.000000,0.000000,0.000000,0.000000
41663.000000,43149.000000,32.000000,719.000000,0.000000,0.000000,0.000000
41673.000000,43182.000000,34.000000,719.000000,0.000000,0.000000,0.000000
41683.000000,43216.000000,34.000000,679.000000,0.000000,0.000000,0.000000
41693.000000,43249.000000,33.000000,679.000000,0.000000,0.000000,0.000000
41703.000000,43282.000000,33.000000,699.000000,0.000000,0.000000,0.000000
41713.000000,43309.000000,27.000000,699.000000,0.000000,0.000000,0.000000
41723.000000,43326.000000,17.000000,819.000000,0.000000,0.000000,0.000000
41733.000000,43336.000000,10.000000,999.000000,0.000000,0.000000,0.000000
41743.000000,43338.000000,2.000000,999.000000,0.000000,0.000000,0.000000
41753.000000,43337.000000,-1.000000,999.000000,0.000000,0.000000,0.000000
41763.000000,43335.000000,-2.000000,999.000000,0.000000,0.000000,0.000000
41773.000000,43333.000000,-2.000000,999.000000,0.000000,0.000000,0.000000
41783.000000,43330.000000,-3.000000,999.000000,0.000000,0.000000,0.000000
41793.000000,43327.000000,-3.000000,999.000000,0.000000,0.000000,0.000000
41803.000000,43325.000000,-2.000000,999.000000,0.000000,0.000000,0.000000
41813.000000,43323.000000,-2.000000,999.000000,0.000000,0.000000,0.000000
41823.000000,43321.000000,-2.000000,999.000000,0.000000,0.000000,0.000000
41833.000000,43320.000000,-1.000000,999.000000,0.000000,0.000000,0.000000
41843.000000,43319.000000,-1.000000,999.000000,0.000000,0.000000,0.000000
41853.000000,43319.000000,0.000000,999.000000,0.000000,0.000000,0.000000
41863.000000,43319.000000,0.000000,999.000000,0.000000,0.000000,0.000000
41873.000000,43319.000000,0.000000,999.000000,0.000000,0.000000,0.000000
41883.000000,43319.000000,0.000000,999.000000,0.000000,0.000000,0.000000
41893.000000,43319.000000,0.000000,999.000000,0.000000,0.000000,0.000000
41903.000000,43319.000000,0.000000,999.000000,0.000000,0.000000,0.000000
41913.000000,43319.000000,0.000000,999.000000,0.000000,0.000000,0.000000
41923.000000,43319.000000,0.000000,999.000000,0.000000,0.000000,0.000000
41933.000000,43319.000000,0.000000,999.000000,0.000000,0.000000,0.000000
41943.000000,43319.000000,0.000000,999.000000,0.000000,0.000000,0.000000
41953.000000,43319.000000,0.000000,999.000000,0.000000,0.000000,0.000000
41963.000000,43319.000000,0.000000,999.000000,0.000000,0.000000,0.000000
41973.000000,43319.000000,0.000000,999.000000,0.000000,0.000000,0.000000
41983.000000,43319.000000,0.000000,999.000000,0.000000,0.000000,0.000000
41993.000000,43319.000000,0.000000,999.000000,0.000000,0.000000,0.000000
42003.000000,43319.000000,0.000000,999.000000,0.000000,0.000000,0.000000
42013.000000,43319.000000,0.000000,999.000000,0.000000,0.000000,0.000000
42023.000000,43319.000000,0.000000,999.000000,0.000000,0.000000,0.000000
42033.000000,43319.000000,0.000000,999.000000,0.000000,0.000000,0.000000
42043.000000,43319.000000,0.000000,999.000000,0.000000,0.000000,0.000000
42053.000000,43332.000000,13.000000,999.000000,0.000000,0.000000,0.000000
42063.000000,43359.000000,27.000000,999.000000,0.000000,0.000000,0.000000
42073.000000,43392.000000,33.000000,789.000000,0.000000,0.000000,0.000000
42083.000000,43430.000000,38.000000,679.000000,0.000000,0.000000,0.000000
42093.000000,43468.000000,37.000000,589.000000,0.000000,0.000000,0.000000
42103.000000,43502.000000,35.000000,609.000000,0.000000,0.000000,0.000000
42113.000000,43533.000000,31.000000,659.000000,0.000000,0.000000,0.000000
42123.000000,43563.000000,30.000000,739.000000,0.000000,0.000000,0.000000
42133.000000,43593.000000,30.000000,759.000000,0.000000,0.000000,0.000000
42143.000000,43624.000000,31.000000,759.000000,0.000000,0.000000,0.000000
42153.000000,43656.000000,32.000000,739.000000,0.000000,0.000000,0.000000
42163.000000,43689.000000,32.000000,719.000000,0.000000,0.000000,0.000000
42173.000000,43722.000000,33.000000,719.000000,0.000000,0.000000,0.000000
42183.000000,43753.000000,32.000000,699.000000,0.000000,0.000000,0.000000
42193.000000,43776.000000,23.000000,719.000000,0.000000,0.000000,0.000000
42203.000000,43789.000000,13.000000,899.000000,0.000000,0.000000,0.000000
42213.000000,43794.000000,5.000000,999.000000,0.000000,0.000000,0.000000
42223.000000,43793.000000,-1.000000,999.000000,0.000000,0.000000,0.000000
42233.000000,43791.000000,-2.000000,999.000000,0.000000,0.000000,0.000000
42243.000000,43789.000000,-2.000000,999.000000,0.000000,0.000000,0.000000
42253.000000,43787.000000,-2.000000,999.000000,0.000000,0.000000,0.000000
42263.000000,43785.000000,-2.000000,999.000000,0.000000,0.000000,0.000000
42273.000000,43783.000000,-2.000000,999.000000,0.000000,0.000000,0.000000
42283.000000,43782.000000,-1.000000,999.000000,0.000000,0.000000,0.000000
42293.000000,43781.000000,-1.000000,999.000000,0.000000,0.000000,0.000000
42303.000000,43781.000000,0.000000,999.000000,0.000000,0.000000,0.000000
42313.000000,43781.000000,0.000000,999.000000,0.000000,0.000000,0.000000
42323.000000,43781.000000,0.000000,999.000000,0.000000,0.000000,0.000000
42333.000000,43781.000000,0.000000,999.000000,0.000000,0.000000,0.000000
42343.000000,43781.000000,0.000000,999.000000,0.000000,0.000000,0.000000
42353.000000,43781.000000,0.000000,999.000000,0.000000,0.000000,0.000000
42363.000000,43781.000000,0.000000,999.000000,0.000000,0.000000,0.000000
42373.000000,43781.000000,0.000000,999.000000,0.000000,0.000000,0.000000
42383.000000,43781.000000,0.000000,999.000000,0.000000,0.000000,0.000000
42393.000000,43781.000000,0.000000,999.000000,0.000000,0.000000,0.000000
42403.000000,43781.000000,0.000000,999.000000,0.000000,0.000000,0.000000
42413.000000,43781.000000,0.000000,999.000000,0.000000,0.000000,0.000000
42423.000000,43781.000000,0.000000,999.000000,0.000000,0.000000,0.000000
42433.000000,43781.000000,0.000000,999.000000,0.000000,0.000000,0.000000
42443.000000,43781.000000,0.000000,999.000000,0.000000,0.000000,0.000000
42453.000000,43781.000000,0.000000,999.000000,0.000000,0.000000,0.000000
42463.000000,43781.000000,0.000000,999.000000,0.000000,0.000000,0.000000
42473.000000,43781.000000,0.000000,999.000000,0.000000,0.000000,0.000000
42483.000000,43781.000000,0.000000,999.000000,0.000000,0.000000,0.000000
42493.000000,43781.000000,0.000000,999.000000,0.000000,0.000000,0.000000
42503.000000,43781.000000,0.000000,999.000000,0.000000,0.000000,0.000000
42513.000000,43781.000000,0.000000,999.000000,0.000000,0.000000,0.000000
42523.000000,43788.000000,7.000000,999.000000,0.000000,0.000000,0.000000
42533.000000,43811.000000,22.000000,999.000000,0.000000,0.000000,0.000000
42543.000000,43841.000000,31.000000,889.000000,0.000000,0.000000,0.000000
42553.000000,43876.000000,35.000000,719.000000,0.000000,0.000000,0.000000
42563.000000,43912.000000,36.000000,639.000000,0.000000,0.000000,0.000000
42573.000000,43945.000000,33.000000,629.000000,0.000000,0.000000,0.000000
42583.000000,43976.000000,31.000000,689.000000,0.000000,0.000000,0.000000
42593.000000,44005.000000,29.000000,739.000000,0.000000,0.000000,0.000000
42603.000000,44034.000000,29.000000,779.000000,0.000000,0.000000,0.000000
42613.000000,44064.000000,30.000000,779.000000,0.000000,0.000000,0.000000
42623.000000,44095.000000,30.000000,759.000000,0.000000,0.000000,0.000000
42633.000000,44127.000000,33.000000,759.000000,0.000000,0.000000,0.000000
42643.000000,44159.000000,32.000000,699.000000,0.000000,0.000000,0.000000
42653.000000,44188.000000,29.000000,719.000000,0.000000,0.000000,0.000000
42663.000000,44207.000000,19.000000,779.000000,0.000000,0.000000,0.000000
42673.000000,44217.000000,10.000000,969.000000,0.000000,0.000000,0.000000
42683.000000,44218.000000,1.000000,999.000000,0.000000,0.000000,0.000000
42693.000000,44216.000000,-2.000000,999.000000,0.000000,0.000000,0.000000
42703.000000,44214.000000,-2.000000,999.000000,0.000000,0.000000,0.000000
42713.000000,44212.000000,-2.000000,999.000000,0.000000,0.000000,0.000000
42723.000000,44211.000000,-1.000000,999.000000,0.000000,0.000000,0.000000
42733.000000,44210.000000,-1.000000,999.000000,0.000000,0.000000,0.000000
42743.000000,44209.000000,-1.000000,999.000000,0.000000,0.000000,0.000000
42753.000000,44209.000000,0.000000,999.000000,0.000000,0.000000,0.000000
42763.000000,44209.000000,0.000000,999.000000,0.000000,0.000000,0.000000
42773.000000,44209.000000,0.000000,999.000000,0.000000,0.000000,0.000000
42783.000000,44209.000000,0.000000,999.000000,0.000000,0.000000,0.000000
42793.000000,44209.000000,0.000000,999.000000,0.000000,0.000000,0.000000
42803.000000,44209.000000,0.000000,999.000000,0.000000,0.000000,0.000000
42813.000000,44209.000000,0.000000,999.000000,0.000000,0.000000,0.000000
42823.000000,44209.000000,0.000000,999.000000,0.000000,0.000000,0.000000
42833.000000,44209.000000,0.000000,999.000000,0.000000,0.000000,0.000000
42843.000000,44209.000000,0.000000,999.000000,0.000000,0.000000,0.000000
42853.000000,44209.000000,0.000000,999.000000,0.000000,0.000000,0.000000
42863.000000,44209.000000,0.000000,999.000000,0.000000,0.000000,0.000000
42873.000000,44209.000000,0.000000,999.000000,0.000000,0.000000,0.000000
42883.000000,44209.000000,0.000000,999.000000,0.000000,0.000000,0.000000
42893.000000,44209.000000,0.000000,999.000000,0.000000,0.000000,0.000000
42903.000000,44209.000000,0.000000,999.000000,0.000000,0.000000,0.000000
42913.000000,44209.000000,0.000000,999.000000,0.000000,0.000000,0.000000
42923.000000,44209.000000,0.000000,999.000000,0.000000,0.000000,0.000000
42933.000000,44209.000000,0.000000,999.000000,0.000000,0.000000,0.000000
42943.000000,44209.000000,0.000000,999.000000,0.000000,0.000000,0.000000
42953.000000,44209.000000,0.000000,999.000000,0.000000,0.000000,0.000000
42963.000000,44209.000000,0.000000,999.000000,0.000000,0.000000,0.000000
42973.000000,44209.000000,0.000000,999.000000,0.000000,0.000000,0.000000
42983.000000,44209.000000,0.000000,999.000000,0.000000,0.000000,0.000000
42993.000000,44217.000000,8.000000,999.000000,0.000000,0.000000,0.000000
43003.000000,44239.000000,21.000000,999.000000,0.000000,0.000000,0.000000
43013.000000,44268.000000,30.000000,909.000000,0.000000,0.000000,0.000000
43023.000000,44303.000000,35.000000,739.000000,0.000000,0.000000,0.000000
43033.000000,44340.000000,36.000000,639.000000,0.000000,0.000000,0.000000
43043.000000,44374.000000,35.000000,629.000000,0.000000,0.000000,0.000000
43053.000000,44406.000000,32.000000,649.000000,0.000000,0.000000,0.000000
43063.000000,44436.000000,30.000000,719.000000,0.000000,0.000000,0.000000
43073.000000,44466.000000,30.000000,759.000000,0.000000,0.000000,0.000000
43083.000000,44498.000000,31.000000,759.000000,0.000000,0.000000,0.000000
43093.000000,44530.000000,33.000000,739.000000,0.000000,0.000000,0.000000
43103.000000,44564.000000,34.000000,699.000000,0.000000,0.000000,0.000000
43113.000000,44598.000000,33.000000,679.000000,0.000000,0.000000,0.000000
43123.000000,44630.000000,32.000000,699.000000,0.000000,0.000000,0.000000
43133.000000,44652.000000,23.000000,719.000000,0.000000,0.000000,0.000000
43143.000000,44667.000000,15.000000,899.000000,0.000000,0.000000,0.000000
43153.000000,44673.000000,6.000000,999.000000,0.000000,0.000000,0.000000
43163.000000,44673.000000,0.000000,999.000000,0.000000,0.000000,0.000000
43173.000000,44671.000000,-2.000000,999.000000,0.000000,0.000000,0.000000
43183.000000,44668.000000,-3.000000,999.000000,0.000000,0.000000,0.000000
43193.000000,44665.000000,-3.000000,999.000000,0.000000,0.000000,0.000000
43203.000000,44662.000000,-3.000000,999.000000,0.000000,0.000000,0.000000
43213.000000,44660.000000,-2.000000,999.000000,0.000000,0.000000,0.000000
43223.000000,44658.000000,-2.000000,999.000000,0.000000,0.000000,0.000000
43233.000000,44656.000000,-2.000000,999.000000,0.000000,0.000000,0.000000
43243.000000,44655.000000,-1.000000,999.000000,0.000000,0.000000,0.000000
43253.000000,44654.000000,-1.000000,999.000000,0.000000,0.000000,0.000000
43263.000000,44654.000000,0.000000,999.000000,0.000000,0.000000,0.000000
43273.000000,44654.000000,0.000000,999.000000,0.000000,0.000000,0.000000
43283.000000,44654.000000,0.000000,999.000000,0.000000,0.000000,0.000000
43293.000000,44654.000000,0.000000,999.000000,0.000000,0.000000,0.000000
43303.000000,44654.000000,0.000000,999.000000,0.000000,0.000000,0.000000
43313.000000,44654.000000,0.000000,999.000000,0.000000,0.000000,0.000000
43323.000000,44654.000000,0.000000,999.000000,0.000000,0.000000,0.000000
43333.000000,44654.000000,0.000000,999.000000,0.000000,0.000000,0.000000
43343.000000,44654.000000,0.000000,999.000000,0.000000,0.000000,0.000000
43353.000000,44654.000000,0.000000,999.000000,0.000000,0.000000,0.000000
43363.000000,44654.000000,0.000000,999.000000,0.000000,0.000000,0.000000
43373.000000,44654.000000,0.000000,999.000000,0.000000,0.000000,0.000000
43383.000000,44654.000000,0.000000,999.000000,0.000000,0.000000,0.000000
43393.000000,44654.000000,0.000000,999.000000,0.000000,0.000000,0.000000
43403.000000,44654.000000,0.000000,999.000000,0.000000,0.000000,0.000000
43413.000000,44654.000000,0.000000,999.000000,0.000000,0.000000,0.000000
43423.000000,44654.000000,0.000000,999.000000,0.000000,0.000000,0.000000
43433.000000,44654.000000,0.000000,999.000000,0.000000,0.000000,0.000000
43443.000000,44654.000000,0.000000,999.000000,0.000000,0.000000,0.000000
43453.000000,44654.000000,0.000000,999.000000,0.000000,0.000000,0.000000
43463.000000,44665.000000,11.000000,999.000000,0.000000,0.000000,0.000000
43473.000000,44690.000000,24.000000,999.000000,0.000000,0.000000,0.000000
43483.000000,44722.000000,33.000000,849.000000,0.000000,0.000000,0.000000
43493.000000,44759.000000,37.000000,679.000000,0.000000,0.000000,0.000000
43503.000000,44798.000000,38.000000,609.000000,0.000000,0.000000,0.000000
43513.000000,44833.000000,36.000000,589.000000,0.000000,0.000000,0.000000
43523.000000,44866.000000,32.000000,639.000000,0.000000,0.000000,0.000000
43533.000000,44897.000000,31.000000,719.000000,0.000000,0.000000,0.000000
43543.000000,44928.000000,32.000000,739.000000,0.000000,0.000000,0.000000
43553.000000,44960.000000,32.000000,719.000000,0.000000,0.000000,0.000000
43563.000000,44993.000000,33.000000,719.000000,0.000000,0.000000,0.000000
43573.000000,45027.000000,34.000000,699.000000,0.000000,0.000000,0.000000
43583.000000,45060.000000,33.000000,679.000000,0.000000,0.000000,0.000000
43593.000000,45094.000000,34.000000,699.000000,0.000000,0.000000,0.000000
43603.000000,45126.000000,32.000000,679.000000,0.000000,0.000000,0.000000
43613.000000,45148.000000,22.000000,719.000000,0.000000,0.000000,0.000000
43623.000000,45164.000000,16.000000,919.000000,0.000000,0.000000,0.000000
43633.000000,45172.000000,8.000000,999.000000,0.000000,0.000000,0.000000
43643.000000,45174.000000,2.000000,999.000000,0.000000,0.000000,0.000000
43653.000000,45174.000000,0.000000,999.000000,0.000000,0.000000,0.000000
43663.000000,45172.000000,-2.000000,999.000000,0.000000,0.000000,0.000000
43673.000000,45171.000000,-1.000000,999.000000,0.000000,0.000000,0.000000
43683.000000,45169.000000,-2.000000,999.000000,0.000000,0.000000,0.000000
43693.000000,45167.000000,-2.000000,999.000000,0.000000,0.000000,0.000000
43703.000000,45165.000000,-2.000000,999.000000,0.000000,0.000000,0.000000
43713.000000,45164.000000,-1.000000,999.000000,0.000000,0.000000,0.000000
43723.000000,45163.000000,-1.000000,999.000000,0.000000,0.000000,0.000000
43733.000000,45163.000000,0.000000,999.000000,0.000000,0.000000,0.000000
43743.000000,45163.000000,0.000000,999.000000,0.000000,0.000000,0.000000
43753.000000,45163.000000,0.000000,999.000000,0.000000,0.000000,0.000000
43763.000000,45163.000000,0.000000,999.000000,0.000000,0.000000,0.000000
43773.000000,45163.000000,0.000000,999.000000,0.000000,0.000000,0.000000
43783.000000,45163.000000,0.000000,999.000000,0.000000,0.000000,0.000000
43793.000000,45163.000000,0.000000,999.000000,0.000000,0.000000,0.000000
43803.000000,45163.000000,0.000000,999.000000,0.000000,0.000000,0.000000
43813.000000,45163.000000,0.000000,999.000000,0.000000,0.000000,0.000000
43823.000000,45163.000000,0.000000,999.000000,0.000000,0.000000,0.000000
43833.000000,45163.000000,0.000000,999.000000,0.000000,0.000000,0.000000
43843.000000,45163.000000,0.000000,999.000000,0.000000,0.000000,0.000000
43853.000000,45163.000000,0.000000,999.000000,0.000000,0.000000,0.000000
43863.000000,45163.000000,0.000000,999.000000,0.000000,0.000000,0.000000
43873.000000,45163.000000,0.000000,999.000000,0.000000,0.000000,0.000000
43883.000000,45163.000000,0.000000,999.000000,0.000000,0.000000,0.000000
43893.000000,45163.000000,0.000000,999.000000,0.000000,0.000000,0.000000
43903.000000,45163.000000,0.000000,999.000000,0.000000,0.000000,0.000000
43913.000000,45163.000000,0.000000,999.000000,0.000000,0.000000,0.000000
43923.000000,45163.000000,0.000000,999.000000,0.000000,0.000000,0.000000
43933.000000,45163.000000,0.000000,999.000000,0.000000,0.000000,0.000000
43943.000000,45164.000000,1.000000,999.000000,0.000000,0.000000,0.000000
43953.000000,45178.000000,14.000000,999.000000,0.000000,0.000000,0.000000
43963.000000,45205.000000,27.000000,999.000000,0.000000,0.000000,0.000000
43973.000000,45241.000000,35.000000,789.000000,0.000000,0.000000,0.000000
43983.000000,45281.000000,40.000000,639.000000,0.000000,0.000000,0.000000
43993.000000,45321.000000,40.000000,549.000000,0.000000,0.000000,0.000000
44003.000000,45358.000000,37.000000,559.000000,0.000000,0.000000,0.000000
44013.000000,45391.000000,34.000000,619.000000,0.000000,0.000000,0.000000
44023.000000,45423.000000,32.000000,679.000000,0.000000,0.000000,0.000000
44033.000000,45455.000000,31.000000,719.000000,0.000000,0.000000,0.000000
44043.000000,45487.000000,33.000000,739.000000,0.000000,0.000000,0.000000
44053.000000,45521.000000,34.000000,699.000000,0.000000,0.000000,0.000000
44063.000000,45556.000000,35.000000,679.000000,0.000000,0.000000,0.000000
44073.000000,45591.000000,35.000000,659.000000,0.000000,0.000000,0.000000
44083.000000,45625.000000,34.000000,659.000000,0.000000,0.000000,0.000000
44093.000000,45659.000000,34.000000,679.000000,0.000000,0.000000,0.000000
44103.000000,45687.000000,28.000000,679.000000,0.000000,0.000000,0.000000
44113.000000,45706.000000,19.000000,799.000000,0.000000,0.000000,0.000000
44123.000000,45717.000000,11.000000,979.000000,0.000000,0.000000,0.000000
44133.000000,45721.000000,4.000000,999.000000,0.000000,0.000000,0.000000
44143.000000,45721.000000,0.000000,999.000000,0.000000,0.000000,0.000000
44153.000000,45720.000000,-1.000000,999.000000,0.000000,0.000000,0.000000
44163.000000,45719.000000,-1.000000,999.000000,0.000000,0.000000,0.000000
44173.000000,45719.000000,0.000000,999.000000,0.000000,0.000000,0.000000
44183.000000,45719.000000,0.000000,999.000000,0.000000,0.000000,0.000000
44193.000000,45719.000000,0.000000,999.000000,0.000000,0.000000,0.000000
44203.000000,45719.000000,0.000000,999.000000,0.000000,0.000000,0.000000
44213.000000,45719.000000,0.000000,999.000000,0.000000,0.000000,0.000000
44223.000000,45719.000000,0.000000,999.000000,0.000000,0.000000,0.000000
44233.000000,45719.000000,0.000000,999.000000,0.000000,0.000000,0.000000
44243.000000,45719.000000,0.000000,999.000000,0.000000,0.000000,0.000000
44253.000000,45719.000000,0.000000,999.000000,0.000000,0.000000,0.000000
44263.000000,45719.000000,0.000000,999.000000,0.000000,0.000000,0.000000
44273.000000,45719.000000,0.000000,999.000000,0.000000,0.000000,0.000000
44283.000000,45719.000000,0.000000,999.000000,0.000000,0.000000,0.000000
44293.000000,45719.000000,0.000000,999.000000,0.000000,0.000000,0.000000
44303.000000,45719.000000,0.000000,999.000000,0.000000,0.000000,0.000000
44313.000000,45719.000000,0.000000,999.000000,0.000000,0.000000,0.000000
44323.000000,45719.000000,0.000000,999.000000,0.000000,0.000000,0.000000
44333.000000,45719.000000,0.000000,999.000000,0.000000,0.000000,0.000000
44343.000000,45719.000000,0.000000,999.000000,0.000000,0.000000,0.000000
44353.000000,45719.000000,0.000000,999.000000,0.000000,0.000000,0.000000
44363.000000,45719.000000,0.000000,999.000000,0.000000,0.000000,0.000000
44373.000000,45719.000000,0.000000,999.000000,0.000000,0.000000,0.000000
44383.000000,45719.000000,0.000000,999.000000,0.000000,0.000000,0.000000
44393.000000,45719.000000,0.000000,999.000000,0.000000,0.000000,0.000000
44403.000000,45719.000000,0.000000,999.000000,0.000000,0.000000,0.000000
44413.000000,45719.000000,0.000000,999.000000,0.000000,0.000000,0.000000
44423.000000,45719.000000,0.000000,999.000000,0.000000,0.000000,0.000000
44433.000000,45719.000000,0.000000,999.000000,0.000000,0.000000,0.000000
44443.000000,45725.000000,6.000000,999.000000,0.000000,0.000000,0.000000
44453.000000,45747.000000,21.000000,999.000000,0.000000,0.000000,0.000000
44463.000000,45777.000000,31.000000,909.000000,0.000000,0.000000,0.000000
44473.000000,45815.000000,38.000000,719.000000,0.000000,0.000000,0.000000
44483.000000,45855.000000,40.000000,589.000000,0.000000,0.000000,0.000000
44493.000000,45893.000000,38.000000,549.000000,0.000000,0.000000,0.000000
44503.000000,45928.000000,35.000000,599.000000,0.000000,0.000000,0.000000
44513.000000,45961.000000,33.000000,659.000000,0.000000,0.000000,0.000000
44523.000000,45994.000000,33.000000,699.000000,0.000000,0.000000,0.000000
44533.000000,46028.000000,34.000000,699.000000,0.000000,0.000000,0.000000
44543.000000,46062.000000,34.000000,679.000000,0.000000,0.000000,0.000000
44553.000000,46096.000000,34.000000,679.000000,0.000000,0.000000,0.000000
44563.000000,46132.000000,36.000000,679.000000,0.000000,0.000000,0.000000
44573.000000,46167.000000,35.000000,639.000000,0.000000,0.000000,0.000000
44583.000000,46202.000000,35.000000,659.000000,0.000000,0.000000,0.000000
44593.000000,46234.000000,32.000000,659.000000,0.000000,0.000000,0.000000
44603.000000,46262.000000,28.000000,719.000000,0.000000,0.000000,0.000000
44613.000000,46282.000000,20.000000,799.000000,0.000000,0.000000,0.000000
44623.000000,46295.000000,13.000000,959.000000,0.000000,0.000000,0.000000
44633.000000,46302.000000,7.000000,999.000000,0.000000,0.000000,0.000000
44643.000000,46305.000000,3.000000,999.000000,0.000000,0.000000,0.000000
44653.000000,46305.000000,0.000000,999.000000,0.000000,0.000000,0.000000
44663.000000,46305.000000,0.000000,999.000000,0.000000,0.000000,0.000000
44673.000000,46305.000000,0.000000,999.000000,0.000000,0.000000,0.000000
44683.000000,46305.000000,0.000000,999.000000,0.000000,0.000000,0.000000
44693.000000,46305.000000,0.000000,999.000000,0.000000,0.000000,0.000000
44703.000000,46305.000000,0.000000,999.000000,0.000000,0.000000,0.000000
44713.000000,46305.000000,0.000000,999.000000,0.000000,0.000000,0.000000
44723.000000,46305.000000,0.000000,999.000000,0.000000,0.000000,0.000000
44733.000000,46305.000000,0.000000,999.000000,0.000000,0.000000,0.000000
44743.000000,46305.000000,0.000000,999.000000,0.000000,0.000000,0.000000
44753.000000,46305.000000,0.000000,999.000000,0.000000,0.000000,0.000000
44763.000000,46305.000000,0.000000,999.000000,0.000000,0.000000,0.000000
44773.000000,46305.000000,0.000000,999.000000,0.000000,0.000000,0.000000
44783.000000,46305.000000,0.000000,999.000000,0.000000,0.000000,0.000000
44793.000000,46305.000000,0.000000,999.000000,0.000000,0.000000,0.000000
44803.000000,46305.000000,0.000000,999.000000,0.000000,0.000000,0.000000
44813.000000,46305.000000,0.000000,999.000000,0.000000,0.000000,0.000000
44823.000000,46305.000000,0.000000,999.000000,0.000000,0.000000,0.000000
44833.000000,46305.000000,0.000000,999.000000,0.000000,0.000000,0.000000
44843.000000,46305.000000,0.000000,999.000000,0.000000,0.000000,0.000000
44853.000000,46305.000000,0.000000,999.000000,0.000000,0.000000,0.000000
44863.000000,46305.000000,0.000000,999.000000,0.000000,0.000000,0.000000
44873.000000,46305.000000,0.000000,999.000000,0.000000,0.000000,0.000000
44883.000000,46305.000000,0.000000,999.000000,0.000000,0.000000,0.000000
44893.000000,46305.000000,0.000000,999.000000,0.000000,0.000000,0.000000
44903.000000,46305.000000,0.000000,999.000000,0.000000,0.000000,0.000000
44913.000000,46305.000000,0.000000,999.000000,0.000000,0.000000,0.000000
44923.000000,46305.000000,0.000000,999.000000,0.000000,0.000000,0.000000
44933.000000,46305.000000,0.000000,999.000000,0.000000,0.000000,0.000000
44943.000000,46310.000000,5.000000,999.000000,0.000000,0.000000,0.000000
44953.000000,46330.000000,20.000000,999.000000,0.000000,0.000000,0.000000
44963.000000,46362.000000,32.000000,0.000000,0.000000,0.000000,0.000000
44973.000000,46394.000000,32.000000,0.000000,0.000000,0.000000,0.000000
44983.000000,46418.000000,24.000000,0.000000,0.000000,0.000000,0.000000
44993.000000,46435.000000,17.000000,0.000000,0.000000,0.000000,0.000000
45003.000000,46445.000000,10.000000,0.000000,0.000000,0.000000,0.000000
45013.000000,46448.000000,3.000000,0.000000,0.000000,0.000000,0.000000
45023.000000,46448.000000,0.000000,0.000000,0.000000,0.000000,0.000000
45033.000000,46448.000000,0.000000,0.000000,0.000000,0.000000,0.000000
45043.000000,46446.000000,-2.000000,0.000000,0.000000,0.000000,0.000000
45053.000000,46446.000000,0.000000,0.000000,0.000000,0.000000,0.000000
45063.000000,46446.000000,0.000000,0.000000,0.000000,0.000000,0.000000
45073.000000,46446.000000,0.000000,0.000000,0.000000,0.000000,0.000000
45083.000000,46446.000000,0.000000,0.000000,0.000000,0.000000,0.000000
45093.000000,46446.000000,0.000000,0.000000,0.000000,0.000000,0.000000
45103.000000,46446.000000,0.000000,0.000000,0.000000,0.000000,0.000000
45113.000000,46446.000000,0.000000,0.000000,0.000000,0.000000,0.000000
45123.000000,46446.000000,0.000000,0.000000,0.000000,0.000000,0.000000
45133.000000,46446.000000,0.000000,0.000000,0.000000,0.000000,0.000000
45143.000000,46446.000000,0.000000,0.000000,0.000000,0.000000,0.000000
45153.000000,46446.000000,0.000000,0.000000,0.000000,0.000000,0.000000
45163.000000,46446.000000,0.000000,0.000000,0.000000,0.000000,0.000000
45173.000000,46446.000000,0.000000,0.000000,0.000000,0.000000,0.000000
45183.000000,46446.000000,0.000000,0.000000,0.000000,0.000000,0.000000
45193.000000,46446.000000,0.000000,0.000000,0.000000,0.000000,0.000000
45203.000000,46446.000000,0.000000,0.000000,0.000000,0.000000,0.000000
45213.000000,46446.000000,0.000000,0.000000,0.000000,0.000000,0.000000
45223.000000,46446.000000,0.000000,0.000000,0.000000,0.000000,0.000000
45233.000000,46446.000000,0.000000,0.000000,0.000000,0.000000,0.000000
45243.000000,46446.000000,0.000000,0.000000,0.000000,0.000000,0.000000
45253.000000,46446.000000,0.000000,0.000000,0.000000,0.000000,0.000000
45263.000000,46446.000000,0.000000,0.000000,0.000000,0.000000,0.000000
45273.000000,46446.000000,0.000000,0.000000,0.000000,0.000000,0.000000
45283.000000,46446.000000,0.000000,0.000000,0.000000,0.000000,0.000000
45293.000000,46446.000000,0.000000,0.000000,0.000000,0.000000,0.000000
45303.000000,46446.000000,0.000000,0.000000,0.000000,0.000000,0.000000
45313.000000,46446.000000,0.000000,0.000000,0.000000,0.000000,0.000000
45323.000000,46446.000000,0.000000,0.000000,0.000000,0.000000,0.000000
45333.000000,46446.000000,0.000000,0.000000,0.000000,0.000000,0.000000
45343.000000,46446.000000,0.000000,0.000000,0.000000,0.000000,0.000000
45353.000000,46446.000000,0.000000,0.000000,0.000000,0.000000,0.000000
45363.000000,46446.000000,0.000000,0.000000,0.000000,0.000000,0.000000
45373.000000,46446.000000,0.000000,0.000000,0.000000,0.000000,0.000000
45383.000000,46446.000000,0.000000,0.000000,0.000000,0.000000,0.000000
45393.000000,46446.000000,0.000000,0.000000,0.000000,0.000000,0.000000
45403.000000,46446.000000,0.000000,0.000000,0.000000,0.000000,0.000000
45413.000000,46446.000000,0.000000,0.000000,0.000000,0.000000,0.000000
45423.000000,46446.000000,0.000000,0.000000,0.000000,0.000000,0.000000
45433.000000,46446.000000,0.000000,0.000000,0.000000,0.000000,0.000000
45443.000000,46446.000000,0.000000,0.000000,0.000000,0.000000,0.000000
45453.000000,46446.000000,0.000000,0.000000,0.000000,0.000000,0.000000
45463.000000,46446.000000,0.000000,0.000000,0.000000,0.000000,0.000000
45473.000000,46446.000000,0.000000,0.000000,0.000000,0.000000,0.000000
45483.000000,46446.000000,0.000000,0.000000,0.000000,0.000000,0.000000
45493.000000,46446.000000,0.000000,0.000000,0.000000,0.000000,0.000000
45503.000000,46446.000000,0.000000,0.000000,0.000000,0.000000,0.000000
45513.000000,46446.000000,0.000000,0.000000,0.000000,0.000000,0.000000
45523.000000,46446.000000,0.000000,0.000000,0.000000,0.000000,0.000000
45533.000000,46446.000000,0.000000,0.000000,0.000000,0.000000,0.000000
45543.000000,46446.000000,0.000000,0.000000,0.000000,0.000000,0.000000
45553.000000,46446.000000,0.000000,0.000000,0.000000,0.000000,0.000000
45563.000000,46446.000000,0.000000,0.000000,0.000000,0.000000,0.000000
45573.000000,46446.000000,0.000000,0.000000,0.000000,0.000000,0.000000
45583.000000,46446.000000,0.000000,0.000000,0.000000,0.000000,0.000000
45593.000000,46446.000000,0.000000,0.000000,0.000000,0.000000,0.000000
45603.000000,46446.000000,0.000000,0.000000,0.000000,0.000000,0.000000
45613.000000,46446.000000,0.000000,0.000000,0.000000,0.000000,0.000000
45623.000000,46446.000000,0.000000,0.000000,0.000000,0.000000,0.000000
45633.000000,46446.000000,0.000000,0.000000,0.000000,0.000000,0.000000
45643.000000,46446.000000,0.000000,0.000000,0.000000,0.000000,0.000000
45653.000000,46446.000000,0.000000,0.000000,0.000000,0.000000,0.000000
45663.000000,46446.000000,0.000000,0.000000,0.000000,0.000000,0.000000
45673.000000,46446.000000,0.000000,0.000000,0.000000,0.000000,0.000000
45683.000000,46446.000000,0.000000,0.000000,0.000000,0.000000,0.000000
45693.000000,46446.000000,0.000000,0.000000,0.000000,0.000000,0.000000
45703.000000,46446.000000,0.000000,0.000000,0.000000,0.000000,0.000000
45713.000000,46446.000000,0.000000,0.000000,0.000000,0.000000,0.000000
45723.000000,46446.000000,0.000000,0.000000,0.000000,0.000000,0.000000
45733.000000,46446.000000,0.000000,0.000000,0.000000,0.000000,0.000000
45743.000000,46446.000000,0.000000,0.000000,0.000000,0.000000,0.000000
45753.000000,46446.000000,0.000000,0.000000,0.000000,0.000000,0.000000
45763.000000,46446.000000,0.000000,0.000000,0.000000,0.000000,0.000000
45773.000000,46446.000000,0.000000,0.000000,0.000000,0.000000,0.000000
45783.000000,46446.000000,0.000000,0.000000,0.000000,0.000000,0.000000
45793.000000,46446.000000,0.000000,0.000000,0.000000,0.000000,0.000000
45803.000000,46446.000000,0.000000,0.000000,0.000000,0.000000,0.000000
45813.000000,46446.000000,0.000000,0.000000,0.000000,0.000000,0.000000
45823.000000,46446.000000,0.000000,0.000000,0.000000,0.000000,0.000000
45833.000000,46446.000000,0.000000,0.000000,0.000000,0.000000,0.000000
45843.000000,46446.000000,0.000000,0.000000,0.000000,0.000000,0.000000
45853.000000,46446.000000,0.000000,0.000000,0.000000,0.000000,0.000000
45863.000000,46446.000000,0.000000,0.000000,0.000000,0.000000,0.000000
45873.000000,46446.000000,0.000000,0.000000,0.000000,0.000000,0.000000
45883.000000,46446.000000,0.000000,0.000000,0.000000,0.000000,0.000000
45893.000000,46446.000000,0.000000,0.000000,0.000000,0.000000,0.000000
45903.000000,46446.000000,0.000000,0.000000,0.000000,0.000000,0.000000
45913.000000,46446.000000,0.000000,0.000000,0.000000,0.000000,0.000000
45923.000000,46446.000000,0.000000,0.000000,0.000000,0.000000,0.000000
45933.000000,46446.000000,0.000000,0.000000,0.000000,0.000000,0.000000
45943.000000,46446.000000,0.000000,0.000000,0.000000,0.000000,0.000000
45953.000000,46446.000000,0.000000,0.000000,0.000000,0.000000,0.000000
45963.000000,46446.000000,0.000000,0.000000,0.000000,0.000000,0.000000
45973.000000,46446.000000,0.000000,0.000000,0.000000,0.000000,0.000000
45983.000000,46446.000000,0.000000,0.000000,0.000000,0.000000,0.000000
45993.000000,46446.000000,0.000000,0.000000,0.000000,0.000000,0.000000
46003.000000,46446.000000,0.000000,0.000000,0.000000,0.000000,0.000000
46013.000000,46446.000000,0.000000,0.000000,0.000000,0.000000,0.000000
46023.000000,46446.000000,0.000000,0.000000,0.000000,0.000000,0.000000
46033.000000,46446.000000,0.000000,0.000000,0.000000,0.000000,0.000000
46043.000000,46446.000000,0.000000,0.000000,0.000000,0.000000,0.000000
46053.000000,46446.000000,0.000000,0.000000,0.000000,0.000000,0.000000
46063.000000,46446.000000,0.000000,0.000000,0.000000,0.000000,0.000000
46073.000000,46446.000000,0.000000,0.000000,0.000000,0.000000,0.000000
46083.000000,46446.000000,0.000000,0.000000,0.000000,0.000000,0.000000
46093.000000,46446.000000,0.000000,0.000000,0.000000,0.000000,0.000000
46103.000000,46446.000000,0.000000,0.000000,0.000000,0.000000,0.000000
46113.000000,46446.000000,0.000000,0.000000,0.000000,0.000000,0.000000
46123.000000,46446.000000,0.000000,0.000000,0.000000,0.000000,0.000000
46133.000000,46446.000000,0.000000,0.000000,0.000000,0.000000,0.000000
46143.000000,46446.000000,0.000000,0.000000,0.000000,0.000000,0.000000
46153.000000,46446.000000,0.000000,0.000000,0.000000,0.000000,0.000000
46163.000000,46446.000000,0.000000,0.000000,0.000000,0.000000,0.000000
46173.000000,46446.000000,0.000000,0.000000,0.000000,0.000000,0.000000
46183.000000,46446.000000,0.000000,0.000000,0.000000,0.000000,0.000000
46193.000000,46446.000000,0.000000,0.000000,0.000000,0.000000,0.000000
46203.000000,46446.000000,0.000000,0.000000,0.000000,0.000000,0.000000
46213.000000,46446.000000,0.000000,0.000000,0.000000,0.000000,0.000000
46223.000000,46446.000000,0.000000,0.000000,0.000000,0.000000,0.000000
46233.000000,46446.000000,0.000000,0.000000,0.000000,0.000000,0.000000
46243.000000,46446.000000,0.000000,0.000000,0.000000,0.000000,0.000000
46253.000000,46446.000000,0.000000,0.000000,0.000000,0.000000,0.000000
46263.000000,46446.000000,0.000000,0.000000,0.000000,0.000000,0.000000
46273.000000,46446.000000,0.000000,0.000000,0.000000,0.000000,0.000000
46283.000000,46446.000000,0.000000,0.000000,0.000000,0.000000,0.000000
46293.000000,46446.000000,0.000000,0.000000,0.000000,0.000000,0.000000
46303.000000,46446.000000,0.000000,0.000000,0.000000,0.000000,0.000000
46313.000000,46446.000000,0.000000,0.000000,0.000000,0.000000,0.000000
46323.000000,46446.000000,0.000000,0.000000,0.000000,0.000000,0.000000
46333.000000,46446.000000,0.000000,0.000000,0.000000,0.000000,0.000000
46343.000000,46446.000000,0.000000,0.000000,0.000000,0.000000,0.000000
46353.000000,46446.000000,0.000000,0.000000,0.000000,0.000000,0.000000
46363.000000,46446.000000,0.000000,0.000000,0.000000,0.000000,0.000000
46373.000000,46446.000000,0.000000,0.000000,0.000000,0.000000,0.000000
46383.000000,46446.000000,0.000000,0.000000,0.000000,0.000000,0.000000
46393.000000,46446.000000,0.000000,0.000000,0.000000,0.000000,0.000000
46403.000000,46446.000000,0.000000,0.000000,0.000000,0.000000,0.000000
46413.000000,46446.000000,0.000000,0.000000,0.000000,0.000000,0.000000
46423.000000,46446.000000,0.000000,0.000000,0.000000,0.000000,0.000000
46433.000000,46446.000000,0.000000,0.000000,0.000000,0.000000,0.000000
46443.000000,46446.000000,0.000000,0.000000,0.000000,0.000000,0.000000
46453.000000,46446.000000,0.000000,0.000000,0.000000,0.000000,0.000000
46463.000000,46446.000000,0.000000,0.000000,0.000000,0.000000,0.000000
46473.000000,46446.000000,0.000000,0.000000,0.000000,0.000000,0.000000
46483.000000,46446.000000,0.000000,0.000000,0.000000,0.000000,0.000000
46493.000000,46446.000000,0.000000,0.000000,0.000000,0.000000,0.000000
46503.000000,46446.000000,0.000000,0.000000,0.000000,0.000000,0.000000
46513.000000,46446.000000,0.000000,0.000000,0.000000,0.000000,0.000000
46523.000000,46446.000000,0.000000,0.000000,0.000000,0.000000,0.000000
46533.000000,46446.000000,0.000000,0.000000,0.000000,0.000000,0.000000
46543.000000,46446.000000,0.000000,0.000000,0.000000,0.000000,0.000000
46553.000000,46446.000000,0.000000,0.000000,0.000000,0.000000,0.000000
46563.000000,46446.000000,0.000000,0.000000,0.000000,0.000000,0.000000
46573.000000,46446.000000,0.000000,0.000000,0.000000,0.000000,0.000000
46583.000000,46446.000000,0.000000,0.000000,0.000000,0.000000,0.000000
46593.000000,46446.000000,0.000000,0.000000,0.000000,0.000000,0.000000
46603.000000,46446.000000,0.000000,0.000000,0.000000,0.000000,0.000000
46613.000000,46446.000000,0.000000,0.000000,0.000000,0.000000,0.000000
46623.000000,46446.000000,0.000000,0.000000,0.000000,0.000000,0.000000
46633.000000,46446.000000,0.000000,0.000000,0.000000,0.000000,0.000000
46643.000000,46446.000000,0.000000,0.000000,0.000000,0.000000,0.000000
46653.000000,46446.000000,0.000000,0.000000,0.000000,0.000000,0.000000
46663.000000,46446.000000,0.000000,0.000000,0.000000,0.000000,0.000000
46673.000000,46446.000000,0.000000,0.000000,0.000000,0.000000,0.000000
46683.000000,46446.000000,0.000000,0.000000,0.000000,0.000000,0.000000
46693.000000,46446.000000,0.000000,0.000000,0.000000,0.000000,0.000000
46703.000000,46446.000000,0.000000,0.000000,0.000000,0.000000,0.000000
46713.000000,46446.000000,0.000000,0.000000,0.000000,0.000000,0.000000
46723.000000,46446.000000,0.000000,0.000000,0.000000,0.000000,0.000000
46733.000000,46446.000000,0.000000,0.000000,0.000000,0.000000,0.000000
46743.000000,46446.000000,0.000000,0.000000,0.000000,0.000000,0.000000
46753.000000,46446.000000,0.000000,0.000000,0.000000,0.000000,0.000000
46763.000000,46446.000000,0.000000,0.000000,0.000000,0.000000,0.000000
46773.000000,46446.000000,0.000000,0.000000,0.000000,0.000000,0.000000
46783.000000,46446.000000,0.000000,0.000000,0.000000,0.000000,0.000000
46793.000000,46446.000000,0.000000,0.000000,0.000000,0.000000,0.000000
46803.000000,46446.000000,0.000000,0.000000,0.000000,0.000000,0.000000
46813.000000,46446.000000,0.000000,0.000000,0.000000,0.000000,0.000000
46823.000000,46446.000000,0.000000,0.000000,0.000000,0.000000,0.000000
46833.000000,46446.000000,0.000000,0.000000,0.000000,0.000000,0.000000
46843.000000,46446.000000,0.000000,0.000000,0.000000,0.000000,0.000000
46853.000000,46446.000000,0.000000,0.000000,0.000000,0.000000,0.000000
46863.000000,46446.000000,0.000000,0.000000,0.000000,0.000000,0.000000
46873.000000,46446.000000,0.000000,0.000000,0.000000,0.000000,0.000000
46883.000000,46446.000000,0.000000,0.000000,0.000000,0.000000,0.000000
46893.000000,46446.000000,0.000000,0.000000,0.000000,0.000000,0.000000
46903.000000,46446.000000,0.000000,0.000000,0.000000,0.000000,0.000000
46913.000000,46446.000000,0.000000,0.000000,0.000000,0.000000,0.000000
46923.000000,46446.000000,0.000000,0.000000,0.000000,0.000000,0.000000
46933.000000,46446.000000,0.000000,0.000000,0.000000,0.000000,0.000000
46943.000000,46446.000000,0.000000,0.000000,0.000000,0.000000,0.000000
46953.000000,46446.000000,0.000000,0.000000,0.000000,0.000000,0.000000
46963.000000,46446.000000,0.000000,0.000000,0.000000,0.000000,0.000000
46973.000000,46446.000000,0.000000,0.000000,0.000000,0.000000,0.000000
46983.000000,46446.000000,0.000000,0.000000,0.000000,0.000000,0.000000
46993.000000,46446.000000,0.000000,0.000000,0.000000,0.000000,0.000000
47003.000000,46446.000000,0.000000,0.000000,0.000000,0.000000,0.000000
47013.000000,46446.000000,0.000000,0.000000,0.000000,0.000000,0.000000
47023.000000,46446.000000,0.000000,0.000000,0.000000,0.000000,0.000000
47033.000000,46446.000000,0.000000,0.000000,0.000000,0.000000,0.000000
47043.000000,46446.000000,0.000000,0.000000,0.000000,0.000000,0.000000
47053.000000,46446.000000,0.000000,0.000000,0.000000,0.000000,0.000000
47063.000000,46446.000000,0.000000,0.000000,0.000000,0.000000,0.000000
47073.000000,46446.000000,0.000000,0.000000,0.000000,0.000000,0.000000
47083.000000,46446.000000,0.000000,0.000000,0.000000,0.000000,0.000000
47093.000000,46446.000000,0.000000,0.000000,0.000000,0.000000,0.000000
47103.000000,46446.000000,0.000000,0.000000,0.000000,0.000000,0.000000
47113.000000,46446.000000,0.000000,0.000000,0.000000,0.000000,0.000000
47123.000000,46446.000000,0.000000,0.000000,0.000000,0.000000,0.000000
47133.000000,46446.000000,0.000000,0.000000,0.000000,0.000000,0.000000
47143.000000,46446.000000,0.000000,0.000000,0.000000,0.000000,0.000000
47153.000000,46446.000000,0.000000,0.000000,0.000000,0.000000,0.000000
47163.000000,46446.000000,0.000000,0.000000,0.000000,0.000000,0.000000
47173.000000,46446.000000,0.000000,0.000000,0.000000,0.000000,0.000000
47183.000000,46446.000000,0.000000,0.000000,0.000000,0.000000,0.000000
47193.000000,46446.000000,0.000000,0.000000,0.000000,0.000000,0.000000
47203.000000,46446.000000,0.000000,0.000000,0.000000,0.000000,0.000000
47213.000000,46446.000000,0.000000,0.000000,0.000000,0.000000,0.000000
47223.000000,46446.000000,0.000000,0.000000,0.000000,0.000000,0.000000
47233.000000,46446.000000,0.000000,0.000000,0.000000,0.000000,0.000000
47243.000000,46446.000000,0.000000,0.000000,0.000000,0.000000,0.000000
47253.000000,46446.000000,0.000000,0.000000,0.000000,0.000000,0.000000
47263.000000,46446.000000,0.000000,0.000000,0.000000,0.000000,0.000000
47273.000000,46446.000000,0.000000,0.000000,0.000000,0.000000,0.000000
47283.000000,46446.000000,0.000000,0.000000,0.000000,0.000000,0.000000
47293.000000,46446.000000,0.000000,0.000000,0.000000,0.000000,0.000000
