I0,I1,I2,I3,I4,I5,I6
74340.000000,65530.000000,0.000000,-6.000000,65534.000000,0.000000,-2.000000
74350.000000,65530.000000,0.000000,-6.000000,65534.000000,0.000000,-2.000000
74360.000000,65530.000000,0.000000,-6.000000,65534.000000,0.000000,-2.000000
74370.000000,65530.000000,0.000000,-6.000000,65534.000000,0.000000,-2.000000
74380.000000,65530.000000,0.000000,-6.000000,65534.000000,0.000000,-2.000000
74390.000000,65530.000000,0.000000,-6.000000,65534.000000,0.000000,-2.000000
74400.000000,65530.000000,0.000000,-6.000000,65534.000000,0.000000,-2.000000
74410.000000,65530.000000,0.000000,-6.000000,65534.000000,0.000000,-2.000000
74420.000000,65530.000000,0.000000,-6.000000,65534.000000,0.000000,-2.000000
74430.000000,65530.000000,0.000000,-6.000000,65534.000000,0.000000,-2.000000
74440.000000,65530.000000,0.000000,-6.000000,65534.000000,0.000000,-2.000000
74450.000000,65530.000000,0.000000,-6.000000,65534.000000,0.000000,-2.000000
74460.000000,65530.000000,0.000000,-6.000000,65534.000000,0.000000,-2.000000
74470.000000,65530.000000,0.000000,-6.000000,65534.000000,0.000000,-2.000000
74480.000000,65530.000000,0.000000,-6.000000,65534.000000,0.000000,-2.000000
74490.000000,65530.000000,0.000000,-6.000000,65534.000000,0.000000,-2.000000
74500.000000,65530.000000,0.000000,-6.000000,65534.000000,0.000000,-2.000000
74510.000000,65530.000000,0.000000,-6.000000,65534.000000,0.000000,-2.000000
74520.000000,65530.000000,0.000000,-6.000000,65534.000000,0.000000,-2.000000
74530.000000,65530.000000,0.000000,-6.000000,65534.000000,0.000000,-2.000000
74540.000000,65530.000000,0.000000,-6.000000,65534.000000,0.000000,-2.000000
74550.000000,65530.000000,0.000000,-6.000000,65534.000000,0.000000,-2.000000
74560.000000,65530.000000,0.000000,-6.000000,65534.000000,0.000000,-2.000000
74570.000000,65530.000000,0.000000,-6.000000,65534.000000,0.000000,-2.000000
74580.000000,65530.000000,0.000000,-6.000000,65534.000000,0.000000,-2.000000
74590.000000,65530.000000,0.000000,-6.000000,65534.000000,0.000000,-2.000000
74600.000000,65530.000000,0.000000,-6.000000,65534.000000,0.000000,-2.000000
74610.000000,65530.000000,0.000000,-6.000000,65534.000000,0.000000,-2.000000
74620.000000,65530.000000,0.000000,-6.000000,65534.000000,0.000000,-2.000000
74630.000000,65530.000000,0.000000,-6.000000,65534.000000,0.000000,-2.000000
74640.000000,65530.000000,0.000000,-6.000000,65534.000000,0.000000,-2.000000
74650.000000,65530.000000,0.000000,-6.000000,65534.000000,0.000000,-2.000000
74660.000000,65530.000000,0.000000,-6.000000,65534.000000,0.000000,-2.000000
74670.000000,65530.000000,0.000000,-6.000000,65534.000000,0.000000,-2.000000
74680.000000,65530.000000,0.000000,-6.000000,65534.000000,0.000000,-2.000000
74690.000000,65530.000000,0.000000,-6.000000,65534.000000,0.000000,-2.000000
74700.000000,65530.000000,0.000000,-6.000000,65534.000000,0.000000,-2.000000
74710.000000,65530.000000,0.000000,-6.000000,65534.000000,0.000000,-2.000000
74720.000000,65530.000000,0.000000,-6.000000,65534.000000,0.000000,-2.000000
74730.000000,65530.000000,0.000000,-6.000000,65534.000000,0.000000,-2.000000
74740.000000,65530.000000,0.000000,-6.000000,65534.000000,0.000000,-2.000000
74750.000000,65530.000000,0.000000,-6.000000,65534.000000,0.000000,-2.000000
74760.000000,65530.000000,0.000000,-6.000000,65534.000000,0.000000,-2.000000
74770.000000,65530.000000,0.000000,-6.000000,65534.000000,0.000000,-2.000000
74780.000000,65530.000000,0.000000,-6.000000,65534.000000,0.000000,-2.000000
74790.000000,65530.000000,0.000000,-6.000000,65534.000000,0.000000,-2.000000
74800.000000,65530.000000,0.000000,-6.000000,65534.000000,0.000000,-2.000000
74810.000000,65530.000000,0.000000,-6.000000,65534.000000,0.000000,-2.000000
74820.000000,65530.000000,0.000000,-6.000000,65534.000000,0.000000,-2.000000
74830.000000,65530.000000,0.000000,-6.000000,65534.000000,0.000000,-2.000000
74840.000000,65530.000000,0.000000,-6.000000,65534.000000,0.000000,-2.000000
74850.000000,65530.000000,0.000000,-6.000000,65534.000000,0.000000,-2.000000
74860.000000,65530.000000,0.000000,-6.000000,65534.000000,0.000000,-2.000000
74870.000000,65530.000000,0.000000,-6.000000,65534.000000,0.000000,-2.000000
74880.000000,65530.000000,0.000000,-6.000000,65534.000000,0.000000,-2.000000
74890.000000,65530.000000,0.000000,-6.000000,65534.000000,0.000000,-2.000000
74900.000000,65530.000000,0.000000,-6.000000,65534.000000,0.000000,-2.000000
74910.000000,65530.000000,0.000000,-6.000000,65534.000000,0.000000,-2.000000
74920.000000,65530.000000,0.000000,-6.000000,65534.000000,0.000000,-2.000000
74930.000000,65530.000000,0.000000,-6.000000,65534.000000,0.000000,-2.000000
74940.000000,65530.000000,0.000000,-6.000000,65534.000000,0.000000,-2.000000
74950.000000,65530.000000,0.000000,-6.000000,65534.000000,0.000000,-2.000000
74960.000000,65530.000000,0.000000,-6.000000,65534.000000,0.000000,-2.000000
74970.000000,65530.000000,0.000000,-6.000000,65534.000000,0.000000,-2.000000
74980.000000,65530.000000,0.000000,-6.000000,65534.000000,0.000000,-2.000000
74990.000000,65530.000000,0.000000,-6.000000,65534.000000,0.000000,-2.000000
75000.000000,65530.000000,0.000000,-6.000000,65534.000000,0.000000,-2.000000
75010.000000,65530.000000,0.000000,-6.000000,65534.000000,0.000000,-2.000000
75020.000000,65530.000000,0.000000,-6.000000,65534.000000,0.000000,-2.000000
75030.000000,65530.000000,0.000000,-6.000000,65534.000000,0.000000,-2.000000
75040.000000,65530.000000,0.000000,-6.000000,65534.000000,0.000000,-2.000000
75050.000000,65530.000000,0.000000,-6.000000,65534.000000,0.000000,-2.000000
75060.000000,65530.000000,0.000000,-6.000000,65534.000000,0.000000,-2.000000
75070.000000,65530.000000,0.000000,-6.000000,65534.000000,0.000000,-2.000000
75080.000000,65530.000000,0.000000,-6.000000,65534.000000,0.000000,-2.000000
75090.000000,65530.000000,0.000000,-6.000000,65534.000000,0.000000,-2.000000
75100.000000,65530.000000,0.000000,-6.000000,65534.000000,0.000000,-2.000000
75110.000000,65530.000000,0.000000,-6.000000,65534.000000,0.000000,-2.000000
75120.000000,65530.000000,0.000000,-6.000000,65534.000000,0.000000,-2.000000
75130.000000,65530.000000,0.000000,-6.000000,65534.000000,0.000000,-2.000000
75140.000000,65530.000000,0.000000,-6.000000,65534.000000,0.000000,-2.000000
75150.000000,65530.000000,0.000000,-6.000000,65534.000000,0.000000,-2.000000
75160.000000,65530.000000,0.000000,-6.000000,65534.000000,0.000000,-2.000000
75170.000000,65530.000000,0.000000,-6.000000,65534.000000,0.000000,-2.000000
75180.000000,65530.000000,0.000000,-6.000000,65534.000000,0.000000,-2.000000
75190.000000,65530.000000,0.000000,-6.000000,65534.000000,0.000000,-2.000000
75200.000000,65530.000000,0.000000,-6.000000,65534.000000,0.000000,-2.000000
75210.000000,65530.000000,0.000000,-6.000000,65534.000000,0.000000,-2.000000
75220.000000,65530.000000,0.000000,-6.000000,65534.000000,0.000000,-2.000000
75230.000000,65530.000000,0.000000,-6.000000,65534.000000,0.000000,-2.000000
75240.000000,65530.000000,0.000000,-6.000000,65534.000000,0.000000,-2.000000
75250.000000,65530.000000,0.000000,-6.000000,65534.000000,0.000000,-2.000000
75260.000000,65530.000000,0.000000,-6.000000,65534.000000,0.000000,-2.000000
75270.000000,65530.000000,0.000000,-6.000000,65534.000000,0.000000,-2.000000
75280.000000,65530.000000,0.000000,-6.000000,65534.000000,0.000000,-2.000000
75290.000000,65530.000000,0.000000,-6.000000,65534.000000,0.000000,-2.000000
75300.000000,65530.000000,0.000000,-6.000000,65534.000000,0.000000,-2.000000
75310.000000,65530.000000,0.000000,-6.000000,65534.000000,0.000000,-2.000000
75320.000000,65530.000000,0.000000,-6.000000,65534.000000,0.000000,-2.000000
75330.000000,65530.000000,0.000000,-6.000000,65534.000000,0.000000,-2.000000
75340.000000,65530.000000,0.000000,-6.000000,65534.000000,0.000000,-2.000000
75350.000000,65530.000000,0.000000,-6.000000,65534.000000,0.000000,-2.000000
75360.000000,65530.000000,0.000000,-6.000000,65534.000000,0.000000,-2.000000
75370.000000,65530.000000,0.000000,-6.000000,65534.000000,0.000000,-2.000000
75380.000000,65530.000000,0.000000,-6.000000,65534.000000,0.000000,-2.000000
75390.000000,65530.000000,0.000000,-6.000000,65534.000000,0.000000,-2.000000
75400.000000,65530.000000,0.000000,-6.000000,65534.000000,0.000000,-2.000000
75410.000000,65530.000000,0.000000,-6.000000,65534.000000,0.000000,-2.000000
75420.000000,65530.000000,0.000000,-6.000000,65534.000000,0.000000,-2.000000
75430.000000,65530.000000,0.000000,-6.000000,65534.000000,0.000000,-2.000000
75440.000000,65530.000000,0.000000,-6.000000,65534.000000,0.000000,-2.000000
75450.000000,65530.000000,0.000000,-6.000000,65534.000000,0.000000,-2.000000
75460.000000,65530.000000,0.000000,-6.000000,65534.000000,0.000000,-2.000000
75470.000000,65530.000000,0.000000,-6.000000,65534.000000,0.000000,-2.000000
75480.000000,65530.000000,0.000000,-6.000000,65534.000000,0.000000,-2.000000
75490.000000,65530.000000,0.000000,-6.000000,65534.000000,0.000000,-2.000000
75500.000000,65530.000000,0.000000,-6.000000,65534.000000,0.000000,-2.000000
75510.000000,65530.000000,0.000000,-6.000000,65534.000000,0.000000,-2.000000
75520.000000,65530.000000,0.000000,-6.000000,65534.000000,0.000000,-2.000000
75530.000000,65530.000000,0.000000,-6.000000,65534.000000,0.000000,-2.000000
75540.000000,65530.000000,0.000000,-6.000000,65534.000000,0.000000,-2.000000
75550.000000,65530.000000,0.000000,-6.000000,65534.000000,0.000000,-2.000000
75560.000000,65530.000000,0.000000,-6.000000,65534.000000,0.000000,-2.000000
75570.000000,65530.000000,0.000000,-6.000000,65534.000000,0.000000,-2.000000
75580.000000,65530.000000,0.000000,-6.000000,65534.000000,0.000000,-2.000000
75590.000000,65530.000000,0.000000,-6.000000,65534.000000,0.000000,-2.000000
75600.000000,65530.000000,0.000000,-6.000000,65534.000000,0.000000,-2.000000
75610.000000,65530.000000,0.000000,-6.000000,65534.000000,0.000000,-2.000000
75620.000000,65530.000000,0.000000,-6.000000,65534.000000,0.000000,-2.000000
75630.000000,65530.000000,0.000000,-6.000000,65534.000000,0.000000,-2.000000
75640.000000,65530.000000,0.000000,-6.000000,65534.000000,0.000000,-2.000000
75650.000000,65530.000000,0.000000,-6.000000,65534.000000,0.000000,-2.000000
75660.000000,65530.000000,0.000000,-6.000000,65534.000000,0.000000,-2.000000
75670.000000,65530.000000,0.000000,-6.000000,65534.000000,0.000000,-2.000000
75680.000000,65530.000000,0.000000,-6.000000,65534.000000,0.000000,-2.000000
75690.000000,65530.000000,0.000000,-6.000000,65534.000000,0.000000,-2.000000
75700.000000,65530.000000,0.000000,-6.000000,65534.000000,0.000000,-2.000000
75710.000000,65530.000000,0.000000,-6.000000,65534.000000,0.000000,-2.000000
75720.000000,65530.000000,0.000000,-6.000000,65534.000000,0.000000,-2.000000
75730.000000,65530.000000,0.000000,-6.000000,65534.000000,0.000000,-2.000000
75740.000000,65530.000000,0.000000,-6.000000,65534.000000,0.000000,-2.000000
75750.000000,65530.000000,0.000000,-6.000000,65534.000000,0.000000,-2.000000
75760.000000,65530.000000,0.000000,-6.000000,65534.000000,0.000000,-2.000000
75770.000000,65530.000000,0.000000,-6.000000,65534.000000,0.000000,-2.000000
75780.000000,65530.000000,0.000000,-6.000000,65534.000000,0.000000,-2.000000
75790.000000,65530.000000,0.000000,-6.000000,65534.000000,0.000000,-2.000000
75800.000000,65530.000000,0.000000,-6.000000,65534.000000,0.000000,-2.000000
75810.000000,65530.000000,0.000000,-6.000000,65534.000000,0.000000,-2.000000
75820.000000,65530.000000,0.000000,-6.000000,65534.000000,0.000000,-2.000000
75830.000000,65530.000000,0.000000,-6.000000,65534.000000,0.000000,-2.000000
75840.000000,65530.000000,0.000000,-6.000000,65534.000000,0.000000,-2.000000
75850.000000,65530.000000,0.000000,-6.000000,65534.000000,0.000000,-2.000000
75860.000000,65530.000000,0.000000,-6.000000,65534.000000,0.000000,-2.000000
75870.000000,65530.000000,0.000000,-6.000000,65534.000000,0.000000,-2.000000
75880.000000,65530.000000,0.000000,-6.000000,65534.000000,0.000000,-2.000000
75890.000000,65530.000000,0.000000,-6.000000,65534.000000,0.000000,-2.000000
75900.000000,65530.000000,0.000000,-6.000000,65534.000000,0.000000,-2.000000
75910.000000,65530.000000,0.000000,-6.000000,65534.000000,0.000000,-2.000000
75920.000000,65530.000000,0.000000,-6.000000,65534.000000,0.000000,-2.000000
75930.000000,65530.000000,0.000000,-6.000000,65534.000000,0.000000,-2.000000
75940.000000,65530.000000,0.000000,-6.000000,65534.000000,0.000000,-2.000000
75950.000000,65530.000000,0.000000,-6.000000,65534.000000,0.000000,-2.000000
75960.000000,65531.000000,1.000000,-5.000000,65534.000000,0.000000,-2.000000
75970.000000,65530.000000,-1.000000,-6.000000,65534.000000,0.000000,-2.000000
75980.000000,65530.000000,0.000000,-6.000000,65534.000000,0.000000,-2.000000
75990.000000,65530.000000,0.000000,-6.000000,65534.000000,0.000000,-2.000000
76000.000000,65530.000000,0.000000,-6.000000,65534.000000,0.000000,-2.000000
76010.000000,65530.000000,0.000000,-6.000000,65534.000000,0.000000,-2.000000
76020.000000,65530.000000,0.000000,-6.000000,65534.000000,0.000000,-2.000000
76030.000000,65530.000000,0.000000,-6.000000,65534.000000,0.000000,-2.000000
76040.000000,65530.000000,0.000000,-6.000000,65534.000000,0.000000,-2.000000
76050.000000,65530.000000,0.000000,-6.000000,65534.000000,0.000000,-2.000000
76060.000000,65530.000000,0.000000,-6.000000,65534.000000,0.000000,-2.000000
76070.000000,65530.000000,0.000000,-6.000000,65534.000000,0.000000,-2.000000
76080.000000,65530.000000,0.000000,-6.000000,65534.000000,0.000000,-2.000000
76090.000000,65530.000000,0.000000,-6.000000,65534.000000,0.000000,-2.000000
76100.000000,65530.000000,0.000000,-6.000000,65534.000000,0.000000,-2.000000
76110.000000,65530.000000,0.000000,-6.000000,65534.000000,0.000000,-2.000000
76120.000000,65530.000000,0.000000,-6.000000,65534.000000,0.000000,-2.000000
76130.000000,65530.000000,0.000000,-6.000000,65534.000000,0.000000,-2.000000
76140.000000,65530.000000,0.000000,-6.000000,65534.000000,0.000000,-2.000000
76150.000000,65530.000000,0.000000,-6.000000,65534.000000,0.000000,-2.000000
76160.000000,65530.000000,0.000000,-6.000000,65534.000000,0.000000,-2.000000
76170.000000,65530.000000,0.000000,-6.000000,65534.000000,0.000000,-2.000000
76180.000000,65530.000000,0.000000,-6.000000,65534.000000,0.000000,-2.000000
76190.000000,65530.000000,0.000000,-6.000000,65534.000000,0.000000,-2.000000
76200.000000,65530.000000,0.000000,-6.000000,65534.000000,0.000000,-2.000000
76210.000000,65530.000000,0.000000,-6.000000,65534.000000,0.000000,-2.000000
76220.000000,65530.000000,0.000000,-6.000000,65534.000000,0.000000,-2.000000
76230.000000,65530.000000,0.000000,-6.000000,65534.000000,0.000000,-2.000000
76240.000000,65530.000000,0.000000,-6.000000,65534.000000,0.000000,-2.000000
76250.000000,65530.000000,0.000000,-6.000000,65534.000000,0.000000,-2.000000
76260.000000,65530.000000,0.000000,-6.000000,65534.000000,0.000000,-2.000000
76270.000000,65530.000000,0.000000,-6.000000,65534.000000,0.000000,-2.000000
76280.000000,65530.000000,0.000000,-6.000000,65534.000000,0.000000,-2.000000
76290.000000,65530.000000,0.000000,-6.000000,65534.000000,0.000000,-2.000000
76300.000000,65530.000000,0.000000,-6.000000,65534.000000,0.000000,-2.000000
76310.000000,65530.000000,0.000000,-6.000000,65534.000000,0.000000,-2.000000
76320.000000,65530.000000,0.000000,-6.000000,65534.000000,0.000000,-2.000000
76330.000000,65530.000000,0.000000,-6.000000,65534.000000,0.000000,-2.000000
76340.000000,65530.000000,0.000000,-6.000000,65534.000000,0.000000,-2.000000
76350.000000,65530.000000,0.000000,-6.000000,65534.000000,0.000000,-2.000000
76360.000000,65530.000000,0.000000,-6.000000,65534.000000,0.000000,-2.000000
76370.000000,65530.000000,0.000000,-6.000000,65534.000000,0.000000,-2.000000
76380.000000,65530.000000,0.000000,-6.000000,65534.000000,0.000000,-2.000000
76390.000000,65530.000000,0.000000,-6.000000,65534.000000,0.000000,-2.000000
76400.000000,65530.000000,0.000000,-6.000000,65534.000000,0.000000,-2.000000
76410.000000,65530.000000,0.000000,-6.000000,65534.000000,0.000000,-2.000000
76420.000000,65530.000000,0.000000,-6.000000,65534.000000,0.000000,-2.000000
76430.000000,65530.000000,0.000000,-6.000000,65534.000000,0.000000,-2.000000
76440.000000,65530.000000,0.000000,-6.000000,65534.000000,0.000000,-2.000000
76450.000000,65530.000000,0.000000,-6.000000,65534.000000,0.000000,-2.000000
76460.000000,65530.000000,0.000000,-6.000000,65534.000000,0.000000,-2.000000
76470.000000,65530.000000,0.000000,-6.000000,65534.000000,0.000000,-2.000000
76480.000000,65530.000000,0.000000,-6.000000,65534.000000,0.000000,-2.000000
76490.000000,65530.000000,0.000000,-6.000000,65534.000000,0.000000,-2.000000
76500.000000,65530.000000,0.000000,-6.000000,65534.000000,0.000000,-2.000000
76510.000000,65530.000000,0.000000,-6.000000,65534.000000,0.000000,-2.000000
76520.000000,65530.000000,0.000000,-6.000000,65534.000000,0.000000,-2.000000
76530.000000,65530.000000,0.000000,-6.000000,65534.000000,0.000000,-2.000000
76540.000000,65531.000000,1.000000,-5.000000,65534.000000,0.000000,-2.000000
76550.000000,65531.000000,0.000000,-5.000000,65534.000000,0.000000,-2.000000
76560.000000,65531.000000,0.000000,-5.000000,65534.000000,0.000000,-2.000000
76570.000000,65531.000000,0.000000,-5.000000,65534.000000,0.000000,-2.000000
76580.000000,65531.000000,0.000000,-5.000000,65534.000000,0.000000,-2.000000
76590.000000,65531.000000,0.000000,-5.000000,65534.000000,0.000000,-2.000000
76600.000000,65531.000000,0.000000,-5.000000,65534.000000,0.000000,-2.000000
76610.000000,65531.000000,0.000000,-5.000000,65534.000000,0.000000,-2.000000
76620.000000,65531.000000,0.000000,-5.000000,65534.000000,0.000000,-2.000000
76630.000000,65531.000000,0.000000,-5.000000,65534.000000,0.000000,-2.000000
76640.000000,65531.000000,0.000000,-5.000000,65534.000000,0.000000,-2.000000
76650.000000,65531.000000,0.000000,-5.000000,65534.000000,0.000000,-2.000000
76660.000000,65531.000000,0.000000,-5.000000,65534.000000,0.000000,-2.000000
76670.000000,65531.000000,0.000000,-5.000000,65534.000000,0.000000,-2.000000
76680.000000,65531.000000,0.000000,-5.000000,65534.000000,0.000000,-2.000000
76690.000000,65531.000000,0.000000,-5.000000,65534.000000,0.000000,-2.000000
76700.000000,65531.000000,0.000000,-5.000000,65534.000000,0.000000,-2.000000
76710.000000,65531.000000,0.000000,-5.000000,65534.000000,0.000000,-2.000000
76720.000000,65531.000000,0.000000,-5.000000,65534.000000,0.000000,-2.000000
76730.000000,65531.000000,0.000000,-5.000000,65534.000000,0.000000,-2.000000
76740.000000,65531.000000,0.000000,-5.000000,65534.000000,0.000000,-2.000000
76750.000000,65531.000000,0.000000,-5.000000,65534.000000,0.000000,-2.000000
76760.000000,65531.000000,0.000000,-5.000000,65534.000000,0.000000,-2.000000
76770.000000,65531.000000,0.000000,-5.000000,65534.000000,0.000000,-2.000000
76780.000000,65531.000000,0.000000,-5.000000,65534.000000,0.000000,-2.000000
76790.000000,65531.000000,0.000000,-5.000000,65534.000000,0.000000,-2.000000
76800.000000,65531.000000,0.000000,-5.000000,65534.000000,0.000000,-2.000000
76810.000000,65531.000000,0.000000,-5.000000,65534.000000,0.000000,-2.000000
76820.000000,65531.000000,0.000000,-5.000000,65534.000000,0.000000,-2.000000
76830.000000,65531.000000,0.000000,-5.000000,65534.000000,0.000000,-2.000000
76840.000000,65531.000000,0.000000,-5.000000,65534.000000,0.000000,-2.000000
76850.000000,65531.000000,0.000000,-5.000000,65534.000000,0.000000,-2.000000
76860.000000,65531.000000,0.000000,-5.000000,65534.000000,0.000000,-2.000000
76870.000000,65531.000000,0.000000,-5.000000,65534.000000,0.000000,-2.000000
76880.000000,65531.000000,0.000000,-5.000000,65534.000000,0.000000,-2.000000
76890.000000,65531.000000,0.000000,-5.000000,65534.000000,0.000000,-2.000000
76900.000000,65531.000000,0.000000,-5.000000,65534.000000,0.000000,-2.000000
76910.000000,65531.000000,0.000000,-5.000000,65534.000000,0.000000,-2.000000
76920.000000,65531.000000,0.000000,-5.000000,65534.000000,0.000000,-2.000000
76930.000000,65531.000000,0.000000,-5.000000,65534.000000,0.000000,-2.000000
76940.000000,65531.000000,0.000000,-5.000000,65534.000000,0.000000,-2.000000
76950.000000,65531.000000,0.000000,-5.000000,65534.000000,0.000000,-2.000000
76960.000000,65531.000000,0.000000,-5.000000,65534.000000,0.000000,-2.000000
76970.000000,65531.000000,0.000000,-5.000000,65534.000000,0.000000,-2.000000
76980.000000,65531.000000,0.000000,-5.000000,65534.000000,0.000000,-2.000000
76990.000000,65531.000000,0.000000,-5.000000,65534.000000,0.000000,-2.000000
77000.000000,65531.000000,0.000000,-5.000000,65534.000000,0.000000,-2.000000
77010.000000,65531.000000,0.000000,-5.000000,65534.000000,0.000000,-2.000000
77020.000000,65531.000000,0.000000,-5.000000,65534.000000,0.000000,-2.000000
77030.000000,65531.000000,0.000000,-5.000000,65534.000000,0.000000,-2.000000
77040.000000,65531.000000,0.000000,-5.000000,65534.000000,0.000000,-2.000000
77050.000000,65531.000000,0.000000,-5.000000,65534.000000,0.000000,-2.000000
77060.000000,65532.000000,1.000000,-4.000000,65534.000000,0.000000,-2.000000
77070.000000,65531.000000,-1.000000,-5.000000,65534.000000,0.000000,-2.000000
77080.000000,65532.000000,1.000000,-4.000000,65534.000000,0.000000,-2.000000
77090.000000,65531.000000,-1.000000,-5.000000,65534.000000,0.000000,-2.000000
77100.000000,65531.000000,0.000000,-5.000000,65534.000000,0.000000,-2.000000
77110.000000,65531.000000,0.000000,-5.000000,65534.000000,0.000000,-2.000000
77120.000000,65531.000000,0.000000,-5.000000,65534.000000,0.000000,-2.000000
77130.000000,65531.000000,0.000000,-5.000000,65534.000000,0.000000,-2.000000
77140.000000,65531.000000,0.000000,-5.000000,65534.000000,0.000000,-2.000000
77150.000000,65531.000000,0.000000,-5.000000,65534.000000,0.000000,-2.000000
77160.000000,65531.000000,0.000000,-5.000000,65534.000000,0.000000,-2.000000
77170.000000,65531.000000,0.000000,-5.000000,65534.000000,0.000000,-2.000000
77180.000000,65531.000000,0.000000,-5.000000,65534.000000,0.000000,-2.000000
77190.000000,65531.000000,0.000000,-5.000000,65534.000000,0.000000,-2.000000
77200.000000,65531.000000,0.000000,-5.000000,65534.000000,0.000000,-2.000000
77210.000000,65531.000000,0.000000,-5.000000,65534.000000,0.000000,-2.000000
77220.000000,65531.000000,0.000000,-5.000000,65534.000000,0.000000,-2.000000
77230.000000,65531.000000,0.000000,-5.000000,65534.000000,0.000000,-2.000000
77240.000000,65531.000000,0.000000,-5.000000,65534.000000,0.000000,-2.000000
77250.000000,65531.000000,0.000000,-5.000000,65534.000000,0.000000,-2.000000
77260.000000,65531.000000,0.000000,-5.000000,65534.000000,0.000000,-2.000000
77270.000000,65531.000000,0.000000,-5.000000,65534.000000,0.000000,-2.000000
77280.000000,65531.000000,0.000000,-5.000000,65534.000000,0.000000,-2.000000
77290.000000,65531.000000,0.000000,-5.000000,65534.000000,0.000000,-2.000000
77300.000000,65531.000000,0.000000,-5.000000,65534.000000,0.000000,-2.000000
77310.000000,65531.000000,0.000000,-5.000000,65534.000000,0.000000,-2.000000
77320.000000,65531.000000,0.000000,-5.000000,65534.000000,0.000000,-2.000000
77330.000000,65531.000000,0.000000,-5.000000,65534.000000,0.000000,-2.000000
77340.000000,65531.000000,0.000000,-5.000000,65534.000000,0.000000,-2.000000
77350.000000,65531.000000,0.000000,-5.000000,65534.000000,0.000000,-2.000000
77360.000000,65531.000000,0.000000,-5.000000,65534.000000,0.000000,-2.000000
77370.000000,65531.000000,0.000000,-5.000000,65534.000000,0.000000,-2.000000
77380.000000,65531.000000,0.000000,-5.000000,65534.000000,0.000000,-2.000000
77390.000000,65531.000000,0.000000,-5.000000,65534.000000,0.000000,-2.000000
77400.000000,65531.000000,0.000000,-5.000000,65534.000000,0.000000,-2.000000
77410.000000,65531.000000,0.000000,-5.000000,65534.000000,0.000000,-2.000000
77420.000000,65531.000000,0.000000,-5.000000,65534.000000,0.000000,-2.000000
77430.000000,65531.000000,0.000000,-5.000000,65534.000000,0.000000,-2.000000
77440.000000,65531.000000,0.000000,-5.000000,65534.000000,0.000000,-2.000000
77450.000000,65531.000000,0.000000,-5.000000,65534.000000,0.000000,-2.000000
77460.000000,65531.000000,0.000000,-5.000000,65534.000000,0.000000,-2.000000
77470.000000,65531.000000,0.000000,-5.000000,65534.000000,0.000000,-2.000000
77480.000000,65531.000000,0.000000,-5.000000,65534.000000,0.000000,-2.000000
77490.000000,65531.000000,0.000000,-5.000000,65534.000000,0.000000,-2.000000
77500.000000,65531.000000,0.000000,-5.000000,65534.000000,0.000000,-2.000000
77510.000000,65531.000000,0.000000,-5.000000,65534.000000,0.000000,-2.000000
77520.000000,65531.000000,0.000000,-5.000000,65534.000000,0.000000,-2.000000
77530.000000,65531.000000,0.000000,-5.000000,65534.000000,0.000000,-2.000000
77540.000000,65531.000000,0.000000,-5.000000,65534.000000,0.000000,-2.000000
77550.000000,65531.000000,0.000000,-5.000000,65534.000000,0.000000,-2.000000
77560.000000,65531.000000,0.000000,-5.000000,65534.000000,0.000000,-2.000000
77570.000000,65531.000000,0.000000,-5.000000,65534.000000,0.000000,-2.000000
77580.000000,65531.000000,0.000000,-5.000000,65534.000000,0.000000,-2.000000
77590.000000,65531.000000,0.000000,-5.000000,65534.000000,0.000000,-2.000000
77600.000000,65531.000000,0.000000,-5.000000,65534.000000,0.000000,-2.000000
77610.000000,65531.000000,0.000000,-5.000000,65534.000000,0.000000,-2.000000
77620.000000,65531.000000,0.000000,-5.000000,65534.000000,0.000000,-2.000000
77630.000000,65531.000000,0.000000,-5.000000,65534.000000,0.000000,-2.000000
77640.000000,65531.000000,0.000000,-5.000000,65534.000000,0.000000,-2.000000
77650.000000,65531.000000,0.000000,-5.000000,65534.000000,0.000000,-2.000000
77660.000000,65531.000000,0.000000,-5.000000,65534.000000,0.000000,-2.000000
77670.000000,65531.000000,0.000000,-5.000000,65534.000000,0.000000,-2.000000
77680.000000,65531.000000,0.000000,-5.000000,65534.000000,0.000000,-2.000000
77690.000000,65531.000000,0.000000,-5.000000,65534.000000,0.000000,-2.000000
77700.000000,65531.000000,0.000000,-5.000000,65534.000000,0.000000,-2.000000
77710.000000,65531.000000,0.000000,-5.000000,65534.000000,0.000000,-2.000000
77720.000000,65531.000000,0.000000,-5.000000,65534.000000,0.000000,-2.000000
77730.000000,65531.000000,0.000000,-5.000000,65534.000000,0.000000,-2.000000
77740.000000,65531.000000,0.000000,-5.000000,65534.000000,0.000000,-2.000000
77750.000000,65531.000000,0.000000,-5.000000,65534.000000,0.000000,-2.000000
77760.000000,65531.000000,0.000000,-5.000000,65534.000000,0.000000,-2.000000
77770.000000,65531.000000,0.000000,-5.000000,65534.000000,0.000000,-2.000000
77780.000000,65531.000000,0.000000,-5.000000,65534.000000,0.000000,-2.000000
77790.000000,65531.000000,0.000000,-5.000000,65534.000000,0.000000,-2.000000
77800.000000,65531.000000,0.000000,-5.000000,65534.000000,0.000000,-2.000000
77810.000000,65531.000000,0.000000,-5.000000,65534.000000,0.000000,-2.000000
77820.000000,65531.000000,0.000000,-5.000000,65534.000000,0.000000,-2.000000
77830.000000,65531.000000,0.000000,-5.000000,65534.000000,0.000000,-2.000000
77840.000000,65531.000000,0.000000,-5.000000,65534.000000,0.000000,-2.000000
77850.000000,65531.000000,0.000000,-5.000000,65534.000000,0.000000,-2.000000
77860.000000,65531.000000,0.000000,-5.000000,65534.000000,0.000000,-2.000000
77870.000000,65531.000000,0.000000,-5.000000,65534.000000,0.000000,-2.000000
77880.000000,65531.000000,0.000000,-5.000000,65534.000000,0.000000,-2.000000
77890.000000,65531.000000,0.000000,-5.000000,65534.000000,0.000000,-2.000000
77900.000000,65531.000000,0.000000,-5.000000,65534.000000,0.000000,-2.000000
77910.000000,65531.000000,0.000000,-5.000000,65534.000000,0.000000,-2.000000
77920.000000,65531.000000,0.000000,-5.000000,65534.000000,0.000000,-2.000000
77930.000000,65531.000000,0.000000,-5.000000,65534.000000,0.000000,-2.000000
77940.000000,65531.000000,0.000000,-5.000000,65534.000000,0.000000,-2.000000
77950.000000,65531.000000,0.000000,-5.000000,65534.000000,0.000000,-2.000000
77960.000000,65531.000000,0.000000,-5.000000,65534.000000,0.000000,-2.000000
77970.000000,65531.000000,0.000000,-5.000000,65534.000000,0.000000,-2.000000
77980.000000,65531.000000,0.000000,-5.000000,65534.000000,0.000000,-2.000000
77990.000000,65531.000000,0.000000,-5.000000,65534.000000,0.000000,-2.000000
78000.000000,65531.000000,0.000000,-5.000000,65534.000000,0.000000,-2.000000
78010.000000,65531.000000,0.000000,-5.000000,65534.000000,0.000000,-2.000000
78020.000000,65531.000000,0.000000,-5.000000,65534.000000,0.000000,-2.000000
78030.000000,65531.000000,0.000000,-5.000000,65534.000000,0.000000,-2.000000
78040.000000,65531.000000,0.000000,-5.000000,65534.000000,0.000000,-2.000000
78050.000000,65531.000000,0.000000,-5.000000,65534.000000,0.000000,-2.000000
78060.000000,65531.000000,0.000000,-5.000000,65534.000000,0.000000,-2.000000
78070.000000,65531.000000,0.000000,-5.000000,65534.000000,0.000000,-2.000000
78080.000000,65531.000000,0.000000,-5.000000,65534.000000,0.000000,-2.000000
78090.000000,65531.000000,0.000000,-5.000000,65534.000000,0.000000,-2.000000
78100.000000,65531.000000,0.000000,-5.000000,65534.000000,0.000000,-2.000000
78110.000000,65531.000000,0.000000,-5.000000,65534.000000,0.000000,-2.000000
78120.000000,65531.000000,0.000000,-5.000000,65534.000000,0.000000,-2.000000
78130.000000,65531.000000,0.000000,-5.000000,65534.000000,0.000000,-2.000000
78140.000000,65531.000000,0.000000,-5.000000,65534.000000,0.000000,-2.000000
78150.000000,65531.000000,0.000000,-5.000000,65534.000000,0.000000,-2.000000
78160.000000,65531.000000,0.000000,-5.000000,65534.000000,0.000000,-2.000000
78170.000000,65531.000000,0.000000,-5.000000,65534.000000,0.000000,-2.000000
78180.000000,65531.000000,0.000000,-5.000000,65534.000000,0.000000,-2.000000
78190.000000,65531.000000,0.000000,-5.000000,65534.000000,0.000000,-2.000000
78200.000000,65531.000000,0.000000,-5.000000,65534.000000,0.000000,-2.000000
78210.000000,65531.000000,0.000000,-5.000000,65534.000000,0.000000,-2.000000
78220.000000,65531.000000,0.000000,-5.000000,65534.000000,0.000000,-2.000000
78230.000000,65531.000000,0.000000,-5.000000,65534.000000,0.000000,-2.000000
78240.000000,65531.000000,0.000000,-5.000000,65534.000000,0.000000,-2.000000
78250.000000,65531.000000,0.000000,-5.000000,65534.000000,0.000000,-2.000000
78260.000000,65531.000000,0.000000,-5.000000,65534.000000,0.000000,-2.000000
78270.000000,65531.000000,0.000000,-5.000000,65534.000000,0.000000,-2.000000
78280.000000,65531.000000,0.000000,-5.000000,65534.000000,0.000000,-2.000000
78290.000000,65531.000000,0.000000,-5.000000,65534.000000,0.000000,-2.000000
78300.000000,65531.000000,0.000000,-5.000000,65534.000000,0.000000,-2.000000
78310.000000,65531.000000,0.000000,-5.000000,65534.000000,0.000000,-2.000000
78320.000000,65531.000000,0.000000,-5.000000,65534.000000,0.000000,-2.000000
78330.000000,65531.000000,0.000000,-5.000000,65534.000000,0.000000,-2.000000
78340.000000,65531.000000,0.000000,-5.000000,65534.000000,0.000000,-2.000000
78350.000000,65531.000000,0.000000,-5.000000,65534.000000,0.000000,-2.000000
78360.000000,65531.000000,0.000000,-5.000000,65534.000000,0.000000,-2.000000
78370.000000,65531.000000,0.000000,-5.000000,65534.000000,0.000000,-2.000000
78380.000000,65531.000000,0.000000,-5.000000,65534.000000,0.000000,-2.000000
78390.000000,65531.000000,0.000000,-5.000000,65534.000000,0.000000,-2.000000
78400.000000,65531.000000,0.000000,-5.000000,65534.000000,0.000000,-2.000000
78410.000000,65531.000000,0.000000,-5.000000,65534.000000,0.000000,-2.000000
78420.000000,65531.000000,0.000000,-5.000000,65534.000000,0.000000,-2.000000
78430.000000,65531.000000,0.000000,-5.000000,65534.000000,0.000000,-2.000000
78440.000000,65531.000000,0.000000,-5.000000,65534.000000,0.000000,-2.000000
78450.000000,65531.000000,0.000000,-5.000000,65534.000000,0.000000,-2.000000
78460.000000,65531.000000,0.000000,-5.000000,65534.000000,0.000000,-2.000000
78470.000000,65531.000000,0.000000,-5.000000,65534.000000,0.000000,-2.000000
78480.000000,65531.000000,0.000000,-5.000000,65534.000000,0.000000,-2.000000
78490.000000,65531.000000,0.000000,-5.000000,65534.000000,0.000000,-2.000000
78500.000000,65531.000000,0.000000,-5.000000,65534.000000,0.000000,-2.000000
78510.000000,65531.000000,0.000000,-5.000000,65534.000000,0.000000,-2.000000
78520.000000,65531.000000,0.000000,-5.000000,65534.000000,0.000000,-2.000000
78530.000000,65531.000000,0.000000,-5.000000,65534.000000,0.000000,-2.000000
78540.000000,65531.000000,0.000000,-5.000000,65534.000000,0.000000,-2.000000
78550.000000,65531.000000,0.000000,-5.000000,65534.000000,0.000000,-2.000000
78560.000000,65531.000000,0.000000,-5.000000,65534.000000,0.000000,-2.000000
78570.000000,65531.000000,0.000000,-5.000000,65534.000000,0.000000,-2.000000
78580.000000,65531.000000,0.000000,-5.000000,65534.000000,0.000000,-2.000000
78590.000000,65531.000000,0.000000,-5.000000,65534.000000,0.000000,-2.000000
78600.000000,65531.000000,0.000000,-5.000000,65534.000000,0.000000,-2.000000
78610.000000,65531.000000,0.000000,-5.000000,65534.000000,0.000000,-2.000000
78620.000000,65531.000000,0.000000,-5.000000,65534.000000,0.000000,-2.000000
78630.000000,65531.000000,0.000000,-5.000000,65534.000000,0.000000,-2.000000
78640.000000,65531.000000,0.000000,-5.000000,65534.000000,0.000000,-2.000000
78650.000000,65531.000000,0.000000,-5.000000,65534.000000,0.000000,-2.000000
78660.000000,65531.000000,0.000000,-5.000000,65534.000000,0.000000,-2.000000
78670.000000,65531.000000,0.000000,-5.000000,65534.000000,0.000000,-2.000000
78680.000000,65531.000000,0.000000,-5.000000,65534.000000,0.000000,-2.000000
78690.000000,65531.000000,0.000000,-5.000000,65534.000000,0.000000,-2.000000
78700.000000,65531.000000,0.000000,-5.000000,65534.000000,0.000000,-2.000000
78710.000000,65531.000000,0.000000,-5.000000,65534.000000,0.000000,-2.000000
78720.000000,65531.000000,0.000000,-5.000000,65534.000000,0.000000,-2.000000
78730.000000,65531.000000,0.000000,-5.000000,65534.000000,0.000000,-2.000000
78740.000000,65531.000000,0.000000,-5.000000,65534.000000,0.000000,-2.000000
78750.000000,65531.000000,0.000000,-5.000000,65534.000000,0.000000,-2.000000
78760.000000,65531.000000,0.000000,-5.000000,65534.000000,0.000000,-2.000000
78770.000000,65531.000000,0.000000,-5.000000,65534.000000,0.000000,-2.000000
78780.000000,65531.000000,0.000000,-5.000000,65534.000000,0.000000,-2.000000
78790.000000,65531.000000,0.000000,-5.000000,65534.000000,0.000000,-2.000000
78800.000000,65531.000000,0.000000,-5.000000,65534.000000,0.000000,-2.000000
78810.000000,65531.000000,0.000000,-5.000000,65534.000000,0.000000,-2.000000
78820.000000,65531.000000,0.000000,-5.000000,65534.000000,0.000000,-2.000000
78830.000000,65531.000000,0.000000,-5.000000,65534.000000,0.000000,-2.000000
78840.000000,65531.000000,0.000000,-5.000000,65534.000000,0.000000,-2.000000
78850.000000,65531.000000,0.000000,-5.000000,65534.000000,0.000000,-2.000000
78860.000000,65531.000000,0.000000,-5.000000,65534.000000,0.000000,-2.000000
78870.000000,65531.000000,0.000000,-5.000000,65534.000000,0.000000,-2.000000
78880.000000,65531.000000,0.000000,-5.000000,65534.000000,0.000000,-2.000000
78890.000000,65531.000000,0.000000,-5.000000,65534.000000,0.000000,-2.000000
78900.000000,65531.000000,0.000000,-5.000000,65534.000000,0.000000,-2.000000
78910.000000,65531.000000,0.000000,-5.000000,65534.000000,0.000000,-2.000000
78920.000000,65531.000000,0.000000,-5.000000,65534.000000,0.000000,-2.000000
78930.000000,65531.000000,0.000000,-5.000000,65534.000000,0.000000,-2.000000
78940.000000,65531.000000,0.000000,-5.000000,65534.000000,0.000000,-2.000000
78950.000000,65531.000000,0.000000,-5.000000,65534.000000,0.000000,-2.000000
78960.000000,65531.000000,0.000000,-5.000000,65534.000000,0.000000,-2.000000
78970.000000,65531.000000,0.000000,-5.000000,65534.000000,0.000000,-2.000000
78980.000000,65531.000000,0.000000,-5.000000,65534.000000,0.000000,-2.000000
78990.000000,65531.000000,0.000000,-5.000000,65534.000000,0.000000,-2.000000
79000.000000,65531.000000,0.000000,-5.000000,65534.000000,0.000000,-2.000000
79010.000000,65531.000000,0.000000,-5.000000,65534.000000,0.000000,-2.000000
79020.000000,65531.000000,0.000000,-5.000000,65534.000000,0.000000,-2.000000
79030.000000,65531.000000,0.000000,-5.000000,65534.000000,0.000000,-2.000000
79040.000000,65531.000000,0.000000,-5.000000,65534.000000,0.000000,-2.000000
79050.000000,65531.000000,0.000000,-5.000000,65534.000000,0.000000,-2.000000
79060.000000,65531.000000,0.000000,-5.000000,65534.000000,0.000000,-2.000000
79070.000000,65531.000000,0.000000,-5.000000,65534.000000,0.000000,-2.000000
79080.000000,65531.000000,0.000000,-5.000000,65534.000000,0.000000,-2.000000
79090.000000,65531.000000,0.000000,-5.000000,65534.000000,0.000000,-2.000000
79100.000000,65531.000000,0.000000,-5.000000,65534.000000,0.000000,-2.000000
79110.000000,65531.000000,0.000000,-5.000000,65534.000000,0.000000,-2.000000
79120.000000,65531.000000,0.000000,-5.000000,65534.000000,0.000000,-2.000000
79130.000000,65531.000000,0.000000,-5.000000,65534.000000,0.000000,-2.000000
79140.000000,65531.000000,0.000000,-5.000000,65534.000000,0.000000,-2.000000
79150.000000,65531.000000,0.000000,-5.000000,65534.000000,0.000000,-2.000000
79160.000000,65531.000000,0.000000,-5.000000,65534.000000,0.000000,-2.000000
79170.000000,65531.000000,0.000000,-5.000000,65534.000000,0.000000,-2.000000
79180.000000,65531.000000,0.000000,-5.000000,65534.000000,0.000000,-2.000000
79190.000000,65531.000000,0.000000,-5.000000,65534.000000,0.000000,-2.000000
79200.000000,65531.000000,0.000000,-5.000000,65534.000000,0.000000,-2.000000
79210.000000,65531.000000,0.000000,-5.000000,65534.000000,0.000000,-2.000000
79220.000000,65531.000000,0.000000,-5.000000,65534.000000,0.000000,-2.000000
79230.000000,65531.000000,0.000000,-5.000000,65534.000000,0.000000,-2.000000
79240.000000,65531.000000,0.000000,-5.000000,65534.000000,0.000000,-2.000000
79250.000000,65531.000000,0.000000,-5.000000,65534.000000,0.000000,-2.000000
79260.000000,65531.000000,0.000000,-5.000000,65534.000000,0.000000,-2.000000
79270.000000,65531.000000,0.000000,-5.000000,65534.000000,0.000000,-2.000000
79280.000000,65531.000000,0.000000,-5.000000,65534.000000,0.000000,-2.000000
79290.000000,65531.000000,0.000000,-5.000000,65534.000000,0.000000,-2.000000
79300.000000,65531.000000,0.000000,-5.000000,65534.000000,0.000000,-2.000000
79310.000000,65531.000000,0.000000,-5.000000,65534.000000,0.000000,-2.000000
79320.000000,65531.000000,0.000000,-5.000000,65534.000000,0.000000,-2.000000
79330.000000,65531.000000,0.000000,-5.000000,65534.000000,0.000000,-2.000000
79340.000000,65531.000000,0.000000,-5.000000,65534.000000,0.000000,-2.000000
79350.000000,65531.000000,0.000000,-5.000000,65534.000000,0.000000,-2.000000
79360.000000,65531.000000,0.000000,-5.000000,65534.000000,0.000000,-2.000000
79370.000000,65531.000000,0.000000,-5.000000,65534.000000,0.000000,-2.000000
79380.000000,65531.000000,0.000000,-5.000000,65534.000000,0.000000,-2.000000
79390.000000,65531.000000,0.000000,-5.000000,65534.000000,0.000000,-2.000000
79400.000000,65531.000000,0.000000,-5.000000,65534.000000,0.000000,-2.000000
79410.000000,65531.000000,0.000000,-5.000000,65534.000000,0.000000,-2.000000
79420.000000,65531.000000,0.000000,-5.000000,65534.000000,0.000000,-2.000000
79430.000000,65531.000000,0.000000,-5.000000,65534.000000,0.000000,-2.000000
79440.000000,65531.000000,0.000000,-5.000000,65534.000000,0.000000,-2.000000
79450.000000,65531.000000,0.000000,-5.000000,65534.000000,0.000000,-2.000000
79460.000000,65531.000000,0.000000,-5.000000,65534.000000,0.000000,-2.000000
79470.000000,65531.000000,0.000000,-5.000000,65534.000000,0.000000,-2.000000
79480.000000,65531.000000,0.000000,-5.000000,65534.000000,0.000000,-2.000000
79490.000000,65531.000000,0.000000,-5.000000,65534.000000,0.000000,-2.000000
79500.000000,65531.000000,0.000000,-5.000000,65534.000000,0.000000,-2.000000
79510.000000,65531.000000,0.000000,-5.000000,65534.000000,0.000000,-2.000000
79520.000000,65531.000000,0.000000,-5.000000,65534.000000,0.000000,-2.000000
79530.000000,65531.000000,0.000000,-5.000000,65534.000000,0.000000,-2.000000
79540.000000,65531.000000,0.000000,-5.000000,65534.000000,0.000000,-2.000000
79550.000000,65531.000000,0.000000,-5.000000,65534.000000,0.000000,-2.000000
79560.000000,65531.000000,0.000000,-5.000000,65534.000000,0.000000,-2.000000
79570.000000,65531.000000,0.000000,-5.000000,65534.000000,0.000000,-2.000000
79580.000000,65531.000000,0.000000,-5.000000,65534.000000,0.000000,-2.000000
79590.000000,65531.000000,0.000000,-5.000000,65534.000000,0.000000,-2.000000
79600.000000,65531.000000,0.000000,-5.000000,65534.000000,0.000000,-2.000000
79610.000000,65531.000000,0.000000,-5.000000,65534.000000,0.000000,-2.000000
79620.000000,65531.000000,0.000000,-5.000000,65534.000000,0.000000,-2.000000
79630.000000,65531.000000,0.000000,-5.000000,65534.000000,0.000000,-2.000000
79640.000000,65531.000000,0.000000,-5.000000,65534.000000,0.000000,-2.000000
79650.000000,65531.000000,0.000000,-5.000000,65534.000000,0.000000,-2.000000
79660.000000,65531.000000,0.000000,-5.000000,65534.000000,0.000000,-2.000000
79670.000000,65531.000000,0.000000,-5.000000,65534.000000,0.000000,-2.000000
79680.000000,65531.000000,0.000000,-5.000000,65534.000000,0.000000,-2.000000
79690.000000,65531.000000,0.000000,-5.000000,65534.000000,0.000000,-2.000000
79700.000000,65531.000000,0.000000,-5.000000,65534.000000,0.000000,-2.000000
79710.000000,65531.000000,0.000000,-5.000000,65534.000000,0.000000,-2.000000
79720.000000,65531.000000,0.000000,-5.000000,65534.000000,0.000000,-2.000000
79730.000000,65531.000000,0.000000,-5.000000,65534.000000,0.000000,-2.000000
79740.000000,65531.000000,0.000000,-5.000000,65534.000000,0.000000,-2.000000
79750.000000,65531.000000,0.000000,-5.000000,65534.000000,0.000000,-2.000000
79760.000000,65531.000000,0.000000,-5.000000,65534.000000,0.000000,-2.000000
79770.000000,65531.000000,0.000000,-5.000000,65534.000000,0.000000,-2.000000
79780.000000,65531.000000,0.000000,-5.000000,65534.000000,0.000000,-2.000000
79790.000000,65531.000000,0.000000,-5.000000,65534.000000,0.000000,-2.000000
79800.000000,65531.000000,0.000000,-5.000000,65534.000000,0.000000,-2.000000
79810.000000,65531.000000,0.000000,-5.000000,65534.000000,0.000000,-2.000000
79820.000000,65531.000000,0.000000,-5.000000,65534.000000,0.000000,-2.000000
79830.000000,65531.000000,0.000000,-5.000000,65534.000000,0.000000,-2.000000
79840.000000,65531.000000,0.000000,-5.000000,65534.000000,0.000000,-2.000000
79850.000000,65531.000000,0.000000,-5.000000,65534.000000,0.000000,-2.000000
79860.000000,65531.000000,0.000000,-5.000000,65534.000000,0.000000,-2.000000
79870.000000,65531.000000,0.000000,-5.000000,65534.000000,0.000000,-2.000000
79880.000000,65531.000000,0.000000,-5.000000,65534.000000,0.000000,-2.000000
79890.000000,65531.000000,0.000000,-5.000000,65534.000000,0.000000,-2.000000
79900.000000,65531.000000,0.000000,-5.000000,65534.000000,0.000000,-2.000000
79910.000000,65531.000000,0.000000,-5.000000,65534.000000,0.000000,-2.000000
79920.000000,65531.000000,0.000000,-5.000000,65534.000000,0.000000,-2.000000
79930.000000,65531.000000,0.000000,-5.000000,65534.000000,0.000000,-2.000000
79940.000000,65531.000000,0.000000,-5.000000,65534.000000,0.000000,-2.000000
79950.000000,65531.000000,0.000000,-5.000000,65534.000000,0.000000,-2.000000
79960.000000,65531.000000,0.000000,-5.000000,65534.000000,0.000000,-2.000000
79970.000000,65531.000000,0.000000,-5.000000,65534.000000,0.000000,-2.000000
79980.000000,65531.000000,0.000000,-5.000000,65534.000000,0.000000,-2.000000
79990.000000,65531.000000,0.000000,-5.000000,65534.000000,0.000000,-2.000000
80000.000000,65531.000000,0.000000,-5.000000,65534.000000,0.000000,-2.000000
80010.000000,65531.000000,0.000000,-5.000000,65534.000000,0.000000,-2.000000
80020.000000,65531.000000,0.000000,-5.000000,65534.000000,0.000000,-2.000000
80030.000000,65531.000000,0.000000,-5.000000,65534.000000,0.000000,-2.000000
80040.000000,65531.000000,0.000000,-5.000000,65534.000000,0.000000,-2.000000
80050.000000,65531.000000,0.000000,-5.000000,65534.000000,0.000000,-2.000000
80060.000000,65531.000000,0.000000,-5.000000,65534.000000,0.000000,-2.000000
80070.000000,65531.000000,0.000000,-5.000000,65534.000000,0.000000,-2.000000
80080.000000,65531.000000,0.000000,-5.000000,65534.000000,0.000000,-2.000000
80090.000000,65531.000000,0.000000,-5.000000,65534.000000,0.000000,-2.000000
80100.000000,65531.000000,0.000000,-5.000000,65534.000000,0.000000,-2.000000
80110.000000,65531.000000,0.000000,-5.000000,65534.000000,0.000000,-2.000000
80120.000000,65531.000000,0.000000,-5.000000,65534.000000,0.000000,-2.000000
80130.000000,65531.000000,0.000000,-5.000000,65534.000000,0.000000,-2.000000
80140.000000,65531.000000,0.000000,-5.000000,65534.000000,0.000000,-2.000000
80150.000000,65531.000000,0.000000,-5.000000,65534.000000,0.000000,-2.000000
80160.000000,65531.000000,0.000000,-5.000000,65534.000000,0.000000,-2.000000
80170.000000,65531.000000,0.000000,-5.000000,65534.000000,0.000000,-2.000000
80180.000000,65531.000000,0.000000,-5.000000,65534.000000,0.000000,-2.000000
80190.000000,65531.000000,0.000000,-5.000000,65534.000000,0.000000,-2.000000
80200.000000,65531.000000,0.000000,-5.000000,65534.000000,0.000000,-2.000000
80210.000000,65531.000000,0.000000,-5.000000,65534.000000,0.000000,-2.000000
80220.000000,65531.000000,0.000000,-5.000000,65534.000000,0.000000,-2.000000
80230.000000,65531.000000,0.000000,-5.000000,65534.000000,0.000000,-2.000000
80240.000000,65531.000000,0.000000,-5.000000,65534.000000,0.000000,-2.000000
80250.000000,65531.000000,0.000000,-5.000000,65534.000000,0.000000,-2.000000
80260.000000,65531.000000,0.000000,-5.000000,65534.000000,0.000000,-2.000000
80270.000000,65531.000000,0.000000,-5.000000,65534.000000,0.000000,-2.000000
80280.000000,65531.000000,0.000000,-5.000000,65534.000000,0.000000,-2.000000
80290.000000,65531.000000,0.000000,-5.000000,65534.000000,0.000000,-2.000000
80300.000000,65531.000000,0.000000,-5.000000,65534.000000,0.000000,-2.000000
80310.000000,65531.000000,0.000000,-5.000000,65534.000000,0.000000,-2.000000
80320.000000,65531.000000,0.000000,-5.000000,65534.000000,0.000000,-2.000000
80330.000000,65531.000000,0.000000,-5.000000,65534.000000,0.000000,-2.000000
80340.000000,65531.000000,0.000000,-5.000000,65534.000000,0.000000,-2.000000
80350.000000,65531.000000,0.000000,-5.000000,65534.000000,0.000000,-2.000000
80360.000000,65531.000000,0.000000,-5.000000,65534.000000,0.000000,-2.000000
80370.000000,65531.000000,0.000000,-5.000000,65534.000000,0.000000,-2.000000
80380.000000,65531.000000,0.000000,-5.000000,65534.000000,0.000000,-2.000000
80390.000000,65531.000000,0.000000,-5.000000,65534.000000,0.000000,-2.000000
80400.000000,65531.000000,0.000000,-5.000000,65534.000000,0.000000,-2.000000
80410.000000,65531.000000,0.000000,-5.000000,65534.000000,0.000000,-2.000000
80420.000000,65531.000000,0.000000,-5.000000,65534.000000,0.000000,-2.000000
80430.000000,65531.000000,0.000000,-5.000000,65534.000000,0.000000,-2.000000
80440.000000,65531.000000,0.000000,-5.000000,65534.000000,0.000000,-2.000000
80450.000000,65531.000000,0.000000,-5.000000,65534.000000,0.000000,-2.000000
80460.000000,65531.000000,0.000000,-5.000000,65534.000000,0.000000,-2.000000
80470.000000,65531.000000,0.000000,-5.000000,65534.000000,0.000000,-2.000000
80480.000000,65531.000000,0.000000,-5.000000,65534.000000,0.000000,-2.000000
80490.000000,65531.000000,0.000000,-5.000000,65534.000000,0.000000,-2.000000
80500.000000,65531.000000,0.000000,-5.000000,65534.000000,0.000000,-2.000000
80510.000000,65531.000000,0.000000,-5.000000,65534.000000,0.000000,-2.000000
80520.000000,65531.000000,0.000000,-5.000000,65534.000000,0.000000,-2.000000
80530.000000,65531.000000,0.000000,-5.000000,65534.000000,0.000000,-2.000000
80540.000000,65531.000000,0.000000,-5.000000,65534.000000,0.000000,-2.000000
80550.000000,65531.000000,0.000000,-5.000000,65534.000000,0.000000,-2.000000
80560.000000,65531.000000,0.000000,-5.000000,65534.000000,0.000000,-2.000000
80570.000000,65531.000000,0.000000,-5.000000,65534.000000,0.000000,-2.000000
80580.000000,65531.000000,0.000000,-5.000000,65534.000000,0.000000,-2.000000
80590.000000,65531.000000,0.000000,-5.000000,65534.000000,0.000000,-2.000000
80600.000000,65531.000000,0.000000,-5.000000,65534.000000,0.000000,-2.000000
80610.000000,65531.000000,0.000000,-5.000000,65534.000000,0.000000,-2.000000
80620.000000,65531.000000,0.000000,-5.000000,65534.000000,0.000000,-2.000000
80630.000000,65531.000000,0.000000,-5.000000,65534.000000,0.000000,-2.000000
80640.000000,65531.000000,0.000000,-5.000000,65534.000000,0.000000,-2.000000
80650.000000,65531.000000,0.000000,-5.000000,65534.000000,0.000000,-2.000000
80660.000000,65531.000000,0.000000,-5.000000,65534.000000,0.000000,-2.000000
80670.000000,65531.000000,0.000000,-5.000000,65534.000000,0.000000,-2.000000
80680.000000,65531.000000,0.000000,-5.000000,65534.000000,0.000000,-2.000000
80690.000000,65531.000000,0.000000,-5.000000,65534.000000,0.000000,-2.000000
80700.000000,65531.000000,0.000000,-5.000000,65534.000000,0.000000,-2.000000
80710.000000,65531.000000,0.000000,-5.000000,65534.000000,0.000000,-2.000000
80720.000000,65531.000000,0.000000,-5.000000,65534.000000,0.000000,-2.000000
80730.000000,65531.000000,0.000000,-5.000000,65534.000000,0.000000,-2.000000
80740.000000,65531.000000,0.000000,-5.000000,65534.000000,0.000000,-2.000000
80750.000000,65531.000000,0.000000,-5.000000,65534.000000,0.000000,-2.000000
80760.000000,65531.000000,0.000000,-5.000000,65534.000000,0.000000,-2.000000
80770.000000,65531.000000,0.000000,-5.000000,65534.000000,0.000000,-2.000000
80780.000000,65531.000000,0.000000,-5.000000,65534.000000,0.000000,-2.000000
80790.000000,65531.000000,0.000000,-5.000000,65534.000000,0.000000,-2.000000
80800.000000,65531.000000,0.000000,-5.000000,65534.000000,0.000000,-2.000000
80810.000000,65531.000000,0.000000,-5.000000,65534.000000,0.000000,-2.000000
80820.000000,65531.000000,0.000000,-5.000000,65534.000000,0.000000,-2.000000
80830.000000,65531.000000,0.000000,-5.000000,65534.000000,0.000000,-2.000000
15360.000000,1.000000,0.000000,1.000000,0.000000,0.000000,0.000000
15370.000000,1.000000,0.000000,1.000000,0.000000,0.000000,0.000000
15380.000000,1.000000,0.000000,1.000000,0.000000,0.000000,0.000000
15390.000000,1.000000,0.000000,1.000000,0.000000,0.000000,0.000000
15400.000000,1.000000,0.000000,1.000000,0.000000,0.000000,0.000000
15410.000000,1.000000,0.000000,1.000000,0.000000,0.000000,0.000000
15420.000000,1.000000,0.000000,1.000000,0.000000,0.000000,0.000000
15430.000000,1.000000,0.000000,1.000000,0.000000,0.000000,0.000000
15440.000000,1.000000,0.000000,1.000000,0.000000,0.000000,0.000000
15450.000000,1.000000,0.000000,1.000000,0.000000,0.000000,0.000000
15460.000000,1.000000,0.000000,1.000000,0.000000,0.000000,0.000000
15470.000000,1.000000,0.000000,1.000000,0.000000,0.000000,0.000000
15480.000000,1.000000,0.000000,1.000000,0.000000,0.000000,0.000000
15490.000000,1.000000,0.000000,1.000000,0.000000,0.000000,0.000000
15500.000000,1.000000,0.000000,1.000000,0.000000,0.000000,0.000000
15510.000000,1.000000,0.000000,1.000000,0.000000,0.000000,0.000000
15520.000000,1.000000,0.000000,1.000000,0.000000,0.000000,0.000000
15530.000000,1.000000,0.000000,1.000000,0.000000,0.000000,0.000000
15540.000000,1.000000,0.000000,1.000000,0.000000,0.000000,0.000000
15550.000000,1.000000,0.000000,1.000000,0.000000,0.000000,0.000000
15560.000000,1.000000,0.000000,1.000000,0.000000,0.000000,0.000000
15570.000000,1.000000,0.000000,1.000000,0.000000,0.000000,0.000000
15580.000000,1.000000,0.000000,1.000000,0.000000,0.000000,0.000000
15590.000000,1.000000,0.000000,1.000000,0.000000,0.000000,0.000000
15600.000000,1.000000,0.000000,1.000000,0.000000,0.000000,0.000000
15610.000000,1.000000,0.000000,1.000000,0.000000,0.000000,0.000000
15620.000000,1.000000,0.000000,1.000000,0.000000,0.000000,0.000000
15630.000000,1.000000,0.000000,1.000000,0.000000,0.000000,0.000000
15640.000000,1.000000,0.000000,1.000000,0.000000,0.000000,0.000000
15650.000000,1.000000,0.000000,1.000000,0.000000,0.000000,0.000000
15660.000000,1.000000,0.000000,1.000000,0.000000,0.000000,0.000000
15670.000000,1.000000,0.000000,1.000000,0.000000,0.000000,0.000000
15680.000000,1.000000,0.000000,1.000000,0.000000,0.000000,0.000000
15690.000000,1.000000,0.000000,1.000000,0.000000,0.000000,0.000000
15700.000000,1.000000,0.000000,1.000000,0.000000,0.000000,0.000000
15710.000000,1.000000,0.000000,1.000000,0.000000,0.000000,0.000000
15720.000000,1.000000,0.000000,1.000000,0.000000,0.000000,0.000000
15730.000000,1.000000,0.000000,1.000000,0.000000,0.000000,0.000000
15740.000000,1.000000,0.000000,1.000000,0.000000,0.000000,0.000000
15750.000000,1.000000,0.000000,1.000000,0.000000,0.000000,0.000000
15760.000000,1.000000,0.000000,1.000000,0.000000,0.000000,0.000000
15770.000000,1.000000,0.000000,1.000000,0.000000,0.000000,0.000000
15780.000000,1.000000,0.000000,1.000000,0.000000,0.000000,0.000000
15790.000000,1.000000,0.000000,1.000000,0.000000,0.000000,0.000000
15800.000000,1.000000,0.000000,1.000000,0.000000,0.000000,0.000000
15810.000000,1.000000,0.000000,1.000000,0.000000,0.000000,0.000000
15820.000000,1.000000,0.000000,1.000000,0.000000,0.000000,0.000000
15830.000000,1.000000,0.000000,1.000000,0.000000,0.000000,0.000000
15840.000000,1.000000,0.000000,1.000000,0.000000,0.000000,0.000000
15850.000000,1.000000,0.000000,1.000000,0.000000,0.000000,0.000000
15860.000000,1.000000,0.000000,1.000000,0.000000,0.000000,0.000000
15870.000000,1.000000,0.000000,1.000000,0.000000,0.000000,0.000000
15880.000000,1.000000,0.000000,1.000000,0.000000,0.000000,0.000000
15890.000000,1.000000,0.000000,1.000000,0.000000,0.000000,0.000000
15900.000000,1.000000,0.000000,1.000000,0.000000,0.000000,0.000000
15910.000000,1.000000,0.000000,1.000000,0.000000,0.000000,0.000000
15920.000000,1.000000,0.000000,1.000000,0.000000,0.000000,0.000000
15930.000000,1.000000,0.000000,1.000000,0.000000,0.000000,0.000000
15940.000000,1.000000,0.000000,1.000000,0.000000,0.000000,0.000000
15950.000000,1.000000,0.000000,1.000000,0.000000,0.000000,0.000000
15960.000000,1.000000,0.000000,1.000000,0.000000,0.000000,0.000000
15970.000000,1.000000,0.000000,1.000000,0.000000,0.000000,0.000000
15980.000000,1.000000,0.000000,1.000000,0.000000,0.000000,0.000000
15990.000000,1.000000,0.000000,1.000000,0.000000,0.000000,0.000000
16000.000000,1.000000,0.000000,1.000000,0.000000,0.000000,0.000000
16010.000000,1.000000,0.000000,1.000000,0.000000,0.000000,0.000000
16020.000000,1.000000,0.000000,1.000000,0.000000,0.000000,0.000000
16030.000000,1.000000,0.000000,1.000000,0.000000,0.000000,0.000000
16040.000000,1.000000,0.000000,1.000000,0.000000,0.000000,0.000000
16050.000000,1.000000,0.000000,1.000000,0.000000,0.000000,0.000000
16060.000000,1.000000,0.000000,1.000000,0.000000,0.000000,0.000000
16070.000000,1.000000,0.000000,1.000000,0.000000,0.000000,0.000000
16080.000000,1.000000,0.000000,1.000000,0.000000,0.000000,0.000000
16090.000000,1.000000,0.000000,1.000000,0.000000,0.000000,0.000000
16100.000000,1.000000,0.000000,1.000000,0.000000,0.000000,0.000000
16110.000000,1.000000,0.000000,1.000000,0.000000,0.000000,0.000000
16120.000000,1.000000,0.000000,1.000000,0.000000,0.000000,0.000000
16130.000000,1.000000,0.000000,1.000000,0.000000,0.000000,0.000000
16140.000000,1.000000,0.000000,1.000000,0.000000,0.000000,0.000000
16150.000000,1.000000,0.000000,1.000000,0.000000,0.000000,0.000000
16160.000000,1.000000,0.000000,1.000000,0.000000,0.000000,0.000000
16170.000000,1.000000,0.000000,1.000000,0.000000,0.000000,0.000000
16180.000000,1.000000,0.000000,1.000000,0.000000,0.000000,0.000000
16190.000000,1.000000,0.000000,1.000000,0.000000,0.000000,0.000000
16200.000000,1.000000,0.000000,1.000000,0.000000,0.000000,0.000000
16210.000000,1.000000,0.000000,1.000000,0.000000,0.000000,0.000000
16220.000000,1.000000,0.000000,1.000000,0.000000,0.000000,0.000000
16230.000000,1.000000,0.000000,1.000000,0.000000,0.000000,0.000000
16240.000000,1.000000,0.000000,1.000000,0.000000,0.000000,0.000000
16250.000000,1.000000,0.000000,1.000000,0.000000,0.000000,0.000000
16260.000000,1.000000,0.000000,1.000000,0.000000,0.000000,0.000000
16270.000000,1.000000,0.000000,1.000000,0.000000,0.000000,0.000000
16280.000000,1.000000,0.000000,1.000000,0.000000,0.000000,0.000000
16290.000000,1.000000,0.000000,1.000000,0.000000,0.000000,0.000000
16300.000000,1.000000,0.000000,1.000000,0.000000,0.000000,0.000000
16310.000000,1.000000,0.000000,1.000000,0.000000,0.000000,0.000000
16320.000000,1.000000,0.000000,1.000000,0.000000,0.000000,0.000000
16330.000000,1.000000,0.000000,1.000000,0.000000,0.000000,0.000000
16340.000000,1.000000,0.000000,1.000000,0.000000,0.000000,0.000000
16350.000000,1.000000,0.000000,1.000000,0.000000,0.000000,0.000000
16360.000000,1.000000,0.000000,1.000000,0.000000,0.000000,0.000000
16370.000000,1.000000,0.000000,1.000000,0.000000,0.000000,0.000000
16380.000000,1.000000,0.000000,1.000000,0.000000,0.000000,0.000000
16390.000000,1.000000,0.000000,1.000000,0.000000,0.000000,0.000000
16400.000000,1.000000,0.000000,1.000000,0.000000,0.000000,0.000000
16410.000000,1.000000,0.000000,1.000000,0.000000,0.000000,0.000000
16420.000000,1.000000,0.000000,1.000000,0.000000,0.000000,0.000000
16430.000000,1.000000,0.000000,1.000000,0.000000,0.000000,0.000000
16440.000000,1.000000,0.000000,1.000000,0.000000,0.000000,0.000000
16450.000000,1.000000,0.000000,1.000000,0.000000,0.000000,0.000000
16460.000000,1.000000,0.000000,1.000000,0.000000,0.000000,0.000000
16470.000000,1.000000,0.000000,1.000000,0.000000,0.000000,0.000000
16480.000000,1.000000,0.000000,1.000000,0.000000,0.000000,0.000000
16490.000000,1.000000,0.000000,1.000000,0.000000,0.000000,0.000000
16500.000000,1.000000,0.000000,1.000000,0.000000,0.000000,0.000000
16510.000000,1.000000,0.000000,1.000000,0.000000,0.000000,0.000000
16520.000000,1.000000,0.000000,1.000000,0.000000,0.000000,0.000000
16530.000000,1.000000,0.000000,1.000000,0.000000,0.000000,0.000000
16540.000000,1.000000,0.000000,1.000000,0.000000,0.000000,0.000000
16550.000000,1.000000,0.000000,1.000000,0.000000,0.000000,0.000000
16560.000000,1.000000,0.000000,1.000000,0.000000,0.000000,0.000000
16570.000000,1.000000,0.000000,1.000000,0.000000,0.000000,0.000000
16580.000000,1.000000,0.000000,1.000000,0.000000,0.000000,0.000000
16590.000000,1.000000,0.000000,1.000000,0.000000,0.000000,0.000000
16600.000000,1.000000,0.000000,1.000000,0.000000,0.000000,0.000000
16610.000000,1.000000,0.000000,1.000000,0.000000,0.000000,0.000000
16620.000000,1.000000,0.000000,1.000000,0.000000,0.000000,0.000000
16630.000000,1.000000,0.000000,1.000000,0.000000,0.000000,0.000000
16640.000000,1.000000,0.000000,1.000000,0.000000,0.000000,0.000000
16650.000000,1.000000,0.000000,1.000000,0.000000,0.000000,0.000000
16660.000000,1.000000,0.000000,1.000000,0.000000,0.000000,0.000000
16670.000000,1.000000,0.000000,1.000000,0.000000,0.000000,0.000000
16680.000000,1.000000,0.000000,1.000000,0.000000,0.000000,0.000000
16690.000000,1.000000,0.000000,1.000000,0.000000,0.000000,0.000000
16700.000000,1.000000,0.000000,1.000000,0.000000,0.000000,0.000000
16710.000000,1.000000,0.000000,1.000000,0.000000,0.000000,0.000000
16720.000000,1.000000,0.000000,1.000000,0.000000,0.000000,0.000000
16730.000000,1.000000,0.000000,1.000000,0.000000,0.000000,0.000000
16740.000000,1.000000,0.000000,1.000000,0.000000,0.000000,0.000000
16750.000000,1.000000,0.000000,1.000000,0.000000,0.000000,0.000000
16760.000000,1.000000,0.000000,1.000000,0.000000,0.000000,0.000000
16770.000000,1.000000,0.000000,1.000000,0.000000,0.000000,0.000000
16780.000000,1.000000,0.000000,1.000000,0.000000,0.000000,0.000000
16790.000000,1.000000,0.000000,1.000000,0.000000,0.000000,0.000000
16800.000000,1.000000,0.000000,1.000000,0.000000,0.000000,0.000000
16810.000000,1.000000,0.000000,1.000000,0.000000,0.000000,0.000000
16820.000000,1.000000,0.000000,1.000000,0.000000,0.000000,0.000000
16830.000000,1.000000,0.000000,1.000000,0.000000,0.000000,0.000000
16840.000000,1.000000,0.000000,1.000000,0.000000,0.000000,0.000000
16850.000000,1.000000,0.000000,1.000000,0.000000,0.000000,0.000000
16860.000000,1.000000,0.000000,1.000000,0.000000,0.000000,0.000000
16870.000000,1.000000,0.000000,1.000000,0.000000,0.000000,0.000000
16880.000000,1.000000,0.000000,1.000000,0.000000,0.000000,0.000000
16890.000000,1.000000,0.000000,1.000000,0.000000,0.000000,0.000000
16900.000000,1.000000,0.000000,1.000000,0.000000,0.000000,0.000000
16910.000000,1.000000,0.000000,1.000000,0.000000,0.000000,0.000000
16920.000000,1.000000,0.000000,1.000000,0.000000,0.000000,0.000000
16930.000000,1.000000,0.000000,1.000000,0.000000,0.000000,0.000000
16940.000000,1.000000,0.000000,1.000000,0.000000,0.000000,0.000000
16950.000000,1.000000,0.000000,1.000000,0.000000,0.000000,0.000000
16960.000000,1.000000,0.000000,1.000000,0.000000,0.000000,0.000000
16970.000000,1.000000,0.000000,1.000000,0.000000,0.000000,0.000000
16980.000000,1.000000,0.000000,1.000000,0.000000,0.000000,0.000000
16990.000000,1.000000,0.000000,1.000000,0.000000,0.000000,0.000000
17000.000000,1.000000,0.000000,1.000000,0.000000,0.000000,0.000000
17010.000000,1.000000,0.000000,1.000000,0.000000,0.000000,0.000000
17020.000000,1.000000,0.000000,1.000000,0.000000,0.000000,0.000000
17030.000000,1.000000,0.000000,1.000000,0.000000,0.000000,0.000000
17040.000000,1.000000,0.000000,1.000000,0.000000,0.000000,0.000000
17050.000000,1.000000,0.000000,1.000000,0.000000,0.000000,0.000000
17060.000000,1.000000,0.000000,1.000000,0.000000,0.000000,0.000000
17070.000000,1.000000,0.000000,1.000000,0.000000,0.000000,0.000000
17080.000000,1.000000,0.000000,1.000000,0.000000,0.000000,0.000000
17090.000000,1.000000,0.000000,1.000000,0.000000,0.000000,0.000000
17100.000000,1.000000,0.000000,1.000000,0.000000,0.000000,0.000000
17110.000000,1.000000,0.000000,1.000000,0.000000,0.000000,0.000000
17120.000000,1.000000,0.000000,1.000000,0.000000,0.000000,0.000000
17130.000000,1.000000,0.000000,1.000000,0.000000,0.000000,0.000000
17140.000000,1.000000,0.000000,1.000000,0.000000,0.000000,0.000000
17150.000000,1.000000,0.000000,1.000000,0.000000,0.000000,0.000000
17160.000000,1.000000,0.000000,1.000000,0.000000,0.000000,0.000000
17170.000000,1.000000,0.000000,1.000000,0.000000,0.000000,0.000000
17180.000000,1.000000,0.000000,1.000000,0.000000,0.000000,0.000000
17190.000000,1.000000,0.000000,1.000000,0.000000,0.000000,0.000000
17200.000000,1.000000,0.000000,1.000000,0.000000,0.000000,0.000000
17210.000000,1.000000,0.000000,1.000000,0.000000,0.000000,0.000000
17220.000000,1.000000,0.000000,1.000000,0.000000,0.000000,0.000000
17230.000000,1.000000,0.000000,1.000000,0.000000,0.000000,0.000000
17240.000000,1.000000,0.000000,1.000000,0.000000,0.000000,0.000000
17250.000000,1.000000,0.000000,1.000000,0.000000,0.000000,0.000000
17260.000000,1.000000,0.000000,1.000000,0.000000,0.000000,0.000000
17270.000000,1.000000,0.000000,1.000000,0.000000,0.000000,0.000000
17280.000000,1.000000,0.000000,1.000000,0.000000,0.000000,0.000000
17290.000000,1.000000,0.000000,1.000000,0.000000,0.000000,0.000000
17300.000000,1.000000,0.000000,1.000000,0.000000,0.000000,0.000000
17310.000000,1.000000,0.000000,1.000000,0.000000,0.000000,0.000000
17320.000000,1.000000,0.000000,1.000000,0.000000,0.000000,0.000000
17330.000000,1.000000,0.000000,1.000000,0.000000,0.000000,0.000000
17340.000000,1.000000,0.000000,1.000000,0.000000,0.000000,0.000000
17350.000000,1.000000,0.000000,1.000000,0.000000,0.000000,0.000000
17360.000000,1.000000,0.000000,1.000000,0.000000,0.000000,0.000000
17370.000000,1.000000,0.000000,1.000000,0.000000,0.000000,0.000000
17380.000000,1.000000,0.000000,1.000000,0.000000,0.000000,0.000000
17390.000000,1.000000,0.000000,1.000000,0.000000,0.000000,0.000000
17400.000000,1.000000,0.000000,1.000000,0.000000,0.000000,0.000000
17410.000000,1.000000,0.000000,1.000000,0.000000,0.000000,0.000000
17420.000000,1.000000,0.000000,1.000000,0.000000,0.000000,0.000000
17430.000000,1.000000,0.000000,1.000000,0.000000,0.000000,0.000000
17440.000000,1.000000,0.000000,1.000000,0.000000,0.000000,0.000000
17450.000000,1.000000,0.000000,1.000000,0.000000,0.000000,0.000000
17460.000000,1.000000,0.000000,1.000000,0.000000,0.000000,0.000000
17470.000000,1.000000,0.000000,1.000000,0.000000,0.000000,0.000000
17480.000000,1.000000,0.000000,1.000000,0.000000,0.000000,0.000000
17490.000000,1.000000,0.000000,1.000000,0.000000,0.000000,0.000000
17500.000000,1.000000,0.000000,1.000000,0.000000,0.000000,0.000000
17510.000000,1.000000,0.000000,1.000000,0.000000,0.000000,0.000000
17520.000000,1.000000,0.000000,1.000000,0.000000,0.000000,0.000000
17530.000000,1.000000,0.000000,1.000000,0.000000,0.000000,0.000000
17540.000000,1.000000,0.000000,1.000000,0.000000,0.000000,0.000000
17550.000000,1.000000,0.000000,1.000000,0.000000,0.000000,0.000000
17560.000000,1.000000,0.000000,1.000000,0.000000,0.000000,0.000000
17570.000000,1.000000,0.000000,1.000000,0.000000,0.000000,0.000000
17580.000000,1.000000,0.000000,1.000000,0.000000,0.000000,0.000000
17590.000000,1.000000,0.000000,1.000000,0.000000,0.000000,0.000000
17600.000000,1.000000,0.000000,1.000000,0.000000,0.000000,0.000000
17610.000000,1.000000,0.000000,1.000000,0.000000,0.000000,0.000000
17620.000000,1.000000,0.000000,1.000000,0.000000,0.000000,0.000000
17630.000000,1.000000,0.000000,1.000000,0.000000,0.000000,0.000000
17640.000000,1.000000,0.000000,1.000000,0.000000,0.000000,0.000000
17650.000000,1.000000,0.000000,1.000000,0.000000,0.000000,0.000000
17660.000000,1.000000,0.000000,1.000000,0.000000,0.000000,0.000000
17670.000000,1.000000,0.000000,1.000000,0.000000,0.000000,0.000000
17680.000000,1.000000,0.000000,1.000000,0.000000,0.000000,0.000000
17690.000000,1.000000,0.000000,1.000000,0.000000,0.000000,0.000000
17700.000000,1.000000,0.000000,1.000000,0.000000,0.000000,0.000000
17710.000000,1.000000,0.000000,1.000000,0.000000,0.000000,0.000000
17720.000000,1.000000,0.000000,1.000000,0.000000,0.000000,0.000000
17730.000000,1.000000,0.000000,1.000000,0.000000,0.000000,0.000000
17740.000000,1.000000,0.000000,1.000000,0.000000,0.000000,0.000000
17750.000000,1.000000,0.000000,1.000000,0.000000,0.000000,0.000000
17760.000000,1.000000,0.000000,1.000000,0.000000,0.000000,0.000000
17770.000000,1.000000,0.000000,1.000000,0.000000,0.000000,0.000000
17780.000000,1.000000,0.000000,1.000000,0.000000,0.000000,0.000000
17790.000000,1.000000,0.000000,1.000000,0.000000,0.000000,0.000000
17800.000000,1.000000,0.000000,1.000000,0.000000,0.000000,0.000000
17810.000000,1.000000,0.000000,1.000000,0.000000,0.000000,0.000000
17820.000000,1.000000,0.000000,1.000000,0.000000,0.000000,0.000000
17830.000000,1.000000,0.000000,1.000000,0.000000,0.000000,0.000000
17840.000000,1.000000,0.000000,1.000000,0.000000,0.000000,0.000000
17850.000000,1.000000,0.000000,1.000000,0.000000,0.000000,0.000000
17860.000000,1.000000,0.000000,1.000000,0.000000,0.000000,0.000000
17870.000000,1.000000,0.000000,1.000000,0.000000,0.000000,0.000000
17880.000000,1.000000,0.000000,1.000000,0.000000,0.000000,0.000000
17890.000000,1.000000,0.000000,1.000000,0.000000,0.000000,0.000000
17900.000000,1.000000,0.000000,1.000000,0.000000,0.000000,0.000000
17910.000000,1.000000,0.000000,1.000000,0.000000,0.000000,0.000000
17920.000000,1.000000,0.000000,1.000000,0.000000,0.000000,0.000000
17930.000000,1.000000,0.000000,1.000000,0.000000,0.000000,0.000000
17940.000000,1.000000,0.000000,1.000000,0.000000,0.000000,0.000000
17950.000000,1.000000,0.000000,1.000000,0.000000,0.000000,0.000000
17960.000000,1.000000,0.000000,1.000000,0.000000,0.000000,0.000000
17970.000000,1.000000,0.000000,1.000000,0.000000,0.000000,0.000000
17980.000000,1.000000,0.000000,1.000000,0.000000,0.000000,0.000000
17990.000000,1.000000,0.000000,1.000000,0.000000,0.000000,0.000000
18000.000000,1.000000,0.000000,1.000000,0.000000,0.000000,0.000000
18010.000000,1.000000,0.000000,1.000000,0.000000,0.000000,0.000000
18020.000000,1.000000,0.000000,1.000000,0.000000,0.000000,0.000000
18030.000000,1.000000,0.000000,1.000000,0.000000,0.000000,0.000000
18040.000000,1.000000,0.000000,1.000000,0.000000,0.000000,0.000000
18050.000000,1.000000,0.000000,1.000000,0.000000,0.000000,0.000000
18060.000000,1.000000,0.000000,1.000000,0.000000,0.000000,0.000000
18070.000000,1.000000,0.000000,1.000000,0.000000,0.000000,0.000000
18080.000000,1.000000,0.000000,1.000000,0.000000,0.000000,0.000000
18090.000000,1.000000,0.000000,1.000000,0.000000,0.000000,0.000000
18100.000000,1.000000,0.000000,1.000000,0.000000,0.000000,0.000000
18110.000000,1.000000,0.000000,1.000000,0.000000,0.000000,0.000000
18120.000000,1.000000,0.000000,1.000000,0.000000,0.000000,0.000000
18130.000000,1.000000,0.000000,1.000000,0.000000,0.000000,0.000000
18140.000000,1.000000,0.000000,1.000000,0.000000,0.000000,0.000000
18150.000000,1.000000,0.000000,1.000000,0.000000,0.000000,0.000000
18160.000000,1.000000,0.000000,1.000000,0.000000,0.000000,0.000000
18170.000000,1.000000,0.000000,1.000000,0.000000,0.000000,0.000000
18180.000000,1.000000,0.000000,1.000000,0.000000,0.000000,0.000000
18190.000000,1.000000,0.000000,1.000000,0.000000,0.000000,0.000000
18200.000000,1.000000,0.000000,1.000000,0.000000,0.000000,0.000000
18210.000000,1.000000,0.000000,1.000000,0.000000,0.000000,0.000000
18220.000000,1.000000,0.000000,1.000000,0.000000,0.000000,0.000000
18230.000000,1.000000,0.000000,1.000000,0.000000,0.000000,0.000000
18240.000000,1.000000,0.000000,1.000000,0.000000,0.000000,0.000000
18250.000000,1.000000,0.000000,1.000000,0.000000,0.000000,0.000000
18260.000000,1.000000,0.000000,1.000000,0.000000,0.000000,0.000000
18270.000000,1.000000,0.000000,1.000000,0.000000,0.000000,0.000000
18280.000000,1.000000,0.000000,1.000000,0.000000,0.000000,0.000000
18290.000000,1.000000,0.000000,1.000000,0.000000,0.000000,0.000000
18300.000000,1.000000,0.000000,1.000000,0.000000,0.000000,0.000000
18310.000000,1.000000,0.000000,1.000000,0.000000,0.000000,0.000000
18320.000000,1.000000,0.000000,1.000000,0.000000,0.000000,0.000000
18330.000000,1.000000,0.000000,1.000000,0.000000,0.000000,0.000000
18340.000000,1.000000,0.000000,1.000000,0.000000,0.000000,0.000000
18350.000000,1.000000,0.000000,1.000000,0.000000,0.000000,0.000000
18360.000000,1.000000,0.000000,1.000000,0.000000,0.000000,0.000000
18370.000000,1.000000,0.000000,1.000000,0.000000,0.000000,0.000000
18380.000000,1.000000,0.000000,1.000000,0.000000,0.000000,0.000000
18390.000000,1.000000,0.000000,1.000000,0.000000,0.000000,0.000000
18400.000000,1.000000,0.000000,1.000000,0.000000,0.000000,0.000000
18410.000000,1.000000,0.000000,1.000000,0.000000,0.000000,0.000000
18420.000000,1.000000,0.000000,1.000000,0.000000,0.000000,0.000000
18430.000000,1.000000,0.000000,1.000000,0.000000,0.000000,0.000000
18440.000000,1.000000,0.000000,1.000000,0.000000,0.000000,0.000000
18450.000000,1.000000,0.000000,1.000000,0.000000,0.000000,0.000000
18460.000000,1.000000,0.000000,1.000000,0.000000,0.000000,0.000000
18470.000000,1.000000,0.000000,1.000000,0.000000,0.000000,0.000000
18480.000000,1.000000,0.000000,1.000000,0.000000,0.000000,0.000000
18490.000000,1.000000,0.000000,1.000000,0.000000,0.000000,0.000000
18500.000000,1.000000,0.000000,1.000000,0.000000,0.000000,0.000000
18510.000000,1.000000,0.000000,1.000000,0.000000,0.000000,0.000000
18520.000000,1.000000,0.000000,1.000000,0.000000,0.000000,0.000000
18530.000000,1.000000,0.000000,1.000000,0.000000,0.000000,0.000000
18540.000000,1.000000,0.000000,1.000000,0.000000,0.000000,0.000000
18550.000000,1.000000,0.000000,1.000000,0.000000,0.000000,0.000000
18560.000000,1.000000,0.000000,1.000000,0.000000,0.000000,0.000000
18570.000000,1.000000,0.000000,1.000000,0.000000,0.000000,0.000000
18580.000000,1.000000,0.000000,1.000000,0.000000,0.000000,0.000000
18590.000000,1.000000,0.000000,1.000000,0.000000,0.000000,0.000000
18600.000000,1.000000,0.000000,1.000000,0.000000,0.000000,0.000000
18610.000000,1.000000,0.000000,1.000000,0.000000,0.000000,0.000000
18620.000000,1.000000,0.000000,1.000000,0.000000,0.000000,0.000000
18630.000000,1.000000,0.000000,1.000000,0.000000,0.000000,0.000000
18640.000000,1.000000,0.000000,1.000000,0.000000,0.000000,0.000000
18650.000000,1.000000,0.000000,1.000000,0.000000,0.000000,0.000000
18660.000000,1.000000,0.000000,1.000000,0.000000,0.000000,0.000000
18670.000000,1.000000,0.000000,1.000000,0.000000,0.000000,0.000000
18680.000000,1.000000,0.000000,1.000000,0.000000,0.000000,0.000000
18690.000000,1.000000,0.000000,1.000000,0.000000,0.000000,0.000000
18700.000000,1.000000,0.000000,1.000000,0.000000,0.000000,0.000000
18710.000000,1.000000,0.000000,1.000000,0.000000,0.000000,0.000000
18720.000000,1.000000,0.000000,1.000000,0.000000,0.000000,0.000000
18730.000000,1.000000,0.000000,1.000000,0.000000,0.000000,0.000000
18740.000000,1.000000,0.000000,1.000000,0.000000,0.000000,0.000000
18750.000000,1.000000,0.000000,1.000000,0.000000,0.000000,0.000000
18760.000000,1.000000,0.000000,1.000000,0.000000,0.000000,0.000000
18770.000000,1.000000,0.000000,1.000000,0.000000,0.000000,0.000000
18780.000000,1.000000,0.000000,1.000000,0.000000,0.000000,0.000000
18790.000000,1.000000,0.000000,1.000000,0.000000,0.000000,0.000000
18800.000000,1.000000,0.000000,1.000000,0.000000,0.000000,0.000000
18810.000000,1.000000,0.000000,1.000000,0.000000,0.000000,0.000000
18820.000000,1.000000,0.000000,1.000000,0.000000,0.000000,0.000000
18830.000000,1.000000,0.000000,1.000000,0.000000,0.000000,0.000000
18840.000000,1.000000,0.000000,1.000000,0.000000,0.000000,0.000000
18850.000000,1.000000,0.000000,1.000000,0.000000,0.000000,0.000000
18860.000000,1.000000,0.000000,1.000000,0.000000,0.000000,0.000000
18870.000000,1.000000,0.000000,1.000000,0.000000,0.000000,0.000000
18880.000000,1.000000,0.000000,1.000000,0.000000,0.000000,0.000000
18890.000000,1.000000,0.000000,1.000000,0.000000,0.000000,0.000000
18900.000000,1.000000,0.000000,1.000000,0.000000,0.000000,0.000000
18910.000000,1.000000,0.000000,1.000000,0.000000,0.000000,0.000000
18920.000000,1.000000,0.000000,1.000000,0.000000,0.000000,0.000000
18930.000000,1.000000,0.000000,1.000000,0.000000,0.000000,0.000000
18940.000000,1.000000,0.000000,1.000000,0.000000,0.000000,0.000000
18950.000000,1.000000,0.000000,1.000000,0.000000,0.000000,0.000000
18960.000000,1.000000,0.000000,1.000000,0.000000,0.000000,0.000000
18970.000000,1.000000,0.000000,1.000000,0.000000,0.000000,0.000000
18980.000000,1.000000,0.000000,1.000000,0.000000,0.000000,0.000000
18990.000000,1.000000,0.000000,1.000000,0.000000,0.000000,0.000000
19000.000000,1.000000,0.000000,1.000000,0.000000,0.000000,0.000000
19010.000000,1.000000,0.000000,1.000000,0.000000,0.000000,0.000000
19020.000000,1.000000,0.000000,1.000000,0.000000,0.000000,0.000000
19030.000000,1.000000,0.000000,1.000000,0.000000,0.000000,0.000000
19040.000000,1.000000,0.000000,1.000000,0.000000,0.000000,0.000000
19050.000000,1.000000,0.000000,1.000000,0.000000,0.000000,0.000000
19060.000000,1.000000,0.000000,1.000000,0.000000,0.000000,0.000000
19070.000000,1.000000,0.000000,1.000000,0.000000,0.000000,0.000000
19080.000000,1.000000,0.000000,1.000000,0.000000,0.000000,0.000000
19090.000000,1.000000,0.000000,1.000000,0.000000,0.000000,0.000000
19100.000000,1.000000,0.000000,1.000000,0.000000,0.000000,0.000000
19110.000000,1.000000,0.000000,1.000000,0.000000,0.000000,0.000000
19120.000000,1.000000,0.000000,1.000000,0.000000,0.000000,0.000000
19130.000000,1.000000,0.000000,1.000000,0.000000,0.000000,0.000000
19140.000000,1.000000,0.000000,1.000000,0.000000,0.000000,0.000000
19150.000000,1.000000,0.000000,1.000000,0.000000,0.000000,0.000000
19160.000000,1.000000,0.000000,1.000000,0.000000,0.000000,0.000000
19170.000000,1.000000,0.000000,1.000000,0.000000,0.000000,0.000000
19180.000000,1.000000,0.000000,1.000000,0.000000,0.000000,0.000000
19190.000000,1.000000,0.000000,1.000000,0.000000,0.000000,0.000000
19200.000000,1.000000,0.000000,1.000000,0.000000,0.000000,0.000000
19210.000000,1.000000,0.000000,1.000000,0.000000,0.000000,0.000000
19220.000000,1.000000,0.000000,1.000000,0.000000,0.000000,0.000000
19230.000000,1.000000,0.000000,1.000000,0.000000,0.000000,0.000000
19240.000000,1.000000,0.000000,1.000000,0.000000,0.000000,0.000000
19250.000000,1.000000,0.000000,1.000000,0.000000,0.000000,0.000000
19260.000000,1.000000,0.000000,1.000000,0.000000,0.000000,0.000000
19270.000000,1.000000,0.000000,1.000000,0.000000,0.000000,0.000000
19280.000000,1.000000,0.000000,1.000000,0.000000,0.000000,0.000000
19290.000000,1.000000,0.000000,1.000000,0.000000,0.000000,0.000000
19300.000000,1.000000,0.000000,1.000000,0.000000,0.000000,0.000000
19310.000000,1.000000,0.000000,1.000000,0.000000,0.000000,0.000000
19320.000000,1.000000,0.000000,1.000000,0.000000,0.000000,0.000000
19330.000000,1.000000,0.000000,1.000000,0.000000,0.000000,0.000000
19340.000000,1.000000,0.000000,1.000000,0.000000,0.000000,0.000000
19350.000000,1.000000,0.000000,1.000000,0.000000,0.000000,0.000000
19360.000000,1.000000,0.000000,1.000000,0.000000,0.000000,0.000000
19370.000000,1.000000,0.000000,1.000000,0.000000,0.000000,0.000000
19380.000000,1.000000,0.000000,1.000000,0.000000,0.000000,0.000000
19390.000000,1.000000,0.000000,1.000000,0.000000,0.000000,0.000000
19400.000000,1.000000,0.000000,1.000000,0.000000,0.000000,0.000000
19410.000000,1.000000,0.000000,1.000000,0.000000,0.000000,0.000000
19420.000000,1.000000,0.000000,1.000000,0.000000,0.000000,0.000000
19430.000000,1.000000,0.000000,1.000000,0.000000,0.000000,0.000000
19440.000000,1.000000,0.000000,1.000000,0.000000,0.000000,0.000000
19450.000000,1.000000,0.000000,1.000000,0.000000,0.000000,0.000000
19460.000000,1.000000,0.000000,1.000000,0.000000,0.000000,0.000000
19470.000000,1.000000,0.000000,1.000000,0.000000,0.000000,0.000000
19480.000000,1.000000,0.000000,1.000000,0.000000,0.000000,0.000000
19490.000000,1.000000,0.000000,1.000000,0.000000,0.000000,0.000000
19500.000000,1.000000,0.000000,1.000000,0.000000,0.000000,0.000000
19510.000000,1.000000,0.000000,1.000000,0.000000,0.000000,0.000000
19520.000000,1.000000,0.000000,1.000000,0.000000,0.000000,0.000000
19530.000000,1.000000,0.000000,1.000000,0.000000,0.000000,0.000000
19540.000000,1.000000,0.000000,1.000000,0.000000,0.000000,0.000000
19550.000000,1.000000,0.000000,1.000000,0.000000,0.000000,0.000000
19560.000000,1.000000,0.000000,1.000000,0.000000,0.000000,0.000000
19570.000000,1.000000,0.000000,1.000000,0.000000,0.000000,0.000000
19580.000000,1.000000,0.000000,1.000000,0.000000,0.000000,0.000000
19590.000000,1.000000,0.000000,1.000000,0.000000,0.000000,0.000000
19600.000000,1.000000,0.000000,1.000000,0.000000,0.000000,0.000000
19610.000000,1.000000,0.000000,1.000000,0.000000,0.000000,0.000000
19620.000000,1.000000,0.000000,1.000000,0.000000,0.000000,0.000000
19630.000000,1.000000,0.000000,1.000000,0.000000,0.000000,0.000000
19640.000000,1.000000,0.000000,1.000000,0.000000,0.000000,0.000000
19650.000000,1.000000,0.000000,1.000000,0.000000,0.000000,0.000000
19660.000000,1.000000,0.000000,1.000000,0.000000,0.000000,0.000000
19670.000000,1.000000,0.000000,1.000000,0.000000,0.000000,0.000000
19680.000000,1.000000,0.000000,1.000000,0.000000,0.000000,0.000000
19690.000000,1.000000,0.000000,1.000000,0.000000,0.000000,0.000000
19700.000000,1.000000,0.000000,1.000000,0.000000,0.000000,0.000000
19710.000000,1.000000,0.000000,1.000000,0.000000,0.000000,0.000000
19720.000000,1.000000,0.000000,1.000000,0.000000,0.000000,0.000000
19730.000000,1.000000,0.000000,1.000000,0.000000,0.000000,0.000000
19740.000000,1.000000,0.000000,1.000000,0.000000,0.000000,0.000000
19750.000000,1.000000,0.000000,1.000000,0.000000,0.000000,0.000000
19760.000000,1.000000,0.000000,1.000000,0.000000,0.000000,0.000000
19770.000000,1.000000,0.000000,1.000000,0.000000,0.000000,0.000000
19780.000000,1.000000,0.000000,1.000000,0.000000,0.000000,0.000000
19790.000000,1.000000,0.000000,1.000000,0.000000,0.000000,0.000000
19800.000000,1.000000,0.000000,1.000000,0.000000,0.000000,0.000000
19810.000000,1.000000,0.000000,1.000000,0.000000,0.000000,0.000000
19820.000000,1.000000,0.000000,1.000000,0.000000,0.000000,0.000000
19830.000000,1.000000,0.000000,1.000000,0.000000,0.000000,0.000000
19840.000000,1.000000,0.000000,1.000000,0.000000,0.000000,0.000000
19850.000000,1.000000,0.000000,1.000000,0.000000,0.000000,0.000000
19860.000000,1.000000,0.000000,1.000000,0.000000,0.000000,0.000000
19870.000000,1.000000,0.000000,1.000000,0.000000,0.000000,0.000000
19880.000000,1.000000,0.000000,1.000000,0.000000,0.000000,0.000000
19890.000000,1.000000,0.000000,1.000000,0.000000,0.000000,0.000000
19900.000000,1.000000,0.000000,1.000000,0.000000,0.000000,0.000000
19910.000000,1.000000,0.000000,1.000000,0.000000,0.000000,0.000000
19920.000000,1.000000,0.000000,1.000000,0.000000,0.000000,0.000000
19930.000000,0.000000,-1.000000,0.000000,0.000000,0.000000,0.000000
19940.000000,0.000000,0.000000,0.000000,0.000000,0.000000,0.000000
19950.000000,0.000000,0.000000,0.000000,0.000000,0.000000,0.000000
19960.000000,0.000000,0.000000,0.000000,0.000000,0.000000,0.000000
19970.000000,0.000000,0.000000,0.000000,0.000000,0.000000,0.000000
19980.000000,0.000000,0.000000,0.000000,0.000000,0.000000,0.000000
19990.000000,0.000000,0.000000,0.000000,0.000000,0.000000,0.000000
20000.000000,0.000000,0.000000,0.000000,0.000000,0.000000,0.000000
20010.000000,0.000000,0.000000,0.000000,0.000000,0.000000,0.000000
20020.000000,0.000000,0.000000,0.000000,0.000000,0.000000,0.000000
20030.000000,0.000000,0.000000,0.000000,0.000000,0.000000,0.000000
20040.000000,0.000000,0.000000,0.000000,0.000000,0.000000,0.000000
20050.000000,0.000000,0.000000,0.000000,0.000000,0.000000,0.000000
20060.000000,0.000000,0.000000,0.000000,0.000000,0.000000,0.000000
20070.000000,0.000000,0.000000,0.000000,0.000000,0.000000,0.000000
20080.000000,0.000000,0.000000,0.000000,0.000000,0.000000,0.000000
20090.000000,0.000000,0.000000,0.000000,0.000000,0.000000,0.000000
20100.000000,0.000000,0.000000,0.000000,0.000000,0.000000,0.000000
20110.000000,0.000000,0.000000,0.000000,0.000000,0.000000,0.000000
20120.000000,0.000000,0.000000,0.000000,0.000000,0.000000,0.000000
20130.000000,0.000000,0.000000,0.000000,0.000000,0.000000,0.000000
20140.000000,0.000000,0.000000,0.000000,0.000000,0.000000,0.000000
20150.000000,0.000000,0.000000,0.000000,0.000000,0.000000,0.000000
20160.000000,0.000000,0.000000,0.000000,0.000000,0.000000,0.000000
20170.000000,0.000000,0.000000,0.000000,0.000000,0.000000,0.000000
20180.000000,0.000000,0.000000,0.000000,0.000000,0.000000,0.000000
20190.000000,0.000000,0.000000,0.000000,0.000000,0.000000,0.000000
20200.000000,0.000000,0.000000,0.000000,0.000000,0.000000,0.000000
20210.000000,0.000000,0.000000,0.000000,0.000000,0.000000,0.000000
20220.000000,0.000000,0.000000,0.000000,0.000000,0.000000,0.000000
20230.000000,0.000000,0.000000,0.000000,0.000000,0.000000,0.000000
20240.000000,0.000000,0.000000,0.000000,0.000000,0.000000,0.000000
20250.000000,0.000000,0.000000,0.000000,0.000000,0.000000,0.000000
20260.000000,0.000000,0.000000,0.000000,0.000000,0.000000,0.000000
20270.000000,0.000000,0.000000,0.000000,0.000000,0.000000,0.000000
20280.000000,0.000000,0.000000,0.000000,0.000000,0.000000,0.000000
20290.000000,0.000000,0.000000,0.000000,0.000000,0.000000,0.000000
20300.000000,0.000000,0.000000,0.000000,0.000000,0.000000,0.000000
20310.000000,0.000000,0.000000,0.000000,0.000000,0.000000,0.000000
20320.000000,0.000000,0.000000,0.000000,0.000000,0.000000,0.000000
20330.000000,0.000000,0.000000,0.000000,0.000000,0.000000,0.000000
20340.000000,0.000000,0.000000,0.000000,0.000000,0.000000,0.000000
20350.000000,0.000000,0.000000,0.000000,0.000000,0.000000,0.000000
20360.000000,0.000000,0.000000,0.000000,0.000000,0.000000,0.000000
20370.000000,0.000000,0.000000,0.000000,0.000000,0.000000,0.000000
20380.000000,0.000000,0.000000,0.000000,0.000000,0.000000,0.000000
20390.000000,0.000000,0.000000,0.000000,0.000000,0.000000,0.000000
20400.000000,0.000000,0.000000,0.000000,0.000000,0.000000,0.000000
20410.000000,0.000000,0.000000,0.000000,0.000000,0.000000,0.000000
20420.000000,0.000000,0.000000,0.000000,0.000000,0.000000,0.000000
20430.000000,0.000000,0.000000,0.000000,0.000000,0.000000,0.000000
20440.000000,0.000000,0.000000,0.000000,0.000000,0.000000,0.000000
20450.000000,0.000000,0.000000,0.000000,0.000000,0.000000,0.000000
20460.000000,0.000000,0.000000,0.000000,0.000000,0.000000,0.000000
20470.000000,0.000000,0.000000,0.000000,0.000000,0.000000,0.000000
20480.000000,0.000000,0.000000,0.000000,0.000000,0.000000,0.000000
20490.000000,0.000000,0.000000,0.000000,0.000000,0.000000,0.000000
20500.000000,0.000000,0.000000,0.000000,0.000000,0.000000,0.000000
20510.000000,0.000000,0.000000,0.000000,0.000000,0.000000,0.000000
20520.000000,0.000000,0.000000,0.000000,0.000000,0.000000,0.000000
20530.000000,0.000000,0.000000,0.000000,0.000000,0.000000,0.000000
20540.000000,0.000000,0.000000,0.000000,0.000000,0.000000,0.000000
20550.000000,0.000000,0.000000,0.000000,0.000000,0.000000,0.000000
20560.000000,0.000000,0.000000,0.000000,0.000000,0.000000,0.000000
20570.000000,0.000000,0.000000,0.000000,0.000000,0.000000,0.000000
20580.000000,0.000000,0.000000,0.000000,0.000000,0.000000,0.000000
20590.000000,0.000000,0.000000,0.000000,0.000000,0.000000,0.000000
20600.000000,0.000000,0.000000,0.000000,0.000000,0.000000,0.000000
20610.000000,0.000000,0.000000,0.000000,0.000000,0.000000,0.000000
20620.000000,0.000000,0.000000,0.000000,0.000000,0.000000,0.000000
20630.000000,0.000000,0.000000,0.000000,0.000000,0.000000,0.000000
20640.000000,0.000000,0.000000,0.000000,0.000000,0.000000,0.000000
20650.000000,0.000000,0.000000,0.000000,0.000000,0.000000,0.000000
20660.000000,0.000000,0.000000,0.000000,0.000000,0.000000,0.000000
20670.000000,0.000000,0.000000,0.000000,0.000000,0.000000,0.000000
20680.000000,0.000000,0.000000,0.000000,0.000000,0.000000,0.000000
20690.000000,0.000000,0.000000,0.000000,0.000000,0.000000,0.000000
20700.000000,0.000000,0.000000,0.000000,0.000000,0.000000,0.000000
20710.000000,0.000000,0.000000,0.000000,0.000000,0.000000,0.000000
20720.000000,0.000000,0.000000,0.000000,0.000000,0.000000,0.000000
20730.000000,0.000000,0.000000,0.000000,0.000000,0.000000,0.000000
20740.000000,0.000000,0.000000,0.000000,0.000000,0.000000,0.000000
20750.000000,0.000000,0.000000,0.000000,0.000000,0.000000,0.000000
20760.000000,0.000000,0.000000,0.000000,0.000000,0.000000,0.000000
20770.000000,0.000000,0.000000,0.000000,0.000000,0.000000,0.000000
20780.000000,0.000000,0.000000,0.000000,0.000000,0.000000,0.000000
20790.000000,0.000000,0.000000,0.000000,0.000000,0.000000,0.000000
20800.000000,0.000000,0.000000,0.000000,0.000000,0.000000,0.000000
20810.000000,0.000000,0.000000,0.000000,0.000000,0.000000,0.000000
20820.000000,0.000000,0.000000,0.000000,0.000000,0.000000,0.000000
20830.000000,0.000000,0.000000,0.000000,0.000000,0.000000,0.000000
20840.000000,0.000000,0.000000,0.000000,0.000000,0.000000,0.000000
20850.000000,0.000000,0.000000,0.000000,0.000000,0.000000,0.000000
20860.000000,0.000000,0.000000,0.000000,0.000000,0.000000,0.000000
20870.000000,0.000000,0.000000,0.000000,0.000000,0.000000,0.000000
20880.000000,0.000000,0.000000,0.000000,0.000000,0.000000,0.000000
20890.000000,0.000000,0.000000,0.000000,0.000000,0.000000,0.000000
20900.000000,0.000000,0.000000,0.000000,0.000000,0.000000,0.000000
20910.000000,0.000000,0.000000,0.000000,0.000000,0.000000,0.000000
20920.000000,0.000000,0.000000,0.000000,0.000000,0.000000,0.000000
20930.000000,0.000000,0.000000,0.000000,0.000000,0.000000,0.000000
20940.000000,0.000000,0.000000,0.000000,0.000000,0.000000,0.000000
20950.000000,0.000000,0.000000,0.000000,0.000000,0.000000,0.000000
20960.000000,0.000000,0.000000,0.000000,0.000000,0.000000,0.000000
20970.000000,0.000000,0.000000,0.000000,0.000000,0.000000,0.000000
20980.000000,0.000000,0.000000,0.000000,0.000000,0.000000,0.000000
20990.000000,0.000000,0.000000,0.000000,0.000000,0.000000,0.000000
21000.000000,0.000000,0.000000,0.000000,0.000000,0.000000,0.000000
21010.000000,0.000000,0.000000,0.000000,0.000000,0.000000,0.000000
21020.000000,0.000000,0.000000,0.000000,0.000000,0.000000,0.000000
21030.000000,0.000000,0.000000,0.000000,0.000000,0.000000,0.000000
21040.000000,0.000000,0.000000,0.000000,0.000000,0.000000,0.000000
21050.000000,0.000000,0.000000,0.000000,0.000000,0.000000,0.000000
21060.000000,0.000000,0.000000,0.000000,0.000000,0.000000,0.000000
21070.000000,0.000000,0.000000,0.000000,0.000000,0.000000,0.000000
21080.000000,0.000000,0.000000,0.000000,0.000000,0.000000,0.000000
21090.000000,0.000000,0.000000,0.000000,0.000000,0.000000,0.000000
21100.000000,0.000000,0.000000,0.000000,0.000000,0.000000,0.000000
21110.000000,0.000000,0.000000,0.000000,0.000000,0.000000,0.000000
21120.000000,0.000000,0.000000,0.000000,0.000000,0.000000,0.000000
21130.000000,0.000000,0.000000,0.000000,0.000000,0.000000,0.000000
21140.000000,0.000000,0.000000,0.000000,0.000000,0.000000,0.000000
21150.000000,0.000000,0.000000,0.000000,0.000000,0.000000,0.000000
21160.000000,0.000000,0.000000,0.000000,0.000000,0.000000,0.000000
21170.000000,0.000000,0.000000,0.000000,0.000000,0.000000,0.000000
21180.000000,0.000000,0.000000,0.000000,0.000000,0.000000,0.000000
21190.000000,0.000000,0.000000,0.000000,0.000000,0.000000,0.000000
21200.000000,0.000000,0.000000,0.000000,0.000000,0.000000,0.000000
21210.000000,0.000000,0.000000,0.000000,0.000000,0.000000,0.000000
21220.000000,0.000000,0.000000,0.000000,0.000000,0.000000,0.000000
3180.000000,0.000000,0.000000,0.000000,0.000000,0.000000,0.000000
3190.000000,0.000000,0.000000,0.000000,0.000000,0.000000,0.000000
3200.000000,0.000000,0.000000,0.000000,0.000000,0.000000,0.000000
3210.000000,0.000000,0.000000,0.000000,0.000000,0.000000,0.000000
3220.000000,0.000000,0.000000,0.000000,0.000000,0.000000,0.000000
3230.000000,0.000000,0.000000,0.000000,0.000000,0.000000,0.000000
3240.000000,0.000000,0.000000,0.000000,0.000000,0.000000,0.000000
3250.000000,0.000000,0.000000,0.000000,0.000000,0.000000,0.000000
3260.000000,0.000000,0.000000,0.000000,0.000000,0.000000,0.000000
3270.000000,0.000000,0.000000,0.000000,0.000000,0.000000,0.000000
3280.000000,0.000000,0.000000,0.000000,0.000000,0.000000,0.000000
3290.000000,0.000000,0.000000,0.000000,0.000000,0.000000,0.000000
3300.000000,0.000000,0.000000,0.000000,0.000000,0.000000,0.000000
3310.000000,0.000000,0.000000,0.000000,0.000000,0.000000,0.000000
3320.000000,0.000000,0.000000,0.000000,0.000000,0.000000,0.000000
3330.000000,0.000000,0.000000,0.000000,0.000000,0.000000,0.000000
3340.000000,0.000000,0.000000,0.000000,0.000000,0.000000,0.000000
3350.000000,0.000000,0.000000,0.000000,0.000000,0.000000,0.000000
3360.000000,0.000000,0.000000,0.000000,0.000000,0.000000,0.000000
3370.000000,0.000000,0.000000,0.000000,0.000000,0.000000,0.000000
3380.000000,0.000000,0.000000,0.000000,0.000000,0.000000,0.000000
3390.000000,0.000000,0.000000,0.000000,0.000000,0.000000,0.000000
3400.000000,0.000000,0.000000,0.000000,0.000000,0.000000,0.000000
3410.000000,0.000000,0.000000,0.000000,0.000000,0.000000,0.000000
3420.000000,0.000000,0.000000,0.000000,0.000000,0.000000,0.000000
3430.000000,0.000000,0.000000,0.000000,0.000000,0.000000,0.000000
3440.000000,0.000000,0.000000,0.000000,0.000000,0.000000,0.000000
3450.000000,0.000000,0.000000,0.000000,0.000000,0.000000,0.000000
3460.000000,0.000000,0.000000,0.000000,0.000000,0.000000,0.000000
3470.000000,0.000000,0.000000,0.000000,0.000000,0.000000,0.000000
3480.000000,0.000000,0.000000,0.000000,0.000000,0.000000,0.000000
3490.000000,0.000000,0.000000,0.000000,0.000000,0.000000,0.000000
3500.000000,0.000000,0.000000,0.000000,0.000000,0.000000,0.000000
3510.000000,0.000000,0.000000,0.000000,0.000000,0.000000,0.000000
3520.000000,0.000000,0.000000,0.000000,0.000000,0.000000,0.000000
3530.000000,0.000000,0.000000,0.000000,0.000000,0.000000,0.000000
3540.000000,0.000000,0.000000,0.000000,0.000000,0.000000,0.000000
3550.000000,0.000000,0.000000,0.000000,0.000000,0.000000,0.000000
3560.000000,0.000000,0.000000,0.000000,0.000000,0.000000,0.000000
3570.000000,0.000000,0.000000,0.000000,0.000000,0.000000,0.000000
3580.000000,0.000000,0.000000,0.000000,0.000000,0.000000,0.000000
3590.000000,0.000000,0.000000,0.000000,0.000000,0.000000,0.000000
3600.000000,0.000000,0.000000,0.000000,0.000000,0.000000,0.000000
3610.000000,0.000000,0.000000,0.000000,0.000000,0.000000,0.000000
3620.000000,0.000000,0.000000,0.000000,0.000000,0.000000,0.000000
3630.000000,0.000000,0.000000,0.000000,0.000000,0.000000,0.000000
3640.000000,0.000000,0.000000,0.000000,0.000000,0.000000,0.000000
3650.000000,0.000000,0.000000,0.000000,0.000000,0.000000,0.000000
3660.000000,0.000000,0.000000,0.000000,0.000000,0.000000,0.000000
3670.000000,0.000000,0.000000,0.000000,0.000000,0.000000,0.000000
3680.000000,0.000000,0.000000,0.000000,0.000000,0.000000,0.000000
3690.000000,0.000000,0.000000,0.000000,0.000000,0.000000,0.000000
3700.000000,0.000000,0.000000,0.000000,0.000000,0.000000,0.000000
3710.000000,0.000000,0.000000,0.000000,0.000000,0.000000,0.000000
3720.000000,0.000000,0.000000,0.000000,0.000000,0.000000,0.000000
3730.000000,0.000000,0.000000,0.000000,0.000000,0.000000,0.000000
3740.000000,0.000000,0.000000,0.000000,0.000000,0.000000,0.000000
3750.000000,0.000000,0.000000,0.000000,0.000000,0.000000,0.000000
3760.000000,0.000000,0.000000,0.000000,0.000000,0.000000,0.000000
3770.000000,0.000000,0.000000,0.000000,0.000000,0.000000,0.000000
3780.000000,0.000000,0.000000,0.000000,0.000000,0.000000,0.000000
3790.000000,0.000000,0.000000,0.000000,0.000000,0.000000,0.000000
3800.000000,0.000000,0.000000,0.000000,0.000000,0.000000,0.000000
3810.000000,0.000000,0.000000,0.000000,0.000000,0.000000,0.000000
3820.000000,0.000000,0.000000,0.000000,0.000000,0.000000,0.000000
3830.000000,0.000000,0.000000,0.000000,0.000000,0.000000,0.000000
3840.000000,0.000000,0.000000,0.000000,0.000000,0.000000,0.000000
3850.000000,0.000000,0.000000,0.000000,0.000000,0.000000,0.000000
3860.000000,0.000000,0.000000,0.000000,0.000000,0.000000,0.000000
3870.000000,0.000000,0.000000,0.000000,0.000000,0.000000,0.000000
3880.000000,0.000000,0.000000,0.000000,0.000000,0.000000,0.000000
3890.000000,0.000000,0.000000,0.000000,0.000000,0.000000,0.000000
3900.000000,0.000000,0.000000,0.000000,0.000000,0.000000,0.000000
3910.000000,0.000000,0.000000,0.000000,0.000000,0.000000,0.000000
3920.000000,0.000000,0.000000,0.000000,0.000000,0.000000,0.000000
3930.000000,0.000000,0.000000,0.000000,0.000000,0.000000,0.000000
3940.000000,0.000000,0.000000,0.000000,0.000000,0.000000,0.000000
3950.000000,0.000000,0.000000,0.000000,0.000000,0.000000,0.000000
3960.000000,0.000000,0.000000,0.000000,0.000000,0.000000,0.000000
3970.000000,0.000000,0.000000,0.000000,0.000000,0.000000,0.000000
3980.000000,0.000000,0.000000,0.000000,0.000000,0.000000,0.000000
3990.000000,0.000000,0.000000,0.000000,0.000000,0.000000,0.000000
4000.000000,0.000000,0.000000,0.000000,0.000000,0.000000,0.000000
4010.000000,0.000000,0.000000,0.000000,0.000000,0.000000,0.000000
4020.000000,0.000000,0.000000,0.000000,0.000000,0.000000,0.000000
4030.000000,0.000000,0.000000,0.000000,0.000000,0.000000,0.000000
4040.000000,0.000000,0.000000,0.000000,0.000000,0.000000,0.000000
4050.000000,0.000000,0.000000,0.000000,0.000000,0.000000,0.000000
4060.000000,0.000000,0.000000,0.000000,0.000000,0.000000,0.000000
4070.000000,0.000000,0.000000,0.000000,0.000000,0.000000,0.000000
4080.000000,0.000000,0.000000,0.000000,0.000000,0.000000,0.000000
4090.000000,0.000000,0.000000,0.000000,0.000000,0.000000,0.000000
4100.000000,0.000000,0.000000,0.000000,0.000000,0.000000,0.000000
4110.000000,0.000000,0.000000,0.000000,0.000000,0.000000,0.000000
4120.000000,0.000000,0.000000,0.000000,0.000000,0.000000,0.000000
4130.000000,0.000000,0.000000,0.000000,0.000000,0.000000,0.000000
4140.000000,0.000000,0.000000,0.000000,0.000000,0.000000,0.000000
4150.000000,0.000000,0.000000,0.000000,0.000000,0.000000,0.000000
4160.000000,0.000000,0.000000,0.000000,0.000000,0.000000,0.000000
4170.000000,0.000000,0.000000,0.000000,0.000000,0.000000,0.000000
4180.000000,0.000000,0.000000,0.000000,0.000000,0.000000,0.000000
4190.000000,0.000000,0.000000,0.000000,0.000000,0.000000,0.000000
4200.000000,0.000000,0.000000,0.000000,0.000000,0.000000,0.000000
4210.000000,0.000000,0.000000,0.000000,0.000000,0.000000,0.000000
4220.000000,0.000000,0.000000,0.000000,0.000000,0.000000,0.000000
4230.000000,0.000000,0.000000,0.000000,0.000000,0.000000,0.000000
4240.000000,0.000000,0.000000,0.000000,0.000000,0.000000,0.000000
4250.000000,0.000000,0.000000,0.000000,0.000000,0.000000,0.000000
4260.000000,0.000000,0.000000,0.000000,0.000000,0.000000,0.000000
4270.000000,0.000000,0.000000,0.000000,0.000000,0.000000,0.000000
4280.000000,0.000000,0.000000,0.000000,0.000000,0.000000,0.000000
4290.000000,0.000000,0.000000,0.000000,0.000000,0.000000,0.000000
4300.000000,0.000000,0.000000,0.000000,0.000000,0.000000,0.000000
4310.000000,0.000000,0.000000,0.000000,0.000000,0.000000,0.000000
4320.000000,0.000000,0.000000,0.000000,0.000000,0.000000,0.000000
4330.000000,0.000000,0.000000,0.000000,0.000000,0.000000,0.000000
4340.000000,0.000000,0.000000,0.000000,0.000000,0.000000,0.000000
4350.000000,0.000000,0.000000,0.000000,0.000000,0.000000,0.000000
4360.000000,0.000000,0.000000,0.000000,0.000000,0.000000,0.000000
4370.000000,0.000000,0.000000,0.000000,0.000000,0.000000,0.000000
4380.000000,0.000000,0.000000,0.000000,0.000000,0.000000,0.000000
4390.000000,0.000000,0.000000,0.000000,0.000000,0.000000,0.000000
4400.000000,0.000000,0.000000,0.000000,0.000000,0.000000,0.000000
4410.000000,0.000000,0.000000,0.000000,0.000000,0.000000,0.000000
4420.000000,0.000000,0.000000,0.000000,0.000000,0.000000,0.000000
4430.000000,0.000000,0.000000,0.000000,0.000000,0.000000,0.000000
4440.000000,0.000000,0.000000,0.000000,0.000000,0.000000,0.000000
4450.000000,0.000000,0.000000,0.000000,0.000000,0.000000,0.000000
4460.000000,0.000000,0.000000,0.000000,0.000000,0.000000,0.000000
4470.000000,0.000000,0.000000,0.000000,0.000000,0.000000,0.000000
4480.000000,0.000000,0.000000,0.000000,0.000000,0.000000,0.000000
4490.000000,0.000000,0.000000,0.000000,0.000000,0.000000,0.000000
4500.000000,0.000000,0.000000,0.000000,0.000000,0.000000,0.000000
4510.000000,0.000000,0.000000,0.000000,0.000000,0.000000,0.000000
4520.000000,0.000000,0.000000,0.000000,0.000000,0.000000,0.000000
4530.000000,0.000000,0.000000,0.000000,0.000000,0.000000,0.000000
4540.000000,0.000000,0.000000,0.000000,0.000000,0.000000,0.000000
4550.000000,0.000000,0.000000,0.000000,0.000000,0.000000,0.000000
4560.000000,0.000000,0.000000,0.000000,0.000000,0.000000,0.000000
4570.000000,0.000000,0.000000,0.000000,0.000000,0.000000,0.000000
4580.000000,0.000000,0.000000,0.000000,0.000000,0.000000,0.000000
4590.000000,0.000000,0.000000,0.000000,0.000000,0.000000,0.000000
4600.000000,0.000000,0.000000,0.000000,0.000000,0.000000,0.000000
4610.000000,0.000000,0.000000,0.000000,0.000000,0.000000,0.000000
4620.000000,0.000000,0.000000,0.000000,0.000000,0.000000,0.000000
4630.000000,0.000000,0.000000,0.000000,0.000000,0.000000,0.000000
4640.000000,0.000000,0.000000,0.000000,0.000000,0.000000,0.000000
4650.000000,0.000000,0.000000,0.000000,0.000000,0.000000,0.000000
4660.000000,0.000000,0.000000,0.000000,0.000000,0.000000,0.000000
4670.000000,0.000000,0.000000,0.000000,0.000000,0.000000,0.000000
4680.000000,0.000000,0.000000,0.000000,0.000000,0.000000,0.000000
4690.000000,0.000000,0.000000,0.000000,0.000000,0.000000,0.000000
4700.000000,0.000000,0.000000,0.000000,0.000000,0.000000,0.000000
4710.000000,0.000000,0.000000,0.000000,0.000000,0.000000,0.000000
4720.000000,0.000000,0.000000,0.000000,0.000000,0.000000,0.000000
4730.000000,0.000000,0.000000,0.000000,0.000000,0.000000,0.000000
4740.000000,0.000000,0.000000,0.000000,0.000000,0.000000,0.000000
4750.000000,0.000000,0.000000,0.000000,0.000000,0.000000,0.000000
4760.000000,0.000000,0.000000,0.000000,0.000000,0.000000,0.000000
4770.000000,0.000000,0.000000,0.000000,0.000000,0.000000,0.000000
4780.000000,0.000000,0.000000,0.000000,0.000000,0.000000,0.000000
4790.000000,0.000000,0.000000,0.000000,0.000000,0.000000,0.000000
4800.000000,0.000000,0.000000,0.000000,0.000000,0.000000,0.000000
4810.000000,0.000000,0.000000,0.000000,0.000000,0.000000,0.000000
4820.000000,0.000000,0.000000,0.000000,0.000000,0.000000,0.000000
4830.000000,0.000000,0.000000,0.000000,0.000000,0.000000,0.000000
4840.000000,0.000000,0.000000,0.000000,0.000000,0.000000,0.000000
4850.000000,0.000000,0.000000,0.000000,0.000000,0.000000,0.000000
4860.000000,0.000000,0.000000,0.000000,0.000000,0.000000,0.000000
4870.000000,0.000000,0.000000,0.000000,0.000000,0.000000,0.000000
4880.000000,0.000000,0.000000,0.000000,0.000000,0.000000,0.000000
4890.000000,0.000000,0.000000,0.000000,0.000000,0.000000,0.000000
4900.000000,0.000000,0.000000,0.000000,0.000000,0.000000,0.000000
4910.000000,0.000000,0.000000,0.000000,0.000000,0.000000,0.000000
4920.000000,0.000000,0.000000,0.000000,0.000000,0.000000,0.000000
4930.000000,0.000000,0.000000,0.000000,0.000000,0.000000,0.000000
4940.000000,0.000000,0.000000,0.000000,0.000000,0.000000,0.000000
4950.000000,0.000000,0.000000,0.000000,0.000000,0.000000,0.000000
4960.000000,0.000000,0.000000,0.000000,0.000000,0.000000,0.000000
4970.000000,0.000000,0.000000,0.000000,0.000000,0.000000,0.000000
4980.000000,0.000000,0.000000,0.000000,0.000000,0.000000,0.000000
4990.000000,0.000000,0.000000,0.000000,0.000000,0.000000,0.000000
5000.000000,0.000000,0.000000,0.000000,0.000000,0.000000,0.000000
5010.000000,0.000000,0.000000,0.000000,0.000000,0.000000,0.000000
5020.000000,0.000000,0.000000,0.000000,0.000000,0.000000,0.000000
5030.000000,0.000000,0.000000,0.000000,0.000000,0.000000,0.000000
5040.000000,0.000000,0.000000,0.000000,0.000000,0.000000,0.000000
5050.000000,0.000000,0.000000,0.000000,0.000000,0.000000,0.000000
5060.000000,0.000000,0.000000,0.000000,0.000000,0.000000,0.000000
5070.000000,0.000000,0.000000,0.000000,0.000000,0.000000,0.000000
5080.000000,0.000000,0.000000,0.000000,0.000000,0.000000,0.000000
5090.000000,0.000000,0.000000,0.000000,0.000000,0.000000,0.000000
5100.000000,0.000000,0.000000,0.000000,0.000000,0.000000,0.000000
5110.000000,0.000000,0.000000,0.000000,0.000000,0.000000,0.000000
5120.000000,0.000000,0.000000,0.000000,0.000000,0.000000,0.000000
5130.000000,0.000000,0.000000,0.000000,0.000000,0.000000,0.000000
5140.000000,0.000000,0.000000,0.000000,0.000000,0.000000,0.000000
5150.000000,0.000000,0.000000,0.000000,0.000000,0.000000,0.000000
5160.000000,0.000000,0.000000,0.000000,0.000000,0.000000,0.000000
5170.000000,0.000000,0.000000,0.000000,0.000000,0.000000,0.000000
5180.000000,0.000000,0.000000,0.000000,0.000000,0.000000,0.000000
5190.000000,0.000000,0.000000,0.000000,0.000000,0.000000,0.000000
5200.000000,0.000000,0.000000,0.000000,0.000000,0.000000,0.000000
5210.000000,0.000000,0.000000,0.000000,0.000000,0.000000,0.000000
5220.000000,0.000000,0.000000,0.000000,0.000000,0.000000,0.000000
5230.000000,0.000000,0.000000,0.000000,0.000000,0.000000,0.000000
5240.000000,0.000000,0.000000,0.000000,0.000000,0.000000,0.000000
5250.000000,0.000000,0.000000,0.000000,0.000000,0.000000,0.000000
5260.000000,0.000000,0.000000,0.000000,0.000000,0.000000,0.000000
5270.000000,0.000000,0.000000,0.000000,0.000000,0.000000,0.000000
5280.000000,0.000000,0.000000,0.000000,0.000000,0.000000,0.000000
5290.000000,0.000000,0.000000,0.000000,0.000000,0.000000,0.000000
5300.000000,0.000000,0.000000,0.000000,0.000000,0.000000,0.000000
5310.000000,0.000000,0.000000,0.000000,0.000000,0.000000,0.000000
5320.000000,0.000000,0.000000,0.000000,0.000000,0.000000,0.000000
5330.000000,0.000000,0.000000,0.000000,0.000000,0.000000,0.000000
5340.000000,0.000000,0.000000,0.000000,0.000000,0.000000,0.000000
5350.000000,0.000000,0.000000,0.000000,0.000000,0.000000,0.000000
5360.000000,0.000000,0.000000,0.000000,0.000000,0.000000,0.000000
5370.000000,0.000000,0.000000,0.000000,0.000000,0.000000,0.000000
5380.000000,0.000000,0.000000,0.000000,0.000000,0.000000,0.000000
5390.000000,0.000000,0.000000,0.000000,0.000000,0.000000,0.000000
5400.000000,0.000000,0.000000,0.000000,0.000000,0.000000,0.000000
5410.000000,0.000000,0.000000,0.000000,0.000000,0.000000,0.000000
5420.000000,0.000000,0.000000,0.000000,0.000000,0.000000,0.000000
5430.000000,0.000000,0.000000,0.000000,0.000000,0.000000,0.000000
5440.000000,0.000000,0.000000,0.000000,0.000000,0.000000,0.000000
5450.000000,0.000000,0.000000,0.000000,0.000000,0.000000,0.000000
5460.000000,0.000000,0.000000,0.000000,0.000000,0.000000,0.000000
5470.000000,0.000000,0.000000,0.000000,0.000000,0.000000,0.000000
5480.000000,0.000000,0.000000,0.000000,0.000000,0.000000,0.000000
5490.000000,0.000000,0.000000,0.000000,0.000000,0.000000,0.000000
5500.000000,0.000000,0.000000,0.000000,0.000000,0.000000,0.000000
5510.000000,0.000000,0.000000,0.000000,0.000000,0.000000,0.000000
5520.000000,0.000000,0.000000,0.000000,0.000000,0.000000,0.000000
5530.000000,0.000000,0.000000,0.000000,0.000000,0.000000,0.000000
5540.000000,0.000000,0.000000,0.000000,0.000000,0.000000,0.000000
5550.000000,0.000000,0.000000,0.000000,0.000000,0.000000,0.000000
5560.000000,0.000000,0.000000,0.000000,0.000000,0.000000,0.000000
5570.000000,0.000000,0.000000,0.000000,0.000000,0.000000,0.000000
5580.000000,0.000000,0.000000,0.000000,0.000000,0.000000,0.000000
5590.000000,0.000000,0.000000,0.000000,0.000000,0.000000,0.000000
5600.000000,0.000000,0.000000,0.000000,0.000000,0.000000,0.000000
5610.000000,0.000000,0.000000,0.000000,0.000000,0.000000,0.000000
5620.000000,0.000000,0.000000,0.000000,0.000000,0.000000,0.000000
5630.000000,0.000000,0.000000,0.000000,0.000000,0.000000,0.000000
5640.000000,0.000000,0.000000,0.000000,0.000000,0.000000,0.000000
5650.000000,0.000000,0.000000,0.000000,0.000000,0.000000,0.000000
5660.000000,0.000000,0.000000,0.000000,0.000000,0.000000,0.000000
5670.000000,0.000000,0.000000,0.000000,0.000000,0.000000,0.000000
5680.000000,0.000000,0.000000,0.000000,0.000000,0.000000,0.000000
5690.000000,0.000000,0.000000,0.000000,0.000000,0.000000,0.000000
5700.000000,0.000000,0.000000,0.000000,0.000000,0.000000,0.000000
5710.000000,0.000000,0.000000,0.000000,0.000000,0.000000,0.000000
5720.000000,0.000000,0.000000,0.000000,0.000000,0.000000,0.000000
5730.000000,0.000000,0.000000,0.000000,0.000000,0.000000,0.000000
5740.000000,0.000000,0.000000,0.000000,0.000000,0.000000,0.000000
5750.000000,0.000000,0.000000,0.000000,0.000000,0.000000,0.000000
5760.000000,0.000000,0.000000,0.000000,0.000000,0.000000,0.000000
5770.000000,0.000000,0.000000,0.000000,0.000000,0.000000,0.000000
5780.000000,0.000000,0.000000,0.000000,0.000000,0.000000,0.000000
5790.000000,0.000000,0.000000,0.000000,0.000000,0.000000,0.000000
5800.000000,0.000000,0.000000,0.000000,0.000000,0.000000,0.000000
5810.000000,0.000000,0.000000,0.000000,0.000000,0.000000,0.000000
5820.000000,0.000000,0.000000,0.000000,0.000000,0.000000,0.000000
5830.000000,0.000000,0.000000,0.000000,0.000000,0.000000,0.000000
5840.000000,0.000000,0.000000,0.000000,0.000000,0.000000,0.000000
5850.000000,0.000000,0.000000,0.000000,0.000000,0.000000,0.000000
5860.000000,0.000000,0.000000,0.000000,0.000000,0.000000,0.000000
5870.000000,0.000000,0.000000,0.000000,0.000000,0.000000,0.000000
5880.000000,0.000000,0.000000,0.000000,0.000000,0.000000,0.000000
5890.000000,0.000000,0.000000,0.000000,0.000000,0.000000,0.000000
5900.000000,0.000000,0.000000,0.000000,0.000000,0.000000,0.000000
5910.000000,0.000000,0.000000,0.000000,0.000000,0.000000,0.000000
5920.000000,0.000000,0.000000,0.000000,0.000000,0.000000,0.000000
5930.000000,0.000000,0.000000,0.000000,0.000000,0.000000,0.000000
5940.000000,0.000000,0.000000,0.000000,0.000000,0.000000,0.000000
5950.000000,0.000000,0.000000,0.000000,0.000000,0.000000,0.000000
5960.000000,0.000000,0.000000,0.000000,0.000000,0.000000,0.000000
5970.000000,0.000000,0.000000,0.000000,0.000000,0.000000,0.000000
5980.000000,0.000000,0.000000,0.000000,0.000000,0.000000,0.000000
5990.000000,0.000000,0.000000,0.000000,0.000000,0.000000,0.000000
6000.000000,0.000000,0.000000,0.000000,0.000000,0.000000,0.000000
6010.000000,0.000000,0.000000,0.000000,0.000000,0.000000,0.000000
6020.000000,0.000000,0.000000,0.000000,0.000000,0.000000,0.000000
6030.000000,0.000000,0.000000,0.000000,0.000000,0.000000,0.000000
6040.000000,0.000000,0.000000,0.000000,0.000000,0.000000,0.000000
6050.000000,0.000000,0.000000,0.000000,0.000000,0.000000,0.000000
6060.000000,0.000000,0.000000,0.000000,0.000000,0.000000,0.000000
6070.000000,0.000000,0.000000,0.000000,0.000000,0.000000,0.000000
6080.000000,0.000000,0.000000,0.000000,0.000000,0.000000,0.000000
6090.000000,0.000000,0.000000,0.000000,0.000000,0.000000,0.000000
6100.000000,0.000000,0.000000,0.000000,0.000000,0.000000,0.000000
6110.000000,0.000000,0.000000,0.000000,0.000000,0.000000,0.000000
6120.000000,0.000000,0.000000,0.000000,0.000000,0.000000,0.000000
6130.000000,0.000000,0.000000,0.000000,0.000000,0.000000,0.000000
6140.000000,0.000000,0.000000,0.000000,0.000000,0.000000,0.000000
6150.000000,0.000000,0.000000,0.000000,0.000000,0.000000,0.000000
6160.000000,0.000000,0.000000,0.000000,0.000000,0.000000,0.000000
6170.000000,0.000000,0.000000,0.000000,0.000000,0.000000,0.000000
6180.000000,0.000000,0.000000,0.000000,0.000000,0.000000,0.000000
6190.000000,0.000000,0.000000,0.000000,0.000000,0.000000,0.000000
6200.000000,0.000000,0.000000,0.000000,0.000000,0.000000,0.000000
6210.000000,0.000000,0.000000,0.000000,0.000000,0.000000,0.000000
6220.000000,0.000000,0.000000,0.000000,0.000000,0.000000,0.000000
6230.000000,0.000000,0.000000,0.000000,0.000000,0.000000,0.000000
6240.000000,0.000000,0.000000,0.000000,0.000000,0.000000,0.000000
6250.000000,0.000000,0.000000,0.000000,0.000000,0.000000,0.000000
6260.000000,0.000000,0.000000,0.000000,0.000000,0.000000,0.000000
6270.000000,0.000000,0.000000,0.000000,0.000000,0.000000,0.000000
6280.000000,0.000000,0.000000,0.000000,0.000000,0.000000,0.000000
6290.000000,0.000000,0.000000,0.000000,0.000000,0.000000,0.000000
6300.000000,0.000000,0.000000,0.000000,0.000000,0.000000,0.000000
6310.000000,0.000000,0.000000,0.000000,0.000000,0.000000,0.000000
6320.000000,0.000000,0.000000,0.000000,0.000000,0.000000,0.000000
6330.000000,0.000000,0.000000,0.000000,0.000000,0.000000,0.000000
6340.000000,0.000000,0.000000,0.000000,0.000000,0.000000,0.000000
6350.000000,0.000000,0.000000,0.000000,0.000000,0.000000,0.000000
6360.000000,0.000000,0.000000,0.000000,0.000000,0.000000,0.000000
6370.000000,0.000000,0.000000,0.000000,0.000000,0.000000,0.000000
6380.000000,0.000000,0.000000,0.000000,0.000000,0.000000,0.000000
6390.000000,0.000000,0.000000,0.000000,0.000000,0.000000,0.000000
6400.000000,0.000000,0.000000,0.000000,0.000000,0.000000,0.000000
6410.000000,0.000000,0.000000,0.000000,0.000000,0.000000,0.000000
6420.000000,0.000000,0.000000,0.000000,0.000000,0.000000,0.000000
6430.000000,0.000000,0.000000,0.000000,0.000000,0.000000,0.000000
6440.000000,0.000000,0.000000,0.000000,0.000000,0.000000,0.000000
6450.000000,0.000000,0.000000,0.000000,0.000000,0.000000,0.000000
6460.000000,0.000000,0.000000,0.000000,0.000000,0.000000,0.000000
6470.000000,0.000000,0.000000,0.000000,0.000000,0.000000,0.000000
6480.000000,0.000000,0.000000,0.000000,0.000000,0.000000,0.000000
6490.000000,0.000000,0.000000,0.000000,0.000000,0.000000,0.000000
6500.000000,0.000000,0.000000,0.000000,0.000000,0.000000,0.000000
6510.000000,0.000000,0.000000,0.000000,0.000000,0.000000,0.000000
6520.000000,0.000000,0.000000,0.000000,0.000000,0.000000,0.000000
6530.000000,0.000000,0.000000,0.000000,0.000000,0.000000,0.000000
6540.000000,0.000000,0.000000,0.000000,0.000000,0.000000,0.000000
6550.000000,0.000000,0.000000,0.000000,0.000000,0.000000,0.000000
6560.000000,0.000000,0.000000,0.000000,0.000000,0.000000,0.000000
6570.000000,0.000000,0.000000,0.000000,0.000000,0.000000,0.000000
6580.000000,0.000000,0.000000,0.000000,0.000000,0.000000,0.000000
6590.000000,0.000000,0.000000,0.000000,0.000000,0.000000,0.000000
6600.000000,0.000000,0.000000,0.000000,0.000000,0.000000,0.000000
6610.000000,0.000000,0.000000,0.000000,0.000000,0.000000,0.000000
6620.000000,0.000000,0.000000,0.000000,0.000000,0.000000,0.000000
6630.000000,0.000000,0.000000,0.000000,0.000000,0.000000,0.000000
6640.000000,0.000000,0.000000,0.000000,0.000000,0.000000,0.000000
6650.000000,0.000000,0.000000,0.000000,0.000000,0.000000,0.000000
6660.000000,0.000000,0.000000,0.000000,0.000000,0.000000,0.000000
6670.000000,0.000000,0.000000,0.000000,0.000000,0.000000,0.000000
6680.000000,0.000000,0.000000,0.000000,0.000000,0.000000,0.000000
6690.000000,0.000000,0.000000,0.000000,0.000000,0.000000,0.000000
6700.000000,0.000000,0.000000,0.000000,0.000000,0.000000,0.000000
6710.000000,0.000000,0.000000,0.000000,0.000000,0.000000,0.000000
6720.000000,0.000000,0.000000,0.000000,0.000000,0.000000,0.000000
6730.000000,0.000000,0.000000,0.000000,0.000000,0.000000,0.000000
6740.000000,0.000000,0.000000,0.000000,0.000000,0.000000,0.000000
6750.000000,0.000000,0.000000,0.000000,0.000000,0.000000,0.000000
6760.000000,0.000000,0.000000,0.000000,0.000000,0.000000,0.000000
6770.000000,0.000000,0.000000,0.000000,0.000000,0.000000,0.000000
6780.000000,0.000000,0.000000,0.000000,0.000000,0.000000,0.000000
6790.000000,0.000000,0.000000,0.000000,0.000000,0.000000,0.000000
6800.000000,0.000000,0.000000,0.000000,0.000000,0.000000,0.000000
6810.000000,0.000000,0.000000,0.000000,0.000000,0.000000,0.000000
6820.000000,0.000000,0.000000,0.000000,0.000000,0.000000,0.000000
6830.000000,0.000000,0.000000,0.000000,0.000000,0.000000,0.000000
6840.000000,0.000000,0.000000,0.000000,0.000000,0.000000,0.000000
6850.000000,0.000000,0.000000,0.000000,0.000000,0.000000,0.000000
6860.000000,0.000000,0.000000,0.000000,0.000000,0.000000,0.000000
6870.000000,0.000000,0.000000,0.000000,0.000000,0.000000,0.000000
6880.000000,0.000000,0.000000,0.000000,0.000000,0.000000,0.000000
6890.000000,0.000000,0.000000,0.000000,0.000000,0.000000,0.000000
6900.000000,0.000000,0.000000,0.000000,0.000000,0.000000,0.000000
6910.000000,0.000000,0.000000,0.000000,0.000000,0.000000,0.000000
6920.000000,0.000000,0.000000,0.000000,0.000000,0.000000,0.000000
6930.000000,0.000000,0.000000,0.000000,0.000000,0.000000,0.000000
6940.000000,0.000000,0.000000,0.000000,0.000000,0.000000,0.000000
6950.000000,0.000000,0.000000,0.000000,0.000000,0.000000,0.000000
6960.000000,0.000000,0.000000,0.000000,0.000000,0.000000,0.000000
6970.000000,0.000000,0.000000,0.000000,0.000000,0.000000,0.000000
6980.000000,0.000000,0.000000,0.000000,0.000000,0.000000,0.000000
6990.000000,0.000000,0.000000,0.000000,0.000000,0.000000,0.000000
7000.000000,0.000000,0.000000,0.000000,0.000000,0.000000,0.000000
7010.000000,0.000000,0.000000,0.000000,0.000000,0.000000,0.000000
7020.000000,0.000000,0.000000,0.000000,0.000000,0.000000,0.000000
7030.000000,0.000000,0.000000,0.000000,0.000000,0.000000,0.000000
7040.000000,0.000000,0.000000,0.000000,0.000000,0.000000,0.000000
7050.000000,0.000000,0.000000,0.000000,0.000000,0.000000,0.000000
7060.000000,0.000000,0.000000,0.000000,0.000000,0.000000,0.000000
7070.000000,0.000000,0.000000,0.000000,0.000000,0.000000,0.000000
7080.000000,0.000000,0.000000,0.000000,0.000000,0.000000,0.000000
7090.000000,0.000000,0.000000,0.000000,0.000000,0.000000,0.000000
7100.000000,0.000000,0.000000,0.000000,0.000000,0.000000,0.000000
7110.000000,0.000000,0.000000,0.000000,0.000000,0.000000,0.000000
7120.000000,0.000000,0.000000,0.000000,0.000000,0.000000,0.000000
7130.000000,0.000000,0.000000,0.000000,0.000000,0.000000,0.000000
7140.000000,0.000000,0.000000,0.000000,0.000000,0.000000,0.000000
7150.000000,0.000000,0.000000,0.000000,0.000000,0.000000,0.000000
7160.000000,0.000000,0.000000,0.000000,0.000000,0.000000,0.000000
7170.000000,0.000000,0.000000,0.000000,0.000000,0.000000,0.000000
7180.000000,0.000000,0.000000,0.000000,0.000000,0.000000,0.000000
7190.000000,0.000000,0.000000,0.000000,0.000000,0.000000,0.000000
7200.000000,0.000000,0.000000,0.000000,0.000000,0.000000,0.000000
7210.000000,0.000000,0.000000,0.000000,0.000000,0.000000,0.000000
7220.000000,0.000000,0.000000,0.000000,0.000000,0.000000,0.000000
7230.000000,0.000000,0.000000,0.000000,0.000000,0.000000,0.000000
7240.000000,0.000000,0.000000,0.000000,0.000000,0.000000,0.000000
7250.000000,0.000000,0.000000,0.000000,0.000000,0.000000,0.000000
7260.000000,0.000000,0.000000,0.000000,0.000000,0.000000,0.000000
7270.000000,0.000000,0.000000,0.000000,0.000000,0.000000,0.000000
7280.000000,0.000000,0.000000,0.000000,0.000000,0.000000,0.000000
7290.000000,0.000000,0.000000,0.000000,0.000000,0.000000,0.000000
7300.000000,0.000000,0.000000,0.000000,0.000000,0.000000,0.000000
7310.000000,0.000000,0.000000,0.000000,0.000000,0.000000,0.000000
7320.000000,0.000000,0.000000,0.000000,0.000000,0.000000,0.000000
7330.000000,0.000000,0.000000,0.000000,0.000000,0.000000,0.000000
7340.000000,0.000000,0.000000,0.000000,0.000000,0.000000,0.000000
7350.000000,0.000000,0.000000,0.000000,0.000000,0.000000,0.000000
7360.000000,0.000000,0.000000,0.000000,0.000000,0.000000,0.000000
7370.000000,0.000000,0.000000,0.000000,0.000000,0.000000,0.000000
7380.000000,0.000000,0.000000,0.000000,0.000000,0.000000,0.000000
7390.000000,0.000000,0.000000,0.000000,0.000000,0.000000,0.000000
7400.000000,0.000000,0.000000,0.000000,0.000000,0.000000,0.000000
7410.000000,0.000000,0.000000,0.000000,0.000000,0.000000,0.000000
7420.000000,0.000000,0.000000,0.000000,0.000000,0.000000,0.000000
7430.000000,0.000000,0.000000,0.000000,0.000000,0.000000,0.000000
7440.000000,0.000000,0.000000,0.000000,0.000000,0.000000,0.000000
7450.000000,0.000000,0.000000,0.000000,0.000000,0.000000,0.000000
7460.000000,0.000000,0.000000,0.000000,0.000000,0.000000,0.000000
7470.000000,0.000000,0.000000,0.000000,0.000000,0.000000,0.000000
7480.000000,0.000000,0.000000,0.000000,0.000000,0.000000,0.000000
7490.000000,0.000000,0.000000,0.000000,0.000000,0.000000,0.000000
7500.000000,0.000000,0.000000,0.000000,0.000000,0.000000,0.000000
7510.000000,0.000000,0.000000,0.000000,0.000000,0.000000,0.000000
7520.000000,0.000000,0.000000,0.000000,0.000000,0.000000,0.000000
7530.000000,0.000000,0.000000,0.000000,0.000000,0.000000,0.000000
7540.000000,0.000000,0.000000,0.000000,0.000000,0.000000,0.000000
7550.000000,0.000000,0.000000,0.000000,0.000000,0.000000,0.000000
7560.000000,0.000000,0.000000,0.000000,0.000000,0.000000,0.000000
7570.000000,0.000000,0.000000,0.000000,0.000000,0.000000,0.000000
7580.000000,0.000000,0.000000,0.000000,0.000000,0.000000,0.000000
7590.000000,0.000000,0.000000,0.000000,0.000000,0.000000,0.000000
7600.000000,0.000000,0.000000,0.000000,0.000000,0.000000,0.000000
7610.000000,0.000000,0.000000,0.000000,0.000000,0.000000,0.000000
7620.000000,0.000000,0.000000,0.000000,0.000000,0.000000,0.000000
7630.000000,0.000000,0.000000,0.000000,0.000000,0.000000,0.000000
7640.000000,0.000000,0.000000,0.000000,0.000000,0.000000,0.000000
7650.000000,0.000000,0.000000,0.000000,0.000000,0.000000,0.000000
7660.000000,0.000000,0.000000,0.000000,0.000000,0.000000,0.000000
7670.000000,0.000000,0.000000,0.000000,0.000000,0.000000,0.000000
7680.000000,0.000000,0.000000,0.000000,0.000000,0.000000,0.000000
7690.000000,0.000000,0.000000,0.000000,0.000000,0.000000,0.000000
7700.000000,0.000000,0.000000,0.000000,0.000000,0.000000,0.000000
7710.000000,0.000000,0.000000,0.000000,0.000000,0.000000,0.000000
7720.000000,0.000000,0.000000,0.000000,0.000000,0.000000,0.000000
7730.000000,0.000000,0.000000,0.000000,0.000000,0.000000,0.000000
7740.000000,0.000000,0.000000,0.000000,0.000000,0.000000,0.000000
7750.000000,0.000000,0.000000,0.000000,0.000000,0.000000,0.000000
7760.000000,0.000000,0.000000,0.000000,0.000000,0.000000,0.000000
7770.000000,0.000000,0.000000,0.000000,0.000000,0.000000,0.000000
7780.000000,0.000000,0.000000,0.000000,0.000000,0.000000,0.000000
7790.000000,0.000000,0.000000,0.000000,0.000000,0.000000,0.000000
7800.000000,0.000000,0.000000,0.000000,0.000000,0.000000,0.000000
7810.000000,0.000000,0.000000,0.000000,0.000000,0.000000,0.000000
7820.000000,0.000000,0.000000,0.000000,0.000000,0.000000,0.000000
7830.000000,0.000000,0.000000,0.000000,0.000000,0.000000,0.000000
7840.000000,0.000000,0.000000,0.000000,0.000000,0.000000,0.000000
7850.000000,0.000000,0.000000,0.000000,0.000000,0.000000,0.000000
7860.000000,0.000000,0.000000,0.000000,0.000000,0.000000,0.000000
7870.000000,0.000000,0.000000,0.000000,0.000000,0.000000,0.000000
7880.000000,0.000000,0.000000,0.000000,0.000000,0.000000,0.000000
7890.000000,0.000000,0.000000,0.000000,0.000000,0.000000,0.000000
7900.000000,0.000000,0.000000,0.000000,0.000000,0.000000,0.000000
7910.000000,0.000000,0.000000,0.000000,0.000000,0.000000,0.000000
7920.000000,0.000000,0.000000,0.000000,0.000000,0.000000,0.000000
7930.000000,0.000000,0.000000,0.000000,0.000000,0.000000,0.000000
7940.000000,0.000000,0.000000,0.000000,0.000000,0.000000,0.000000
7950.000000,0.000000,0.000000,0.000000,0.000000,0.000000,0.000000
7960.000000,0.000000,0.000000,0.000000,0.000000,0.000000,0.000000
7970.000000,0.000000,0.000000,0.000000,0.000000,0.000000,0.000000
7980.000000,0.000000,0.000000,0.000000,0.000000,0.000000,0.000000
7990.000000,0.000000,0.000000,0.000000,0.000000,0.000000,0.000000
8000.000000,0.000000,0.000000,0.000000,0.000000,0.000000,0.000000
8010.000000,0.000000,0.000000,0.000000,0.000000,0.000000,0.000000
8020.000000,0.000000,0.000000,0.000000,0.000000,0.000000,0.000000
8030.000000,0.000000,0.000000,0.000000,0.000000,0.000000,0.000000
8040.000000,0.000000,0.000000,0.000000,0.000000,0.000000,0.000000
8050.000000,0.000000,0.000000,0.000000,0.000000,0.000000,0.000000
8060.000000,0.000000,0.000000,0.000000,0.000000,0.000000,0.000000
8070.000000,0.000000,0.000000,0.000000,0.000000,0.000000,0.000000
8080.000000,0.000000,0.000000,0.000000,0.000000,0.000000,0.000000
8090.000000,0.000000,0.000000,0.000000,0.000000,0.000000,0.000000
8100.000000,0.000000,0.000000,0.000000,0.000000,0.000000,0.000000
8110.000000,0.000000,0.000000,0.000000,0.000000,0.000000,0.000000
8120.000000,0.000000,0.000000,0.000000,0.000000,0.000000,0.000000
8130.000000,0.000000,0.000000,0.000000,0.000000,0.000000,0.000000
8140.000000,0.000000,0.000000,0.000000,0.000000,0.000000,0.000000
8150.000000,0.000000,0.000000,0.000000,0.000000,0.000000,0.000000
8160.000000,0.000000,0.000000,0.000000,0.000000,0.000000,0.000000
8170.000000,0.000000,0.000000,0.000000,0.000000,0.000000,0.000000
8180.000000,0.000000,0.000000,0.000000,0.000000,0.000000,0.000000
8190.000000,0.000000,0.000000,0.000000,0.000000,0.000000,0.000000
8200.000000,0.000000,0.000000,0.000000,0.000000,0.000000,0.000000
8210.000000,0.000000,0.000000,0.000000,0.000000,0.000000,0.000000
8220.000000,0.000000,0.000000,0.000000,0.000000,0.000000,0.000000
8230.000000,0.000000,0.000000,0.000000,0.000000,0.000000,0.000000
8240.000000,0.000000,0.000000,0.000000,0.000000,0.000000,0.000000
8250.000000,0.000000,0.000000,0.000000,0.000000,0.000000,0.000000
8260.000000,0.000000,0.000000,0.000000,0.000000,0.000000,0.000000
8270.000000,0.000000,0.000000,0.000000,0.000000,0.000000,0.000000
8280.000000,0.000000,0.000000,0.000000,0.000000,0.000000,0.000000
8290.000000,0.000000,0.000000,0.000000,0.000000,0.000000,0.000000
8300.000000,0.000000,0.000000,0.000000,0.000000,0.000000,0.000000
8310.000000,0.000000,0.000000,0.000000,0.000000,0.000000,0.000000
8320.000000,0.000000,0.000000,0.000000,0.000000,0.000000,0.000000
8330.000000,0.000000,0.000000,0.000000,0.000000,0.000000,0.000000
8340.000000,0.000000,0.000000,0.000000,0.000000,0.000000,0.000000
8350.000000,0.000000,0.000000,0.000000,0.000000,0.000000,0.000000
8360.000000,0.000000,0.000000,0.000000,0.000000,0.000000,0.000000
8370.000000,0.000000,0.000000,0.000000,0.000000,0.000000,0.000000
8380.000000,0.000000,0.000000,0.000000,0.000000,0.000000,0.000000
8390.000000,0.000000,0.000000,0.000000,0.000000,0.000000,0.000000
8400.000000,0.000000,0.000000,0.000000,0.000000,0.000000,0.000000
8410.000000,0.000000,0.000000,0.000000,0.000000,0.000000,0.000000
8420.000000,0.000000,0.000000,0.000000,0.000000,0.000000,0.000000
8430.000000,0.000000,0.000000,0.000000,0.000000,0.000000,0.000000
8440.000000,0.000000,0.000000,0.000000,0.000000,0.000000,0.000000
8450.000000,0.000000,0.000000,0.000000,0.000000,0.000000,0.000000
8460.000000,0.000000,0.000000,0.000000,0.000000,0.000000,0.000000
8470.000000,0.000000,0.000000,0.000000,0.000000,0.000000,0.000000
8480.000000,0.000000,0.000000,0.000000,0.000000,0.000000,0.000000
8490.000000,0.000000,0.000000,0.000000,0.000000,0.000000,0.000000
8500.000000,0.000000,0.000000,0.000000,0.000000,0.000000,0.000000
8510.000000,0.000000,0.000000,0.000000,0.000000,0.000000,0.000000
8520.000000,0.000000,0.000000,0.000000,0.000000,0.000000,0.000000
8530.000000,0.000000,0.000000,0.000000,0.000000,0.000000,0.000000
8540.000000,0.000000,0.000000,0.000000,0.000000,0.000000,0.000000
8550.000000,0.000000,0.000000,0.000000,0.000000,0.000000,0.000000
8560.000000,0.000000,0.000000,0.000000,0.000000,0.000000,0.000000
8570.000000,0.000000,0.000000,0.000000,0.000000,0.000000,0.000000
8580.000000,0.000000,0.000000,0.000000,0.000000,0.000000,0.000000
8590.000000,0.000000,0.000000,0.000000,0.000000,0.000000,0.000000
8600.000000,0.000000,0.000000,0.000000,0.000000,0.000000,0.000000
8610.000000,0.000000,0.000000,0.000000,0.000000,0.000000,0.000000
8620.000000,0.000000,0.000000,0.000000,0.000000,0.000000,0.000000
8630.000000,0.000000,0.000000,0.000000,0.000000,0.000000,0.000000
8640.000000,0.000000,0.000000,0.000000,0.000000,0.000000,0.000000
8650.000000,0.000000,0.000000,0.000000,0.000000,0.000000,0.000000
8660.000000,0.000000,0.000000,0.000000,0.000000,0.000000,0.000000
8670.000000,0.000000,0.000000,0.000000,0.000000,0.000000,0.000000
8680.000000,0.000000,0.000000,0.000000,0.000000,0.000000,0.000000
8690.000000,0.000000,0.000000,0.000000,0.000000,0.000000,0.000000
8700.000000,0.000000,0.000000,0.000000,0.000000,0.000000,0.000000
8710.000000,0.000000,0.000000,0.000000,0.000000,0.000000,0.000000
8720.000000,0.000000,0.000000,0.000000,0.000000,0.000000,0.000000
8730.000000,0.000000,0.000000,0.000000,0.000000,0.000000,0.000000
8740.000000,0.000000,0.000000,0.000000,0.000000,0.000000,0.000000
8750.000000,0.000000,0.000000,0.000000,0.000000,0.000000,0.000000
8760.000000,0.000000,0.000000,0.000000,0.000000,0.000000,0.000000
8770.000000,0.000000,0.000000,0.000000,0.000000,0.000000,0.000000
8780.000000,0.000000,0.000000,0.000000,0.000000,0.000000,0.000000
8790.000000,0.000000,0.000000,0.000000,0.000000,0.000000,0.000000
8800.000000,0.000000,0.000000,0.000000,0.000000,0.000000,0.000000
8810.000000,0.000000,0.000000,0.000000,0.000000,0.000000,0.000000
8820.000000,0.000000,0.000000,0.000000,0.000000,0.000000,0.000000
8830.000000,0.000000,0.000000,0.000000,0.000000,0.000000,0.000000
8840.000000,0.000000,0.000000,0.000000,0.000000,0.000000,0.000000
8850.000000,0.000000,0.000000,0.000000,0.000000,0.000000,0.000000
8860.000000,0.000000,0.000000,0.000000,0.000000,0.000000,0.000000
8870.000000,0.000000,0.000000,0.000000,0.000000,0.000000,0.000000
8880.000000,0.000000,0.000000,0.000000,0.000000,0.000000,0.000000
8890.000000,0.000000,0.000000,0.000000,0.000000,0.000000,0.000000
8900.000000,0.000000,0.000000,0.000000,0.000000,0.000000,0.000000
8910.000000,0.000000,0.000000,0.000000,0.000000,0.000000,0.000000
8920.000000,0.000000,0.000000,0.000000,0.000000,0.000000,0.000000
8930.000000,0.000000,0.000000,0.000000,0.000000,0.000000,0.000000
8940.000000,0.000000,0.000000,0.000000,0.000000,0.000000,0.000000
8950.000000,0.000000,0.000000,0.000000,0.000000,0.000000,0.000000
8960.000000,0.000000,0.000000,0.000000,0.000000,0.000000,0.000000
8970.000000,0.000000,0.000000,0.000000,0.000000,0.000000,0.000000
8980.000000,0.000000,0.000000,0.000000,0.000000,0.000000,0.000000
8990.000000,0.000000,0.000000,0.000000,0.000000,0.000000,0.000000
9000.000000,0.000000,0.000000,0.000000,0.000000,0.000000,0.000000
9010.000000,0.000000,0.000000,0.000000,0.000000,0.000000,0.000000
9020.000000,0.000000,0.000000,0.000000,0.000000,0.000000,0.000000
9030.000000,0.000000,0.000000,0.000000,0.000000,0.000000,0.000000
9040.000000,0.000000,0.000000,0.000000,0.000000,0.000000,0.000000
9050.000000,0.000000,0.000000,0.000000,0.000000,0.000000,0.000000
9060.000000,0.000000,0.000000,0.000000,0.000000,0.000000,0.000000
9070.000000,0.000000,0.000000,0.000000,0.000000,0.000000,0.000000
9080.000000,0.000000,0.000000,0.000000,0.000000,0.000000,0.000000
9090.000000,0.000000,0.000000,0.000000,0.000000,0.000000,0.000000
9100.000000,0.000000,0.000000,0.000000,0.000000,0.000000,0.000000
9110.000000,0.000000,0.000000,0.000000,0.000000,0.000000,0.000000
9120.000000,0.000000,0.000000,0.000000,0.000000,0.000000,0.000000
9130.000000,0.000000,0.000000,0.000000,0.000000,0.000000,0.000000
9140.000000,0.000000,0.000000,0.000000,0.000000,0.000000,0.000000
9150.000000,0.000000,0.000000,0.000000,0.000000,0.000000,0.000000
9160.000000,0.000000,0.000000,0.000000,0.000000,0.000000,0.000000
9170.000000,0.000000,0.000000,0.000000,0.000000,0.000000,0.000000
9180.000000,0.000000,0.000000,0.000000,0.000000,0.000000,0.000000
9190.000000,0.000000,0.000000,0.000000,0.000000,0.000000,0.000000
9200.000000,0.000000,0.000000,0.000000,0.000000,0.000000,0.000000
9210.000000,0.000000,0.000000,0.000000,0.000000,0.000000,0.000000
9220.000000,0.000000,0.000000,0.000000,0.000000,0.000000,0.000000
9230.000000,0.000000,0.000000,0.000000,0.000000,0.000000,0.000000
9240.000000,0.000000,0.000000,0.000000,0.000000,0.000000,0.000000
9250.000000,0.000000,0.000000,0.000000,0.000000,0.000000,0.000000
9260.000000,0.000000,0.000000,0.000000,0.000000,0.000000,0.000000
9270.000000,0.000000,0.000000,0.000000,0.000000,0.000000,0.000000
9280.000000,0.000000,0.000000,0.000000,0.000000,0.000000,0.000000
9290.000000,0.000000,0.000000,0.000000,0.000000,0.000000,0.000000
9300.000000,0.000000,0.000000,0.000000,0.000000,0.000000,0.000000
9310.000000,0.000000,0.000000,0.000000,0.000000,0.000000,0.000000
9320.000000,0.000000,0.000000,0.000000,0.000000,0.000000,0.000000
9330.000000,0.000000,0.000000,0.000000,0.000000,0.000000,0.000000
9340.000000,0.000000,0.000000,0.000000,0.000000,0.000000,0.000000
9350.000000,0.000000,0.000000,0.000000,0.000000,0.000000,0.000000
9360.000000,0.000000,0.000000,0.000000,0.000000,0.000000,0.000000
9370.000000,0.000000,0.000000,0.000000,0.000000,0.000000,0.000000
9380.000000,0.000000,0.000000,0.000000,0.000000,0.000000,0.000000
9390.000000,0.000000,0.000000,0.000000,0.000000,0.000000,0.000000
9400.000000,0.000000,0.000000,0.000000,0.000000,0.000000,0.000000
9410.000000,0.000000,0.000000,0.000000,0.000000,0.000000,0.000000
9420.000000,0.000000,0.000000,0.000000,0.000000,0.000000,0.000000
9430.000000,0.000000,0.000000,0.000000,0.000000,0.000000,0.000000
9440.000000,0.000000,0.000000,0.000000,0.000000,0.000000,0.000000
9450.000000,0.000000,0.000000,0.000000,0.000000,0.000000,0.000000
9460.000000,0.000000,0.000000,0.000000,0.000000,0.000000,0.000000
9470.000000,0.000000,0.000000,0.000000,0.000000,0.000000,0.000000
9480.000000,0.000000,0.000000,0.000000,0.000000,0.000000,0.000000
9490.000000,0.000000,0.000000,0.000000,0.000000,0.000000,0.000000
9500.000000,0.000000,0.000000,0.000000,0.000000,0.000000,0.000000
9510.000000,0.000000,0.000000,0.000000,0.000000,0.000000,0.000000
9520.000000,0.000000,0.000000,0.000000,0.000000,0.000000,0.000000
9530.000000,0.000000,0.000000,0.000000,0.000000,0.000000,0.000000
9540.000000,0.000000,0.000000,0.000000,0.000000,0.000000,0.000000
9550.000000,0.000000,0.000000,0.000000,0.000000,0.000000,0.000000
9560.000000,0.000000,0.000000,0.000000,0.000000,0.000000,0.000000
9570.000000,0.000000,0.000000,0.000000,0.000000,0.000000,0.000000
9580.000000,0.000000,0.000000,0.000000,0.000000,0.000000,0.000000
9590.000000,0.000000,0.000000,0.000000,0.000000,0.000000,0.000000
9600.000000,0.000000,0.000000,0.000000,0.000000,0.000000,0.000000
9610.000000,0.000000,0.000000,0.000000,0.000000,0.000000,0.000000
9620.000000,0.000000,0.000000,0.000000,0.000000,0.000000,0.000000
9630.000000,0.000000,0.000000,0.000000,0.000000,0.000000,0.000000
9640.000000,0.000000,0.000000,0.000000,0.000000,0.000000,0.000000
9650.000000,0.000000,0.000000,0.000000,0.000000,0.000000,0.000000
9660.000000,0.000000,0.000000,0.000000,0.000000,0.000000,0.000000
9670.000000,0.000000,0.000000,0.000000,0.000000,0.000000,0.000000
9680.000000,0.000000,0.000000,0.000000,0.000000,0.000000,0.000000
9690.000000,0.000000,0.000000,0.000000,0.000000,0.000000,0.000000
9700.000000,0.000000,0.000000,0.000000,0.000000,0.000000,0.000000
9710.000000,0.000000,0.000000,0.000000,0.000000,0.000000,0.000000
9720.000000,0.000000,0.000000,0.000000,0.000000,0.000000,0.000000
9730.000000,0.000000,0.000000,0.000000,0.000000,0.000000,0.000000
9740.000000,0.000000,0.000000,0.000000,0.000000,0.000000,0.000000
9750.000000,0.000000,0.000000,0.000000,0.000000,0.000000,0.000000
9760.000000,0.000000,0.000000,0.000000,0.000000,0.000000,0.000000
9770.000000,0.000000,0.000000,0.000000,0.000000,0.000000,0.000000
9780.000000,0.000000,0.000000,0.000000,0.000000,0.000000,0.000000
9790.000000,0.000000,0.000000,0.000000,0.000000,0.000000,0.000000
9800.000000,0.000000,0.000000,0.000000,0.000000,0.000000,0.000000
9810.000000,0.000000,0.000000,0.000000,0.000000,0.000000,0.000000
9820.000000,0.000000,0.000000,0.000000,0.000000,0.000000,0.000000
9830.000000,0.000000,0.000000,0.000000,0.000000,0.000000,0.000000
9840.000000,0.000000,0.000000,0.000000,0.000000,0.000000,0.000000
9850.000000,0.000000,0.000000,0.000000,0.000000,0.000000,0.000000
9860.000000,0.000000,0.000000,0.000000,0.000000,0.000000,0.000000
9870.000000,0.000000,0.000000,0.000000,0.000000,0.000000,0.000000
9880.000000,0.000000,0.000000,0.000000,0.000000,0.000000,0.000000
9890.000000,0.000000,0.000000,0.000000,0.000000,0.000000,0.000000
9900.000000,0.000000,0.000000,0.000000,0.000000,0.000000,0.000000
9910.000000,0.000000,0.000000,0.000000,0.000000,0.000000,0.000000
9920.000000,0.000000,0.000000,0.000000,0.000000,0.000000,0.000000
9930.000000,0.000000,0.000000,0.000000,0.000000,0.000000,0.000000
9940.000000,0.000000,0.000000,0.000000,0.000000,0.000000,0.000000
9950.000000,0.000000,0.000000,0.000000,0.000000,0.000000,0.000000
9960.000000,0.000000,0.000000,0.000000,0.000000,0.000000,0.000000
9970.000000,0.000000,0.000000,0.000000,0.000000,0.000000,0.000000
9980.000000,0.000000,0.000000,0.000000,0.000000,0.000000,0.000000
9990.000000,0.000000,0.000000,0.000000,0.000000,0.000000,0.000000
10000.000000,0.000000,0.000000,0.000000,0.000000,0.000000,0.000000
10010.000000,0.000000,0.000000,0.000000,0.000000,0.000000,0.000000
10020.000000,0.000000,0.000000,0.000000,0.000000,0.000000,0.000000
10030.000000,0.000000,0.000000,0.000000,0.000000,0.000000,0.000000
10040.000000,0.000000,0.000000,0.000000,0.000000,0.000000,0.000000
10050.000000,0.000000,0.000000,0.000000,0.000000,0.000000,0.000000
10060.000000,0.000000,0.000000,0.000000,0.000000,0.000000,0.000000
10070.000000,0.000000,0.000000,0.000000,0.000000,0.000000,0.000000
10080.000000,0.000000,0.000000,0.000000,0.000000,0.000000,0.000000
10090.000000,0.000000,0.000000,0.000000,0.000000,0.000000,0.000000
10100.000000,0.000000,0.000000,0.000000,0.000000,0.000000,0.000000
10110.000000,0.000000,0.000000,0.000000,0.000000,0.000000,0.000000
10120.000000,0.000000,0.000000,0.000000,0.000000,0.000000,0.000000
10130.000000,0.000000,0.000000,0.000000,0.000000,0.000000,0.000000
10140.000000,0.000000,0.000000,0.000000,0.000000,0.000000,0.000000
10150.000000,0.000000,0.000000,0.000000,0.000000,0.000000,0.000000
10160.000000,0.000000,0.000000,0.000000,0.000000,0.000000,0.000000
10170.000000,0.000000,0.000000,0.000000,0.000000,0.000000,0.000000
10180.000000,0.000000,0.000000,0.000000,0.000000,0.000000,0.000000
10190.000000,0.000000,0.000000,0.000000,0.000000,0.000000,0.000000
10200.000000,0.000000,0.000000,0.000000,0.000000,0.000000,0.000000
10210.000000,0.000000,0.000000,0.000000,0.000000,0.000000,0.000000
10220.000000,0.000000,0.000000,0.000000,0.000000,0.000000,0.000000
10230.000000,0.000000,0.000000,0.000000,0.000000,0.000000,0.000000
10240.000000,0.000000,0.000000,0.000000,0.000000,0.000000,0.000000
10250.000000,0.000000,0.000000,0.000000,0.000000,0.000000,0.000000
10260.000000,0.000000,0.000000,0.000000,0.000000,0.000000,0.000000
10270.000000,0.000000,0.000000,0.000000,0.000000,0.000000,0.000000
10280.000000,0.000000,0.000000,0.000000,0.000000,0.000000,0.000000
10290.000000,0.000000,0.000000,0.000000,0.000000,0.000000,0.000000
10300.000000,0.000000,0.000000,0.000000,0.000000,0.000000,0.000000
10310.000000,0.000000,0.000000,0.000000,0.000000,0.000000,0.000000
10320.000000,0.000000,0.000000,0.000000,0.000000,0.000000,0.000000
10330.000000,0.000000,0.000000,0.000000,0.000000,0.000000,0.000000
10340.000000,0.000000,0.000000,0.000000,0.000000,0.000000,0.000000
10350.000000,0.000000,0.000000,0.000000,0.000000,0.000000,0.000000
10360.000000,0.000000,0.000000,0.000000,0.000000,0.000000,0.000000
10370.000000,0.000000,0.000000,0.000000,0.000000,0.000000,0.000000
10380.000000,0.000000,0.000000,0.000000,0.000000,0.000000,0.000000
10390.000000,0.000000,0.000000,0.000000,0.000000,0.000000,0.000000
10400.000000,0.000000,0.000000,0.000000,0.000000,0.000000,0.000000
10410.000000,0.000000,0.000000,0.000000,0.000000,0.000000,0.000000
10420.000000,0.000000,0.000000,0.000000,0.000000,0.000000,0.000000
10430.000000,0.000000,0.000000,0.000000,0.000000,0.000000,0.000000
10440.000000,0.000000,0.000000,0.000000,0.000000,0.000000,0.000000
10450.000000,0.000000,0.000000,0.000000,0.000000,0.000000,0.000000
10460.000000,0.000000,0.000000,0.000000,0.000000,0.000000,0.000000
10470.000000,0.000000,0.000000,0.000000,0.000000,0.000000,0.000000
10480.000000,0.000000,0.000000,0.000000,0.000000,0.000000,0.000000
10490.000000,0.000000,0.000000,0.000000,0.000000,0.000000,0.000000
10500.000000,0.000000,0.000000,0.000000,0.000000,0.000000,0.000000
10510.000000,0.000000,0.000000,0.000000,0.000000,0.000000,0.000000
10520.000000,0.000000,0.000000,0.000000,0.000000,0.000000,0.000000
10530.000000,0.000000,0.000000,0.000000,0.000000,0.000000,0.000000
10540.000000,0.000000,0.000000,0.000000,0.000000,0.000000,0.000000
10550.000000,0.000000,0.000000,0.000000,0.000000,0.000000,0.000000
10560.000000,0.000000,0.000000,0.000000,0.000000,0.000000,0.000000
10570.000000,0.000000,0.000000,0.000000,0.000000,0.000000,0.000000
10580.000000,0.000000,0.000000,0.000000,0.000000,0.000000,0.000000
10590.000000,0.000000,0.000000,0.000000,0.000000,0.000000,0.000000
10600.000000,0.000000,0.000000,0.000000,0.000000,0.000000,0.000000
10610.000000,0.000000,0.000000,0.000000,0.000000,0.000000,0.000000
10620.000000,0.000000,0.000000,0.000000,0.000000,0.000000,0.000000
10630.000000,0.000000,0.000000,0.000000,0.000000,0.000000,0.000000
10640.000000,0.000000,0.000000,0.000000,0.000000,0.000000,0.000000
10650.000000,0.000000,0.000000,0.000000,0.000000,0.000000,0.000000
10660.000000,0.000000,0.000000,0.000000,0.000000,0.000000,0.000000
10670.000000,0.000000,0.000000,0.000000,0.000000,0.000000,0.000000
10680.000000,0.000000,0.000000,0.000000,0.000000,0.000000,0.000000
10690.000000,0.000000,0.000000,0.000000,0.000000,0.000000,0.000000
10700.000000,0.000000,0.000000,0.000000,0.000000,0.000000,0.000000
10710.000000,0.000000,0.000000,0.000000,0.000000,0.000000,0.000000
10720.000000,0.000000,0.000000,0.000000,0.000000,0.000000,0.000000
10730.000000,0.000000,0.000000,0.000000,0.000000,0.000000,0.000000
10740.000000,0.000000,0.000000,0.000000,0.000000,0.000000,0.000000
10750.000000,0.000000,0.000000,0.000000,0.000000,0.000000,0.000000
10760.000000,0.000000,0.000000,0.000000,0.000000,0.000000,0.000000
10770.000000,0.000000,0.000000,0.000000,0.000000,0.000000,0.000000
10780.000000,0.000000,0.000000,0.000000,0.000000,0.000000,0.000000
10790.000000,0.000000,0.000000,0.000000,0.000000,0.000000,0.000000
10800.000000,0.000000,0.000000,0.000000,0.000000,0.000000,0.000000
10810.000000,0.000000,0.000000,0.000000,0.000000,0.000000,0.000000
10820.000000,0.000000,0.000000,0.000000,0.000000,0.000000,0.000000
10830.000000,0.000000,0.000000,0.000000,0.000000,0.000000,0.000000
10840.000000,0.000000,0.000000,0.000000,0.000000,0.000000,0.000000
10850.000000,0.000000,0.000000,0.000000,0.000000,0.000000,0.000000
10860.000000,0.000000,0.000000,0.000000,0.000000,0.000000,0.000000
10870.000000,0.000000,0.000000,0.000000,0.000000,0.000000,0.000000
10880.000000,0.000000,0.000000,0.000000,0.000000,0.000000,0.000000
10890.000000,0.000000,0.000000,0.000000,0.000000,0.000000,0.000000
10900.000000,0.000000,0.000000,0.000000,0.000000,0.000000,0.000000
10910.000000,0.000000,0.000000,0.000000,0.000000,0.000000,0.000000
10920.000000,0.000000,0.000000,0.000000,0.000000,0.000000,0.000000
10930.000000,0.000000,0.000000,0.000000,0.000000,0.000000,0.000000
10940.000000,0.000000,0.000000,0.000000,0.000000,0.000000,0.000000
10950.000000,0.000000,0.000000,0.000000,0.000000,0.000000,0.000000
10960.000000,0.000000,0.000000,0.000000,0.000000,0.000000,0.000000
10970.000000,0.000000,0.000000,0.000000,0.000000,0.000000,0.000000
10980.000000,0.000000,0.000000,0.000000,0.000000,0.000000,0.000000
10990.000000,0.000000,0.000000,0.000000,0.000000,0.000000,0.000000
11000.000000,0.000000,0.000000,0.000000,0.000000,0.000000,0.000000
11010.000000,0.000000,0.000000,0.000000,0.000000,0.000000,0.000000
11020.000000,0.000000,0.000000,0.000000,0.000000,0.000000,0.000000
11030.000000,0.000000,0.000000,0.000000,0.000000,0.000000,0.000000
11040.000000,0.000000,0.000000,0.000000,0.000000,0.000000,0.000000
11050.000000,0.000000,0.000000,0.000000,0.000000,0.000000,0.000000
11060.000000,0.000000,0.000000,0.000000,0.000000,0.000000,0.000000
11070.000000,0.000000,0.000000,0.000000,0.000000,0.000000,0.000000
11080.000000,0.000000,0.000000,0.000000,0.000000,0.000000,0.000000
11090.000000,0.000000,0.000000,0.000000,0.000000,0.000000,0.000000
11100.000000,0.000000,0.000000,0.000000,0.000000,0.000000,0.000000
11110.000000,0.000000,0.000000,0.000000,0.000000,0.000000,0.000000
11120.000000,0.000000,0.000000,0.000000,0.000000,0.000000,0.000000
11130.000000,0.000000,0.000000,0.000000,0.000000,0.000000,0.000000
11140.000000,0.000000,0.000000,0.000000,0.000000,0.000000,0.000000
11150.000000,0.000000,0.000000,0.000000,0.000000,0.000000,0.000000
11160.000000,0.000000,0.000000,0.000000,0.000000,0.000000,0.000000
11170.000000,0.000000,0.000000,0.000000,0.000000,0.000000,0.000000
11180.000000,0.000000,0.000000,0.000000,0.000000,0.000000,0.000000
11190.000000,0.000000,0.000000,0.000000,0.000000,0.000000,0.000000
11200.000000,0.000000,0.000000,0.000000,0.000000,0.000000,0.000000
11210.000000,0.000000,0.000000,0.000000,0.000000,0.000000,0.000000
11220.000000,0.000000,0.000000,0.000000,0.000000,0.000000,0.000000
11230.000000,0.000000,0.000000,0.000000,0.000000,0.000000,0.000000
11240.000000,0.000000,0.000000,0.000000,0.000000,0.000000,0.000000
11250.000000,0.000000,0.000000,0.000000,0.000000,0.000000,0.000000
11260.000000,0.000000,0.000000,0.000000,0.000000,0.000000,0.000000
11270.000000,0.000000,0.000000,0.000000,0.000000,0.000000,0.000000
11280.000000,0.000000,0.000000,0.000000,0.000000,0.000000,0.000000
11290.000000,0.000000,0.000000,0.000000,0.000000,0.000000,0.000000
11300.000000,0.000000,0.000000,0.000000,0.000000,0.000000,0.000000
11310.000000,0.000000,0.000000,0.000000,0.000000,0.000000,0.000000
11320.000000,0.000000,0.000000,0.000000,0.000000,0.000000,0.000000
11330.000000,0.000000,0.000000,0.000000,0.000000,0.000000,0.000000
11340.000000,0.000000,0.000000,0.000000,0.000000,0.000000,0.000000
11350.000000,0.000000,0.000000,0.000000,0.000000,0.000000,0.000000
11360.000000,0.000000,0.000000,0.000000,0.000000,0.000000,0.000000
11370.000000,0.000000,0.000000,0.000000,0.000000,0.000000,0.000000
11380.000000,0.000000,0.000000,0.000000,0.000000,0.000000,0.000000
11390.000000,0.000000,0.000000,0.000000,0.000000,0.000000,0.000000
11400.000000,0.000000,0.000000,0.000000,0.000000,0.000000,0.000000
11410.000000,0.000000,0.000000,0.000000,0.000000,0.000000,0.000000
11420.000000,0.000000,0.000000,0.000000,0.000000,0.000000,0.000000
11430.000000,0.000000,0.000000,0.000000,0.000000,0.000000,0.000000
11440.000000,0.000000,0.000000,0.000000,0.000000,0.000000,0.000000
11450.000000,0.000000,0.000000,0.000000,0.000000,0.000000,0.000000
11460.000000,0.000000,0.000000,0.000000,0.000000,0.000000,0.000000
11470.000000,0.000000,0.000000,0.000000,0.000000,0.000000,0.000000
11480.000000,0.000000,0.000000,0.000000,0.000000,0.000000,0.000000
11490.000000,0.000000,0.000000,0.000000,0.000000,0.000000,0.000000
11500.000000,0.000000,0.000000,0.000000,0.000000,0.000000,0.000000
11510.000000,0.000000,0.000000,0.000000,0.000000,0.000000,0.000000
11520.000000,0.000000,0.000000,0.000000,0.000000,0.000000,0.000000
11530.000000,0.000000,0.000000,0.000000,0.000000,0.000000,0.000000
11540.000000,0.000000,0.000000,0.000000,0.000000,0.000000,0.000000
11550.000000,0.000000,0.000000,0.000000,0.000000,0.000000,0.000000
11560.000000,0.000000,0.000000,0.000000,0.000000,0.000000,0.000000
11570.000000,0.000000,0.000000,0.000000,0.000000,0.000000,0.000000
11580.000000,0.000000,0.000000,0.000000,0.000000,0.000000,0.000000
11590.000000,0.000000,0.000000,0.000000,0.000000,0.000000,0.000000
11600.000000,0.000000,0.000000,0.000000,0.000000,0.000000,0.000000
11610.000000,0.000000,0.000000,0.000000,0.000000,0.000000,0.000000
11620.000000,0.000000,0.000000,0.000000,0.000000,0.000000,0.000000
11630.000000,0.000000,0.000000,0.000000,0.000000,0.000000,0.000000
11640.000000,0.000000,0.000000,0.000000,0.000000,0.000000,0.000000
11650.000000,0.000000,0.000000,0.000000,0.000000,0.000000,0.000000
11660.000000,0.000000,0.000000,0.000000,0.000000,0.000000,0.000000
11670.000000,0.000000,0.000000,0.000000,0.000000,0.000000,0.000000
11680.000000,0.000000,0.000000,0.000000,0.000000,0.000000,0.000000
11690.000000,0.000000,0.000000,0.000000,0.000000,0.000000,0.000000
11700.000000,0.000000,0.000000,0.000000,0.000000,0.000000,0.000000
11710.000000,0.000000,0.000000,0.000000,0.000000,0.000000,0.000000
11720.000000,0.000000,0.000000,0.000000,0.000000,0.000000,0.000000
11730.000000,0.000000,0.000000,0.000000,0.000000,0.000000,0.000000
11740.000000,0.000000,0.000000,0.000000,0.000000,0.000000,0.000000
11750.000000,0.000000,0.000000,0.000000,0.000000,0.000000,0.000000
11760.000000,0.000000,0.000000,0.000000,0.000000,0.000000,0.000000
11770.000000,0.000000,0.000000,0.000000,0.000000,0.000000,0.000000
11780.000000,0.000000,0.000000,0.000000,0.000000,0.000000,0.000000
11790.000000,0.000000,0.000000,0.000000,0.000000,0.000000,0.000000
11800.000000,0.000000,0.000000,0.000000,0.000000,0.000000,0.000000
11810.000000,0.000000,0.000000,0.000000,0.000000,0.000000,0.000000
11820.000000,0.000000,0.000000,0.000000,0.000000,0.000000,0.000000
11830.000000,0.000000,0.000000,0.000000,0.000000,0.000000,0.000000
11840.000000,0.000000,0.000000,0.000000,0.000000,0.000000,0.000000
11850.000000,0.000000,0.000000,0.000000,0.000000,0.000000,0.000000
11860.000000,0.000000,0.000000,0.000000,0.000000,0.000000,0.000000
11870.000000,0.000000,0.000000,0.000000,0.000000,0.000000,0.000000
11880.000000,0.000000,0.000000,0.000000,0.000000,0.000000,0.000000
11890.000000,0.000000,0.000000,0.000000,0.000000,0.000000,0.000000
11900.000000,0.000000,0.000000,0.000000,0.000000,0.000000,0.000000
11910.000000,0.000000,0.000000,0.000000,0.000000,0.000000,0.000000
11920.000000,0.000000,0.000000,0.000000,0.000000,0.000000,0.000000
11930.000000,0.000000,0.000000,0.000000,0.000000,0.000000,0.000000
11940.000000,0.000000,0.000000,0.000000,0.000000,0.000000,0.000000
11950.000000,0.000000,0.000000,0.000000,0.000000,0.000000,0.000000
11960.000000,0.000000,0.000000,0.000000,0.000000,0.000000,0.000000
11970.000000,0.000000,0.000000,0.000000,0.000000,0.000000,0.000000
11980.000000,0.000000,0.000000,0.000000,0.000000,0.000000,0.000000
11990.000000,0.000000,0.000000,0.000000,0.000000,0.000000,0.000000
12000.000000,0.000000,0.000000,0.000000,0.000000,0.000000,0.000000
12010.000000,0.000000,0.000000,0.000000,0.000000,0.000000,0.000000
12020.000000,0.000000,0.000000,0.000000,0.000000,0.000000,0.000000
12030.000000,0.000000,0.000000,0.000000,0.000000,0.000000,0.000000
12040.000000,0.000000,0.000000,0.000000,0.000000,0.000000,0.000000
12050.000000,0.000000,0.000000,0.000000,0.000000,0.000000,0.000000
12060.000000,0.000000,0.000000,0.000000,0.000000,0.000000,0.000000
12070.000000,0.000000,0.000000,0.000000,0.000000,0.000000,0.000000
12080.000000,0.000000,0.000000,0.000000,0.000000,0.000000,0.000000
12090.000000,0.000000,0.000000,0.000000,0.000000,0.000000,0.000000
12100.000000,0.000000,0.000000,0.000000,0.000000,0.000000,0.000000
12110.000000,0.000000,0.000000,0.000000,0.000000,0.000000,0.000000
12120.000000,0.000000,0.000000,0.000000,0.000000,0.000000,0.000000
12130.000000,0.000000,0.000000,0.000000,0.000000,0.000000,0.000000
12140.000000,0.000000,0.000000,0.000000,0.000000,0.000000,0.000000
12150.000000,0.000000,0.000000,0.000000,0.000000,0.000000,0.000000
12160.000000,0.000000,0.000000,0.000000,0.000000,0.000000,0.000000
12170.000000,0.000000,0.000000,0.000000,0.000000,0.000000,0.000000
12180.000000,0.000000,0.000000,0.000000,0.000000,0.000000,0.000000
12190.000000,0.000000,0.000000,0.000000,0.000000,0.000000,0.000000
12200.000000,0.000000,0.000000,0.000000,0.000000,0.000000,0.000000
12210.000000,0.000000,0.000000,0.000000,0.000000,0.000000,0.000000
12220.000000,0.000000,0.000000,0.000000,0.000000,0.000000,0.000000
12230.000000,0.000000,0.000000,0.000000,0.000000,0.000000,0.000000
12240.000000,0.000000,0.000000,0.000000,0.000000,0.000000,0.000000
12250.000000,0.000000,0.000000,0.000000,0.000000,0.000000,0.000000
12260.000000,0.000000,0.000000,0.000000,0.000000,0.000000,0.000000
12270.000000,0.000000,0.000000,0.000000,0.000000,0.000000,0.000000
12280.000000,0.000000,0.000000,0.000000,0.000000,0.000000,0.000000
12290.000000,0.000000,0.000000,0.000000,0.000000,0.000000,0.000000
12300.000000,0.000000,0.000000,0.000000,0.000000,0.000000,0.000000
12310.000000,0.000000,0.000000,0.000000,0.000000,0.000000,0.000000
12320.000000,0.000000,0.000000,0.000000,0.000000,0.000000,0.000000
12330.000000,0.000000,0.000000,0.000000,0.000000,0.000000,0.000000
12340.000000,0.000000,0.000000,0.000000,0.000000,0.000000,0.000000
12350.000000,0.000000,0.000000,0.000000,0.000000,0.000000,0.000000
12360.000000,0.000000,0.000000,0.000000,0.000000,0.000000,0.000000
12370.000000,0.000000,0.000000,0.000000,0.000000,0.000000,0.000000
12380.000000,0.000000,0.000000,0.000000,0.000000,0.000000,0.000000
12390.000000,0.000000,0.000000,0.000000,0.000000,0.000000,0.000000
12400.000000,0.000000,0.000000,0.000000,0.000000,0.000000,0.000000
12410.000000,0.000000,0.000000,0.000000,0.000000,0.000000,0.000000
12420.000000,0.000000,0.000000,0.000000,0.000000,0.000000,0.000000
12430.000000,0.000000,0.000000,0.000000,0.000000,0.000000,0.000000
12440.000000,0.000000,0.000000,0.000000,0.000000,0.000000,0.000000
12450.000000,0.000000,0.000000,0.000000,0.000000,0.000000,0.000000
12460.000000,0.000000,0.000000,0.000000,0.000000,0.000000,0.000000
12470.000000,0.000000,0.000000,0.000000,0.000000,0.000000,0.000000
12480.000000,0.000000,0.000000,0.000000,0.000000,0.000000,0.000000
12490.000000,0.000000,0.000000,0.000000,0.000000,0.000000,0.000000
12500.000000,0.000000,0.000000,0.000000,0.000000,0.000000,0.000000
12510.000000,0.000000,0.000000,0.000000,0.000000,0.000000,0.000000
12520.000000,0.000000,0.000000,0.000000,0.000000,0.000000,0.000000
12530.000000,0.000000,0.000000,0.000000,0.000000,0.000000,0.000000
12540.000000,0.000000,0.000000,0.000000,0.000000,0.000000,0.000000
12550.000000,0.000000,0.000000,0.000000,0.000000,0.000000,0.000000
12560.000000,0.000000,0.000000,0.000000,0.000000,0.000000,0.000000
12570.000000,0.000000,0.000000,0.000000,0.000000,0.000000,0.000000
12580.000000,0.000000,0.000000,0.000000,0.000000,0.000000,0.000000
12590.000000,0.000000,0.000000,0.000000,0.000000,0.000000,0.000000
12600.000000,0.000000,0.000000,0.000000,0.000000,0.000000,0.000000
12610.000000,0.000000,0.000000,0.000000,0.000000,0.000000,0.000000
12620.000000,0.000000,0.000000,0.000000,0.000000,0.000000,0.000000
12630.000000,0.000000,0.000000,0.000000,0.000000,0.000000,0.000000
12640.000000,0.000000,0.000000,0.000000,0.000000,0.000000,0.000000
12650.000000,0.000000,0.000000,0.000000,0.000000,0.000000,0.000000
12660.000000,0.000000,0.000000,0.000000,0.000000,0.000000,0.000000
12670.000000,0.000000,0.000000,0.000000,0.000000,0.000000,0.000000
12680.000000,0.000000,0.000000,0.000000,0.000000,0.000000,0.000000
12690.000000,0.000000,0.000000,0.000000,0.000000,0.000000,0.000000
12700.000000,0.000000,0.000000,0.000000,0.000000,0.000000,0.000000
12710.000000,0.000000,0.000000,0.000000,0.000000,0.000000,0.000000
12720.000000,0.000000,0.000000,0.000000,0.000000,0.000000,0.000000
12730.000000,0.000000,0.000000,0.000000,0.000000,0.000000,0.000000
12740.000000,0.000000,0.000000,0.000000,0.000000,0.000000,0.000000
12750.000000,0.000000,0.000000,0.000000,0.000000,0.000000,0.000000
12760.000000,0.000000,0.000000,0.000000,0.000000,0.000000,0.000000
12770.000000,0.000000,0.000000,0.000000,0.000000,0.000000,0.000000
12780.000000,0.000000,0.000000,0.000000,0.000000,0.000000,0.000000
12790.000000,0.000000,0.000000,0.000000,0.000000,0.000000,0.000000
12800.000000,0.000000,0.000000,0.000000,0.000000,0.000000,0.000000
12810.000000,0.000000,0.000000,0.000000,0.000000,0.000000,0.000000
12820.000000,0.000000,0.000000,0.000000,0.000000,0.000000,0.000000
12830.000000,0.000000,0.000000,0.000000,0.000000,0.000000,0.000000
12840.000000,0.000000,0.000000,0.000000,0.000000,0.000000,0.000000
12850.000000,0.000000,0.000000,0.000000,0.000000,0.000000,0.000000
12860.000000,0.000000,0.000000,0.000000,0.000000,0.000000,0.000000
12870.000000,0.000000,0.000000,0.000000,0.000000,0.000000,0.000000
12880.000000,0.000000,0.000000,0.000000,0.000000,0.000000,0.000000
12890.000000,0.000000,0.000000,0.000000,0.000000,0.000000,0.000000
12900.000000,0.000000,0.000000,0.000000,0.000000,0.000000,0.000000
12910.000000,0.000000,0.000000,0.000000,0.000000,0.000000,0.000000
12920.000000,0.000000,0.000000,0.000000,0.000000,0.000000,0.000000
12930.000000,0.000000,0.000000,0.000000,0.000000,0.000000,0.000000
12940.000000,0.000000,0.000000,0.000000,0.000000,0.000000,0.000000
12950.000000,0.000000,0.000000,0.000000,0.000000,0.000000,0.000000
12960.000000,0.000000,0.000000,0.000000,0.000000,0.000000,0.000000
12970.000000,0.000000,0.000000,0.000000,0.000000,0.000000,0.000000
12980.000000,0.000000,0.000000,0.000000,0.000000,0.000000,0.000000
12990.000000,0.000000,0.000000,0.000000,0.000000,0.000000,0.000000
13000.000000,0.000000,0.000000,0.000000,0.000000,0.000000,0.000000
13010.000000,0.000000,0.000000,0.000000,0.000000,0.000000,0.000000
13020.000000,0.000000,0.000000,0.000000,0.000000,0.000000,0.000000
13030.000000,0.000000,0.000000,0.000000,0.000000,0.000000,0.000000
13040.000000,0.000000,0.000000,0.000000,0.000000,0.000000,0.000000
13050.000000,0.000000,0.000000,0.000000,0.000000,0.000000,0.000000
13060.000000,0.000000,0.000000,0.000000,0.000000,0.000000,0.000000
13070.000000,0.000000,0.000000,0.000000,0.000000,0.000000,0.000000
13080.000000,0.000000,0.000000,0.000000,0.000000,0.000000,0.000000
13090.000000,0.000000,0.000000,0.000000,0.000000,0.000000,0.000000
13100.000000,0.000000,0.000000,0.000000,0.000000,0.000000,0.000000
13110.000000,0.000000,0.000000,0.000000,0.000000,0.000000,0.000000
13120.000000,0.000000,0.000000,0.000000,0.000000,0.000000,0.000000
13130.000000,0.000000,0.000000,0.000000,0.000000,0.000000,0.000000
13140.000000,0.000000,0.000000,0.000000,0.000000,0.000000,0.000000
13150.000000,0.000000,0.000000,0.000000,0.000000,0.000000,0.000000
13160.000000,0.000000,0.000000,0.000000,0.000000,0.000000,0.000000
13170.000000,0.000000,0.000000,0.000000,0.000000,0.000000,0.000000
13180.000000,0.000000,0.000000,0.000000,0.000000,0.000000,0.000000
13190.000000,0.000000,0.000000,0.000000,0.000000,0.000000,0.000000
13200.000000,0.000000,0.000000,0.000000,0.000000,0.000000,0.000000
13210.000000,0.000000,0.000000,0.000000,0.000000,0.000000,0.000000
13220.000000,0.000000,0.000000,0.000000,0.000000,0.000000,0.000000
13230.000000,0.000000,0.000000,0.000000,0.000000,0.000000,0.000000
13240.000000,0.000000,0.000000,0.000000,0.000000,0.000000,0.000000
13250.000000,0.000000,0.000000,0.000000,0.000000,0.000000,0.000000
13260.000000,0.000000,0.000000,0.000000,0.000000,0.000000,0.000000
13270.000000,0.000000,0.000000,0.000000,0.000000,0.000000,0.000000
13280.000000,0.000000,0.000000,0.000000,0.000000,0.000000,0.000000
13290.000000,0.000000,0.000000,0.000000,0.000000,0.000000,0.000000
13300.000000,0.000000,0.000000,0.000000,0.000000,0.000000,0.000000
13310.000000,0.000000,0.000000,0.000000,0.000000,0.000000,0.000000
13320.000000,0.000000,0.000000,0.000000,0.000000,0.000000,0.000000
13330.000000,0.000000,0.000000,0.000000,0.000000,0.000000,0.000000
13340.000000,0.000000,0.000000,0.000000,0.000000,0.000000,0.000000
13350.000000,0.000000,0.000000,0.000000,0.000000,0.000000,0.000000
13360.000000,0.000000,0.000000,0.000000,0.000000,0.000000,0.000000
13370.000000,0.000000,0.000000,0.000000,0.000000,0.000000,0.000000
13380.000000,0.000000,0.000000,0.000000,0.000000,0.000000,0.000000
13390.000000,0.000000,0.000000,0.000000,0.000000,0.000000,0.000000
13400.000000,0.000000,0.000000,0.000000,0.000000,0.000000,0.000000
13410.000000,0.000000,0.000000,0.000000,0.000000,0.000000,0.000000
13420.000000,0.000000,0.000000,0.000000,0.000000,0.000000,0.000000
13430.000000,0.000000,0.000000,0.000000,0.000000,0.000000,0.000000
13440.000000,0.000000,0.000000,0.000000,0.000000,0.000000,0.000000
13450.000000,0.000000,0.000000,0.000000,0.000000,0.000000,0.000000
13460.000000,0.000000,0.000000,0.000000,0.000000,0.000000,0.000000
13470.000000,0.000000,0.000000,0.000000,0.000000,0.000000,0.000000
13480.000000,0.000000,0.000000,0.000000,0.000000,0.000000,0.000000
13490.000000,0.000000,0.000000,0.000000,0.000000,0.000000,0.000000
13500.000000,0.000000,0.000000,0.000000,0.000000,0.000000,0.000000
13510.000000,0.000000,0.000000,0.000000,0.000000,0.000000,0.000000
13520.000000,0.000000,0.000000,0.000000,0.000000,0.000000,0.000000
13530.000000,0.000000,0.000000,0.000000,0.000000,0.000000,0.000000
13540.000000,0.000000,0.000000,0.000000,0.000000,0.000000,0.000000
13550.000000,0.000000,0.000000,0.000000,0.000000,0.000000,0.000000
13560.000000,0.000000,0.000000,0.000000,0.000000,0.000000,0.000000
13570.000000,0.000000,0.000000,0.000000,0.000000,0.000000,0.000000
13580.000000,0.000000,0.000000,0.000000,0.000000,0.000000,0.000000
13590.000000,0.000000,0.000000,0.000000,0.000000,0.000000,0.000000
13600.000000,0.000000,0.000000,0.000000,0.000000,0.000000,0.000000
13610.000000,0.000000,0.000000,0.000000,0.000000,0.000000,0.000000
13620.000000,0.000000,0.000000,0.000000,0.000000,0.000000,0.000000
13630.000000,0.000000,0.000000,0.000000,0.000000,0.000000,0.000000
13640.000000,0.000000,0.000000,0.000000,0.000000,0.000000,0.000000
13650.000000,0.000000,0.000000,0.000000,0.000000,0.000000,0.000000
13660.000000,0.000000,0.000000,0.000000,0.000000,0.000000,0.000000
13670.000000,0.000000,0.000000,0.000000,0.000000,0.000000,0.000000
13680.000000,0.000000,0.000000,0.000000,0.000000,0.000000,0.000000
13690.000000,0.000000,0.000000,0.000000,0.000000,0.000000,0.000000
13700.000000,0.000000,0.000000,0.000000,0.000000,0.000000,0.000000
13710.000000,0.000000,0.000000,0.000000,0.000000,0.000000,0.000000
13720.000000,0.000000,0.000000,0.000000,0.000000,0.000000,0.000000
13730.000000,0.000000,0.000000,0.000000,0.000000,0.000000,0.000000
13740.000000,0.000000,0.000000,0.000000,0.000000,0.000000,0.000000
13750.000000,0.000000,0.000000,0.000000,0.000000,0.000000,0.000000
13760.000000,0.000000,0.000000,0.000000,0.000000,0.000000,0.000000
13770.000000,0.000000,0.000000,0.000000,0.000000,0.000000,0.000000
13780.000000,0.000000,0.000000,0.000000,0.000000,0.000000,0.000000
13790.000000,0.000000,0.000000,0.000000,0.000000,0.000000,0.000000
13800.000000,0.000000,0.000000,0.000000,0.000000,0.000000,0.000000
13810.000000,0.000000,0.000000,0.000000,0.000000,0.000000,0.000000
13820.000000,0.000000,0.000000,0.000000,0.000000,0.000000,0.000000
13830.000000,0.000000,0.000000,0.000000,0.000000,0.000000,0.000000
13840.000000,0.000000,0.000000,0.000000,0.000000,0.000000,0.000000
13850.000000,0.000000,0.000000,0.000000,0.000000,0.000000,0.000000
13860.000000,0.000000,0.000000,0.000000,0.000000,0.000000,0.000000
13870.000000,0.000000,0.000000,0.000000,0.000000,0.000000,0.000000
13880.000000,0.000000,0.000000,0.000000,0.000000,0.000000,0.000000
13890.000000,0.000000,0.000000,0.000000,0.000000,0.000000,0.000000
13900.000000,0.000000,0.000000,0.000000,0.000000,0.000000,0.000000
13910.000000,0.000000,0.000000,0.000000,0.000000,0.000000,0.000000
13920.000000,0.000000,0.000000,0.000000,0.000000,0.000000,0.000000
13930.000000,0.000000,0.000000,0.000000,0.000000,0.000000,0.000000
13940.000000,0.000000,0.000000,0.000000,0.000000,0.000000,0.000000
13950.000000,0.000000,0.000000,0.000000,0.000000,0.000000,0.000000
13960.000000,0.000000,0.000000,0.000000,0.000000,0.000000,0.000000
13970.000000,0.000000,0.000000,0.000000,0.000000,0.000000,0.000000
13980.000000,0.000000,0.000000,0.000000,0.000000,0.000000,0.000000
13990.000000,0.000000,0.000000,0.000000,0.000000,0.000000,0.000000
14000.000000,0.000000,0.000000,0.000000,0.000000,0.000000,0.000000
14010.000000,0.000000,0.000000,0.000000,0.000000,0.000000,0.000000
14020.000000,0.000000,0.000000,0.000000,0.000000,0.000000,0.000000
14030.000000,0.000000,0.000000,0.000000,0.000000,0.000000,0.000000
14040.000000,0.000000,0.000000,0.000000,0.000000,0.000000,0.000000
14050.000000,0.000000,0.000000,0.000000,0.000000,0.000000,0.000000
14060.000000,0.000000,0.000000,0.000000,0.000000,0.000000,0.000000
14070.000000,0.000000,0.000000,0.000000,0.000000,0.000000,0.000000
14080.000000,0.000000,0.000000,0.000000,0.000000,0.000000,0.000000
14090.000000,0.000000,0.000000,0.000000,0.000000,0.000000,0.000000
14100.000000,0.000000,0.000000,0.000000,0.000000,0.000000,0.000000
14110.000000,0.000000,0.000000,0.000000,0.000000,0.000000,0.000000
14120.000000,0.000000,0.000000,0.000000,0.000000,0.000000,0.000000
14130.000000,0.000000,0.000000,0.000000,0.000000,0.000000,0.000000
14140.000000,0.000000,0.000000,0.000000,0.000000,0.000000,0.000000
14150.000000,0.000000,0.000000,0.000000,0.000000,0.000000,0.000000
14160.000000,0.000000,0.000000,0.000000,0.000000,0.000000,0.000000
14170.000000,0.000000,0.000000,0.000000,0.000000,0.000000,0.000000
14180.000000,0.000000,0.000000,0.000000,0.000000,0.000000,0.000000
14190.000000,0.000000,0.000000,0.000000,0.000000,0.000000,0.000000
14200.000000,0.000000,0.000000,0.000000,0.000000,0.000000,0.000000
14210.000000,0.000000,0.000000,0.000000,0.000000,0.000000,0.000000
14220.000000,0.000000,0.000000,0.000000,0.000000,0.000000,0.000000
14230.000000,0.000000,0.000000,0.000000,0.000000,0.000000,0.000000
14240.000000,0.000000,0.000000,0.000000,0.000000,0.000000,0.000000
14250.000000,0.000000,0.000000,0.000000,0.000000,0.000000,0.000000
14260.000000,0.000000,0.000000,0.000000,0.000000,0.000000,0.000000
14270.000000,0.000000,0.000000,0.000000,0.000000,0.000000,0.000000
14280.000000,0.000000,0.000000,0.000000,0.000000,0.000000,0.000000
14290.000000,0.000000,0.000000,0.000000,0.000000,0.000000,0.000000
14300.000000,0.000000,0.000000,0.000000,0.000000,0.000000,0.000000
14310.000000,0.000000,0.000000,0.000000,0.000000,0.000000,0.000000
14320.000000,0.000000,0.000000,0.000000,0.000000,0.000000,0.000000
14330.000000,0.000000,0.000000,0.000000,0.000000,0.000000,0.000000
14340.000000,0.000000,0.000000,0.000000,0.000000,0.000000,0.000000
14350.000000,0.000000,0.000000,0.000000,0.000000,0.000000,0.000000
14360.000000,0.000000,0.000000,0.000000,0.000000,0.000000,0.000000
14370.000000,0.000000,0.000000,0.000000,0.000000,0.000000,0.000000
14380.000000,0.000000,0.000000,0.000000,0.000000,0.000000,0.000000
14390.000000,0.000000,0.000000,0.000000,0.000000,0.000000,0.000000
14400.000000,0.000000,0.000000,0.000000,0.000000,0.000000,0.000000
14410.000000,0.000000,0.000000,0.000000,0.000000,0.000000,0.000000
14420.000000,0.000000,0.000000,0.000000,0.000000,0.000000,0.000000
14430.000000,0.000000,0.000000,0.000000,0.000000,0.000000,0.000000
14440.000000,0.000000,0.000000,0.000000,0.000000,0.000000,0.000000
14450.000000,0.000000,0.000000,0.000000,0.000000,0.000000,0.000000
14460.000000,0.000000,0.000000,0.000000,0.000000,0.000000,0.000000
14470.000000,0.000000,0.000000,0.000000,0.000000,0.000000,0.000000
14480.000000,0.000000,0.000000,0.000000,0.000000,0.000000,0.000000
14490.000000,0.000000,0.000000,0.000000,0.000000,0.000000,0.000000
14500.000000,0.000000,0.000000,0.000000,0.000000,0.000000,0.000000
14510.000000,0.000000,0.000000,0.000000,0.000000,0.000000,0.000000
14520.000000,0.000000,0.000000,0.000000,0.000000,0.000000,0.000000
14530.000000,0.000000,0.000000,0.000000,0.000000,0.000000,0.000000
14540.000000,0.000000,0.000000,0.000000,0.000000,0.000000,0.000000
14550.000000,0.000000,0.000000,0.000000,0.000000,0.000000,0.000000
14560.000000,0.000000,0.000000,0.000000,0.000000,0.000000,0.000000
14570.000000,0.000000,0.000000,0.000000,0.000000,0.000000,0.000000
14580.000000,0.000000,0.000000,0.000000,0.000000,0.000000,0.000000
14590.000000,0.000000,0.000000,0.000000,0.000000,0.000000,0.000000
14600.000000,0.000000,0.000000,0.000000,0.000000,0.000000,0.000000
14610.000000,0.000000,0.000000,0.000000,0.000000,0.000000,0.000000
14620.000000,0.000000,0.000000,0.000000,0.000000,0.000000,0.000000
14630.000000,0.000000,0.000000,0.000000,0.000000,0.000000,0.000000
14640.000000,65535.000000,-1.000000,-1.000000,0.000000,0.000000,0.000000
14650.000000,65535.000000,0.000000,-1.000000,0.000000,0.000000,0.000000
14660.000000,65535.000000,0.000000,-1.000000,0.000000,0.000000,0.000000
14670.000000,65535.000000,0.000000,-1.000000,0.000000,0.000000,0.000000
14680.000000,65535.000000,0.000000,-1.000000,0.000000,0.000000,0.000000
14690.000000,65535.000000,0.000000,-1.000000,0.000000,0.000000,0.000000
14700.000000,65535.000000,0.000000,-1.000000,0.000000,0.000000,0.000000
14710.000000,65535.000000,0.000000,-1.000000,0.000000,0.000000,0.000000
14720.000000,65535.000000,0.000000,-1.000000,0.000000,0.000000,0.000000
14730.000000,65535.000000,0.000000,-1.000000,0.000000,0.000000,0.000000
14740.000000,65535.000000,0.000000,-1.000000,0.000000,0.000000,0.000000
14750.000000,65535.000000,0.000000,-1.000000,0.000000,0.000000,0.000000
14760.000000,65535.000000,0.000000,-1.000000,0.000000,0.000000,0.000000
14770.000000,65535.000000,0.000000,-1.000000,0.000000,0.000000,0.000000
14780.000000,65535.000000,0.000000,-1.000000,0.000000,0.000000,0.000000
14790.000000,65535.000000,0.000000,-1.000000,0.000000,0.000000,0.000000
14800.000000,65535.000000,0.000000,-1.000000,0.000000,0.000000,0.000000
14810.000000,65535.000000,0.000000,-1.000000,0.000000,0.000000,0.000000
14820.000000,65535.000000,0.000000,-1.000000,0.000000,0.000000,0.000000
14830.000000,65535.000000,0.000000,-1.000000,0.000000,0.000000,0.000000
14840.000000,65535.000000,0.000000,-1.000000,0.000000,0.000000,0.000000
14850.000000,65535.000000,0.000000,-1.000000,0.000000,0.000000,0.000000
14860.000000,65535.000000,0.000000,-1.000000,0.000000,0.000000,0.000000
14870.000000,65535.000000,0.000000,-1.000000,0.000000,0.000000,0.000000
14880.000000,65535.000000,0.000000,-1.000000,0.000000,0.000000,0.000000
14890.000000,65535.000000,0.000000,-1.000000,0.000000,0.000000,0.000000
14900.000000,65535.000000,0.000000,-1.000000,0.000000,0.000000,0.000000
14910.000000,65535.000000,0.000000,-1.000000,0.000000,0.000000,0.000000
14920.000000,65535.000000,0.000000,-1.000000,0.000000,0.000000,0.000000
14930.000000,65535.000000,0.000000,-1.000000,0.000000,0.000000,0.000000
14940.000000,65535.000000,0.000000,-1.000000,0.000000,0.000000,0.000000
14950.000000,65535.000000,0.000000,-1.000000,0.000000,0.000000,0.000000
14960.000000,65535.000000,0.000000,-1.000000,0.000000,0.000000,0.000000
14970.000000,65535.000000,0.000000,-1.000000,0.000000,0.000000,0.000000
14980.000000,65535.000000,0.000000,-1.000000,0.000000,0.000000,0.000000
14990.000000,65535.000000,0.000000,-1.000000,0.000000,0.000000,0.000000
15000.000000,65535.000000,0.000000,-1.000000,0.000000,0.000000,0.000000
15010.000000,65535.000000,0.000000,-1.000000,0.000000,0.000000,0.000000
15020.000000,65535.000000,0.000000,-1.000000,0.000000,0.000000,0.000000
15030.000000,65535.000000,0.000000,-1.000000,0.000000,0.000000,0.000000
15040.000000,65535.000000,0.000000,-1.000000,0.000000,0.000000,0.000000
15050.000000,65535.000000,0.000000,-1.000000,0.000000,0.000000,0.000000
15060.000000,65535.000000,0.000000,-1.000000,0.000000,0.000000,0.000000
15070.000000,65535.000000,0.000000,-1.000000,0.000000,0.000000,0.000000
15080.000000,65535.000000,0.000000,-1.000000,0.000000,0.000000,0.000000
15090.000000,65535.000000,0.000000,-1.000000,0.000000,0.000000,0.000000
15100.000000,65535.000000,0.000000,-1.000000,0.000000,0.000000,0.000000
15110.000000,65535.000000,0.000000,-1.000000,0.000000,0.000000,0.000000
15120.000000,65535.000000,0.000000,-1.000000,0.000000,0.000000,0.000000
15130.000000,65535.000000,0.000000,-1.000000,0.000000,0.000000,0.000000
15140.000000,65535.000000,0.000000,-1.000000,0.000000,0.000000,0.000000
15150.000000,65535.000000,0.000000,-1.000000,0.000000,0.000000,0.000000
15160.000000,65535.000000,0.000000,-1.000000,0.000000,0.000000,0.000000
15170.000000,65535.000000,0.000000,-1.000000,0.000000,0.000000,0.000000
15180.000000,0.000000,1.000000,0.000000,0.000000,0.000000,0.000000
15190.000000,1.000000,1.000000,1.000000,0.000000,0.000000,0.000000
15200.000000,1.000000,0.000000,1.000000,0.000000,0.000000,0.000000
15210.000000,1.000000,0.000000,1.000000,0.000000,0.000000,0.000000
15220.000000,1.000000,0.000000,1.000000,0.000000,0.000000,0.000000
15230.000000,1.000000,0.000000,1.000000,0.000000,0.000000,0.000000
15240.000000,1.000000,0.000000,1.000000,0.000000,0.000000,0.000000
15250.000000,1.000000,0.000000,1.000000,0.000000,0.000000,0.000000
15260.000000,1.000000,0.000000,1.000000,0.000000,0.000000,0.000000
15270.000000,1.000000,0.000000,1.000000,0.000000,0.000000,0.000000
15280.000000,0.000000,-1.000000,0.000000,0.000000,0.000000,0.000000
15290.000000,65535.000000,-1.000000,-1.000000,0.000000,0.000000,0.000000
15300.000000,65535.000000,0.000000,-1.000000,0.000000,0.000000,0.000000
15310.000000,65535.000000,0.000000,-1.000000,0.000000,0.000000,0.000000
15320.000000,65535.000000,0.000000,-1.000000,0.000000,0.000000,0.000000
15330.000000,65535.000000,0.000000,-1.000000,0.000000,0.000000,0.000000
15340.000000,65535.000000,0.000000,-1.000000,0.000000,0.000000,0.000000
15350.000000,65535.000000,0.000000,-1.000000,0.000000,0.000000,0.000000
15360.000000,65535.000000,0.000000,-1.000000,0.000000,0.000000,0.000000
15370.000000,65535.000000,0.000000,-1.000000,0.000000,0.000000,0.000000
15380.000000,65535.000000,0.000000,-1.000000,0.000000,0.000000,0.000000
15390.000000,65535.000000,0.000000,-1.000000,0.000000,0.000000,0.000000
15400.000000,65535.000000,0.000000,-1.000000,0.000000,0.000000,0.000000
15410.000000,65535.000000,0.000000,-1.000000,0.000000,0.000000,0.000000
15420.000000,65535.000000,0.000000,-1.000000,0.000000,0.000000,0.000000
15430.000000,65535.000000,0.000000,-1.000000,0.000000,0.000000,0.000000
15440.000000,65535.000000,0.000000,-1.000000,0.000000,0.000000,0.000000
15450.000000,65535.000000,0.000000,-1.000000,0.000000,0.000000,0.000000
15460.000000,65535.000000,0.000000,-1.000000,0.000000,0.000000,0.000000
15470.000000,65535.000000,0.000000,-1.000000,0.000000,0.000000,0.000000
15480.000000,65535.000000,0.000000,-1.000000,0.000000,0.000000,0.000000
15490.000000,65535.000000,0.000000,-1.000000,0.000000,0.000000,0.000000
15500.000000,65535.000000,0.000000,-1.000000,0.000000,0.000000,0.000000
15510.000000,65535.000000,0.000000,-1.000000,0.000000,0.000000,0.000000
15520.000000,65535.000000,0.000000,-1.000000,0.000000,0.000000,0.000000
15530.000000,65535.000000,0.000000,-1.000000,0.000000,0.000000,0.000000
15540.000000,65535.000000,0.000000,-1.000000,0.000000,0.000000,0.000000
15550.000000,65535.000000,0.000000,-1.000000,0.000000,0.000000,0.000000
15560.000000,65535.000000,0.000000,-1.000000,0.000000,0.000000,0.000000
15570.000000,65535.000000,0.000000,-1.000000,0.000000,0.000000,0.000000
15580.000000,65535.000000,0.000000,-1.000000,0.000000,0.000000,0.000000
15590.000000,65535.000000,0.000000,-1.000000,0.000000,0.000000,0.000000
15600.000000,65535.000000,0.000000,-1.000000,0.000000,0.000000,0.000000
15610.000000,65535.000000,0.000000,-1.000000,0.000000,0.000000,0.000000
15620.000000,65535.000000,0.000000,-1.000000,0.000000,0.000000,0.000000
15630.000000,65535.000000,0.000000,-1.000000,0.000000,0.000000,0.000000
15640.000000,65535.000000,0.000000,-1.000000,0.000000,0.000000,0.000000
15650.000000,65535.000000,0.000000,-1.000000,0.000000,0.000000,0.000000
15660.000000,65535.000000,0.000000,-1.000000,0.000000,0.000000,0.000000
15670.000000,65535.000000,0.000000,-1.000000,0.000000,0.000000,0.000000
15680.000000,65535.000000,0.000000,-1.000000,0.000000,0.000000,0.000000
15690.000000,65535.000000,0.000000,-1.000000,0.000000,0.000000,0.000000
15700.000000,65535.000000,0.000000,-1.000000,0.000000,0.000000,0.000000
15710.000000,65535.000000,0.000000,-1.000000,0.000000,0.000000,0.000000
15720.000000,65535.000000,0.000000,-1.000000,0.000000,0.000000,0.000000
15730.000000,65535.000000,0.000000,-1.000000,0.000000,0.000000,0.000000
15740.000000,65535.000000,0.000000,-1.000000,0.000000,0.000000,0.000000
15750.000000,65535.000000,0.000000,-1.000000,0.000000,0.000000,0.000000
15760.000000,65535.000000,0.000000,-1.000000,0.000000,0.000000,0.000000
15770.000000,65535.000000,0.000000,-1.000000,0.000000,0.000000,0.000000
15780.000000,65535.000000,0.000000,-1.000000,0.000000,0.000000,0.000000
15790.000000,65535.000000,0.000000,-1.000000,0.000000,0.000000,0.000000
15800.000000,65535.000000,0.000000,-1.000000,0.000000,0.000000,0.000000
15810.000000,65535.000000,0.000000,-1.000000,0.000000,0.000000,0.000000
15820.000000,65535.000000,0.000000,-1.000000,0.000000,0.000000,0.000000
15830.000000,65535.000000,0.000000,-1.000000,0.000000,0.000000,0.000000
15840.000000,65535.000000,0.000000,-1.000000,0.000000,0.000000,0.000000
15850.000000,65535.000000,0.000000,-1.000000,0.000000,0.000000,0.000000
15860.000000,65535.000000,0.000000,-1.000000,0.000000,0.000000,0.000000
15870.000000,65535.000000,0.000000,-1.000000,0.000000,0.000000,0.000000
15880.000000,65535.000000,0.000000,-1.000000,0.000000,0.000000,0.000000
15890.000000,65535.000000,0.000000,-1.000000,0.000000,0.000000,0.000000
15900.000000,65535.000000,0.000000,-1.000000,0.000000,0.000000,0.000000
15910.000000,65535.000000,0.000000,-1.000000,0.000000,0.000000,0.000000
15920.000000,65535.000000,0.000000,-1.000000,0.000000,0.000000,0.000000
15930.000000,65535.000000,0.000000,-1.000000,0.000000,0.000000,0.000000
15940.000000,65535.000000,0.000000,-1.000000,0.000000,0.000000,0.000000
15950.000000,65535.000000,0.000000,-1.000000,0.000000,0.000000,0.000000
15960.000000,65535.000000,0.000000,-1.000000,0.000000,0.000000,0.000000
15970.000000,65535.000000,0.000000,-1.000000,0.000000,0.000000,0.000000
15980.000000,65535.000000,0.000000,-1.000000,0.000000,0.000000,0.000000
15990.000000,65535.000000,0.000000,-1.000000,0.000000,0.000000,0.000000
16000.000000,65535.000000,0.000000,-1.000000,0.000000,0.000000,0.000000
16010.000000,65535.000000,0.000000,-1.000000,0.000000,0.000000,0.000000
16020.000000,65535.000000,0.000000,-1.000000,0.000000,0.000000,0.000000
16030.000000,65535.000000,0.000000,-1.000000,0.000000,0.000000,0.000000
16040.000000,65535.000000,0.000000,-1.000000,0.000000,0.000000,0.000000
16050.000000,65535.000000,0.000000,-1.000000,0.000000,0.000000,0.000000
16060.000000,65535.000000,0.000000,-1.000000,0.000000,0.000000,0.000000
16070.000000,65535.000000,0.000000,-1.000000,0.000000,0.000000,0.000000
16080.000000,65535.000000,0.000000,-1.000000,0.000000,0.000000,0.000000
16090.000000,65535.000000,0.000000,-1.000000,0.000000,0.000000,0.000000
16100.000000,0.000000,1.000000,0.000000,0.000000,0.000000,0.000000
16110.000000,0.000000,0.000000,0.000000,0.000000,0.000000,0.000000
16120.000000,0.000000,0.000000,0.000000,0.000000,0.000000,0.000000
16130.000000,0.000000,0.000000,0.000000,0.000000,0.000000,0.000000
16140.000000,0.000000,0.000000,0.000000,0.000000,0.000000,0.000000
16150.000000,0.000000,0.000000,0.000000,0.000000,0.000000,0.000000
16160.000000,0.000000,0.000000,0.000000,0.000000,0.000000,0.000000
16170.000000,0.000000,0.000000,0.000000,0.000000,0.000000,0.000000
16180.000000,0.000000,0.000000,0.000000,0.000000,0.000000,0.000000
16190.000000,0.000000,0.000000,0.000000,0.000000,0.000000,0.000000
16200.000000,0.000000,0.000000,0.000000,0.000000,0.000000,0.000000
16210.000000,0.000000,0.000000,0.000000,0.000000,0.000000,0.000000
16220.000000,0.000000,0.000000,0.000000,0.000000,0.000000,0.000000
16230.000000,0.000000,0.000000,0.000000,0.000000,0.000000,0.000000
16240.000000,0.000000,0.000000,0.000000,0.000000,0.000000,0.000000
16250.000000,0.000000,0.000000,0.000000,0.000000,0.000000,0.000000
16260.000000,0.000000,0.000000,0.000000,0.000000,0.000000,0.000000
16270.000000,0.000000,0.000000,0.000000,0.000000,0.000000,0.000000
16280.000000,0.000000,0.000000,0.000000,0.000000,0.000000,0.000000
16290.000000,0.000000,0.000000,0.000000,0.000000,0.000000,0.000000
16300.000000,0.000000,0.000000,0.000000,0.000000,0.000000,0.000000
16310.000000,0.000000,0.000000,0.000000,0.000000,0.000000,0.000000
16320.000000,0.000000,0.000000,0.000000,0.000000,0.000000,0.000000
16330.000000,0.000000,0.000000,0.000000,0.000000,0.000000,0.000000
16340.000000,0.000000,0.000000,0.000000,0.000000,0.000000,0.000000
16350.000000,0.000000,0.000000,0.000000,0.000000,0.000000,0.000000
16360.000000,0.000000,0.000000,0.000000,0.000000,0.000000,0.000000
16370.000000,0.000000,0.000000,0.000000,0.000000,0.000000,0.000000
16410.000000,0.000000,0.000000,0.000000,0.000000,0.000000,0.000000
16420.000000,0.000000,0.000000,0.000000,0.000000,0.000000,0.000000
16430.000000,0.000000,0.000000,0.000000,0.000000,0.000000,0.000000
16440.000000,0.000000,0.000000,0.000000,0.000000,0.000000,0.000000
16530.000000,0.000000,0.000000,0.000000,0.000000,0.000000,0.000000
16540.000000,0.000000,0.000000,0.000000,0.000000,0.000000,0.000000
16550.000000,0.000000,0.000000,0.000000,0.000000,0.000000,0.000000
16560.000000,0.000000,0.000000,0.000000,0.000000,0.000000,0.000000
16570.000000,0.000000,0.000000,0.000000,0.000000,0.000000,0.000000
16580.000000,0.000000,0.000000,0.000000,0.000000,0.000000,0.000000
16590.000000,0.000000,0.000000,0.000000,0.000000,0.000000,0.000000
16600.000000,0.000000,0.000000,0.000000,0.000000,0.000000,0.000000
16610.000000,0.000000,0.000000,0.000000,0.000000,0.000000,0.000000
16620.000000,0.000000,0.000000,0.000000,0.000000,0.000000,0.000000
16630.000000,0.000000,0.000000,0.000000,0.000000,0.000000,0.000000
16640.000000,0.000000,0.000000,0.000000,0.000000,0.000000,0.000000
16650.000000,0.000000,0.000000,0.000000,0.000000,0.000000,0.000000
16660.000000,0.000000,0.000000,0.000000,0.000000,0.000000,0.000000
16670.000000,0.000000,0.000000,0.000000,0.000000,0.000000,0.000000
16680.000000,0.000000,0.000000,0.000000,0.000000,0.000000,0.000000
16690.000000,0.000000,0.000000,0.000000,0.000000,0.000000,0.000000
16700.000000,0.000000,0.000000,0.000000,0.000000,0.000000,0.000000
16710.000000,0.000000,0.000000,0.000000,0.000000,0.000000,0.000000
16720.000000,0.000000,0.000000,0.000000,0.000000,0.000000,0.000000
16730.000000,0.000000,0.000000,0.000000,0.000000,0.000000,0.000000
16740.000000,0.000000,0.000000,0.000000,0.000000,0.000000,0.000000
16750.000000,0.000000,0.000000,0.000000,0.000000,0.000000,0.000000
16760.000000,0.000000,0.000000,0.000000,0.000000,0.000000,0.000000
16770.000000,0.000000,0.000000,0.000000,0.000000,0.000000,0.000000
16780.000000,0.000000,0.000000,0.000000,0.000000,0.000000,0.000000
16790.000000,0.000000,0.000000,0.000000,0.000000,0.000000,0.000000
16800.000000,0.000000,0.000000,0.000000,0.000000,0.000000,0.000000
16810.000000,0.000000,0.000000,0.000000,0.000000,0.000000,0.000000
16820.000000,0.000000,0.000000,0.000000,0.000000,0.000000,0.000000
16830.000000,0.000000,0.000000,0.000000,0.000000,0.000000,0.000000
16840.000000,0.000000,0.000000,0.000000,0.000000,0.000000,0.000000
16850.000000,0.000000,0.000000,0.000000,0.000000,0.000000,0.000000
16860.000000,0.000000,0.000000,0.000000,0.000000,0.000000,0.000000
16870.000000,0.000000,0.000000,0.000000,0.000000,0.000000,0.000000
16880.000000,0.000000,0.000000,0.000000,0.000000,0.000000,0.000000
16890.000000,0.000000,0.000000,0.000000,0.000000,0.000000,0.000000
16900.000000,0.000000,0.000000,0.000000,0.000000,0.000000,0.000000
16910.000000,0.000000,0.000000,0.000000,0.000000,0.000000,0.000000
16920.000000,0.000000,0.000000,0.000000,0.000000,0.000000,0.000000
16930.000000,0.000000,0.000000,0.000000,0.000000,0.000000,0.000000
16940.000000,0.000000,0.000000,0.000000,0.000000,0.000000,0.000000
16950.000000,0.000000,0.000000,0.000000,0.000000,0.000000,0.000000
16960.000000,0.000000,0.000000,0.000000,0.000000,0.000000,0.000000
16970.000000,0.000000,0.000000,0.000000,0.000000,0.000000,0.000000
16980.000000,0.000000,0.000000,0.000000,0.000000,0.000000,0.000000
16990.000000,0.000000,0.000000,0.000000,0.000000,0.000000,0.000000
17000.000000,0.000000,0.000000,0.000000,0.000000,0.000000,0.000000
17010.000000,0.000000,0.000000,0.000000,0.000000,0.000000,0.000000
17020.000000,0.000000,0.000000,0.000000,0.000000,0.000000,0.000000
17030.000000,0.000000,0.000000,0.000000,0.000000,0.000000,0.000000
17040.000000,0.000000,0.000000,0.000000,0.000000,0.000000,0.000000
17050.000000,0.000000,0.000000,0.000000,0.000000,0.000000,0.000000
17060.000000,0.000000,0.000000,0.000000,0.000000,0.000000,0.000000
17070.000000,0.000000,0.000000,0.000000,0.000000,0.000000,0.000000
17080.000000,0.000000,0.000000,0.000000,0.000000,0.000000,0.000000
17090.000000,0.000000,0.000000,0.000000,0.000000,0.000000,0.000000
17100.000000,0.000000,0.000000,0.000000,0.000000,0.000000,0.000000
17110.000000,0.000000,0.000000,0.000000,0.000000,0.000000,0.000000
17120.000000,0.000000,0.000000,0.000000,0.000000,0.000000,0.000000
17130.000000,0.000000,0.000000,0.000000,0.000000,0.000000,0.000000
17140.000000,0.000000,0.000000,0.000000,0.000000,0.000000,0.000000
17150.000000,0.000000,0.000000,0.000000,0.000000,0.000000,0.000000
17160.000000,0.000000,0.000000,0.000000,0.000000,0.000000,0.000000
17170.000000,0.000000,0.000000,0.000000,0.000000,0.000000,0.000000
17180.000000,0.000000,0.000000,0.000000,0.000000,0.000000,0.000000
17190.000000,0.000000,0.000000,0.000000,0.000000,0.000000,0.000000
17200.000000,0.000000,0.000000,0.000000,0.000000,0.000000,0.000000
17210.000000,0.000000,0.000000,0.000000,0.000000,0.000000,0.000000
17220.000000,0.000000,0.000000,0.000000,0.000000,0.000000,0.000000
17230.000000,0.000000,0.000000,0.000000,0.000000,0.000000,0.000000
17240.000000,0.000000,0.000000,0.000000,0.000000,0.000000,0.000000
17250.000000,65535.000000,-1.000000,-1.000000,0.000000,0.000000,0.000000
17260.000000,65535.000000,0.000000,-1.000000,0.000000,0.000000,0.000000
17270.000000,65535.000000,0.000000,-1.000000,0.000000,0.000000,0.000000
17280.000000,65535.000000,0.000000,-1.000000,0.000000,0.000000,0.000000
17290.000000,65535.000000,0.000000,-1.000000,0.000000,0.000000,0.000000
17300.000000,65535.000000,0.000000,-1.000000,0.000000,0.000000,0.000000
17310.000000,65535.000000,0.000000,-1.000000,0.000000,0.000000,0.000000
17320.000000,65535.000000,0.000000,-1.000000,0.000000,0.000000,0.000000
17330.000000,65535.000000,0.000000,-1.000000,0.000000,0.000000,0.000000
17340.000000,65535.000000,0.000000,-1.000000,0.000000,0.000000,0.000000
17350.000000,65535.000000,0.000000,-1.000000,0.000000,0.000000,0.000000
17360.000000,65535.000000,0.000000,-1.000000,0.000000,0.000000,0.000000
17370.000000,65535.000000,0.000000,-1.000000,0.000000,0.000000,0.000000
17380.000000,65535.000000,0.000000,-1.000000,0.000000,0.000000,0.000000
17390.000000,65535.000000,0.000000,-1.000000,0.000000,0.000000,0.000000
17400.000000,65535.000000,0.000000,-1.000000,0.000000,0.000000,0.000000
17410.000000,65535.000000,0.000000,-1.000000,0.000000,0.000000,0.000000
17420.000000,65535.000000,0.000000,-1.000000,0.000000,0.000000,0.000000
17430.000000,65535.000000,0.000000,-1.000000,0.000000,0.000000,0.000000
17440.000000,65535.000000,0.000000,-1.000000,0.000000,0.000000,0.000000
17450.000000,65535.000000,0.000000,-1.000000,0.000000,0.000000,0.000000
17460.000000,65535.000000,0.000000,-1.000000,0.000000,0.000000,0.000000
17470.000000,65532.000000,-3.000000,-4.000000,0.000000,0.000000,0.000000
17480.000000,65532.000000,0.000000,-4.000000,0.000000,0.000000,0.000000
17490.000000,65532.000000,0.000000,-4.000000,0.000000,0.000000,0.000000
17500.000000,65532.000000,0.000000,-4.000000,0.000000,0.000000,0.000000
17510.000000,65532.000000,0.000000,-4.000000,0.000000,0.000000,0.000000
17520.000000,65532.000000,0.000000,-4.000000,0.000000,0.000000,0.000000
17530.000000,65532.000000,0.000000,-4.000000,0.000000,0.000000,0.000000
17540.000000,65532.000000,0.000000,-4.000000,0.000000,0.000000,0.000000
17550.000000,65532.000000,0.000000,-4.000000,0.000000,0.000000,0.000000
17560.000000,65533.000000,1.000000,-3.000000,0.000000,0.000000,0.000000
17570.000000,65535.000000,2.000000,-1.000000,0.000000,0.000000,0.000000
17580.000000,65535.000000,0.000000,-1.000000,0.000000,0.000000,0.000000
17590.000000,65535.000000,0.000000,-1.000000,0.000000,0.000000,0.000000
17600.000000,65535.000000,0.000000,-1.000000,0.000000,0.000000,0.000000
17610.000000,65535.000000,0.000000,-1.000000,0.000000,0.000000,0.000000
17620.000000,65535.000000,0.000000,-1.000000,0.000000,0.000000,0.000000
17630.000000,65535.000000,0.000000,-1.000000,0.000000,0.000000,0.000000
17640.000000,65535.000000,0.000000,-1.000000,0.000000,0.000000,0.000000
17650.000000,65535.000000,0.000000,-1.000000,0.000000,0.000000,0.000000
17660.000000,65535.000000,0.000000,-1.000000,0.000000,0.000000,0.000000
17670.000000,65535.000000,0.000000,-1.000000,0.000000,0.000000,0.000000
17680.000000,65535.000000,0.000000,-1.000000,0.000000,0.000000,0.000000
17690.000000,65535.000000,0.000000,-1.000000,0.000000,0.000000,0.000000
17700.000000,65535.000000,0.000000,-1.000000,0.000000,0.000000,0.000000
17710.000000,65535.000000,0.000000,-1.000000,0.000000,0.000000,0.000000
17720.000000,65535.000000,0.000000,-1.000000,0.000000,0.000000,0.000000
17730.000000,65535.000000,0.000000,-1.000000,0.000000,0.000000,0.000000
17740.000000,65535.000000,0.000000,-1.000000,0.000000,0.000000,0.000000
17750.000000,65535.000000,0.000000,-1.000000,0.000000,0.000000,0.000000
17760.000000,65535.000000,0.000000,-1.000000,0.000000,0.000000,0.000000
17770.000000,65535.000000,0.000000,-1.000000,0.000000,0.000000,0.000000
17780.000000,65535.000000,0.000000,-1.000000,0.000000,0.000000,0.000000
17790.000000,65535.000000,0.000000,-1.000000,0.000000,0.000000,0.000000
17800.000000,65535.000000,0.000000,-1.000000,0.000000,0.000000,0.000000
17810.000000,65535.000000,0.000000,-1.000000,0.000000,0.000000,0.000000
17820.000000,65535.000000,0.000000,-1.000000,0.000000,0.000000,0.000000
17830.000000,65535.000000,0.000000,-1.000000,0.000000,0.000000,0.000000
17840.000000,65535.000000,0.000000,-1.000000,0.000000,0.000000,0.000000
17850.000000,65535.000000,0.000000,-1.000000,0.000000,0.000000,0.000000
17860.000000,65535.000000,0.000000,-1.000000,0.000000,0.000000,0.000000
17870.000000,65533.000000,-2.000000,-3.000000,0.000000,0.000000,0.000000
17880.000000,65533.000000,0.000000,-3.000000,0.000000,0.000000,0.000000
17890.000000,65533.000000,0.000000,-3.000000,0.000000,0.000000,0.000000
17900.000000,65533.000000,0.000000,-3.000000,0.000000,0.000000,0.000000
17910.000000,65533.000000,0.000000,-3.000000,0.000000,0.000000,0.000000
17920.000000,65533.000000,0.000000,-3.000000,0.000000,0.000000,0.000000
17930.000000,65533.000000,0.000000,-3.000000,0.000000,0.000000,0.000000
17940.000000,65533.000000,0.000000,-3.000000,0.000000,0.000000,0.000000
17950.000000,65533.000000,0.000000,-3.000000,0.000000,0.000000,0.000000
17960.000000,65533.000000,0.000000,-3.000000,0.000000,0.000000,0.000000
17970.000000,65533.000000,0.000000,-3.000000,0.000000,0.000000,0.000000
17980.000000,65533.000000,0.000000,-3.000000,0.000000,0.000000,0.000000
17990.000000,65533.000000,0.000000,-3.000000,0.000000,0.000000,0.000000
18000.000000,65533.000000,0.000000,-3.000000,0.000000,0.000000,0.000000
18010.000000,65533.000000,0.000000,-3.000000,0.000000,0.000000,0.000000
18020.000000,65533.000000,0.000000,-3.000000,0.000000,0.000000,0.000000
18030.000000,65533.000000,0.000000,-3.000000,0.000000,0.000000,0.000000
18040.000000,65533.000000,0.000000,-3.000000,0.000000,0.000000,0.000000
18050.000000,65533.000000,0.000000,-3.000000,0.000000,0.000000,0.000000
18060.000000,65533.000000,0.000000,-3.000000,0.000000,0.000000,0.000000
18070.000000,65533.000000,0.000000,-3.000000,0.000000,0.000000,0.000000
18080.000000,65533.000000,0.000000,-3.000000,0.000000,0.000000,0.000000
18090.000000,65533.000000,0.000000,-3.000000,0.000000,0.000000,0.000000
18100.000000,65533.000000,0.000000,-3.000000,0.000000,0.000000,0.000000
18110.000000,65533.000000,0.000000,-3.000000,0.000000,0.000000,0.000000
18120.000000,65533.000000,0.000000,-3.000000,0.000000,0.000000,0.000000
18130.000000,65533.000000,0.000000,-3.000000,0.000000,0.000000,0.000000
18140.000000,65533.000000,0.000000,-3.000000,0.000000,0.000000,0.000000
18150.000000,65533.000000,0.000000,-3.000000,0.000000,0.000000,0.000000
18160.000000,65533.000000,0.000000,-3.000000,0.000000,0.000000,0.000000
18170.000000,65533.000000,0.000000,-3.000000,0.000000,0.000000,0.000000
18180.000000,65533.000000,0.000000,-3.000000,0.000000,0.000000,0.000000
18190.000000,65533.000000,0.000000,-3.000000,0.000000,0.000000,0.000000
18200.000000,65533.000000,0.000000,-3.000000,0.000000,0.000000,0.000000
18210.000000,65533.000000,0.000000,-3.000000,0.000000,0.000000,0.000000
18220.000000,65533.000000,0.000000,-3.000000,0.000000,0.000000,0.000000
18230.000000,65533.000000,0.000000,-3.000000,0.000000,0.000000,0.000000
18240.000000,65533.000000,0.000000,-3.000000,0.000000,0.000000,0.000000
18250.000000,65533.000000,0.000000,-3.000000,0.000000,0.000000,0.000000
18260.000000,65533.000000,0.000000,-3.000000,0.000000,0.000000,0.000000
18270.000000,65533.000000,0.000000,-3.000000,0.000000,0.000000,0.000000
18280.000000,65533.000000,0.000000,-3.000000,0.000000,0.000000,0.000000
18290.000000,65533.000000,0.000000,-3.000000,0.000000,0.000000,0.000000
18300.000000,65533.000000,0.000000,-3.000000,0.000000,0.000000,0.000000
18310.000000,65533.000000,0.000000,-3.000000,0.000000,0.000000,0.000000
18320.000000,65533.000000,0.000000,-3.000000,0.000000,0.000000,0.000000
18330.000000,65533.000000,0.000000,-3.000000,0.000000,0.000000,0.000000
18340.000000,65533.000000,0.000000,-3.000000,0.000000,0.000000,0.000000
18350.000000,65533.000000,0.000000,-3.000000,0.000000,0.000000,0.000000
18360.000000,65533.000000,0.000000,-3.000000,0.000000,0.000000,0.000000
18370.000000,65533.000000,0.000000,-3.000000,0.000000,0.000000,0.000000
18380.000000,65533.000000,0.000000,-3.000000,0.000000,0.000000,0.000000
18390.000000,65533.000000,0.000000,-3.000000,0.000000,0.000000,0.000000
18400.000000,65533.000000,0.000000,-3.000000,0.000000,0.000000,0.000000
18410.000000,65533.000000,0.000000,-3.000000,0.000000,0.000000,0.000000
18420.000000,65533.000000,0.000000,-3.000000,0.000000,0.000000,0.000000
18430.000000,65533.000000,0.000000,-3.000000,0.000000,0.000000,0.000000
18440.000000,65533.000000,0.000000,-3.000000,0.000000,0.000000,0.000000
18450.000000,65533.000000,0.000000,-3.000000,0.000000,0.000000,0.000000
18460.000000,65533.000000,0.000000,-3.000000,0.000000,0.000000,0.000000
18470.000000,65533.000000,0.000000,-3.000000,0.000000,0.000000,0.000000
18480.000000,65533.000000,0.000000,-3.000000,0.000000,0.000000,0.000000
18490.000000,65533.000000,0.000000,-3.000000,0.000000,0.000000,0.000000
18500.000000,65533.000000,0.000000,-3.000000,0.000000,0.000000,0.000000
18510.000000,65533.000000,0.000000,-3.000000,0.000000,0.000000,0.000000
18520.000000,65533.000000,0.000000,-3.000000,0.000000,0.000000,0.000000
18530.000000,65533.000000,0.000000,-3.000000,0.000000,0.000000,0.000000
18540.000000,65533.000000,0.000000,-3.000000,0.000000,0.000000,0.000000
18550.000000,65533.000000,0.000000,-3.000000,0.000000,0.000000,0.000000
18560.000000,65533.000000,0.000000,-3.000000,0.000000,0.000000,0.000000
18570.000000,65533.000000,0.000000,-3.000000,0.000000,0.000000,0.000000
18580.000000,65533.000000,0.000000,-3.000000,0.000000,0.000000,0.000000
18590.000000,65533.000000,0.000000,-3.000000,0.000000,0.000000,0.000000
18600.000000,65533.000000,0.000000,-3.000000,0.000000,0.000000,0.000000
18610.000000,65533.000000,0.000000,-3.000000,0.000000,0.000000,0.000000
18620.000000,65533.000000,0.000000,-3.000000,0.000000,0.000000,0.000000
18630.000000,65533.000000,0.000000,-3.000000,0.000000,0.000000,0.000000
18640.000000,65533.000000,0.000000,-3.000000,0.000000,0.000000,0.000000
18650.000000,65533.000000,0.000000,-3.000000,0.000000,0.000000,0.000000
18660.000000,65533.000000,0.000000,-3.000000,0.000000,0.000000,0.000000
18670.000000,65533.000000,0.000000,-3.000000,0.000000,0.000000,0.000000
18680.000000,65533.000000,0.000000,-3.000000,0.000000,0.000000,0.000000
18690.000000,65533.000000,0.000000,-3.000000,0.000000,0.000000,0.000000
18700.000000,65533.000000,0.000000,-3.000000,0.000000,0.000000,0.000000
18710.000000,65533.000000,0.000000,-3.000000,0.000000,0.000000,0.000000
18720.000000,65533.000000,0.000000,-3.000000,0.000000,0.000000,0.000000
18730.000000,65533.000000,0.000000,-3.000000,0.000000,0.000000,0.000000
18740.000000,65533.000000,0.000000,-3.000000,0.000000,0.000000,0.000000
18750.000000,65533.000000,0.000000,-3.000000,0.000000,0.000000,0.000000
18760.000000,65533.000000,0.000000,-3.000000,0.000000,0.000000,0.000000
18770.000000,65533.000000,0.000000,-3.000000,0.000000,0.000000,0.000000
18780.000000,65533.000000,0.000000,-3.000000,0.000000,0.000000,0.000000
18790.000000,65533.000000,0.000000,-3.000000,0.000000,0.000000,0.000000
18800.000000,65533.000000,0.000000,-3.000000,0.000000,0.000000,0.000000
18810.000000,65533.000000,0.000000,-3.000000,0.000000,0.000000,0.000000
18820.000000,65533.000000,0.000000,-3.000000,0.000000,0.000000,0.000000
18830.000000,65533.000000,0.000000,-3.000000,0.000000,0.000000,0.000000
18840.000000,65533.000000,0.000000,-3.000000,0.000000,0.000000,0.000000
18850.000000,65533.000000,0.000000,-3.000000,0.000000,0.000000,0.000000
18860.000000,65533.000000,0.000000,-3.000000,0.000000,0.000000,0.000000
18870.000000,65533.000000,0.000000,-3.000000,0.000000,0.000000,0.000000
18880.000000,65531.000000,-2.000000,-5.000000,0.000000,0.000000,0.000000
18890.000000,65533.000000,2.000000,-3.000000,0.000000,0.000000,0.000000
18900.000000,65533.000000,0.000000,-3.000000,0.000000,0.000000,0.000000
18910.000000,65533.000000,0.000000,-3.000000,0.000000,0.000000,0.000000
18920.000000,65533.000000,0.000000,-3.000000,0.000000,0.000000,0.000000
18930.000000,65533.000000,0.000000,-3.000000,0.000000,0.000000,0.000000
18940.000000,65533.000000,0.000000,-3.000000,0.000000,0.000000,0.000000
18950.000000,65533.000000,0.000000,-3.000000,0.000000,0.000000,0.000000
18960.000000,65533.000000,0.000000,-3.000000,0.000000,0.000000,0.000000
18970.000000,65533.000000,0.000000,-3.000000,0.000000,0.000000,0.000000
18980.000000,65533.000000,0.000000,-3.000000,0.000000,0.000000,0.000000
18990.000000,65533.000000,0.000000,-3.000000,0.000000,0.000000,0.000000
19000.000000,65533.000000,0.000000,-3.000000,0.000000,0.000000,0.000000
19010.000000,65533.000000,0.000000,-3.000000,0.000000,0.000000,0.000000
19020.000000,65533.000000,0.000000,-3.000000,0.000000,0.000000,0.000000
19030.000000,65533.000000,0.000000,-3.000000,0.000000,0.000000,0.000000
19040.000000,65533.000000,0.000000,-3.000000,0.000000,0.000000,0.000000
19050.000000,65533.000000,0.000000,-3.000000,0.000000,0.000000,0.000000
19060.000000,65533.000000,0.000000,-3.000000,0.000000,0.000000,0.000000
19070.000000,65533.000000,0.000000,-3.000000,0.000000,0.000000,0.000000
19080.000000,65533.000000,0.000000,-3.000000,0.000000,0.000000,0.000000
19090.000000,65533.000000,0.000000,-3.000000,0.000000,0.000000,0.000000
19100.000000,65533.000000,0.000000,-3.000000,0.000000,0.000000,0.000000
19110.000000,65533.000000,0.000000,-3.000000,0.000000,0.000000,0.000000
19120.000000,65533.000000,0.000000,-3.000000,0.000000,0.000000,0.000000
19130.000000,65533.000000,0.000000,-3.000000,0.000000,0.000000,0.000000
19140.000000,65533.000000,0.000000,-3.000000,0.000000,0.000000,0.000000
19150.000000,65533.000000,0.000000,-3.000000,0.000000,0.000000,0.000000
19160.000000,65533.000000,0.000000,-3.000000,0.000000,0.000000,0.000000
19170.000000,65533.000000,0.000000,-3.000000,0.000000,0.000000,0.000000
19180.000000,65533.000000,0.000000,-3.000000,0.000000,0.000000,0.000000
19190.000000,65533.000000,0.000000,-3.000000,0.000000,0.000000,0.000000
19200.000000,65534.000000,1.000000,-2.000000,0.000000,0.000000,0.000000
19210.000000,65534.000000,0.000000,-2.000000,0.000000,0.000000,0.000000
19220.000000,65534.000000,0.000000,-2.000000,0.000000,0.000000,0.000000
19230.000000,65535.000000,1.000000,-1.000000,0.000000,0.000000,0.000000
19240.000000,65534.000000,-1.000000,-2.000000,0.000000,0.000000,0.000000
19250.000000,65535.000000,1.000000,-1.000000,0.000000,0.000000,0.000000
19260.000000,65534.000000,-1.000000,-2.000000,0.000000,0.000000,0.000000
19270.000000,65535.000000,1.000000,-1.000000,0.000000,0.000000,0.000000
19280.000000,65534.000000,-1.000000,-2.000000,0.000000,0.000000,0.000000
19290.000000,65535.000000,1.000000,-1.000000,0.000000,0.000000,0.000000
19300.000000,65534.000000,-1.000000,-2.000000,0.000000,0.000000,0.000000
19310.000000,65535.000000,1.000000,-1.000000,0.000000,0.000000,0.000000
19320.000000,65535.000000,0.000000,-1.000000,0.000000,0.000000,0.000000
19330.000000,65535.000000,0.000000,-1.000000,0.000000,0.000000,0.000000
19340.000000,65535.000000,0.000000,-1.000000,0.000000,0.000000,0.000000
19350.000000,65535.000000,0.000000,-1.000000,0.000000,0.000000,0.000000
19360.000000,65535.000000,0.000000,-1.000000,0.000000,0.000000,0.000000
19370.000000,65535.000000,0.000000,-1.000000,0.000000,0.000000,0.000000
19380.000000,65535.000000,0.000000,-1.000000,0.000000,0.000000,0.000000
19390.000000,65535.000000,0.000000,-1.000000,0.000000,0.000000,0.000000
19400.000000,65535.000000,0.000000,-1.000000,0.000000,0.000000,0.000000
19410.000000,65535.000000,0.000000,-1.000000,0.000000,0.000000,0.000000
19420.000000,65535.000000,0.000000,-1.000000,0.000000,0.000000,0.000000
19430.000000,65535.000000,0.000000,-1.000000,0.000000,0.000000,0.000000
19440.000000,65535.000000,0.000000,-1.000000,0.000000,0.000000,0.000000
19450.000000,65535.000000,0.000000,-1.000000,0.000000,0.000000,0.000000
19460.000000,65535.000000,0.000000,-1.000000,0.000000,0.000000,0.000000
19470.000000,65535.000000,0.000000,-1.000000,0.000000,0.000000,0.000000
19480.000000,65535.000000,0.000000,-1.000000,0.000000,0.000000,0.000000
19490.000000,65535.000000,0.000000,-1.000000,0.000000,0.000000,0.000000
19500.000000,65535.000000,0.000000,-1.000000,0.000000,0.000000,0.000000
19510.000000,65535.000000,0.000000,-1.000000,0.000000,0.000000,0.000000
19520.000000,65535.000000,0.000000,-1.000000,0.000000,0.000000,0.000000
19530.000000,65535.000000,0.000000,-1.000000,0.000000,0.000000,0.000000
19540.000000,65535.000000,0.000000,-1.000000,0.000000,0.000000,0.000000
19550.000000,65535.000000,0.000000,-1.000000,0.000000,0.000000,0.000000
19560.000000,65535.000000,0.000000,-1.000000,0.000000,0.000000,0.000000
19570.000000,65535.000000,0.000000,-1.000000,0.000000,0.000000,0.000000
19580.000000,65535.000000,0.000000,-1.000000,0.000000,0.000000,0.000000
19590.000000,65535.000000,0.000000,-1.000000,0.000000,0.000000,0.000000
19600.000000,65535.000000,0.000000,-1.000000,0.000000,0.000000,0.000000
19610.000000,65535.000000,0.000000,-1.000000,0.000000,0.000000,0.000000
19620.000000,65535.000000,0.000000,-1.000000,0.000000,0.000000,0.000000
19630.000000,65535.000000,0.000000,-1.000000,0.000000,0.000000,0.000000
19640.000000,65535.000000,0.000000,-1.000000,0.000000,0.000000,0.000000
19650.000000,65535.000000,0.000000,-1.000000,0.000000,0.000000,0.000000
19660.000000,65535.000000,0.000000,-1.000000,0.000000,0.000000,0.000000
19670.000000,65535.000000,0.000000,-1.000000,0.000000,0.000000,0.000000
19680.000000,65535.000000,0.000000,-1.000000,0.000000,0.000000,0.000000
19690.000000,65535.000000,0.000000,-1.000000,0.000000,0.000000,0.000000
19700.000000,65535.000000,0.000000,-1.000000,0.000000,0.000000,0.000000
19710.000000,65535.000000,0.000000,-1.000000,0.000000,0.000000,0.000000
19720.000000,65535.000000,0.000000,-1.000000,0.000000,0.000000,0.000000
19730.000000,65535.000000,0.000000,-1.000000,0.000000,0.000000,0.000000
19740.000000,65535.000000,0.000000,-1.000000,0.000000,0.000000,0.000000
19750.000000,65535.000000,0.000000,-1.000000,0.000000,0.000000,0.000000
19760.000000,65535.000000,0.000000,-1.000000,0.000000,0.000000,0.000000
19770.000000,65535.000000,0.000000,-1.000000,0.000000,0.000000,0.000000
19780.000000,65535.000000,0.000000,-1.000000,0.000000,0.000000,0.000000
19790.000000,65535.000000,0.000000,-1.000000,0.000000,0.000000,0.000000
19800.000000,65535.000000,0.000000,-1.000000,0.000000,0.000000,0.000000
19810.000000,65535.000000,0.000000,-1.000000,0.000000,0.000000,0.000000
19820.000000,65535.000000,0.000000,-1.000000,0.000000,0.000000,0.000000
19830.000000,65535.000000,0.000000,-1.000000,0.000000,0.000000,0.000000
19840.000000,65535.000000,0.000000,-1.000000,0.000000,0.000000,0.000000
19850.000000,65535.000000,0.000000,-1.000000,0.000000,0.000000,0.000000
19860.000000,65535.000000,0.000000,-1.000000,0.000000,0.000000,0.000000
19870.000000,65535.000000,0.000000,-1.000000,0.000000,0.000000,0.000000
19880.000000,65535.000000,0.000000,-1.000000,0.000000,0.000000,0.000000
19890.000000,65535.000000,0.000000,-1.000000,0.000000,0.000000,0.000000
19900.000000,65535.000000,0.000000,-1.000000,0.000000,0.000000,0.000000
19910.000000,65535.000000,0.000000,-1.000000,0.000000,0.000000,0.000000
19920.000000,65535.000000,0.000000,-1.000000,0.000000,0.000000,0.000000
19930.000000,65535.000000,0.000000,-1.000000,0.000000,0.000000,0.000000
19940.000000,65535.000000,0.000000,-1.000000,0.000000,0.000000,0.000000
19950.000000,65535.000000,0.000000,-1.000000,0.000000,0.000000,0.000000
19960.000000,65535.000000,0.000000,-1.000000,0.000000,0.000000,0.000000
19970.000000,65535.000000,0.000000,-1.000000,0.000000,0.000000,0.000000
19980.000000,65535.000000,0.000000,-1.000000,0.000000,0.000000,0.000000
19990.000000,65535.000000,0.000000,-1.000000,0.000000,0.000000,0.000000
20000.000000,65535.000000,0.000000,-1.000000,0.000000,0.000000,0.000000
20010.000000,65535.000000,0.000000,-1.000000,0.000000,0.000000,0.000000
20020.000000,65535.000000,0.000000,-1.000000,0.000000,0.000000,0.000000
20030.000000,65535.000000,0.000000,-1.000000,0.000000,0.000000,0.000000
20040.000000,65535.000000,0.000000,-1.000000,0.000000,0.000000,0.000000
20050.000000,65535.000000,0.000000,-1.000000,0.000000,0.000000,0.000000
20060.000000,65535.000000,0.000000,-1.000000,0.000000,0.000000,0.000000
20070.000000,65535.000000,0.000000,-1.000000,0.000000,0.000000,0.000000
20080.000000,65535.000000,0.000000,-1.000000,0.000000,0.000000,0.000000
20090.000000,65535.000000,0.000000,-1.000000,0.000000,0.000000,0.000000
20100.000000,65535.000000,0.000000,-1.000000,0.000000,0.000000,0.000000
20110.000000,65535.000000,0.000000,-1.000000,0.000000,0.000000,0.000000
20120.000000,65535.000000,0.000000,-1.000000,0.000000,0.000000,0.000000
20130.000000,65535.000000,0.000000,-1.000000,0.000000,0.000000,0.000000
20140.000000,65535.000000,0.000000,-1.000000,0.000000,0.000000,0.000000
20150.000000,65535.000000,0.000000,-1.000000,0.000000,0.000000,0.000000
20160.000000,0.000000,1.000000,0.000000,0.000000,0.000000,0.000000
20170.000000,0.000000,0.000000,0.000000,0.000000,0.000000,0.000000
20180.000000,0.000000,0.000000,0.000000,0.000000,0.000000,0.000000
20190.000000,65531.000000,-5.000000,-5.000000,0.000000,0.000000,0.000000
20200.000000,65532.000000,1.000000,-4.000000,0.000000,0.000000,0.000000
20210.000000,65532.000000,0.000000,-4.000000,0.000000,0.000000,0.000000
20220.000000,65533.000000,1.000000,-3.000000,0.000000,0.000000,0.000000
20230.000000,65532.000000,-1.000000,-4.000000,0.000000,0.000000,0.000000
20240.000000,65529.000000,-3.000000,-7.000000,0.000000,0.000000,0.000000
20250.000000,65530.000000,1.000000,-6.000000,0.000000,0.000000,0.000000
20260.000000,65530.000000,0.000000,-6.000000,0.000000,0.000000,0.000000
20270.000000,65530.000000,0.000000,-6.000000,0.000000,0.000000,0.000000
20280.000000,65530.000000,0.000000,-6.000000,0.000000,0.000000,0.000000
20290.000000,65530.000000,0.000000,-6.000000,0.000000,0.000000,0.000000
20300.000000,65530.000000,0.000000,-6.000000,0.000000,0.000000,0.000000
20310.000000,65530.000000,0.000000,-6.000000,0.000000,0.000000,0.000000
20320.000000,65530.000000,0.000000,-6.000000,0.000000,0.000000,0.000000
20330.000000,65530.000000,0.000000,-6.000000,0.000000,0.000000,0.000000
20340.000000,65530.000000,0.000000,-6.000000,0.000000,0.000000,0.000000
20350.000000,65530.000000,0.000000,-6.000000,0.000000,0.000000,0.000000
20360.000000,65530.000000,0.000000,-6.000000,0.000000,0.000000,0.000000
20370.000000,65530.000000,0.000000,-6.000000,0.000000,0.000000,0.000000
20380.000000,65530.000000,0.000000,-6.000000,0.000000,0.000000,0.000000
20390.000000,65530.000000,0.000000,-6.000000,0.000000,0.000000,0.000000
20400.000000,65530.000000,0.000000,-6.000000,0.000000,0.000000,0.000000
20410.000000,65530.000000,0.000000,-6.000000,0.000000,0.000000,0.000000
20420.000000,65530.000000,0.000000,-6.000000,0.000000,0.000000,0.000000
20430.000000,65530.000000,0.000000,-6.000000,0.000000,0.000000,0.000000
20440.000000,65530.000000,0.000000,-6.000000,0.000000,0.000000,0.000000
20450.000000,65530.000000,0.000000,-6.000000,0.000000,0.000000,0.000000
20460.000000,65530.000000,0.000000,-6.000000,0.000000,0.000000,0.000000
20470.000000,65530.000000,0.000000,-6.000000,0.000000,0.000000,0.000000
20480.000000,65530.000000,0.000000,-6.000000,0.000000,0.000000,0.000000
20490.000000,65530.000000,0.000000,-6.000000,0.000000,0.000000,0.000000
20500.000000,65530.000000,0.000000,-6.000000,0.000000,0.000000,0.000000
20510.000000,65530.000000,0.000000,-6.000000,0.000000,0.000000,0.000000
20520.000000,65530.000000,0.000000,-6.000000,0.000000,0.000000,0.000000
20530.000000,65530.000000,0.000000,-6.000000,0.000000,0.000000,0.000000
20540.000000,65530.000000,0.000000,-6.000000,0.000000,0.000000,0.000000
20550.000000,65530.000000,0.000000,-6.000000,0.000000,0.000000,0.000000
20560.000000,65530.000000,0.000000,-6.000000,0.000000,0.000000,0.000000
20570.000000,65530.000000,0.000000,-6.000000,0.000000,0.000000,0.000000
20580.000000,65530.000000,0.000000,-6.000000,0.000000,0.000000,0.000000
20590.000000,65530.000000,0.000000,-6.000000,0.000000,0.000000,0.000000
20600.000000,65530.000000,0.000000,-6.000000,0.000000,0.000000,0.000000
20610.000000,65530.000000,0.000000,-6.000000,0.000000,0.000000,0.000000
20620.000000,65530.000000,0.000000,-6.000000,0.000000,0.000000,0.000000
20630.000000,65530.000000,0.000000,-6.000000,0.000000,0.000000,0.000000
20640.000000,65530.000000,0.000000,-6.000000,0.000000,0.000000,0.000000
20650.000000,65530.000000,0.000000,-6.000000,0.000000,0.000000,0.000000
20660.000000,65530.000000,0.000000,-6.000000,0.000000,0.000000,0.000000
20670.000000,65530.000000,0.000000,-6.000000,0.000000,0.000000,0.000000
20680.000000,65530.000000,0.000000,-6.000000,0.000000,0.000000,0.000000
20690.000000,65530.000000,0.000000,-6.000000,0.000000,0.000000,0.000000
20700.000000,65530.000000,0.000000,-6.000000,0.000000,0.000000,0.000000
20710.000000,65530.000000,0.000000,-6.000000,0.000000,0.000000,0.000000
20720.000000,65530.000000,0.000000,-6.000000,0.000000,0.000000,0.000000
20730.000000,65530.000000,0.000000,-6.000000,0.000000,0.000000,0.000000
20740.000000,65530.000000,0.000000,-6.000000,0.000000,0.000000,0.000000
20750.000000,65530.000000,0.000000,-6.000000,0.000000,0.000000,0.000000
20760.000000,65530.000000,0.000000,-6.000000,0.000000,0.000000,0.000000
20770.000000,65530.000000,0.000000,-6.000000,0.000000,0.000000,0.000000
20780.000000,65530.000000,0.000000,-6.000000,0.000000,0.000000,0.000000
20790.000000,65530.000000,0.000000,-6.000000,0.000000,0.000000,0.000000
20800.000000,65530.000000,0.000000,-6.000000,0.000000,0.000000,0.000000
20810.000000,65530.000000,0.000000,-6.000000,0.000000,0.000000,0.000000
20820.000000,65530.000000,0.000000,-6.000000,0.000000,0.000000,0.000000
20830.000000,65530.000000,0.000000,-6.000000,0.000000,0.000000,0.000000
20840.000000,65530.000000,0.000000,-6.000000,0.000000,0.000000,0.000000
20850.000000,65530.000000,0.000000,-6.000000,0.000000,0.000000,0.000000
20860.000000,65530.000000,0.000000,-6.000000,0.000000,0.000000,0.000000
20870.000000,65530.000000,0.000000,-6.000000,0.000000,0.000000,0.000000
20880.000000,65530.000000,0.000000,-6.000000,0.000000,0.000000,0.000000
20890.000000,65530.000000,0.000000,-6.000000,0.000000,0.000000,0.000000
20900.000000,65530.000000,0.000000,-6.000000,0.000000,0.000000,0.000000
20910.000000,65530.000000,0.000000,-6.000000,0.000000,0.000000,0.000000
20920.000000,65530.000000,0.000000,-6.000000,0.000000,0.000000,0.000000
20930.000000,65530.000000,0.000000,-6.000000,0.000000,0.000000,0.000000
20940.000000,65530.000000,0.000000,-6.000000,0.000000,0.000000,0.000000
20950.000000,65530.000000,0.000000,-6.000000,0.000000,0.000000,0.000000
20960.000000,65530.000000,0.000000,-6.000000,0.000000,0.000000,0.000000
20970.000000,65530.000000,0.000000,-6.000000,0.000000,0.000000,0.000000
20980.000000,65530.000000,0.000000,-6.000000,0.000000,0.000000,0.000000
20990.000000,65530.000000,0.000000,-6.000000,0.000000,0.000000,0.000000
21000.000000,65530.000000,0.000000,-6.000000,0.000000,0.000000,0.000000
21010.000000,65530.000000,0.000000,-6.000000,0.000000,0.000000,0.000000
21020.000000,65530.000000,0.000000,-6.000000,0.000000,0.000000,0.000000
21030.000000,65530.000000,0.000000,-6.000000,0.000000,0.000000,0.000000
21040.000000,65530.000000,0.000000,-6.000000,0.000000,0.000000,0.000000
21050.000000,65530.000000,0.000000,-6.000000,0.000000,0.000000,0.000000
21060.000000,65530.000000,0.000000,-6.000000,0.000000,0.000000,0.000000
21070.000000,65530.000000,0.000000,-6.000000,0.000000,0.000000,0.000000
21080.000000,65530.000000,0.000000,-6.000000,0.000000,0.000000,0.000000
21090.000000,65530.000000,0.000000,-6.000000,0.000000,0.000000,0.000000
21100.000000,65530.000000,0.000000,-6.000000,0.000000,0.000000,0.000000
21110.000000,65530.000000,0.000000,-6.000000,0.000000,0.000000,0.000000
21120.000000,65530.000000,0.000000,-6.000000,0.000000,0.000000,0.000000
21130.000000,65530.000000,0.000000,-6.000000,0.000000,0.000000,0.000000
21140.000000,65530.000000,0.000000,-6.000000,0.000000,0.000000,0.000000
21150.000000,65530.000000,0.000000,-6.000000,0.000000,0.000000,0.000000
21160.000000,65530.000000,0.000000,-6.000000,0.000000,0.000000,0.000000
21170.000000,65530.000000,0.000000,-6.000000,0.000000,0.000000,0.000000
21180.000000,65530.000000,0.000000,-6.000000,0.000000,0.000000,0.000000
21190.000000,65530.000000,0.000000,-6.000000,0.000000,0.000000,0.000000
21200.000000,65530.000000,0.000000,-6.000000,0.000000,0.000000,0.000000
21210.000000,65530.000000,0.000000,-6.000000,0.000000,0.000000,0.000000
21220.000000,65530.000000,0.000000,-6.000000,0.000000,0.000000,0.000000
21230.000000,65530.000000,0.000000,-6.000000,0.000000,0.000000,0.000000
21240.000000,65530.000000,0.000000,-6.000000,0.000000,0.000000,0.000000
21250.000000,65530.000000,0.000000,-6.000000,0.000000,0.000000,0.000000
21260.000000,65530.000000,0.000000,-6.000000,0.000000,0.000000,0.000000
21270.000000,65530.000000,0.000000,-6.000000,0.000000,0.000000,0.000000
21280.000000,65530.000000,0.000000,-6.000000,0.000000,0.000000,0.000000
21290.000000,65530.000000,0.000000,-6.000000,0.000000,0.000000,0.000000
21300.000000,65530.000000,0.000000,-6.000000,0.000000,0.000000,0.000000
21310.000000,65530.000000,0.000000,-6.000000,0.000000,0.000000,0.000000
21320.000000,65530.000000,0.000000,-6.000000,0.000000,0.000000,0.000000
21330.000000,65530.000000,0.000000,-6.000000,0.000000,0.000000,0.000000
21340.000000,65530.000000,0.000000,-6.000000,0.000000,0.000000,0.000000
21350.000000,65530.000000,0.000000,-6.000000,0.000000,0.000000,0.000000
21360.000000,65530.000000,0.000000,-6.000000,0.000000,0.000000,0.000000
21370.000000,65530.000000,0.000000,-6.000000,0.000000,0.000000,0.000000
21380.000000,65530.000000,0.000000,-6.000000,0.000000,0.000000,0.000000
21390.000000,65530.000000,0.000000,-6.000000,0.000000,0.000000,0.000000
21400.000000,65530.000000,0.000000,-6.000000,0.000000,0.000000,0.000000
21410.000000,65530.000000,0.000000,-6.000000,0.000000,0.000000,0.000000
21420.000000,65530.000000,0.000000,-6.000000,0.000000,0.000000,0.000000
21430.000000,65530.000000,0.000000,-6.000000,0.000000,0.000000,0.000000
21440.000000,65530.000000,0.000000,-6.000000,0.000000,0.000000,0.000000
21450.000000,65530.000000,0.000000,-6.000000,0.000000,0.000000,0.000000
21460.000000,65530.000000,0.000000,-6.000000,0.000000,0.000000,0.000000
21470.000000,65530.000000,0.000000,-6.000000,0.000000,0.000000,0.000000
21480.000000,65530.000000,0.000000,-6.000000,0.000000,0.000000,0.000000
21490.000000,65530.000000,0.000000,-6.000000,0.000000,0.000000,0.000000
21500.000000,65530.000000,0.000000,-6.000000,0.000000,0.000000,0.000000
21510.000000,65530.000000,0.000000,-6.000000,0.000000,0.000000,0.000000
21520.000000,65530.000000,0.000000,-6.000000,0.000000,0.000000,0.000000
21530.000000,65530.000000,0.000000,-6.000000,0.000000,0.000000,0.000000
21540.000000,65530.000000,0.000000,-6.000000,0.000000,0.000000,0.000000
21550.000000,65530.000000,0.000000,-6.000000,0.000000,0.000000,0.000000
21560.000000,65530.000000,0.000000,-6.000000,0.000000,0.000000,0.000000
21570.000000,65530.000000,0.000000,-6.000000,0.000000,0.000000,0.000000
21580.000000,65530.000000,0.000000,-6.000000,0.000000,0.000000,0.000000
21590.000000,65530.000000,0.000000,-6.000000,0.000000,0.000000,0.000000
21600.000000,65530.000000,0.000000,-6.000000,0.000000,0.000000,0.000000
21610.000000,65530.000000,0.000000,-6.000000,0.000000,0.000000,0.000000
21620.000000,65530.000000,0.000000,-6.000000,0.000000,0.000000,0.000000
21630.000000,65530.000000,0.000000,-6.000000,0.000000,0.000000,0.000000
21640.000000,65530.000000,0.000000,-6.000000,0.000000,0.000000,0.000000
21650.000000,65530.000000,0.000000,-6.000000,0.000000,0.000000,0.000000
21660.000000,65530.000000,0.000000,-6.000000,0.000000,0.000000,0.000000
21670.000000,65530.000000,0.000000,-6.000000,0.000000,0.000000,0.000000
21680.000000,65530.000000,0.000000,-6.000000,0.000000,0.000000,0.000000
21690.000000,65530.000000,0.000000,-6.000000,0.000000,0.000000,0.000000
21700.000000,65530.000000,0.000000,-6.000000,0.000000,0.000000,0.000000
21710.000000,65530.000000,0.000000,-6.000000,0.000000,0.000000,0.000000
21720.000000,65530.000000,0.000000,-6.000000,0.000000,0.000000,0.000000
21730.000000,65530.000000,0.000000,-6.000000,0.000000,0.000000,0.000000
21740.000000,65530.000000,0.000000,-6.000000,0.000000,0.000000,0.000000
21750.000000,65530.000000,0.000000,-6.000000,0.000000,0.000000,0.000000
21760.000000,65530.000000,0.000000,-6.000000,0.000000,0.000000,0.000000
21770.000000,65530.000000,0.000000,-6.000000,0.000000,0.000000,0.000000
21780.000000,65530.000000,0.000000,-6.000000,0.000000,0.000000,0.000000
21790.000000,65530.000000,0.000000,-6.000000,0.000000,0.000000,0.000000
21800.000000,65530.000000,0.000000,-6.000000,0.000000,0.000000,0.000000
21810.000000,65530.000000,0.000000,-6.000000,0.000000,0.000000,0.000000
21820.000000,65530.000000,0.000000,-6.000000,0.000000,0.000000,0.000000
21830.000000,65530.000000,0.000000,-6.000000,0.000000,0.000000,0.000000
21840.000000,65530.000000,0.000000,-6.000000,0.000000,0.000000,0.000000
21850.000000,65530.000000,0.000000,-6.000000,0.000000,0.000000,0.000000
21860.000000,65530.000000,0.000000,-6.000000,0.000000,0.000000,0.000000
21870.000000,65530.000000,0.000000,-6.000000,0.000000,0.000000,0.000000
21880.000000,65530.000000,0.000000,-6.000000,0.000000,0.000000,0.000000
21890.000000,65530.000000,0.000000,-6.000000,0.000000,0.000000,0.000000
21900.000000,65530.000000,0.000000,-6.000000,0.000000,0.000000,0.000000
21910.000000,65530.000000,0.000000,-6.000000,0.000000,0.000000,0.000000
21920.000000,65530.000000,0.000000,-6.000000,0.000000,0.000000,0.000000
21930.000000,65530.000000,0.000000,-6.000000,0.000000,0.000000,0.000000
21940.000000,65530.000000,0.000000,-6.000000,0.000000,0.000000,0.000000
21950.000000,65530.000000,0.000000,-6.000000,0.000000,0.000000,0.000000
21960.000000,65530.000000,0.000000,-6.000000,0.000000,0.000000,0.000000
21970.000000,65530.000000,0.000000,-6.000000,0.000000,0.000000,0.000000
21980.000000,65530.000000,0.000000,-6.000000,0.000000,0.000000,0.000000
21990.000000,65530.000000,0.000000,-6.000000,0.000000,0.000000,0.000000
22000.000000,65530.000000,0.000000,-6.000000,0.000000,0.000000,0.000000
22010.000000,65530.000000,0.000000,-6.000000,0.000000,0.000000,0.000000
22020.000000,65530.000000,0.000000,-6.000000,0.000000,0.000000,0.000000
22030.000000,65530.000000,0.000000,-6.000000,0.000000,0.000000,0.000000
22040.000000,65530.000000,0.000000,-6.000000,0.000000,0.000000,0.000000
22050.000000,65530.000000,0.000000,-6.000000,0.000000,0.000000,0.000000
22060.000000,65530.000000,0.000000,-6.000000,0.000000,0.000000,0.000000
22070.000000,65530.000000,0.000000,-6.000000,0.000000,0.000000,0.000000
22080.000000,65530.000000,0.000000,-6.000000,0.000000,0.000000,0.000000
22090.000000,65530.000000,0.000000,-6.000000,0.000000,0.000000,0.000000
22100.000000,65530.000000,0.000000,-6.000000,0.000000,0.000000,0.000000
22110.000000,65530.000000,0.000000,-6.000000,0.000000,0.000000,0.000000
22120.000000,65530.000000,0.000000,-6.000000,0.000000,0.000000,0.000000
22130.000000,65530.000000,0.000000,-6.000000,0.000000,0.000000,0.000000
22140.000000,65530.000000,0.000000,-6.000000,0.000000,0.000000,0.000000
22150.000000,65530.000000,0.000000,-6.000000,0.000000,0.000000,0.000000
22160.000000,65530.000000,0.000000,-6.000000,0.000000,0.000000,0.000000
22170.000000,65530.000000,0.000000,-6.000000,0.000000,0.000000,0.000000
22180.000000,65530.000000,0.000000,-6.000000,0.000000,0.000000,0.000000
22190.000000,65530.000000,0.000000,-6.000000,0.000000,0.000000,0.000000
22200.000000,65530.000000,0.000000,-6.000000,0.000000,0.000000,0.000000
22210.000000,65530.000000,0.000000,-6.000000,0.000000,0.000000,0.000000
22220.000000,65530.000000,0.000000,-6.000000,0.000000,0.000000,0.000000
22230.000000,65530.000000,0.000000,-6.000000,0.000000,0.000000,0.000000
22240.000000,65530.000000,0.000000,-6.000000,0.000000,0.000000,0.000000
22250.000000,65530.000000,0.000000,-6.000000,0.000000,0.000000,0.000000
22260.000000,65530.000000,0.000000,-6.000000,0.000000,0.000000,0.000000
22270.000000,65530.000000,0.000000,-6.000000,0.000000,0.000000,0.000000
22280.000000,65530.000000,0.000000,-6.000000,0.000000,0.000000,0.000000
22290.000000,65530.000000,0.000000,-6.000000,0.000000,0.000000,0.000000
22300.000000,65530.000000,0.000000,-6.000000,0.000000,0.000000,0.000000
22310.000000,65530.000000,0.000000,-6.000000,0.000000,0.000000,0.000000
22320.000000,65530.000000,0.000000,-6.000000,0.000000,0.000000,0.000000
22330.000000,65530.000000,0.000000,-6.000000,0.000000,0.000000,0.000000
22340.000000,65530.000000,0.000000,-6.000000,0.000000,0.000000,0.000000
22350.000000,65530.000000,0.000000,-6.000000,0.000000,0.000000,0.000000
22360.000000,65530.000000,0.000000,-6.000000,0.000000,0.000000,0.000000
22370.000000,65530.000000,0.000000,-6.000000,0.000000,0.000000,0.000000
22380.000000,65530.000000,0.000000,-6.000000,0.000000,0.000000,0.000000
22390.000000,65530.000000,0.000000,-6.000000,0.000000,0.000000,0.000000
22400.000000,65530.000000,0.000000,-6.000000,0.000000,0.000000,0.000000
22410.000000,65530.000000,0.000000,-6.000000,0.000000,0.000000,0.000000
22420.000000,65530.000000,0.000000,-6.000000,0.000000,0.000000,0.000000
22430.000000,65530.000000,0.000000,-6.000000,0.000000,0.000000,0.000000
22440.000000,65530.000000,0.000000,-6.000000,0.000000,0.000000,0.000000
22450.000000,65530.000000,0.000000,-6.000000,0.000000,0.000000,0.000000
22460.000000,65530.000000,0.000000,-6.000000,0.000000,0.000000,0.000000
22470.000000,65530.000000,0.000000,-6.000000,0.000000,0.000000,0.000000
22480.000000,65530.000000,0.000000,-6.000000,0.000000,0.000000,0.000000
22490.000000,65530.000000,0.000000,-6.000000,0.000000,0.000000,0.000000
22500.000000,65530.000000,0.000000,-6.000000,0.000000,0.000000,0.000000
22510.000000,65530.000000,0.000000,-6.000000,0.000000,0.000000,0.000000
22520.000000,65530.000000,0.000000,-6.000000,0.000000,0.000000,0.000000
22530.000000,65530.000000,0.000000,-6.000000,0.000000,0.000000,0.000000
22540.000000,65530.000000,0.000000,-6.000000,0.000000,0.000000,0.000000
22550.000000,65530.000000,0.000000,-6.000000,0.000000,0.000000,0.000000
22560.000000,65530.000000,0.000000,-6.000000,0.000000,0.000000,0.000000
22570.000000,65530.000000,0.000000,-6.000000,0.000000,0.000000,0.000000
22580.000000,65530.000000,0.000000,-6.000000,0.000000,0.000000,0.000000
22590.000000,65530.000000,0.000000,-6.000000,0.000000,0.000000,0.000000
22600.000000,65530.000000,0.000000,-6.000000,0.000000,0.000000,0.000000
22610.000000,65530.000000,0.000000,-6.000000,0.000000,0.000000,0.000000
22620.000000,65530.000000,0.000000,-6.000000,0.000000,0.000000,0.000000
22630.000000,65530.000000,0.000000,-6.000000,0.000000,0.000000,0.000000
22640.000000,65530.000000,0.000000,-6.000000,0.000000,0.000000,0.000000
22650.000000,65530.000000,0.000000,-6.000000,0.000000,0.000000,0.000000
22660.000000,65530.000000,0.000000,-6.000000,0.000000,0.000000,0.000000
22670.000000,65530.000000,0.000000,-6.000000,0.000000,0.000000,0.000000
22680.000000,65530.000000,0.000000,-6.000000,0.000000,0.000000,0.000000
22690.000000,65530.000000,0.000000,-6.000000,0.000000,0.000000,0.000000
22700.000000,65530.000000,0.000000,-6.000000,0.000000,0.000000,0.000000
22710.000000,65530.000000,0.000000,-6.000000,0.000000,0.000000,0.000000
22720.000000,65530.000000,0.000000,-6.000000,0.000000,0.000000,0.000000
22730.000000,65530.000000,0.000000,-6.000000,0.000000,0.000000,0.000000
22740.000000,65530.000000,0.000000,-6.000000,0.000000,0.000000,0.000000
22750.000000,65530.000000,0.000000,-6.000000,0.000000,0.000000,0.000000
22760.000000,65530.000000,0.000000,-6.000000,0.000000,0.000000,0.000000
22770.000000,65530.000000,0.000000,-6.000000,0.000000,0.000000,0.000000
22780.000000,65530.000000,0.000000,-6.000000,0.000000,0.000000,0.000000
22790.000000,65530.000000,0.000000,-6.000000,0.000000,0.000000,0.000000
22800.000000,65530.000000,0.000000,-6.000000,0.000000,0.000000,0.000000
22810.000000,65530.000000,0.000000,-6.000000,0.000000,0.000000,0.000000
22820.000000,65530.000000,0.000000,-6.000000,0.000000,0.000000,0.000000
22830.000000,65530.000000,0.000000,-6.000000,0.000000,0.000000,0.000000
22840.000000,65530.000000,0.000000,-6.000000,0.000000,0.000000,0.000000
22850.000000,65530.000000,0.000000,-6.000000,0.000000,0.000000,0.000000
22860.000000,65530.000000,0.000000,-6.000000,0.000000,0.000000,0.000000
22870.000000,65530.000000,0.000000,-6.000000,0.000000,0.000000,0.000000
22880.000000,65530.000000,0.000000,-6.000000,0.000000,0.000000,0.000000
22890.000000,65530.000000,0.000000,-6.000000,0.000000,0.000000,0.000000
22900.000000,65530.000000,0.000000,-6.000000,0.000000,0.000000,0.000000
22910.000000,65530.000000,0.000000,-6.000000,0.000000,0.000000,0.000000
22920.000000,65530.000000,0.000000,-6.000000,0.000000,0.000000,0.000000
22930.000000,65530.000000,0.000000,-6.000000,0.000000,0.000000,0.000000
22940.000000,65530.000000,0.000000,-6.000000,0.000000,0.000000,0.000000
22950.000000,65530.000000,0.000000,-6.000000,0.000000,0.000000,0.000000
22960.000000,65530.000000,0.000000,-6.000000,0.000000,0.000000,0.000000
22970.000000,65530.000000,0.000000,-6.000000,0.000000,0.000000,0.000000
22980.000000,65530.000000,0.000000,-6.000000,0.000000,0.000000,0.000000
22990.000000,65530.000000,0.000000,-6.000000,0.000000,0.000000,0.000000
23000.000000,65530.000000,0.000000,-6.000000,0.000000,0.000000,0.000000
23010.000000,65530.000000,0.000000,-6.000000,0.000000,0.000000,0.000000
23020.000000,65530.000000,0.000000,-6.000000,0.000000,0.000000,0.000000
23030.000000,65530.000000,0.000000,-6.000000,0.000000,0.000000,0.000000
23040.000000,65530.000000,0.000000,-6.000000,0.000000,0.000000,0.000000
23050.000000,65530.000000,0.000000,-6.000000,0.000000,0.000000,0.000000
23060.000000,65530.000000,0.000000,-6.000000,0.000000,0.000000,0.000000
23070.000000,65530.000000,0.000000,-6.000000,0.000000,0.000000,0.000000
23080.000000,65530.000000,0.000000,-6.000000,0.000000,0.000000,0.000000
23090.000000,65530.000000,0.000000,-6.000000,0.000000,0.000000,0.000000
23100.000000,65530.000000,0.000000,-6.000000,0.000000,0.000000,0.000000
23110.000000,65530.000000,0.000000,-6.000000,0.000000,0.000000,0.000000
23120.000000,65530.000000,0.000000,-6.000000,0.000000,0.000000,0.000000
23130.000000,65530.000000,0.000000,-6.000000,0.000000,0.000000,0.000000
23140.000000,65530.000000,0.000000,-6.000000,0.000000,0.000000,0.000000
23150.000000,65530.000000,0.000000,-6.000000,0.000000,0.000000,0.000000
23160.000000,65530.000000,0.000000,-6.000000,0.000000,0.000000,0.000000
23170.000000,65530.000000,0.000000,-6.000000,0.000000,0.000000,0.000000
23180.000000,65530.000000,0.000000,-6.000000,0.000000,0.000000,0.000000
23190.000000,65530.000000,0.000000,-6.000000,0.000000,0.000000,0.000000
23200.000000,65530.000000,0.000000,-6.000000,0.000000,0.000000,0.000000
23210.000000,65530.000000,0.000000,-6.000000,0.000000,0.000000,0.000000
23220.000000,65530.000000,0.000000,-6.000000,0.000000,0.000000,0.000000
23230.000000,65530.000000,0.000000,-6.000000,0.000000,0.000000,0.000000
23240.000000,65530.000000,0.000000,-6.000000,0.000000,0.000000,0.000000
23250.000000,65530.000000,0.000000,-6.000000,0.000000,0.000000,0.000000
23260.000000,65530.000000,0.000000,-6.000000,0.000000,0.000000,0.000000
23270.000000,65530.000000,0.000000,-6.000000,0.000000,0.000000,0.000000
23280.000000,65530.000000,0.000000,-6.000000,0.000000,0.000000,0.000000
23290.000000,65530.000000,0.000000,-6.000000,0.000000,0.000000,0.000000
23300.000000,65530.000000,0.000000,-6.000000,0.000000,0.000000,0.000000
23310.000000,65530.000000,0.000000,-6.000000,0.000000,0.000000,0.000000
23320.000000,65530.000000,0.000000,-6.000000,0.000000,0.000000,0.000000
23330.000000,65530.000000,0.000000,-6.000000,0.000000,0.000000,0.000000
23340.000000,65530.000000,0.000000,-6.000000,0.000000,0.000000,0.000000
23350.000000,65530.000000,0.000000,-6.000000,0.000000,0.000000,0.000000
23360.000000,65530.000000,0.000000,-6.000000,0.000000,0.000000,0.000000
23370.000000,65530.000000,0.000000,-6.000000,0.000000,0.000000,0.000000
23380.000000,65530.000000,0.000000,-6.000000,0.000000,0.000000,0.000000
23390.000000,65530.000000,0.000000,-6.000000,0.000000,0.000000,0.000000
23400.000000,65530.000000,0.000000,-6.000000,0.000000,0.000000,0.000000
23410.000000,65530.000000,0.000000,-6.000000,0.000000,0.000000,0.000000
23420.000000,65530.000000,0.000000,-6.000000,0.000000,0.000000,0.000000
23430.000000,65530.000000,0.000000,-6.000000,0.000000,0.000000,0.000000
23440.000000,65530.000000,0.000000,-6.000000,0.000000,0.000000,0.000000
23450.000000,65530.000000,0.000000,-6.000000,0.000000,0.000000,0.000000
23460.000000,65530.000000,0.000000,-6.000000,0.000000,0.000000,0.000000
23470.000000,65530.000000,0.000000,-6.000000,0.000000,0.000000,0.000000
23480.000000,65530.000000,0.000000,-6.000000,0.000000,0.000000,0.000000
23490.000000,65530.000000,0.000000,-6.000000,0.000000,0.000000,0.000000
23500.000000,65530.000000,0.000000,-6.000000,0.000000,0.000000,0.000000
23510.000000,65530.000000,0.000000,-6.000000,0.000000,0.000000,0.000000
23520.000000,65530.000000,0.000000,-6.000000,0.000000,0.000000,0.000000
23530.000000,65530.000000,0.000000,-6.000000,0.000000,0.000000,0.000000
23540.000000,65530.000000,0.000000,-6.000000,0.000000,0.000000,0.000000
23550.000000,65530.000000,0.000000,-6.000000,0.000000,0.000000,0.000000
23560.000000,65530.000000,0.000000,-6.000000,0.000000,0.000000,0.000000
23570.000000,65530.000000,0.000000,-6.000000,0.000000,0.000000,0.000000
23580.000000,65530.000000,0.000000,-6.000000,0.000000,0.000000,0.000000
23590.000000,65530.000000,0.000000,-6.000000,0.000000,0.000000,0.000000
23600.000000,65530.000000,0.000000,-6.000000,0.000000,0.000000,0.000000
23610.000000,65530.000000,0.000000,-6.000000,0.000000,0.000000,0.000000
23620.000000,65530.000000,0.000000,-6.000000,0.000000,0.000000,0.000000
23630.000000,65530.000000,0.000000,-6.000000,0.000000,0.000000,0.000000
23640.000000,65530.000000,0.000000,-6.000000,0.000000,0.000000,0.000000
23650.000000,65530.000000,0.000000,-6.000000,0.000000,0.000000,0.000000
23660.000000,65530.000000,0.000000,-6.000000,0.000000,0.000000,0.000000
23670.000000,65530.000000,0.000000,-6.000000,0.000000,0.000000,0.000000
23680.000000,65530.000000,0.000000,-6.000000,0.000000,0.000000,0.000000
23690.000000,65530.000000,0.000000,-6.000000,0.000000,0.000000,0.000000
23700.000000,65530.000000,0.000000,-6.000000,0.000000,0.000000,0.000000
23710.000000,65530.000000,0.000000,-6.000000,0.000000,0.000000,0.000000
23720.000000,65530.000000,0.000000,-6.000000,0.000000,0.000000,0.000000
23730.000000,65530.000000,0.000000,-6.000000,0.000000,0.000000,0.000000
23740.000000,65530.000000,0.000000,-6.000000,0.000000,0.000000,0.000000
23750.000000,65530.000000,0.000000,-6.000000,0.000000,0.000000,0.000000
23760.000000,65530.000000,0.000000,-6.000000,0.000000,0.000000,0.000000
23770.000000,65530.000000,0.000000,-6.000000,0.000000,0.000000,0.000000
23780.000000,65530.000000,0.000000,-6.000000,0.000000,0.000000,0.000000
23790.000000,65530.000000,0.000000,-6.000000,0.000000,0.000000,0.000000
23800.000000,65530.000000,0.000000,-6.000000,0.000000,0.000000,0.000000
23810.000000,65530.000000,0.000000,-6.000000,0.000000,0.000000,0.000000
23820.000000,65530.000000,0.000000,-6.000000,0.000000,0.000000,0.000000
23830.000000,65530.000000,0.000000,-6.000000,0.000000,0.000000,0.000000
23840.000000,65530.000000,0.000000,-6.000000,0.000000,0.000000,0.000000
23850.000000,65530.000000,0.000000,-6.000000,0.000000,0.000000,0.000000
23860.000000,65530.000000,0.000000,-6.000000,0.000000,0.000000,0.000000
23870.000000,65530.000000,0.000000,-6.000000,0.000000,0.000000,0.000000
23880.000000,65530.000000,0.000000,-6.000000,0.000000,0.000000,0.000000
23890.000000,65530.000000,0.000000,-6.000000,0.000000,0.000000,0.000000
23900.000000,65530.000000,0.000000,-6.000000,0.000000,0.000000,0.000000
23910.000000,65530.000000,0.000000,-6.000000,0.000000,0.000000,0.000000
23920.000000,65530.000000,0.000000,-6.000000,0.000000,0.000000,0.000000
23930.000000,65530.000000,0.000000,-6.000000,0.000000,0.000000,0.000000
23940.000000,65530.000000,0.000000,-6.000000,0.000000,0.000000,0.000000
23950.000000,65530.000000,0.000000,-6.000000,0.000000,0.000000,0.000000
23960.000000,65530.000000,0.000000,-6.000000,0.000000,0.000000,0.000000
23970.000000,65530.000000,0.000000,-6.000000,0.000000,0.000000,0.000000
23980.000000,65530.000000,0.000000,-6.000000,0.000000,0.000000,0.000000
23990.000000,65530.000000,0.000000,-6.000000,0.000000,0.000000,0.000000
24000.000000,65530.000000,0.000000,-6.000000,0.000000,0.000000,0.000000
24010.000000,65530.000000,0.000000,-6.000000,0.000000,0.000000,0.000000
24020.000000,65530.000000,0.000000,-6.000000,0.000000,0.000000,0.000000
24030.000000,65530.000000,0.000000,-6.000000,0.000000,0.000000,0.000000
24040.000000,65530.000000,0.000000,-6.000000,0.000000,0.000000,0.000000
24050.000000,65530.000000,0.000000,-6.000000,0.000000,0.000000,0.000000
24060.000000,65530.000000,0.000000,-6.000000,0.000000,0.000000,0.000000
24070.000000,65530.000000,0.000000,-6.000000,0.000000,0.000000,0.000000
24080.000000,65530.000000,0.000000,-6.000000,0.000000,0.000000,0.000000
24090.000000,65530.000000,0.000000,-6.000000,0.000000,0.000000,0.000000
24100.000000,65530.000000,0.000000,-6.000000,0.000000,0.000000,0.000000
24110.000000,65530.000000,0.000000,-6.000000,0.000000,0.000000,0.000000
24120.000000,65530.000000,0.000000,-6.000000,0.000000,0.000000,0.000000
24130.000000,65530.000000,0.000000,-6.000000,0.000000,0.000000,0.000000
24140.000000,65530.000000,0.000000,-6.000000,0.000000,0.000000,0.000000
24150.000000,65530.000000,0.000000,-6.000000,0.000000,0.000000,0.000000
24160.000000,65530.000000,0.000000,-6.000000,0.000000,0.000000,0.000000
24170.000000,65530.000000,0.000000,-6.000000,0.000000,0.000000,0.000000
24180.000000,65530.000000,0.000000,-6.000000,0.000000,0.000000,0.000000
24190.000000,65530.000000,0.000000,-6.000000,0.000000,0.000000,0.000000
24200.000000,65530.000000,0.000000,-6.000000,0.000000,0.000000,0.000000
24210.000000,65530.000000,0.000000,-6.000000,0.000000,0.000000,0.000000
24220.000000,65530.000000,0.000000,-6.000000,0.000000,0.000000,0.000000
24230.000000,65530.000000,0.000000,-6.000000,0.000000,0.000000,0.000000
24240.000000,65530.000000,0.000000,-6.000000,0.000000,0.000000,0.000000
24250.000000,65530.000000,0.000000,-6.000000,0.000000,0.000000,0.000000
24260.000000,65530.000000,0.000000,-6.000000,0.000000,0.000000,0.000000
24270.000000,65530.000000,0.000000,-6.000000,0.000000,0.000000,0.000000
24280.000000,65530.000000,0.000000,-6.000000,0.000000,0.000000,0.000000
24290.000000,65530.000000,0.000000,-6.000000,0.000000,0.000000,0.000000
24300.000000,65530.000000,0.000000,-6.000000,0.000000,0.000000,0.000000
24310.000000,65530.000000,0.000000,-6.000000,0.000000,0.000000,0.000000
24320.000000,65530.000000,0.000000,-6.000000,0.000000,0.000000,0.000000
24330.000000,65530.000000,0.000000,-6.000000,0.000000,0.000000,0.000000
24340.000000,65530.000000,0.000000,-6.000000,0.000000,0.000000,0.000000
24350.000000,65530.000000,0.000000,-6.000000,0.000000,0.000000,0.000000
24360.000000,65530.000000,0.000000,-6.000000,0.000000,0.000000,0.000000
24370.000000,65530.000000,0.000000,-6.000000,0.000000,0.000000,0.000000
24380.000000,65530.000000,0.000000,-6.000000,0.000000,0.000000,0.000000
24390.000000,65530.000000,0.000000,-6.000000,0.000000,0.000000,0.000000
24400.000000,65530.000000,0.000000,-6.000000,0.000000,0.000000,0.000000
24410.000000,65530.000000,0.000000,-6.000000,0.000000,0.000000,0.000000
24420.000000,65530.000000,0.000000,-6.000000,0.000000,0.000000,0.000000
24430.000000,65530.000000,0.000000,-6.000000,0.000000,0.000000,0.000000
24440.000000,65530.000000,0.000000,-6.000000,0.000000,0.000000,0.000000
24450.000000,65530.000000,0.000000,-6.000000,0.000000,0.000000,0.000000
24460.000000,65530.000000,0.000000,-6.000000,0.000000,0.000000,0.000000
24470.000000,65530.000000,0.000000,-6.000000,0.000000,0.000000,0.000000
24480.000000,65530.000000,0.000000,-6.000000,0.000000,0.000000,0.000000
24490.000000,65530.000000,0.000000,-6.000000,0.000000,0.000000,0.000000
24500.000000,65530.000000,0.000000,-6.000000,0.000000,0.000000,0.000000
24510.000000,65530.000000,0.000000,-6.000000,0.000000,0.000000,0.000000
24520.000000,65530.000000,0.000000,-6.000000,0.000000,0.000000,0.000000
24530.000000,65530.000000,0.000000,-6.000000,0.000000,0.000000,0.000000
24540.000000,65530.000000,0.000000,-6.000000,0.000000,0.000000,0.000000
24550.000000,65530.000000,0.000000,-6.000000,0.000000,0.000000,0.000000
24560.000000,65530.000000,0.000000,-6.000000,0.000000,0.000000,0.000000
24570.000000,65530.000000,0.000000,-6.000000,0.000000,0.000000,0.000000
24580.000000,65530.000000,0.000000,-6.000000,0.000000,0.000000,0.000000
24590.000000,65530.000000,0.000000,-6.000000,0.000000,0.000000,0.000000
24600.000000,65530.000000,0.000000,-6.000000,0.000000,0.000000,0.000000
24610.000000,65530.000000,0.000000,-6.000000,0.000000,0.000000,0.000000
24620.000000,65530.000000,0.000000,-6.000000,0.000000,0.000000,0.000000
24630.000000,65530.000000,0.000000,-6.000000,0.000000,0.000000,0.000000
24640.000000,65530.000000,0.000000,-6.000000,0.000000,0.000000,0.000000
24650.000000,65530.000000,0.000000,-6.000000,0.000000,0.000000,0.000000
24660.000000,65530.000000,0.000000,-6.000000,0.000000,0.000000,0.000000
24670.000000,65530.000000,0.000000,-6.000000,0.000000,0.000000,0.000000
24680.000000,65530.000000,0.000000,-6.000000,0.000000,0.000000,0.000000
24690.000000,65530.000000,0.000000,-6.000000,0.000000,0.000000,0.000000
24700.000000,65530.000000,0.000000,-6.000000,0.000000,0.000000,0.000000
24710.000000,65530.000000,0.000000,-6.000000,0.000000,0.000000,0.000000
24720.000000,65530.000000,0.000000,-6.000000,0.000000,0.000000,0.000000
24730.000000,65530.000000,0.000000,-6.000000,0.000000,0.000000,0.000000
24740.000000,65530.000000,0.000000,-6.000000,0.000000,0.000000,0.000000
24750.000000,65530.000000,0.000000,-6.000000,0.000000,0.000000,0.000000
24760.000000,65530.000000,0.000000,-6.000000,0.000000,0.000000,0.000000
24770.000000,65530.000000,0.000000,-6.000000,0.000000,0.000000,0.000000
24780.000000,65530.000000,0.000000,-6.000000,0.000000,0.000000,0.000000
24790.000000,65530.000000,0.000000,-6.000000,0.000000,0.000000,0.000000
24800.000000,65530.000000,0.000000,-6.000000,0.000000,0.000000,0.000000
24810.000000,65530.000000,0.000000,-6.000000,0.000000,0.000000,0.000000
24820.000000,65530.000000,0.000000,-6.000000,0.000000,0.000000,0.000000
24830.000000,65530.000000,0.000000,-6.000000,0.000000,0.000000,0.000000
24840.000000,65530.000000,0.000000,-6.000000,0.000000,0.000000,0.000000
24850.000000,65530.000000,0.000000,-6.000000,0.000000,0.000000,0.000000
24860.000000,65530.000000,0.000000,-6.000000,0.000000,0.000000,0.000000
24870.000000,65530.000000,0.000000,-6.000000,0.000000,0.000000,0.000000
24880.000000,65530.000000,0.000000,-6.000000,0.000000,0.000000,0.000000
24890.000000,65530.000000,0.000000,-6.000000,0.000000,0.000000,0.000000
24900.000000,65530.000000,0.000000,-6.000000,0.000000,0.000000,0.000000
24910.000000,65530.000000,0.000000,-6.000000,0.000000,0.000000,0.000000
24920.000000,65530.000000,0.000000,-6.000000,0.000000,0.000000,0.000000
24930.000000,65530.000000,0.000000,-6.000000,0.000000,0.000000,0.000000
24940.000000,65530.000000,0.000000,-6.000000,0.000000,0.000000,0.000000
24950.000000,65530.000000,0.000000,-6.000000,0.000000,0.000000,0.000000
24960.000000,65530.000000,0.000000,-6.000000,0.000000,0.000000,0.000000
24970.000000,65530.000000,0.000000,-6.000000,0.000000,0.000000,0.000000
24980.000000,65530.000000,0.000000,-6.000000,0.000000,0.000000,0.000000
24990.000000,65530.000000,0.000000,-6.000000,0.000000,0.000000,0.000000
25000.000000,65530.000000,0.000000,-6.000000,0.000000,0.000000,0.000000
25010.000000,65530.000000,0.000000,-6.000000,0.000000,0.000000,0.000000
25020.000000,65530.000000,0.000000,-6.000000,0.000000,0.000000,0.000000
25030.000000,65530.000000,0.000000,-6.000000,0.000000,0.000000,0.000000
25040.000000,65530.000000,0.000000,-6.000000,0.000000,0.000000,0.000000
25050.000000,65530.000000,0.000000,-6.000000,0.000000,0.000000,0.000000
25060.000000,65530.000000,0.000000,-6.000000,0.000000,0.000000,0.000000
25070.000000,65530.000000,0.000000,-6.000000,0.000000,0.000000,0.000000
25080.000000,65530.000000,0.000000,-6.000000,0.000000,0.000000,0.000000
25090.000000,65530.000000,0.000000,-6.000000,0.000000,0.000000,0.000000
25100.000000,65530.000000,0.000000,-6.000000,0.000000,0.000000,0.000000
25110.000000,65530.000000,0.000000,-6.000000,0.000000,0.000000,0.000000
25120.000000,65530.000000,0.000000,-6.000000,0.000000,0.000000,0.000000
25130.000000,65530.000000,0.000000,-6.000000,0.000000,0.000000,0.000000
25140.000000,65530.000000,0.000000,-6.000000,0.000000,0.000000,0.000000
25150.000000,65530.000000,0.000000,-6.000000,0.000000,0.000000,0.000000
25160.000000,65530.000000,0.000000,-6.000000,0.000000,0.000000,0.000000
25170.000000,65530.000000,0.000000,-6.000000,0.000000,0.000000,0.000000
25180.000000,65530.000000,0.000000,-6.000000,0.000000,0.000000,0.000000
25190.000000,65530.000000,0.000000,-6.000000,0.000000,0.000000,0.000000
25200.000000,65530.000000,0.000000,-6.000000,0.000000,0.000000,0.000000
25210.000000,65530.000000,0.000000,-6.000000,0.000000,0.000000,0.000000
25220.000000,65530.000000,0.000000,-6.000000,0.000000,0.000000,0.000000
25230.000000,65530.000000,0.000000,-6.000000,0.000000,0.000000,0.000000
25240.000000,65530.000000,0.000000,-6.000000,0.000000,0.000000,0.000000
25250.000000,65530.000000,0.000000,-6.000000,0.000000,0.000000,0.000000
25260.000000,65530.000000,0.000000,-6.000000,0.000000,0.000000,0.000000
25270.000000,65530.000000,0.000000,-6.000000,0.000000,0.000000,0.000000
25280.000000,65530.000000,0.000000,-6.000000,0.000000,0.000000,0.000000
25290.000000,65530.000000,0.000000,-6.000000,0.000000,0.000000,0.000000
25300.000000,65530.000000,0.000000,-6.000000,0.000000,0.000000,0.000000
25310.000000,65530.000000,0.000000,-6.000000,0.000000,0.000000,0.000000
25320.000000,65530.000000,0.000000,-6.000000,0.000000,0.000000,0.000000
25330.000000,65530.000000,0.000000,-6.000000,0.000000,0.000000,0.000000
25340.000000,65530.000000,0.000000,-6.000000,0.000000,0.000000,0.000000
25350.000000,65530.000000,0.000000,-6.000000,0.000000,0.000000,0.000000
25360.000000,65530.000000,0.000000,-6.000000,0.000000,0.000000,0.000000
25370.000000,65530.000000,0.000000,-6.000000,0.000000,0.000000,0.000000
25380.000000,65530.000000,0.000000,-6.000000,0.000000,0.000000,0.000000
25390.000000,65530.000000,0.000000,-6.000000,0.000000,0.000000,0.000000
25400.000000,65530.000000,0.000000,-6.000000,0.000000,0.000000,0.000000
25410.000000,65530.000000,0.000000,-6.000000,0.000000,0.000000,0.000000
25420.000000,65530.000000,0.000000,-6.000000,0.000000,0.000000,0.000000
25430.000000,65530.000000,0.000000,-6.000000,0.000000,0.000000,0.000000
25440.000000,65530.000000,0.000000,-6.000000,0.000000,0.000000,0.000000
25450.000000,65530.000000,0.000000,-6.000000,0.000000,0.000000,0.000000
25460.000000,65530.000000,0.000000,-6.000000,0.000000,0.000000,0.000000
25470.000000,65530.000000,0.000000,-6.000000,0.000000,0.000000,0.000000
25480.000000,65530.000000,0.000000,-6.000000,0.000000,0.000000,0.000000
25490.000000,65530.000000,0.000000,-6.000000,0.000000,0.000000,0.000000
25500.000000,65530.000000,0.000000,-6.000000,0.000000,0.000000,0.000000
25510.000000,65530.000000,0.000000,-6.000000,0.000000,0.000000,0.000000
25520.000000,65530.000000,0.000000,-6.000000,0.000000,0.000000,0.000000
25530.000000,65530.000000,0.000000,-6.000000,0.000000,0.000000,0.000000
25540.000000,65530.000000,0.000000,-6.000000,0.000000,0.000000,0.000000
25550.000000,65530.000000,0.000000,-6.000000,0.000000,0.000000,0.000000
25560.000000,65530.000000,0.000000,-6.000000,0.000000,0.000000,0.000000
25570.000000,65530.000000,0.000000,-6.000000,0.000000,0.000000,0.000000
25580.000000,65530.000000,0.000000,-6.000000,0.000000,0.000000,0.000000
25590.000000,65530.000000,0.000000,-6.000000,0.000000,0.000000,0.000000
25600.000000,65530.000000,0.000000,-6.000000,0.000000,0.000000,0.000000
25610.000000,65530.000000,0.000000,-6.000000,0.000000,0.000000,0.000000
25620.000000,65530.000000,0.000000,-6.000000,0.000000,0.000000,0.000000
25630.000000,65530.000000,0.000000,-6.000000,0.000000,0.000000,0.000000
25640.000000,65530.000000,0.000000,-6.000000,0.000000,0.000000,0.000000
25650.000000,65530.000000,0.000000,-6.000000,0.000000,0.000000,0.000000
25660.000000,65530.000000,0.000000,-6.000000,0.000000,0.000000,0.000000
25670.000000,65530.000000,0.000000,-6.000000,0.000000,0.000000,0.000000
25680.000000,65530.000000,0.000000,-6.000000,0.000000,0.000000,0.000000
25690.000000,65530.000000,0.000000,-6.000000,0.000000,0.000000,0.000000
25700.000000,65530.000000,0.000000,-6.000000,0.000000,0.000000,0.000000
25710.000000,65530.000000,0.000000,-6.000000,0.000000,0.000000,0.000000
25720.000000,65530.000000,0.000000,-6.000000,0.000000,0.000000,0.000000
25730.000000,65530.000000,0.000000,-6.000000,0.000000,0.000000,0.000000
25740.000000,65530.000000,0.000000,-6.000000,0.000000,0.000000,0.000000
25750.000000,65530.000000,0.000000,-6.000000,0.000000,0.000000,0.000000
25760.000000,65530.000000,0.000000,-6.000000,0.000000,0.000000,0.000000
25770.000000,65530.000000,0.000000,-6.000000,0.000000,0.000000,0.000000
25780.000000,65530.000000,0.000000,-6.000000,0.000000,0.000000,0.000000
25790.000000,65530.000000,0.000000,-6.000000,0.000000,0.000000,0.000000
25800.000000,65530.000000,0.000000,-6.000000,0.000000,0.000000,0.000000
25810.000000,65530.000000,0.000000,-6.000000,0.000000,0.000000,0.000000
25820.000000,65530.000000,0.000000,-6.000000,0.000000,0.000000,0.000000
25830.000000,65530.000000,0.000000,-6.000000,0.000000,0.000000,0.000000
25840.000000,65530.000000,0.000000,-6.000000,0.000000,0.000000,0.000000
25850.000000,65530.000000,0.000000,-6.000000,0.000000,0.000000,0.000000
25860.000000,65530.000000,0.000000,-6.000000,0.000000,0.000000,0.000000
25870.000000,65530.000000,0.000000,-6.000000,0.000000,0.000000,0.000000
25880.000000,65530.000000,0.000000,-6.000000,0.000000,0.000000,0.000000
25890.000000,65530.000000,0.000000,-6.000000,0.000000,0.000000,0.000000
25900.000000,65530.000000,0.000000,-6.000000,0.000000,0.000000,0.000000
25910.000000,65530.000000,0.000000,-6.000000,0.000000,0.000000,0.000000
25920.000000,65530.000000,0.000000,-6.000000,0.000000,0.000000,0.000000
25930.000000,65530.000000,0.000000,-6.000000,0.000000,0.000000,0.000000
25940.000000,65530.000000,0.000000,-6.000000,0.000000,0.000000,0.000000
25950.000000,65530.000000,0.000000,-6.000000,0.000000,0.000000,0.000000
25960.000000,65530.000000,0.000000,-6.000000,0.000000,0.000000,0.000000
25970.000000,65530.000000,0.000000,-6.000000,0.000000,0.000000,0.000000
25980.000000,65530.000000,0.000000,-6.000000,0.000000,0.000000,0.000000
25990.000000,65530.000000,0.000000,-6.000000,0.000000,0.000000,0.000000
26000.000000,65530.000000,0.000000,-6.000000,0.000000,0.000000,0.000000
26010.000000,65530.000000,0.000000,-6.000000,0.000000,0.000000,0.000000
26020.000000,65530.000000,0.000000,-6.000000,0.000000,0.000000,0.000000
26030.000000,65530.000000,0.000000,-6.000000,0.000000,0.000000,0.000000
26040.000000,65530.000000,0.000000,-6.000000,0.000000,0.000000,0.000000
26050.000000,65530.000000,0.000000,-6.000000,0.000000,0.000000,0.000000
26060.000000,65530.000000,0.000000,-6.000000,0.000000,0.000000,0.000000
26070.000000,65530.000000,0.000000,-6.000000,0.000000,0.000000,0.000000
26080.000000,65530.000000,0.000000,-6.000000,0.000000,0.000000,0.000000
26090.000000,65530.000000,0.000000,-6.000000,0.000000,0.000000,0.000000
26100.000000,65530.000000,0.000000,-6.000000,0.000000,0.000000,0.000000
26110.000000,65530.000000,0.000000,-6.000000,0.000000,0.000000,0.000000
26120.000000,65530.000000,0.000000,-6.000000,0.000000,0.000000,0.000000
26130.000000,65530.000000,0.000000,-6.000000,0.000000,0.000000,0.000000
26140.000000,65530.000000,0.000000,-6.000000,0.000000,0.000000,0.000000
26150.000000,65530.000000,0.000000,-6.000000,0.000000,0.000000,0.000000
26160.000000,65530.000000,0.000000,-6.000000,0.000000,0.000000,0.000000
26170.000000,65530.000000,0.000000,-6.000000,0.000000,0.000000,0.000000
26180.000000,65530.000000,0.000000,-6.000000,0.000000,0.000000,0.000000
26190.000000,65530.000000,0.000000,-6.000000,0.000000,0.000000,0.000000
26200.000000,65530.000000,0.000000,-6.000000,0.000000,0.000000,0.000000
26210.000000,65530.000000,0.000000,-6.000000,0.000000,0.000000,0.000000
26220.000000,65530.000000,0.000000,-6.000000,0.000000,0.000000,0.000000
26230.000000,65529.000000,-1.000000,-7.000000,0.000000,0.000000,0.000000
26240.000000,65529.000000,0.000000,-7.000000,0.000000,0.000000,0.000000
26250.000000,65529.000000,0.000000,-7.000000,0.000000,0.000000,0.000000
26260.000000,65529.000000,0.000000,-7.000000,0.000000,0.000000,0.000000
26270.000000,65529.000000,0.000000,-7.000000,0.000000,0.000000,0.000000
26280.000000,65529.000000,0.000000,-7.000000,0.000000,0.000000,0.000000
26290.000000,65529.000000,0.000000,-7.000000,0.000000,0.000000,0.000000
26300.000000,65529.000000,0.000000,-7.000000,0.000000,0.000000,0.000000
26310.000000,65529.000000,0.000000,-7.000000,0.000000,0.000000,0.000000
26320.000000,65529.000000,0.000000,-7.000000,0.000000,0.000000,0.000000
26330.000000,65529.000000,0.000000,-7.000000,0.000000,0.000000,0.000000
26340.000000,65529.000000,0.000000,-7.000000,0.000000,0.000000,0.000000
26350.000000,65529.000000,0.000000,-7.000000,0.000000,0.000000,0.000000
26360.000000,65529.000000,0.000000,-7.000000,0.000000,0.000000,0.000000
26370.000000,65529.000000,0.000000,-7.000000,0.000000,0.000000,0.000000
26380.000000,65529.000000,0.000000,-7.000000,0.000000,0.000000,0.000000
26390.000000,65529.000000,0.000000,-7.000000,0.000000,0.000000,0.000000
26400.000000,65529.000000,0.000000,-7.000000,0.000000,0.000000,0.000000
26410.000000,65529.000000,0.000000,-7.000000,0.000000,0.000000,0.000000
26420.000000,65529.000000,0.000000,-7.000000,0.000000,0.000000,0.000000
26430.000000,65529.000000,0.000000,-7.000000,0.000000,0.000000,0.000000
26440.000000,65529.000000,0.000000,-7.000000,0.000000,0.000000,0.000000
26450.000000,65529.000000,0.000000,-7.000000,0.000000,0.000000,0.000000
26460.000000,65529.000000,0.000000,-7.000000,0.000000,0.000000,0.000000
26470.000000,65529.000000,0.000000,-7.000000,0.000000,0.000000,0.000000
26480.000000,65529.000000,0.000000,-7.000000,0.000000,0.000000,0.000000
26490.000000,65529.000000,0.000000,-7.000000,0.000000,0.000000,0.000000
26500.000000,65529.000000,0.000000,-7.000000,0.000000,0.000000,0.000000
26510.000000,65529.000000,0.000000,-7.000000,0.000000,0.000000,0.000000
26520.000000,65529.000000,0.000000,-7.000000,0.000000,0.000000,0.000000
26530.000000,65529.000000,0.000000,-7.000000,0.000000,0.000000,0.000000
26540.000000,65529.000000,0.000000,-7.000000,0.000000,0.000000,0.000000
26550.000000,65529.000000,0.000000,-7.000000,0.000000,0.000000,0.000000
26560.000000,65529.000000,0.000000,-7.000000,0.000000,0.000000,0.000000
26570.000000,65529.000000,0.000000,-7.000000,0.000000,0.000000,0.000000
26580.000000,65529.000000,0.000000,-7.000000,0.000000,0.000000,0.000000
26590.000000,65529.000000,0.000000,-7.000000,0.000000,0.000000,0.000000
26600.000000,65529.000000,0.000000,-7.000000,0.000000,0.000000,0.000000
26610.000000,65529.000000,0.000000,-7.000000,0.000000,0.000000,0.000000
26620.000000,65529.000000,0.000000,-7.000000,0.000000,0.000000,0.000000
26630.000000,65529.000000,0.000000,-7.000000,0.000000,0.000000,0.000000
26640.000000,65529.000000,0.000000,-7.000000,0.000000,0.000000,0.000000
26650.000000,65529.000000,0.000000,-7.000000,0.000000,0.000000,0.000000
26660.000000,65529.000000,0.000000,-7.000000,0.000000,0.000000,0.000000
26670.000000,65529.000000,0.000000,-7.000000,0.000000,0.000000,0.000000
26680.000000,65529.000000,0.000000,-7.000000,0.000000,0.000000,0.000000
26690.000000,65529.000000,0.000000,-7.000000,0.000000,0.000000,0.000000
26700.000000,65529.000000,0.000000,-7.000000,0.000000,0.000000,0.000000
26710.000000,65529.000000,0.000000,-7.000000,0.000000,0.000000,0.000000
26720.000000,65529.000000,0.000000,-7.000000,0.000000,0.000000,0.000000
26730.000000,65529.000000,0.000000,-7.000000,0.000000,0.000000,0.000000
26740.000000,65529.000000,0.000000,-7.000000,0.000000,0.000000,0.000000
26750.000000,65529.000000,0.000000,-7.000000,0.000000,0.000000,0.000000
26760.000000,65529.000000,0.000000,-7.000000,0.000000,0.000000,0.000000
26770.000000,65529.000000,0.000000,-7.000000,0.000000,0.000000,0.000000
26780.000000,65529.000000,0.000000,-7.000000,0.000000,0.000000,0.000000
26790.000000,65529.000000,0.000000,-7.000000,0.000000,0.000000,0.000000
26800.000000,65529.000000,0.000000,-7.000000,0.000000,0.000000,0.000000
26810.000000,65529.000000,0.000000,-7.000000,0.000000,0.000000,0.000000
26820.000000,65529.000000,0.000000,-7.000000,0.000000,0.000000,0.000000
26830.000000,65529.000000,0.000000,-7.000000,0.000000,0.000000,0.000000
26840.000000,65529.000000,0.000000,-7.000000,0.000000,0.000000,0.000000
26850.000000,65529.000000,0.000000,-7.000000,0.000000,0.000000,0.000000
26860.000000,65529.000000,0.000000,-7.000000,0.000000,0.000000,0.000000
26870.000000,65529.000000,0.000000,-7.000000,0.000000,0.000000,0.000000
26880.000000,65529.000000,0.000000,-7.000000,0.000000,0.000000,0.000000
26890.000000,65529.000000,0.000000,-7.000000,0.000000,0.000000,0.000000
26900.000000,65529.000000,0.000000,-7.000000,0.000000,0.000000,0.000000
26910.000000,65529.000000,0.000000,-7.000000,0.000000,0.000000,0.000000
26920.000000,65529.000000,0.000000,-7.000000,0.000000,0.000000,0.000000
26930.000000,65529.000000,0.000000,-7.000000,0.000000,0.000000,0.000000
26940.000000,65529.000000,0.000000,-7.000000,0.000000,0.000000,0.000000
26950.000000,65529.000000,0.000000,-7.000000,0.000000,0.000000,0.000000
26960.000000,65529.000000,0.000000,-7.000000,0.000000,0.000000,0.000000
26970.000000,65529.000000,0.000000,-7.000000,0.000000,0.000000,0.000000
26980.000000,65529.000000,0.000000,-7.000000,0.000000,0.000000,0.000000
26990.000000,65529.000000,0.000000,-7.000000,0.000000,0.000000,0.000000
27000.000000,65529.000000,0.000000,-7.000000,0.000000,0.000000,0.000000
27010.000000,65529.000000,0.000000,-7.000000,0.000000,0.000000,0.000000
27020.000000,65529.000000,0.000000,-7.000000,0.000000,0.000000,0.000000
27030.000000,65529.000000,0.000000,-7.000000,0.000000,0.000000,0.000000
27040.000000,65529.000000,0.000000,-7.000000,0.000000,0.000000,0.000000
27050.000000,65529.000000,0.000000,-7.000000,0.000000,0.000000,0.000000
27060.000000,65529.000000,0.000000,-7.000000,0.000000,0.000000,0.000000
27070.000000,65529.000000,0.000000,-7.000000,0.000000,0.000000,0.000000
27080.000000,65529.000000,0.000000,-7.000000,0.000000,0.000000,0.000000
27090.000000,65529.000000,0.000000,-7.000000,0.000000,0.000000,0.000000
27100.000000,65529.000000,0.000000,-7.000000,0.000000,0.000000,0.000000
27110.000000,65529.000000,0.000000,-7.000000,0.000000,0.000000,0.000000
27120.000000,65529.000000,0.000000,-7.000000,0.000000,0.000000,0.000000
27130.000000,65529.000000,0.000000,-7.000000,0.000000,0.000000,0.000000
27140.000000,65529.000000,0.000000,-7.000000,0.000000,0.000000,0.000000
27150.000000,65529.000000,0.000000,-7.000000,0.000000,0.000000,0.000000
27160.000000,65529.000000,0.000000,-7.000000,0.000000,0.000000,0.000000
27170.000000,65529.000000,0.000000,-7.000000,0.000000,0.000000,0.000000
27180.000000,65529.000000,0.000000,-7.000000,0.000000,0.000000,0.000000
27190.000000,65529.000000,0.000000,-7.000000,0.000000,0.000000,0.000000
27200.000000,65529.000000,0.000000,-7.000000,0.000000,0.000000,0.000000
27210.000000,65529.000000,0.000000,-7.000000,0.000000,0.000000,0.000000
27220.000000,65529.000000,0.000000,-7.000000,0.000000,0.000000,0.000000
27230.000000,65529.000000,0.000000,-7.000000,0.000000,0.000000,0.000000
27240.000000,65529.000000,0.000000,-7.000000,0.000000,0.000000,0.000000
27250.000000,65529.000000,0.000000,-7.000000,0.000000,0.000000,0.000000
27260.000000,65529.000000,0.000000,-7.000000,0.000000,0.000000,0.000000
27270.000000,65529.000000,0.000000,-7.000000,0.000000,0.000000,0.000000
27280.000000,65529.000000,0.000000,-7.000000,0.000000,0.000000,0.000000
27290.000000,65529.000000,0.000000,-7.000000,0.000000,0.000000,0.000000
27300.000000,65529.000000,0.000000,-7.000000,0.000000,0.000000,0.000000
27310.000000,65529.000000,0.000000,-7.000000,0.000000,0.000000,0.000000
27320.000000,65529.000000,0.000000,-7.000000,0.000000,0.000000,0.000000
27330.000000,65529.000000,0.000000,-7.000000,0.000000,0.000000,0.000000
27340.000000,65529.000000,0.000000,-7.000000,0.000000,0.000000,0.000000
27350.000000,65529.000000,0.000000,-7.000000,0.000000,0.000000,0.000000
27360.000000,65529.000000,0.000000,-7.000000,0.000000,0.000000,0.000000
27370.000000,65529.000000,0.000000,-7.000000,0.000000,0.000000,0.000000
27380.000000,65529.000000,0.000000,-7.000000,0.000000,0.000000,0.000000
27390.000000,65529.000000,0.000000,-7.000000,0.000000,0.000000,0.000000
27400.000000,65529.000000,0.000000,-7.000000,0.000000,0.000000,0.000000
27410.000000,65529.000000,0.000000,-7.000000,0.000000,0.000000,0.000000
27420.000000,65529.000000,0.000000,-7.000000,0.000000,0.000000,0.000000
27430.000000,65529.000000,0.000000,-7.000000,0.000000,0.000000,0.000000
27440.000000,65529.000000,0.000000,-7.000000,0.000000,0.000000,0.000000
27450.000000,65529.000000,0.000000,-7.000000,0.000000,0.000000,0.000000
27460.000000,65529.000000,0.000000,-7.000000,0.000000,0.000000,0.000000
27470.000000,65529.000000,0.000000,-7.000000,0.000000,0.000000,0.000000
27480.000000,65529.000000,0.000000,-7.000000,0.000000,0.000000,0.000000
27490.000000,65529.000000,0.000000,-7.000000,0.000000,0.000000,0.000000
27500.000000,65529.000000,0.000000,-7.000000,0.000000,0.000000,0.000000
27510.000000,65529.000000,0.000000,-7.000000,0.000000,0.000000,0.000000
27520.000000,65529.000000,0.000000,-7.000000,0.000000,0.000000,0.000000
27530.000000,65529.000000,0.000000,-7.000000,0.000000,0.000000,0.000000
27540.000000,65529.000000,0.000000,-7.000000,0.000000,0.000000,0.000000
27550.000000,65529.000000,0.000000,-7.000000,0.000000,0.000000,0.000000
27560.000000,65529.000000,0.000000,-7.000000,0.000000,0.000000,0.000000
27570.000000,65529.000000,0.000000,-7.000000,0.000000,0.000000,0.000000
27580.000000,65529.000000,0.000000,-7.000000,0.000000,0.000000,0.000000
27590.000000,65529.000000,0.000000,-7.000000,0.000000,0.000000,0.000000
27600.000000,65529.000000,0.000000,-7.000000,0.000000,0.000000,0.000000
27610.000000,65529.000000,0.000000,-7.000000,0.000000,0.000000,0.000000
27620.000000,65529.000000,0.000000,-7.000000,0.000000,0.000000,0.000000
27630.000000,65529.000000,0.000000,-7.000000,0.000000,0.000000,0.000000
27640.000000,65529.000000,0.000000,-7.000000,0.000000,0.000000,0.000000
27650.000000,65529.000000,0.000000,-7.000000,0.000000,0.000000,0.000000
27660.000000,65529.000000,0.000000,-7.000000,0.000000,0.000000,0.000000
27670.000000,65529.000000,0.000000,-7.000000,0.000000,0.000000,0.000000
27680.000000,65529.000000,0.000000,-7.000000,0.000000,0.000000,0.000000
27690.000000,65529.000000,0.000000,-7.000000,0.000000,0.000000,0.000000
27700.000000,65529.000000,0.000000,-7.000000,0.000000,0.000000,0.000000
27710.000000,65529.000000,0.000000,-7.000000,0.000000,0.000000,0.000000
27720.000000,65529.000000,0.000000,-7.000000,0.000000,0.000000,0.000000
27730.000000,65529.000000,0.000000,-7.000000,0.000000,0.000000,0.000000
27740.000000,65529.000000,0.000000,-7.000000,0.000000,0.000000,0.000000
27750.000000,65529.000000,0.000000,-7.000000,0.000000,0.000000,0.000000
27760.000000,65529.000000,0.000000,-7.000000,0.000000,0.000000,0.000000
27770.000000,65529.000000,0.000000,-7.000000,0.000000,0.000000,0.000000
27780.000000,65529.000000,0.000000,-7.000000,0.000000,0.000000,0.000000
27790.000000,65529.000000,0.000000,-7.000000,0.000000,0.000000,0.000000
27800.000000,65529.000000,0.000000,-7.000000,0.000000,0.000000,0.000000
27810.000000,65529.000000,0.000000,-7.000000,0.000000,0.000000,0.000000
27820.000000,65529.000000,0.000000,-7.000000,0.000000,0.000000,0.000000
27830.000000,65529.000000,0.000000,-7.000000,0.000000,0.000000,0.000000
27840.000000,65529.000000,0.000000,-7.000000,0.000000,0.000000,0.000000
27850.000000,65529.000000,0.000000,-7.000000,0.000000,0.000000,0.000000
27860.000000,65529.000000,0.000000,-7.000000,0.000000,0.000000,0.000000
27870.000000,65529.000000,0.000000,-7.000000,0.000000,0.000000,0.000000
27880.000000,65529.000000,0.000000,-7.000000,0.000000,0.000000,0.000000
27890.000000,65529.000000,0.000000,-7.000000,0.000000,0.000000,0.000000
27900.000000,65529.000000,0.000000,-7.000000,0.000000,0.000000,0.000000
27910.000000,65529.000000,0.000000,-7.000000,0.000000,0.000000,0.000000
27920.000000,65529.000000,0.000000,-7.000000,0.000000,0.000000,0.000000
27930.000000,65529.000000,0.000000,-7.000000,0.000000,0.000000,0.000000
27940.000000,65529.000000,0.000000,-7.000000,0.000000,0.000000,0.000000
27950.000000,65529.000000,0.000000,-7.000000,0.000000,0.000000,0.000000
27960.000000,65529.000000,0.000000,-7.000000,0.000000,0.000000,0.000000
27970.000000,65529.000000,0.000000,-7.000000,0.000000,0.000000,0.000000
27980.000000,65529.000000,0.000000,-7.000000,0.000000,0.000000,0.000000
27990.000000,65529.000000,0.000000,-7.000000,0.000000,0.000000,0.000000
28000.000000,65529.000000,0.000000,-7.000000,0.000000,0.000000,0.000000
28010.000000,65529.000000,0.000000,-7.000000,0.000000,0.000000,0.000000
28020.000000,65529.000000,0.000000,-7.000000,0.000000,0.000000,0.000000
28030.000000,65529.000000,0.000000,-7.000000,0.000000,0.000000,0.000000
28040.000000,65529.000000,0.000000,-7.000000,0.000000,0.000000,0.000000
28050.000000,65529.000000,0.000000,-7.000000,0.000000,0.000000,0.000000
28060.000000,65529.000000,0.000000,-7.000000,0.000000,0.000000,0.000000
28070.000000,65529.000000,0.000000,-7.000000,0.000000,0.000000,0.000000
28080.000000,65529.000000,0.000000,-7.000000,0.000000,0.000000,0.000000
28090.000000,65529.000000,0.000000,-7.000000,0.000000,0.000000,0.000000
28100.000000,65529.000000,0.000000,-7.000000,0.000000,0.000000,0.000000
28110.000000,65529.000000,0.000000,-7.000000,0.000000,0.000000,0.000000
28120.000000,65529.000000,0.000000,-7.000000,0.000000,0.000000,0.000000
28130.000000,65529.000000,0.000000,-7.000000,0.000000,0.000000,0.000000
28140.000000,65529.000000,0.000000,-7.000000,0.000000,0.000000,0.000000
28150.000000,65529.000000,0.000000,-7.000000,0.000000,0.000000,0.000000
28160.000000,65529.000000,0.000000,-7.000000,0.000000,0.000000,0.000000
28170.000000,65529.000000,0.000000,-7.000000,0.000000,0.000000,0.000000
28180.000000,65529.000000,0.000000,-7.000000,0.000000,0.000000,0.000000
28190.000000,65529.000000,0.000000,-7.000000,0.000000,0.000000,0.000000
28200.000000,65529.000000,0.000000,-7.000000,0.000000,0.000000,0.000000
28210.000000,65529.000000,0.000000,-7.000000,0.000000,0.000000,0.000000
28220.000000,65529.000000,0.000000,-7.000000,0.000000,0.000000,0.000000
28230.000000,65529.000000,0.000000,-7.000000,0.000000,0.000000,0.000000
28240.000000,65529.000000,0.000000,-7.000000,0.000000,0.000000,0.000000
28250.000000,65529.000000,0.000000,-7.000000,0.000000,0.000000,0.000000
28260.000000,65529.000000,0.000000,-7.000000,0.000000,0.000000,0.000000
28270.000000,65529.000000,0.000000,-7.000000,0.000000,0.000000,0.000000
28280.000000,65529.000000,0.000000,-7.000000,0.000000,0.000000,0.000000
28290.000000,65529.000000,0.000000,-7.000000,0.000000,0.000000,0.000000
28300.000000,65529.000000,0.000000,-7.000000,0.000000,0.000000,0.000000
28310.000000,65529.000000,0.000000,-7.000000,0.000000,0.000000,0.000000
28320.000000,65529.000000,0.000000,-7.000000,0.000000,0.000000,0.000000
28330.000000,65529.000000,0.000000,-7.000000,0.000000,0.000000,0.000000
28340.000000,65529.000000,0.000000,-7.000000,0.000000,0.000000,0.000000
28350.000000,65529.000000,0.000000,-7.000000,0.000000,0.000000,0.000000
28360.000000,65529.000000,0.000000,-7.000000,0.000000,0.000000,0.000000
28370.000000,65529.000000,0.000000,-7.000000,0.000000,0.000000,0.000000
28380.000000,65529.000000,0.000000,-7.000000,0.000000,0.000000,0.000000
28390.000000,65529.000000,0.000000,-7.000000,0.000000,0.000000,0.000000
28400.000000,65529.000000,0.000000,-7.000000,0.000000,0.000000,0.000000
28410.000000,65529.000000,0.000000,-7.000000,0.000000,0.000000,0.000000
28420.000000,65529.000000,0.000000,-7.000000,0.000000,0.000000,0.000000
28430.000000,65529.000000,0.000000,-7.000000,0.000000,0.000000,0.000000
28440.000000,65529.000000,0.000000,-7.000000,0.000000,0.000000,0.000000
28450.000000,65529.000000,0.000000,-7.000000,0.000000,0.000000,0.000000
28460.000000,65529.000000,0.000000,-7.000000,0.000000,0.000000,0.000000
28470.000000,65529.000000,0.000000,-7.000000,0.000000,0.000000,0.000000
28480.000000,65529.000000,0.000000,-7.000000,0.000000,0.000000,0.000000
28490.000000,65529.000000,0.000000,-7.000000,0.000000,0.000000,0.000000
28500.000000,65529.000000,0.000000,-7.000000,0.000000,0.000000,0.000000
28510.000000,65529.000000,0.000000,-7.000000,0.000000,0.000000,0.000000
28520.000000,65529.000000,0.000000,-7.000000,0.000000,0.000000,0.000000
28530.000000,65529.000000,0.000000,-7.000000,0.000000,0.000000,0.000000
28540.000000,65529.000000,0.000000,-7.000000,0.000000,0.000000,0.000000
28550.000000,65529.000000,0.000000,-7.000000,0.000000,0.000000,0.000000
28560.000000,65529.000000,0.000000,-7.000000,0.000000,0.000000,0.000000
28570.000000,65529.000000,0.000000,-7.000000,0.000000,0.000000,0.000000
28580.000000,65529.000000,0.000000,-7.000000,0.000000,0.000000,0.000000
28590.000000,65529.000000,0.000000,-7.000000,0.000000,0.000000,0.000000
28600.000000,65529.000000,0.000000,-7.000000,0.000000,0.000000,0.000000
28610.000000,65529.000000,0.000000,-7.000000,0.000000,0.000000,0.000000
28620.000000,65529.000000,0.000000,-7.000000,0.000000,0.000000,0.000000
28630.000000,65529.000000,0.000000,-7.000000,0.000000,0.000000,0.000000
28640.000000,65529.000000,0.000000,-7.000000,0.000000,0.000000,0.000000
28650.000000,65529.000000,0.000000,-7.000000,0.000000,0.000000,0.000000
28660.000000,65529.000000,0.000000,-7.000000,0.000000,0.000000,0.000000
28670.000000,65529.000000,0.000000,-7.000000,0.000000,0.000000,0.000000
28680.000000,65529.000000,0.000000,-7.000000,0.000000,0.000000,0.000000
28690.000000,65529.000000,0.000000,-7.000000,0.000000,0.000000,0.000000
28700.000000,65529.000000,0.000000,-7.000000,0.000000,0.000000,0.000000
28710.000000,65529.000000,0.000000,-7.000000,0.000000,0.000000,0.000000
28720.000000,65529.000000,0.000000,-7.000000,0.000000,0.000000,0.000000
28730.000000,65529.000000,0.000000,-7.000000,0.000000,0.000000,0.000000
28740.000000,65529.000000,0.000000,-7.000000,0.000000,0.000000,0.000000
28750.000000,65529.000000,0.000000,-7.000000,0.000000,0.000000,0.000000
28760.000000,65529.000000,0.000000,-7.000000,0.000000,0.000000,0.000000
28770.000000,65529.000000,0.000000,-7.000000,0.000000,0.000000,0.000000
28780.000000,65529.000000,0.000000,-7.000000,0.000000,0.000000,0.000000
28790.000000,65529.000000,0.000000,-7.000000,0.000000,0.000000,0.000000
28800.000000,65529.000000,0.000000,-7.000000,0.000000,0.000000,0.000000
28810.000000,65529.000000,0.000000,-7.000000,0.000000,0.000000,0.000000
28820.000000,65529.000000,0.000000,-7.000000,0.000000,0.000000,0.000000
28830.000000,65529.000000,0.000000,-7.000000,0.000000,0.000000,0.000000
28840.000000,65529.000000,0.000000,-7.000000,0.000000,0.000000,0.000000
28850.000000,65529.000000,0.000000,-7.000000,0.000000,0.000000,0.000000
28860.000000,65529.000000,0.000000,-7.000000,0.000000,0.000000,0.000000
28870.000000,65529.000000,0.000000,-7.000000,0.000000,0.000000,0.000000
28880.000000,65529.000000,0.000000,-7.000000,0.000000,0.000000,0.000000
28890.000000,65529.000000,0.000000,-7.000000,0.000000,0.000000,0.000000
28900.000000,65529.000000,0.000000,-7.000000,0.000000,0.000000,0.000000
28910.000000,65529.000000,0.000000,-7.000000,0.000000,0.000000,0.000000
28920.000000,65529.000000,0.000000,-7.000000,0.000000,0.000000,0.000000
28930.000000,65529.000000,0.000000,-7.000000,0.000000,0.000000,0.000000
28940.000000,65529.000000,0.000000,-7.000000,0.000000,0.000000,0.000000
28950.000000,65529.000000,0.000000,-7.000000,0.000000,0.000000,0.000000
28960.000000,65529.000000,0.000000,-7.000000,0.000000,0.000000,0.000000
28970.000000,65529.000000,0.000000,-7.000000,0.000000,0.000000,0.000000
28980.000000,65529.000000,0.000000,-7.000000,0.000000,0.000000,0.000000
28990.000000,65529.000000,0.000000,-7.000000,0.000000,0.000000,0.000000
29000.000000,65529.000000,0.000000,-7.000000,0.000000,0.000000,0.000000
29010.000000,65529.000000,0.000000,-7.000000,0.000000,0.000000,0.000000
29020.000000,65529.000000,0.000000,-7.000000,0.000000,0.000000,0.000000
29030.000000,65529.000000,0.000000,-7.000000,0.000000,0.000000,0.000000
29040.000000,65529.000000,0.000000,-7.000000,0.000000,0.000000,0.000000
29050.000000,65529.000000,0.000000,-7.000000,0.000000,0.000000,0.000000
29060.000000,65529.000000,0.000000,-7.000000,0.000000,0.000000,0.000000
29070.000000,65529.000000,0.000000,-7.000000,0.000000,0.000000,0.000000
29080.000000,65529.000000,0.000000,-7.000000,0.000000,0.000000,0.000000
29090.000000,65529.000000,0.000000,-7.000000,0.000000,0.000000,0.000000
29100.000000,65529.000000,0.000000,-7.000000,0.000000,0.000000,0.000000
29110.000000,65529.000000,0.000000,-7.000000,0.000000,0.000000,0.000000
29120.000000,65529.000000,0.000000,-7.000000,0.000000,0.000000,0.000000
29130.000000,65529.000000,0.000000,-7.000000,0.000000,0.000000,0.000000
29140.000000,65529.000000,0.000000,-7.000000,0.000000,0.000000,0.000000
29150.000000,65529.000000,0.000000,-7.000000,0.000000,0.000000,0.000000
29160.000000,65529.000000,0.000000,-7.000000,0.000000,0.000000,0.000000
29170.000000,65529.000000,0.000000,-7.000000,0.000000,0.000000,0.000000
29180.000000,65529.000000,0.000000,-7.000000,0.000000,0.000000,0.000000
29190.000000,65529.000000,0.000000,-7.000000,0.000000,0.000000,0.000000
29200.000000,65529.000000,0.000000,-7.000000,0.000000,0.000000,0.000000
29210.000000,65529.000000,0.000000,-7.000000,0.000000,0.000000,0.000000
29220.000000,65529.000000,0.000000,-7.000000,0.000000,0.000000,0.000000
29230.000000,65529.000000,0.000000,-7.000000,0.000000,0.000000,0.000000
29240.000000,65529.000000,0.000000,-7.000000,0.000000,0.000000,0.000000
29250.000000,65529.000000,0.000000,-7.000000,0.000000,0.000000,0.000000
29260.000000,65529.000000,0.000000,-7.000000,0.000000,0.000000,0.000000
29270.000000,65529.000000,0.000000,-7.000000,0.000000,0.000000,0.000000
29280.000000,65529.000000,0.000000,-7.000000,0.000000,0.000000,0.000000
29290.000000,65529.000000,0.000000,-7.000000,0.000000,0.000000,0.000000
29300.000000,65529.000000,0.000000,-7.000000,0.000000,0.000000,0.000000
29310.000000,65529.000000,0.000000,-7.000000,0.000000,0.000000,0.000000
29320.000000,65529.000000,0.000000,-7.000000,0.000000,0.000000,0.000000
29330.000000,65529.000000,0.000000,-7.000000,0.000000,0.000000,0.000000
29340.000000,65529.000000,0.000000,-7.000000,0.000000,0.000000,0.000000
29350.000000,65529.000000,0.000000,-7.000000,0.000000,0.000000,0.000000
29360.000000,65529.000000,0.000000,-7.000000,0.000000,0.000000,0.000000
29370.000000,65529.000000,0.000000,-7.000000,0.000000,0.000000,0.000000
29380.000000,65529.000000,0.000000,-7.000000,0.000000,0.000000,0.000000
29390.000000,65529.000000,0.000000,-7.000000,0.000000,0.000000,0.000000
29400.000000,65529.000000,0.000000,-7.000000,0.000000,0.000000,0.000000
29410.000000,65529.000000,0.000000,-7.000000,0.000000,0.000000,0.000000
29420.000000,65529.000000,0.000000,-7.000000,0.000000,0.000000,0.000000
29430.000000,65529.000000,0.000000,-7.000000,0.000000,0.000000,0.000000
29440.000000,65529.000000,0.000000,-7.000000,0.000000,0.000000,0.000000
29450.000000,65529.000000,0.000000,-7.000000,0.000000,0.000000,0.000000
29460.000000,65529.000000,0.000000,-7.000000,0.000000,0.000000,0.000000
29470.000000,65529.000000,0.000000,-7.000000,0.000000,0.000000,0.000000
29480.000000,65529.000000,0.000000,-7.000000,0.000000,0.000000,0.000000
29490.000000,65529.000000,0.000000,-7.000000,0.000000,0.000000,0.000000
29500.000000,65529.000000,0.000000,-7.000000,0.000000,0.000000,0.000000
29510.000000,65529.000000,0.000000,-7.000000,0.000000,0.000000,0.000000
29520.000000,65529.000000,0.000000,-7.000000,0.000000,0.000000,0.000000
29530.000000,65529.000000,0.000000,-7.000000,0.000000,0.000000,0.000000
29540.000000,65529.000000,0.000000,-7.000000,0.000000,0.000000,0.000000
29550.000000,65529.000000,0.000000,-7.000000,0.000000,0.000000,0.000000
29560.000000,65529.000000,0.000000,-7.000000,0.000000,0.000000,0.000000
29570.000000,65529.000000,0.000000,-7.000000,0.000000,0.000000,0.000000
29580.000000,65529.000000,0.000000,-7.000000,0.000000,0.000000,0.000000
29590.000000,65529.000000,0.000000,-7.000000,0.000000,0.000000,0.000000
29600.000000,65529.000000,0.000000,-7.000000,0.000000,0.000000,0.000000
29610.000000,65529.000000,0.000000,-7.000000,0.000000,0.000000,0.000000
29620.000000,65529.000000,0.000000,-7.000000,0.000000,0.000000,0.000000
29630.000000,65529.000000,0.000000,-7.000000,0.000000,0.000000,0.000000
29640.000000,65529.000000,0.000000,-7.000000,0.000000,0.000000,0.000000
29650.000000,65529.000000,0.000000,-7.000000,0.000000,0.000000,0.000000
29660.000000,65529.000000,0.000000,-7.000000,0.000000,0.000000,0.000000
29670.000000,65529.000000,0.000000,-7.000000,0.000000,0.000000,0.000000
29680.000000,65529.000000,0.000000,-7.000000,0.000000,0.000000,0.000000
29690.000000,65529.000000,0.000000,-7.000000,0.000000,0.000000,0.000000
29700.000000,65529.000000,0.000000,-7.000000,0.000000,0.000000,0.000000
29710.000000,65529.000000,0.000000,-7.000000,0.000000,0.000000,0.000000
29720.000000,65529.000000,0.000000,-7.000000,0.000000,0.000000,0.000000
29730.000000,65529.000000,0.000000,-7.000000,0.000000,0.000000,0.000000
29740.000000,65529.000000,0.000000,-7.000000,0.000000,0.000000,0.000000
29750.000000,65529.000000,0.000000,-7.000000,0.000000,0.000000,0.000000
29760.000000,65529.000000,0.000000,-7.000000,0.000000,0.000000,0.000000
29770.000000,65529.000000,0.000000,-7.000000,0.000000,0.000000,0.000000
29780.000000,65529.000000,0.000000,-7.000000,0.000000,0.000000,0.000000
29790.000000,65529.000000,0.000000,-7.000000,0.000000,0.000000,0.000000
29800.000000,65529.000000,0.000000,-7.000000,0.000000,0.000000,0.000000
29810.000000,65529.000000,0.000000,-7.000000,0.000000,0.000000,0.000000
29820.000000,65529.000000,0.000000,-7.000000,0.000000,0.000000,0.000000
29830.000000,65529.000000,0.000000,-7.000000,0.000000,0.000000,0.000000
29840.000000,65529.000000,0.000000,-7.000000,0.000000,0.000000,0.000000
29850.000000,65529.000000,0.000000,-7.000000,0.000000,0.000000,0.000000
29860.000000,65529.000000,0.000000,-7.000000,0.000000,0.000000,0.000000
29870.000000,65529.000000,0.000000,-7.000000,0.000000,0.000000,0.000000
29880.000000,65529.000000,0.000000,-7.000000,0.000000,0.000000,0.000000
29890.000000,65529.000000,0.000000,-7.000000,0.000000,0.000000,0.000000
29900.000000,65529.000000,0.000000,-7.000000,0.000000,0.000000,0.000000
29910.000000,65529.000000,0.000000,-7.000000,0.000000,0.000000,0.000000
29920.000000,65529.000000,0.000000,-7.000000,0.000000,0.000000,0.000000
29930.000000,65529.000000,0.000000,-7.000000,0.000000,0.000000,0.000000
29940.000000,65529.000000,0.000000,-7.000000,0.000000,0.000000,0.000000
29950.000000,65529.000000,0.000000,-7.000000,0.000000,0.000000,0.000000
29960.000000,65529.000000,0.000000,-7.000000,0.000000,0.000000,0.000000
29970.000000,65529.000000,0.000000,-7.000000,0.000000,0.000000,0.000000
29980.000000,65529.000000,0.000000,-7.000000,0.000000,0.000000,0.000000
29990.000000,65529.000000,0.000000,-7.000000,0.000000,0.000000,0.000000
30000.000000,65529.000000,0.000000,-7.000000,0.000000,0.000000,0.000000
30010.000000,65529.000000,0.000000,-7.000000,0.000000,0.000000,0.000000
30020.000000,65529.000000,0.000000,-7.000000,0.000000,0.000000,0.000000
30030.000000,65529.000000,0.000000,-7.000000,0.000000,0.000000,0.000000
30040.000000,65529.000000,0.000000,-7.000000,0.000000,0.000000,0.000000
30050.000000,65529.000000,0.000000,-7.000000,0.000000,0.000000,0.000000
30060.000000,65529.000000,0.000000,-7.000000,0.000000,0.000000,0.000000
30070.000000,65529.000000,0.000000,-7.000000,0.000000,0.000000,0.000000
30080.000000,65529.000000,0.000000,-7.000000,0.000000,0.000000,0.000000
30090.000000,65529.000000,0.000000,-7.000000,0.000000,0.000000,0.000000
30100.000000,65529.000000,0.000000,-7.000000,0.000000,0.000000,0.000000
30110.000000,65529.000000,0.000000,-7.000000,0.000000,0.000000,0.000000
30120.000000,65529.000000,0.000000,-7.000000,0.000000,0.000000,0.000000
30130.000000,65529.000000,0.000000,-7.000000,0.000000,0.000000,0.000000
30140.000000,65529.000000,0.000000,-7.000000,0.000000,0.000000,0.000000
30150.000000,65529.000000,0.000000,-7.000000,0.000000,0.000000,0.000000
30160.000000,65529.000000,0.000000,-7.000000,0.000000,0.000000,0.000000
30170.000000,65529.000000,0.000000,-7.000000,0.000000,0.000000,0.000000
30180.000000,65529.000000,0.000000,-7.000000,0.000000,0.000000,0.000000
30190.000000,65529.000000,0.000000,-7.000000,0.000000,0.000000,0.000000
30200.000000,65529.000000,0.000000,-7.000000,0.000000,0.000000,0.000000
30210.000000,65529.000000,0.000000,-7.000000,0.000000,0.000000,0.000000
30220.000000,65529.000000,0.000000,-7.000000,0.000000,0.000000,0.000000
30230.000000,65529.000000,0.000000,-7.000000,0.000000,0.000000,0.000000
30240.000000,65529.000000,0.000000,-7.000000,0.000000,0.000000,0.000000
30250.000000,65529.000000,0.000000,-7.000000,0.000000,0.000000,0.000000
30260.000000,65529.000000,0.000000,-7.000000,0.000000,0.000000,0.000000
30270.000000,65529.000000,0.000000,-7.000000,0.000000,0.000000,0.000000
30280.000000,65529.000000,0.000000,-7.000000,0.000000,0.000000,0.000000
30290.000000,65529.000000,0.000000,-7.000000,0.000000,0.000000,0.000000
30300.000000,65529.000000,0.000000,-7.000000,0.000000,0.000000,0.000000
30310.000000,65529.000000,0.000000,-7.000000,0.000000,0.000000,0.000000
30320.000000,65529.000000,0.000000,-7.000000,0.000000,0.000000,0.000000
30330.000000,65529.000000,0.000000,-7.000000,0.000000,0.000000,0.000000
30340.000000,65529.000000,0.000000,-7.000000,0.000000,0.000000,0.000000
30350.000000,65529.000000,0.000000,-7.000000,0.000000,0.000000,0.000000
30360.000000,65529.000000,0.000000,-7.000000,0.000000,0.000000,0.000000
30370.000000,65529.000000,0.000000,-7.000000,0.000000,0.000000,0.000000
30380.000000,65529.000000,0.000000,-7.000000,0.000000,0.000000,0.000000
30390.000000,65529.000000,0.000000,-7.000000,0.000000,0.000000,0.000000
30400.000000,65529.000000,0.000000,-7.000000,0.000000,0.000000,0.000000
30410.000000,65529.000000,0.000000,-7.000000,0.000000,0.000000,0.000000
30420.000000,65529.000000,0.000000,-7.000000,0.000000,0.000000,0.000000
30430.000000,65529.000000,0.000000,-7.000000,0.000000,0.000000,0.000000
30440.000000,65529.000000,0.000000,-7.000000,0.000000,0.000000,0.000000
30450.000000,65529.000000,0.000000,-7.000000,0.000000,0.000000,0.000000
30460.000000,65529.000000,0.000000,-7.000000,0.000000,0.000000,0.000000
30470.000000,65529.000000,0.000000,-7.000000,0.000000,0.000000,0.000000
30480.000000,65529.000000,0.000000,-7.000000,0.000000,0.000000,0.000000
30490.000000,65529.000000,0.000000,-7.000000,0.000000,0.000000,0.000000
30500.000000,65529.000000,0.000000,-7.000000,0.000000,0.000000,0.000000
30510.000000,65529.000000,0.000000,-7.000000,0.000000,0.000000,0.000000
30520.000000,65529.000000,0.000000,-7.000000,0.000000,0.000000,0.000000
30530.000000,65529.000000,0.000000,-7.000000,0.000000,0.000000,0.000000
30540.000000,65529.000000,0.000000,-7.000000,0.000000,0.000000,0.000000
30550.000000,65529.000000,0.000000,-7.000000,0.000000,0.000000,0.000000
30560.000000,65529.000000,0.000000,-7.000000,0.000000,0.000000,0.000000
30570.000000,65529.000000,0.000000,-7.000000,0.000000,0.000000,0.000000
30580.000000,65529.000000,0.000000,-7.000000,0.000000,0.000000,0.000000
30590.000000,65529.000000,0.000000,-7.000000,0.000000,0.000000,0.000000
30600.000000,65529.000000,0.000000,-7.000000,0.000000,0.000000,0.000000
30610.000000,65529.000000,0.000000,-7.000000,0.000000,0.000000,0.000000
30620.000000,65529.000000,0.000000,-7.000000,0.000000,0.000000,0.000000
30630.000000,65529.000000,0.000000,-7.000000,0.000000,0.000000,0.000000
30640.000000,65529.000000,0.000000,-7.000000,0.000000,0.000000,0.000000
30650.000000,65529.000000,0.000000,-7.000000,0.000000,0.000000,0.000000
30660.000000,65529.000000,0.000000,-7.000000,0.000000,0.000000,0.000000
30670.000000,65529.000000,0.000000,-7.000000,0.000000,0.000000,0.000000
30680.000000,65529.000000,0.000000,-7.000000,0.000000,0.000000,0.000000
30690.000000,65529.000000,0.000000,-7.000000,0.000000,0.000000,0.000000
30700.000000,65529.000000,0.000000,-7.000000,0.000000,0.000000,0.000000
30710.000000,65529.000000,0.000000,-7.000000,0.000000,0.000000,0.000000
30720.000000,65529.000000,0.000000,-7.000000,0.000000,0.000000,0.000000
30730.000000,65529.000000,0.000000,-7.000000,0.000000,0.000000,0.000000
30740.000000,65529.000000,0.000000,-7.000000,0.000000,0.000000,0.000000
30750.000000,65529.000000,0.000000,-7.000000,0.000000,0.000000,0.000000
30760.000000,65529.000000,0.000000,-7.000000,0.000000,0.000000,0.000000
30770.000000,65529.000000,0.000000,-7.000000,0.000000,0.000000,0.000000
30780.000000,65529.000000,0.000000,-7.000000,0.000000,0.000000,0.000000
30790.000000,65529.000000,0.000000,-7.000000,0.000000,0.000000,0.000000
30800.000000,65529.000000,0.000000,-7.000000,0.000000,0.000000,0.000000
30810.000000,65529.000000,0.000000,-7.000000,0.000000,0.000000,0.000000
30820.000000,65529.000000,0.000000,-7.000000,0.000000,0.000000,0.000000
30830.000000,65529.000000,0.000000,-7.000000,0.000000,0.000000,0.000000
30840.000000,65529.000000,0.000000,-7.000000,0.000000,0.000000,0.000000
30850.000000,65529.000000,0.000000,-7.000000,0.000000,0.000000,0.000000
30860.000000,65529.000000,0.000000,-7.000000,0.000000,0.000000,0.000000
30870.000000,65529.000000,0.000000,-7.000000,0.000000,0.000000,0.000000
30880.000000,65529.000000,0.000000,-7.000000,0.000000,0.000000,0.000000
30890.000000,65529.000000,0.000000,-7.000000,0.000000,0.000000,0.000000
30900.000000,65529.000000,0.000000,-7.000000,0.000000,0.000000,0.000000
30910.000000,65529.000000,0.000000,-7.000000,0.000000,0.000000,0.000000
30920.000000,65529.000000,0.000000,-7.000000,0.000000,0.000000,0.000000
30930.000000,65529.000000,0.000000,-7.000000,0.000000,0.000000,0.000000
30940.000000,65529.000000,0.000000,-7.000000,0.000000,0.000000,0.000000
30950.000000,65529.000000,0.000000,-7.000000,0.000000,0.000000,0.000000
30960.000000,65529.000000,0.000000,-7.000000,0.000000,0.000000,0.000000
30970.000000,65529.000000,0.000000,-7.000000,0.000000,0.000000,0.000000
30980.000000,65529.000000,0.000000,-7.000000,0.000000,0.000000,0.000000
30990.000000,65529.000000,0.000000,-7.000000,0.000000,0.000000,0.000000
31000.000000,65529.000000,0.000000,-7.000000,0.000000,0.000000,0.000000
31010.000000,65529.000000,0.000000,-7.000000,0.000000,0.000000,0.000000
31020.000000,65529.000000,0.000000,-7.000000,0.000000,0.000000,0.000000
31030.000000,65529.000000,0.000000,-7.000000,0.000000,0.000000,0.000000
31040.000000,65529.000000,0.000000,-7.000000,0.000000,0.000000,0.000000
31050.000000,65529.000000,0.000000,-7.000000,0.000000,0.000000,0.000000
31060.000000,65529.000000,0.000000,-7.000000,0.000000,0.000000,0.000000
31070.000000,65529.000000,0.000000,-7.000000,0.000000,0.000000,0.000000
31080.000000,65529.000000,0.000000,-7.000000,0.000000,0.000000,0.000000
31090.000000,65529.000000,0.000000,-7.000000,0.000000,0.000000,0.000000
31100.000000,65529.000000,0.000000,-7.000000,0.000000,0.000000,0.000000
31110.000000,65529.000000,0.000000,-7.000000,0.000000,0.000000,0.000000
31120.000000,65529.000000,0.000000,-7.000000,0.000000,0.000000,0.000000
31130.000000,65529.000000,0.000000,-7.000000,0.000000,0.000000,0.000000
31140.000000,65529.000000,0.000000,-7.000000,0.000000,0.000000,0.000000
31150.000000,65529.000000,0.000000,-7.000000,0.000000,0.000000,0.000000
31160.000000,65529.000000,0.000000,-7.000000,0.000000,0.000000,0.000000
31170.000000,65529.000000,0.000000,-7.000000,0.000000,0.000000,0.000000
31180.000000,65529.000000,0.000000,-7.000000,0.000000,0.000000,0.000000
31190.000000,65529.000000,0.000000,-7.000000,0.000000,0.000000,0.000000
31200.000000,65529.000000,0.000000,-7.000000,0.000000,0.000000,0.000000
31210.000000,65529.000000,0.000000,-7.000000,0.000000,0.000000,0.000000
31220.000000,65529.000000,0.000000,-7.000000,0.000000,0.000000,0.000000
31230.000000,65529.000000,0.000000,-7.000000,0.000000,0.000000,0.000000
31240.000000,65529.000000,0.000000,-7.000000,0.000000,0.000000,0.000000
31250.000000,65529.000000,0.000000,-7.000000,0.000000,0.000000,0.000000
31260.000000,65529.000000,0.000000,-7.000000,0.000000,0.000000,0.000000
31270.000000,65529.000000,0.000000,-7.000000,0.000000,0.000000,0.000000
31280.000000,65529.000000,0.000000,-7.000000,0.000000,0.000000,0.000000
31290.000000,65529.000000,0.000000,-7.000000,0.000000,0.000000,0.000000
31300.000000,65529.000000,0.000000,-7.000000,0.000000,0.000000,0.000000
31310.000000,65529.000000,0.000000,-7.000000,0.000000,0.000000,0.000000
31320.000000,65529.000000,0.000000,-7.000000,0.000000,0.000000,0.000000
31330.000000,65529.000000,0.000000,-7.000000,0.000000,0.000000,0.000000
31340.000000,65529.000000,0.000000,-7.000000,0.000000,0.000000,0.000000
31350.000000,65529.000000,0.000000,-7.000000,0.000000,0.000000,0.000000
31360.000000,65529.000000,0.000000,-7.000000,0.000000,0.000000,0.000000
31370.000000,65529.000000,0.000000,-7.000000,0.000000,0.000000,0.000000
31380.000000,65529.000000,0.000000,-7.000000,0.000000,0.000000,0.000000
31390.000000,65529.000000,0.000000,-7.000000,0.000000,0.000000,0.000000
31400.000000,65529.000000,0.000000,-7.000000,0.000000,0.000000,0.000000
31410.000000,65529.000000,0.000000,-7.000000,0.000000,0.000000,0.000000
31420.000000,65529.000000,0.000000,-7.000000,0.000000,0.000000,0.000000
31430.000000,65529.000000,0.000000,-7.000000,0.000000,0.000000,0.000000
31440.000000,65529.000000,0.000000,-7.000000,0.000000,0.000000,0.000000
31450.000000,65529.000000,0.000000,-7.000000,0.000000,0.000000,0.000000
31460.000000,65529.000000,0.000000,-7.000000,0.000000,0.000000,0.000000
31470.000000,65529.000000,0.000000,-7.000000,0.000000,0.000000,0.000000
31480.000000,65529.000000,0.000000,-7.000000,0.000000,0.000000,0.000000
31490.000000,65529.000000,0.000000,-7.000000,0.000000,0.000000,0.000000
31500.000000,65529.000000,0.000000,-7.000000,0.000000,0.000000,0.000000
31510.000000,65529.000000,0.000000,-7.000000,0.000000,0.000000,0.000000
31520.000000,65529.000000,0.000000,-7.000000,0.000000,0.000000,0.000000
31530.000000,65529.000000,0.000000,-7.000000,0.000000,0.000000,0.000000
31540.000000,65529.000000,0.000000,-7.000000,0.000000,0.000000,0.000000
31550.000000,65529.000000,0.000000,-7.000000,0.000000,0.000000,0.000000
31560.000000,65529.000000,0.000000,-7.000000,0.000000,0.000000,0.000000
31570.000000,65529.000000,0.000000,-7.000000,0.000000,0.000000,0.000000
31580.000000,65529.000000,0.000000,-7.000000,0.000000,0.000000,0.000000
31590.000000,65529.000000,0.000000,-7.000000,0.000000,0.000000,0.000000
31600.000000,65529.000000,0.000000,-7.000000,0.000000,0.000000,0.000000
31610.000000,65529.000000,0.000000,-7.000000,0.000000,0.000000,0.000000
31620.000000,65529.000000,0.000000,-7.000000,0.000000,0.000000,0.000000
31630.000000,65529.000000,0.000000,-7.000000,0.000000,0.000000,0.000000
31640.000000,65529.000000,0.000000,-7.000000,0.000000,0.000000,0.000000
31650.000000,65529.000000,0.000000,-7.000000,0.000000,0.000000,0.000000
31660.000000,65529.000000,0.000000,-7.000000,0.000000,0.000000,0.000000
31670.000000,65529.000000,0.000000,-7.000000,0.000000,0.000000,0.000000
31680.000000,65529.000000,0.000000,-7.000000,0.000000,0.000000,0.000000
31690.000000,65529.000000,0.000000,-7.000000,0.000000,0.000000,0.000000
31700.000000,65529.000000,0.000000,-7.000000,0.000000,0.000000,0.000000
31710.000000,65529.000000,0.000000,-7.000000,0.000000,0.000000,0.000000
31720.000000,65529.000000,0.000000,-7.000000,0.000000,0.000000,0.000000
31730.000000,65529.000000,0.000000,-7.000000,0.000000,0.000000,0.000000
31740.000000,65529.000000,0.000000,-7.000000,0.000000,0.000000,0.000000
31750.000000,65529.000000,0.000000,-7.000000,0.000000,0.000000,0.000000
31760.000000,65529.000000,0.000000,-7.000000,0.000000,0.000000,0.000000
31770.000000,65529.000000,0.000000,-7.000000,0.000000,0.000000,0.000000
31780.000000,65529.000000,0.000000,-7.000000,0.000000,0.000000,0.000000
31790.000000,65529.000000,0.000000,-7.000000,0.000000,0.000000,0.000000
31800.000000,65529.000000,0.000000,-7.000000,0.000000,0.000000,0.000000
31810.000000,65529.000000,0.000000,-7.000000,0.000000,0.000000,0.000000
31820.000000,65529.000000,0.000000,-7.000000,0.000000,0.000000,0.000000
31830.000000,65529.000000,0.000000,-7.000000,0.000000,0.000000,0.000000
31840.000000,65529.000000,0.000000,-7.000000,0.000000,0.000000,0.000000
31850.000000,65529.000000,0.000000,-7.000000,0.000000,0.000000,0.000000
31860.000000,65529.000000,0.000000,-7.000000,0.000000,0.000000,0.000000
31870.000000,65529.000000,0.000000,-7.000000,0.000000,0.000000,0.000000
31880.000000,65529.000000,0.000000,-7.000000,0.000000,0.000000,0.000000
31890.000000,65529.000000,0.000000,-7.000000,0.000000,0.000000,0.000000
31900.000000,65529.000000,0.000000,-7.000000,0.000000,0.000000,0.000000
31910.000000,65529.000000,0.000000,-7.000000,0.000000,0.000000,0.000000
31920.000000,65529.000000,0.000000,-7.000000,0.000000,0.000000,0.000000
31930.000000,65529.000000,0.000000,-7.000000,0.000000,0.000000,0.000000
31940.000000,65529.000000,0.000000,-7.000000,0.000000,0.000000,0.000000
31950.000000,65529.000000,0.000000,-7.000000,0.000000,0.000000,0.000000
31960.000000,65529.000000,0.000000,-7.000000,0.000000,0.000000,0.000000
31970.000000,65529.000000,0.000000,-7.000000,0.000000,0.000000,0.000000
31980.000000,65529.000000,0.000000,-7.000000,0.000000,0.000000,0.000000
31990.000000,65529.000000,0.000000,-7.000000,0.000000,0.000000,0.000000
32000.000000,65529.000000,0.000000,-7.000000,0.000000,0.000000,0.000000
32010.000000,65529.000000,0.000000,-7.000000,0.000000,0.000000,0.000000
32020.000000,65529.000000,0.000000,-7.000000,0.000000,0.000000,0.000000
32030.000000,65529.000000,0.000000,-7.000000,0.000000,0.000000,0.000000
32040.000000,65529.000000,0.000000,-7.000000,0.000000,0.000000,0.000000
32050.000000,65529.000000,0.000000,-7.000000,0.000000,0.000000,0.000000
32060.000000,65529.000000,0.000000,-7.000000,0.000000,0.000000,0.000000
32070.000000,65529.000000,0.000000,-7.000000,0.000000,0.000000,0.000000
32080.000000,65529.000000,0.000000,-7.000000,0.000000,0.000000,0.000000
32090.000000,65529.000000,0.000000,-7.000000,0.000000,0.000000,0.000000
32100.000000,65529.000000,0.000000,-7.000000,0.000000,0.000000,0.000000
32110.000000,65529.000000,0.000000,-7.000000,0.000000,0.000000,0.000000
32120.000000,65529.000000,0.000000,-7.000000,0.000000,0.000000,0.000000
32130.000000,65529.000000,0.000000,-7.000000,0.000000,0.000000,0.000000
32140.000000,65529.000000,0.000000,-7.000000,0.000000,0.000000,0.000000
32150.000000,65529.000000,0.000000,-7.000000,0.000000,0.000000,0.000000
32160.000000,65529.000000,0.000000,-7.000000,0.000000,0.000000,0.000000
32170.000000,65529.000000,0.000000,-7.000000,0.000000,0.000000,0.000000
32180.000000,65529.000000,0.000000,-7.000000,0.000000,0.000000,0.000000
32190.000000,65529.000000,0.000000,-7.000000,0.000000,0.000000,0.000000
32200.000000,65529.000000,0.000000,-7.000000,0.000000,0.000000,0.000000
32210.000000,65529.000000,0.000000,-7.000000,0.000000,0.000000,0.000000
32220.000000,65529.000000,0.000000,-7.000000,0.000000,0.000000,0.000000
32230.000000,65529.000000,0.000000,-7.000000,0.000000,0.000000,0.000000
32240.000000,65529.000000,0.000000,-7.000000,0.000000,0.000000,0.000000
32250.000000,65529.000000,0.000000,-7.000000,0.000000,0.000000,0.000000
32260.000000,65529.000000,0.000000,-7.000000,0.000000,0.000000,0.000000
32270.000000,65529.000000,0.000000,-7.000000,0.000000,0.000000,0.000000
32280.000000,65529.000000,0.000000,-7.000000,0.000000,0.000000,0.000000
32290.000000,65529.000000,0.000000,-7.000000,0.000000,0.000000,0.000000
32300.000000,65529.000000,0.000000,-7.000000,0.000000,0.000000,0.000000
32310.000000,65529.000000,0.000000,-7.000000,0.000000,0.000000,0.000000
32320.000000,65529.000000,0.000000,-7.000000,0.000000,0.000000,0.000000
32330.000000,65529.000000,0.000000,-7.000000,0.000000,0.000000,0.000000
32340.000000,65529.000000,0.000000,-7.000000,0.000000,0.000000,0.000000
32350.000000,65529.000000,0.000000,-7.000000,0.000000,0.000000,0.000000
32360.000000,65529.000000,0.000000,-7.000000,0.000000,0.000000,0.000000
32370.000000,65529.000000,0.000000,-7.000000,0.000000,0.000000,0.000000
32380.000000,65529.000000,0.000000,-7.000000,0.000000,0.000000,0.000000
32390.000000,65529.000000,0.000000,-7.000000,0.000000,0.000000,0.000000
32400.000000,65529.000000,0.000000,-7.000000,0.000000,0.000000,0.000000
32410.000000,65529.000000,0.000000,-7.000000,0.000000,0.000000,0.000000
32420.000000,65529.000000,0.000000,-7.000000,0.000000,0.000000,0.000000
32430.000000,65529.000000,0.000000,-7.000000,0.000000,0.000000,0.000000
32440.000000,65529.000000,0.000000,-7.000000,0.000000,0.000000,0.000000
32450.000000,65529.000000,0.000000,-7.000000,0.000000,0.000000,0.000000
32460.000000,65529.000000,0.000000,-7.000000,0.000000,0.000000,0.000000
32470.000000,65529.000000,0.000000,-7.000000,0.000000,0.000000,0.000000
32480.000000,65529.000000,0.000000,-7.000000,0.000000,0.000000,0.000000
32490.000000,65529.000000,0.000000,-7.000000,0.000000,0.000000,0.000000
32500.000000,65529.000000,0.000000,-7.000000,0.000000,0.000000,0.000000
32510.000000,65529.000000,0.000000,-7.000000,0.000000,0.000000,0.000000
32520.000000,65529.000000,0.000000,-7.000000,0.000000,0.000000,0.000000
32530.000000,65529.000000,0.000000,-7.000000,0.000000,0.000000,0.000000
32540.000000,65529.000000,0.000000,-7.000000,0.000000,0.000000,0.000000
32550.000000,65529.000000,0.000000,-7.000000,0.000000,0.000000,0.000000
32560.000000,65529.000000,0.000000,-7.000000,0.000000,0.000000,0.000000
32570.000000,65529.000000,0.000000,-7.000000,0.000000,0.000000,0.000000
32580.000000,65529.000000,0.000000,-7.000000,0.000000,0.000000,0.000000
32590.000000,65529.000000,0.000000,-7.000000,0.000000,0.000000,0.000000
32600.000000,65529.000000,0.000000,-7.000000,0.000000,0.000000,0.000000
32610.000000,65529.000000,0.000000,-7.000000,0.000000,0.000000,0.000000
32620.000000,65529.000000,0.000000,-7.000000,0.000000,0.000000,0.000000
32630.000000,65529.000000,0.000000,-7.000000,0.000000,0.000000,0.000000
32640.000000,65529.000000,0.000000,-7.000000,0.000000,0.000000,0.000000
32650.000000,65529.000000,0.000000,-7.000000,0.000000,0.000000,0.000000
32660.000000,65529.000000,0.000000,-7.000000,0.000000,0.000000,0.000000
32670.000000,65529.000000,0.000000,-7.000000,0.000000,0.000000,0.000000
32680.000000,65529.000000,0.000000,-7.000000,0.000000,0.000000,0.000000
32690.000000,65529.000000,0.000000,-7.000000,0.000000,0.000000,0.000000
32700.000000,65529.000000,0.000000,-7.000000,0.000000,0.000000,0.000000
32710.000000,65529.000000,0.000000,-7.000000,0.000000,0.000000,0.000000
32720.000000,65529.000000,0.000000,-7.000000,0.000000,0.000000,0.000000
32730.000000,65529.000000,0.000000,-7.000000,0.000000,0.000000,0.000000
32740.000000,65529.000000,0.000000,-7.000000,0.000000,0.000000,0.000000
32750.000000,65529.000000,0.000000,-7.000000,0.000000,0.000000,0.000000
32760.000000,65529.000000,0.000000,-7.000000,0.000000,0.000000,0.000000
32770.000000,65529.000000,0.000000,-7.000000,0.000000,0.000000,0.000000
32780.000000,65529.000000,0.000000,-7.000000,0.000000,0.000000,0.000000
32790.000000,65529.000000,0.000000,-7.000000,0.000000,0.000000,0.000000
32800.000000,65529.000000,0.000000,-7.000000,0.000000,0.000000,0.000000
32810.000000,65529.000000,0.000000,-7.000000,0.000000,0.000000,0.000000
32820.000000,65529.000000,0.000000,-7.000000,0.000000,0.000000,0.000000
32830.000000,65529.000000,0.000000,-7.000000,0.000000,0.000000,0.000000
32840.000000,65529.000000,0.000000,-7.000000,0.000000,0.000000,0.000000
32850.000000,65529.000000,0.000000,-7.000000,0.000000,0.000000,0.000000
32860.000000,65529.000000,0.000000,-7.000000,0.000000,0.000000,0.000000
32870.000000,65529.000000,0.000000,-7.000000,0.000000,0.000000,0.000000
32880.000000,65529.000000,0.000000,-7.000000,0.000000,0.000000,0.000000
32890.000000,65529.000000,0.000000,-7.000000,0.000000,0.000000,0.000000
32900.000000,65529.000000,0.000000,-7.000000,0.000000,0.000000,0.000000
32910.000000,65529.000000,0.000000,-7.000000,0.000000,0.000000,0.000000
32920.000000,65529.000000,0.000000,-7.000000,0.000000,0.000000,0.000000
32930.000000,65529.000000,0.000000,-7.000000,0.000000,0.000000,0.000000
32940.000000,65529.000000,0.000000,-7.000000,0.000000,0.000000,0.000000
32950.000000,65529.000000,0.000000,-7.000000,0.000000,0.000000,0.000000
32960.000000,65529.000000,0.000000,-7.000000,0.000000,0.000000,0.000000
32970.000000,65529.000000,0.000000,-7.000000,0.000000,0.000000,0.000000
32980.000000,65529.000000,0.000000,-7.000000,0.000000,0.000000,0.000000
32990.000000,65529.000000,0.000000,-7.000000,0.000000,0.000000,0.000000
33000.000000,65529.000000,0.000000,-7.000000,0.000000,0.000000,0.000000
33010.000000,65529.000000,0.000000,-7.000000,0.000000,0.000000,0.000000
33020.000000,65529.000000,0.000000,-7.000000,0.000000,0.000000,0.000000
33030.000000,65529.000000,0.000000,-7.000000,0.000000,0.000000,0.000000
33040.000000,65529.000000,0.000000,-7.000000,0.000000,0.000000,0.000000
33050.000000,65529.000000,0.000000,-7.000000,0.000000,0.000000,0.000000
33060.000000,65529.000000,0.000000,-7.000000,0.000000,0.000000,0.000000
33070.000000,65529.000000,0.000000,-7.000000,0.000000,0.000000,0.000000
33080.000000,65529.000000,0.000000,-7.000000,0.000000,0.000000,0.000000
33090.000000,65529.000000,0.000000,-7.000000,0.000000,0.000000,0.000000
33100.000000,65529.000000,0.000000,-7.000000,0.000000,0.000000,0.000000
33110.000000,65529.000000,0.000000,-7.000000,0.000000,0.000000,0.000000
33120.000000,65529.000000,0.000000,-7.000000,0.000000,0.000000,0.000000
33130.000000,65529.000000,0.000000,-7.000000,0.000000,0.000000,0.000000
33140.000000,65529.000000,0.000000,-7.000000,0.000000,0.000000,0.000000
33150.000000,65529.000000,0.000000,-7.000000,0.000000,0.000000,0.000000
33160.000000,65529.000000,0.000000,-7.000000,0.000000,0.000000,0.000000
33170.000000,65529.000000,0.000000,-7.000000,0.000000,0.000000,0.000000
33180.000000,65529.000000,0.000000,-7.000000,0.000000,0.000000,0.000000
33190.000000,65529.000000,0.000000,-7.000000,0.000000,0.000000,0.000000
33200.000000,65529.000000,0.000000,-7.000000,0.000000,0.000000,0.000000
33210.000000,65529.000000,0.000000,-7.000000,0.000000,0.000000,0.000000
33220.000000,65529.000000,0.000000,-7.000000,0.000000,0.000000,0.000000
33230.000000,65529.000000,0.000000,-7.000000,0.000000,0.000000,0.000000
33240.000000,65529.000000,0.000000,-7.000000,0.000000,0.000000,0.000000
33250.000000,65529.000000,0.000000,-7.000000,0.000000,0.000000,0.000000
33260.000000,65529.000000,0.000000,-7.000000,0.000000,0.000000,0.000000
33270.000000,65529.000000,0.000000,-7.000000,0.000000,0.000000,0.000000
33280.000000,65529.000000,0.000000,-7.000000,0.000000,0.000000,0.000000
33290.000000,65529.000000,0.000000,-7.000000,0.000000,0.000000,0.000000
33300.000000,65529.000000,0.000000,-7.000000,0.000000,0.000000,0.000000
33310.000000,65529.000000,0.000000,-7.000000,0.000000,0.000000,0.000000
33320.000000,65529.000000,0.000000,-7.000000,0.000000,0.000000,0.000000
33330.000000,65529.000000,0.000000,-7.000000,0.000000,0.000000,0.000000
33340.000000,65529.000000,0.000000,-7.000000,0.000000,0.000000,0.000000
33350.000000,65529.000000,0.000000,-7.000000,0.000000,0.000000,0.000000
33360.000000,65529.000000,0.000000,-7.000000,0.000000,0.000000,0.000000
33370.000000,65529.000000,0.000000,-7.000000,0.000000,0.000000,0.000000
33380.000000,65529.000000,0.000000,-7.000000,0.000000,0.000000,0.000000
33390.000000,65529.000000,0.000000,-7.000000,0.000000,0.000000,0.000000
33400.000000,65529.000000,0.000000,-7.000000,0.000000,0.000000,0.000000
33410.000000,65529.000000,0.000000,-7.000000,0.000000,0.000000,0.000000
33420.000000,65529.000000,0.000000,-7.000000,0.000000,0.000000,0.000000
33430.000000,65529.000000,0.000000,-7.000000,0.000000,0.000000,0.000000
33440.000000,65529.000000,0.000000,-7.000000,0.000000,0.000000,0.000000
33450.000000,65529.000000,0.000000,-7.000000,0.000000,0.000000,0.000000
33460.000000,65529.000000,0.000000,-7.000000,0.000000,0.000000,0.000000
33470.000000,65529.000000,0.000000,-7.000000,0.000000,0.000000,0.000000
33480.000000,65529.000000,0.000000,-7.000000,0.000000,0.000000,0.000000
33490.000000,65529.000000,0.000000,-7.000000,0.000000,0.000000,0.000000
33500.000000,65529.000000,0.000000,-7.000000,0.000000,0.000000,0.000000
33510.000000,65529.000000,0.000000,-7.000000,0.000000,0.000000,0.000000
33520.000000,65529.000000,0.000000,-7.000000,0.000000,0.000000,0.000000
33530.000000,65529.000000,0.000000,-7.000000,0.000000,0.000000,0.000000
33540.000000,65529.000000,0.000000,-7.000000,0.000000,0.000000,0.000000
33550.000000,65529.000000,0.000000,-7.000000,0.000000,0.000000,0.000000
33560.000000,65529.000000,0.000000,-7.000000,0.000000,0.000000,0.000000
33570.000000,65529.000000,0.000000,-7.000000,0.000000,0.000000,0.000000
33580.000000,65529.000000,0.000000,-7.000000,0.000000,0.000000,0.000000
33590.000000,65529.000000,0.000000,-7.000000,0.000000,0.000000,0.000000
33600.000000,65529.000000,0.000000,-7.000000,0.000000,0.000000,0.000000
33610.000000,65529.000000,0.000000,-7.000000,0.000000,0.000000,0.000000
33620.000000,65529.000000,0.000000,-7.000000,0.000000,0.000000,0.000000
33630.000000,65529.000000,0.000000,-7.000000,0.000000,0.000000,0.000000
33640.000000,65529.000000,0.000000,-7.000000,0.000000,0.000000,0.000000
33650.000000,65529.000000,0.000000,-7.000000,0.000000,0.000000,0.000000
33660.000000,65529.000000,0.000000,-7.000000,0.000000,0.000000,0.000000
33670.000000,65529.000000,0.000000,-7.000000,0.000000,0.000000,0.000000
33680.000000,65529.000000,0.000000,-7.000000,0.000000,0.000000,0.000000
33690.000000,65529.000000,0.000000,-7.000000,0.000000,0.000000,0.000000
33700.000000,65529.000000,0.000000,-7.000000,0.000000,0.000000,0.000000
33710.000000,65529.000000,0.000000,-7.000000,0.000000,0.000000,0.000000
33720.000000,65529.000000,0.000000,-7.000000,0.000000,0.000000,0.000000
33730.000000,65529.000000,0.000000,-7.000000,0.000000,0.000000,0.000000
33740.000000,65529.000000,0.000000,-7.000000,0.000000,0.000000,0.000000
33750.000000,65529.000000,0.000000,-7.000000,0.000000,0.000000,0.000000
33760.000000,65529.000000,0.000000,-7.000000,0.000000,0.000000,0.000000
33770.000000,65529.000000,0.000000,-7.000000,0.000000,0.000000,0.000000
33780.000000,65529.000000,0.000000,-7.000000,0.000000,0.000000,0.000000
33790.000000,65529.000000,0.000000,-7.000000,0.000000,0.000000,0.000000
33800.000000,65529.000000,0.000000,-7.000000,0.000000,0.000000,0.000000
33810.000000,65529.000000,0.000000,-7.000000,0.000000,0.000000,0.000000
33820.000000,65529.000000,0.000000,-7.000000,0.000000,0.000000,0.000000
33830.000000,65529.000000,0.000000,-7.000000,0.000000,0.000000,0.000000
33840.000000,65529.000000,0.000000,-7.000000,0.000000,0.000000,0.000000
33850.000000,65529.000000,0.000000,-7.000000,0.000000,0.000000,0.000000
33860.000000,65529.000000,0.000000,-7.000000,0.000000,0.000000,0.000000
33870.000000,65529.000000,0.000000,-7.000000,0.000000,0.000000,0.000000
33880.000000,65529.000000,0.000000,-7.000000,0.000000,0.000000,0.000000
33890.000000,65529.000000,0.000000,-7.000000,0.000000,0.000000,0.000000
33900.000000,65529.000000,0.000000,-7.000000,0.000000,0.000000,0.000000
33910.000000,65529.000000,0.000000,-7.000000,0.000000,0.000000,0.000000
33920.000000,65529.000000,0.000000,-7.000000,0.000000,0.000000,0.000000
33930.000000,65529.000000,0.000000,-7.000000,0.000000,0.000000,0.000000
33940.000000,65529.000000,0.000000,-7.000000,0.000000,0.000000,0.000000
33950.000000,65529.000000,0.000000,-7.000000,0.000000,0.000000,0.000000
33960.000000,65529.000000,0.000000,-7.000000,0.000000,0.000000,0.000000
33970.000000,65529.000000,0.000000,-7.000000,0.000000,0.000000,0.000000
33980.000000,65529.000000,0.000000,-7.000000,0.000000,0.000000,0.000000
33990.000000,65529.000000,0.000000,-7.000000,0.000000,0.000000,0.000000
34000.000000,65529.000000,0.000000,-7.000000,0.000000,0.000000,0.000000
34010.000000,65529.000000,0.000000,-7.000000,0.000000,0.000000,0.000000
34020.000000,65529.000000,0.000000,-7.000000,0.000000,0.000000,0.000000
34030.000000,65529.000000,0.000000,-7.000000,0.000000,0.000000,0.000000
34040.000000,65529.000000,0.000000,-7.000000,0.000000,0.000000,0.000000
34050.000000,65529.000000,0.000000,-7.000000,0.000000,0.000000,0.000000
34060.000000,65529.000000,0.000000,-7.000000,0.000000,0.000000,0.000000
34070.000000,65529.000000,0.000000,-7.000000,0.000000,0.000000,0.000000
34080.000000,65529.000000,0.000000,-7.000000,0.000000,0.000000,0.000000
34090.000000,65529.000000,0.000000,-7.000000,0.000000,0.000000,0.000000
34100.000000,65529.000000,0.000000,-7.000000,0.000000,0.000000,0.000000
34110.000000,65529.000000,0.000000,-7.000000,0.000000,0.000000,0.000000
34120.000000,65529.000000,0.000000,-7.000000,0.000000,0.000000,0.000000
34130.000000,65529.000000,0.000000,-7.000000,0.000000,0.000000,0.000000
34140.000000,65529.000000,0.000000,-7.000000,0.000000,0.000000,0.000000
34150.000000,65529.000000,0.000000,-7.000000,0.000000,0.000000,0.000000
34160.000000,65529.000000,0.000000,-7.000000,0.000000,0.000000,0.000000
34170.000000,65529.000000,0.000000,-7.000000,0.000000,0.000000,0.000000
34180.000000,65529.000000,0.000000,-7.000000,0.000000,0.000000,0.000000
34190.000000,65529.000000,0.000000,-7.000000,0.000000,0.000000,0.000000
34200.000000,65529.000000,0.000000,-7.000000,0.000000,0.000000,0.000000
34210.000000,65529.000000,0.000000,-7.000000,0.000000,0.000000,0.000000
34220.000000,65529.000000,0.000000,-7.000000,0.000000,0.000000,0.000000
34230.000000,65529.000000,0.000000,-7.000000,0.000000,0.000000,0.000000
34240.000000,65529.000000,0.000000,-7.000000,0.000000,0.000000,0.000000
34250.000000,65529.000000,0.000000,-7.000000,0.000000,0.000000,0.000000
34260.000000,65529.000000,0.000000,-7.000000,0.000000,0.000000,0.000000
34270.000000,65529.000000,0.000000,-7.000000,0.000000,0.000000,0.000000
34280.000000,65529.000000,0.000000,-7.000000,0.000000,0.000000,0.000000
34290.000000,65529.000000,0.000000,-7.000000,0.000000,0.000000,0.000000
34300.000000,65529.000000,0.000000,-7.000000,0.000000,0.000000,0.000000
34310.000000,65529.000000,0.000000,-7.000000,0.000000,0.000000,0.000000
34320.000000,65529.000000,0.000000,-7.000000,0.000000,0.000000,0.000000
34330.000000,65529.000000,0.000000,-7.000000,0.000000,0.000000,0.000000
34340.000000,65529.000000,0.000000,-7.000000,0.000000,0.000000,0.000000
34350.000000,65529.000000,0.000000,-7.000000,0.000000,0.000000,0.000000
34360.000000,65529.000000,0.000000,-7.000000,0.000000,0.000000,0.000000
34370.000000,65529.000000,0.000000,-7.000000,0.000000,0.000000,0.000000
34380.000000,65529.000000,0.000000,-7.000000,0.000000,0.000000,0.000000
34390.000000,65529.000000,0.000000,-7.000000,0.000000,0.000000,0.000000
34400.000000,65529.000000,0.000000,-7.000000,0.000000,0.000000,0.000000
34410.000000,65529.000000,0.000000,-7.000000,0.000000,0.000000,0.000000
34420.000000,65529.000000,0.000000,-7.000000,0.000000,0.000000,0.000000
34430.000000,65529.000000,0.000000,-7.000000,0.000000,0.000000,0.000000
34440.000000,65529.000000,0.000000,-7.000000,0.000000,0.000000,0.000000
34450.000000,65529.000000,0.000000,-7.000000,0.000000,0.000000,0.000000
34460.000000,65529.000000,0.000000,-7.000000,0.000000,0.000000,0.000000
34470.000000,65529.000000,0.000000,-7.000000,0.000000,0.000000,0.000000
34480.000000,65529.000000,0.000000,-7.000000,0.000000,0.000000,0.000000
34490.000000,65529.000000,0.000000,-7.000000,0.000000,0.000000,0.000000
34500.000000,65529.000000,0.000000,-7.000000,0.000000,0.000000,0.000000
34510.000000,65529.000000,0.000000,-7.000000,0.000000,0.000000,0.000000
34520.000000,65529.000000,0.000000,-7.000000,0.000000,0.000000,0.000000
34530.000000,65529.000000,0.000000,-7.000000,0.000000,0.000000,0.000000
34540.000000,65529.000000,0.000000,-7.000000,0.000000,0.000000,0.000000
34550.000000,65529.000000,0.000000,-7.000000,0.000000,0.000000,0.000000
34560.000000,65529.000000,0.000000,-7.000000,0.000000,0.000000,0.000000
34570.000000,65529.000000,0.000000,-7.000000,0.000000,0.000000,0.000000
34580.000000,65529.000000,0.000000,-7.000000,0.000000,0.000000,0.000000
34590.000000,65529.000000,0.000000,-7.000000,0.000000,0.000000,0.000000
34600.000000,65529.000000,0.000000,-7.000000,0.000000,0.000000,0.000000
34610.000000,65529.000000,0.000000,-7.000000,0.000000,0.000000,0.000000
34620.000000,65529.000000,0.000000,-7.000000,0.000000,0.000000,0.000000
34630.000000,65529.000000,0.000000,-7.000000,0.000000,0.000000,0.000000
34640.000000,65529.000000,0.000000,-7.000000,0.000000,0.000000,0.000000
34650.000000,65529.000000,0.000000,-7.000000,0.000000,0.000000,0.000000
34660.000000,65529.000000,0.000000,-7.000000,0.000000,0.000000,0.000000
34670.000000,65529.000000,0.000000,-7.000000,0.000000,0.000000,0.000000
34680.000000,65529.000000,0.000000,-7.000000,0.000000,0.000000,0.000000
34690.000000,65529.000000,0.000000,-7.000000,0.000000,0.000000,0.000000
34700.000000,65529.000000,0.000000,-7.000000,0.000000,0.000000,0.000000
34710.000000,65529.000000,0.000000,-7.000000,0.000000,0.000000,0.000000
34720.000000,65529.000000,0.000000,-7.000000,0.000000,0.000000,0.000000
34730.000000,65529.000000,0.000000,-7.000000,0.000000,0.000000,0.000000
34740.000000,65529.000000,0.000000,-7.000000,0.000000,0.000000,0.000000
34750.000000,65529.000000,0.000000,-7.000000,0.000000,0.000000,0.000000
34760.000000,65529.000000,0.000000,-7.000000,0.000000,0.000000,0.000000
34770.000000,65529.000000,0.000000,-7.000000,0.000000,0.000000,0.000000
34780.000000,65529.000000,0.000000,-7.000000,0.000000,0.000000,0.000000
34790.000000,65529.000000,0.000000,-7.000000,0.000000,0.000000,0.000000
34800.000000,65529.000000,0.000000,-7.000000,0.000000,0.000000,0.000000
34810.000000,65529.000000,0.000000,-7.000000,0.000000,0.000000,0.000000
34820.000000,65529.000000,0.000000,-7.000000,0.000000,0.000000,0.000000
34830.000000,65529.000000,0.000000,-7.000000,0.000000,0.000000,0.000000
34840.000000,65529.000000,0.000000,-7.000000,0.000000,0.000000,0.000000
34850.000000,65529.000000,0.000000,-7.000000,0.000000,0.000000,0.000000
34860.000000,65529.000000,0.000000,-7.000000,0.000000,0.000000,0.000000
34870.000000,65529.000000,0.000000,-7.000000,0.000000,0.000000,0.000000
34880.000000,65529.000000,0.000000,-7.000000,0.000000,0.000000,0.000000
34890.000000,65529.000000,0.000000,-7.000000,0.000000,0.000000,0.000000
34900.000000,65529.000000,0.000000,-7.000000,0.000000,0.000000,0.000000
34910.000000,65529.000000,0.000000,-7.000000,0.000000,0.000000,0.000000
34920.000000,65529.000000,0.000000,-7.000000,0.000000,0.000000,0.000000
34930.000000,65529.000000,0.000000,-7.000000,0.000000,0.000000,0.000000
34940.000000,65529.000000,0.000000,-7.000000,0.000000,0.000000,0.000000
34950.000000,65529.000000,0.000000,-7.000000,0.000000,0.000000,0.000000
34960.000000,65529.000000,0.000000,-7.000000,0.000000,0.000000,0.000000
34970.000000,65529.000000,0.000000,-7.000000,0.000000,0.000000,0.000000
34980.000000,65529.000000,0.000000,-7.000000,0.000000,0.000000,0.000000
34990.000000,65529.000000,0.000000,-7.000000,0.000000,0.000000,0.000000
35000.000000,65529.000000,0.000000,-7.000000,0.000000,0.000000,0.000000
35010.000000,65529.000000,0.000000,-7.000000,0.000000,0.000000,0.000000
35020.000000,65529.000000,0.000000,-7.000000,0.000000,0.000000,0.000000
35030.000000,65529.000000,0.000000,-7.000000,0.000000,0.000000,0.000000
35040.000000,65529.000000,0.000000,-7.000000,0.000000,0.000000,0.000000
35050.000000,65529.000000,0.000000,-7.000000,0.000000,0.000000,0.000000
35060.000000,65529.000000,0.000000,-7.000000,0.000000,0.000000,0.000000
35070.000000,65529.000000,0.000000,-7.000000,0.000000,0.000000,0.000000
35080.000000,65529.000000,0.000000,-7.000000,0.000000,0.000000,0.000000
35090.000000,65529.000000,0.000000,-7.000000,0.000000,0.000000,0.000000
35100.000000,65529.000000,0.000000,-7.000000,0.000000,0.000000,0.000000
35110.000000,65529.000000,0.000000,-7.000000,0.000000,0.000000,0.000000
35120.000000,65529.000000,0.000000,-7.000000,0.000000,0.000000,0.000000
35130.000000,65529.000000,0.000000,-7.000000,0.000000,0.000000,0.000000
35140.000000,65529.000000,0.000000,-7.000000,0.000000,0.000000,0.000000
35150.000000,65529.000000,0.000000,-7.000000,0.000000,0.000000,0.000000
35160.000000,65529.000000,0.000000,-7.000000,0.000000,0.000000,0.000000
35170.000000,65529.000000,0.000000,-7.000000,0.000000,0.000000,0.000000
35180.000000,65529.000000,0.000000,-7.000000,0.000000,0.000000,0.000000
35190.000000,65529.000000,0.000000,-7.000000,0.000000,0.000000,0.000000
35200.000000,65529.000000,0.000000,-7.000000,0.000000,0.000000,0.000000
35210.000000,65529.000000,0.000000,-7.000000,0.000000,0.000000,0.000000
35220.000000,65529.000000,0.000000,-7.000000,0.000000,0.000000,0.000000
35230.000000,65529.000000,0.000000,-7.000000,0.000000,0.000000,0.000000
35240.000000,65529.000000,0.000000,-7.000000,0.000000,0.000000,0.000000
35250.000000,65529.000000,0.000000,-7.000000,0.000000,0.000000,0.000000
35260.000000,65529.000000,0.000000,-7.000000,0.000000,0.000000,0.000000
35270.000000,65529.000000,0.000000,-7.000000,0.000000,0.000000,0.000000
35280.000000,65529.000000,0.000000,-7.000000,0.000000,0.000000,0.000000
35290.000000,65529.000000,0.000000,-7.000000,0.000000,0.000000,0.000000
35300.000000,65529.000000,0.000000,-7.000000,0.000000,0.000000,0.000000
35310.000000,65529.000000,0.000000,-7.000000,0.000000,0.000000,0.000000
35320.000000,65529.000000,0.000000,-7.000000,0.000000,0.000000,0.000000
35330.000000,65529.000000,0.000000,-7.000000,0.000000,0.000000,0.000000
35340.000000,65529.000000,0.000000,-7.000000,0.000000,0.000000,0.000000
35350.000000,65529.000000,0.000000,-7.000000,0.000000,0.000000,0.000000
35360.000000,65529.000000,0.000000,-7.000000,0.000000,0.000000,0.000000
35370.000000,65529.000000,0.000000,-7.000000,0.000000,0.000000,0.000000
35380.000000,65529.000000,0.000000,-7.000000,0.000000,0.000000,0.000000
35390.000000,65529.000000,0.000000,-7.000000,0.000000,0.000000,0.000000
35400.000000,65529.000000,0.000000,-7.000000,0.000000,0.000000,0.000000
35410.000000,65529.000000,0.000000,-7.000000,0.000000,0.000000,0.000000
35420.000000,65529.000000,0.000000,-7.000000,0.000000,0.000000,0.000000
35430.000000,65529.000000,0.000000,-7.000000,0.000000,0.000000,0.000000
35440.000000,65529.000000,0.000000,-7.000000,0.000000,0.000000,0.000000
35450.000000,65529.000000,0.000000,-7.000000,0.000000,0.000000,0.000000
35460.000000,65529.000000,0.000000,-7.000000,0.000000,0.000000,0.000000
35470.000000,65529.000000,0.000000,-7.000000,0.000000,0.000000,0.000000
35480.000000,65529.000000,0.000000,-7.000000,0.000000,0.000000,0.000000
35490.000000,65529.000000,0.000000,-7.000000,0.000000,0.000000,0.000000
35500.000000,65529.000000,0.000000,-7.000000,0.000000,0.000000,0.000000
35510.000000,65529.000000,0.000000,-7.000000,0.000000,0.000000,0.000000
35520.000000,65529.000000,0.000000,-7.000000,0.000000,0.000000,0.000000
35530.000000,65529.000000,0.000000,-7.000000,0.000000,0.000000,0.000000
35540.000000,65529.000000,0.000000,-7.000000,0.000000,0.000000,0.000000
35550.000000,65529.000000,0.000000,-7.000000,0.000000,0.000000,0.000000
35560.000000,65529.000000,0.000000,-7.000000,0.000000,0.000000,0.000000
35570.000000,65529.000000,0.000000,-7.000000,0.000000,0.000000,0.000000
35580.000000,65529.000000,0.000000,-7.000000,0.000000,0.000000,0.000000
35590.000000,65529.000000,0.000000,-7.000000,0.000000,0.000000,0.000000
35600.000000,65529.000000,0.000000,-7.000000,0.000000,0.000000,0.000000
35610.000000,65529.000000,0.000000,-7.000000,0.000000,0.000000,0.000000
35620.000000,65529.000000,0.000000,-7.000000,0.000000,0.000000,0.000000
35630.000000,65529.000000,0.000000,-7.000000,0.000000,0.000000,0.000000
35640.000000,65529.000000,0.000000,-7.000000,0.000000,0.000000,0.000000
35650.000000,65529.000000,0.000000,-7.000000,0.000000,0.000000,0.000000
35660.000000,65529.000000,0.000000,-7.000000,0.000000,0.000000,0.000000
35670.000000,65529.000000,0.000000,-7.000000,0.000000,0.000000,0.000000
35680.000000,65529.000000,0.000000,-7.000000,0.000000,0.000000,0.000000
35690.000000,65529.000000,0.000000,-7.000000,0.000000,0.000000,0.000000
35700.000000,65529.000000,0.000000,-7.000000,0.000000,0.000000,0.000000
35710.000000,65529.000000,0.000000,-7.000000,0.000000,0.000000,0.000000
35720.000000,65529.000000,0.000000,-7.000000,0.000000,0.000000,0.000000
35730.000000,65529.000000,0.000000,-7.000000,0.000000,0.000000,0.000000
35740.000000,65529.000000,0.000000,-7.000000,0.000000,0.000000,0.000000
35750.000000,65529.000000,0.000000,-7.000000,0.000000,0.000000,0.000000
35760.000000,65529.000000,0.000000,-7.000000,0.000000,0.000000,0.000000
35770.000000,65529.000000,0.000000,-7.000000,0.000000,0.000000,0.000000
35780.000000,65529.000000,0.000000,-7.000000,0.000000,0.000000,0.000000
35790.000000,65529.000000,0.000000,-7.000000,0.000000,0.000000,0.000000
35800.000000,65529.000000,0.000000,-7.000000,0.000000,0.000000,0.000000
35810.000000,65529.000000,0.000000,-7.000000,0.000000,0.000000,0.000000
35820.000000,65529.000000,0.000000,-7.000000,0.000000,0.000000,0.000000
35830.000000,65529.000000,0.000000,-7.000000,0.000000,0.000000,0.000000
35840.000000,65529.000000,0.000000,-7.000000,0.000000,0.000000,0.000000
35850.000000,65529.000000,0.000000,-7.000000,0.000000,0.000000,0.000000
35860.000000,65529.000000,0.000000,-7.000000,0.000000,0.000000,0.000000
35870.000000,65529.000000,0.000000,-7.000000,0.000000,0.000000,0.000000
35880.000000,65529.000000,0.000000,-7.000000,0.000000,0.000000,0.000000
35890.000000,65529.000000,0.000000,-7.000000,0.000000,0.000000,0.000000
35900.000000,65529.000000,0.000000,-7.000000,0.000000,0.000000,0.000000
35910.000000,65529.000000,0.000000,-7.000000,0.000000,0.000000,0.000000
35920.000000,65529.000000,0.000000,-7.000000,0.000000,0.000000,0.000000
35930.000000,65529.000000,0.000000,-7.000000,0.000000,0.000000,0.000000
35940.000000,65529.000000,0.000000,-7.000000,0.000000,0.000000,0.000000
35950.000000,65529.000000,0.000000,-7.000000,0.000000,0.000000,0.000000
35960.000000,65529.000000,0.000000,-7.000000,0.000000,0.000000,0.000000
35970.000000,65529.000000,0.000000,-7.000000,0.000000,0.000000,0.000000
35980.000000,65529.000000,0.000000,-7.000000,0.000000,0.000000,0.000000
35990.000000,65529.000000,0.000000,-7.000000,0.000000,0.000000,0.000000
36000.000000,65529.000000,0.000000,-7.000000,0.000000,0.000000,0.000000
36010.000000,65529.000000,0.000000,-7.000000,0.000000,0.000000,0.000000
36020.000000,65529.000000,0.000000,-7.000000,0.000000,0.000000,0.000000
36030.000000,65529.000000,0.000000,-7.000000,0.000000,0.000000,0.000000
36040.000000,65529.000000,0.000000,-7.000000,0.000000,0.000000,0.000000
36050.000000,65529.000000,0.000000,-7.000000,0.000000,0.000000,0.000000
36060.000000,65529.000000,0.000000,-7.000000,0.000000,0.000000,0.000000
36070.000000,65529.000000,0.000000,-7.000000,0.000000,0.000000,0.000000
36080.000000,65529.000000,0.000000,-7.000000,0.000000,0.000000,0.000000
36090.000000,65529.000000,0.000000,-7.000000,0.000000,0.000000,0.000000
36100.000000,65529.000000,0.000000,-7.000000,0.000000,0.000000,0.000000
36110.000000,65529.000000,0.000000,-7.000000,0.000000,0.000000,0.000000
36120.000000,65529.000000,0.000000,-7.000000,0.000000,0.000000,0.000000
36130.000000,65529.000000,0.000000,-7.000000,0.000000,0.000000,0.000000
36140.000000,65529.000000,0.000000,-7.000000,0.000000,0.000000,0.000000
36150.000000,65529.000000,0.000000,-7.000000,0.000000,0.000000,0.000000
36160.000000,65529.000000,0.000000,-7.000000,0.000000,0.000000,0.000000
36170.000000,65529.000000,0.000000,-7.000000,0.000000,0.000000,0.000000
36180.000000,65529.000000,0.000000,-7.000000,0.000000,0.000000,0.000000
36190.000000,65529.000000,0.000000,-7.000000,0.000000,0.000000,0.000000
36200.000000,65529.000000,0.000000,-7.000000,0.000000,0.000000,0.000000
36210.000000,65529.000000,0.000000,-7.000000,0.000000,0.000000,0.000000
36220.000000,65529.000000,0.000000,-7.000000,0.000000,0.000000,0.000000
36230.000000,65529.000000,0.000000,-7.000000,0.000000,0.000000,0.000000
36240.000000,65529.000000,0.000000,-7.000000,0.000000,0.000000,0.000000
36250.000000,65529.000000,0.000000,-7.000000,0.000000,0.000000,0.000000
36260.000000,65529.000000,0.000000,-7.000000,0.000000,0.000000,0.000000
36270.000000,65529.000000,0.000000,-7.000000,0.000000,0.000000,0.000000
36280.000000,65529.000000,0.000000,-7.000000,0.000000,0.000000,0.000000
36290.000000,65529.000000,0.000000,-7.000000,0.000000,0.000000,0.000000
36300.000000,65529.000000,0.000000,-7.000000,0.000000,0.000000,0.000000
36310.000000,65529.000000,0.000000,-7.000000,0.000000,0.000000,0.000000
36320.000000,65529.000000,0.000000,-7.000000,0.000000,0.000000,0.000000
36330.000000,65529.000000,0.000000,-7.000000,0.000000,0.000000,0.000000
36340.000000,65529.000000,0.000000,-7.000000,0.000000,0.000000,0.000000
36350.000000,65529.000000,0.000000,-7.000000,0.000000,0.000000,0.000000
36360.000000,65529.000000,0.000000,-7.000000,0.000000,0.000000,0.000000
36370.000000,65529.000000,0.000000,-7.000000,0.000000,0.000000,0.000000
36380.000000,65529.000000,0.000000,-7.000000,0.000000,0.000000,0.000000
36390.000000,65529.000000,0.000000,-7.000000,0.000000,0.000000,0.000000
36400.000000,65529.000000,0.000000,-7.000000,0.000000,0.000000,0.000000
36410.000000,65529.000000,0.000000,-7.000000,0.000000,0.000000,0.000000
36420.000000,65529.000000,0.000000,-7.000000,0.000000,0.000000,0.000000
36430.000000,65529.000000,0.000000,-7.000000,0.000000,0.000000,0.000000
36440.000000,65529.000000,0.000000,-7.000000,0.000000,0.000000,0.000000
36450.000000,65529.000000,0.000000,-7.000000,0.000000,0.000000,0.000000
36460.000000,65529.000000,0.000000,-7.000000,0.000000,0.000000,0.000000
36470.000000,65529.000000,0.000000,-7.000000,0.000000,0.000000,0.000000
36480.000000,65529.000000,0.000000,-7.000000,0.000000,0.000000,0.000000
36490.000000,65529.000000,0.000000,-7.000000,0.000000,0.000000,0.000000
36500.000000,65529.000000,0.000000,-7.000000,0.000000,0.000000,0.000000
36510.000000,65529.000000,0.000000,-7.000000,0.000000,0.000000,0.000000
36520.000000,65529.000000,0.000000,-7.000000,0.000000,0.000000,0.000000
36530.000000,65529.000000,0.000000,-7.000000,0.000000,0.000000,0.000000
36540.000000,65529.000000,0.000000,-7.000000,0.000000,0.000000,0.000000
36550.000000,65529.000000,0.000000,-7.000000,0.000000,0.000000,0.000000
36560.000000,65529.000000,0.000000,-7.000000,0.000000,0.000000,0.000000
36570.000000,65529.000000,0.000000,-7.000000,0.000000,0.000000,0.000000
36580.000000,65529.000000,0.000000,-7.000000,0.000000,0.000000,0.000000
36590.000000,65529.000000,0.000000,-7.000000,0.000000,0.000000,0.000000
36600.000000,65529.000000,0.000000,-7.000000,0.000000,0.000000,0.000000
36610.000000,65529.000000,0.000000,-7.000000,0.000000,0.000000,0.000000
36620.000000,65529.000000,0.000000,-7.000000,0.000000,0.000000,0.000000
36630.000000,65529.000000,0.000000,-7.000000,0.000000,0.000000,0.000000
36640.000000,65529.000000,0.000000,-7.000000,0.000000,0.000000,0.000000
36650.000000,65529.000000,0.000000,-7.000000,0.000000,0.000000,0.000000
36660.000000,65529.000000,0.000000,-7.000000,0.000000,0.000000,0.000000
36670.000000,65529.000000,0.000000,-7.000000,0.000000,0.000000,0.000000
36680.000000,65529.000000,0.000000,-7.000000,0.000000,0.000000,0.000000
36690.000000,65529.000000,0.000000,-7.000000,0.000000,0.000000,0.000000
36700.000000,65529.000000,0.000000,-7.000000,0.000000,0.000000,0.000000
36710.000000,65529.000000,0.000000,-7.000000,0.000000,0.000000,0.000000
36720.000000,65529.000000,0.000000,-7.000000,0.000000,0.000000,0.000000
36730.000000,65529.000000,0.000000,-7.000000,0.000000,0.000000,0.000000
36740.000000,65529.000000,0.000000,-7.000000,0.000000,0.000000,0.000000
36750.000000,65529.000000,0.000000,-7.000000,0.000000,0.000000,0.000000
36760.000000,65529.000000,0.000000,-7.000000,0.000000,0.000000,0.000000
36770.000000,65529.000000,0.000000,-7.000000,0.000000,0.000000,0.000000
36780.000000,65529.000000,0.000000,-7.000000,0.000000,0.000000,0.000000
36790.000000,65529.000000,0.000000,-7.000000,0.000000,0.000000,0.000000
36800.000000,65529.000000,0.000000,-7.000000,0.000000,0.000000,0.000000
36810.000000,65529.000000,0.000000,-7.000000,0.000000,0.000000,0.000000
36820.000000,65529.000000,0.000000,-7.000000,0.000000,0.000000,0.000000
36830.000000,65529.000000,0.000000,-7.000000,0.000000,0.000000,0.000000
36840.000000,65529.000000,0.000000,-7.000000,0.000000,0.000000,0.000000
36850.000000,65529.000000,0.000000,-7.000000,0.000000,0.000000,0.000000
36860.000000,65529.000000,0.000000,-7.000000,0.000000,0.000000,0.000000
36870.000000,65529.000000,0.000000,-7.000000,0.000000,0.000000,0.000000
36880.000000,65529.000000,0.000000,-7.000000,0.000000,0.000000,0.000000
36890.000000,65529.000000,0.000000,-7.000000,0.000000,0.000000,0.000000
36900.000000,65529.000000,0.000000,-7.000000,0.000000,0.000000,0.000000
36910.000000,65529.000000,0.000000,-7.000000,0.000000,0.000000,0.000000
36920.000000,65529.000000,0.000000,-7.000000,0.000000,0.000000,0.000000
36930.000000,65529.000000,0.000000,-7.000000,0.000000,0.000000,0.000000
36940.000000,65529.000000,0.000000,-7.000000,0.000000,0.000000,0.000000
36950.000000,65529.000000,0.000000,-7.000000,0.000000,0.000000,0.000000
36960.000000,65529.000000,0.000000,-7.000000,0.000000,0.000000,0.000000
36970.000000,65529.000000,0.000000,-7.000000,0.000000,0.000000,0.000000
36980.000000,65529.000000,0.000000,-7.000000,0.000000,0.000000,0.000000
36990.000000,65529.000000,0.000000,-7.000000,0.000000,0.000000,0.000000
37000.000000,65529.000000,0.000000,-7.000000,0.000000,0.000000,0.000000
37010.000000,65529.000000,0.000000,-7.000000,0.000000,0.000000,0.000000
37020.000000,65529.000000,0.000000,-7.000000,0.000000,0.000000,0.000000
37030.000000,65529.000000,0.000000,-7.000000,0.000000,0.000000,0.000000
37040.000000,65529.000000,0.000000,-7.000000,0.000000,0.000000,0.000000
37050.000000,65529.000000,0.000000,-7.000000,0.000000,0.000000,0.000000
37060.000000,65529.000000,0.000000,-7.000000,0.000000,0.000000,0.000000
37070.000000,65529.000000,0.000000,-7.000000,0.000000,0.000000,0.000000
37080.000000,65529.000000,0.000000,-7.000000,0.000000,0.000000,0.000000
37090.000000,65529.000000,0.000000,-7.000000,0.000000,0.000000,0.000000
37100.000000,65529.000000,0.000000,-7.000000,0.000000,0.000000,0.000000
37110.000000,65529.000000,0.000000,-7.000000,0.000000,0.000000,0.000000
37120.000000,65529.000000,0.000000,-7.000000,0.000000,0.000000,0.000000
37130.000000,65529.000000,0.000000,-7.000000,0.000000,0.000000,0.000000
37140.000000,65529.000000,0.000000,-7.000000,0.000000,0.000000,0.000000
37150.000000,65529.000000,0.000000,-7.000000,0.000000,0.000000,0.000000
37160.000000,65529.000000,0.000000,-7.000000,0.000000,0.000000,0.000000
37170.000000,65530.000000,1.000000,-6.000000,0.000000,0.000000,0.000000
37180.000000,65533.000000,3.000000,-3.000000,0.000000,0.000000,0.000000
37190.000000,65533.000000,0.000000,-3.000000,0.000000,0.000000,0.000000
37200.000000,1.000000,4.000000,1.000000,0.000000,0.000000,0.000000
37210.000000,1.000000,0.000000,1.000000,0.000000,0.000000,0.000000
37220.000000,6.000000,5.000000,6.000000,0.000000,0.000000,0.000000
37230.000000,10.000000,4.000000,10.000000,0.000000,0.000000,0.000000
37240.000000,5.000000,-5.000000,5.000000,0.000000,0.000000,0.000000
37250.000000,9.000000,4.000000,9.000000,0.000000,0.000000,0.000000
37260.000000,7.000000,0.000000,9.000000,0.000000,0.000000,0.000000
37270.000000,13.000000,4.000000,13.000000,0.000000,0.000000,0.000000
37280.000000,11.000000,-2.000000,11.000000,0.000000,0.000000,0.000000
37290.000000,15.000000,4.000000,15.000000,0.000000,0.000000,0.000000
37300.000000,13.000000,-2.000000,13.000000,0.000000,0.000000,0.000000
37310.000000,14.000000,1.000000,14.000000,0.000000,0.000000,0.000000
37320.000000,12.000000,-2.000000,12.000000,0.000000,0.000000,0.000000
37330.000000,12.000000,0.000000,12.000000,0.000000,0.000000,0.000000
37340.000000,10.000000,-2.000000,10.000000,0.000000,0.000000,0.000000
37350.000000,13.000000,3.000000,13.000000,0.000000,0.000000,0.000000
37360.000000,11.000000,-2.000000,11.000000,0.000000,0.000000,0.000000
37370.000000,14.000000,3.000000,14.000000,0.000000,0.000000,0.000000
37380.000000,12.000000,-2.000000,12.000000,0.000000,0.000000,0.000000
37390.000000,15.000000,3.000000,15.000000,0.000000,0.000000,0.000000
37400.000000,14.000000,-1.000000,14.000000,0.000000,0.000000,0.000000
37410.000000,16.000000,2.000000,16.000000,0.000000,0.000000,0.000000
37420.000000,15.000000,-1.000000,15.000000,0.000000,0.000000,0.000000
37430.000000,17.000000,2.000000,17.000000,0.000000,0.000000,0.000000
37440.000000,13.000000,-4.000000,13.000000,0.000000,0.000000,0.000000
37450.000000,16.000000,3.000000,16.000000,0.000000,0.000000,0.000000
37460.000000,12.000000,-4.000000,12.000000,0.000000,0.000000,0.000000
37470.000000,15.000000,3.000000,15.000000,0.000000,0.000000,0.000000
37480.000000,12.000000,-3.000000,12.000000,0.000000,0.000000,0.000000
37490.000000,14.000000,2.000000,14.000000,0.000000,0.000000,0.000000
37500.000000,13.000000,-1.000000,13.000000,0.000000,0.000000,0.000000
37510.000000,16.000000,3.000000,16.000000,0.000000,0.000000,0.000000
37520.000000,12.000000,-4.000000,12.000000,0.000000,0.000000,0.000000
37530.000000,15.000000,3.000000,15.000000,0.000000,0.000000,0.000000
37540.000000,13.000000,-2.000000,13.000000,0.000000,0.000000,0.000000
37550.000000,16.000000,3.000000,16.000000,0.000000,0.000000,0.000000
37560.000000,14.000000,-2.000000,14.000000,0.000000,0.000000,0.000000
37570.000000,16.000000,2.000000,16.000000,0.000000,0.000000,0.000000
37580.000000,14.000000,-2.000000,14.000000,0.000000,0.000000,0.000000
37590.000000,16.000000,2.000000,16.000000,0.000000,0.000000,0.000000
37600.000000,16.000000,0.000000,16.000000,0.000000,0.000000,0.000000
37610.000000,17.000000,1.000000,17.000000,0.000000,0.000000,0.000000
37620.000000,16.000000,-1.000000,16.000000,0.000000,0.000000,0.000000
37630.000000,18.000000,2.000000,18.000000,0.000000,0.000000,0.000000
37640.000000,15.000000,-3.000000,15.000000,0.000000,0.000000,0.000000
37650.000000,17.000000,2.000000,17.000000,0.000000,0.000000,0.000000
37660.000000,17.000000,0.000000,17.000000,0.000000,0.000000,0.000000
37670.000000,17.000000,0.000000,17.000000,0.000000,0.000000,0.000000
37680.000000,16.000000,-1.000000,16.000000,0.000000,0.000000,0.000000
37690.000000,17.000000,1.000000,17.000000,0.000000,0.000000,0.000000
37700.000000,14.000000,-3.000000,14.000000,0.000000,0.000000,0.000000
37710.000000,14.000000,0.000000,14.000000,0.000000,0.000000,0.000000
37720.000000,11.000000,-3.000000,11.000000,0.000000,0.000000,0.000000
37730.000000,13.000000,2.000000,13.000000,0.000000,0.000000,0.000000
37740.000000,12.000000,-1.000000,12.000000,0.000000,0.000000,0.000000
37750.000000,12.000000,0.000000,12.000000,0.000000,0.000000,0.000000
37760.000000,13.000000,1.000000,13.000000,0.000000,0.000000,0.000000
37770.000000,15.000000,2.000000,15.000000,0.000000,0.000000,0.000000
37780.000000,17.000000,2.000000,17.000000,0.000000,0.000000,0.000000
37790.000000,14.000000,-3.000000,14.000000,0.000000,0.000000,0.000000
37800.000000,17.000000,3.000000,17.000000,0.000000,0.000000,0.000000
37810.000000,14.000000,-3.000000,14.000000,0.000000,0.000000,0.000000
37820.000000,15.000000,1.000000,15.000000,0.000000,0.000000,0.000000
37830.000000,13.000000,-2.000000,13.000000,0.000000,0.000000,0.000000
37840.000000,14.000000,1.000000,14.000000,0.000000,0.000000,0.000000
37850.000000,13.000000,-1.000000,13.000000,0.000000,0.000000,0.000000
37860.000000,12.000000,-1.000000,12.000000,0.000000,0.000000,0.000000
37870.000000,9.000000,-3.000000,9.000000,0.000000,0.000000,0.000000
37880.000000,10.000000,1.000000,10.000000,0.000000,0.000000,0.000000
37890.000000,9.000000,-1.000000,9.000000,0.000000,0.000000,0.000000
37900.000000,10.000000,1.000000,10.000000,0.000000,0.000000,0.000000
37910.000000,7.000000,-3.000000,7.000000,0.000000,0.000000,0.000000
37920.000000,8.000000,1.000000,8.000000,0.000000,0.000000,0.000000
37930.000000,8.000000,0.000000,8.000000,0.000000,0.000000,0.000000
37940.000000,6.000000,-2.000000,6.000000,0.000000,0.000000,0.000000
37950.000000,6.000000,0.000000,6.000000,0.000000,0.000000,0.000000
37960.000000,4.000000,-2.000000,4.000000,0.000000,0.000000,0.000000
37970.000000,2.000000,-2.000000,2.000000,0.000000,0.000000,0.000000
37980.000000,65534.000000,-4.000000,-2.000000,0.000000,0.000000,0.000000
37990.000000,65534.000000,0.000000,-2.000000,0.000000,0.000000,0.000000
38000.000000,65532.000000,-2.000000,-4.000000,0.000000,0.000000,0.000000
38010.000000,65533.000000,1.000000,-3.000000,0.000000,0.000000,0.000000
38020.000000,65531.000000,-2.000000,-5.000000,0.000000,0.000000,0.000000
38030.000000,65529.000000,-2.000000,-7.000000,0.000000,0.000000,0.000000
38040.000000,65530.000000,1.000000,-6.000000,0.000000,0.000000,0.000000
38050.000000,65529.000000,-1.000000,-7.000000,0.000000,0.000000,0.000000
38060.000000,65530.000000,1.000000,-6.000000,0.000000,0.000000,0.000000
38070.000000,65529.000000,-1.000000,-7.000000,0.000000,0.000000,0.000000
38080.000000,65530.000000,1.000000,-6.000000,0.000000,0.000000,0.000000
38090.000000,65529.000000,-1.000000,-7.000000,0.000000,0.000000,0.000000
38100.000000,65530.000000,1.000000,-6.000000,0.000000,0.000000,0.000000
38110.000000,65529.000000,-1.000000,-7.000000,0.000000,0.000000,0.000000
38120.000000,65530.000000,1.000000,-6.000000,0.000000,0.000000,0.000000
38130.000000,65529.000000,-1.000000,-7.000000,0.000000,0.000000,0.000000
38140.000000,65530.000000,1.000000,-6.000000,0.000000,0.000000,0.000000
38150.000000,65529.000000,-1.000000,-7.000000,0.000000,0.000000,0.000000
38160.000000,65530.000000,1.000000,-6.000000,0.000000,0.000000,0.000000
38170.000000,65529.000000,-1.000000,-7.000000,0.000000,0.000000,0.000000
38180.000000,65530.000000,1.000000,-6.000000,0.000000,0.000000,0.000000
38190.000000,65529.000000,-1.000000,-7.000000,0.000000,0.000000,0.000000
38200.000000,65530.000000,1.000000,-6.000000,0.000000,0.000000,0.000000
38210.000000,65529.000000,-1.000000,-7.000000,0.000000,0.000000,0.000000
38220.000000,65530.000000,1.000000,-6.000000,0.000000,0.000000,0.000000
38230.000000,65529.000000,-1.000000,-7.000000,0.000000,0.000000,0.000000
38240.000000,65530.000000,1.000000,-6.000000,0.000000,0.000000,0.000000
38250.000000,65529.000000,-1.000000,-7.000000,0.000000,0.000000,0.000000
38260.000000,65530.000000,1.000000,-6.000000,0.000000,0.000000,0.000000
38270.000000,65529.000000,-1.000000,-7.000000,0.000000,0.000000,0.000000
38280.000000,65530.000000,1.000000,-6.000000,0.000000,0.000000,0.000000
38290.000000,65529.000000,-1.000000,-7.000000,0.000000,0.000000,0.000000
38300.000000,65530.000000,1.000000,-6.000000,0.000000,0.000000,0.000000
38310.000000,65529.000000,-1.000000,-7.000000,0.000000,0.000000,0.000000
38320.000000,65530.000000,1.000000,-6.000000,0.000000,0.000000,0.000000
38330.000000,65529.000000,-1.000000,-7.000000,0.000000,0.000000,0.000000
38340.000000,65530.000000,1.000000,-6.000000,0.000000,0.000000,0.000000
38350.000000,65529.000000,-1.000000,-7.000000,0.000000,0.000000,0.000000
38360.000000,65530.000000,1.000000,-6.000000,0.000000,0.000000,0.000000
38370.000000,65529.000000,-1.000000,-7.000000,0.000000,0.000000,0.000000
38380.000000,65530.000000,1.000000,-6.000000,0.000000,0.000000,0.000000
38390.000000,65529.000000,-1.000000,-7.000000,0.000000,0.000000,0.000000
38400.000000,65530.000000,1.000000,-6.000000,0.000000,0.000000,0.000000
38410.000000,65529.000000,-1.000000,-7.000000,0.000000,0.000000,0.000000
38420.000000,65530.000000,1.000000,-6.000000,0.000000,0.000000,0.000000
38430.000000,65529.000000,-1.000000,-7.000000,0.000000,0.000000,0.000000
38440.000000,65530.000000,1.000000,-6.000000,0.000000,0.000000,0.000000
38450.000000,65529.000000,-1.000000,-7.000000,0.000000,0.000000,0.000000
38460.000000,65530.000000,1.000000,-6.000000,0.000000,0.000000,0.000000
38470.000000,65529.000000,-1.000000,-7.000000,0.000000,0.000000,0.000000
38480.000000,65530.000000,1.000000,-6.000000,0.000000,0.000000,0.000000
38490.000000,65529.000000,-1.000000,-7.000000,0.000000,0.000000,0.000000
38500.000000,65530.000000,1.000000,-6.000000,0.000000,0.000000,0.000000
38510.000000,65529.000000,-1.000000,-7.000000,0.000000,0.000000,0.000000
38520.000000,65530.000000,1.000000,-6.000000,0.000000,0.000000,0.000000
38530.000000,65529.000000,-1.000000,-7.000000,0.000000,0.000000,0.000000
38540.000000,65530.000000,1.000000,-6.000000,0.000000,0.000000,0.000000
38550.000000,65529.000000,-1.000000,-7.000000,0.000000,0.000000,0.000000
38560.000000,65530.000000,1.000000,-6.000000,0.000000,0.000000,0.000000
38570.000000,65529.000000,-1.000000,-7.000000,0.000000,0.000000,0.000000
38580.000000,65530.000000,1.000000,-6.000000,0.000000,0.000000,0.000000
38590.000000,65529.000000,-1.000000,-7.000000,0.000000,0.000000,0.000000
38600.000000,65530.000000,1.000000,-6.000000,0.000000,0.000000,0.000000
38610.000000,65529.000000,-1.000000,-7.000000,0.000000,0.000000,0.000000
38620.000000,65530.000000,1.000000,-6.000000,0.000000,0.000000,0.000000
38630.000000,65529.000000,-1.000000,-7.000000,0.000000,0.000000,0.000000
38640.000000,65530.000000,1.000000,-6.000000,0.000000,0.000000,0.000000
38650.000000,65529.000000,-1.000000,-7.000000,0.000000,0.000000,0.000000
38660.000000,65529.000000,0.000000,-7.000000,0.000000,0.000000,0.000000
38670.000000,65529.000000,0.000000,-7.000000,0.000000,0.000000,0.000000
38680.000000,65529.000000,0.000000,-7.000000,0.000000,0.000000,0.000000
38690.000000,65529.000000,0.000000,-7.000000,0.000000,0.000000,0.000000
38700.000000,65529.000000,0.000000,-7.000000,0.000000,0.000000,0.000000
38710.000000,65529.000000,0.000000,-7.000000,0.000000,0.000000,0.000000
38720.000000,65529.000000,0.000000,-7.000000,0.000000,0.000000,0.000000
38730.000000,65529.000000,0.000000,-7.000000,0.000000,0.000000,0.000000
38740.000000,65529.000000,0.000000,-7.000000,0.000000,0.000000,0.000000
38750.000000,65529.000000,0.000000,-7.000000,0.000000,0.000000,0.000000
38760.000000,65529.000000,0.000000,-7.000000,0.000000,0.000000,0.000000
38770.000000,65529.000000,0.000000,-7.000000,0.000000,0.000000,0.000000
38780.000000,65529.000000,0.000000,-7.000000,0.000000,0.000000,0.000000
38790.000000,65529.000000,0.000000,-7.000000,0.000000,0.000000,0.000000
38800.000000,65529.000000,0.000000,-7.000000,0.000000,0.000000,0.000000
38810.000000,65529.000000,0.000000,-7.000000,0.000000,0.000000,0.000000
38820.000000,65529.000000,0.000000,-7.000000,0.000000,0.000000,0.000000
38830.000000,65529.000000,0.000000,-7.000000,0.000000,0.000000,0.000000
38840.000000,65530.000000,1.000000,-6.000000,0.000000,0.000000,0.000000
38850.000000,65530.000000,0.000000,-6.000000,0.000000,0.000000,0.000000
38860.000000,65531.000000,1.000000,-5.000000,0.000000,0.000000,0.000000
38870.000000,65530.000000,-1.000000,-6.000000,0.000000,0.000000,0.000000
38880.000000,65531.000000,1.000000,-5.000000,0.000000,0.000000,0.000000
38890.000000,65530.000000,-1.000000,-6.000000,0.000000,0.000000,0.000000
38900.000000,65531.000000,1.000000,-5.000000,0.000000,0.000000,0.000000
38910.000000,65530.000000,-1.000000,-6.000000,0.000000,0.000000,0.000000
38920.000000,65531.000000,1.000000,-5.000000,0.000000,0.000000,0.000000
38930.000000,65530.000000,-1.000000,-6.000000,0.000000,0.000000,0.000000
38940.000000,65531.000000,1.000000,-5.000000,0.000000,0.000000,0.000000
38950.000000,65530.000000,-1.000000,-6.000000,0.000000,0.000000,0.000000
38960.000000,65531.000000,1.000000,-5.000000,0.000000,0.000000,0.000000
38970.000000,65530.000000,-1.000000,-6.000000,0.000000,0.000000,0.000000
38980.000000,65531.000000,1.000000,-5.000000,0.000000,0.000000,0.000000
38990.000000,65530.000000,-1.000000,-6.000000,0.000000,0.000000,0.000000
39000.000000,65531.000000,1.000000,-5.000000,0.000000,0.000000,0.000000
39010.000000,65530.000000,-1.000000,-6.000000,0.000000,0.000000,0.000000
39020.000000,65531.000000,1.000000,-5.000000,0.000000,0.000000,0.000000
39030.000000,65530.000000,-1.000000,-6.000000,0.000000,0.000000,0.000000
39040.000000,65531.000000,1.000000,-5.000000,0.000000,0.000000,0.000000
39050.000000,65530.000000,-1.000000,-6.000000,0.000000,0.000000,0.000000
39060.000000,65531.000000,1.000000,-5.000000,0.000000,0.000000,0.000000
39070.000000,65530.000000,-1.000000,-6.000000,0.000000,0.000000,0.000000
39080.000000,65531.000000,1.000000,-5.000000,0.000000,0.000000,0.000000
39090.000000,65530.000000,-1.000000,-6.000000,0.000000,0.000000,0.000000
39100.000000,65531.000000,1.000000,-5.000000,0.000000,0.000000,0.000000
39110.000000,65530.000000,-1.000000,-6.000000,0.000000,0.000000,0.000000
39120.000000,65530.000000,0.000000,-6.000000,0.000000,0.000000,0.000000
39130.000000,65530.000000,0.000000,-6.000000,0.000000,0.000000,0.000000
39140.000000,65530.000000,0.000000,-6.000000,0.000000,0.000000,0.000000
39150.000000,65530.000000,0.000000,-6.000000,0.000000,0.000000,0.000000
39160.000000,65530.000000,0.000000,-6.000000,0.000000,0.000000,0.000000
39170.000000,65530.000000,0.000000,-6.000000,0.000000,0.000000,0.000000
39180.000000,65530.000000,0.000000,-6.000000,0.000000,0.000000,0.000000
39190.000000,65530.000000,0.000000,-6.000000,0.000000,0.000000,0.000000
39200.000000,65530.000000,0.000000,-6.000000,0.000000,0.000000,0.000000
39210.000000,65530.000000,0.000000,-6.000000,0.000000,0.000000,0.000000
39220.000000,65530.000000,0.000000,-6.000000,0.000000,0.000000,0.000000
39230.000000,65530.000000,0.000000,-6.000000,0.000000,0.000000,0.000000
39240.000000,65530.000000,0.000000,-6.000000,0.000000,0.000000,0.000000
39250.000000,65530.000000,0.000000,-6.000000,0.000000,0.000000,0.000000
39260.000000,65530.000000,0.000000,-6.000000,0.000000,0.000000,0.000000
39270.000000,65530.000000,0.000000,-6.000000,0.000000,0.000000,0.000000
39280.000000,65530.000000,0.000000,-6.000000,0.000000,0.000000,0.000000
39290.000000,65530.000000,0.000000,-6.000000,0.000000,0.000000,0.000000
39300.000000,65530.000000,0.000000,-6.000000,0.000000,0.000000,0.000000
39310.000000,65530.000000,0.000000,-6.000000,0.000000,0.000000,0.000000
39320.000000,65530.000000,0.000000,-6.000000,0.000000,0.000000,0.000000
39330.000000,65530.000000,0.000000,-6.000000,0.000000,0.000000,0.000000
39340.000000,65531.000000,1.000000,-5.000000,0.000000,0.000000,0.000000
39350.000000,65530.000000,-1.000000,-6.000000,0.000000,0.000000,0.000000
39360.000000,65531.000000,1.000000,-5.000000,0.000000,0.000000,0.000000
39370.000000,65530.000000,-1.000000,-6.000000,0.000000,0.000000,0.000000
39380.000000,65531.000000,1.000000,-5.000000,0.000000,0.000000,0.000000
39390.000000,65530.000000,-1.000000,-6.000000,0.000000,0.000000,0.000000
39400.000000,65531.000000,1.000000,-5.000000,0.000000,0.000000,0.000000
39410.000000,65530.000000,-1.000000,-6.000000,0.000000,0.000000,0.000000
39420.000000,65531.000000,1.000000,-5.000000,0.000000,0.000000,0.000000
39430.000000,65530.000000,-1.000000,-6.000000,0.000000,0.000000,0.000000
39440.000000,65531.000000,1.000000,-5.000000,0.000000,0.000000,0.000000
39450.000000,65530.000000,-1.000000,-6.000000,0.000000,0.000000,0.000000
39460.000000,65531.000000,1.000000,-5.000000,0.000000,0.000000,0.000000
39470.000000,65530.000000,-1.000000,-6.000000,0.000000,0.000000,0.000000
39480.000000,65531.000000,1.000000,-5.000000,0.000000,0.000000,0.000000
39490.000000,65530.000000,-1.000000,-6.000000,0.000000,0.000000,0.000000
39500.000000,65531.000000,1.000000,-5.000000,0.000000,0.000000,0.000000
39510.000000,65530.000000,-1.000000,-6.000000,0.000000,0.000000,0.000000
39520.000000,65531.000000,1.000000,-5.000000,0.000000,0.000000,0.000000
39530.000000,65530.000000,-1.000000,-6.000000,0.000000,0.000000,0.000000
39540.000000,65531.000000,1.000000,-5.000000,0.000000,0.000000,0.000000
39550.000000,65530.000000,-1.000000,-6.000000,0.000000,0.000000,0.000000
39560.000000,65531.000000,1.000000,-5.000000,0.000000,0.000000,0.000000
39570.000000,65530.000000,-1.000000,-6.000000,0.000000,0.000000,0.000000
39580.000000,65530.000000,0.000000,-6.000000,0.000000,0.000000,0.000000
39590.000000,65530.000000,0.000000,-6.000000,0.000000,0.000000,0.000000
39600.000000,65530.000000,0.000000,-6.000000,0.000000,0.000000,0.000000
39610.000000,65530.000000,0.000000,-6.000000,0.000000,0.000000,0.000000
39620.000000,65530.000000,0.000000,-6.000000,0.000000,0.000000,0.000000
39630.000000,65530.000000,0.000000,-6.000000,0.000000,0.000000,0.000000
39640.000000,65530.000000,0.000000,-6.000000,0.000000,0.000000,0.000000
39650.000000,65530.000000,0.000000,-6.000000,0.000000,0.000000,0.000000
39660.000000,65530.000000,0.000000,-6.000000,0.000000,0.000000,0.000000
39670.000000,65530.000000,0.000000,-6.000000,0.000000,0.000000,0.000000
39680.000000,65530.000000,0.000000,-6.000000,0.000000,0.000000,0.000000
39690.000000,65530.000000,0.000000,-6.000000,0.000000,0.000000,0.000000
39700.000000,65530.000000,0.000000,-6.000000,0.000000,0.000000,0.000000
39710.000000,65530.000000,0.000000,-6.000000,0.000000,0.000000,0.000000
39720.000000,65530.000000,0.000000,-6.000000,0.000000,0.000000,0.000000
39730.000000,65530.000000,0.000000,-6.000000,0.000000,0.000000,0.000000
39740.000000,65530.000000,0.000000,-6.000000,0.000000,0.000000,0.000000
39750.000000,65530.000000,0.000000,-6.000000,0.000000,0.000000,0.000000
39760.000000,65530.000000,0.000000,-6.000000,0.000000,0.000000,0.000000
39770.000000,65530.000000,0.000000,-6.000000,0.000000,0.000000,0.000000
39780.000000,65530.000000,0.000000,-6.000000,0.000000,0.000000,0.000000
39790.000000,65530.000000,0.000000,-6.000000,0.000000,0.000000,0.000000
39800.000000,65530.000000,0.000000,-6.000000,0.000000,0.000000,0.000000
39810.000000,65530.000000,0.000000,-6.000000,0.000000,0.000000,0.000000
39820.000000,65530.000000,0.000000,-6.000000,0.000000,0.000000,0.000000
39830.000000,65530.000000,0.000000,-6.000000,0.000000,0.000000,0.000000
39840.000000,65530.000000,0.000000,-6.000000,0.000000,0.000000,0.000000
39850.000000,65530.000000,0.000000,-6.000000,0.000000,0.000000,0.000000
39860.000000,65531.000000,1.000000,-5.000000,0.000000,0.000000,0.000000
39870.000000,65530.000000,-1.000000,-6.000000,0.000000,0.000000,0.000000
39880.000000,65531.000000,1.000000,-5.000000,0.000000,0.000000,0.000000
39890.000000,65530.000000,-1.000000,-6.000000,0.000000,0.000000,0.000000
39900.000000,65531.000000,1.000000,-5.000000,0.000000,0.000000,0.000000
39910.000000,65530.000000,-1.000000,-6.000000,0.000000,0.000000,0.000000
39920.000000,65531.000000,1.000000,-5.000000,0.000000,0.000000,0.000000
39930.000000,65530.000000,-1.000000,-6.000000,0.000000,0.000000,0.000000
39940.000000,65531.000000,1.000000,-5.000000,0.000000,0.000000,0.000000
39950.000000,65530.000000,-1.000000,-6.000000,0.000000,0.000000,0.000000
39960.000000,65531.000000,1.000000,-5.000000,0.000000,0.000000,0.000000
39970.000000,65530.000000,-1.000000,-6.000000,0.000000,0.000000,0.000000
39980.000000,65531.000000,1.000000,-5.000000,0.000000,0.000000,0.000000
39990.000000,65530.000000,-1.000000,-6.000000,0.000000,0.000000,0.000000
40000.000000,65531.000000,1.000000,-5.000000,0.000000,0.000000,0.000000
40010.000000,65530.000000,-1.000000,-6.000000,0.000000,0.000000,0.000000
40020.000000,65531.000000,1.000000,-5.000000,0.000000,0.000000,0.000000
40030.000000,65530.000000,-1.000000,-6.000000,0.000000,0.000000,0.000000
40040.000000,65527.000000,-3.000000,-9.000000,0.000000,0.000000,0.000000
40050.000000,65527.000000,0.000000,-9.000000,0.000000,0.000000,0.000000
40060.000000,65527.000000,0.000000,-9.000000,0.000000,0.000000,0.000000
40070.000000,65527.000000,0.000000,-9.000000,0.000000,0.000000,0.000000
40080.000000,65527.000000,0.000000,-9.000000,0.000000,0.000000,0.000000
40090.000000,65527.000000,0.000000,-9.000000,0.000000,0.000000,0.000000
40100.000000,65527.000000,0.000000,-9.000000,0.000000,0.000000,0.000000
40110.000000,65527.000000,0.000000,-9.000000,0.000000,0.000000,0.000000
40120.000000,65527.000000,0.000000,-9.000000,0.000000,0.000000,0.000000
40130.000000,65527.000000,0.000000,-9.000000,0.000000,0.000000,0.000000
40140.000000,65527.000000,0.000000,-9.000000,0.000000,0.000000,0.000000
40150.000000,65527.000000,0.000000,-9.000000,0.000000,0.000000,0.000000
40160.000000,65527.000000,0.000000,-9.000000,0.000000,0.000000,0.000000
40170.000000,65527.000000,0.000000,-9.000000,0.000000,0.000000,0.000000
40180.000000,65527.000000,0.000000,-9.000000,0.000000,0.000000,0.000000
40190.000000,65527.000000,0.000000,-9.000000,0.000000,0.000000,0.000000
40200.000000,65527.000000,0.000000,-9.000000,0.000000,0.000000,0.000000
40210.000000,65527.000000,0.000000,-9.000000,0.000000,0.000000,0.000000
40220.000000,65527.000000,0.000000,-9.000000,0.000000,0.000000,0.000000
40230.000000,65527.000000,0.000000,-9.000000,0.000000,0.000000,0.000000
40240.000000,65527.000000,0.000000,-9.000000,0.000000,0.000000,0.000000
40250.000000,65527.000000,0.000000,-9.000000,0.000000,0.000000,0.000000
40260.000000,65527.000000,0.000000,-9.000000,0.000000,0.000000,0.000000
40270.000000,65527.000000,0.000000,-9.000000,0.000000,0.000000,0.000000
40280.000000,65527.000000,0.000000,-9.000000,0.000000,0.000000,0.000000
40290.000000,65527.000000,0.000000,-9.000000,0.000000,0.000000,0.000000
40300.000000,65527.000000,0.000000,-9.000000,0.000000,0.000000,0.000000
40310.000000,65527.000000,0.000000,-9.000000,0.000000,0.000000,0.000000
40320.000000,65528.000000,1.000000,-8.000000,0.000000,0.000000,0.000000
40330.000000,65527.000000,-1.000000,-9.000000,0.000000,0.000000,0.000000
40340.000000,65528.000000,1.000000,-8.000000,0.000000,0.000000,0.000000
40350.000000,65527.000000,-1.000000,-9.000000,0.000000,0.000000,0.000000
40360.000000,65528.000000,1.000000,-8.000000,0.000000,0.000000,0.000000
40370.000000,65527.000000,-1.000000,-9.000000,0.000000,0.000000,0.000000
40380.000000,65528.000000,1.000000,-8.000000,0.000000,0.000000,0.000000
40390.000000,65527.000000,-1.000000,-9.000000,0.000000,0.000000,0.000000
40400.000000,65528.000000,1.000000,-8.000000,0.000000,0.000000,0.000000
40410.000000,65527.000000,-1.000000,-9.000000,0.000000,0.000000,0.000000
40420.000000,65528.000000,1.000000,-8.000000,0.000000,0.000000,0.000000
40430.000000,65527.000000,-1.000000,-9.000000,0.000000,0.000000,0.000000
40440.000000,65528.000000,1.000000,-8.000000,0.000000,0.000000,0.000000
40450.000000,65527.000000,-1.000000,-9.000000,0.000000,0.000000,0.000000
40460.000000,65528.000000,1.000000,-8.000000,0.000000,0.000000,0.000000
40470.000000,65527.000000,-1.000000,-9.000000,0.000000,0.000000,0.000000
40480.000000,65528.000000,1.000000,-8.000000,0.000000,0.000000,0.000000
40490.000000,65527.000000,-1.000000,-9.000000,0.000000,0.000000,0.000000
40500.000000,65527.000000,0.000000,-9.000000,0.000000,0.000000,0.000000
40510.000000,65527.000000,0.000000,-9.000000,0.000000,0.000000,0.000000
40520.000000,65527.000000,0.000000,-9.000000,0.000000,0.000000,0.000000
40530.000000,65527.000000,0.000000,-9.000000,0.000000,0.000000,0.000000
40540.000000,65527.000000,0.000000,-9.000000,0.000000,0.000000,0.000000
40550.000000,65527.000000,0.000000,-9.000000,0.000000,0.000000,0.000000
40560.000000,65527.000000,0.000000,-9.000000,0.000000,0.000000,0.000000
40570.000000,65527.000000,0.000000,-9.000000,0.000000,0.000000,0.000000
40580.000000,65527.000000,0.000000,-9.000000,0.000000,0.000000,0.000000
40590.000000,65527.000000,0.000000,-9.000000,0.000000,0.000000,0.000000
40600.000000,65527.000000,0.000000,-9.000000,0.000000,0.000000,0.000000
40610.000000,65527.000000,0.000000,-9.000000,0.000000,0.000000,0.000000
40620.000000,65527.000000,0.000000,-9.000000,0.000000,0.000000,0.000000
40630.000000,65527.000000,0.000000,-9.000000,0.000000,0.000000,0.000000
40640.000000,65527.000000,0.000000,-9.000000,0.000000,0.000000,0.000000
40650.000000,65527.000000,0.000000,-9.000000,0.000000,0.000000,0.000000
40660.000000,65527.000000,0.000000,-9.000000,0.000000,0.000000,0.000000
40670.000000,65527.000000,0.000000,-9.000000,0.000000,0.000000,0.000000
40680.000000,65527.000000,0.000000,-9.000000,0.000000,0.000000,0.000000
40690.000000,65527.000000,0.000000,-9.000000,0.000000,0.000000,0.000000
40700.000000,65527.000000,0.000000,-9.000000,0.000000,0.000000,0.000000
40710.000000,65527.000000,0.000000,-9.000000,0.000000,0.000000,0.000000
40720.000000,65527.000000,0.000000,-9.000000,0.000000,0.000000,0.000000
40730.000000,65527.000000,0.000000,-9.000000,0.000000,0.000000,0.000000
40740.000000,65527.000000,0.000000,-9.000000,0.000000,0.000000,0.000000
40750.000000,65527.000000,0.000000,-9.000000,0.000000,0.000000,0.000000
40760.000000,65527.000000,0.000000,-9.000000,0.000000,0.000000,0.000000
40770.000000,65527.000000,0.000000,-9.000000,0.000000,0.000000,0.000000
40780.000000,65527.000000,0.000000,-9.000000,0.000000,0.000000,0.000000
40790.000000,65527.000000,0.000000,-9.000000,0.000000,0.000000,0.000000
40800.000000,65527.000000,0.000000,-9.000000,0.000000,0.000000,0.000000
40810.000000,65527.000000,0.000000,-9.000000,0.000000,0.000000,0.000000
40820.000000,65528.000000,1.000000,-8.000000,0.000000,0.000000,0.000000
40830.000000,65527.000000,-1.000000,-9.000000,0.000000,0.000000,0.000000
40840.000000,65528.000000,1.000000,-8.000000,0.000000,0.000000,0.000000
40850.000000,65527.000000,-1.000000,-9.000000,0.000000,0.000000,0.000000
40860.000000,65528.000000,1.000000,-8.000000,0.000000,0.000000,0.000000
40870.000000,65527.000000,-1.000000,-9.000000,0.000000,0.000000,0.000000
40880.000000,65528.000000,1.000000,-8.000000,0.000000,0.000000,0.000000
40890.000000,65527.000000,-1.000000,-9.000000,0.000000,0.000000,0.000000
40900.000000,65528.000000,1.000000,-8.000000,0.000000,0.000000,0.000000
40910.000000,65527.000000,-1.000000,-9.000000,0.000000,0.000000,0.000000
40920.000000,65528.000000,1.000000,-8.000000,0.000000,0.000000,0.000000
40930.000000,65527.000000,-1.000000,-9.000000,0.000000,0.000000,0.000000
40940.000000,65528.000000,1.000000,-8.000000,0.000000,0.000000,0.000000
40950.000000,65527.000000,-1.000000,-9.000000,0.000000,0.000000,0.000000
40960.000000,65527.000000,0.000000,-9.000000,0.000000,0.000000,0.000000
40970.000000,65525.000000,-2.000000,-11.000000,0.000000,0.000000,0.000000
40980.000000,65525.000000,0.000000,-11.000000,0.000000,0.000000,0.000000
40990.000000,65525.000000,0.000000,-11.000000,0.000000,0.000000,0.000000
41000.000000,65525.000000,0.000000,-11.000000,0.000000,0.000000,0.000000
41010.000000,65525.000000,0.000000,-11.000000,0.000000,0.000000,0.000000
41020.000000,65525.000000,0.000000,-11.000000,0.000000,0.000000,0.000000
41030.000000,65525.000000,0.000000,-11.000000,0.000000,0.000000,0.000000
41040.000000,65525.000000,0.000000,-11.000000,0.000000,0.000000,0.000000
41050.000000,65525.000000,0.000000,-11.000000,0.000000,0.000000,0.000000
41060.000000,65525.000000,0.000000,-11.000000,0.000000,0.000000,0.000000
41070.000000,65525.000000,0.000000,-11.000000,0.000000,0.000000,0.000000
41080.000000,65525.000000,0.000000,-11.000000,0.000000,0.000000,0.000000
41090.000000,65525.000000,0.000000,-11.000000,0.000000,0.000000,0.000000
41100.000000,65525.000000,0.000000,-11.000000,0.000000,0.000000,0.000000
41110.000000,65525.000000,0.000000,-11.000000,0.000000,0.000000,0.000000
41120.000000,65525.000000,0.000000,-11.000000,0.000000,0.000000,0.000000
41130.000000,65525.000000,0.000000,-11.000000,0.000000,0.000000,0.000000
41140.000000,65525.000000,0.000000,-11.000000,0.000000,0.000000,0.000000
41150.000000,65525.000000,0.000000,-11.000000,0.000000,0.000000,0.000000
41160.000000,65525.000000,0.000000,-11.000000,0.000000,0.000000,0.000000
41170.000000,65525.000000,0.000000,-11.000000,0.000000,0.000000,0.000000
41180.000000,65525.000000,0.000000,-11.000000,0.000000,0.000000,0.000000
41190.000000,65525.000000,0.000000,-11.000000,0.000000,0.000000,0.000000
41200.000000,65525.000000,0.000000,-11.000000,0.000000,0.000000,0.000000
41210.000000,65525.000000,0.000000,-11.000000,0.000000,0.000000,0.000000
41220.000000,65525.000000,0.000000,-11.000000,0.000000,0.000000,0.000000
41230.000000,65526.000000,1.000000,-10.000000,0.000000,0.000000,0.000000
41240.000000,65526.000000,0.000000,-10.000000,0.000000,0.000000,0.000000
41250.000000,65526.000000,0.000000,-10.000000,0.000000,0.000000,0.000000
41260.000000,65526.000000,0.000000,-10.000000,0.000000,0.000000,0.000000
41270.000000,65526.000000,0.000000,-10.000000,0.000000,0.000000,0.000000
41280.000000,65526.000000,0.000000,-10.000000,0.000000,0.000000,0.000000
41290.000000,65526.000000,0.000000,-10.000000,0.000000,0.000000,0.000000
41300.000000,65526.000000,0.000000,-10.000000,0.000000,0.000000,0.000000
41310.000000,65526.000000,0.000000,-10.000000,0.000000,0.000000,0.000000
41320.000000,65526.000000,0.000000,-10.000000,0.000000,0.000000,0.000000
41330.000000,65526.000000,0.000000,-10.000000,0.000000,0.000000,0.000000
41340.000000,65526.000000,0.000000,-10.000000,0.000000,0.000000,0.000000
41350.000000,65526.000000,0.000000,-10.000000,0.000000,0.000000,0.000000
41360.000000,65526.000000,0.000000,-10.000000,0.000000,0.000000,0.000000
41370.000000,65526.000000,0.000000,-10.000000,0.000000,0.000000,0.000000
41380.000000,65526.000000,0.000000,-10.000000,0.000000,0.000000,0.000000
41390.000000,65526.000000,0.000000,-10.000000,0.000000,0.000000,0.000000
41400.000000,65526.000000,0.000000,-10.000000,0.000000,0.000000,0.000000
41410.000000,65526.000000,0.000000,-10.000000,0.000000,0.000000,0.000000
41420.000000,65526.000000,0.000000,-10.000000,0.000000,0.000000,0.000000
41430.000000,65526.000000,0.000000,-10.000000,0.000000,0.000000,0.000000
41440.000000,65526.000000,0.000000,-10.000000,0.000000,0.000000,0.000000
41450.000000,65526.000000,0.000000,-10.000000,0.000000,0.000000,0.000000
41460.000000,65526.000000,0.000000,-10.000000,0.000000,0.000000,0.000000
41470.000000,65526.000000,0.000000,-10.000000,0.000000,0.000000,0.000000
41480.000000,65526.000000,0.000000,-10.000000,0.000000,0.000000,0.000000
41490.000000,65526.000000,0.000000,-10.000000,0.000000,0.000000,0.000000
41500.000000,65526.000000,0.000000,-10.000000,0.000000,0.000000,0.000000
41510.000000,65526.000000,0.000000,-10.000000,0.000000,0.000000,0.000000
41520.000000,65526.000000,0.000000,-10.000000,0.000000,0.000000,0.000000
41530.000000,65526.000000,0.000000,-10.000000,0.000000,0.000000,0.000000
41540.000000,65526.000000,0.000000,-10.000000,0.000000,0.000000,0.000000
41550.000000,65526.000000,0.000000,-10.000000,0.000000,0.000000,0.000000
41560.000000,65526.000000,0.000000,-10.000000,0.000000,0.000000,0.000000
41570.000000,65526.000000,0.000000,-10.000000,0.000000,0.000000,0.000000
41580.000000,65526.000000,0.000000,-10.000000,0.000000,0.000000,0.000000
41590.000000,65526.000000,0.000000,-10.000000,0.000000,0.000000,0.000000
41600.000000,65526.000000,0.000000,-10.000000,0.000000,0.000000,0.000000
41610.000000,65526.000000,0.000000,-10.000000,0.000000,0.000000,0.000000
41620.000000,65526.000000,0.000000,-10.000000,0.000000,0.000000,0.000000
41630.000000,65526.000000,0.000000,-10.000000,0.000000,0.000000,0.000000
41640.000000,65526.000000,0.000000,-10.000000,0.000000,0.000000,0.000000
41650.000000,65526.000000,0.000000,-10.000000,0.000000,0.000000,0.000000
41660.000000,65526.000000,0.000000,-10.000000,0.000000,0.000000,0.000000
41670.000000,65526.000000,0.000000,-10.000000,0.000000,0.000000,0.000000
41680.000000,65526.000000,0.000000,-10.000000,0.000000,0.000000,0.000000
41690.000000,65526.000000,0.000000,-10.000000,0.000000,0.000000,0.000000
41700.000000,65526.000000,0.000000,-10.000000,0.000000,0.000000,0.000000
41710.000000,65526.000000,0.000000,-10.000000,0.000000,0.000000,0.000000
41720.000000,65526.000000,0.000000,-10.000000,0.000000,0.000000,0.000000
41730.000000,65526.000000,0.000000,-10.000000,0.000000,0.000000,0.000000
41740.000000,65526.000000,0.000000,-10.000000,0.000000,0.000000,0.000000
41750.000000,65526.000000,0.000000,-10.000000,0.000000,0.000000,0.000000
41760.000000,65526.000000,0.000000,-10.000000,0.000000,0.000000,0.000000
41770.000000,65526.000000,0.000000,-10.000000,0.000000,0.000000,0.000000
41780.000000,65526.000000,0.000000,-10.000000,0.000000,0.000000,0.000000
41790.000000,65526.000000,0.000000,-10.000000,0.000000,0.000000,0.000000
41800.000000,65526.000000,0.000000,-10.000000,0.000000,0.000000,0.000000
41810.000000,65526.000000,0.000000,-10.000000,0.000000,0.000000,0.000000
41820.000000,65526.000000,0.000000,-10.000000,0.000000,0.000000,0.000000
41830.000000,65524.000000,-2.000000,-12.000000,0.000000,0.000000,0.000000
41840.000000,65524.000000,0.000000,-12.000000,0.000000,0.000000,0.000000
41850.000000,65524.000000,0.000000,-12.000000,0.000000,0.000000,0.000000
41860.000000,65524.000000,0.000000,-12.000000,0.000000,0.000000,0.000000
41870.000000,65524.000000,0.000000,-12.000000,0.000000,0.000000,0.000000
41880.000000,65524.000000,0.000000,-12.000000,0.000000,0.000000,0.000000
41890.000000,65524.000000,0.000000,-12.000000,0.000000,0.000000,0.000000
41900.000000,65524.000000,0.000000,-12.000000,0.000000,0.000000,0.000000
41910.000000,65524.000000,0.000000,-12.000000,0.000000,0.000000,0.000000
41920.000000,65524.000000,0.000000,-12.000000,0.000000,0.000000,0.000000
41930.000000,65524.000000,0.000000,-12.000000,0.000000,0.000000,0.000000
41940.000000,65524.000000,0.000000,-12.000000,0.000000,0.000000,0.000000
41950.000000,65524.000000,0.000000,-12.000000,0.000000,0.000000,0.000000
41960.000000,65524.000000,0.000000,-12.000000,0.000000,0.000000,0.000000
41970.000000,65524.000000,0.000000,-12.000000,0.000000,0.000000,0.000000
41980.000000,65524.000000,0.000000,-12.000000,0.000000,0.000000,0.000000
41990.000000,65524.000000,0.000000,-12.000000,0.000000,0.000000,0.000000
42000.000000,65524.000000,0.000000,-12.000000,0.000000,0.000000,0.000000
42010.000000,65524.000000,0.000000,-12.000000,0.000000,0.000000,0.000000
42020.000000,65524.000000,0.000000,-12.000000,0.000000,0.000000,0.000000
42030.000000,65524.000000,0.000000,-12.000000,0.000000,0.000000,0.000000
42040.000000,65524.000000,0.000000,-12.000000,0.000000,0.000000,0.000000
42050.000000,65524.000000,0.000000,-12.000000,0.000000,0.000000,0.000000
42060.000000,65524.000000,0.000000,-12.000000,0.000000,0.000000,0.000000
42070.000000,65524.000000,0.000000,-12.000000,0.000000,0.000000,0.000000
42080.000000,65524.000000,0.000000,-12.000000,0.000000,0.000000,0.000000
42090.000000,65524.000000,0.000000,-12.000000,0.000000,0.000000,0.000000
42100.000000,65524.000000,0.000000,-12.000000,0.000000,0.000000,0.000000
42110.000000,65524.000000,0.000000,-12.000000,0.000000,0.000000,0.000000
42120.000000,65524.000000,0.000000,-12.000000,0.000000,0.000000,0.000000
42130.000000,65524.000000,0.000000,-12.000000,0.000000,0.000000,0.000000
42140.000000,65524.000000,0.000000,-12.000000,0.000000,0.000000,0.000000
42150.000000,65524.000000,0.000000,-12.000000,0.000000,0.000000,0.000000
42160.000000,65524.000000,0.000000,-12.000000,0.000000,0.000000,0.000000
42170.000000,65524.000000,0.000000,-12.000000,0.000000,0.000000,0.000000
42180.000000,65524.000000,0.000000,-12.000000,0.000000,0.000000,0.000000
42190.000000,65524.000000,0.000000,-12.000000,0.000000,0.000000,0.000000
42200.000000,65524.000000,0.000000,-12.000000,0.000000,0.000000,0.000000
42210.000000,65524.000000,0.000000,-12.000000,0.000000,0.000000,0.000000
42220.000000,65524.000000,0.000000,-12.000000,0.000000,0.000000,0.000000
42230.000000,65524.000000,0.000000,-12.000000,0.000000,0.000000,0.000000
42240.000000,65524.000000,0.000000,-12.000000,0.000000,0.000000,0.000000
42250.000000,65524.000000,0.000000,-12.000000,0.000000,0.000000,0.000000
42260.000000,65524.000000,0.000000,-12.000000,0.000000,0.000000,0.000000
42270.000000,65524.000000,0.000000,-12.000000,0.000000,0.000000,0.000000
42280.000000,65524.000000,0.000000,-12.000000,0.000000,0.000000,0.000000
42290.000000,65524.000000,0.000000,-12.000000,0.000000,0.000000,0.000000
42300.000000,65524.000000,0.000000,-12.000000,0.000000,0.000000,0.000000
42310.000000,65524.000000,0.000000,-12.000000,0.000000,0.000000,0.000000
42320.000000,65524.000000,0.000000,-12.000000,0.000000,0.000000,0.000000
42330.000000,65524.000000,0.000000,-12.000000,0.000000,0.000000,0.000000
42340.000000,65524.000000,0.000000,-12.000000,0.000000,0.000000,0.000000
42350.000000,65524.000000,0.000000,-12.000000,0.000000,0.000000,0.000000
42360.000000,65524.000000,0.000000,-12.000000,0.000000,0.000000,0.000000
42370.000000,65524.000000,0.000000,-12.000000,0.000000,0.000000,0.000000
42380.000000,65524.000000,0.000000,-12.000000,0.000000,0.000000,0.000000
42390.000000,65524.000000,0.000000,-12.000000,0.000000,0.000000,0.000000
42400.000000,65524.000000,0.000000,-12.000000,0.000000,0.000000,0.000000
42410.000000,65524.000000,0.000000,-12.000000,0.000000,0.000000,0.000000
42420.000000,65524.000000,0.000000,-12.000000,0.000000,0.000000,0.000000
42430.000000,65524.000000,0.000000,-12.000000,0.000000,0.000000,0.000000
42440.000000,65524.000000,0.000000,-12.000000,0.000000,0.000000,0.000000
42450.000000,65524.000000,0.000000,-12.000000,0.000000,0.000000,0.000000
42460.000000,65524.000000,0.000000,-12.000000,0.000000,0.000000,0.000000
42470.000000,65524.000000,0.000000,-12.000000,0.000000,0.000000,0.000000
42480.000000,65524.000000,0.000000,-12.000000,0.000000,0.000000,0.000000
42490.000000,65524.000000,0.000000,-12.000000,0.000000,0.000000,0.000000
42500.000000,65524.000000,0.000000,-12.000000,0.000000,0.000000,0.000000
42510.000000,65524.000000,0.000000,-12.000000,0.000000,0.000000,0.000000
42520.000000,65524.000000,0.000000,-12.000000,0.000000,0.000000,0.000000
42530.000000,65524.000000,0.000000,-12.000000,0.000000,0.000000,0.000000
42540.000000,65524.000000,0.000000,-12.000000,0.000000,0.000000,0.000000
42550.000000,65524.000000,0.000000,-12.000000,0.000000,0.000000,0.000000
42560.000000,65524.000000,0.000000,-12.000000,0.000000,0.000000,0.000000
42570.000000,65524.000000,0.000000,-12.000000,0.000000,0.000000,0.000000
42580.000000,65524.000000,0.000000,-12.000000,0.000000,0.000000,0.000000
42590.000000,65524.000000,0.000000,-12.000000,0.000000,0.000000,0.000000
42600.000000,65524.000000,0.000000,-12.000000,0.000000,0.000000,0.000000
42610.000000,65524.000000,0.000000,-12.000000,0.000000,0.000000,0.000000
42620.000000,65524.000000,0.000000,-12.000000,0.000000,0.000000,0.000000
42630.000000,65524.000000,0.000000,-12.000000,0.000000,0.000000,0.000000
42640.000000,65524.000000,0.000000,-12.000000,0.000000,0.000000,0.000000
42650.000000,65524.000000,0.000000,-12.000000,0.000000,0.000000,0.000000
42660.000000,65524.000000,0.000000,-12.000000,0.000000,0.000000,0.000000
42670.000000,65524.000000,0.000000,-12.000000,0.000000,0.000000,0.000000
42680.000000,65524.000000,0.000000,-12.000000,0.000000,0.000000,0.000000
42690.000000,65524.000000,0.000000,-12.000000,0.000000,0.000000,0.000000
42700.000000,65524.000000,0.000000,-12.000000,0.000000,0.000000,0.000000
42710.000000,65524.000000,0.000000,-12.000000,0.000000,0.000000,0.000000
42720.000000,65524.000000,0.000000,-12.000000,0.000000,0.000000,0.000000
42730.000000,65524.000000,0.000000,-12.000000,0.000000,0.000000,0.000000
42740.000000,65524.000000,0.000000,-12.000000,0.000000,0.000000,0.000000
42750.000000,65524.000000,0.000000,-12.000000,0.000000,0.000000,0.000000
42760.000000,65524.000000,0.000000,-12.000000,0.000000,0.000000,0.000000
42770.000000,65524.000000,0.000000,-12.000000,0.000000,0.000000,0.000000
42780.000000,65524.000000,0.000000,-12.000000,0.000000,0.000000,0.000000
42790.000000,65524.000000,0.000000,-12.000000,0.000000,0.000000,0.000000
42800.000000,65524.000000,0.000000,-12.000000,0.000000,0.000000,0.000000
42810.000000,65524.000000,0.000000,-12.000000,0.000000,0.000000,0.000000
42820.000000,65524.000000,0.000000,-12.000000,0.000000,0.000000,0.000000
42830.000000,65524.000000,0.000000,-12.000000,0.000000,0.000000,0.000000
42840.000000,65524.000000,0.000000,-12.000000,0.000000,0.000000,0.000000
42850.000000,65524.000000,0.000000,-12.000000,0.000000,0.000000,0.000000
42860.000000,65524.000000,0.000000,-12.000000,0.000000,0.000000,0.000000
42870.000000,65524.000000,0.000000,-12.000000,0.000000,0.000000,0.000000
42880.000000,65524.000000,0.000000,-12.000000,0.000000,0.000000,0.000000
42890.000000,65524.000000,0.000000,-12.000000,0.000000,0.000000,0.000000
42900.000000,65524.000000,0.000000,-12.000000,0.000000,0.000000,0.000000
42910.000000,65524.000000,0.000000,-12.000000,0.000000,0.000000,0.000000
42920.000000,65524.000000,0.000000,-12.000000,0.000000,0.000000,0.000000
42930.000000,65524.000000,0.000000,-12.000000,0.000000,0.000000,0.000000
42940.000000,65524.000000,0.000000,-12.000000,0.000000,0.000000,0.000000
42950.000000,65524.000000,0.000000,-12.000000,0.000000,0.000000,0.000000
42960.000000,65524.000000,0.000000,-12.000000,0.000000,0.000000,0.000000
42970.000000,65524.000000,0.000000,-12.000000,0.000000,0.000000,0.000000
42980.000000,65524.000000,0.000000,-12.000000,0.000000,0.000000,0.000000
42990.000000,65524.000000,0.000000,-12.000000,0.000000,0.000000,0.000000
43000.000000,65524.000000,0.000000,-12.000000,0.000000,0.000000,0.000000
43010.000000,65524.000000,0.000000,-12.000000,0.000000,0.000000,0.000000
43020.000000,65524.000000,0.000000,-12.000000,0.000000,0.000000,0.000000
43030.000000,65524.000000,0.000000,-12.000000,0.000000,0.000000,0.000000
43040.000000,65524.000000,0.000000,-12.000000,0.000000,0.000000,0.000000
43050.000000,65524.000000,0.000000,-12.000000,0.000000,0.000000,0.000000
43060.000000,65524.000000,0.000000,-12.000000,0.000000,0.000000,0.000000
43070.000000,65524.000000,0.000000,-12.000000,0.000000,0.000000,0.000000
43080.000000,65524.000000,0.000000,-12.000000,0.000000,0.000000,0.000000
43090.000000,65524.000000,0.000000,-12.000000,0.000000,0.000000,0.000000
43100.000000,65524.000000,0.000000,-12.000000,0.000000,0.000000,0.000000
43110.000000,65524.000000,0.000000,-12.000000,0.000000,0.000000,0.000000
43120.000000,65524.000000,0.000000,-12.000000,0.000000,0.000000,0.000000
43130.000000,65524.000000,0.000000,-12.000000,0.000000,0.000000,0.000000
43140.000000,65524.000000,0.000000,-12.000000,0.000000,0.000000,0.000000
43150.000000,65524.000000,0.000000,-12.000000,0.000000,0.000000,0.000000
43160.000000,65524.000000,0.000000,-12.000000,0.000000,0.000000,0.000000
43170.000000,65524.000000,0.000000,-12.000000,0.000000,0.000000,0.000000
43180.000000,65524.000000,0.000000,-12.000000,0.000000,0.000000,0.000000
43190.000000,65524.000000,0.000000,-12.000000,0.000000,0.000000,0.000000
43200.000000,65524.000000,0.000000,-12.000000,0.000000,0.000000,0.000000
43210.000000,65524.000000,0.000000,-12.000000,0.000000,0.000000,0.000000
43220.000000,65524.000000,0.000000,-12.000000,0.000000,0.000000,0.000000
43230.000000,65524.000000,0.000000,-12.000000,0.000000,0.000000,0.000000
43240.000000,65524.000000,0.000000,-12.000000,0.000000,0.000000,0.000000
43250.000000,65524.000000,0.000000,-12.000000,0.000000,0.000000,0.000000
43260.000000,65524.000000,0.000000,-12.000000,0.000000,0.000000,0.000000
43270.000000,65524.000000,0.000000,-12.000000,0.000000,0.000000,0.000000
43280.000000,65524.000000,0.000000,-12.000000,0.000000,0.000000,0.000000
43290.000000,65524.000000,0.000000,-12.000000,0.000000,0.000000,0.000000
43300.000000,65524.000000,0.000000,-12.000000,0.000000,0.000000,0.000000
43310.000000,65524.000000,0.000000,-12.000000,0.000000,0.000000,0.000000
43320.000000,65524.000000,0.000000,-12.000000,0.000000,0.000000,0.000000
43330.000000,65524.000000,0.000000,-12.000000,0.000000,0.000000,0.000000
43340.000000,65524.000000,0.000000,-12.000000,0.000000,0.000000,0.000000
43350.000000,65524.000000,0.000000,-12.000000,0.000000,0.000000,0.000000
43360.000000,65524.000000,0.000000,-12.000000,0.000000,0.000000,0.000000
43370.000000,65524.000000,0.000000,-12.000000,0.000000,0.000000,0.000000
43380.000000,65524.000000,0.000000,-12.000000,0.000000,0.000000,0.000000
43390.000000,65524.000000,0.000000,-12.000000,0.000000,0.000000,0.000000
43400.000000,65524.000000,0.000000,-12.000000,0.000000,0.000000,0.000000
43410.000000,65524.000000,0.000000,-12.000000,0.000000,0.000000,0.000000
43420.000000,65524.000000,0.000000,-12.000000,0.000000,0.000000,0.000000
43430.000000,65524.000000,0.000000,-12.000000,0.000000,0.000000,0.000000
43440.000000,65524.000000,0.000000,-12.000000,0.000000,0.000000,0.000000
43450.000000,65524.000000,0.000000,-12.000000,0.000000,0.000000,0.000000
43460.000000,65524.000000,0.000000,-12.000000,0.000000,0.000000,0.000000
43470.000000,65524.000000,0.000000,-12.000000,0.000000,0.000000,0.000000
43480.000000,65524.000000,0.000000,-12.000000,0.000000,0.000000,0.000000
43490.000000,65524.000000,0.000000,-12.000000,0.000000,0.000000,0.000000
43500.000000,65524.000000,0.000000,-12.000000,0.000000,0.000000,0.000000
43510.000000,65524.000000,0.000000,-12.000000,0.000000,0.000000,0.000000
43520.000000,65524.000000,0.000000,-12.000000,0.000000,0.000000,0.000000
43530.000000,65524.000000,0.000000,-12.000000,0.000000,0.000000,0.000000
43540.000000,65524.000000,0.000000,-12.000000,0.000000,0.000000,0.000000
43550.000000,65524.000000,0.000000,-12.000000,0.000000,0.000000,0.000000
43560.000000,65524.000000,0.000000,-12.000000,0.000000,0.000000,0.000000
43570.000000,65524.000000,0.000000,-12.000000,0.000000,0.000000,0.000000
43580.000000,65524.000000,0.000000,-12.000000,0.000000,0.000000,0.000000
43590.000000,65524.000000,0.000000,-12.000000,0.000000,0.000000,0.000000
43600.000000,65524.000000,0.000000,-12.000000,0.000000,0.000000,0.000000
43610.000000,65524.000000,0.000000,-12.000000,0.000000,0.000000,0.000000
43620.000000,65524.000000,0.000000,-12.000000,0.000000,0.000000,0.000000
43630.000000,65524.000000,0.000000,-12.000000,0.000000,0.000000,0.000000
43640.000000,65524.000000,0.000000,-12.000000,0.000000,0.000000,0.000000
43650.000000,65524.000000,0.000000,-12.000000,0.000000,0.000000,0.000000
43660.000000,65524.000000,0.000000,-12.000000,0.000000,0.000000,0.000000
43670.000000,65524.000000,0.000000,-12.000000,0.000000,0.000000,0.000000
43680.000000,65524.000000,0.000000,-12.000000,0.000000,0.000000,0.000000
43690.000000,65524.000000,0.000000,-12.000000,0.000000,0.000000,0.000000
43700.000000,65524.000000,0.000000,-12.000000,0.000000,0.000000,0.000000
43710.000000,65524.000000,0.000000,-12.000000,0.000000,0.000000,0.000000
43720.000000,65524.000000,0.000000,-12.000000,0.000000,0.000000,0.000000
43730.000000,65524.000000,0.000000,-12.000000,0.000000,0.000000,0.000000
43740.000000,65524.000000,0.000000,-12.000000,0.000000,0.000000,0.000000
43750.000000,65524.000000,0.000000,-12.000000,0.000000,0.000000,0.000000
43760.000000,65524.000000,0.000000,-12.000000,0.000000,0.000000,0.000000
43770.000000,65524.000000,0.000000,-12.000000,0.000000,0.000000,0.000000
43780.000000,65522.000000,-2.000000,-14.000000,0.000000,0.000000,0.000000
43790.000000,65522.000000,0.000000,-14.000000,0.000000,0.000000,0.000000
43800.000000,65522.000000,0.000000,-14.000000,0.000000,0.000000,0.000000
43810.000000,65522.000000,0.000000,-14.000000,0.000000,0.000000,0.000000
43820.000000,65522.000000,0.000000,-14.000000,0.000000,0.000000,0.000000
43830.000000,65522.000000,0.000000,-14.000000,0.000000,0.000000,0.000000
43840.000000,65522.000000,0.000000,-14.000000,0.000000,0.000000,0.000000
43850.000000,65522.000000,0.000000,-14.000000,0.000000,0.000000,0.000000
43860.000000,65522.000000,0.000000,-14.000000,0.000000,0.000000,0.000000
43870.000000,65522.000000,0.000000,-14.000000,0.000000,0.000000,0.000000
43880.000000,65522.000000,0.000000,-14.000000,0.000000,0.000000,0.000000
43890.000000,65522.000000,0.000000,-14.000000,0.000000,0.000000,0.000000
43900.000000,65522.000000,0.000000,-14.000000,0.000000,0.000000,0.000000
43910.000000,65522.000000,0.000000,-14.000000,0.000000,0.000000,0.000000
43920.000000,65522.000000,0.000000,-14.000000,0.000000,0.000000,0.000000
43930.000000,65522.000000,0.000000,-14.000000,0.000000,0.000000,0.000000
43940.000000,65522.000000,0.000000,-14.000000,0.000000,0.000000,0.000000
43950.000000,65522.000000,0.000000,-14.000000,0.000000,0.000000,0.000000
43960.000000,65522.000000,0.000000,-14.000000,0.000000,0.000000,0.000000
43970.000000,65522.000000,0.000000,-14.000000,0.000000,0.000000,0.000000
43980.000000,65522.000000,0.000000,-14.000000,0.000000,0.000000,0.000000
43990.000000,65522.000000,0.000000,-14.000000,0.000000,0.000000,0.000000
44000.000000,65522.000000,0.000000,-14.000000,0.000000,0.000000,0.000000
44010.000000,65522.000000,0.000000,-14.000000,0.000000,0.000000,0.000000
44020.000000,65522.000000,0.000000,-14.000000,0.000000,0.000000,0.000000
44030.000000,65522.000000,0.000000,-14.000000,0.000000,0.000000,0.000000
44040.000000,65522.000000,0.000000,-14.000000,0.000000,0.000000,0.000000
44050.000000,65522.000000,0.000000,-14.000000,0.000000,0.000000,0.000000
44060.000000,65522.000000,0.000000,-14.000000,0.000000,0.000000,0.000000
44070.000000,65523.000000,1.000000,-13.000000,0.000000,0.000000,0.000000
44080.000000,65523.000000,0.000000,-13.000000,0.000000,0.000000,0.000000
44090.000000,65523.000000,0.000000,-13.000000,0.000000,0.000000,0.000000
44100.000000,65523.000000,0.000000,-13.000000,0.000000,0.000000,0.000000
44110.000000,65523.000000,0.000000,-13.000000,0.000000,0.000000,0.000000
44120.000000,65523.000000,0.000000,-13.000000,0.000000,0.000000,0.000000
44130.000000,65523.000000,0.000000,-13.000000,0.000000,0.000000,0.000000
44140.000000,65523.000000,0.000000,-13.000000,0.000000,0.000000,0.000000
44150.000000,65523.000000,0.000000,-13.000000,0.000000,0.000000,0.000000
44160.000000,65523.000000,0.000000,-13.000000,0.000000,0.000000,0.000000
44170.000000,65523.000000,0.000000,-13.000000,0.000000,0.000000,0.000000
44180.000000,65523.000000,0.000000,-13.000000,0.000000,0.000000,0.000000
44190.000000,65523.000000,0.000000,-13.000000,0.000000,0.000000,0.000000
44200.000000,65523.000000,0.000000,-13.000000,0.000000,0.000000,0.000000
44210.000000,65523.000000,0.000000,-13.000000,0.000000,0.000000,0.000000
44220.000000,65523.000000,0.000000,-13.000000,0.000000,0.000000,0.000000
44230.000000,65523.000000,0.000000,-13.000000,0.000000,0.000000,0.000000
44240.000000,65523.000000,0.000000,-13.000000,0.000000,0.000000,0.000000
44250.000000,65523.000000,0.000000,-13.000000,0.000000,0.000000,0.000000
44260.000000,65523.000000,0.000000,-13.000000,0.000000,0.000000,0.000000
44270.000000,65523.000000,0.000000,-13.000000,0.000000,0.000000,0.000000
44280.000000,65523.000000,0.000000,-13.000000,0.000000,0.000000,0.000000
44290.000000,65523.000000,0.000000,-13.000000,0.000000,0.000000,0.000000
44300.000000,65523.000000,0.000000,-13.000000,0.000000,0.000000,0.000000
44310.000000,65523.000000,0.000000,-13.000000,0.000000,0.000000,0.000000
44320.000000,65523.000000,0.000000,-13.000000,0.000000,0.000000,0.000000
44330.000000,65523.000000,0.000000,-13.000000,0.000000,0.000000,0.000000
44340.000000,65523.000000,0.000000,-13.000000,0.000000,0.000000,0.000000
44350.000000,65523.000000,0.000000,-13.000000,0.000000,0.000000,0.000000
44360.000000,65523.000000,0.000000,-13.000000,0.000000,0.000000,0.000000
44370.000000,65523.000000,0.000000,-13.000000,0.000000,0.000000,0.000000
44380.000000,65523.000000,0.000000,-13.000000,0.000000,0.000000,0.000000
44390.000000,65523.000000,0.000000,-13.000000,0.000000,0.000000,0.000000
44400.000000,65523.000000,0.000000,-13.000000,0.000000,0.000000,0.000000
44410.000000,65523.000000,0.000000,-13.000000,0.000000,0.000000,0.000000
44420.000000,65523.000000,0.000000,-13.000000,0.000000,0.000000,0.000000
44430.000000,65523.000000,0.000000,-13.000000,0.000000,0.000000,0.000000
44440.000000,65523.000000,0.000000,-13.000000,0.000000,0.000000,0.000000
44450.000000,65523.000000,0.000000,-13.000000,0.000000,0.000000,0.000000
44460.000000,65523.000000,0.000000,-13.000000,0.000000,0.000000,0.000000
44470.000000,65523.000000,0.000000,-13.000000,0.000000,0.000000,0.000000
44480.000000,65523.000000,0.000000,-13.000000,0.000000,0.000000,0.000000
44490.000000,65523.000000,0.000000,-13.000000,0.000000,0.000000,0.000000
44500.000000,65523.000000,0.000000,-13.000000,0.000000,0.000000,0.000000
44510.000000,65523.000000,0.000000,-13.000000,0.000000,0.000000,0.000000
44520.000000,65523.000000,0.000000,-13.000000,0.000000,0.000000,0.000000
44530.000000,65523.000000,0.000000,-13.000000,0.000000,0.000000,0.000000
44540.000000,65523.000000,0.000000,-13.000000,0.000000,0.000000,0.000000
44550.000000,65524.000000,1.000000,-12.000000,0.000000,0.000000,0.000000
44560.000000,65524.000000,0.000000,-12.000000,0.000000,0.000000,0.000000
44570.000000,65524.000000,0.000000,-12.000000,0.000000,0.000000,0.000000
44580.000000,65524.000000,0.000000,-12.000000,0.000000,0.000000,0.000000
44590.000000,65524.000000,0.000000,-12.000000,0.000000,0.000000,0.000000
44600.000000,65524.000000,0.000000,-12.000000,0.000000,0.000000,0.000000
44610.000000,65524.000000,0.000000,-12.000000,0.000000,0.000000,0.000000
44620.000000,65524.000000,0.000000,-12.000000,0.000000,0.000000,0.000000
44630.000000,65524.000000,0.000000,-12.000000,0.000000,0.000000,0.000000
44640.000000,65524.000000,0.000000,-12.000000,0.000000,0.000000,0.000000
44650.000000,65524.000000,0.000000,-12.000000,0.000000,0.000000,0.000000
44660.000000,65524.000000,0.000000,-12.000000,0.000000,0.000000,0.000000
44670.000000,65524.000000,0.000000,-12.000000,0.000000,0.000000,0.000000
44680.000000,65524.000000,0.000000,-12.000000,0.000000,0.000000,0.000000
44690.000000,65524.000000,0.000000,-12.000000,0.000000,0.000000,0.000000
44700.000000,65524.000000,0.000000,-12.000000,0.000000,0.000000,0.000000
44710.000000,65524.000000,0.000000,-12.000000,0.000000,0.000000,0.000000
44720.000000,65524.000000,0.000000,-12.000000,0.000000,0.000000,0.000000
44730.000000,65524.000000,0.000000,-12.000000,0.000000,0.000000,0.000000
44740.000000,65524.000000,0.000000,-12.000000,0.000000,0.000000,0.000000
44750.000000,65524.000000,0.000000,-12.000000,0.000000,0.000000,0.000000
44760.000000,65524.000000,0.000000,-12.000000,0.000000,0.000000,0.000000
44770.000000,65524.000000,0.000000,-12.000000,0.000000,0.000000,0.000000
44780.000000,65524.000000,0.000000,-12.000000,0.000000,0.000000,0.000000
44790.000000,65524.000000,0.000000,-12.000000,0.000000,0.000000,0.000000
44800.000000,65524.000000,0.000000,-12.000000,0.000000,0.000000,0.000000
44810.000000,65524.000000,0.000000,-12.000000,0.000000,0.000000,0.000000
44820.000000,65524.000000,0.000000,-12.000000,0.000000,0.000000,0.000000
44830.000000,65524.000000,0.000000,-12.000000,0.000000,0.000000,0.000000
44840.000000,65524.000000,0.000000,-12.000000,0.000000,0.000000,0.000000
44850.000000,65524.000000,0.000000,-12.000000,0.000000,0.000000,0.000000
44860.000000,65524.000000,0.000000,-12.000000,0.000000,0.000000,0.000000
44870.000000,65524.000000,0.000000,-12.000000,0.000000,0.000000,0.000000
44880.000000,65524.000000,0.000000,-12.000000,0.000000,0.000000,0.000000
44890.000000,65524.000000,0.000000,-12.000000,0.000000,0.000000,0.000000
44900.000000,65524.000000,0.000000,-12.000000,0.000000,0.000000,0.000000
44910.000000,65524.000000,0.000000,-12.000000,0.000000,0.000000,0.000000
44920.000000,65524.000000,0.000000,-12.000000,0.000000,0.000000,0.000000
44930.000000,65524.000000,0.000000,-12.000000,0.000000,0.000000,0.000000
44940.000000,65524.000000,0.000000,-12.000000,0.000000,0.000000,0.000000
44950.000000,65524.000000,0.000000,-12.000000,0.000000,0.000000,0.000000
44960.000000,65524.000000,0.000000,-12.000000,0.000000,0.000000,0.000000
44970.000000,65524.000000,0.000000,-12.000000,0.000000,0.000000,0.000000
44980.000000,65524.000000,0.000000,-12.000000,0.000000,0.000000,0.000000
44990.000000,65524.000000,0.000000,-12.000000,0.000000,0.000000,0.000000
45000.000000,65524.000000,0.000000,-12.000000,0.000000,0.000000,0.000000
45010.000000,65524.000000,0.000000,-12.000000,0.000000,0.000000,0.000000
45020.000000,65524.000000,0.000000,-12.000000,0.000000,0.000000,0.000000
45030.000000,65525.000000,1.000000,-11.000000,0.000000,0.000000,0.000000
45040.000000,65525.000000,0.000000,-11.000000,0.000000,0.000000,0.000000
45050.000000,65525.000000,0.000000,-11.000000,0.000000,0.000000,0.000000
45060.000000,65525.000000,0.000000,-11.000000,0.000000,0.000000,0.000000
45070.000000,65525.000000,0.000000,-11.000000,0.000000,0.000000,0.000000
45080.000000,65525.000000,0.000000,-11.000000,0.000000,0.000000,0.000000
45090.000000,65525.000000,0.000000,-11.000000,0.000000,0.000000,0.000000
45100.000000,65525.000000,0.000000,-11.000000,0.000000,0.000000,0.000000
45110.000000,65525.000000,0.000000,-11.000000,0.000000,0.000000,0.000000
45120.000000,65525.000000,0.000000,-11.000000,0.000000,0.000000,0.000000
45130.000000,65525.000000,0.000000,-11.000000,0.000000,0.000000,0.000000
45140.000000,65525.000000,0.000000,-11.000000,0.000000,0.000000,0.000000
45150.000000,65525.000000,0.000000,-11.000000,0.000000,0.000000,0.000000
45160.000000,65525.000000,0.000000,-11.000000,0.000000,0.000000,0.000000
45170.000000,65525.000000,0.000000,-11.000000,0.000000,0.000000,0.000000
45180.000000,65525.000000,0.000000,-11.000000,0.000000,0.000000,0.000000
45190.000000,65525.000000,0.000000,-11.000000,0.000000,0.000000,0.000000
45200.000000,65525.000000,0.000000,-11.000000,0.000000,0.000000,0.000000
45210.000000,65525.000000,0.000000,-11.000000,0.000000,0.000000,0.000000
45220.000000,65525.000000,0.000000,-11.000000,0.000000,0.000000,0.000000
45230.000000,65525.000000,0.000000,-11.000000,0.000000,0.000000,0.000000
45240.000000,65525.000000,0.000000,-11.000000,0.000000,0.000000,0.000000
45250.000000,65525.000000,0.000000,-11.000000,0.000000,0.000000,0.000000
45260.000000,65525.000000,0.000000,-11.000000,0.000000,0.000000,0.000000
45270.000000,65525.000000,0.000000,-11.000000,0.000000,0.000000,0.000000
45280.000000,65525.000000,0.000000,-11.000000,0.000000,0.000000,0.000000
45290.000000,65525.000000,0.000000,-11.000000,0.000000,0.000000,0.000000
45300.000000,65525.000000,0.000000,-11.000000,0.000000,0.000000,0.000000
45310.000000,65525.000000,0.000000,-11.000000,0.000000,0.000000,0.000000
45320.000000,65525.000000,0.000000,-11.000000,0.000000,0.000000,0.000000
45330.000000,65525.000000,0.000000,-11.000000,0.000000,0.000000,0.000000
45340.000000,65525.000000,0.000000,-11.000000,0.000000,0.000000,0.000000
45350.000000,65525.000000,0.000000,-11.000000,0.000000,0.000000,0.000000
45360.000000,65525.000000,0.000000,-11.000000,0.000000,0.000000,0.000000
45370.000000,65525.000000,0.000000,-11.000000,0.000000,0.000000,0.000000
45380.000000,65525.000000,0.000000,-11.000000,0.000000,0.000000,0.000000
45390.000000,65525.000000,0.000000,-11.000000,0.000000,0.000000,0.000000
45400.000000,65525.000000,0.000000,-11.000000,0.000000,0.000000,0.000000
45410.000000,65525.000000,0.000000,-11.000000,0.000000,0.000000,0.000000
45420.000000,65525.000000,0.000000,-11.000000,0.000000,0.000000,0.000000
45430.000000,65525.000000,0.000000,-11.000000,0.000000,0.000000,0.000000
45440.000000,65525.000000,0.000000,-11.000000,0.000000,0.000000,0.000000
45450.000000,65525.000000,0.000000,-11.000000,0.000000,0.000000,0.000000
45460.000000,65525.000000,0.000000,-11.000000,0.000000,0.000000,0.000000
45470.000000,65525.000000,0.000000,-11.000000,0.000000,0.000000,0.000000
45480.000000,65525.000000,0.000000,-11.000000,0.000000,0.000000,0.000000
45490.000000,65525.000000,0.000000,-11.000000,0.000000,0.000000,0.000000
45500.000000,65525.000000,0.000000,-11.000000,0.000000,0.000000,0.000000
45510.000000,65525.000000,0.000000,-11.000000,0.000000,0.000000,0.000000
45520.000000,65525.000000,0.000000,-11.000000,0.000000,0.000000,0.000000
45530.000000,65525.000000,0.000000,-11.000000,0.000000,0.000000,0.000000
45540.000000,65525.000000,0.000000,-11.000000,0.000000,0.000000,0.000000
45550.000000,65525.000000,0.000000,-11.000000,0.000000,0.000000,0.000000
45560.000000,65525.000000,0.000000,-11.000000,0.000000,0.000000,0.000000
45570.000000,65525.000000,0.000000,-11.000000,0.000000,0.000000,0.000000
45580.000000,65525.000000,0.000000,-11.000000,0.000000,0.000000,0.000000
45590.000000,65525.000000,0.000000,-11.000000,0.000000,0.000000,0.000000
45600.000000,65525.000000,0.000000,-11.000000,0.000000,0.000000,0.000000
45610.000000,65525.000000,0.000000,-11.000000,0.000000,0.000000,0.000000
45620.000000,65525.000000,0.000000,-11.000000,0.000000,0.000000,0.000000
45630.000000,65525.000000,0.000000,-11.000000,0.000000,0.000000,0.000000
45640.000000,65525.000000,0.000000,-11.000000,0.000000,0.000000,0.000000
45650.000000,65525.000000,0.000000,-11.000000,0.000000,0.000000,0.000000
45660.000000,65525.000000,0.000000,-11.000000,0.000000,0.000000,0.000000
45670.000000,65525.000000,0.000000,-11.000000,0.000000,0.000000,0.000000
45680.000000,65525.000000,0.000000,-11.000000,0.000000,0.000000,0.000000
45690.000000,65525.000000,0.000000,-11.000000,0.000000,0.000000,0.000000
45700.000000,65525.000000,0.000000,-11.000000,0.000000,0.000000,0.000000
45710.000000,65525.000000,0.000000,-11.000000,0.000000,0.000000,0.000000
45720.000000,65525.000000,0.000000,-11.000000,0.000000,0.000000,0.000000
45730.000000,65525.000000,0.000000,-11.000000,0.000000,0.000000,0.000000
45740.000000,65525.000000,0.000000,-11.000000,0.000000,0.000000,0.000000
45750.000000,65525.000000,0.000000,-11.000000,0.000000,0.000000,0.000000
45760.000000,65525.000000,0.000000,-11.000000,0.000000,0.000000,0.000000
45770.000000,65525.000000,0.000000,-11.000000,0.000000,0.000000,0.000000
45780.000000,65525.000000,0.000000,-11.000000,0.000000,0.000000,0.000000
45790.000000,65525.000000,0.000000,-11.000000,0.000000,0.000000,0.000000
45800.000000,65525.000000,0.000000,-11.000000,0.000000,0.000000,0.000000
45810.000000,65525.000000,0.000000,-11.000000,0.000000,0.000000,0.000000
45820.000000,65525.000000,0.000000,-11.000000,0.000000,0.000000,0.000000
45830.000000,65525.000000,0.000000,-11.000000,0.000000,0.000000,0.000000
45840.000000,65525.000000,0.000000,-11.000000,0.000000,0.000000,0.000000
45850.000000,65525.000000,0.000000,-11.000000,0.000000,0.000000,0.000000
45860.000000,65525.000000,0.000000,-11.000000,0.000000,0.000000,0.000000
45870.000000,65525.000000,0.000000,-11.000000,0.000000,0.000000,0.000000
45880.000000,65525.000000,0.000000,-11.000000,0.000000,0.000000,0.000000
45890.000000,65525.000000,0.000000,-11.000000,0.000000,0.000000,0.000000
45900.000000,65525.000000,0.000000,-11.000000,0.000000,0.000000,0.000000
45910.000000,65525.000000,0.000000,-11.000000,0.000000,0.000000,0.000000
45920.000000,65525.000000,0.000000,-11.000000,0.000000,0.000000,0.000000
45930.000000,65525.000000,0.000000,-11.000000,0.000000,0.000000,0.000000
45940.000000,65525.000000,0.000000,-11.000000,0.000000,0.000000,0.000000
45950.000000,65525.000000,0.000000,-11.000000,0.000000,0.000000,0.000000
45960.000000,65525.000000,0.000000,-11.000000,0.000000,0.000000,0.000000
45970.000000,65525.000000,0.000000,-11.000000,0.000000,0.000000,0.000000
45980.000000,65525.000000,0.000000,-11.000000,0.000000,0.000000,0.000000
45990.000000,65525.000000,0.000000,-11.000000,0.000000,0.000000,0.000000
46000.000000,65525.000000,0.000000,-11.000000,0.000000,0.000000,0.000000
46010.000000,65525.000000,0.000000,-11.000000,0.000000,0.000000,0.000000
46020.000000,65525.000000,0.000000,-11.000000,0.000000,0.000000,0.000000
46030.000000,65525.000000,0.000000,-11.000000,0.000000,0.000000,0.000000
46040.000000,65525.000000,0.000000,-11.000000,0.000000,0.000000,0.000000
46050.000000,65525.000000,0.000000,-11.000000,0.000000,0.000000,0.000000
46060.000000,65525.000000,0.000000,-11.000000,0.000000,0.000000,0.000000
46070.000000,65525.000000,0.000000,-11.000000,0.000000,0.000000,0.000000
46080.000000,65525.000000,0.000000,-11.000000,0.000000,0.000000,0.000000
46090.000000,65525.000000,0.000000,-11.000000,0.000000,0.000000,0.000000
46100.000000,65525.000000,0.000000,-11.000000,0.000000,0.000000,0.000000
46110.000000,65525.000000,0.000000,-11.000000,0.000000,0.000000,0.000000
46120.000000,65525.000000,0.000000,-11.000000,0.000000,0.000000,0.000000
46130.000000,65525.000000,0.000000,-11.000000,0.000000,0.000000,0.000000
46140.000000,65525.000000,0.000000,-11.000000,0.000000,0.000000,0.000000
46150.000000,65525.000000,0.000000,-11.000000,0.000000,0.000000,0.000000
46160.000000,65525.000000,0.000000,-11.000000,0.000000,0.000000,0.000000
46170.000000,65525.000000,0.000000,-11.000000,0.000000,0.000000,0.000000
46180.000000,65525.000000,0.000000,-11.000000,0.000000,0.000000,0.000000
46190.000000,65525.000000,0.000000,-11.000000,0.000000,0.000000,0.000000
46200.000000,65525.000000,0.000000,-11.000000,0.000000,0.000000,0.000000
46210.000000,65525.000000,0.000000,-11.000000,0.000000,0.000000,0.000000
46220.000000,65525.000000,0.000000,-11.000000,0.000000,0.000000,0.000000
46230.000000,65525.000000,0.000000,-11.000000,0.000000,0.000000,0.000000
46240.000000,65525.000000,0.000000,-11.000000,0.000000,0.000000,0.000000
46250.000000,65525.000000,0.000000,-11.000000,0.000000,0.000000,0.000000
46260.000000,65525.000000,0.000000,-11.000000,0.000000,0.000000,0.000000
46270.000000,65525.000000,0.000000,-11.000000,0.000000,0.000000,0.000000
46280.000000,65525.000000,0.000000,-11.000000,0.000000,0.000000,0.000000
46290.000000,65525.000000,0.000000,-11.000000,0.000000,0.000000,0.000000
46300.000000,65525.000000,0.000000,-11.000000,0.000000,0.000000,0.000000
46310.000000,65525.000000,0.000000,-11.000000,0.000000,0.000000,0.000000
46320.000000,65525.000000,0.000000,-11.000000,0.000000,0.000000,0.000000
46330.000000,65525.000000,0.000000,-11.000000,0.000000,0.000000,0.000000
46340.000000,65525.000000,0.000000,-11.000000,0.000000,0.000000,0.000000
46350.000000,65525.000000,0.000000,-11.000000,0.000000,0.000000,0.000000
46360.000000,65525.000000,0.000000,-11.000000,0.000000,0.000000,0.000000
46370.000000,65525.000000,0.000000,-11.000000,0.000000,0.000000,0.000000
46380.000000,65525.000000,0.000000,-11.000000,0.000000,0.000000,0.000000
46390.000000,65525.000000,0.000000,-11.000000,0.000000,0.000000,0.000000
46400.000000,65525.000000,0.000000,-11.000000,0.000000,0.000000,0.000000
46410.000000,65525.000000,0.000000,-11.000000,0.000000,0.000000,0.000000
46420.000000,65525.000000,0.000000,-11.000000,0.000000,0.000000,0.000000
46430.000000,65525.000000,0.000000,-11.000000,0.000000,0.000000,0.000000
46440.000000,65525.000000,0.000000,-11.000000,0.000000,0.000000,0.000000
46450.000000,65525.000000,0.000000,-11.000000,0.000000,0.000000,0.000000
46460.000000,65525.000000,0.000000,-11.000000,0.000000,0.000000,0.000000
46470.000000,65527.000000,2.000000,-9.000000,0.000000,0.000000,0.000000
46480.000000,65527.000000,0.000000,-9.000000,0.000000,0.000000,0.000000
46490.000000,65527.000000,0.000000,-9.000000,0.000000,0.000000,0.000000
46500.000000,65527.000000,0.000000,-9.000000,0.000000,0.000000,0.000000
46510.000000,65527.000000,0.000000,-9.000000,0.000000,0.000000,0.000000
46520.000000,65527.000000,0.000000,-9.000000,0.000000,0.000000,0.000000
46530.000000,65527.000000,0.000000,-9.000000,0.000000,0.000000,0.000000
46540.000000,65527.000000,0.000000,-9.000000,0.000000,0.000000,0.000000
46550.000000,65527.000000,0.000000,-9.000000,0.000000,0.000000,0.000000
46560.000000,65527.000000,0.000000,-9.000000,0.000000,0.000000,0.000000
46570.000000,65527.000000,0.000000,-9.000000,0.000000,0.000000,0.000000
46580.000000,65527.000000,0.000000,-9.000000,0.000000,0.000000,0.000000
46590.000000,65527.000000,0.000000,-9.000000,0.000000,0.000000,0.000000
46600.000000,65527.000000,0.000000,-9.000000,0.000000,0.000000,0.000000
46610.000000,65527.000000,0.000000,-9.000000,0.000000,0.000000,0.000000
46620.000000,65527.000000,0.000000,-9.000000,0.000000,0.000000,0.000000
46630.000000,65527.000000,0.000000,-9.000000,0.000000,0.000000,0.000000
46640.000000,65527.000000,0.000000,-9.000000,0.000000,0.000000,0.000000
46650.000000,65525.000000,-2.000000,-11.000000,0.000000,0.000000,0.000000
46660.000000,65525.000000,0.000000,-11.000000,0.000000,0.000000,0.000000
46670.000000,65525.000000,0.000000,-11.000000,0.000000,0.000000,0.000000
46680.000000,65525.000000,0.000000,-11.000000,0.000000,0.000000,0.000000
46690.000000,65525.000000,0.000000,-11.000000,0.000000,0.000000,0.000000
46700.000000,65525.000000,0.000000,-11.000000,0.000000,0.000000,0.000000
46710.000000,65525.000000,0.000000,-11.000000,0.000000,0.000000,0.000000
46720.000000,65525.000000,0.000000,-11.000000,0.000000,0.000000,0.000000
46730.000000,65525.000000,0.000000,-11.000000,0.000000,0.000000,0.000000
46740.000000,65525.000000,0.000000,-11.000000,0.000000,0.000000,0.000000
46750.000000,65525.000000,0.000000,-11.000000,0.000000,0.000000,0.000000
46760.000000,65525.000000,0.000000,-11.000000,0.000000,0.000000,0.000000
46770.000000,65525.000000,0.000000,-11.000000,0.000000,0.000000,0.000000
46780.000000,65525.000000,0.000000,-11.000000,0.000000,0.000000,0.000000
46790.000000,65525.000000,0.000000,-11.000000,0.000000,0.000000,0.000000
46800.000000,65525.000000,0.000000,-11.000000,0.000000,0.000000,0.000000
46810.000000,65525.000000,0.000000,-11.000000,0.000000,0.000000,0.000000
46820.000000,65525.000000,0.000000,-11.000000,0.000000,0.000000,0.000000
46830.000000,65525.000000,0.000000,-11.000000,0.000000,0.000000,0.000000
46840.000000,65525.000000,0.000000,-11.000000,0.000000,0.000000,0.000000
46850.000000,65525.000000,0.000000,-11.000000,0.000000,0.000000,0.000000
46860.000000,65525.000000,0.000000,-11.000000,0.000000,0.000000,0.000000
46870.000000,65525.000000,0.000000,-11.000000,0.000000,0.000000,0.000000
46880.000000,65525.000000,0.000000,-11.000000,0.000000,0.000000,0.000000
46890.000000,65525.000000,0.000000,-11.000000,0.000000,0.000000,0.000000
46900.000000,65525.000000,0.000000,-11.000000,0.000000,0.000000,0.000000
46910.000000,65525.000000,0.000000,-11.000000,0.000000,0.000000,0.000000
46920.000000,65525.000000,0.000000,-11.000000,0.000000,0.000000,0.000000
46930.000000,65525.000000,0.000000,-11.000000,0.000000,0.000000,0.000000
46940.000000,65525.000000,0.000000,-11.000000,0.000000,0.000000,0.000000
46950.000000,65526.000000,1.000000,-10.000000,0.000000,0.000000,0.000000
46960.000000,65526.000000,0.000000,-10.000000,0.000000,0.000000,0.000000
46970.000000,65526.000000,0.000000,-10.000000,0.000000,0.000000,0.000000
46980.000000,65526.000000,0.000000,-10.000000,0.000000,0.000000,0.000000
46990.000000,65526.000000,0.000000,-10.000000,0.000000,0.000000,0.000000
47000.000000,65526.000000,0.000000,-10.000000,0.000000,0.000000,0.000000
47010.000000,65526.000000,0.000000,-10.000000,0.000000,0.000000,0.000000
47020.000000,65526.000000,0.000000,-10.000000,0.000000,0.000000,0.000000
47030.000000,65526.000000,0.000000,-10.000000,0.000000,0.000000,0.000000
47040.000000,65526.000000,0.000000,-10.000000,0.000000,0.000000,0.000000
47050.000000,65526.000000,0.000000,-10.000000,0.000000,0.000000,0.000000
47060.000000,65526.000000,0.000000,-10.000000,0.000000,0.000000,0.000000
47070.000000,65526.000000,0.000000,-10.000000,0.000000,0.000000,0.000000
47080.000000,65526.000000,0.000000,-10.000000,0.000000,0.000000,0.000000
47090.000000,65526.000000,0.000000,-10.000000,0.000000,0.000000,0.000000
47100.000000,65526.000000,0.000000,-10.000000,0.000000,0.000000,0.000000
47110.000000,65526.000000,0.000000,-10.000000,0.000000,0.000000,0.000000
47120.000000,65526.000000,0.000000,-10.000000,0.000000,0.000000,0.000000
47130.000000,65526.000000,0.000000,-10.000000,0.000000,0.000000,0.000000
47140.000000,65526.000000,0.000000,-10.000000,0.000000,0.000000,0.000000
47150.000000,65526.000000,0.000000,-10.000000,0.000000,0.000000,0.000000
47160.000000,65526.000000,0.000000,-10.000000,0.000000,0.000000,0.000000
47170.000000,65526.000000,0.000000,-10.000000,0.000000,0.000000,0.000000
47180.000000,65526.000000,0.000000,-10.000000,0.000000,0.000000,0.000000
47190.000000,65526.000000,0.000000,-10.000000,0.000000,0.000000,0.000000
47200.000000,65526.000000,0.000000,-10.000000,0.000000,0.000000,0.000000
47210.000000,65526.000000,0.000000,-10.000000,0.000000,0.000000,0.000000
47220.000000,65526.000000,0.000000,-10.000000,0.000000,0.000000,0.000000
47230.000000,65526.000000,0.000000,-10.000000,0.000000,0.000000,0.000000
47240.000000,65526.000000,0.000000,-10.000000,0.000000,0.000000,0.000000
47250.000000,65526.000000,0.000000,-10.000000,0.000000,0.000000,0.000000
47260.000000,65526.000000,0.000000,-10.000000,0.000000,0.000000,0.000000
47270.000000,65526.000000,0.000000,-10.000000,0.000000,0.000000,0.000000
47280.000000,65526.000000,0.000000,-10.000000,0.000000,0.000000,0.000000
47290.000000,65526.000000,0.000000,-10.000000,0.000000,0.000000,0.000000
47300.000000,65526.000000,0.000000,-10.000000,0.000000,0.000000,0.000000
47310.000000,65526.000000,0.000000,-10.000000,0.000000,0.000000,0.000000
47320.000000,65526.000000,0.000000,-10.000000,0.000000,0.000000,0.000000
47330.000000,65526.000000,0.000000,-10.000000,0.000000,0.000000,0.000000
47340.000000,65526.000000,0.000000,-10.000000,0.000000,0.000000,0.000000
47350.000000,65526.000000,0.000000,-10.000000,0.000000,0.000000,0.000000
47360.000000,65526.000000,0.000000,-10.000000,0.000000,0.000000,0.000000
47370.000000,65526.000000,0.000000,-10.000000,0.000000,0.000000,0.000000
47380.000000,65526.000000,0.000000,-10.000000,0.000000,0.000000,0.000000
47390.000000,65526.000000,0.000000,-10.000000,0.000000,0.000000,0.000000
47400.000000,65526.000000,0.000000,-10.000000,0.000000,0.000000,0.000000
47410.000000,65526.000000,0.000000,-10.000000,0.000000,0.000000,0.000000
47420.000000,65526.000000,0.000000,-10.000000,0.000000,0.000000,0.000000
47430.000000,65526.000000,0.000000,-10.000000,0.000000,0.000000,0.000000
47440.000000,65526.000000,0.000000,-10.000000,0.000000,0.000000,0.000000
47450.000000,65526.000000,0.000000,-10.000000,0.000000,0.000000,0.000000
47460.000000,65526.000000,0.000000,-10.000000,0.000000,0.000000,0.000000
47470.000000,65526.000000,0.000000,-10.000000,0.000000,0.000000,0.000000
47480.000000,65526.000000,0.000000,-10.000000,0.000000,0.000000,0.000000
47490.000000,65526.000000,0.000000,-10.000000,0.000000,0.000000,0.000000
47500.000000,65526.000000,0.000000,-10.000000,0.000000,0.000000,0.000000
47510.000000,65526.000000,0.000000,-10.000000,0.000000,0.000000,0.000000
47520.000000,65526.000000,0.000000,-10.000000,0.000000,0.000000,0.000000
47530.000000,65526.000000,0.000000,-10.000000,0.000000,0.000000,0.000000
47540.000000,65526.000000,0.000000,-10.000000,0.000000,0.000000,0.000000
47550.000000,65526.000000,0.000000,-10.000000,0.000000,0.000000,0.000000
47560.000000,65526.000000,0.000000,-10.000000,0.000000,0.000000,0.000000
47570.000000,65526.000000,0.000000,-10.000000,0.000000,0.000000,0.000000
47580.000000,65526.000000,0.000000,-10.000000,0.000000,0.000000,0.000000
47590.000000,65526.000000,0.000000,-10.000000,0.000000,0.000000,0.000000
47600.000000,65526.000000,0.000000,-10.000000,0.000000,0.000000,0.000000
47610.000000,65526.000000,0.000000,-10.000000,0.000000,0.000000,0.000000
47620.000000,65526.000000,0.000000,-10.000000,0.000000,0.000000,0.000000
47630.000000,65526.000000,0.000000,-10.000000,0.000000,0.000000,0.000000
47640.000000,65526.000000,0.000000,-10.000000,0.000000,0.000000,0.000000
47650.000000,65526.000000,0.000000,-10.000000,0.000000,0.000000,0.000000
47660.000000,65526.000000,0.000000,-10.000000,0.000000,0.000000,0.000000
47670.000000,65526.000000,0.000000,-10.000000,0.000000,0.000000,0.000000
47680.000000,65526.000000,0.000000,-10.000000,0.000000,0.000000,0.000000
47690.000000,65526.000000,0.000000,-10.000000,0.000000,0.000000,0.000000
47700.000000,65526.000000,0.000000,-10.000000,0.000000,0.000000,0.000000
47710.000000,65526.000000,0.000000,-10.000000,0.000000,0.000000,0.000000
47720.000000,65526.000000,0.000000,-10.000000,0.000000,0.000000,0.000000
47730.000000,65526.000000,0.000000,-10.000000,0.000000,0.000000,0.000000
47740.000000,65526.000000,0.000000,-10.000000,0.000000,0.000000,0.000000
47750.000000,65526.000000,0.000000,-10.000000,0.000000,0.000000,0.000000
47760.000000,65526.000000,0.000000,-10.000000,0.000000,0.000000,0.000000
47770.000000,65526.000000,0.000000,-10.000000,0.000000,0.000000,0.000000
47780.000000,65526.000000,0.000000,-10.000000,0.000000,0.000000,0.000000
47790.000000,65526.000000,0.000000,-10.000000,0.000000,0.000000,0.000000
47800.000000,65526.000000,0.000000,-10.000000,0.000000,0.000000,0.000000
47810.000000,65526.000000,0.000000,-10.000000,0.000000,0.000000,0.000000
47820.000000,65526.000000,0.000000,-10.000000,0.000000,0.000000,0.000000
47830.000000,65526.000000,0.000000,-10.000000,0.000000,0.000000,0.000000
47840.000000,65526.000000,0.000000,-10.000000,0.000000,0.000000,0.000000
47850.000000,65526.000000,0.000000,-10.000000,0.000000,0.000000,0.000000
47860.000000,65526.000000,0.000000,-10.000000,0.000000,0.000000,0.000000
47870.000000,65526.000000,0.000000,-10.000000,0.000000,0.000000,0.000000
47880.000000,65526.000000,0.000000,-10.000000,0.000000,0.000000,0.000000
47890.000000,65526.000000,0.000000,-10.000000,0.000000,0.000000,0.000000
47900.000000,65526.000000,0.000000,-10.000000,0.000000,0.000000,0.000000
47910.000000,65526.000000,0.000000,-10.000000,0.000000,0.000000,0.000000
47920.000000,65526.000000,0.000000,-10.000000,0.000000,0.000000,0.000000
47930.000000,65526.000000,0.000000,-10.000000,0.000000,0.000000,0.000000
47940.000000,65526.000000,0.000000,-10.000000,0.000000,0.000000,0.000000
47950.000000,65526.000000,0.000000,-10.000000,0.000000,0.000000,0.000000
47960.000000,65526.000000,0.000000,-10.000000,0.000000,0.000000,0.000000
47970.000000,65526.000000,0.000000,-10.000000,0.000000,0.000000,0.000000
47980.000000,65526.000000,0.000000,-10.000000,0.000000,0.000000,0.000000
47990.000000,65526.000000,0.000000,-10.000000,0.000000,0.000000,0.000000
48000.000000,65526.000000,0.000000,-10.000000,0.000000,0.000000,0.000000
48010.000000,65526.000000,0.000000,-10.000000,0.000000,0.000000,0.000000
48020.000000,65526.000000,0.000000,-10.000000,0.000000,0.000000,0.000000
48030.000000,65526.000000,0.000000,-10.000000,0.000000,0.000000,0.000000
48040.000000,65526.000000,0.000000,-10.000000,0.000000,0.000000,0.000000
48050.000000,65526.000000,0.000000,-10.000000,0.000000,0.000000,0.000000
48060.000000,65526.000000,0.000000,-10.000000,0.000000,0.000000,0.000000
48070.000000,65526.000000,0.000000,-10.000000,0.000000,0.000000,0.000000
48080.000000,65526.000000,0.000000,-10.000000,0.000000,0.000000,0.000000
48090.000000,65526.000000,0.000000,-10.000000,0.000000,0.000000,0.000000
48100.000000,65524.000000,-2.000000,-12.000000,0.000000,0.000000,0.000000
48110.000000,65524.000000,0.000000,-12.000000,0.000000,0.000000,0.000000
48120.000000,65524.000000,0.000000,-12.000000,0.000000,0.000000,0.000000
48130.000000,65524.000000,0.000000,-12.000000,0.000000,0.000000,0.000000
48140.000000,65524.000000,0.000000,-12.000000,0.000000,0.000000,0.000000
48150.000000,65524.000000,0.000000,-12.000000,0.000000,0.000000,0.000000
48160.000000,65524.000000,0.000000,-12.000000,0.000000,0.000000,0.000000
48170.000000,65524.000000,0.000000,-12.000000,0.000000,0.000000,0.000000
48180.000000,65524.000000,0.000000,-12.000000,0.000000,0.000000,0.000000
48190.000000,65524.000000,0.000000,-12.000000,0.000000,0.000000,0.000000
48200.000000,65524.000000,0.000000,-12.000000,0.000000,0.000000,0.000000
48210.000000,65524.000000,0.000000,-12.000000,0.000000,0.000000,0.000000
48220.000000,65524.000000,0.000000,-12.000000,0.000000,0.000000,0.000000
48230.000000,65524.000000,0.000000,-12.000000,0.000000,0.000000,0.000000
48240.000000,65524.000000,0.000000,-12.000000,0.000000,0.000000,0.000000
48250.000000,65524.000000,0.000000,-12.000000,0.000000,0.000000,0.000000
48260.000000,65524.000000,0.000000,-12.000000,0.000000,0.000000,0.000000
48270.000000,65524.000000,0.000000,-12.000000,0.000000,0.000000,0.000000
48280.000000,65524.000000,0.000000,-12.000000,0.000000,0.000000,0.000000
48290.000000,65524.000000,0.000000,-12.000000,0.000000,0.000000,0.000000
48300.000000,65524.000000,0.000000,-12.000000,0.000000,0.000000,0.000000
48310.000000,65524.000000,0.000000,-12.000000,0.000000,0.000000,0.000000
48320.000000,65524.000000,0.000000,-12.000000,0.000000,0.000000,0.000000
48330.000000,65524.000000,0.000000,-12.000000,0.000000,0.000000,0.000000
48340.000000,65524.000000,0.000000,-12.000000,0.000000,0.000000,0.000000
48350.000000,65524.000000,0.000000,-12.000000,0.000000,0.000000,0.000000
48360.000000,65524.000000,0.000000,-12.000000,0.000000,0.000000,0.000000
48370.000000,65524.000000,0.000000,-12.000000,0.000000,0.000000,0.000000
48380.000000,65524.000000,0.000000,-12.000000,0.000000,0.000000,0.000000
48390.000000,65524.000000,0.000000,-12.000000,0.000000,0.000000,0.000000
48400.000000,65524.000000,0.000000,-12.000000,0.000000,0.000000,0.000000
48410.000000,65525.000000,1.000000,-11.000000,0.000000,0.000000,0.000000
48420.000000,65525.000000,0.000000,-11.000000,0.000000,0.000000,0.000000
48430.000000,65525.000000,0.000000,-11.000000,0.000000,0.000000,0.000000
48440.000000,65525.000000,0.000000,-11.000000,0.000000,0.000000,0.000000
48450.000000,65525.000000,0.000000,-11.000000,0.000000,0.000000,0.000000
48460.000000,65525.000000,0.000000,-11.000000,0.000000,0.000000,0.000000
48470.000000,65525.000000,0.000000,-11.000000,0.000000,0.000000,0.000000
48480.000000,65525.000000,0.000000,-11.000000,0.000000,0.000000,0.000000
48490.000000,65525.000000,0.000000,-11.000000,0.000000,0.000000,0.000000
48500.000000,65525.000000,0.000000,-11.000000,0.000000,0.000000,0.000000
48510.000000,65525.000000,0.000000,-11.000000,0.000000,0.000000,0.000000
48520.000000,65525.000000,0.000000,-11.000000,0.000000,0.000000,0.000000
48530.000000,65525.000000,0.000000,-11.000000,0.000000,0.000000,0.000000
48540.000000,65525.000000,0.000000,-11.000000,0.000000,0.000000,0.000000
48550.000000,65525.000000,0.000000,-11.000000,0.000000,0.000000,0.000000
48560.000000,65525.000000,0.000000,-11.000000,0.000000,0.000000,0.000000
48570.000000,65525.000000,0.000000,-11.000000,0.000000,0.000000,0.000000
48580.000000,65525.000000,0.000000,-11.000000,0.000000,0.000000,0.000000
48590.000000,65525.000000,0.000000,-11.000000,0.000000,0.000000,0.000000
48600.000000,65525.000000,0.000000,-11.000000,0.000000,0.000000,0.000000
48610.000000,65525.000000,0.000000,-11.000000,0.000000,0.000000,0.000000
48620.000000,65525.000000,0.000000,-11.000000,0.000000,0.000000,0.000000
48630.000000,65525.000000,0.000000,-11.000000,0.000000,0.000000,0.000000
48640.000000,65525.000000,0.000000,-11.000000,0.000000,0.000000,0.000000
48650.000000,65525.000000,0.000000,-11.000000,0.000000,0.000000,0.000000
48660.000000,65525.000000,0.000000,-11.000000,0.000000,0.000000,0.000000
48670.000000,65525.000000,0.000000,-11.000000,0.000000,0.000000,0.000000
48680.000000,65525.000000,0.000000,-11.000000,0.000000,0.000000,0.000000
48690.000000,65525.000000,0.000000,-11.000000,0.000000,0.000000,0.000000
48700.000000,65525.000000,0.000000,-11.000000,0.000000,0.000000,0.000000
48710.000000,65525.000000,0.000000,-11.000000,0.000000,0.000000,0.000000
48720.000000,65525.000000,0.000000,-11.000000,0.000000,0.000000,0.000000
48730.000000,65525.000000,0.000000,-11.000000,0.000000,0.000000,0.000000
48740.000000,65525.000000,0.000000,-11.000000,0.000000,0.000000,0.000000
48750.000000,65525.000000,0.000000,-11.000000,0.000000,0.000000,0.000000
48760.000000,65525.000000,0.000000,-11.000000,0.000000,0.000000,0.000000
48770.000000,65525.000000,0.000000,-11.000000,0.000000,0.000000,0.000000
48780.000000,65525.000000,0.000000,-11.000000,0.000000,0.000000,0.000000
48790.000000,65525.000000,0.000000,-11.000000,0.000000,0.000000,0.000000
48800.000000,65525.000000,0.000000,-11.000000,0.000000,0.000000,0.000000
48810.000000,65525.000000,0.000000,-11.000000,0.000000,0.000000,0.000000
48820.000000,65525.000000,0.000000,-11.000000,0.000000,0.000000,0.000000
48830.000000,65525.000000,0.000000,-11.000000,0.000000,0.000000,0.000000
48840.000000,65525.000000,0.000000,-11.000000,0.000000,0.000000,0.000000
48850.000000,65525.000000,0.000000,-11.000000,0.000000,0.000000,0.000000
48860.000000,65525.000000,0.000000,-11.000000,0.000000,0.000000,0.000000
48870.000000,65525.000000,0.000000,-11.000000,0.000000,0.000000,0.000000
48880.000000,65525.000000,0.000000,-11.000000,0.000000,0.000000,0.000000
48890.000000,65525.000000,0.000000,-11.000000,0.000000,0.000000,0.000000
48900.000000,65525.000000,0.000000,-11.000000,0.000000,0.000000,0.000000
48910.000000,65525.000000,0.000000,-11.000000,0.000000,0.000000,0.000000
48920.000000,65525.000000,0.000000,-11.000000,0.000000,0.000000,0.000000
48930.000000,65525.000000,0.000000,-11.000000,0.000000,0.000000,0.000000
48940.000000,65525.000000,0.000000,-11.000000,0.000000,0.000000,0.000000
48950.000000,65525.000000,0.000000,-11.000000,0.000000,0.000000,0.000000
48960.000000,65525.000000,0.000000,-11.000000,0.000000,0.000000,0.000000
48970.000000,65525.000000,0.000000,-11.000000,0.000000,0.000000,0.000000
48980.000000,65525.000000,0.000000,-11.000000,0.000000,0.000000,0.000000
48990.000000,65525.000000,0.000000,-11.000000,0.000000,0.000000,0.000000
49000.000000,65525.000000,0.000000,-11.000000,0.000000,0.000000,0.000000
49010.000000,65525.000000,0.000000,-11.000000,0.000000,0.000000,0.000000
49020.000000,65525.000000,0.000000,-11.000000,0.000000,0.000000,0.000000
49030.000000,65525.000000,0.000000,-11.000000,0.000000,0.000000,0.000000
49040.000000,65525.000000,0.000000,-11.000000,0.000000,0.000000,0.000000
49050.000000,65525.000000,0.000000,-11.000000,0.000000,0.000000,0.000000
49060.000000,65525.000000,0.000000,-11.000000,0.000000,0.000000,0.000000
49070.000000,65525.000000,0.000000,-11.000000,0.000000,0.000000,0.000000
49080.000000,65525.000000,0.000000,-11.000000,0.000000,0.000000,0.000000
49090.000000,65525.000000,0.000000,-11.000000,0.000000,0.000000,0.000000
49100.000000,65525.000000,0.000000,-11.000000,0.000000,0.000000,0.000000
49110.000000,65525.000000,0.000000,-11.000000,0.000000,0.000000,0.000000
49120.000000,65525.000000,0.000000,-11.000000,0.000000,0.000000,0.000000
49130.000000,65525.000000,0.000000,-11.000000,0.000000,0.000000,0.000000
49140.000000,65525.000000,0.000000,-11.000000,0.000000,0.000000,0.000000
49150.000000,65525.000000,0.000000,-11.000000,0.000000,0.000000,0.000000
49160.000000,65525.000000,0.000000,-11.000000,0.000000,0.000000,0.000000
49170.000000,65525.000000,0.000000,-11.000000,0.000000,0.000000,0.000000
49180.000000,65525.000000,0.000000,-11.000000,0.000000,0.000000,0.000000
49190.000000,65525.000000,0.000000,-11.000000,0.000000,0.000000,0.000000
49200.000000,65525.000000,0.000000,-11.000000,0.000000,0.000000,0.000000
49210.000000,65525.000000,0.000000,-11.000000,0.000000,0.000000,0.000000
49220.000000,65525.000000,0.000000,-11.000000,0.000000,0.000000,0.000000
49230.000000,65525.000000,0.000000,-11.000000,0.000000,0.000000,0.000000
49240.000000,65525.000000,0.000000,-11.000000,0.000000,0.000000,0.000000
49250.000000,65525.000000,0.000000,-11.000000,0.000000,0.000000,0.000000
49260.000000,65525.000000,0.000000,-11.000000,0.000000,0.000000,0.000000
49270.000000,65525.000000,0.000000,-11.000000,0.000000,0.000000,0.000000
49280.000000,65525.000000,0.000000,-11.000000,0.000000,0.000000,0.000000
49290.000000,65525.000000,0.000000,-11.000000,0.000000,0.000000,0.000000
49300.000000,65525.000000,0.000000,-11.000000,0.000000,0.000000,0.000000
49310.000000,65525.000000,0.000000,-11.000000,0.000000,0.000000,0.000000
49320.000000,65525.000000,0.000000,-11.000000,0.000000,0.000000,0.000000
49330.000000,65525.000000,0.000000,-11.000000,0.000000,0.000000,0.000000
49340.000000,65525.000000,0.000000,-11.000000,0.000000,0.000000,0.000000
49350.000000,65525.000000,0.000000,-11.000000,0.000000,0.000000,0.000000
49360.000000,65525.000000,0.000000,-11.000000,0.000000,0.000000,0.000000
49370.000000,65525.000000,0.000000,-11.000000,0.000000,0.000000,0.000000
49380.000000,65525.000000,0.000000,-11.000000,0.000000,0.000000,0.000000
49390.000000,65526.000000,1.000000,-10.000000,0.000000,0.000000,0.000000
49400.000000,65526.000000,0.000000,-10.000000,0.000000,0.000000,0.000000
49410.000000,65526.000000,0.000000,-10.000000,0.000000,0.000000,0.000000
49420.000000,65526.000000,0.000000,-10.000000,0.000000,0.000000,0.000000
49430.000000,65526.000000,0.000000,-10.000000,0.000000,0.000000,0.000000
49440.000000,65526.000000,0.000000,-10.000000,0.000000,0.000000,0.000000
49450.000000,65526.000000,0.000000,-10.000000,0.000000,0.000000,0.000000
49460.000000,65526.000000,0.000000,-10.000000,0.000000,0.000000,0.000000
49470.000000,65526.000000,0.000000,-10.000000,0.000000,0.000000,0.000000
49480.000000,65526.000000,0.000000,-10.000000,0.000000,0.000000,0.000000
49490.000000,65526.000000,0.000000,-10.000000,0.000000,0.000000,0.000000
49500.000000,65526.000000,0.000000,-10.000000,0.000000,0.000000,0.000000
49510.000000,65526.000000,0.000000,-10.000000,0.000000,0.000000,0.000000
49520.000000,65526.000000,0.000000,-10.000000,0.000000,0.000000,0.000000
49530.000000,65526.000000,0.000000,-10.000000,0.000000,0.000000,0.000000
49540.000000,65526.000000,0.000000,-10.000000,0.000000,0.000000,0.000000
49550.000000,65526.000000,0.000000,-10.000000,0.000000,0.000000,0.000000
49560.000000,65526.000000,0.000000,-10.000000,0.000000,0.000000,0.000000
49570.000000,65526.000000,0.000000,-10.000000,0.000000,0.000000,0.000000
49580.000000,65526.000000,0.000000,-10.000000,0.000000,0.000000,0.000000
49590.000000,65526.000000,0.000000,-10.000000,0.000000,0.000000,0.000000
49600.000000,65526.000000,0.000000,-10.000000,0.000000,0.000000,0.000000
49610.000000,65526.000000,0.000000,-10.000000,0.000000,0.000000,0.000000
49620.000000,65526.000000,0.000000,-10.000000,0.000000,0.000000,0.000000
49630.000000,65526.000000,0.000000,-10.000000,0.000000,0.000000,0.000000
49640.000000,65526.000000,0.000000,-10.000000,0.000000,0.000000,0.000000
49650.000000,65526.000000,0.000000,-10.000000,0.000000,0.000000,0.000000
49660.000000,65526.000000,0.000000,-10.000000,0.000000,0.000000,0.000000
49670.000000,65526.000000,0.000000,-10.000000,0.000000,0.000000,0.000000
49680.000000,65526.000000,0.000000,-10.000000,0.000000,0.000000,0.000000
49690.000000,65526.000000,0.000000,-10.000000,0.000000,0.000000,0.000000
49700.000000,65526.000000,0.000000,-10.000000,0.000000,0.000000,0.000000
49710.000000,65526.000000,0.000000,-10.000000,0.000000,0.000000,0.000000
49720.000000,65526.000000,0.000000,-10.000000,0.000000,0.000000,0.000000
49730.000000,65526.000000,0.000000,-10.000000,0.000000,0.000000,0.000000
49740.000000,65526.000000,0.000000,-10.000000,0.000000,0.000000,0.000000
49750.000000,65526.000000,0.000000,-10.000000,0.000000,0.000000,0.000000
49760.000000,65526.000000,0.000000,-10.000000,0.000000,0.000000,0.000000
49770.000000,65526.000000,0.000000,-10.000000,0.000000,0.000000,0.000000
49780.000000,65526.000000,0.000000,-10.000000,0.000000,0.000000,0.000000
49790.000000,65526.000000,0.000000,-10.000000,0.000000,0.000000,0.000000
49800.000000,65526.000000,0.000000,-10.000000,0.000000,0.000000,0.000000
49810.000000,65526.000000,0.000000,-10.000000,0.000000,0.000000,0.000000
49820.000000,65526.000000,0.000000,-10.000000,0.000000,0.000000,0.000000
49830.000000,65526.000000,0.000000,-10.000000,0.000000,0.000000,0.000000
49840.000000,65526.000000,0.000000,-10.000000,0.000000,0.000000,0.000000
49850.000000,65526.000000,0.000000,-10.000000,0.000000,0.000000,0.000000
49860.000000,65526.000000,0.000000,-10.000000,0.000000,0.000000,0.000000
49870.000000,65526.000000,0.000000,-10.000000,0.000000,0.000000,0.000000
49880.000000,65526.000000,0.000000,-10.000000,0.000000,0.000000,0.000000
49890.000000,65526.000000,0.000000,-10.000000,0.000000,0.000000,0.000000
49900.000000,65526.000000,0.000000,-10.000000,0.000000,0.000000,0.000000
49910.000000,65526.000000,0.000000,-10.000000,0.000000,0.000000,0.000000
49920.000000,65526.000000,0.000000,-10.000000,0.000000,0.000000,0.000000
49930.000000,65526.000000,0.000000,-10.000000,0.000000,0.000000,0.000000
49940.000000,65526.000000,0.000000,-10.000000,0.000000,0.000000,0.000000
49950.000000,65527.000000,1.000000,-9.000000,0.000000,0.000000,0.000000
49960.000000,65526.000000,-1.000000,-10.000000,0.000000,0.000000,0.000000
49970.000000,65526.000000,0.000000,-10.000000,0.000000,0.000000,0.000000
49980.000000,65526.000000,0.000000,-10.000000,0.000000,0.000000,0.000000
49990.000000,65526.000000,0.000000,-10.000000,0.000000,0.000000,0.000000
50000.000000,65526.000000,0.000000,-10.000000,0.000000,0.000000,0.000000
50010.000000,65527.000000,1.000000,-9.000000,0.000000,0.000000,0.000000
50020.000000,65526.000000,-1.000000,-10.000000,0.000000,0.000000,0.000000
50030.000000,65527.000000,1.000000,-9.000000,0.000000,0.000000,0.000000
50040.000000,65526.000000,-1.000000,-10.000000,0.000000,0.000000,0.000000
50050.000000,65527.000000,1.000000,-9.000000,0.000000,0.000000,0.000000
50060.000000,65526.000000,-1.000000,-10.000000,0.000000,0.000000,0.000000
50070.000000,65526.000000,0.000000,-10.000000,0.000000,0.000000,0.000000
50080.000000,65526.000000,0.000000,-10.000000,0.000000,0.000000,0.000000
50090.000000,65526.000000,0.000000,-10.000000,0.000000,0.000000,0.000000
50100.000000,65526.000000,0.000000,-10.000000,0.000000,0.000000,0.000000
50110.000000,65526.000000,0.000000,-10.000000,0.000000,0.000000,0.000000
50120.000000,65526.000000,0.000000,-10.000000,0.000000,0.000000,0.000000
50130.000000,65526.000000,0.000000,-10.000000,0.000000,0.000000,0.000000
50140.000000,65526.000000,0.000000,-10.000000,0.000000,0.000000,0.000000
50150.000000,65526.000000,0.000000,-10.000000,0.000000,0.000000,0.000000
50160.000000,65526.000000,0.000000,-10.000000,0.000000,0.000000,0.000000
50170.000000,65526.000000,0.000000,-10.000000,0.000000,0.000000,0.000000
50180.000000,65526.000000,0.000000,-10.000000,0.000000,0.000000,0.000000
50190.000000,65526.000000,0.000000,-10.000000,0.000000,0.000000,0.000000
50200.000000,65526.000000,0.000000,-10.000000,0.000000,0.000000,0.000000
50210.000000,65526.000000,0.000000,-10.000000,0.000000,0.000000,0.000000
50220.000000,65526.000000,0.000000,-10.000000,0.000000,0.000000,0.000000
50230.000000,65526.000000,0.000000,-10.000000,0.000000,0.000000,0.000000
50240.000000,65526.000000,0.000000,-10.000000,0.000000,0.000000,0.000000
50250.000000,65526.000000,0.000000,-10.000000,0.000000,0.000000,0.000000
50260.000000,65526.000000,0.000000,-10.000000,0.000000,0.000000,0.000000
50270.000000,65526.000000,0.000000,-10.000000,0.000000,0.000000,0.000000
50280.000000,65526.000000,0.000000,-10.000000,0.000000,0.000000,0.000000
50290.000000,65526.000000,0.000000,-10.000000,0.000000,0.000000,0.000000
50300.000000,65526.000000,0.000000,-10.000000,0.000000,0.000000,0.000000
50310.000000,65526.000000,0.000000,-10.000000,0.000000,0.000000,0.000000
50320.000000,65526.000000,0.000000,-10.000000,0.000000,0.000000,0.000000
50330.000000,65526.000000,0.000000,-10.000000,0.000000,0.000000,0.000000
50340.000000,65526.000000,0.000000,-10.000000,0.000000,0.000000,0.000000
50350.000000,65526.000000,0.000000,-10.000000,0.000000,0.000000,0.000000
50360.000000,65526.000000,0.000000,-10.000000,0.000000,0.000000,0.000000
50370.000000,65526.000000,0.000000,-10.000000,0.000000,0.000000,0.000000
50380.000000,65526.000000,0.000000,-10.000000,0.000000,0.000000,0.000000
50390.000000,65526.000000,0.000000,-10.000000,0.000000,0.000000,0.000000
50400.000000,65526.000000,0.000000,-10.000000,0.000000,0.000000,0.000000
50410.000000,65527.000000,1.000000,-9.000000,0.000000,0.000000,0.000000
50420.000000,65526.000000,-1.000000,-10.000000,0.000000,0.000000,0.000000
50430.000000,65527.000000,1.000000,-9.000000,0.000000,0.000000,0.000000
50440.000000,65526.000000,-1.000000,-10.000000,0.000000,0.000000,0.000000
50450.000000,65527.000000,1.000000,-9.000000,0.000000,0.000000,0.000000
50460.000000,65526.000000,-1.000000,-10.000000,0.000000,0.000000,0.000000
50470.000000,65527.000000,1.000000,-9.000000,0.000000,0.000000,0.000000
50480.000000,65526.000000,-1.000000,-10.000000,0.000000,0.000000,0.000000
50490.000000,65527.000000,1.000000,-9.000000,0.000000,0.000000,0.000000
50500.000000,65526.000000,-1.000000,-10.000000,0.000000,0.000000,0.000000
50510.000000,65527.000000,1.000000,-9.000000,0.000000,0.000000,0.000000
50520.000000,65526.000000,-1.000000,-10.000000,0.000000,0.000000,0.000000
50530.000000,65527.000000,1.000000,-9.000000,0.000000,0.000000,0.000000
50540.000000,65526.000000,-1.000000,-10.000000,0.000000,0.000000,0.000000
50550.000000,65527.000000,1.000000,-9.000000,0.000000,0.000000,0.000000
50560.000000,65526.000000,-1.000000,-10.000000,0.000000,0.000000,0.000000
50570.000000,65526.000000,0.000000,-10.000000,0.000000,0.000000,0.000000
50580.000000,65526.000000,0.000000,-10.000000,0.000000,0.000000,0.000000
50590.000000,65526.000000,0.000000,-10.000000,0.000000,0.000000,0.000000
50600.000000,65526.000000,0.000000,-10.000000,0.000000,0.000000,0.000000
50610.000000,65526.000000,0.000000,-10.000000,0.000000,0.000000,0.000000
50620.000000,65526.000000,0.000000,-10.000000,0.000000,0.000000,0.000000
50630.000000,65526.000000,0.000000,-10.000000,0.000000,0.000000,0.000000
50640.000000,65526.000000,0.000000,-10.000000,0.000000,0.000000,0.000000
50650.000000,65526.000000,0.000000,-10.000000,0.000000,0.000000,0.000000
50660.000000,65526.000000,0.000000,-10.000000,0.000000,0.000000,0.000000
50670.000000,65526.000000,0.000000,-10.000000,0.000000,0.000000,0.000000
50680.000000,65526.000000,0.000000,-10.000000,0.000000,0.000000,0.000000
50690.000000,65526.000000,0.000000,-10.000000,0.000000,0.000000,0.000000
50700.000000,65526.000000,0.000000,-10.000000,0.000000,0.000000,0.000000
50710.000000,65526.000000,0.000000,-10.000000,0.000000,0.000000,0.000000
50720.000000,65526.000000,0.000000,-10.000000,0.000000,0.000000,0.000000
50730.000000,65526.000000,0.000000,-10.000000,0.000000,0.000000,0.000000
50740.000000,65526.000000,0.000000,-10.000000,0.000000,0.000000,0.000000
50750.000000,65526.000000,0.000000,-10.000000,0.000000,0.000000,0.000000
50760.000000,65526.000000,0.000000,-10.000000,0.000000,0.000000,0.000000
50770.000000,65526.000000,0.000000,-10.000000,0.000000,0.000000,0.000000
50780.000000,65526.000000,0.000000,-10.000000,0.000000,0.000000,0.000000
50790.000000,65526.000000,0.000000,-10.000000,0.000000,0.000000,0.000000
50800.000000,65526.000000,0.000000,-10.000000,0.000000,0.000000,0.000000
50810.000000,65526.000000,0.000000,-10.000000,0.000000,0.000000,0.000000
50820.000000,65526.000000,0.000000,-10.000000,0.000000,0.000000,0.000000
50830.000000,65526.000000,0.000000,-10.000000,0.000000,0.000000,0.000000
50840.000000,65526.000000,0.000000,-10.000000,0.000000,0.000000,0.000000
50850.000000,65526.000000,0.000000,-10.000000,0.000000,0.000000,0.000000
50860.000000,65526.000000,0.000000,-10.000000,0.000000,0.000000,0.000000
50870.000000,65526.000000,0.000000,-10.000000,0.000000,0.000000,0.000000
50880.000000,65526.000000,0.000000,-10.000000,0.000000,0.000000,0.000000
50890.000000,65527.000000,1.000000,-9.000000,0.000000,0.000000,0.000000
50900.000000,65526.000000,-1.000000,-10.000000,0.000000,0.000000,0.000000
50910.000000,65527.000000,1.000000,-9.000000,0.000000,0.000000,0.000000
50920.000000,65526.000000,-1.000000,-10.000000,0.000000,0.000000,0.000000
50930.000000,65527.000000,1.000000,-9.000000,0.000000,0.000000,0.000000
50940.000000,65526.000000,-1.000000,-10.000000,0.000000,0.000000,0.000000
50950.000000,65527.000000,1.000000,-9.000000,0.000000,0.000000,0.000000
50960.000000,65526.000000,-1.000000,-10.000000,0.000000,0.000000,0.000000
50970.000000,65527.000000,1.000000,-9.000000,0.000000,0.000000,0.000000
50980.000000,65526.000000,-1.000000,-10.000000,0.000000,0.000000,0.000000
50990.000000,65527.000000,1.000000,-9.000000,0.000000,0.000000,0.000000
51000.000000,65526.000000,-1.000000,-10.000000,0.000000,0.000000,0.000000
51010.000000,65527.000000,1.000000,-9.000000,0.000000,0.000000,0.000000
51020.000000,65526.000000,-1.000000,-10.000000,0.000000,0.000000,0.000000
51030.000000,65527.000000,1.000000,-9.000000,0.000000,0.000000,0.000000
51040.000000,65526.000000,-1.000000,-10.000000,0.000000,0.000000,0.000000
51050.000000,65526.000000,0.000000,-10.000000,0.000000,0.000000,0.000000
51060.000000,65526.000000,0.000000,-10.000000,0.000000,0.000000,0.000000
51070.000000,65526.000000,0.000000,-10.000000,0.000000,0.000000,0.000000
51080.000000,65526.000000,0.000000,-10.000000,0.000000,0.000000,0.000000
51090.000000,65526.000000,0.000000,-10.000000,0.000000,0.000000,0.000000
51100.000000,65526.000000,0.000000,-10.000000,0.000000,0.000000,0.000000
51110.000000,65526.000000,0.000000,-10.000000,0.000000,0.000000,0.000000
51120.000000,65526.000000,0.000000,-10.000000,0.000000,0.000000,0.000000
51130.000000,65526.000000,0.000000,-10.000000,0.000000,0.000000,0.000000
51140.000000,65526.000000,0.000000,-10.000000,0.000000,0.000000,0.000000
51150.000000,65526.000000,0.000000,-10.000000,0.000000,0.000000,0.000000
51160.000000,65526.000000,0.000000,-10.000000,0.000000,0.000000,0.000000
51170.000000,65526.000000,0.000000,-10.000000,0.000000,0.000000,0.000000
51180.000000,65526.000000,0.000000,-10.000000,0.000000,0.000000,0.000000
51190.000000,65526.000000,0.000000,-10.000000,0.000000,0.000000,0.000000
51200.000000,65526.000000,0.000000,-10.000000,0.000000,0.000000,0.000000
51210.000000,65526.000000,0.000000,-10.000000,0.000000,0.000000,0.000000
51220.000000,65526.000000,0.000000,-10.000000,0.000000,0.000000,0.000000
51230.000000,65526.000000,0.000000,-10.000000,0.000000,0.000000,0.000000
51240.000000,65526.000000,0.000000,-10.000000,0.000000,0.000000,0.000000
51250.000000,65526.000000,0.000000,-10.000000,0.000000,0.000000,0.000000
51260.000000,65526.000000,0.000000,-10.000000,0.000000,0.000000,0.000000
51270.000000,65526.000000,0.000000,-10.000000,0.000000,0.000000,0.000000
51280.000000,65526.000000,0.000000,-10.000000,0.000000,0.000000,0.000000
51290.000000,65526.000000,0.000000,-10.000000,0.000000,0.000000,0.000000
51300.000000,65526.000000,0.000000,-10.000000,0.000000,0.000000,0.000000
51310.000000,65526.000000,0.000000,-10.000000,0.000000,0.000000,0.000000
51320.000000,65526.000000,0.000000,-10.000000,0.000000,0.000000,0.000000
51330.000000,65526.000000,0.000000,-10.000000,0.000000,0.000000,0.000000
51340.000000,65526.000000,0.000000,-10.000000,0.000000,0.000000,0.000000
51350.000000,65526.000000,0.000000,-10.000000,0.000000,0.000000,0.000000
51360.000000,65526.000000,0.000000,-10.000000,0.000000,0.000000,0.000000
51370.000000,65526.000000,0.000000,-10.000000,0.000000,0.000000,0.000000
51380.000000,65526.000000,0.000000,-10.000000,0.000000,0.000000,0.000000
51390.000000,65527.000000,1.000000,-9.000000,0.000000,0.000000,0.000000
51400.000000,65526.000000,-1.000000,-10.000000,0.000000,0.000000,0.000000
51410.000000,65527.000000,1.000000,-9.000000,0.000000,0.000000,0.000000
51420.000000,65526.000000,-1.000000,-10.000000,0.000000,0.000000,0.000000
51430.000000,65527.000000,1.000000,-9.000000,0.000000,0.000000,0.000000
51440.000000,65526.000000,-1.000000,-10.000000,0.000000,0.000000,0.000000
51450.000000,65527.000000,1.000000,-9.000000,0.000000,0.000000,0.000000
51460.000000,65526.000000,-1.000000,-10.000000,0.000000,0.000000,0.000000
51470.000000,65527.000000,1.000000,-9.000000,0.000000,0.000000,0.000000
51480.000000,65526.000000,-1.000000,-10.000000,0.000000,0.000000,0.000000
51490.000000,65527.000000,1.000000,-9.000000,0.000000,0.000000,0.000000
51500.000000,65526.000000,-1.000000,-10.000000,0.000000,0.000000,0.000000
51510.000000,65527.000000,1.000000,-9.000000,0.000000,0.000000,0.000000
51520.000000,65526.000000,-1.000000,-10.000000,0.000000,0.000000,0.000000
51530.000000,65527.000000,1.000000,-9.000000,0.000000,0.000000,0.000000
51540.000000,65526.000000,-1.000000,-10.000000,0.000000,0.000000,0.000000
51550.000000,65526.000000,0.000000,-10.000000,0.000000,0.000000,0.000000
51560.000000,65526.000000,0.000000,-10.000000,0.000000,0.000000,0.000000
51570.000000,65526.000000,0.000000,-10.000000,0.000000,0.000000,0.000000
51580.000000,65526.000000,0.000000,-10.000000,0.000000,0.000000,0.000000
51590.000000,65526.000000,0.000000,-10.000000,0.000000,0.000000,0.000000
51600.000000,65526.000000,0.000000,-10.000000,0.000000,0.000000,0.000000
51610.000000,65526.000000,0.000000,-10.000000,0.000000,0.000000,0.000000
51620.000000,65526.000000,0.000000,-10.000000,0.000000,0.000000,0.000000
51630.000000,65526.000000,0.000000,-10.000000,0.000000,0.000000,0.000000
51640.000000,65526.000000,0.000000,-10.000000,0.000000,0.000000,0.000000
51650.000000,65526.000000,0.000000,-10.000000,0.000000,0.000000,0.000000
51660.000000,65526.000000,0.000000,-10.000000,0.000000,0.000000,0.000000
51670.000000,65526.000000,0.000000,-10.000000,0.000000,0.000000,0.000000
51680.000000,65526.000000,0.000000,-10.000000,0.000000,0.000000,0.000000
51690.000000,65526.000000,0.000000,-10.000000,0.000000,0.000000,0.000000
51700.000000,65526.000000,0.000000,-10.000000,0.000000,0.000000,0.000000
51710.000000,65526.000000,0.000000,-10.000000,0.000000,0.000000,0.000000
51720.000000,65526.000000,0.000000,-10.000000,0.000000,0.000000,0.000000
51730.000000,65526.000000,0.000000,-10.000000,0.000000,0.000000,0.000000
51740.000000,65526.000000,0.000000,-10.000000,0.000000,0.000000,0.000000
51750.000000,65526.000000,0.000000,-10.000000,0.000000,0.000000,0.000000
51760.000000,65526.000000,0.000000,-10.000000,0.000000,0.000000,0.000000
51770.000000,65526.000000,0.000000,-10.000000,0.000000,0.000000,0.000000
51780.000000,65526.000000,0.000000,-10.000000,0.000000,0.000000,0.000000
51790.000000,65526.000000,0.000000,-10.000000,0.000000,0.000000,0.000000
51800.000000,65526.000000,0.000000,-10.000000,0.000000,0.000000,0.000000
51810.000000,65526.000000,0.000000,-10.000000,0.000000,0.000000,0.000000
51820.000000,65526.000000,0.000000,-10.000000,0.000000,0.000000,0.000000
51830.000000,65526.000000,0.000000,-10.000000,0.000000,0.000000,0.000000
51840.000000,65526.000000,0.000000,-10.000000,0.000000,0.000000,0.000000
51850.000000,65526.000000,0.000000,-10.000000,0.000000,0.000000,0.000000
51860.000000,65526.000000,0.000000,-10.000000,0.000000,0.000000,0.000000
51870.000000,65527.000000,1.000000,-9.000000,0.000000,0.000000,0.000000
51880.000000,65526.000000,-1.000000,-10.000000,0.000000,0.000000,0.000000
51890.000000,65527.000000,1.000000,-9.000000,0.000000,0.000000,0.000000
51900.000000,65526.000000,-1.000000,-10.000000,0.000000,0.000000,0.000000
51910.000000,65527.000000,1.000000,-9.000000,0.000000,0.000000,0.000000
51920.000000,65526.000000,-1.000000,-10.000000,0.000000,0.000000,0.000000
51930.000000,65527.000000,1.000000,-9.000000,0.000000,0.000000,0.000000
51940.000000,65526.000000,-1.000000,-10.000000,0.000000,0.000000,0.000000
51950.000000,65527.000000,1.000000,-9.000000,0.000000,0.000000,0.000000
51960.000000,65526.000000,-1.000000,-10.000000,0.000000,0.000000,0.000000
51970.000000,65527.000000,1.000000,-9.000000,0.000000,0.000000,0.000000
51980.000000,65526.000000,-1.000000,-10.000000,0.000000,0.000000,0.000000
51990.000000,65527.000000,1.000000,-9.000000,0.000000,0.000000,0.000000
52000.000000,65526.000000,-1.000000,-10.000000,0.000000,0.000000,0.000000
52010.000000,65527.000000,1.000000,-9.000000,0.000000,0.000000,0.000000
52020.000000,65526.000000,-1.000000,-10.000000,0.000000,0.000000,0.000000
52030.000000,65527.000000,1.000000,-9.000000,0.000000,0.000000,0.000000
52040.000000,65526.000000,-1.000000,-10.000000,0.000000,0.000000,0.000000
52050.000000,65526.000000,0.000000,-10.000000,0.000000,0.000000,0.000000
52060.000000,65526.000000,0.000000,-10.000000,0.000000,0.000000,0.000000
52070.000000,65526.000000,0.000000,-10.000000,0.000000,0.000000,0.000000
52080.000000,65526.000000,0.000000,-10.000000,0.000000,0.000000,0.000000
52090.000000,65526.000000,0.000000,-10.000000,0.000000,0.000000,0.000000
52100.000000,65526.000000,0.000000,-10.000000,0.000000,0.000000,0.000000
52110.000000,65526.000000,0.000000,-10.000000,0.000000,0.000000,0.000000
52120.000000,65526.000000,0.000000,-10.000000,0.000000,0.000000,0.000000
52130.000000,65526.000000,0.000000,-10.000000,0.000000,0.000000,0.000000
52140.000000,65526.000000,0.000000,-10.000000,0.000000,0.000000,0.000000
52150.000000,65526.000000,0.000000,-10.000000,0.000000,0.000000,0.000000
52160.000000,65526.000000,0.000000,-10.000000,0.000000,0.000000,0.000000
52170.000000,65526.000000,0.000000,-10.000000,0.000000,0.000000,0.000000
52180.000000,65526.000000,0.000000,-10.000000,0.000000,0.000000,0.000000
52190.000000,65526.000000,0.000000,-10.000000,0.000000,0.000000,0.000000
52200.000000,65526.000000,0.000000,-10.000000,0.000000,0.000000,0.000000
52210.000000,65526.000000,0.000000,-10.000000,0.000000,0.000000,0.000000
52220.000000,65526.000000,0.000000,-10.000000,0.000000,0.000000,0.000000
52230.000000,65526.000000,0.000000,-10.000000,0.000000,0.000000,0.000000
52240.000000,65526.000000,0.000000,-10.000000,0.000000,0.000000,0.000000
52250.000000,65526.000000,0.000000,-10.000000,0.000000,0.000000,0.000000
52260.000000,65526.000000,0.000000,-10.000000,0.000000,0.000000,0.000000
52270.000000,65526.000000,0.000000,-10.000000,0.000000,0.000000,0.000000
52280.000000,65526.000000,0.000000,-10.000000,0.000000,0.000000,0.000000
52290.000000,65526.000000,0.000000,-10.000000,0.000000,0.000000,0.000000
52300.000000,65526.000000,0.000000,-10.000000,0.000000,0.000000,0.000000
52310.000000,65526.000000,0.000000,-10.000000,0.000000,0.000000,0.000000
52320.000000,65526.000000,0.000000,-10.000000,0.000000,0.000000,0.000000
52330.000000,65526.000000,0.000000,-10.000000,0.000000,0.000000,0.000000
52340.000000,65526.000000,0.000000,-10.000000,0.000000,0.000000,0.000000
52350.000000,65526.000000,0.000000,-10.000000,0.000000,0.000000,0.000000
52360.000000,65526.000000,0.000000,-10.000000,0.000000,0.000000,0.000000
52370.000000,65526.000000,0.000000,-10.000000,0.000000,0.000000,0.000000
52380.000000,65526.000000,0.000000,-10.000000,0.000000,0.000000,0.000000
52390.000000,65527.000000,1.000000,-9.000000,0.000000,0.000000,0.000000
52400.000000,65526.000000,-1.000000,-10.000000,0.000000,0.000000,0.000000
52410.000000,65527.000000,1.000000,-9.000000,0.000000,0.000000,0.000000
52420.000000,65526.000000,-1.000000,-10.000000,0.000000,0.000000,0.000000
52430.000000,65527.000000,1.000000,-9.000000,0.000000,0.000000,0.000000
52440.000000,65526.000000,-1.000000,-10.000000,0.000000,0.000000,0.000000
52450.000000,65527.000000,1.000000,-9.000000,0.000000,0.000000,0.000000
52460.000000,65526.000000,-1.000000,-10.000000,0.000000,0.000000,0.000000
52470.000000,65527.000000,1.000000,-9.000000,0.000000,0.000000,0.000000
52480.000000,65526.000000,-1.000000,-10.000000,0.000000,0.000000,0.000000
52490.000000,65527.000000,1.000000,-9.000000,0.000000,0.000000,0.000000
52500.000000,65526.000000,-1.000000,-10.000000,0.000000,0.000000,0.000000
52510.000000,65527.000000,1.000000,-9.000000,0.000000,0.000000,0.000000
52520.000000,65526.000000,-1.000000,-10.000000,0.000000,0.000000,0.000000
52530.000000,65527.000000,1.000000,-9.000000,0.000000,0.000000,0.000000
52540.000000,65526.000000,-1.000000,-10.000000,0.000000,0.000000,0.000000
52550.000000,65526.000000,0.000000,-10.000000,0.000000,0.000000,0.000000
52560.000000,65526.000000,0.000000,-10.000000,0.000000,0.000000,0.000000
52570.000000,65526.000000,0.000000,-10.000000,0.000000,0.000000,0.000000
52580.000000,65526.000000,0.000000,-10.000000,0.000000,0.000000,0.000000
52590.000000,65526.000000,0.000000,-10.000000,0.000000,0.000000,0.000000
52600.000000,65526.000000,0.000000,-10.000000,0.000000,0.000000,0.000000
52610.000000,65526.000000,0.000000,-10.000000,0.000000,0.000000,0.000000
52620.000000,65526.000000,0.000000,-10.000000,0.000000,0.000000,0.000000
52630.000000,65526.000000,0.000000,-10.000000,0.000000,0.000000,0.000000
52640.000000,65526.000000,0.000000,-10.000000,0.000000,0.000000,0.000000
52650.000000,65526.000000,0.000000,-10.000000,0.000000,0.000000,0.000000
52660.000000,65526.000000,0.000000,-10.000000,0.000000,0.000000,0.000000
52670.000000,65526.000000,0.000000,-10.000000,0.000000,0.000000,0.000000
52680.000000,65526.000000,0.000000,-10.000000,0.000000,0.000000,0.000000
52690.000000,65526.000000,0.000000,-10.000000,0.000000,0.000000,0.000000
52700.000000,65526.000000,0.000000,-10.000000,0.000000,0.000000,0.000000
52710.000000,65526.000000,0.000000,-10.000000,0.000000,0.000000,0.000000
52720.000000,65526.000000,0.000000,-10.000000,0.000000,0.000000,0.000000
52730.000000,65526.000000,0.000000,-10.000000,0.000000,0.000000,0.000000
52740.000000,65526.000000,0.000000,-10.000000,0.000000,0.000000,0.000000
52750.000000,65526.000000,0.000000,-10.000000,0.000000,0.000000,0.000000
52760.000000,65526.000000,0.000000,-10.000000,0.000000,0.000000,0.000000
52770.000000,65526.000000,0.000000,-10.000000,0.000000,0.000000,0.000000
52780.000000,65526.000000,0.000000,-10.000000,0.000000,0.000000,0.000000
52790.000000,65526.000000,0.000000,-10.000000,0.000000,0.000000,0.000000
52800.000000,65526.000000,0.000000,-10.000000,0.000000,0.000000,0.000000
52810.000000,65526.000000,0.000000,-10.000000,0.000000,0.000000,0.000000
52820.000000,65526.000000,0.000000,-10.000000,0.000000,0.000000,0.000000
52830.000000,65526.000000,0.000000,-10.000000,0.000000,0.000000,0.000000
52840.000000,65526.000000,0.000000,-10.000000,0.000000,0.000000,0.000000
52850.000000,65526.000000,0.000000,-10.000000,0.000000,0.000000,0.000000
52860.000000,65526.000000,0.000000,-10.000000,0.000000,0.000000,0.000000
52870.000000,65526.000000,0.000000,-10.000000,0.000000,0.000000,0.000000
52880.000000,65526.000000,0.000000,-10.000000,0.000000,0.000000,0.000000
52890.000000,65527.000000,1.000000,-9.000000,0.000000,0.000000,0.000000
52900.000000,65526.000000,-1.000000,-10.000000,0.000000,0.000000,0.000000
52910.000000,65527.000000,1.000000,-9.000000,0.000000,0.000000,0.000000
52920.000000,65526.000000,-1.000000,-10.000000,0.000000,0.000000,0.000000
52930.000000,65527.000000,1.000000,-9.000000,0.000000,0.000000,0.000000
52940.000000,65526.000000,-1.000000,-10.000000,0.000000,0.000000,0.000000
52950.000000,65527.000000,1.000000,-9.000000,0.000000,0.000000,0.000000
52960.000000,65526.000000,-1.000000,-10.000000,0.000000,0.000000,0.000000
52970.000000,65527.000000,1.000000,-9.000000,0.000000,0.000000,0.000000
52980.000000,65526.000000,-1.000000,-10.000000,0.000000,0.000000,0.000000
52990.000000,65527.000000,1.000000,-9.000000,0.000000,0.000000,0.000000
53000.000000,65526.000000,-1.000000,-10.000000,0.000000,0.000000,0.000000
53010.000000,65527.000000,1.000000,-9.000000,0.000000,0.000000,0.000000
53020.000000,65526.000000,-1.000000,-10.000000,0.000000,0.000000,0.000000
53030.000000,65527.000000,1.000000,-9.000000,0.000000,0.000000,0.000000
53040.000000,65526.000000,-1.000000,-10.000000,0.000000,0.000000,0.000000
53050.000000,65526.000000,0.000000,-10.000000,0.000000,0.000000,0.000000
53060.000000,65526.000000,0.000000,-10.000000,0.000000,0.000000,0.000000
53070.000000,65526.000000,0.000000,-10.000000,0.000000,0.000000,0.000000
53080.000000,65526.000000,0.000000,-10.000000,0.000000,0.000000,0.000000
53090.000000,65526.000000,0.000000,-10.000000,0.000000,0.000000,0.000000
53100.000000,65526.000000,0.000000,-10.000000,0.000000,0.000000,0.000000
53110.000000,65526.000000,0.000000,-10.000000,0.000000,0.000000,0.000000
53120.000000,65526.000000,0.000000,-10.000000,0.000000,0.000000,0.000000
53130.000000,65526.000000,0.000000,-10.000000,0.000000,0.000000,0.000000
53140.000000,65526.000000,0.000000,-10.000000,0.000000,0.000000,0.000000
53150.000000,65526.000000,0.000000,-10.000000,0.000000,0.000000,0.000000
53160.000000,65526.000000,0.000000,-10.000000,0.000000,0.000000,0.000000
53170.000000,65526.000000,0.000000,-10.000000,0.000000,0.000000,0.000000
53180.000000,65526.000000,0.000000,-10.000000,0.000000,0.000000,0.000000
53190.000000,65526.000000,0.000000,-10.000000,0.000000,0.000000,0.000000
53200.000000,65526.000000,0.000000,-10.000000,0.000000,0.000000,0.000000
53210.000000,65526.000000,0.000000,-10.000000,0.000000,0.000000,0.000000
53220.000000,65526.000000,0.000000,-10.000000,0.000000,0.000000,0.000000
53230.000000,65526.000000,0.000000,-10.000000,0.000000,0.000000,0.000000
53240.000000,65526.000000,0.000000,-10.000000,0.000000,0.000000,0.000000
53250.000000,65526.000000,0.000000,-10.000000,0.000000,0.000000,0.000000
53260.000000,65526.000000,0.000000,-10.000000,0.000000,0.000000,0.000000
53270.000000,65526.000000,0.000000,-10.000000,0.000000,0.000000,0.000000
53280.000000,65526.000000,0.000000,-10.000000,0.000000,0.000000,0.000000
53290.000000,65526.000000,0.000000,-10.000000,0.000000,0.000000,0.000000
53300.000000,65526.000000,0.000000,-10.000000,0.000000,0.000000,0.000000
53310.000000,65526.000000,0.000000,-10.000000,0.000000,0.000000,0.000000
53320.000000,65526.000000,0.000000,-10.000000,0.000000,0.000000,0.000000
53330.000000,65526.000000,0.000000,-10.000000,0.000000,0.000000,0.000000
53340.000000,65526.000000,0.000000,-10.000000,0.000000,0.000000,0.000000
53350.000000,65526.000000,0.000000,-10.000000,0.000000,0.000000,0.000000
53360.000000,65526.000000,0.000000,-10.000000,0.000000,0.000000,0.000000
53370.000000,65526.000000,0.000000,-10.000000,0.000000,0.000000,0.000000
53380.000000,65526.000000,0.000000,-10.000000,0.000000,0.000000,0.000000
53390.000000,65527.000000,1.000000,-9.000000,0.000000,0.000000,0.000000
53400.000000,65526.000000,-1.000000,-10.000000,0.000000,0.000000,0.000000
53410.000000,65527.000000,1.000000,-9.000000,0.000000,0.000000,0.000000
53420.000000,65526.000000,-1.000000,-10.000000,0.000000,0.000000,0.000000
53430.000000,65527.000000,1.000000,-9.000000,0.000000,0.000000,0.000000
53440.000000,65526.000000,-1.000000,-10.000000,0.000000,0.000000,0.000000
53450.000000,65527.000000,1.000000,-9.000000,0.000000,0.000000,0.000000
53460.000000,65526.000000,-1.000000,-10.000000,0.000000,0.000000,0.000000
53470.000000,65527.000000,1.000000,-9.000000,0.000000,0.000000,0.000000
53480.000000,65526.000000,-1.000000,-10.000000,0.000000,0.000000,0.000000
53490.000000,65527.000000,1.000000,-9.000000,0.000000,0.000000,0.000000
53500.000000,65526.000000,-1.000000,-10.000000,0.000000,0.000000,0.000000
53510.000000,65527.000000,1.000000,-9.000000,0.000000,0.000000,0.000000
53520.000000,65526.000000,-1.000000,-10.000000,0.000000,0.000000,0.000000
53530.000000,65527.000000,1.000000,-9.000000,0.000000,0.000000,0.000000
53540.000000,65526.000000,-1.000000,-10.000000,0.000000,0.000000,0.000000
53550.000000,65524.000000,-2.000000,-12.000000,0.000000,0.000000,0.000000
53560.000000,65524.000000,0.000000,-12.000000,0.000000,0.000000,0.000000
53570.000000,65524.000000,0.000000,-12.000000,0.000000,0.000000,0.000000
53580.000000,65524.000000,0.000000,-12.000000,0.000000,0.000000,0.000000
53590.000000,65524.000000,0.000000,-12.000000,0.000000,0.000000,0.000000
53600.000000,65524.000000,0.000000,-12.000000,0.000000,0.000000,0.000000
53610.000000,65524.000000,0.000000,-12.000000,0.000000,0.000000,0.000000
53620.000000,65524.000000,0.000000,-12.000000,0.000000,0.000000,0.000000
53630.000000,65524.000000,0.000000,-12.000000,0.000000,0.000000,0.000000
53640.000000,65524.000000,0.000000,-12.000000,0.000000,0.000000,0.000000
53650.000000,65524.000000,0.000000,-12.000000,0.000000,0.000000,0.000000
53660.000000,65524.000000,0.000000,-12.000000,0.000000,0.000000,0.000000
53670.000000,65524.000000,0.000000,-12.000000,0.000000,0.000000,0.000000
53680.000000,65524.000000,0.000000,-12.000000,0.000000,0.000000,0.000000
53690.000000,65524.000000,0.000000,-12.000000,0.000000,0.000000,0.000000
53700.000000,65524.000000,0.000000,-12.000000,0.000000,0.000000,0.000000
53710.000000,65524.000000,0.000000,-12.000000,0.000000,0.000000,0.000000
53720.000000,65524.000000,0.000000,-12.000000,0.000000,0.000000,0.000000
53730.000000,65524.000000,0.000000,-12.000000,0.000000,0.000000,0.000000
53740.000000,65524.000000,0.000000,-12.000000,0.000000,0.000000,0.000000
53750.000000,65524.000000,0.000000,-12.000000,0.000000,0.000000,0.000000
53760.000000,65524.000000,0.000000,-12.000000,0.000000,0.000000,0.000000
53770.000000,65524.000000,0.000000,-12.000000,0.000000,0.000000,0.000000
53780.000000,65524.000000,0.000000,-12.000000,0.000000,0.000000,0.000000
53790.000000,65524.000000,0.000000,-12.000000,0.000000,0.000000,0.000000
53800.000000,65524.000000,0.000000,-12.000000,0.000000,0.000000,0.000000
53810.000000,65524.000000,0.000000,-12.000000,0.000000,0.000000,0.000000
53820.000000,65524.000000,0.000000,-12.000000,0.000000,0.000000,0.000000
53830.000000,65524.000000,0.000000,-12.000000,0.000000,0.000000,0.000000
53840.000000,65524.000000,0.000000,-12.000000,0.000000,0.000000,0.000000
53850.000000,65524.000000,0.000000,-12.000000,0.000000,0.000000,0.000000
53860.000000,65524.000000,0.000000,-12.000000,0.000000,0.000000,0.000000
53870.000000,65524.000000,0.000000,-12.000000,0.000000,0.000000,0.000000
53880.000000,65524.000000,0.000000,-12.000000,0.000000,0.000000,0.000000
53890.000000,65524.000000,0.000000,-12.000000,0.000000,0.000000,0.000000
53900.000000,65524.000000,0.000000,-12.000000,0.000000,0.000000,0.000000
53910.000000,65524.000000,0.000000,-12.000000,0.000000,0.000000,0.000000
53920.000000,65524.000000,0.000000,-12.000000,0.000000,0.000000,0.000000
53930.000000,65525.000000,1.000000,-11.000000,0.000000,0.000000,0.000000
53940.000000,65524.000000,-1.000000,-12.000000,0.000000,0.000000,0.000000
53950.000000,65525.000000,1.000000,-11.000000,0.000000,0.000000,0.000000
53960.000000,65524.000000,-1.000000,-12.000000,0.000000,0.000000,0.000000
53970.000000,65525.000000,1.000000,-11.000000,0.000000,0.000000,0.000000
53980.000000,65524.000000,-1.000000,-12.000000,0.000000,0.000000,0.000000
53990.000000,65525.000000,1.000000,-11.000000,0.000000,0.000000,0.000000
54000.000000,65524.000000,-1.000000,-12.000000,0.000000,0.000000,0.000000
54010.000000,65525.000000,1.000000,-11.000000,0.000000,0.000000,0.000000
54020.000000,65524.000000,-1.000000,-12.000000,0.000000,0.000000,0.000000
54030.000000,65525.000000,1.000000,-11.000000,0.000000,0.000000,0.000000
54040.000000,65524.000000,-1.000000,-12.000000,0.000000,0.000000,0.000000
54050.000000,65522.000000,-2.000000,-14.000000,0.000000,0.000000,0.000000
54060.000000,65522.000000,0.000000,-14.000000,0.000000,0.000000,0.000000
54070.000000,65522.000000,0.000000,-14.000000,0.000000,0.000000,0.000000
54080.000000,65522.000000,0.000000,-14.000000,0.000000,0.000000,0.000000
54090.000000,65522.000000,0.000000,-14.000000,0.000000,0.000000,0.000000
54100.000000,65522.000000,0.000000,-14.000000,0.000000,0.000000,0.000000
54110.000000,65522.000000,0.000000,-14.000000,0.000000,0.000000,0.000000
54120.000000,65522.000000,0.000000,-14.000000,0.000000,0.000000,0.000000
54130.000000,65522.000000,0.000000,-14.000000,0.000000,0.000000,0.000000
54140.000000,65522.000000,0.000000,-14.000000,0.000000,0.000000,0.000000
54150.000000,65522.000000,0.000000,-14.000000,0.000000,0.000000,0.000000
54160.000000,65522.000000,0.000000,-14.000000,0.000000,0.000000,0.000000
54170.000000,65522.000000,0.000000,-14.000000,0.000000,0.000000,0.000000
54180.000000,65522.000000,0.000000,-14.000000,0.000000,0.000000,0.000000
54190.000000,65522.000000,0.000000,-14.000000,0.000000,0.000000,0.000000
54200.000000,65522.000000,0.000000,-14.000000,0.000000,0.000000,0.000000
54210.000000,65522.000000,0.000000,-14.000000,0.000000,0.000000,0.000000
54220.000000,65522.000000,0.000000,-14.000000,0.000000,0.000000,0.000000
54230.000000,65522.000000,0.000000,-14.000000,0.000000,0.000000,0.000000
54240.000000,65522.000000,0.000000,-14.000000,0.000000,0.000000,0.000000
54250.000000,65522.000000,0.000000,-14.000000,0.000000,0.000000,0.000000
54260.000000,65522.000000,0.000000,-14.000000,0.000000,0.000000,0.000000
54270.000000,65522.000000,0.000000,-14.000000,0.000000,0.000000,0.000000
54280.000000,65522.000000,0.000000,-14.000000,0.000000,0.000000,0.000000
54290.000000,65522.000000,0.000000,-14.000000,0.000000,0.000000,0.000000
54300.000000,65522.000000,0.000000,-14.000000,0.000000,0.000000,0.000000
54310.000000,65522.000000,0.000000,-14.000000,0.000000,0.000000,0.000000
54320.000000,65522.000000,0.000000,-14.000000,0.000000,0.000000,0.000000
54330.000000,65522.000000,0.000000,-14.000000,0.000000,0.000000,0.000000
54340.000000,65522.000000,0.000000,-14.000000,0.000000,0.000000,0.000000
54350.000000,65522.000000,0.000000,-14.000000,0.000000,0.000000,0.000000
54360.000000,65522.000000,0.000000,-14.000000,0.000000,0.000000,0.000000
54370.000000,65522.000000,0.000000,-14.000000,0.000000,0.000000,0.000000
54380.000000,65522.000000,0.000000,-14.000000,0.000000,0.000000,0.000000
54390.000000,65522.000000,0.000000,-14.000000,0.000000,0.000000,0.000000
54400.000000,65523.000000,1.000000,-13.000000,0.000000,0.000000,0.000000
54410.000000,65523.000000,0.000000,-13.000000,0.000000,0.000000,0.000000
54420.000000,65523.000000,0.000000,-13.000000,0.000000,0.000000,0.000000
54430.000000,65523.000000,0.000000,-13.000000,0.000000,0.000000,0.000000
54440.000000,65523.000000,0.000000,-13.000000,0.000000,0.000000,0.000000
54450.000000,65523.000000,0.000000,-13.000000,0.000000,0.000000,0.000000
54460.000000,65523.000000,0.000000,-13.000000,0.000000,0.000000,0.000000
54470.000000,65524.000000,1.000000,-12.000000,0.000000,0.000000,0.000000
54480.000000,65523.000000,-1.000000,-13.000000,0.000000,0.000000,0.000000
54490.000000,65523.000000,0.000000,-13.000000,0.000000,0.000000,0.000000
54500.000000,65523.000000,0.000000,-13.000000,0.000000,0.000000,0.000000
54510.000000,65523.000000,0.000000,-13.000000,0.000000,0.000000,0.000000
54520.000000,65523.000000,0.000000,-13.000000,0.000000,0.000000,0.000000
54530.000000,65523.000000,0.000000,-13.000000,0.000000,0.000000,0.000000
54540.000000,65523.000000,0.000000,-13.000000,0.000000,0.000000,0.000000
54550.000000,65523.000000,0.000000,-13.000000,0.000000,0.000000,0.000000
54560.000000,65523.000000,0.000000,-13.000000,0.000000,0.000000,0.000000
54570.000000,65523.000000,0.000000,-13.000000,0.000000,0.000000,0.000000
54580.000000,65523.000000,0.000000,-13.000000,0.000000,0.000000,0.000000
54590.000000,65523.000000,0.000000,-13.000000,0.000000,0.000000,0.000000
54600.000000,65523.000000,0.000000,-13.000000,0.000000,0.000000,0.000000
54610.000000,65523.000000,0.000000,-13.000000,0.000000,0.000000,0.000000
54620.000000,65523.000000,0.000000,-13.000000,0.000000,0.000000,0.000000
54630.000000,65523.000000,0.000000,-13.000000,0.000000,0.000000,0.000000
54640.000000,65523.000000,0.000000,-13.000000,0.000000,0.000000,0.000000
54650.000000,65523.000000,0.000000,-13.000000,0.000000,0.000000,0.000000
54660.000000,65523.000000,0.000000,-13.000000,0.000000,0.000000,0.000000
54670.000000,65523.000000,0.000000,-13.000000,0.000000,0.000000,0.000000
54680.000000,65523.000000,0.000000,-13.000000,0.000000,0.000000,0.000000
54690.000000,65523.000000,0.000000,-13.000000,0.000000,0.000000,0.000000
54700.000000,65523.000000,0.000000,-13.000000,0.000000,0.000000,0.000000
54710.000000,65523.000000,0.000000,-13.000000,0.000000,0.000000,0.000000
54720.000000,65523.000000,0.000000,-13.000000,0.000000,0.000000,0.000000
54730.000000,65523.000000,0.000000,-13.000000,0.000000,0.000000,0.000000
54740.000000,65523.000000,0.000000,-13.000000,0.000000,0.000000,0.000000
54750.000000,65523.000000,0.000000,-13.000000,0.000000,0.000000,0.000000
54760.000000,65523.000000,0.000000,-13.000000,0.000000,0.000000,0.000000
54770.000000,65523.000000,0.000000,-13.000000,0.000000,0.000000,0.000000
54780.000000,65523.000000,0.000000,-13.000000,0.000000,0.000000,0.000000
54790.000000,65523.000000,0.000000,-13.000000,0.000000,0.000000,0.000000
54800.000000,65523.000000,0.000000,-13.000000,0.000000,0.000000,0.000000
54810.000000,65523.000000,0.000000,-13.000000,0.000000,0.000000,0.000000
54820.000000,65523.000000,0.000000,-13.000000,0.000000,0.000000,0.000000
54830.000000,65523.000000,0.000000,-13.000000,0.000000,0.000000,0.000000
54840.000000,65523.000000,0.000000,-13.000000,0.000000,0.000000,0.000000
54850.000000,65523.000000,0.000000,-13.000000,0.000000,0.000000,0.000000
54860.000000,65523.000000,0.000000,-13.000000,0.000000,0.000000,0.000000
54870.000000,65523.000000,0.000000,-13.000000,0.000000,0.000000,0.000000
54880.000000,65523.000000,0.000000,-13.000000,0.000000,0.000000,0.000000
54890.000000,65523.000000,0.000000,-13.000000,0.000000,0.000000,0.000000
54900.000000,65526.000000,3.000000,-10.000000,0.000000,0.000000,0.000000
54910.000000,65526.000000,0.000000,-10.000000,0.000000,0.000000,0.000000
54920.000000,65526.000000,0.000000,-10.000000,0.000000,0.000000,0.000000
54930.000000,65526.000000,0.000000,-10.000000,0.000000,0.000000,0.000000
54940.000000,65526.000000,0.000000,-10.000000,0.000000,0.000000,0.000000
54950.000000,65526.000000,0.000000,-10.000000,0.000000,0.000000,0.000000
54960.000000,65526.000000,0.000000,-10.000000,0.000000,0.000000,0.000000
54970.000000,65526.000000,0.000000,-10.000000,0.000000,0.000000,0.000000
54980.000000,65526.000000,0.000000,-10.000000,0.000000,0.000000,0.000000
54990.000000,65526.000000,0.000000,-10.000000,0.000000,0.000000,0.000000
55000.000000,65526.000000,0.000000,-10.000000,0.000000,0.000000,0.000000
55010.000000,65526.000000,0.000000,-10.000000,0.000000,0.000000,0.000000
55020.000000,65526.000000,0.000000,-10.000000,0.000000,0.000000,0.000000
55030.000000,65526.000000,0.000000,-10.000000,0.000000,0.000000,0.000000
55040.000000,65526.000000,0.000000,-10.000000,0.000000,0.000000,0.000000
55050.000000,65526.000000,0.000000,-10.000000,0.000000,0.000000,0.000000
55060.000000,65524.000000,-2.000000,-12.000000,0.000000,0.000000,0.000000
55070.000000,65524.000000,0.000000,-12.000000,0.000000,0.000000,0.000000
55080.000000,65524.000000,0.000000,-12.000000,0.000000,0.000000,0.000000
55090.000000,65524.000000,0.000000,-12.000000,0.000000,0.000000,0.000000
55100.000000,65524.000000,0.000000,-12.000000,0.000000,0.000000,0.000000
55110.000000,65524.000000,0.000000,-12.000000,0.000000,0.000000,0.000000
55120.000000,65524.000000,0.000000,-12.000000,0.000000,0.000000,0.000000
55130.000000,65524.000000,0.000000,-12.000000,0.000000,0.000000,0.000000
55140.000000,65524.000000,0.000000,-12.000000,0.000000,0.000000,0.000000
55150.000000,65524.000000,0.000000,-12.000000,0.000000,0.000000,0.000000
55160.000000,65524.000000,0.000000,-12.000000,0.000000,0.000000,0.000000
55170.000000,65524.000000,0.000000,-12.000000,0.000000,0.000000,0.000000
55180.000000,65524.000000,0.000000,-12.000000,0.000000,0.000000,0.000000
55190.000000,65524.000000,0.000000,-12.000000,0.000000,0.000000,0.000000
55200.000000,65524.000000,0.000000,-12.000000,0.000000,0.000000,0.000000
55210.000000,65524.000000,0.000000,-12.000000,0.000000,0.000000,0.000000
55220.000000,65524.000000,0.000000,-12.000000,0.000000,0.000000,0.000000
55230.000000,65524.000000,0.000000,-12.000000,0.000000,0.000000,0.000000
55240.000000,65524.000000,0.000000,-12.000000,0.000000,0.000000,0.000000
55250.000000,65524.000000,0.000000,-12.000000,0.000000,0.000000,0.000000
55260.000000,65524.000000,0.000000,-12.000000,0.000000,0.000000,0.000000
55270.000000,65524.000000,0.000000,-12.000000,0.000000,0.000000,0.000000
55280.000000,65524.000000,0.000000,-12.000000,0.000000,0.000000,0.000000
55290.000000,65524.000000,0.000000,-12.000000,0.000000,0.000000,0.000000
55300.000000,65524.000000,0.000000,-12.000000,0.000000,0.000000,0.000000
55310.000000,65524.000000,0.000000,-12.000000,0.000000,0.000000,0.000000
55320.000000,65524.000000,0.000000,-12.000000,0.000000,0.000000,0.000000
55330.000000,65524.000000,0.000000,-12.000000,0.000000,0.000000,0.000000
55340.000000,65524.000000,0.000000,-12.000000,0.000000,0.000000,0.000000
55350.000000,65524.000000,0.000000,-12.000000,0.000000,0.000000,0.000000
55360.000000,65524.000000,0.000000,-12.000000,0.000000,0.000000,0.000000
55370.000000,65524.000000,0.000000,-12.000000,0.000000,0.000000,0.000000
55380.000000,65524.000000,0.000000,-12.000000,0.000000,0.000000,0.000000
55390.000000,65524.000000,0.000000,-12.000000,0.000000,0.000000,0.000000
55400.000000,65524.000000,0.000000,-12.000000,0.000000,0.000000,0.000000
55410.000000,65524.000000,0.000000,-12.000000,0.000000,0.000000,0.000000
55420.000000,65524.000000,0.000000,-12.000000,0.000000,0.000000,0.000000
55430.000000,65524.000000,0.000000,-12.000000,0.000000,0.000000,0.000000
55440.000000,65524.000000,0.000000,-12.000000,0.000000,0.000000,0.000000
55450.000000,65524.000000,0.000000,-12.000000,0.000000,0.000000,0.000000
55460.000000,65524.000000,0.000000,-12.000000,0.000000,0.000000,0.000000
55470.000000,65524.000000,0.000000,-12.000000,0.000000,0.000000,0.000000
55480.000000,65524.000000,0.000000,-12.000000,0.000000,0.000000,0.000000
55490.000000,65524.000000,0.000000,-12.000000,0.000000,0.000000,0.000000
55500.000000,65524.000000,0.000000,-12.000000,0.000000,0.000000,0.000000
55510.000000,65524.000000,0.000000,-12.000000,0.000000,0.000000,0.000000
55520.000000,65524.000000,0.000000,-12.000000,0.000000,0.000000,0.000000
55530.000000,65524.000000,0.000000,-12.000000,0.000000,0.000000,0.000000
55540.000000,65524.000000,0.000000,-12.000000,0.000000,0.000000,0.000000
55550.000000,65524.000000,0.000000,-12.000000,0.000000,0.000000,0.000000
55560.000000,65524.000000,0.000000,-12.000000,0.000000,0.000000,0.000000
55570.000000,65524.000000,0.000000,-12.000000,0.000000,0.000000,0.000000
55580.000000,65524.000000,0.000000,-12.000000,0.000000,0.000000,0.000000
55590.000000,65524.000000,0.000000,-12.000000,0.000000,0.000000,0.000000
55600.000000,65524.000000,0.000000,-12.000000,0.000000,0.000000,0.000000
55610.000000,65524.000000,0.000000,-12.000000,0.000000,0.000000,0.000000
55620.000000,65524.000000,0.000000,-12.000000,0.000000,0.000000,0.000000
55630.000000,65524.000000,0.000000,-12.000000,0.000000,0.000000,0.000000
55640.000000,65524.000000,0.000000,-12.000000,0.000000,0.000000,0.000000
55650.000000,65524.000000,0.000000,-12.000000,0.000000,0.000000,0.000000
55660.000000,65524.000000,0.000000,-12.000000,0.000000,0.000000,0.000000
55670.000000,65524.000000,0.000000,-12.000000,0.000000,0.000000,0.000000
55680.000000,65524.000000,0.000000,-12.000000,0.000000,0.000000,0.000000
55690.000000,65524.000000,0.000000,-12.000000,0.000000,0.000000,0.000000
55700.000000,65524.000000,0.000000,-12.000000,0.000000,0.000000,0.000000
55710.000000,65524.000000,0.000000,-12.000000,0.000000,0.000000,0.000000
55720.000000,65524.000000,0.000000,-12.000000,0.000000,0.000000,0.000000
55730.000000,65524.000000,0.000000,-12.000000,0.000000,0.000000,0.000000
55740.000000,65524.000000,0.000000,-12.000000,0.000000,0.000000,0.000000
55750.000000,65524.000000,0.000000,-12.000000,0.000000,0.000000,0.000000
55760.000000,65524.000000,0.000000,-12.000000,0.000000,0.000000,0.000000
55770.000000,65524.000000,0.000000,-12.000000,0.000000,0.000000,0.000000
55780.000000,65524.000000,0.000000,-12.000000,0.000000,0.000000,0.000000
55790.000000,65524.000000,0.000000,-12.000000,0.000000,0.000000,0.000000
55800.000000,65524.000000,0.000000,-12.000000,0.000000,0.000000,0.000000
55810.000000,65524.000000,0.000000,-12.000000,0.000000,0.000000,0.000000
55820.000000,65524.000000,0.000000,-12.000000,0.000000,0.000000,0.000000
55830.000000,65524.000000,0.000000,-12.000000,0.000000,0.000000,0.000000
55840.000000,65524.000000,0.000000,-12.000000,0.000000,0.000000,0.000000
55850.000000,65524.000000,0.000000,-12.000000,0.000000,0.000000,0.000000
55860.000000,65524.000000,0.000000,-12.000000,0.000000,0.000000,0.000000
55870.000000,65524.000000,0.000000,-12.000000,0.000000,0.000000,0.000000
55880.000000,65524.000000,0.000000,-12.000000,0.000000,0.000000,0.000000
55890.000000,65524.000000,0.000000,-12.000000,0.000000,0.000000,0.000000
55900.000000,65524.000000,0.000000,-12.000000,0.000000,0.000000,0.000000
55910.000000,65524.000000,0.000000,-12.000000,0.000000,0.000000,0.000000
55920.000000,65524.000000,0.000000,-12.000000,0.000000,0.000000,0.000000
55930.000000,65524.000000,0.000000,-12.000000,0.000000,0.000000,0.000000
55940.000000,65524.000000,0.000000,-12.000000,0.000000,0.000000,0.000000
55950.000000,65524.000000,0.000000,-12.000000,0.000000,0.000000,0.000000
55960.000000,65524.000000,0.000000,-12.000000,0.000000,0.000000,0.000000
55970.000000,65524.000000,0.000000,-12.000000,0.000000,0.000000,0.000000
55980.000000,65524.000000,0.000000,-12.000000,0.000000,0.000000,0.000000
55990.000000,65524.000000,0.000000,-12.000000,0.000000,0.000000,0.000000
56000.000000,65524.000000,0.000000,-12.000000,0.000000,0.000000,0.000000
56010.000000,65524.000000,0.000000,-12.000000,0.000000,0.000000,0.000000
56020.000000,65524.000000,0.000000,-12.000000,0.000000,0.000000,0.000000
56030.000000,65524.000000,0.000000,-12.000000,0.000000,0.000000,0.000000
56040.000000,65524.000000,0.000000,-12.000000,0.000000,0.000000,0.000000
56050.000000,65524.000000,0.000000,-12.000000,0.000000,0.000000,0.000000
56060.000000,65524.000000,0.000000,-12.000000,0.000000,0.000000,0.000000
56070.000000,65524.000000,0.000000,-12.000000,0.000000,0.000000,0.000000
56080.000000,65524.000000,0.000000,-12.000000,0.000000,0.000000,0.000000
56090.000000,65524.000000,0.000000,-12.000000,0.000000,0.000000,0.000000
56100.000000,65524.000000,0.000000,-12.000000,0.000000,0.000000,0.000000
56110.000000,65524.000000,0.000000,-12.000000,0.000000,0.000000,0.000000
56120.000000,65524.000000,0.000000,-12.000000,0.000000,0.000000,0.000000
56130.000000,65524.000000,0.000000,-12.000000,0.000000,0.000000,0.000000
56140.000000,65524.000000,0.000000,-12.000000,0.000000,0.000000,0.000000
56150.000000,65524.000000,0.000000,-12.000000,0.000000,0.000000,0.000000
56160.000000,65524.000000,0.000000,-12.000000,0.000000,0.000000,0.000000
56170.000000,65524.000000,0.000000,-12.000000,0.000000,0.000000,0.000000
56180.000000,65524.000000,0.000000,-12.000000,0.000000,0.000000,0.000000
56190.000000,65524.000000,0.000000,-12.000000,0.000000,0.000000,0.000000
56200.000000,65524.000000,0.000000,-12.000000,0.000000,0.000000,0.000000
56210.000000,65524.000000,0.000000,-12.000000,0.000000,0.000000,0.000000
56220.000000,65524.000000,0.000000,-12.000000,0.000000,0.000000,0.000000
56230.000000,65524.000000,0.000000,-12.000000,0.000000,0.000000,0.000000
56240.000000,65524.000000,0.000000,-12.000000,0.000000,0.000000,0.000000
56250.000000,65524.000000,0.000000,-12.000000,0.000000,0.000000,0.000000
56260.000000,65524.000000,0.000000,-12.000000,0.000000,0.000000,0.000000
56270.000000,65524.000000,0.000000,-12.000000,0.000000,0.000000,0.000000
56280.000000,65524.000000,0.000000,-12.000000,0.000000,0.000000,0.000000
56290.000000,65524.000000,0.000000,-12.000000,0.000000,0.000000,0.000000
56300.000000,65524.000000,0.000000,-12.000000,0.000000,0.000000,0.000000
56310.000000,65524.000000,0.000000,-12.000000,0.000000,0.000000,0.000000
56320.000000,65524.000000,0.000000,-12.000000,0.000000,0.000000,0.000000
56330.000000,65524.000000,0.000000,-12.000000,0.000000,0.000000,0.000000
56340.000000,65524.000000,0.000000,-12.000000,0.000000,0.000000,0.000000
56350.000000,65524.000000,0.000000,-12.000000,0.000000,0.000000,0.000000
56360.000000,65524.000000,0.000000,-12.000000,0.000000,0.000000,0.000000
56370.000000,65524.000000,0.000000,-12.000000,0.000000,0.000000,0.000000
56380.000000,65524.000000,0.000000,-12.000000,0.000000,0.000000,0.000000
56390.000000,65524.000000,0.000000,-12.000000,0.000000,0.000000,0.000000
56400.000000,65524.000000,0.000000,-12.000000,0.000000,0.000000,0.000000
56410.000000,65524.000000,0.000000,-12.000000,0.000000,0.000000,0.000000
56420.000000,65524.000000,0.000000,-12.000000,0.000000,0.000000,0.000000
56430.000000,65524.000000,0.000000,-12.000000,0.000000,0.000000,0.000000
56440.000000,65524.000000,0.000000,-12.000000,0.000000,0.000000,0.000000
56450.000000,65524.000000,0.000000,-12.000000,0.000000,0.000000,0.000000
56460.000000,65524.000000,0.000000,-12.000000,0.000000,0.000000,0.000000
56470.000000,65524.000000,0.000000,-12.000000,0.000000,0.000000,0.000000
56480.000000,65524.000000,0.000000,-12.000000,0.000000,0.000000,0.000000
56490.000000,65524.000000,0.000000,-12.000000,0.000000,0.000000,0.000000
56500.000000,65524.000000,0.000000,-12.000000,0.000000,0.000000,0.000000
56510.000000,65524.000000,0.000000,-12.000000,0.000000,0.000000,0.000000
56520.000000,65524.000000,0.000000,-12.000000,0.000000,0.000000,0.000000
56530.000000,65524.000000,0.000000,-12.000000,0.000000,0.000000,0.000000
56540.000000,65524.000000,0.000000,-12.000000,0.000000,0.000000,0.000000
56550.000000,65524.000000,0.000000,-12.000000,0.000000,0.000000,0.000000
56560.000000,65524.000000,0.000000,-12.000000,0.000000,0.000000,0.000000
56570.000000,65524.000000,0.000000,-12.000000,0.000000,0.000000,0.000000
56580.000000,65524.000000,0.000000,-12.000000,0.000000,0.000000,0.000000
56590.000000,65524.000000,0.000000,-12.000000,0.000000,0.000000,0.000000
56600.000000,65524.000000,0.000000,-12.000000,0.000000,0.000000,0.000000
56610.000000,65524.000000,0.000000,-12.000000,0.000000,0.000000,0.000000
56620.000000,65524.000000,0.000000,-12.000000,0.000000,0.000000,0.000000
56630.000000,65524.000000,0.000000,-12.000000,0.000000,0.000000,0.000000
56640.000000,65524.000000,0.000000,-12.000000,0.000000,0.000000,0.000000
56650.000000,65524.000000,0.000000,-12.000000,0.000000,0.000000,0.000000
56660.000000,65524.000000,0.000000,-12.000000,0.000000,0.000000,0.000000
56670.000000,65524.000000,0.000000,-12.000000,0.000000,0.000000,0.000000
56680.000000,65524.000000,0.000000,-12.000000,0.000000,0.000000,0.000000
56690.000000,65524.000000,0.000000,-12.000000,0.000000,0.000000,0.000000
56700.000000,65524.000000,0.000000,-12.000000,0.000000,0.000000,0.000000
56710.000000,65524.000000,0.000000,-12.000000,0.000000,0.000000,0.000000
56720.000000,65524.000000,0.000000,-12.000000,0.000000,0.000000,0.000000
56730.000000,65524.000000,0.000000,-12.000000,0.000000,0.000000,0.000000
56740.000000,65524.000000,0.000000,-12.000000,0.000000,0.000000,0.000000
56750.000000,65524.000000,0.000000,-12.000000,0.000000,0.000000,0.000000
56760.000000,65524.000000,0.000000,-12.000000,0.000000,0.000000,0.000000
56770.000000,65524.000000,0.000000,-12.000000,0.000000,0.000000,0.000000
56780.000000,65524.000000,0.000000,-12.000000,0.000000,0.000000,0.000000
56790.000000,65524.000000,0.000000,-12.000000,0.000000,0.000000,0.000000
56800.000000,65524.000000,0.000000,-12.000000,0.000000,0.000000,0.000000
56810.000000,65524.000000,0.000000,-12.000000,0.000000,0.000000,0.000000
56820.000000,65524.000000,0.000000,-12.000000,0.000000,0.000000,0.000000
56830.000000,65524.000000,0.000000,-12.000000,0.000000,0.000000,0.000000
56840.000000,65524.000000,0.000000,-12.000000,0.000000,0.000000,0.000000
56850.000000,65524.000000,0.000000,-12.000000,0.000000,0.000000,0.000000
56860.000000,65524.000000,0.000000,-12.000000,0.000000,0.000000,0.000000
56870.000000,65524.000000,0.000000,-12.000000,0.000000,0.000000,0.000000
56880.000000,65524.000000,0.000000,-12.000000,0.000000,0.000000,0.000000
56890.000000,65524.000000,0.000000,-12.000000,0.000000,0.000000,0.000000
56900.000000,65524.000000,0.000000,-12.000000,0.000000,0.000000,0.000000
56910.000000,65524.000000,0.000000,-12.000000,0.000000,0.000000,0.000000
56920.000000,65524.000000,0.000000,-12.000000,0.000000,0.000000,0.000000
56930.000000,65524.000000,0.000000,-12.000000,0.000000,0.000000,0.000000
56940.000000,65525.000000,1.000000,-11.000000,0.000000,0.000000,0.000000
56950.000000,65525.000000,0.000000,-11.000000,0.000000,0.000000,0.000000
56960.000000,65525.000000,0.000000,-11.000000,0.000000,0.000000,0.000000
56970.000000,65525.000000,0.000000,-11.000000,0.000000,0.000000,0.000000
56980.000000,65525.000000,0.000000,-11.000000,0.000000,0.000000,0.000000
56990.000000,65525.000000,0.000000,-11.000000,0.000000,0.000000,0.000000
57000.000000,65525.000000,0.000000,-11.000000,0.000000,0.000000,0.000000
57010.000000,65525.000000,0.000000,-11.000000,0.000000,0.000000,0.000000
57020.000000,65525.000000,0.000000,-11.000000,0.000000,0.000000,0.000000
57030.000000,65525.000000,0.000000,-11.000000,0.000000,0.000000,0.000000
57040.000000,65525.000000,0.000000,-11.000000,0.000000,0.000000,0.000000
57050.000000,65525.000000,0.000000,-11.000000,0.000000,0.000000,0.000000
57060.000000,65525.000000,0.000000,-11.000000,0.000000,0.000000,0.000000
57070.000000,65525.000000,0.000000,-11.000000,0.000000,0.000000,0.000000
57080.000000,65525.000000,0.000000,-11.000000,0.000000,0.000000,0.000000
57090.000000,65525.000000,0.000000,-11.000000,0.000000,0.000000,0.000000
57100.000000,65526.000000,1.000000,-10.000000,0.000000,0.000000,0.000000
57110.000000,65525.000000,-1.000000,-11.000000,0.000000,0.000000,0.000000
57120.000000,65525.000000,0.000000,-11.000000,0.000000,0.000000,0.000000
57130.000000,65525.000000,0.000000,-11.000000,0.000000,0.000000,0.000000
57140.000000,65525.000000,0.000000,-11.000000,0.000000,0.000000,0.000000
57150.000000,65525.000000,0.000000,-11.000000,0.000000,0.000000,0.000000
57160.000000,65525.000000,0.000000,-11.000000,0.000000,0.000000,0.000000
57170.000000,65525.000000,0.000000,-11.000000,0.000000,0.000000,0.000000
57180.000000,65525.000000,0.000000,-11.000000,0.000000,0.000000,0.000000
57190.000000,65525.000000,0.000000,-11.000000,0.000000,0.000000,0.000000
57200.000000,65525.000000,0.000000,-11.000000,0.000000,0.000000,0.000000
57210.000000,65525.000000,0.000000,-11.000000,0.000000,0.000000,0.000000
57220.000000,65525.000000,0.000000,-11.000000,0.000000,0.000000,0.000000
57230.000000,65525.000000,0.000000,-11.000000,0.000000,0.000000,0.000000
57240.000000,65525.000000,0.000000,-11.000000,0.000000,0.000000,0.000000
57250.000000,65525.000000,0.000000,-11.000000,0.000000,0.000000,0.000000
57260.000000,65525.000000,0.000000,-11.000000,0.000000,0.000000,0.000000
57270.000000,65525.000000,0.000000,-11.000000,0.000000,0.000000,0.000000
57280.000000,65525.000000,0.000000,-11.000000,0.000000,0.000000,0.000000
57290.000000,65525.000000,0.000000,-11.000000,0.000000,0.000000,0.000000
57300.000000,65525.000000,0.000000,-11.000000,0.000000,0.000000,0.000000
57310.000000,65525.000000,0.000000,-11.000000,0.000000,0.000000,0.000000
57320.000000,65525.000000,0.000000,-11.000000,0.000000,0.000000,0.000000
57330.000000,65525.000000,0.000000,-11.000000,0.000000,0.000000,0.000000
57340.000000,65525.000000,0.000000,-11.000000,0.000000,0.000000,0.000000
57350.000000,65525.000000,0.000000,-11.000000,0.000000,0.000000,0.000000
57360.000000,65525.000000,0.000000,-11.000000,0.000000,0.000000,0.000000
57370.000000,65525.000000,0.000000,-11.000000,0.000000,0.000000,0.000000
57380.000000,65525.000000,0.000000,-11.000000,0.000000,0.000000,0.000000
57390.000000,65525.000000,0.000000,-11.000000,0.000000,0.000000,0.000000
57400.000000,65525.000000,0.000000,-11.000000,0.000000,0.000000,0.000000
57410.000000,65525.000000,0.000000,-11.000000,0.000000,0.000000,0.000000
57420.000000,65525.000000,0.000000,-11.000000,0.000000,0.000000,0.000000
57430.000000,65525.000000,0.000000,-11.000000,0.000000,0.000000,0.000000
57440.000000,65525.000000,0.000000,-11.000000,0.000000,0.000000,0.000000
57450.000000,65525.000000,0.000000,-11.000000,0.000000,0.000000,0.000000
57460.000000,65525.000000,0.000000,-11.000000,0.000000,0.000000,0.000000
57470.000000,65525.000000,0.000000,-11.000000,0.000000,0.000000,0.000000
57480.000000,65525.000000,0.000000,-11.000000,0.000000,0.000000,0.000000
57490.000000,65525.000000,0.000000,-11.000000,0.000000,0.000000,0.000000
57500.000000,65525.000000,0.000000,-11.000000,0.000000,0.000000,0.000000
57510.000000,65525.000000,0.000000,-11.000000,0.000000,0.000000,0.000000
57520.000000,65525.000000,0.000000,-11.000000,0.000000,0.000000,0.000000
57530.000000,65525.000000,0.000000,-11.000000,0.000000,0.000000,0.000000
57540.000000,65525.000000,0.000000,-11.000000,0.000000,0.000000,0.000000
57550.000000,65525.000000,0.000000,-11.000000,0.000000,0.000000,0.000000
57560.000000,65525.000000,0.000000,-11.000000,0.000000,0.000000,0.000000
57570.000000,65525.000000,0.000000,-11.000000,0.000000,0.000000,0.000000
57580.000000,65525.000000,0.000000,-11.000000,0.000000,0.000000,0.000000
57590.000000,65525.000000,0.000000,-11.000000,0.000000,0.000000,0.000000
57600.000000,65525.000000,0.000000,-11.000000,0.000000,0.000000,0.000000
57610.000000,65526.000000,1.000000,-10.000000,0.000000,0.000000,0.000000
57620.000000,65526.000000,0.000000,-10.000000,0.000000,0.000000,0.000000
57630.000000,65526.000000,0.000000,-10.000000,0.000000,0.000000,0.000000
57640.000000,65526.000000,0.000000,-10.000000,0.000000,0.000000,0.000000
57650.000000,65526.000000,0.000000,-10.000000,0.000000,0.000000,0.000000
57660.000000,65526.000000,0.000000,-10.000000,0.000000,0.000000,0.000000
57670.000000,65526.000000,0.000000,-10.000000,0.000000,0.000000,0.000000
57680.000000,65526.000000,0.000000,-10.000000,0.000000,0.000000,0.000000
57690.000000,65526.000000,0.000000,-10.000000,0.000000,0.000000,0.000000
57700.000000,65526.000000,0.000000,-10.000000,0.000000,0.000000,0.000000
57710.000000,65526.000000,0.000000,-10.000000,0.000000,0.000000,0.000000
57720.000000,65526.000000,0.000000,-10.000000,0.000000,0.000000,0.000000
57730.000000,65526.000000,0.000000,-10.000000,0.000000,0.000000,0.000000
57740.000000,65526.000000,0.000000,-10.000000,0.000000,0.000000,0.000000
57750.000000,65526.000000,0.000000,-10.000000,0.000000,0.000000,0.000000
57760.000000,65526.000000,0.000000,-10.000000,0.000000,0.000000,0.000000
57770.000000,65526.000000,0.000000,-10.000000,0.000000,0.000000,0.000000
57780.000000,65526.000000,0.000000,-10.000000,0.000000,0.000000,0.000000
57790.000000,65526.000000,0.000000,-10.000000,0.000000,0.000000,0.000000
57800.000000,65526.000000,0.000000,-10.000000,0.000000,0.000000,0.000000
57810.000000,65526.000000,0.000000,-10.000000,0.000000,0.000000,0.000000
57820.000000,65526.000000,0.000000,-10.000000,0.000000,0.000000,0.000000
57830.000000,65526.000000,0.000000,-10.000000,0.000000,0.000000,0.000000
57840.000000,65526.000000,0.000000,-10.000000,0.000000,0.000000,0.000000
57850.000000,65526.000000,0.000000,-10.000000,0.000000,0.000000,0.000000
57860.000000,65526.000000,0.000000,-10.000000,0.000000,0.000000,0.000000
57870.000000,65526.000000,0.000000,-10.000000,0.000000,0.000000,0.000000
57880.000000,65526.000000,0.000000,-10.000000,0.000000,0.000000,0.000000
57890.000000,65526.000000,0.000000,-10.000000,0.000000,0.000000,0.000000
57900.000000,65526.000000,0.000000,-10.000000,0.000000,0.000000,0.000000
57910.000000,65526.000000,0.000000,-10.000000,0.000000,0.000000,0.000000
57920.000000,65526.000000,0.000000,-10.000000,0.000000,0.000000,0.000000
57930.000000,65526.000000,0.000000,-10.000000,0.000000,0.000000,0.000000
57940.000000,65526.000000,0.000000,-10.000000,0.000000,0.000000,0.000000
57950.000000,65526.000000,0.000000,-10.000000,0.000000,0.000000,0.000000
57960.000000,65526.000000,0.000000,-10.000000,0.000000,0.000000,0.000000
57970.000000,65526.000000,0.000000,-10.000000,0.000000,0.000000,0.000000
57980.000000,65526.000000,0.000000,-10.000000,0.000000,0.000000,0.000000
57990.000000,65526.000000,0.000000,-10.000000,0.000000,0.000000,0.000000
58000.000000,65526.000000,0.000000,-10.000000,0.000000,0.000000,0.000000
58010.000000,65526.000000,0.000000,-10.000000,0.000000,0.000000,0.000000
58020.000000,65526.000000,0.000000,-10.000000,0.000000,0.000000,0.000000
58030.000000,65526.000000,0.000000,-10.000000,0.000000,0.000000,0.000000
58040.000000,65526.000000,0.000000,-10.000000,0.000000,0.000000,0.000000
58050.000000,65526.000000,0.000000,-10.000000,0.000000,0.000000,0.000000
58060.000000,65526.000000,0.000000,-10.000000,0.000000,0.000000,0.000000
58070.000000,65526.000000,0.000000,-10.000000,0.000000,0.000000,0.000000
58080.000000,65526.000000,0.000000,-10.000000,0.000000,0.000000,0.000000
58090.000000,65526.000000,0.000000,-10.000000,0.000000,0.000000,0.000000
58100.000000,65526.000000,0.000000,-10.000000,0.000000,0.000000,0.000000
58110.000000,65526.000000,0.000000,-10.000000,0.000000,0.000000,0.000000
58120.000000,65526.000000,0.000000,-10.000000,0.000000,0.000000,0.000000
58130.000000,65526.000000,0.000000,-10.000000,0.000000,0.000000,0.000000
58140.000000,65526.000000,0.000000,-10.000000,0.000000,0.000000,0.000000
58150.000000,65526.000000,0.000000,-10.000000,0.000000,0.000000,0.000000
58160.000000,65526.000000,0.000000,-10.000000,0.000000,0.000000,0.000000
58170.000000,65526.000000,0.000000,-10.000000,0.000000,0.000000,0.000000
58180.000000,65526.000000,0.000000,-10.000000,0.000000,0.000000,0.000000
58190.000000,65526.000000,0.000000,-10.000000,0.000000,0.000000,0.000000
58200.000000,65526.000000,0.000000,-10.000000,0.000000,0.000000,0.000000
58210.000000,65526.000000,0.000000,-10.000000,0.000000,0.000000,0.000000
58220.000000,65526.000000,0.000000,-10.000000,0.000000,0.000000,0.000000
58230.000000,65526.000000,0.000000,-10.000000,0.000000,0.000000,0.000000
58240.000000,65526.000000,0.000000,-10.000000,0.000000,0.000000,0.000000
58250.000000,65526.000000,0.000000,-10.000000,0.000000,0.000000,0.000000
58260.000000,65526.000000,0.000000,-10.000000,0.000000,0.000000,0.000000
58270.000000,65526.000000,0.000000,-10.000000,0.000000,0.000000,0.000000
58280.000000,65526.000000,0.000000,-10.000000,0.000000,0.000000,0.000000
58290.000000,65526.000000,0.000000,-10.000000,0.000000,0.000000,0.000000
58300.000000,65526.000000,0.000000,-10.000000,0.000000,0.000000,0.000000
58310.000000,65526.000000,0.000000,-10.000000,0.000000,0.000000,0.000000
58320.000000,65526.000000,0.000000,-10.000000,0.000000,0.000000,0.000000
58330.000000,65526.000000,0.000000,-10.000000,0.000000,0.000000,0.000000
58340.000000,65526.000000,0.000000,-10.000000,0.000000,0.000000,0.000000
58350.000000,65526.000000,0.000000,-10.000000,0.000000,0.000000,0.000000
58360.000000,65526.000000,0.000000,-10.000000,0.000000,0.000000,0.000000
58370.000000,65526.000000,0.000000,-10.000000,0.000000,0.000000,0.000000
58380.000000,65526.000000,0.000000,-10.000000,0.000000,0.000000,0.000000
58390.000000,65526.000000,0.000000,-10.000000,0.000000,0.000000,0.000000
58400.000000,65526.000000,0.000000,-10.000000,0.000000,0.000000,0.000000
58410.000000,65526.000000,0.000000,-10.000000,0.000000,0.000000,0.000000
58420.000000,65526.000000,0.000000,-10.000000,0.000000,0.000000,0.000000
58430.000000,65526.000000,0.000000,-10.000000,0.000000,0.000000,0.000000
58440.000000,65526.000000,0.000000,-10.000000,0.000000,0.000000,0.000000
58450.000000,65526.000000,0.000000,-10.000000,0.000000,0.000000,0.000000
58460.000000,65526.000000,0.000000,-10.000000,0.000000,0.000000,0.000000
58470.000000,65526.000000,0.000000,-10.000000,0.000000,0.000000,0.000000
58480.000000,65529.000000,3.000000,-7.000000,0.000000,0.000000,0.000000
58490.000000,65529.000000,0.000000,-7.000000,0.000000,0.000000,0.000000
58500.000000,65529.000000,0.000000,-7.000000,0.000000,0.000000,0.000000
58510.000000,65529.000000,0.000000,-7.000000,0.000000,0.000000,0.000000
58520.000000,65529.000000,0.000000,-7.000000,0.000000,0.000000,0.000000
58530.000000,65529.000000,0.000000,-7.000000,0.000000,0.000000,0.000000
58540.000000,65529.000000,0.000000,-7.000000,0.000000,0.000000,0.000000
58550.000000,65529.000000,0.000000,-7.000000,0.000000,0.000000,0.000000
58560.000000,65529.000000,0.000000,-7.000000,0.000000,0.000000,0.000000
58570.000000,65529.000000,0.000000,-7.000000,0.000000,0.000000,0.000000
58580.000000,65529.000000,0.000000,-7.000000,0.000000,0.000000,0.000000
58590.000000,65529.000000,0.000000,-7.000000,0.000000,0.000000,0.000000
58600.000000,65529.000000,0.000000,-7.000000,0.000000,0.000000,0.000000
58610.000000,65529.000000,0.000000,-7.000000,0.000000,0.000000,0.000000
58620.000000,65529.000000,0.000000,-7.000000,0.000000,0.000000,0.000000
58630.000000,65529.000000,0.000000,-7.000000,0.000000,0.000000,0.000000
58640.000000,65529.000000,0.000000,-7.000000,0.000000,0.000000,0.000000
58650.000000,65529.000000,0.000000,-7.000000,0.000000,0.000000,0.000000
58660.000000,65529.000000,0.000000,-7.000000,0.000000,0.000000,0.000000
58670.000000,65529.000000,0.000000,-7.000000,0.000000,0.000000,0.000000
58680.000000,65529.000000,0.000000,-7.000000,0.000000,0.000000,0.000000
58690.000000,65529.000000,0.000000,-7.000000,0.000000,0.000000,0.000000
58700.000000,65529.000000,0.000000,-7.000000,0.000000,0.000000,0.000000
58710.000000,65529.000000,0.000000,-7.000000,0.000000,0.000000,0.000000
58720.000000,65529.000000,0.000000,-7.000000,0.000000,0.000000,0.000000
58730.000000,65529.000000,0.000000,-7.000000,0.000000,0.000000,0.000000
58740.000000,65529.000000,0.000000,-7.000000,0.000000,0.000000,0.000000
58750.000000,65529.000000,0.000000,-7.000000,0.000000,0.000000,0.000000
58760.000000,65529.000000,0.000000,-7.000000,0.000000,0.000000,0.000000
58770.000000,65529.000000,0.000000,-7.000000,0.000000,0.000000,0.000000
58780.000000,65529.000000,0.000000,-7.000000,0.000000,0.000000,0.000000
58790.000000,65529.000000,0.000000,-7.000000,0.000000,0.000000,0.000000
58800.000000,65529.000000,0.000000,-7.000000,0.000000,0.000000,0.000000
58810.000000,65529.000000,0.000000,-7.000000,0.000000,0.000000,0.000000
58820.000000,65529.000000,0.000000,-7.000000,0.000000,0.000000,0.000000
58830.000000,65529.000000,0.000000,-7.000000,0.000000,0.000000,0.000000
58840.000000,65529.000000,0.000000,-7.000000,0.000000,0.000000,0.000000
58850.000000,65529.000000,0.000000,-7.000000,0.000000,0.000000,0.000000
58860.000000,65529.000000,0.000000,-7.000000,0.000000,0.000000,0.000000
58870.000000,65529.000000,0.000000,-7.000000,0.000000,0.000000,0.000000
58880.000000,65529.000000,0.000000,-7.000000,0.000000,0.000000,0.000000
58890.000000,65529.000000,0.000000,-7.000000,0.000000,0.000000,0.000000
58900.000000,65529.000000,0.000000,-7.000000,0.000000,0.000000,0.000000
58910.000000,65529.000000,0.000000,-7.000000,0.000000,0.000000,0.000000
58920.000000,65529.000000,0.000000,-7.000000,0.000000,0.000000,0.000000
58930.000000,65529.000000,0.000000,-7.000000,0.000000,0.000000,0.000000
58940.000000,65529.000000,0.000000,-7.000000,0.000000,0.000000,0.000000
58950.000000,65529.000000,0.000000,-7.000000,0.000000,0.000000,0.000000
58960.000000,65529.000000,0.000000,-7.000000,0.000000,0.000000,0.000000
58970.000000,65529.000000,0.000000,-7.000000,0.000000,0.000000,0.000000
58980.000000,65529.000000,0.000000,-7.000000,0.000000,0.000000,0.000000
58990.000000,65529.000000,0.000000,-7.000000,0.000000,0.000000,0.000000
59000.000000,65531.000000,2.000000,-5.000000,0.000000,0.000000,0.000000
59010.000000,65531.000000,0.000000,-5.000000,0.000000,0.000000,0.000000
59020.000000,65531.000000,0.000000,-5.000000,0.000000,0.000000,0.000000
59030.000000,65531.000000,0.000000,-5.000000,0.000000,0.000000,0.000000
59040.000000,65531.000000,0.000000,-5.000000,0.000000,0.000000,0.000000
59050.000000,65531.000000,0.000000,-5.000000,0.000000,0.000000,0.000000
59060.000000,65531.000000,0.000000,-5.000000,0.000000,0.000000,0.000000
59070.000000,65531.000000,0.000000,-5.000000,0.000000,0.000000,0.000000
59080.000000,65531.000000,0.000000,-5.000000,0.000000,0.000000,0.000000
59090.000000,65531.000000,0.000000,-5.000000,0.000000,0.000000,0.000000
59100.000000,65531.000000,0.000000,-5.000000,0.000000,0.000000,0.000000
59110.000000,65531.000000,0.000000,-5.000000,0.000000,0.000000,0.000000
59120.000000,65531.000000,0.000000,-5.000000,0.000000,0.000000,0.000000
59130.000000,65531.000000,0.000000,-5.000000,0.000000,0.000000,0.000000
59140.000000,65531.000000,0.000000,-5.000000,0.000000,0.000000,0.000000
59150.000000,65531.000000,0.000000,-5.000000,0.000000,0.000000,0.000000
59160.000000,65529.000000,-2.000000,-7.000000,0.000000,0.000000,0.000000
59170.000000,65529.000000,0.000000,-7.000000,0.000000,0.000000,0.000000
59180.000000,65529.000000,0.000000,-7.000000,0.000000,0.000000,0.000000
59190.000000,65529.000000,0.000000,-7.000000,0.000000,0.000000,0.000000
59200.000000,65529.000000,0.000000,-7.000000,0.000000,0.000000,0.000000
59210.000000,65529.000000,0.000000,-7.000000,0.000000,0.000000,0.000000
59220.000000,65529.000000,0.000000,-7.000000,0.000000,0.000000,0.000000
59230.000000,65529.000000,0.000000,-7.000000,0.000000,0.000000,0.000000
59240.000000,65529.000000,0.000000,-7.000000,0.000000,0.000000,0.000000
59250.000000,65529.000000,0.000000,-7.000000,0.000000,0.000000,0.000000
59260.000000,65529.000000,0.000000,-7.000000,0.000000,0.000000,0.000000
59270.000000,65529.000000,0.000000,-7.000000,0.000000,0.000000,0.000000
59280.000000,65529.000000,0.000000,-7.000000,0.000000,0.000000,0.000000
59290.000000,65529.000000,0.000000,-7.000000,0.000000,0.000000,0.000000
59300.000000,65529.000000,0.000000,-7.000000,0.000000,0.000000,0.000000
59310.000000,65529.000000,0.000000,-7.000000,0.000000,0.000000,0.000000
59320.000000,65529.000000,0.000000,-7.000000,0.000000,0.000000,0.000000
59330.000000,65529.000000,0.000000,-7.000000,0.000000,0.000000,0.000000
59340.000000,65529.000000,0.000000,-7.000000,0.000000,0.000000,0.000000
59350.000000,65529.000000,0.000000,-7.000000,0.000000,0.000000,0.000000
59360.000000,65529.000000,0.000000,-7.000000,0.000000,0.000000,0.000000
59370.000000,65529.000000,0.000000,-7.000000,0.000000,0.000000,0.000000
59380.000000,65529.000000,0.000000,-7.000000,0.000000,0.000000,0.000000
59390.000000,65529.000000,0.000000,-7.000000,0.000000,0.000000,0.000000
59400.000000,65529.000000,0.000000,-7.000000,0.000000,0.000000,0.000000
59410.000000,65529.000000,0.000000,-7.000000,0.000000,0.000000,0.000000
59420.000000,65529.000000,0.000000,-7.000000,0.000000,0.000000,0.000000
59430.000000,65529.000000,0.000000,-7.000000,0.000000,0.000000,0.000000
59440.000000,65529.000000,0.000000,-7.000000,0.000000,0.000000,0.000000
59450.000000,65529.000000,0.000000,-7.000000,0.000000,0.000000,0.000000
59460.000000,65529.000000,0.000000,-7.000000,0.000000,0.000000,0.000000
59470.000000,65529.000000,0.000000,-7.000000,0.000000,0.000000,0.000000
59480.000000,65529.000000,0.000000,-7.000000,0.000000,0.000000,0.000000
59490.000000,65529.000000,0.000000,-7.000000,0.000000,0.000000,0.000000
59500.000000,65529.000000,0.000000,-7.000000,0.000000,0.000000,0.000000
59510.000000,65529.000000,0.000000,-7.000000,0.000000,0.000000,0.000000
59520.000000,65529.000000,0.000000,-7.000000,0.000000,0.000000,0.000000
59530.000000,65529.000000,0.000000,-7.000000,0.000000,0.000000,0.000000
59540.000000,65529.000000,0.000000,-7.000000,0.000000,0.000000,0.000000
59550.000000,65529.000000,0.000000,-7.000000,0.000000,0.000000,0.000000
59560.000000,65529.000000,0.000000,-7.000000,0.000000,0.000000,0.000000
59570.000000,65529.000000,0.000000,-7.000000,0.000000,0.000000,0.000000
59580.000000,65529.000000,0.000000,-7.000000,0.000000,0.000000,0.000000
59590.000000,65529.000000,0.000000,-7.000000,0.000000,0.000000,0.000000
59600.000000,65529.000000,0.000000,-7.000000,0.000000,0.000000,0.000000
59610.000000,65529.000000,0.000000,-7.000000,0.000000,0.000000,0.000000
59620.000000,65529.000000,0.000000,-7.000000,0.000000,0.000000,0.000000
59630.000000,65529.000000,0.000000,-7.000000,0.000000,0.000000,0.000000
59640.000000,65529.000000,0.000000,-7.000000,0.000000,0.000000,0.000000
59650.000000,65530.000000,1.000000,-6.000000,0.000000,0.000000,0.000000
59660.000000,65530.000000,0.000000,-6.000000,0.000000,0.000000,0.000000
59670.000000,65528.000000,-2.000000,-8.000000,0.000000,0.000000,0.000000
59680.000000,65528.000000,0.000000,-8.000000,0.000000,0.000000,0.000000
59690.000000,65528.000000,0.000000,-8.000000,0.000000,0.000000,0.000000
59700.000000,65528.000000,0.000000,-8.000000,0.000000,0.000000,0.000000
59710.000000,65528.000000,0.000000,-8.000000,0.000000,0.000000,0.000000
59720.000000,65528.000000,0.000000,-8.000000,0.000000,0.000000,0.000000
59730.000000,65528.000000,0.000000,-8.000000,0.000000,0.000000,0.000000
8150.000000,0.000000,0.000000,0.000000,65534.000000,0.000000,-2.000000
8160.000000,0.000000,0.000000,0.000000,65534.000000,0.000000,-2.000000
8170.000000,0.000000,0.000000,0.000000,65534.000000,0.000000,-2.000000
8180.000000,0.000000,0.000000,0.000000,65534.000000,0.000000,-2.000000
8190.000000,0.000000,0.000000,0.000000,65534.000000,0.000000,-2.000000
8200.000000,0.000000,0.000000,0.000000,65534.000000,0.000000,-2.000000
8210.000000,0.000000,0.000000,0.000000,65534.000000,0.000000,-2.000000
8220.000000,0.000000,0.000000,0.000000,65534.000000,0.000000,-2.000000
8230.000000,0.000000,0.000000,0.000000,65534.000000,0.000000,-2.000000
8240.000000,0.000000,0.000000,0.000000,65534.000000,0.000000,-2.000000
8250.000000,0.000000,0.000000,0.000000,65534.000000,0.000000,-2.000000
8260.000000,0.000000,0.000000,0.000000,65534.000000,0.000000,-2.000000
8270.000000,0.000000,0.000000,0.000000,65534.000000,0.000000,-2.000000
8280.000000,0.000000,0.000000,0.000000,65534.000000,0.000000,-2.000000
8290.000000,0.000000,0.000000,0.000000,65534.000000,0.000000,-2.000000
8300.000000,0.000000,0.000000,0.000000,65534.000000,0.000000,-2.000000
8310.000000,0.000000,0.000000,0.000000,65534.000000,0.000000,-2.000000
8320.000000,0.000000,0.000000,0.000000,65534.000000,0.000000,-2.000000
8330.000000,0.000000,0.000000,0.000000,65534.000000,0.000000,-2.000000
8340.000000,0.000000,0.000000,0.000000,65534.000000,0.000000,-2.000000
8350.000000,0.000000,0.000000,0.000000,65534.000000,0.000000,-2.000000
8360.000000,0.000000,0.000000,0.000000,65534.000000,0.000000,-2.000000
8370.000000,0.000000,0.000000,0.000000,65534.000000,0.000000,-2.000000
8380.000000,0.000000,0.000000,0.000000,65534.000000,0.000000,-2.000000
8390.000000,0.000000,0.000000,0.000000,65534.000000,0.000000,-2.000000
8400.000000,0.000000,0.000000,0.000000,65534.000000,0.000000,-2.000000
8410.000000,0.000000,0.000000,0.000000,65534.000000,0.000000,-2.000000
8420.000000,0.000000,0.000000,0.000000,65534.000000,0.000000,-2.000000
8430.000000,0.000000,0.000000,0.000000,65534.000000,0.000000,-2.000000
8440.000000,0.000000,0.000000,0.000000,65534.000000,0.000000,-2.000000
8450.000000,0.000000,0.000000,0.000000,65534.000000,0.000000,-2.000000
8460.000000,0.000000,0.000000,0.000000,65534.000000,0.000000,-2.000000
8470.000000,0.000000,0.000000,0.000000,65534.000000,0.000000,-2.000000
8480.000000,0.000000,0.000000,0.000000,65534.000000,0.000000,-2.000000
8490.000000,0.000000,0.000000,0.000000,65534.000000,0.000000,-2.000000
8500.000000,0.000000,0.000000,0.000000,65534.000000,0.000000,-2.000000
8510.000000,0.000000,0.000000,0.000000,65534.000000,0.000000,-2.000000
8520.000000,0.000000,0.000000,0.000000,65534.000000,0.000000,-2.000000
8530.000000,0.000000,0.000000,0.000000,65534.000000,0.000000,-2.000000
8540.000000,0.000000,0.000000,0.000000,65534.000000,0.000000,-2.000000
8550.000000,0.000000,0.000000,0.000000,65534.000000,0.000000,-2.000000
8560.000000,0.000000,0.000000,0.000000,65534.000000,0.000000,-2.000000
8570.000000,0.000000,0.000000,0.000000,65534.000000,0.000000,-2.000000
8580.000000,0.000000,0.000000,0.000000,65534.000000,0.000000,-2.000000
8590.000000,0.000000,0.000000,0.000000,65534.000000,0.000000,-2.000000
8600.000000,0.000000,0.000000,0.000000,65534.000000,0.000000,-2.000000
8610.000000,0.000000,0.000000,0.000000,65534.000000,0.000000,-2.000000
8620.000000,0.000000,0.000000,0.000000,65534.000000,0.000000,-2.000000
8630.000000,0.000000,0.000000,0.000000,65534.000000,0.000000,-2.000000
8640.000000,0.000000,0.000000,0.000000,65534.000000,0.000000,-2.000000
8650.000000,0.000000,0.000000,0.000000,65534.000000,0.000000,-2.000000
8660.000000,0.000000,0.000000,0.000000,65534.000000,0.000000,-2.000000
8670.000000,0.000000,0.000000,0.000000,65534.000000,0.000000,-2.000000
8680.000000,0.000000,0.000000,0.000000,65534.000000,0.000000,-2.000000
8690.000000,0.000000,0.000000,0.000000,65534.000000,0.000000,-2.000000
8700.000000,0.000000,0.000000,0.000000,65534.000000,0.000000,-2.000000
8710.000000,0.000000,0.000000,0.000000,65534.000000,0.000000,-2.000000
8720.000000,0.000000,0.000000,0.000000,65534.000000,0.000000,-2.000000
8730.000000,0.000000,0.000000,0.000000,65534.000000,0.000000,-2.000000
8740.000000,0.000000,0.000000,0.000000,65534.000000,0.000000,-2.000000
8750.000000,0.000000,0.000000,0.000000,65534.000000,0.000000,-2.000000
8760.000000,0.000000,0.000000,0.000000,65534.000000,0.000000,-2.000000
8770.000000,0.000000,0.000000,0.000000,65534.000000,0.000000,-2.000000
8780.000000,0.000000,0.000000,0.000000,65534.000000,0.000000,-2.000000
8790.000000,0.000000,0.000000,0.000000,65534.000000,0.000000,-2.000000
8800.000000,0.000000,0.000000,0.000000,65534.000000,0.000000,-2.000000
8810.000000,0.000000,0.000000,0.000000,65534.000000,0.000000,-2.000000
8820.000000,0.000000,0.000000,0.000000,65534.000000,0.000000,-2.000000
8830.000000,0.000000,0.000000,0.000000,65534.000000,0.000000,-2.000000
8840.000000,0.000000,0.000000,0.000000,65534.000000,0.000000,-2.000000
8850.000000,0.000000,0.000000,0.000000,65534.000000,0.000000,-2.000000
8860.000000,0.000000,0.000000,0.000000,65534.000000,0.000000,-2.000000
8870.000000,0.000000,0.000000,0.000000,65534.000000,0.000000,-2.000000
8880.000000,0.000000,0.000000,0.000000,65534.000000,0.000000,-2.000000
8890.000000,0.000000,0.000000,0.000000,65534.000000,0.000000,-2.000000
8900.000000,0.000000,0.000000,0.000000,65534.000000,0.000000,-2.000000
8910.000000,0.000000,0.000000,0.000000,65534.000000,0.000000,-2.000000
8920.000000,0.000000,0.000000,0.000000,65534.000000,0.000000,-2.000000
8930.000000,0.000000,0.000000,0.000000,65534.000000,0.000000,-2.000000
8940.000000,0.000000,0.000000,0.000000,65534.000000,0.000000,-2.000000
8950.000000,0.000000,0.000000,0.000000,65534.000000,0.000000,-2.000000
8960.000000,0.000000,0.000000,0.000000,65534.000000,0.000000,-2.000000
8970.000000,0.000000,0.000000,0.000000,65534.000000,0.000000,-2.000000
8980.000000,0.000000,0.000000,0.000000,65534.000000,0.000000,-2.000000
8990.000000,0.000000,0.000000,0.000000,65534.000000,0.000000,-2.000000
9000.000000,0.000000,0.000000,0.000000,65534.000000,0.000000,-2.000000
9010.000000,0.000000,0.000000,0.000000,65534.000000,0.000000,-2.000000
9020.000000,0.000000,0.000000,0.000000,65534.000000,0.000000,-2.000000
9030.000000,0.000000,0.000000,0.000000,65534.000000,0.000000,-2.000000
9040.000000,0.000000,0.000000,0.000000,65534.000000,0.000000,-2.000000
9050.000000,0.000000,0.000000,0.000000,65534.000000,0.000000,-2.000000
9060.000000,0.000000,0.000000,0.000000,65534.000000,0.000000,-2.000000
9070.000000,0.000000,0.000000,0.000000,65534.000000,0.000000,-2.000000
9080.000000,0.000000,0.000000,0.000000,65534.000000,0.000000,-2.000000
9090.000000,0.000000,0.000000,0.000000,65534.000000,0.000000,-2.000000
9100.000000,0.000000,0.000000,0.000000,65534.000000,0.000000,-2.000000
9110.000000,0.000000,0.000000,0.000000,65534.000000,0.000000,-2.000000
9120.000000,0.000000,0.000000,0.000000,65534.000000,0.000000,-2.000000
9130.000000,0.000000,0.000000,0.000000,65534.000000,0.000000,-2.000000
9140.000000,0.000000,0.000000,0.000000,65534.000000,0.000000,-2.000000
9150.000000,0.000000,0.000000,0.000000,65534.000000,0.000000,-2.000000
9160.000000,0.000000,0.000000,0.000000,65534.000000,0.000000,-2.000000
9170.000000,0.000000,0.000000,0.000000,65534.000000,0.000000,-2.000000
9180.000000,0.000000,0.000000,0.000000,65534.000000,0.000000,-2.000000
9190.000000,0.000000,0.000000,0.000000,65534.000000,0.000000,-2.000000
9200.000000,0.000000,0.000000,0.000000,65534.000000,0.000000,-2.000000
9210.000000,0.000000,0.000000,0.000000,65534.000000,0.000000,-2.000000
9220.000000,0.000000,0.000000,0.000000,65534.000000,0.000000,-2.000000
9230.000000,0.000000,0.000000,0.000000,65534.000000,0.000000,-2.000000
9240.000000,0.000000,0.000000,0.000000,65534.000000,0.000000,-2.000000
9250.000000,0.000000,0.000000,0.000000,65534.000000,0.000000,-2.000000
9260.000000,0.000000,0.000000,0.000000,65534.000000,0.000000,-2.000000
9270.000000,0.000000,0.000000,0.000000,65534.000000,0.000000,-2.000000
9280.000000,0.000000,0.000000,0.000000,65534.000000,0.000000,-2.000000
9290.000000,0.000000,0.000000,0.000000,65534.000000,0.000000,-2.000000
9300.000000,0.000000,0.000000,0.000000,65534.000000,0.000000,-2.000000
9310.000000,0.000000,0.000000,0.000000,65534.000000,0.000000,-2.000000
9320.000000,0.000000,0.000000,0.000000,65534.000000,0.000000,-2.000000
9330.000000,0.000000,0.000000,0.000000,65534.000000,0.000000,-2.000000
9340.000000,0.000000,0.000000,0.000000,65534.000000,0.000000,-2.000000
9350.000000,0.000000,0.000000,0.000000,65534.000000,0.000000,-2.000000
9360.000000,0.000000,0.000000,0.000000,65534.000000,0.000000,-2.000000
9370.000000,0.000000,0.000000,0.000000,65534.000000,0.000000,-2.000000
9380.000000,0.000000,0.000000,0.000000,65534.000000,0.000000,-2.000000
9390.000000,0.000000,0.000000,0.000000,65534.000000,0.000000,-2.000000
9400.000000,0.000000,0.000000,0.000000,65534.000000,0.000000,-2.000000
9410.000000,0.000000,0.000000,0.000000,65534.000000,0.000000,-2.000000
9420.000000,0.000000,0.000000,0.000000,65534.000000,0.000000,-2.000000
9430.000000,0.000000,0.000000,0.000000,65534.000000,0.000000,-2.000000
9440.000000,0.000000,0.000000,0.000000,65534.000000,0.000000,-2.000000
9450.000000,0.000000,0.000000,0.000000,65534.000000,0.000000,-2.000000
9460.000000,0.000000,0.000000,0.000000,65534.000000,0.000000,-2.000000
9470.000000,0.000000,0.000000,0.000000,65534.000000,0.000000,-2.000000
9480.000000,0.000000,0.000000,0.000000,65534.000000,0.000000,-2.000000
9490.000000,0.000000,0.000000,0.000000,65534.000000,0.000000,-2.000000
9500.000000,0.000000,0.000000,0.000000,65534.000000,0.000000,-2.000000
9510.000000,0.000000,0.000000,0.000000,65534.000000,0.000000,-2.000000
9520.000000,0.000000,0.000000,0.000000,65534.000000,0.000000,-2.000000
9530.000000,0.000000,0.000000,0.000000,65534.000000,0.000000,-2.000000
9540.000000,0.000000,0.000000,0.000000,65534.000000,0.000000,-2.000000
9550.000000,0.000000,0.000000,0.000000,65534.000000,0.000000,-2.000000
9560.000000,0.000000,0.000000,0.000000,65534.000000,0.000000,-2.000000
9570.000000,0.000000,0.000000,0.000000,65534.000000,0.000000,-2.000000
9580.000000,0.000000,0.000000,0.000000,65534.000000,0.000000,-2.000000
9590.000000,0.000000,0.000000,0.000000,65534.000000,0.000000,-2.000000
9600.000000,0.000000,0.000000,0.000000,65534.000000,0.000000,-2.000000
9610.000000,0.000000,0.000000,0.000000,65534.000000,0.000000,-2.000000
9620.000000,0.000000,0.000000,0.000000,65534.000000,0.000000,-2.000000
9630.000000,0.000000,0.000000,0.000000,65534.000000,0.000000,-2.000000
9640.000000,0.000000,0.000000,0.000000,65534.000000,0.000000,-2.000000
9650.000000,0.000000,0.000000,0.000000,65534.000000,0.000000,-2.000000
9660.000000,0.000000,0.000000,0.000000,65534.000000,0.000000,-2.000000
9670.000000,0.000000,0.000000,0.000000,65534.000000,0.000000,-2.000000
9680.000000,0.000000,0.000000,0.000000,65534.000000,0.000000,-2.000000
9690.000000,0.000000,0.000000,0.000000,65534.000000,0.000000,-2.000000
9700.000000,0.000000,0.000000,0.000000,65534.000000,0.000000,-2.000000
9710.000000,0.000000,0.000000,0.000000,65534.000000,0.000000,-2.000000
9720.000000,0.000000,0.000000,0.000000,65534.000000,0.000000,-2.000000
9730.000000,0.000000,0.000000,0.000000,65534.000000,0.000000,-2.000000
9740.000000,0.000000,0.000000,0.000000,65534.000000,0.000000,-2.000000
9750.000000,0.000000,0.000000,0.000000,65534.000000,0.000000,-2.000000
9760.000000,0.000000,0.000000,0.000000,65534.000000,0.000000,-2.000000
9770.000000,0.000000,0.000000,0.000000,65534.000000,0.000000,-2.000000
9780.000000,0.000000,0.000000,0.000000,65534.000000,0.000000,-2.000000
9790.000000,0.000000,0.000000,0.000000,65534.000000,0.000000,-2.000000
9800.000000,0.000000,0.000000,0.000000,65534.000000,0.000000,-2.000000
9810.000000,0.000000,0.000000,0.000000,65534.000000,0.000000,-2.000000
9820.000000,0.000000,0.000000,0.000000,65534.000000,0.000000,-2.000000
9830.000000,0.000000,0.000000,0.000000,65534.000000,0.000000,-2.000000
9840.000000,0.000000,0.000000,0.000000,65534.000000,0.000000,-2.000000
9850.000000,0.000000,0.000000,0.000000,65534.000000,0.000000,-2.000000
9860.000000,0.000000,0.000000,0.000000,65534.000000,0.000000,-2.000000
9870.000000,0.000000,0.000000,0.000000,65534.000000,0.000000,-2.000000
9880.000000,0.000000,0.000000,0.000000,65534.000000,0.000000,-2.000000
9890.000000,0.000000,0.000000,0.000000,65534.000000,0.000000,-2.000000
9900.000000,0.000000,0.000000,0.000000,65534.000000,0.000000,-2.000000
9910.000000,0.000000,0.000000,0.000000,65534.000000,0.000000,-2.000000
9920.000000,0.000000,0.000000,0.000000,65534.000000,0.000000,-2.000000
9930.000000,0.000000,0.000000,0.000000,65534.000000,0.000000,-2.000000
9940.000000,0.000000,0.000000,0.000000,65534.000000,0.000000,-2.000000
9950.000000,0.000000,0.000000,0.000000,65534.000000,0.000000,-2.000000
9960.000000,0.000000,0.000000,0.000000,65534.000000,0.000000,-2.000000
9970.000000,0.000000,0.000000,0.000000,65534.000000,0.000000,-2.000000
9980.000000,0.000000,0.000000,0.000000,65534.000000,0.000000,-2.000000
9990.000000,0.000000,0.000000,0.000000,65534.000000,0.000000,-2.000000
10000.000000,0.000000,0.000000,0.000000,65534.000000,0.000000,-2.000000
10010.000000,0.000000,0.000000,0.000000,65534.000000,0.000000,-2.000000
10020.000000,0.000000,0.000000,0.000000,65534.000000,0.000000,-2.000000
10030.000000,0.000000,0.000000,0.000000,65534.000000,0.000000,-2.000000
10040.000000,0.000000,0.000000,0.000000,65534.000000,0.000000,-2.000000
10050.000000,0.000000,0.000000,0.000000,65534.000000,0.000000,-2.000000
10060.000000,0.000000,0.000000,0.000000,65534.000000,0.000000,-2.000000
10070.000000,0.000000,0.000000,0.000000,65534.000000,0.000000,-2.000000
10080.000000,0.000000,0.000000,0.000000,65534.000000,0.000000,-2.000000
10090.000000,0.000000,0.000000,0.000000,65534.000000,0.000000,-2.000000
10100.000000,0.000000,0.000000,0.000000,65534.000000,0.000000,-2.000000
10110.000000,0.000000,0.000000,0.000000,65534.000000,0.000000,-2.000000
10120.000000,0.000000,0.000000,0.000000,65534.000000,0.000000,-2.000000
10130.000000,0.000000,0.000000,0.000000,65534.000000,0.000000,-2.000000
10140.000000,0.000000,0.000000,0.000000,65534.000000,0.000000,-2.000000
10150.000000,0.000000,0.000000,0.000000,65534.000000,0.000000,-2.000000
10160.000000,0.000000,0.000000,0.000000,65534.000000,0.000000,-2.000000
10170.000000,0.000000,0.000000,0.000000,65534.000000,0.000000,-2.000000
10180.000000,0.000000,0.000000,0.000000,65534.000000,0.000000,-2.000000
10190.000000,0.000000,0.000000,0.000000,65534.000000,0.000000,-2.000000
10200.000000,0.000000,0.000000,0.000000,65534.000000,0.000000,-2.000000
10210.000000,0.000000,0.000000,0.000000,65534.000000,0.000000,-2.000000
10220.000000,0.000000,0.000000,0.000000,65534.000000,0.000000,-2.000000
10230.000000,0.000000,0.000000,0.000000,65534.000000,0.000000,-2.000000
10240.000000,0.000000,0.000000,0.000000,65534.000000,0.000000,-2.000000
10250.000000,0.000000,0.000000,0.000000,65534.000000,0.000000,-2.000000
10260.000000,0.000000,0.000000,0.000000,65534.000000,0.000000,-2.000000
10270.000000,0.000000,0.000000,0.000000,65534.000000,0.000000,-2.000000
10280.000000,0.000000,0.000000,0.000000,65534.000000,0.000000,-2.000000
10290.000000,0.000000,0.000000,0.000000,65534.000000,0.000000,-2.000000
10300.000000,0.000000,0.000000,0.000000,65534.000000,0.000000,-2.000000
10310.000000,0.000000,0.000000,0.000000,65534.000000,0.000000,-2.000000
10320.000000,0.000000,0.000000,0.000000,65534.000000,0.000000,-2.000000
10330.000000,0.000000,0.000000,0.000000,65534.000000,0.000000,-2.000000
10340.000000,0.000000,0.000000,0.000000,65534.000000,0.000000,-2.000000
10350.000000,0.000000,0.000000,0.000000,65534.000000,0.000000,-2.000000
10360.000000,0.000000,0.000000,0.000000,65534.000000,0.000000,-2.000000
10370.000000,0.000000,0.000000,0.000000,65534.000000,0.000000,-2.000000
10380.000000,0.000000,0.000000,0.000000,65534.000000,0.000000,-2.000000
10390.000000,0.000000,0.000000,0.000000,65534.000000,0.000000,-2.000000
10400.000000,0.000000,0.000000,0.000000,65534.000000,0.000000,-2.000000
10410.000000,0.000000,0.000000,0.000000,65534.000000,0.000000,-2.000000
10420.000000,0.000000,0.000000,0.000000,65534.000000,0.000000,-2.000000
10430.000000,0.000000,0.000000,0.000000,65534.000000,0.000000,-2.000000
10440.000000,0.000000,0.000000,0.000000,65534.000000,0.000000,-2.000000
10450.000000,0.000000,0.000000,0.000000,65534.000000,0.000000,-2.000000
10460.000000,0.000000,0.000000,0.000000,65534.000000,0.000000,-2.000000
10470.000000,0.000000,0.000000,0.000000,65534.000000,0.000000,-2.000000
10480.000000,0.000000,0.000000,0.000000,65534.000000,0.000000,-2.000000
10490.000000,0.000000,0.000000,0.000000,65534.000000,0.000000,-2.000000
10500.000000,0.000000,0.000000,0.000000,65534.000000,0.000000,-2.000000
10510.000000,0.000000,0.000000,0.000000,65534.000000,0.000000,-2.000000
10520.000000,0.000000,0.000000,0.000000,65534.000000,0.000000,-2.000000
10530.000000,0.000000,0.000000,0.000000,65534.000000,0.000000,-2.000000
10540.000000,0.000000,0.000000,0.000000,65534.000000,0.000000,-2.000000
10550.000000,0.000000,0.000000,0.000000,65534.000000,0.000000,-2.000000
10560.000000,0.000000,0.000000,0.000000,65534.000000,0.000000,-2.000000
10570.000000,0.000000,0.000000,0.000000,65534.000000,0.000000,-2.000000
10580.000000,0.000000,0.000000,0.000000,65534.000000,0.000000,-2.000000
10590.000000,0.000000,0.000000,0.000000,65534.000000,0.000000,-2.000000
10600.000000,0.000000,0.000000,0.000000,65534.000000,0.000000,-2.000000
10610.000000,0.000000,0.000000,0.000000,65534.000000,0.000000,-2.000000
10620.000000,0.000000,0.000000,0.000000,65534.000000,0.000000,-2.000000
10630.000000,0.000000,0.000000,0.000000,65534.000000,0.000000,-2.000000
10640.000000,0.000000,0.000000,0.000000,65534.000000,0.000000,-2.000000
10650.000000,0.000000,0.000000,0.000000,65534.000000,0.000000,-2.000000
10660.000000,0.000000,0.000000,0.000000,65534.000000,0.000000,-2.000000
10670.000000,0.000000,0.000000,0.000000,65534.000000,0.000000,-2.000000
10680.000000,0.000000,0.000000,0.000000,65534.000000,0.000000,-2.000000
10690.000000,0.000000,0.000000,0.000000,65534.000000,0.000000,-2.000000
10700.000000,0.000000,0.000000,0.000000,65534.000000,0.000000,-2.000000
10710.000000,0.000000,0.000000,0.000000,65534.000000,0.000000,-2.000000
10720.000000,0.000000,0.000000,0.000000,65534.000000,0.000000,-2.000000
10730.000000,0.000000,0.000000,0.000000,65534.000000,0.000000,-2.000000
10740.000000,0.000000,0.000000,0.000000,65534.000000,0.000000,-2.000000
10750.000000,0.000000,0.000000,0.000000,65534.000000,0.000000,-2.000000
10760.000000,0.000000,0.000000,0.000000,65534.000000,0.000000,-2.000000
10770.000000,0.000000,0.000000,0.000000,65534.000000,0.000000,-2.000000
10780.000000,0.000000,0.000000,0.000000,65534.000000,0.000000,-2.000000
10790.000000,0.000000,0.000000,0.000000,65534.000000,0.000000,-2.000000
10800.000000,0.000000,0.000000,0.000000,65534.000000,0.000000,-2.000000
10810.000000,0.000000,0.000000,0.000000,65534.000000,0.000000,-2.000000
10820.000000,0.000000,0.000000,0.000000,65534.000000,0.000000,-2.000000
10830.000000,0.000000,0.000000,0.000000,65534.000000,0.000000,-2.000000
10840.000000,0.000000,0.000000,0.000000,65534.000000,0.000000,-2.000000
10850.000000,0.000000,0.000000,0.000000,65534.000000,0.000000,-2.000000
10860.000000,0.000000,0.000000,0.000000,65534.000000,0.000000,-2.000000
10870.000000,0.000000,0.000000,0.000000,65534.000000,0.000000,-2.000000
10880.000000,0.000000,0.000000,0.000000,65534.000000,0.000000,-2.000000
10890.000000,0.000000,0.000000,0.000000,65534.000000,0.000000,-2.000000
10900.000000,0.000000,0.000000,0.000000,65534.000000,0.000000,-2.000000
10910.000000,0.000000,0.000000,0.000000,65534.000000,0.000000,-2.000000
10920.000000,0.000000,0.000000,0.000000,65534.000000,0.000000,-2.000000
10930.000000,0.000000,0.000000,0.000000,65534.000000,0.000000,-2.000000
10940.000000,0.000000,0.000000,0.000000,65534.000000,0.000000,-2.000000
10950.000000,0.000000,0.000000,0.000000,65534.000000,0.000000,-2.000000
10960.000000,0.000000,0.000000,0.000000,65534.000000,0.000000,-2.000000
10970.000000,0.000000,0.000000,0.000000,65534.000000,0.000000,-2.000000
10980.000000,0.000000,0.000000,0.000000,65534.000000,0.000000,-2.000000
10990.000000,0.000000,0.000000,0.000000,65534.000000,0.000000,-2.000000
11000.000000,0.000000,0.000000,0.000000,65534.000000,0.000000,-2.000000
11010.000000,0.000000,0.000000,0.000000,65534.000000,0.000000,-2.000000
11020.000000,0.000000,0.000000,0.000000,65534.000000,0.000000,-2.000000
11030.000000,0.000000,0.000000,0.000000,65534.000000,0.000000,-2.000000
11040.000000,0.000000,0.000000,0.000000,65534.000000,0.000000,-2.000000
11050.000000,0.000000,0.000000,0.000000,65534.000000,0.000000,-2.000000
11060.000000,0.000000,0.000000,0.000000,65534.000000,0.000000,-2.000000
11070.000000,0.000000,0.000000,0.000000,65534.000000,0.000000,-2.000000
11080.000000,0.000000,0.000000,0.000000,65534.000000,0.000000,-2.000000
11090.000000,0.000000,0.000000,0.000000,65534.000000,0.000000,-2.000000
11100.000000,0.000000,0.000000,0.000000,65534.000000,0.000000,-2.000000
11110.000000,0.000000,0.000000,0.000000,65534.000000,0.000000,-2.000000
11120.000000,0.000000,0.000000,0.000000,65534.000000,0.000000,-2.000000
11130.000000,0.000000,0.000000,0.000000,65534.000000,0.000000,-2.000000
11140.000000,0.000000,0.000000,0.000000,65534.000000,0.000000,-2.000000
11150.000000,0.000000,0.000000,0.000000,65534.000000,0.000000,-2.000000
11160.000000,0.000000,0.000000,0.000000,65534.000000,0.000000,-2.000000
11170.000000,0.000000,0.000000,0.000000,65534.000000,0.000000,-2.000000
11180.000000,0.000000,0.000000,0.000000,65534.000000,0.000000,-2.000000
11190.000000,0.000000,0.000000,0.000000,65534.000000,0.000000,-2.000000
11200.000000,0.000000,0.000000,0.000000,65534.000000,0.000000,-2.000000
11210.000000,0.000000,0.000000,0.000000,65534.000000,0.000000,-2.000000
11220.000000,0.000000,0.000000,0.000000,65534.000000,0.000000,-2.000000
11230.000000,0.000000,0.000000,0.000000,65534.000000,0.000000,-2.000000
11240.000000,0.000000,0.000000,0.000000,65534.000000,0.000000,-2.000000
11250.000000,0.000000,0.000000,0.000000,65534.000000,0.000000,-2.000000
11260.000000,0.000000,0.000000,0.000000,65534.000000,0.000000,-2.000000
11270.000000,0.000000,0.000000,0.000000,65534.000000,0.000000,-2.000000
11280.000000,0.000000,0.000000,0.000000,65534.000000,0.000000,-2.000000
11290.000000,0.000000,0.000000,0.000000,65534.000000,0.000000,-2.000000
11300.000000,0.000000,0.000000,0.000000,65534.000000,0.000000,-2.000000
11310.000000,0.000000,0.000000,0.000000,65534.000000,0.000000,-2.000000
11320.000000,0.000000,0.000000,0.000000,65534.000000,0.000000,-2.000000
11330.000000,0.000000,0.000000,0.000000,65534.000000,0.000000,-2.000000
11340.000000,0.000000,0.000000,0.000000,65534.000000,0.000000,-2.000000
11350.000000,0.000000,0.000000,0.000000,65534.000000,0.000000,-2.000000
11360.000000,0.000000,0.000000,0.000000,65534.000000,0.000000,-2.000000
11370.000000,0.000000,0.000000,0.000000,65534.000000,0.000000,-2.000000
11380.000000,0.000000,0.000000,0.000000,65534.000000,0.000000,-2.000000
11390.000000,0.000000,0.000000,0.000000,65534.000000,0.000000,-2.000000
11400.000000,0.000000,0.000000,0.000000,65534.000000,0.000000,-2.000000
11410.000000,0.000000,0.000000,0.000000,65534.000000,0.000000,-2.000000
11420.000000,0.000000,0.000000,0.000000,65534.000000,0.000000,-2.000000
11430.000000,0.000000,0.000000,0.000000,65534.000000,0.000000,-2.000000
11440.000000,0.000000,0.000000,0.000000,65534.000000,0.000000,-2.000000
11450.000000,0.000000,0.000000,0.000000,65534.000000,0.000000,-2.000000
11460.000000,0.000000,0.000000,0.000000,65534.000000,0.000000,-2.000000
11470.000000,0.000000,0.000000,0.000000,65534.000000,0.000000,-2.000000
11480.000000,0.000000,0.000000,0.000000,65534.000000,0.000000,-2.000000
11490.000000,0.000000,0.000000,0.000000,65534.000000,0.000000,-2.000000
11500.000000,0.000000,0.000000,0.000000,65534.000000,0.000000,-2.000000
11510.000000,0.000000,0.000000,0.000000,65534.000000,0.000000,-2.000000
11520.000000,0.000000,0.000000,0.000000,65534.000000,0.000000,-2.000000
11530.000000,0.000000,0.000000,0.000000,65534.000000,0.000000,-2.000000
11540.000000,0.000000,0.000000,0.000000,65534.000000,0.000000,-2.000000
11550.000000,0.000000,0.000000,0.000000,65534.000000,0.000000,-2.000000
11560.000000,0.000000,0.000000,0.000000,65534.000000,0.000000,-2.000000
11570.000000,0.000000,0.000000,0.000000,65534.000000,0.000000,-2.000000
11580.000000,0.000000,0.000000,0.000000,65534.000000,0.000000,-2.000000
11590.000000,0.000000,0.000000,0.000000,65534.000000,0.000000,-2.000000
11600.000000,0.000000,0.000000,0.000000,65534.000000,0.000000,-2.000000
11610.000000,0.000000,0.000000,0.000000,65534.000000,0.000000,-2.000000
11620.000000,0.000000,0.000000,0.000000,65534.000000,0.000000,-2.000000
11630.000000,0.000000,0.000000,0.000000,65534.000000,0.000000,-2.000000
11640.000000,0.000000,0.000000,0.000000,65534.000000,0.000000,-2.000000
11650.000000,0.000000,0.000000,0.000000,65534.000000,0.000000,-2.000000
11660.000000,0.000000,0.000000,0.000000,65534.000000,0.000000,-2.000000
11670.000000,0.000000,0.000000,0.000000,65534.000000,0.000000,-2.000000
11680.000000,0.000000,0.000000,0.000000,65534.000000,0.000000,-2.000000
11690.000000,0.000000,0.000000,0.000000,65534.000000,0.000000,-2.000000
11700.000000,0.000000,0.000000,0.000000,65534.000000,0.000000,-2.000000
11710.000000,0.000000,0.000000,0.000000,65534.000000,0.000000,-2.000000
11720.000000,0.000000,0.000000,0.000000,65534.000000,0.000000,-2.000000
11730.000000,0.000000,0.000000,0.000000,65534.000000,0.000000,-2.000000
11740.000000,0.000000,0.000000,0.000000,65534.000000,0.000000,-2.000000
11750.000000,0.000000,0.000000,0.000000,65534.000000,0.000000,-2.000000
11760.000000,0.000000,0.000000,0.000000,65534.000000,0.000000,-2.000000
11770.000000,0.000000,0.000000,0.000000,65534.000000,0.000000,-2.000000
11780.000000,0.000000,0.000000,0.000000,65534.000000,0.000000,-2.000000
11790.000000,0.000000,0.000000,0.000000,65534.000000,0.000000,-2.000000
11800.000000,0.000000,0.000000,0.000000,65534.000000,0.000000,-2.000000
11810.000000,0.000000,0.000000,0.000000,65534.000000,0.000000,-2.000000
11820.000000,0.000000,0.000000,0.000000,65534.000000,0.000000,-2.000000
11830.000000,0.000000,0.000000,0.000000,65534.000000,0.000000,-2.000000
11840.000000,0.000000,0.000000,0.000000,65534.000000,0.000000,-2.000000
11850.000000,0.000000,0.000000,0.000000,65534.000000,0.000000,-2.000000
11860.000000,0.000000,0.000000,0.000000,65534.000000,0.000000,-2.000000
11870.000000,0.000000,0.000000,0.000000,65534.000000,0.000000,-2.000000
11880.000000,0.000000,0.000000,0.000000,65534.000000,0.000000,-2.000000
11890.000000,0.000000,0.000000,0.000000,65534.000000,0.000000,-2.000000
11900.000000,0.000000,0.000000,0.000000,65534.000000,0.000000,-2.000000
11910.000000,0.000000,0.000000,0.000000,65534.000000,0.000000,-2.000000
11920.000000,0.000000,0.000000,0.000000,65534.000000,0.000000,-2.000000
11930.000000,0.000000,0.000000,0.000000,65534.000000,0.000000,-2.000000
11940.000000,0.000000,0.000000,0.000000,65534.000000,0.000000,-2.000000
11950.000000,0.000000,0.000000,0.000000,65534.000000,0.000000,-2.000000
11960.000000,0.000000,0.000000,0.000000,65534.000000,0.000000,-2.000000
11970.000000,0.000000,0.000000,0.000000,65534.000000,0.000000,-2.000000
11980.000000,0.000000,0.000000,0.000000,65534.000000,0.000000,-2.000000
11990.000000,0.000000,0.000000,0.000000,65534.000000,0.000000,-2.000000
12000.000000,0.000000,0.000000,0.000000,65534.000000,0.000000,-2.000000
12010.000000,0.000000,0.000000,0.000000,65534.000000,0.000000,-2.000000
12020.000000,0.000000,0.000000,0.000000,65534.000000,0.000000,-2.000000
12030.000000,0.000000,0.000000,0.000000,65534.000000,0.000000,-2.000000
12040.000000,0.000000,0.000000,0.000000,65534.000000,0.000000,-2.000000
12050.000000,0.000000,0.000000,0.000000,65534.000000,0.000000,-2.000000
12060.000000,0.000000,0.000000,0.000000,65534.000000,0.000000,-2.000000
12070.000000,0.000000,0.000000,0.000000,65534.000000,0.000000,-2.000000
12080.000000,0.000000,0.000000,0.000000,65534.000000,0.000000,-2.000000
12090.000000,0.000000,0.000000,0.000000,65534.000000,0.000000,-2.000000
12100.000000,0.000000,0.000000,0.000000,65534.000000,0.000000,-2.000000
12110.000000,0.000000,0.000000,0.000000,65534.000000,0.000000,-2.000000
12120.000000,0.000000,0.000000,0.000000,65534.000000,0.000000,-2.000000
12130.000000,0.000000,0.000000,0.000000,65534.000000,0.000000,-2.000000
12140.000000,0.000000,0.000000,0.000000,65534.000000,0.000000,-2.000000
12150.000000,0.000000,0.000000,0.000000,65534.000000,0.000000,-2.000000
12160.000000,0.000000,0.000000,0.000000,65534.000000,0.000000,-2.000000
12170.000000,0.000000,0.000000,0.000000,65534.000000,0.000000,-2.000000
12180.000000,0.000000,0.000000,0.000000,65534.000000,0.000000,-2.000000
12190.000000,0.000000,0.000000,0.000000,65534.000000,0.000000,-2.000000
12200.000000,0.000000,0.000000,0.000000,65534.000000,0.000000,-2.000000
12210.000000,0.000000,0.000000,0.000000,65534.000000,0.000000,-2.000000
12220.000000,0.000000,0.000000,0.000000,65534.000000,0.000000,-2.000000
12230.000000,0.000000,0.000000,0.000000,65534.000000,0.000000,-2.000000
12240.000000,0.000000,0.000000,0.000000,65534.000000,0.000000,-2.000000
12250.000000,0.000000,0.000000,0.000000,65534.000000,0.000000,-2.000000
12260.000000,0.000000,0.000000,0.000000,65534.000000,0.000000,-2.000000
12270.000000,0.000000,0.000000,0.000000,65534.000000,0.000000,-2.000000
12280.000000,0.000000,0.000000,0.000000,65534.000000,0.000000,-2.000000
12290.000000,0.000000,0.000000,0.000000,65534.000000,0.000000,-2.000000
12300.000000,0.000000,0.000000,0.000000,65534.000000,0.000000,-2.000000
12310.000000,0.000000,0.000000,0.000000,65534.000000,0.000000,-2.000000
12320.000000,0.000000,0.000000,0.000000,65534.000000,0.000000,-2.000000
12330.000000,0.000000,0.000000,0.000000,65534.000000,0.000000,-2.000000
12340.000000,0.000000,0.000000,0.000000,65534.000000,0.000000,-2.000000
12350.000000,0.000000,0.000000,0.000000,65534.000000,0.000000,-2.000000
12360.000000,0.000000,0.000000,0.000000,65534.000000,0.000000,-2.000000
12370.000000,0.000000,0.000000,0.000000,65534.000000,0.000000,-2.000000
12380.000000,0.000000,0.000000,0.000000,65534.000000,0.000000,-2.000000
12390.000000,0.000000,0.000000,0.000000,65534.000000,0.000000,-2.000000
12400.000000,0.000000,0.000000,0.000000,65534.000000,0.000000,-2.000000
12410.000000,0.000000,0.000000,0.000000,65534.000000,0.000000,-2.000000
12420.000000,0.000000,0.000000,0.000000,65534.000000,0.000000,-2.000000
12430.000000,0.000000,0.000000,0.000000,65534.000000,0.000000,-2.000000
12440.000000,0.000000,0.000000,0.000000,65534.000000,0.000000,-2.000000
12450.000000,0.000000,0.000000,0.000000,65534.000000,0.000000,-2.000000
12460.000000,0.000000,0.000000,0.000000,65534.000000,0.000000,-2.000000
12470.000000,0.000000,0.000000,0.000000,65534.000000,0.000000,-2.000000
12480.000000,0.000000,0.000000,0.000000,65534.000000,0.000000,-2.000000
12490.000000,0.000000,0.000000,0.000000,65534.000000,0.000000,-2.000000
12500.000000,0.000000,0.000000,0.000000,65534.000000,0.000000,-2.000000
12510.000000,0.000000,0.000000,0.000000,65534.000000,0.000000,-2.000000
12520.000000,0.000000,0.000000,0.000000,65534.000000,0.000000,-2.000000
12530.000000,0.000000,0.000000,0.000000,65534.000000,0.000000,-2.000000
12540.000000,0.000000,0.000000,0.000000,65534.000000,0.000000,-2.000000
12550.000000,0.000000,0.000000,0.000000,65534.000000,0.000000,-2.000000
12560.000000,0.000000,0.000000,0.000000,65534.000000,0.000000,-2.000000
12570.000000,0.000000,0.000000,0.000000,65534.000000,0.000000,-2.000000
12580.000000,0.000000,0.000000,0.000000,65534.000000,0.000000,-2.000000
12590.000000,0.000000,0.000000,0.000000,65534.000000,0.000000,-2.000000
12600.000000,0.000000,0.000000,0.000000,65534.000000,0.000000,-2.000000
12610.000000,0.000000,0.000000,0.000000,65534.000000,0.000000,-2.000000
12620.000000,0.000000,0.000000,0.000000,65534.000000,0.000000,-2.000000
12630.000000,0.000000,0.000000,0.000000,65534.000000,0.000000,-2.000000
12640.000000,0.000000,0.000000,0.000000,65534.000000,0.000000,-2.000000
12650.000000,0.000000,0.000000,0.000000,65534.000000,0.000000,-2.000000
12660.000000,0.000000,0.000000,0.000000,65534.000000,0.000000,-2.000000
12670.000000,0.000000,0.000000,0.000000,65534.000000,0.000000,-2.000000
12680.000000,0.000000,0.000000,0.000000,65534.000000,0.000000,-2.000000
12690.000000,0.000000,0.000000,0.000000,65534.000000,0.000000,-2.000000
12700.000000,0.000000,0.000000,0.000000,65534.000000,0.000000,-2.000000
12710.000000,0.000000,0.000000,0.000000,65534.000000,0.000000,-2.000000
12720.000000,0.000000,0.000000,0.000000,65534.000000,0.000000,-2.000000
12730.000000,0.000000,0.000000,0.000000,65534.000000,0.000000,-2.000000
12740.000000,0.000000,0.000000,0.000000,65534.000000,0.000000,-2.000000
12750.000000,0.000000,0.000000,0.000000,65534.000000,0.000000,-2.000000
12760.000000,0.000000,0.000000,0.000000,65534.000000,0.000000,-2.000000
12770.000000,0.000000,0.000000,0.000000,65534.000000,0.000000,-2.000000
12780.000000,0.000000,0.000000,0.000000,65534.000000,0.000000,-2.000000
12790.000000,0.000000,0.000000,0.000000,65534.000000,0.000000,-2.000000
12800.000000,0.000000,0.000000,0.000000,65534.000000,0.000000,-2.000000
12810.000000,0.000000,0.000000,0.000000,65534.000000,0.000000,-2.000000
12820.000000,0.000000,0.000000,0.000000,65534.000000,0.000000,-2.000000
12830.000000,0.000000,0.000000,0.000000,65534.000000,0.000000,-2.000000
12840.000000,0.000000,0.000000,0.000000,65534.000000,0.000000,-2.000000
12850.000000,0.000000,0.000000,0.000000,65534.000000,0.000000,-2.000000
12860.000000,0.000000,0.000000,0.000000,65534.000000,0.000000,-2.000000
12870.000000,0.000000,0.000000,0.000000,65534.000000,0.000000,-2.000000
12880.000000,0.000000,0.000000,0.000000,65534.000000,0.000000,-2.000000
12890.000000,0.000000,0.000000,0.000000,65534.000000,0.000000,-2.000000
12900.000000,0.000000,0.000000,0.000000,65534.000000,0.000000,-2.000000
12910.000000,0.000000,0.000000,0.000000,65534.000000,0.000000,-2.000000
12920.000000,0.000000,0.000000,0.000000,65534.000000,0.000000,-2.000000
12930.000000,0.000000,0.000000,0.000000,65534.000000,0.000000,-2.000000
12940.000000,0.000000,0.000000,0.000000,65534.000000,0.000000,-2.000000
12950.000000,0.000000,0.000000,0.000000,65534.000000,0.000000,-2.000000
12960.000000,0.000000,0.000000,0.000000,65534.000000,0.000000,-2.000000
12970.000000,0.000000,0.000000,0.000000,65534.000000,0.000000,-2.000000
12980.000000,0.000000,0.000000,0.000000,65534.000000,0.000000,-2.000000
12990.000000,0.000000,0.000000,0.000000,65534.000000,0.000000,-2.000000
13000.000000,0.000000,0.000000,0.000000,65534.000000,0.000000,-2.000000
13010.000000,0.000000,0.000000,0.000000,65534.000000,0.000000,-2.000000
13020.000000,0.000000,0.000000,0.000000,65534.000000,0.000000,-2.000000
13030.000000,0.000000,0.000000,0.000000,65534.000000,0.000000,-2.000000
13040.000000,0.000000,0.000000,0.000000,65534.000000,0.000000,-2.000000
13050.000000,0.000000,0.000000,0.000000,65534.000000,0.000000,-2.000000
13060.000000,0.000000,0.000000,0.000000,65534.000000,0.000000,-2.000000
13070.000000,0.000000,0.000000,0.000000,65534.000000,0.000000,-2.000000
13080.000000,0.000000,0.000000,0.000000,65534.000000,0.000000,-2.000000
13090.000000,0.000000,0.000000,0.000000,65534.000000,0.000000,-2.000000
13100.000000,0.000000,0.000000,0.000000,65534.000000,0.000000,-2.000000
13110.000000,0.000000,0.000000,0.000000,65534.000000,0.000000,-2.000000
13120.000000,0.000000,0.000000,0.000000,65534.000000,0.000000,-2.000000
13130.000000,0.000000,0.000000,0.000000,65534.000000,0.000000,-2.000000
13140.000000,0.000000,0.000000,0.000000,65534.000000,0.000000,-2.000000
13150.000000,0.000000,0.000000,0.000000,65534.000000,0.000000,-2.000000
13160.000000,0.000000,0.000000,0.000000,65534.000000,0.000000,-2.000000
13170.000000,0.000000,0.000000,0.000000,65534.000000,0.000000,-2.000000
13180.000000,0.000000,0.000000,0.000000,65534.000000,0.000000,-2.000000
13190.000000,0.000000,0.000000,0.000000,65534.000000,0.000000,-2.000000
13200.000000,0.000000,0.000000,0.000000,65534.000000,0.000000,-2.000000
13210.000000,0.000000,0.000000,0.000000,65534.000000,0.000000,-2.000000
13220.000000,0.000000,0.000000,0.000000,65534.000000,0.000000,-2.000000
13230.000000,0.000000,0.000000,0.000000,65534.000000,0.000000,-2.000000
13240.000000,0.000000,0.000000,0.000000,65534.000000,0.000000,-2.000000
13250.000000,0.000000,0.000000,0.000000,65534.000000,0.000000,-2.000000
13260.000000,0.000000,0.000000,0.000000,65534.000000,0.000000,-2.000000
13270.000000,0.000000,0.000000,0.000000,65534.000000,0.000000,-2.000000
13280.000000,0.000000,0.000000,0.000000,65534.000000,0.000000,-2.000000
13290.000000,0.000000,0.000000,0.000000,65534.000000,0.000000,-2.000000
13300.000000,0.000000,0.000000,0.000000,65534.000000,0.000000,-2.000000
13310.000000,0.000000,0.000000,0.000000,65534.000000,0.000000,-2.000000
13320.000000,0.000000,0.000000,0.000000,65534.000000,0.000000,-2.000000
13330.000000,0.000000,0.000000,0.000000,65534.000000,0.000000,-2.000000
13340.000000,0.000000,0.000000,0.000000,65534.000000,0.000000,-2.000000
13350.000000,0.000000,0.000000,0.000000,65534.000000,0.000000,-2.000000
13360.000000,0.000000,0.000000,0.000000,65534.000000,0.000000,-2.000000
13370.000000,0.000000,0.000000,0.000000,65534.000000,0.000000,-2.000000
13380.000000,0.000000,0.000000,0.000000,65534.000000,0.000000,-2.000000
13390.000000,0.000000,0.000000,0.000000,65534.000000,0.000000,-2.000000
13400.000000,0.000000,0.000000,0.000000,65534.000000,0.000000,-2.000000
13410.000000,0.000000,0.000000,0.000000,65534.000000,0.000000,-2.000000
13420.000000,0.000000,0.000000,0.000000,65534.000000,0.000000,-2.000000
13430.000000,0.000000,0.000000,0.000000,65534.000000,0.000000,-2.000000
13440.000000,0.000000,0.000000,0.000000,65534.000000,0.000000,-2.000000
13450.000000,0.000000,0.000000,0.000000,65534.000000,0.000000,-2.000000
13460.000000,0.000000,0.000000,0.000000,65534.000000,0.000000,-2.000000
13470.000000,0.000000,0.000000,0.000000,65534.000000,0.000000,-2.000000
13480.000000,0.000000,0.000000,0.000000,65534.000000,0.000000,-2.000000
13490.000000,0.000000,0.000000,0.000000,65534.000000,0.000000,-2.000000
13500.000000,0.000000,0.000000,0.000000,65534.000000,0.000000,-2.000000
13510.000000,0.000000,0.000000,0.000000,65534.000000,0.000000,-2.000000
13520.000000,0.000000,0.000000,0.000000,65534.000000,0.000000,-2.000000
13530.000000,0.000000,0.000000,0.000000,65534.000000,0.000000,-2.000000
13540.000000,0.000000,0.000000,0.000000,65534.000000,0.000000,-2.000000
13550.000000,0.000000,0.000000,0.000000,65534.000000,0.000000,-2.000000
13560.000000,0.000000,0.000000,0.000000,65534.000000,0.000000,-2.000000
13570.000000,0.000000,0.000000,0.000000,65534.000000,0.000000,-2.000000
13580.000000,0.000000,0.000000,0.000000,65534.000000,0.000000,-2.000000
13590.000000,0.000000,0.000000,0.000000,65534.000000,0.000000,-2.000000
13600.000000,0.000000,0.000000,0.000000,65534.000000,0.000000,-2.000000
13610.000000,0.000000,0.000000,0.000000,65534.000000,0.000000,-2.000000
13620.000000,0.000000,0.000000,0.000000,65534.000000,0.000000,-2.000000
13630.000000,0.000000,0.000000,0.000000,65534.000000,0.000000,-2.000000
13640.000000,0.000000,0.000000,0.000000,65534.000000,0.000000,-2.000000
13650.000000,0.000000,0.000000,0.000000,65534.000000,0.000000,-2.000000
13660.000000,0.000000,0.000000,0.000000,65534.000000,0.000000,-2.000000
13670.000000,0.000000,0.000000,0.000000,65534.000000,0.000000,-2.000000
13680.000000,0.000000,0.000000,0.000000,65534.000000,0.000000,-2.000000
13690.000000,0.000000,0.000000,0.000000,65534.000000,0.000000,-2.000000
13700.000000,0.000000,0.000000,0.000000,65534.000000,0.000000,-2.000000
13710.000000,0.000000,0.000000,0.000000,65534.000000,0.000000,-2.000000
13720.000000,0.000000,0.000000,0.000000,65534.000000,0.000000,-2.000000
13730.000000,0.000000,0.000000,0.000000,65534.000000,0.000000,-2.000000
13740.000000,0.000000,0.000000,0.000000,65534.000000,0.000000,-2.000000
13750.000000,0.000000,0.000000,0.000000,65534.000000,0.000000,-2.000000
13760.000000,0.000000,0.000000,0.000000,65534.000000,0.000000,-2.000000
13770.000000,0.000000,0.000000,0.000000,65534.000000,0.000000,-2.000000
13780.000000,0.000000,0.000000,0.000000,65534.000000,0.000000,-2.000000
13790.000000,0.000000,0.000000,0.000000,65534.000000,0.000000,-2.000000
13800.000000,0.000000,0.000000,0.000000,65534.000000,0.000000,-2.000000
13810.000000,0.000000,0.000000,0.000000,65534.000000,0.000000,-2.000000
13820.000000,0.000000,0.000000,0.000000,65534.000000,0.000000,-2.000000
13830.000000,0.000000,0.000000,0.000000,65534.000000,0.000000,-2.000000
13840.000000,0.000000,0.000000,0.000000,65534.000000,0.000000,-2.000000
13850.000000,0.000000,0.000000,0.000000,65534.000000,0.000000,-2.000000
13860.000000,0.000000,0.000000,0.000000,65534.000000,0.000000,-2.000000
13870.000000,0.000000,0.000000,0.000000,65534.000000,0.000000,-2.000000
13880.000000,0.000000,0.000000,0.000000,65534.000000,0.000000,-2.000000
13890.000000,0.000000,0.000000,0.000000,65534.000000,0.000000,-2.000000
13900.000000,0.000000,0.000000,0.000000,65534.000000,0.000000,-2.000000
13910.000000,0.000000,0.000000,0.000000,65534.000000,0.000000,-2.000000
13920.000000,0.000000,0.000000,0.000000,65534.000000,0.000000,-2.000000
13930.000000,0.000000,0.000000,0.000000,65534.000000,0.000000,-2.000000
13940.000000,0.000000,0.000000,0.000000,65534.000000,0.000000,-2.000000
13950.000000,0.000000,0.000000,0.000000,65534.000000,0.000000,-2.000000
13960.000000,0.000000,0.000000,0.000000,65534.000000,0.000000,-2.000000
13970.000000,0.000000,0.000000,0.000000,65534.000000,0.000000,-2.000000
13980.000000,0.000000,0.000000,0.000000,65534.000000,0.000000,-2.000000
13990.000000,0.000000,0.000000,0.000000,65534.000000,0.000000,-2.000000
14000.000000,0.000000,0.000000,0.000000,65534.000000,0.000000,-2.000000
14010.000000,0.000000,0.000000,0.000000,65534.000000,0.000000,-2.000000
14020.000000,0.000000,0.000000,0.000000,65534.000000,0.000000,-2.000000
14030.000000,0.000000,0.000000,0.000000,65534.000000,0.000000,-2.000000
14040.000000,0.000000,0.000000,0.000000,65534.000000,0.000000,-2.000000
14050.000000,0.000000,0.000000,0.000000,65534.000000,0.000000,-2.000000
14060.000000,0.000000,0.000000,0.000000,65534.000000,0.000000,-2.000000
14070.000000,0.000000,0.000000,0.000000,65534.000000,0.000000,-2.000000
14080.000000,0.000000,0.000000,0.000000,65534.000000,0.000000,-2.000000
14090.000000,0.000000,0.000000,0.000000,65534.000000,0.000000,-2.000000
14100.000000,0.000000,0.000000,0.000000,65534.000000,0.000000,-2.000000
14110.000000,0.000000,0.000000,0.000000,65534.000000,0.000000,-2.000000
14120.000000,0.000000,0.000000,0.000000,65534.000000,0.000000,-2.000000
14130.000000,0.000000,0.000000,0.000000,65534.000000,0.000000,-2.000000
14140.000000,0.000000,0.000000,0.000000,65534.000000,0.000000,-2.000000
14150.000000,0.000000,0.000000,0.000000,65534.000000,0.000000,-2.000000
14160.000000,0.000000,0.000000,0.000000,65534.000000,0.000000,-2.000000
14170.000000,0.000000,0.000000,0.000000,65534.000000,0.000000,-2.000000
14180.000000,0.000000,0.000000,0.000000,65534.000000,0.000000,-2.000000
14190.000000,0.000000,0.000000,0.000000,65534.000000,0.000000,-2.000000
14200.000000,0.000000,0.000000,0.000000,65534.000000,0.000000,-2.000000
14210.000000,0.000000,0.000000,0.000000,65534.000000,0.000000,-2.000000
14220.000000,0.000000,0.000000,0.000000,65534.000000,0.000000,-2.000000
14230.000000,0.000000,0.000000,0.000000,65534.000000,0.000000,-2.000000
14240.000000,0.000000,0.000000,0.000000,65534.000000,0.000000,-2.000000
14250.000000,0.000000,0.000000,0.000000,65534.000000,0.000000,-2.000000
14260.000000,0.000000,0.000000,0.000000,65534.000000,0.000000,-2.000000
14270.000000,0.000000,0.000000,0.000000,65534.000000,0.000000,-2.000000
14280.000000,0.000000,0.000000,0.000000,65534.000000,0.000000,-2.000000
14290.000000,0.000000,0.000000,0.000000,65534.000000,0.000000,-2.000000
14300.000000,0.000000,0.000000,0.000000,65534.000000,0.000000,-2.000000
14310.000000,0.000000,0.000000,0.000000,65534.000000,0.000000,-2.000000
14320.000000,0.000000,0.000000,0.000000,65534.000000,0.000000,-2.000000
14330.000000,0.000000,0.000000,0.000000,65534.000000,0.000000,-2.000000
14340.000000,0.000000,0.000000,0.000000,65534.000000,0.000000,-2.000000
14350.000000,0.000000,0.000000,0.000000,65534.000000,0.000000,-2.000000
14360.000000,0.000000,0.000000,0.000000,65534.000000,0.000000,-2.000000
14370.000000,0.000000,0.000000,0.000000,65534.000000,0.000000,-2.000000
14380.000000,0.000000,0.000000,0.000000,65534.000000,0.000000,-2.000000
14390.000000,0.000000,0.000000,0.000000,65534.000000,0.000000,-2.000000
14400.000000,0.000000,0.000000,0.000000,65534.000000,0.000000,-2.000000
14410.000000,0.000000,0.000000,0.000000,65534.000000,0.000000,-2.000000
14420.000000,0.000000,0.000000,0.000000,65534.000000,0.000000,-2.000000
14430.000000,0.000000,0.000000,0.000000,65534.000000,0.000000,-2.000000
14440.000000,0.000000,0.000000,0.000000,65534.000000,0.000000,-2.000000
14450.000000,0.000000,0.000000,0.000000,65534.000000,0.000000,-2.000000
14460.000000,0.000000,0.000000,0.000000,65534.000000,0.000000,-2.000000
14470.000000,0.000000,0.000000,0.000000,65534.000000,0.000000,-2.000000
14480.000000,0.000000,0.000000,0.000000,65534.000000,0.000000,-2.000000
14490.000000,0.000000,0.000000,0.000000,65534.000000,0.000000,-2.000000
14500.000000,0.000000,0.000000,0.000000,65534.000000,0.000000,-2.000000
14510.000000,0.000000,0.000000,0.000000,65534.000000,0.000000,-2.000000
14520.000000,0.000000,0.000000,0.000000,65534.000000,0.000000,-2.000000
14530.000000,0.000000,0.000000,0.000000,65534.000000,0.000000,-2.000000
14540.000000,0.000000,0.000000,0.000000,65534.000000,0.000000,-2.000000
14550.000000,0.000000,0.000000,0.000000,65534.000000,0.000000,-2.000000
14560.000000,0.000000,0.000000,0.000000,65534.000000,0.000000,-2.000000
14570.000000,0.000000,0.000000,0.000000,65534.000000,0.000000,-2.000000
14580.000000,0.000000,0.000000,0.000000,65534.000000,0.000000,-2.000000
14590.000000,0.000000,0.000000,0.000000,65534.000000,0.000000,-2.000000
14600.000000,0.000000,0.000000,0.000000,65534.000000,0.000000,-2.000000
14610.000000,0.000000,0.000000,0.000000,65534.000000,0.000000,-2.000000
14620.000000,0.000000,0.000000,0.000000,65534.000000,0.000000,-2.000000
14630.000000,0.000000,0.000000,0.000000,65534.000000,0.000000,-2.000000
14640.000000,0.000000,0.000000,0.000000,65534.000000,0.000000,-2.000000
14650.000000,0.000000,0.000000,0.000000,65534.000000,0.000000,-2.000000
14660.000000,0.000000,0.000000,0.000000,65534.000000,0.000000,-2.000000
14670.000000,0.000000,0.000000,0.000000,65534.000000,0.000000,-2.000000
14680.000000,0.000000,0.000000,0.000000,65534.000000,0.000000,-2.000000
14690.000000,0.000000,0.000000,0.000000,65534.000000,0.000000,-2.000000
14700.000000,0.000000,0.000000,0.000000,65534.000000,0.000000,-2.000000
14710.000000,0.000000,0.000000,0.000000,65534.000000,0.000000,-2.000000
14720.000000,0.000000,0.000000,0.000000,65534.000000,0.000000,-2.000000
14730.000000,0.000000,0.000000,0.000000,65534.000000,0.000000,-2.000000
14740.000000,0.000000,0.000000,0.000000,65534.000000,0.000000,-2.000000
14750.000000,0.000000,0.000000,0.000000,65534.000000,0.000000,-2.000000
14760.000000,0.000000,0.000000,0.000000,65534.000000,0.000000,-2.000000
14770.000000,0.000000,0.000000,0.000000,65534.000000,0.000000,-2.000000
14780.000000,0.000000,0.000000,0.000000,65534.000000,0.000000,-2.000000
14790.000000,0.000000,0.000000,0.000000,65534.000000,0.000000,-2.000000
14800.000000,0.000000,0.000000,0.000000,65534.000000,0.000000,-2.000000
14810.000000,0.000000,0.000000,0.000000,65534.000000,0.000000,-2.000000
14820.000000,0.000000,0.000000,0.000000,65534.000000,0.000000,-2.000000
14830.000000,0.000000,0.000000,0.000000,65534.000000,0.000000,-2.000000
14840.000000,0.000000,0.000000,0.000000,65534.000000,0.000000,-2.000000
14850.000000,0.000000,0.000000,0.000000,65534.000000,0.000000,-2.000000
14860.000000,0.000000,0.000000,0.000000,65534.000000,0.000000,-2.000000
14870.000000,0.000000,0.000000,0.000000,65534.000000,0.000000,-2.000000
14880.000000,0.000000,0.000000,0.000000,65534.000000,0.000000,-2.000000
14890.000000,0.000000,0.000000,0.000000,65534.000000,0.000000,-2.000000
14900.000000,0.000000,0.000000,0.000000,65534.000000,0.000000,-2.000000
14910.000000,0.000000,0.000000,0.000000,65534.000000,0.000000,-2.000000
14920.000000,0.000000,0.000000,0.000000,65534.000000,0.000000,-2.000000
14930.000000,0.000000,0.000000,0.000000,65534.000000,0.000000,-2.000000
14940.000000,0.000000,0.000000,0.000000,65534.000000,0.000000,-2.000000
14950.000000,0.000000,0.000000,0.000000,65534.000000,0.000000,-2.000000
14960.000000,0.000000,0.000000,0.000000,65534.000000,0.000000,-2.000000
14970.000000,0.000000,0.000000,0.000000,65534.000000,0.000000,-2.000000
14980.000000,0.000000,0.000000,0.000000,65534.000000,0.000000,-2.000000
14990.000000,0.000000,0.000000,0.000000,65534.000000,0.000000,-2.000000
15000.000000,0.000000,0.000000,0.000000,65534.000000,0.000000,-2.000000
15010.000000,0.000000,0.000000,0.000000,65534.000000,0.000000,-2.000000
15020.000000,0.000000,0.000000,0.000000,65534.000000,0.000000,-2.000000
15030.000000,0.000000,0.000000,0.000000,65534.000000,0.000000,-2.000000
15040.000000,0.000000,0.000000,0.000000,65534.000000,0.000000,-2.000000
15050.000000,0.000000,0.000000,0.000000,65534.000000,0.000000,-2.000000
15060.000000,0.000000,0.000000,0.000000,65534.000000,0.000000,-2.000000
15070.000000,0.000000,0.000000,0.000000,65534.000000,0.000000,-2.000000
15080.000000,0.000000,0.000000,0.000000,65534.000000,0.000000,-2.000000
15090.000000,0.000000,0.000000,0.000000,65534.000000,0.000000,-2.000000
15100.000000,0.000000,0.000000,0.000000,65534.000000,0.000000,-2.000000
15110.000000,0.000000,0.000000,0.000000,65534.000000,0.000000,-2.000000
15120.000000,0.000000,0.000000,0.000000,65534.000000,0.000000,-2.000000
15130.000000,0.000000,0.000000,0.000000,65534.000000,0.000000,-2.000000
15140.000000,0.000000,0.000000,0.000000,65534.000000,0.000000,-2.000000
15150.000000,0.000000,0.000000,0.000000,65534.000000,0.000000,-2.000000
15160.000000,0.000000,0.000000,0.000000,65534.000000,0.000000,-2.000000
15170.000000,0.000000,0.000000,0.000000,65534.000000,0.000000,-2.000000
15180.000000,0.000000,0.000000,0.000000,65534.000000,0.000000,-2.000000
15190.000000,0.000000,0.000000,0.000000,65534.000000,0.000000,-2.000000
15200.000000,0.000000,0.000000,0.000000,65534.000000,0.000000,-2.000000
15210.000000,0.000000,0.000000,0.000000,65534.000000,0.000000,-2.000000
15220.000000,0.000000,0.000000,0.000000,65534.000000,0.000000,-2.000000
15230.000000,0.000000,0.000000,0.000000,65534.000000,0.000000,-2.000000
15240.000000,0.000000,0.000000,0.000000,65534.000000,0.000000,-2.000000
15250.000000,0.000000,0.000000,0.000000,65534.000000,0.000000,-2.000000
15260.000000,0.000000,0.000000,0.000000,65534.000000,0.000000,-2.000000
15270.000000,0.000000,0.000000,0.000000,65534.000000,0.000000,-2.000000
15280.000000,0.000000,0.000000,0.000000,65534.000000,0.000000,-2.000000
15290.000000,0.000000,0.000000,0.000000,65534.000000,0.000000,-2.000000
15300.000000,0.000000,0.000000,0.000000,65534.000000,0.000000,-2.000000
15310.000000,0.000000,0.000000,0.000000,65534.000000,0.000000,-2.000000
15320.000000,0.000000,0.000000,0.000000,65534.000000,0.000000,-2.000000
15330.000000,0.000000,0.000000,0.000000,65534.000000,0.000000,-2.000000
15340.000000,0.000000,0.000000,0.000000,65534.000000,0.000000,-2.000000
15350.000000,0.000000,0.000000,0.000000,65534.000000,0.000000,-2.000000
15360.000000,0.000000,0.000000,0.000000,65534.000000,0.000000,-2.000000
15370.000000,0.000000,0.000000,0.000000,65534.000000,0.000000,-2.000000
15380.000000,0.000000,0.000000,0.000000,65534.000000,0.000000,-2.000000
15390.000000,0.000000,0.000000,0.000000,65534.000000,0.000000,-2.000000
15400.000000,0.000000,0.000000,0.000000,65534.000000,0.000000,-2.000000
15410.000000,0.000000,0.000000,0.000000,65534.000000,0.000000,-2.000000
15420.000000,0.000000,0.000000,0.000000,65534.000000,0.000000,-2.000000
15430.000000,0.000000,0.000000,0.000000,65534.000000,0.000000,-2.000000
15440.000000,0.000000,0.000000,0.000000,65534.000000,0.000000,-2.000000
15450.000000,0.000000,0.000000,0.000000,65534.000000,0.000000,-2.000000
15460.000000,0.000000,0.000000,0.000000,65534.000000,0.000000,-2.000000
15470.000000,0.000000,0.000000,0.000000,65534.000000,0.000000,-2.000000
15480.000000,0.000000,0.000000,0.000000,65534.000000,0.000000,-2.000000
15490.000000,0.000000,0.000000,0.000000,65534.000000,0.000000,-2.000000
15500.000000,0.000000,0.000000,0.000000,65534.000000,0.000000,-2.000000
15510.000000,0.000000,0.000000,0.000000,65534.000000,0.000000,-2.000000
15520.000000,0.000000,0.000000,0.000000,65534.000000,0.000000,-2.000000
15530.000000,0.000000,0.000000,0.000000,65534.000000,0.000000,-2.000000
15540.000000,0.000000,0.000000,0.000000,65534.000000,0.000000,-2.000000
15550.000000,0.000000,0.000000,0.000000,65534.000000,0.000000,-2.000000
15560.000000,0.000000,0.000000,0.000000,65534.000000,0.000000,-2.000000
15570.000000,0.000000,0.000000,0.000000,65534.000000,0.000000,-2.000000
15580.000000,0.000000,0.000000,0.000000,65534.000000,0.000000,-2.000000
15590.000000,0.000000,0.000000,0.000000,65534.000000,0.000000,-2.000000
15600.000000,0.000000,0.000000,0.000000,65534.000000,0.000000,-2.000000
15610.000000,0.000000,0.000000,0.000000,65534.000000,0.000000,-2.000000
15620.000000,0.000000,0.000000,0.000000,65534.000000,0.000000,-2.000000
15630.000000,0.000000,0.000000,0.000000,65534.000000,0.000000,-2.000000
15640.000000,0.000000,0.000000,0.000000,65534.000000,0.000000,-2.000000
15650.000000,0.000000,0.000000,0.000000,65534.000000,0.000000,-2.000000
15660.000000,0.000000,0.000000,0.000000,65534.000000,0.000000,-2.000000
15670.000000,0.000000,0.000000,0.000000,65534.000000,0.000000,-2.000000
15680.000000,0.000000,0.000000,0.000000,65534.000000,0.000000,-2.000000
15690.000000,0.000000,0.000000,0.000000,65534.000000,0.000000,-2.000000
15700.000000,0.000000,0.000000,0.000000,65534.000000,0.000000,-2.000000
15710.000000,0.000000,0.000000,0.000000,65534.000000,0.000000,-2.000000
15720.000000,0.000000,0.000000,0.000000,65534.000000,0.000000,-2.000000
15730.000000,0.000000,0.000000,0.000000,65534.000000,0.000000,-2.000000
15740.000000,0.000000,0.000000,0.000000,65534.000000,0.000000,-2.000000
15750.000000,0.000000,0.000000,0.000000,65534.000000,0.000000,-2.000000
15760.000000,0.000000,0.000000,0.000000,65534.000000,0.000000,-2.000000
15770.000000,0.000000,0.000000,0.000000,65534.000000,0.000000,-2.000000
15780.000000,0.000000,0.000000,0.000000,65534.000000,0.000000,-2.000000
15790.000000,0.000000,0.000000,0.000000,65534.000000,0.000000,-2.000000
15800.000000,0.000000,0.000000,0.000000,65534.000000,0.000000,-2.000000
15810.000000,0.000000,0.000000,0.000000,65534.000000,0.000000,-2.000000
15820.000000,0.000000,0.000000,0.000000,65534.000000,0.000000,-2.000000
15830.000000,0.000000,0.000000,0.000000,65534.000000,0.000000,-2.000000
15840.000000,0.000000,0.000000,0.000000,65534.000000,0.000000,-2.000000
15850.000000,0.000000,0.000000,0.000000,65534.000000,0.000000,-2.000000
15860.000000,0.000000,0.000000,0.000000,65534.000000,0.000000,-2.000000
15870.000000,0.000000,0.000000,0.000000,65534.000000,0.000000,-2.000000
15880.000000,0.000000,0.000000,0.000000,65534.000000,0.000000,-2.000000
15890.000000,0.000000,0.000000,0.000000,65534.000000,0.000000,-2.000000
15900.000000,0.000000,0.000000,0.000000,65534.000000,0.000000,-2.000000
15910.000000,0.000000,0.000000,0.000000,65534.000000,0.000000,-2.000000
15920.000000,0.000000,0.000000,0.000000,65534.000000,0.000000,-2.000000
15930.000000,0.000000,0.000000,0.000000,65534.000000,0.000000,-2.000000
15940.000000,0.000000,0.000000,0.000000,65534.000000,0.000000,-2.000000
15950.000000,0.000000,0.000000,0.000000,65534.000000,0.000000,-2.000000
15960.000000,0.000000,0.000000,0.000000,65534.000000,0.000000,-2.000000
15970.000000,0.000000,0.000000,0.000000,65534.000000,0.000000,-2.000000
15980.000000,0.000000,0.000000,0.000000,65534.000000,0.000000,-2.000000
15990.000000,0.000000,0.000000,0.000000,65534.000000,0.000000,-2.000000
16000.000000,0.000000,0.000000,0.000000,65534.000000,0.000000,-2.000000
16010.000000,0.000000,0.000000,0.000000,65534.000000,0.000000,-2.000000
16020.000000,0.000000,0.000000,0.000000,65534.000000,0.000000,-2.000000
16030.000000,0.000000,0.000000,0.000000,65534.000000,0.000000,-2.000000
16040.000000,0.000000,0.000000,0.000000,65534.000000,0.000000,-2.000000
16050.000000,0.000000,0.000000,0.000000,65534.000000,0.000000,-2.000000
16060.000000,0.000000,0.000000,0.000000,65534.000000,0.000000,-2.000000
16070.000000,0.000000,0.000000,0.000000,65534.000000,0.000000,-2.000000
16080.000000,0.000000,0.000000,0.000000,65534.000000,0.000000,-2.000000
16090.000000,0.000000,0.000000,0.000000,65534.000000,0.000000,-2.000000
16100.000000,0.000000,0.000000,0.000000,65534.000000,0.000000,-2.000000
16110.000000,0.000000,0.000000,0.000000,65534.000000,0.000000,-2.000000
16120.000000,0.000000,0.000000,0.000000,65534.000000,0.000000,-2.000000
16130.000000,0.000000,0.000000,0.000000,65534.000000,0.000000,-2.000000
16140.000000,0.000000,0.000000,0.000000,65534.000000,0.000000,-2.000000
16150.000000,0.000000,0.000000,0.000000,65534.000000,0.000000,-2.000000
16160.000000,0.000000,0.000000,0.000000,65534.000000,0.000000,-2.000000
16170.000000,0.000000,0.000000,0.000000,65534.000000,0.000000,-2.000000
16180.000000,0.000000,0.000000,0.000000,65534.000000,0.000000,-2.000000
16190.000000,0.000000,0.000000,0.000000,65534.000000,0.000000,-2.000000
16200.000000,0.000000,0.000000,0.000000,65534.000000,0.000000,-2.000000
16210.000000,0.000000,0.000000,0.000000,65534.000000,0.000000,-2.000000
16220.000000,0.000000,0.000000,0.000000,65534.000000,0.000000,-2.000000
16230.000000,0.000000,0.000000,0.000000,65534.000000,0.000000,-2.000000
16240.000000,0.000000,0.000000,0.000000,65534.000000,0.000000,-2.000000
16250.000000,0.000000,0.000000,0.000000,65534.000000,0.000000,-2.000000
16260.000000,0.000000,0.000000,0.000000,65534.000000,0.000000,-2.000000
16270.000000,0.000000,0.000000,0.000000,65534.000000,0.000000,-2.000000
16280.000000,0.000000,0.000000,0.000000,65534.000000,0.000000,-2.000000
16290.000000,0.000000,0.000000,0.000000,65534.000000,0.000000,-2.000000
16300.000000,0.000000,0.000000,0.000000,65534.000000,0.000000,-2.000000
16310.000000,0.000000,0.000000,0.000000,65534.000000,0.000000,-2.000000
16320.000000,0.000000,0.000000,0.000000,65534.000000,0.000000,-2.000000
16330.000000,0.000000,0.000000,0.000000,65534.000000,0.000000,-2.000000
16340.000000,0.000000,0.000000,0.000000,65534.000000,0.000000,-2.000000
16350.000000,0.000000,0.000000,0.000000,65534.000000,0.000000,-2.000000
16360.000000,0.000000,0.000000,0.000000,65534.000000,0.000000,-2.000000
16370.000000,0.000000,0.000000,0.000000,65534.000000,0.000000,-2.000000
16380.000000,0.000000,0.000000,0.000000,65534.000000,0.000000,-2.000000
16390.000000,0.000000,0.000000,0.000000,65534.000000,0.000000,-2.000000
16400.000000,0.000000,0.000000,0.000000,65534.000000,0.000000,-2.000000
16410.000000,0.000000,0.000000,0.000000,65534.000000,0.000000,-2.000000
16420.000000,0.000000,0.000000,0.000000,65534.000000,0.000000,-2.000000
16430.000000,0.000000,0.000000,0.000000,65534.000000,0.000000,-2.000000
16440.000000,0.000000,0.000000,0.000000,65534.000000,0.000000,-2.000000
16450.000000,0.000000,0.000000,0.000000,65534.000000,0.000000,-2.000000
16460.000000,0.000000,0.000000,0.000000,65534.000000,0.000000,-2.000000
16470.000000,0.000000,0.000000,0.000000,65534.000000,0.000000,-2.000000
16480.000000,0.000000,0.000000,0.000000,65534.000000,0.000000,-2.000000
16490.000000,0.000000,0.000000,0.000000,65534.000000,0.000000,-2.000000
16500.000000,0.000000,0.000000,0.000000,65534.000000,0.000000,-2.000000
16510.000000,0.000000,0.000000,0.000000,65534.000000,0.000000,-2.000000
16520.000000,0.000000,0.000000,0.000000,65534.000000,0.000000,-2.000000
16530.000000,0.000000,0.000000,0.000000,65534.000000,0.000000,-2.000000
16540.000000,0.000000,0.000000,0.000000,65534.000000,0.000000,-2.000000
16550.000000,0.000000,0.000000,0.000000,65534.000000,0.000000,-2.000000
16560.000000,0.000000,0.000000,0.000000,65534.000000,0.000000,-2.000000
16570.000000,0.000000,0.000000,0.000000,65534.000000,0.000000,-2.000000
16580.000000,0.000000,0.000000,0.000000,65534.000000,0.000000,-2.000000
16590.000000,0.000000,0.000000,0.000000,65534.000000,0.000000,-2.000000
16600.000000,0.000000,0.000000,0.000000,65534.000000,0.000000,-2.000000
16610.000000,0.000000,0.000000,0.000000,65534.000000,0.000000,-2.000000
16620.000000,0.000000,0.000000,0.000000,65534.000000,0.000000,-2.000000
16630.000000,0.000000,0.000000,0.000000,65534.000000,0.000000,-2.000000
16640.000000,0.000000,0.000000,0.000000,65534.000000,0.000000,-2.000000
16650.000000,0.000000,0.000000,0.000000,65534.000000,0.000000,-2.000000
16660.000000,0.000000,0.000000,0.000000,65534.000000,0.000000,-2.000000
16670.000000,0.000000,0.000000,0.000000,65534.000000,0.000000,-2.000000
16680.000000,0.000000,0.000000,0.000000,65534.000000,0.000000,-2.000000
16690.000000,0.000000,0.000000,0.000000,65534.000000,0.000000,-2.000000
16700.000000,0.000000,0.000000,0.000000,65534.000000,0.000000,-2.000000
16710.000000,0.000000,0.000000,0.000000,65534.000000,0.000000,-2.000000
16720.000000,0.000000,0.000000,0.000000,65534.000000,0.000000,-2.000000
16730.000000,0.000000,0.000000,0.000000,65534.000000,0.000000,-2.000000
16740.000000,0.000000,0.000000,0.000000,65534.000000,0.000000,-2.000000
16750.000000,0.000000,0.000000,0.000000,65534.000000,0.000000,-2.000000
16760.000000,0.000000,0.000000,0.000000,65534.000000,0.000000,-2.000000
16770.000000,0.000000,0.000000,0.000000,65534.000000,0.000000,-2.000000
16780.000000,0.000000,0.000000,0.000000,65534.000000,0.000000,-2.000000
16790.000000,0.000000,0.000000,0.000000,65534.000000,0.000000,-2.000000
16800.000000,0.000000,0.000000,0.000000,65534.000000,0.000000,-2.000000
16810.000000,0.000000,0.000000,0.000000,65534.000000,0.000000,-2.000000
16820.000000,0.000000,0.000000,0.000000,65534.000000,0.000000,-2.000000
16830.000000,0.000000,0.000000,0.000000,65534.000000,0.000000,-2.000000
16840.000000,0.000000,0.000000,0.000000,65534.000000,0.000000,-2.000000
16850.000000,0.000000,0.000000,0.000000,65534.000000,0.000000,-2.000000
16860.000000,0.000000,0.000000,0.000000,65534.000000,0.000000,-2.000000
16870.000000,0.000000,0.000000,0.000000,65534.000000,0.000000,-2.000000
16880.000000,0.000000,0.000000,0.000000,65534.000000,0.000000,-2.000000
16890.000000,0.000000,0.000000,0.000000,65534.000000,0.000000,-2.000000
16900.000000,0.000000,0.000000,0.000000,65534.000000,0.000000,-2.000000
16910.000000,0.000000,0.000000,0.000000,65534.000000,0.000000,-2.000000
16920.000000,0.000000,0.000000,0.000000,65534.000000,0.000000,-2.000000
16930.000000,0.000000,0.000000,0.000000,65534.000000,0.000000,-2.000000
16940.000000,0.000000,0.000000,0.000000,65534.000000,0.000000,-2.000000
16950.000000,0.000000,0.000000,0.000000,65534.000000,0.000000,-2.000000
16960.000000,0.000000,0.000000,0.000000,65534.000000,0.000000,-2.000000
16970.000000,0.000000,0.000000,0.000000,65534.000000,0.000000,-2.000000
16980.000000,0.000000,0.000000,0.000000,65534.000000,0.000000,-2.000000
16990.000000,0.000000,0.000000,0.000000,65534.000000,0.000000,-2.000000
17000.000000,0.000000,0.000000,0.000000,65534.000000,0.000000,-2.000000
17010.000000,0.000000,0.000000,0.000000,65534.000000,0.000000,-2.000000
17020.000000,0.000000,0.000000,0.000000,65534.000000,0.000000,-2.000000
17030.000000,0.000000,0.000000,0.000000,65534.000000,0.000000,-2.000000
17040.000000,0.000000,0.000000,0.000000,65534.000000,0.000000,-2.000000
17050.000000,0.000000,0.000000,0.000000,65534.000000,0.000000,-2.000000
17060.000000,0.000000,0.000000,0.000000,65534.000000,0.000000,-2.000000
17070.000000,0.000000,0.000000,0.000000,65534.000000,0.000000,-2.000000
17080.000000,0.000000,0.000000,0.000000,65534.000000,0.000000,-2.000000
17090.000000,0.000000,0.000000,0.000000,65534.000000,0.000000,-2.000000
17100.000000,0.000000,0.000000,0.000000,65534.000000,0.000000,-2.000000
17110.000000,0.000000,0.000000,0.000000,65534.000000,0.000000,-2.000000
17120.000000,0.000000,0.000000,0.000000,65534.000000,0.000000,-2.000000
17130.000000,0.000000,0.000000,0.000000,65534.000000,0.000000,-2.000000
17140.000000,0.000000,0.000000,0.000000,65534.000000,0.000000,-2.000000
17150.000000,0.000000,0.000000,0.000000,65534.000000,0.000000,-2.000000
17160.000000,0.000000,0.000000,0.000000,65534.000000,0.000000,-2.000000
17170.000000,0.000000,0.000000,0.000000,65534.000000,0.000000,-2.000000
17180.000000,0.000000,0.000000,0.000000,65534.000000,0.000000,-2.000000
17190.000000,0.000000,0.000000,0.000000,65534.000000,0.000000,-2.000000
17200.000000,0.000000,0.000000,0.000000,65534.000000,0.000000,-2.000000
17210.000000,0.000000,0.000000,0.000000,65534.000000,0.000000,-2.000000
17220.000000,0.000000,0.000000,0.000000,65534.000000,0.000000,-2.000000
17230.000000,0.000000,0.000000,0.000000,65534.000000,0.000000,-2.000000
17240.000000,0.000000,0.000000,0.000000,65534.000000,0.000000,-2.000000
17250.000000,0.000000,0.000000,0.000000,65534.000000,0.000000,-2.000000
17260.000000,0.000000,0.000000,0.000000,65534.000000,0.000000,-2.000000
17270.000000,0.000000,0.000000,0.000000,65534.000000,0.000000,-2.000000
17280.000000,0.000000,0.000000,0.000000,65534.000000,0.000000,-2.000000
17290.000000,0.000000,0.000000,0.000000,65534.000000,0.000000,-2.000000
17300.000000,0.000000,0.000000,0.000000,65534.000000,0.000000,-2.000000
17310.000000,0.000000,0.000000,0.000000,65534.000000,0.000000,-2.000000
17320.000000,0.000000,0.000000,0.000000,65534.000000,0.000000,-2.000000
17330.000000,0.000000,0.000000,0.000000,65534.000000,0.000000,-2.000000
17340.000000,0.000000,0.000000,0.000000,65534.000000,0.000000,-2.000000
17350.000000,0.000000,0.000000,0.000000,65534.000000,0.000000,-2.000000
17360.000000,0.000000,0.000000,0.000000,65534.000000,0.000000,-2.000000
17370.000000,0.000000,0.000000,0.000000,65534.000000,0.000000,-2.000000
17380.000000,0.000000,0.000000,0.000000,65534.000000,0.000000,-2.000000
17390.000000,0.000000,0.000000,0.000000,65534.000000,0.000000,-2.000000
17400.000000,0.000000,0.000000,0.000000,65534.000000,0.000000,-2.000000
17410.000000,0.000000,0.000000,0.000000,65534.000000,0.000000,-2.000000
17420.000000,0.000000,0.000000,0.000000,65534.000000,0.000000,-2.000000
17430.000000,0.000000,0.000000,0.000000,65534.000000,0.000000,-2.000000
17440.000000,0.000000,0.000000,0.000000,65534.000000,0.000000,-2.000000
17450.000000,0.000000,0.000000,0.000000,65534.000000,0.000000,-2.000000
17460.000000,0.000000,0.000000,0.000000,65534.000000,0.000000,-2.000000
17470.000000,0.000000,0.000000,0.000000,65534.000000,0.000000,-2.000000
17480.000000,0.000000,0.000000,0.000000,65534.000000,0.000000,-2.000000
17490.000000,0.000000,0.000000,0.000000,65534.000000,0.000000,-2.000000
17500.000000,0.000000,0.000000,0.000000,65534.000000,0.000000,-2.000000
17510.000000,0.000000,0.000000,0.000000,65534.000000,0.000000,-2.000000
17520.000000,0.000000,0.000000,0.000000,65534.000000,0.000000,-2.000000
17530.000000,0.000000,0.000000,0.000000,65534.000000,0.000000,-2.000000
17540.000000,0.000000,0.000000,0.000000,65534.000000,0.000000,-2.000000
17550.000000,0.000000,0.000000,0.000000,65534.000000,0.000000,-2.000000
17560.000000,0.000000,0.000000,0.000000,65534.000000,0.000000,-2.000000
17570.000000,0.000000,0.000000,0.000000,65534.000000,0.000000,-2.000000
17580.000000,0.000000,0.000000,0.000000,65534.000000,0.000000,-2.000000
17590.000000,0.000000,0.000000,0.000000,65534.000000,0.000000,-2.000000
17600.000000,0.000000,0.000000,0.000000,65534.000000,0.000000,-2.000000
17610.000000,0.000000,0.000000,0.000000,65534.000000,0.000000,-2.000000
17620.000000,0.000000,0.000000,0.000000,65534.000000,0.000000,-2.000000
17630.000000,0.000000,0.000000,0.000000,65534.000000,0.000000,-2.000000
17640.000000,0.000000,0.000000,0.000000,65534.000000,0.000000,-2.000000
17650.000000,0.000000,0.000000,0.000000,65534.000000,0.000000,-2.000000
17660.000000,0.000000,0.000000,0.000000,65534.000000,0.000000,-2.000000
17670.000000,0.000000,0.000000,0.000000,65534.000000,0.000000,-2.000000
17680.000000,0.000000,0.000000,0.000000,65534.000000,0.000000,-2.000000
17690.000000,0.000000,0.000000,0.000000,65534.000000,0.000000,-2.000000
17700.000000,0.000000,0.000000,0.000000,65534.000000,0.000000,-2.000000
17710.000000,0.000000,0.000000,0.000000,65534.000000,0.000000,-2.000000
17720.000000,0.000000,0.000000,0.000000,65534.000000,0.000000,-2.000000
17730.000000,0.000000,0.000000,0.000000,65534.000000,0.000000,-2.000000
17740.000000,0.000000,0.000000,0.000000,65534.000000,0.000000,-2.000000
17750.000000,0.000000,0.000000,0.000000,65534.000000,0.000000,-2.000000
17760.000000,0.000000,0.000000,0.000000,65534.000000,0.000000,-2.000000
17770.000000,0.000000,0.000000,0.000000,65534.000000,0.000000,-2.000000
17780.000000,0.000000,0.000000,0.000000,65534.000000,0.000000,-2.000000
17790.000000,0.000000,0.000000,0.000000,65534.000000,0.000000,-2.000000
17800.000000,0.000000,0.000000,0.000000,65534.000000,0.000000,-2.000000
17810.000000,0.000000,0.000000,0.000000,65534.000000,0.000000,-2.000000
17820.000000,0.000000,0.000000,0.000000,65534.000000,0.000000,-2.000000
17830.000000,0.000000,0.000000,0.000000,65534.000000,0.000000,-2.000000
17840.000000,0.000000,0.000000,0.000000,65534.000000,0.000000,-2.000000
17850.000000,0.000000,0.000000,0.000000,65534.000000,0.000000,-2.000000
17860.000000,0.000000,0.000000,0.000000,65534.000000,0.000000,-2.000000
17870.000000,0.000000,0.000000,0.000000,65534.000000,0.000000,-2.000000
17880.000000,0.000000,0.000000,0.000000,65534.000000,0.000000,-2.000000
17890.000000,0.000000,0.000000,0.000000,65534.000000,0.000000,-2.000000
17900.000000,0.000000,0.000000,0.000000,65534.000000,0.000000,-2.000000
17910.000000,0.000000,0.000000,0.000000,65534.000000,0.000000,-2.000000
17920.000000,0.000000,0.000000,0.000000,65534.000000,0.000000,-2.000000
17930.000000,0.000000,0.000000,0.000000,65534.000000,0.000000,-2.000000
17940.000000,0.000000,0.000000,0.000000,65534.000000,0.000000,-2.000000
17950.000000,0.000000,0.000000,0.000000,65534.000000,0.000000,-2.000000
17960.000000,0.000000,0.000000,0.000000,65534.000000,0.000000,-2.000000
17970.000000,0.000000,0.000000,0.000000,65534.000000,0.000000,-2.000000
17980.000000,0.000000,0.000000,0.000000,65534.000000,0.000000,-2.000000
17990.000000,0.000000,0.000000,0.000000,65534.000000,0.000000,-2.000000
18000.000000,0.000000,0.000000,0.000000,65534.000000,0.000000,-2.000000
18010.000000,0.000000,0.000000,0.000000,65534.000000,0.000000,-2.000000
18020.000000,0.000000,0.000000,0.000000,65534.000000,0.000000,-2.000000
18030.000000,0.000000,0.000000,0.000000,65534.000000,0.000000,-2.000000
18040.000000,0.000000,0.000000,0.000000,65534.000000,0.000000,-2.000000
18050.000000,0.000000,0.000000,0.000000,65534.000000,0.000000,-2.000000
18060.000000,0.000000,0.000000,0.000000,65534.000000,0.000000,-2.000000
18070.000000,0.000000,0.000000,0.000000,65534.000000,0.000000,-2.000000
18080.000000,0.000000,0.000000,0.000000,65534.000000,0.000000,-2.000000
18090.000000,0.000000,0.000000,0.000000,65534.000000,0.000000,-2.000000
18100.000000,0.000000,0.000000,0.000000,65534.000000,0.000000,-2.000000
18110.000000,0.000000,0.000000,0.000000,65534.000000,0.000000,-2.000000
18120.000000,0.000000,0.000000,0.000000,65534.000000,0.000000,-2.000000
18130.000000,0.000000,0.000000,0.000000,65534.000000,0.000000,-2.000000
18140.000000,0.000000,0.000000,0.000000,65534.000000,0.000000,-2.000000
18150.000000,0.000000,0.000000,0.000000,65534.000000,0.000000,-2.000000
18160.000000,0.000000,0.000000,0.000000,65534.000000,0.000000,-2.000000
18170.000000,0.000000,0.000000,0.000000,65534.000000,0.000000,-2.000000
18180.000000,0.000000,0.000000,0.000000,65534.000000,0.000000,-2.000000
18190.000000,0.000000,0.000000,0.000000,65534.000000,0.000000,-2.000000
18200.000000,0.000000,0.000000,0.000000,65534.000000,0.000000,-2.000000
18210.000000,0.000000,0.000000,0.000000,65534.000000,0.000000,-2.000000
18220.000000,0.000000,0.000000,0.000000,65534.000000,0.000000,-2.000000
18230.000000,0.000000,0.000000,0.000000,65534.000000,0.000000,-2.000000
18240.000000,0.000000,0.000000,0.000000,65534.000000,0.000000,-2.000000
18250.000000,0.000000,0.000000,0.000000,65534.000000,0.000000,-2.000000
18260.000000,0.000000,0.000000,0.000000,65534.000000,0.000000,-2.000000
18270.000000,0.000000,0.000000,0.000000,65534.000000,0.000000,-2.000000
18280.000000,0.000000,0.000000,0.000000,65534.000000,0.000000,-2.000000
18290.000000,0.000000,0.000000,0.000000,65534.000000,0.000000,-2.000000
18300.000000,0.000000,0.000000,0.000000,65534.000000,0.000000,-2.000000
18310.000000,0.000000,0.000000,0.000000,65534.000000,0.000000,-2.000000
18320.000000,0.000000,0.000000,0.000000,65534.000000,0.000000,-2.000000
18330.000000,0.000000,0.000000,0.000000,65534.000000,0.000000,-2.000000
18340.000000,0.000000,0.000000,0.000000,65534.000000,0.000000,-2.000000
18350.000000,0.000000,0.000000,0.000000,65534.000000,0.000000,-2.000000
18360.000000,0.000000,0.000000,0.000000,65534.000000,0.000000,-2.000000
18370.000000,0.000000,0.000000,0.000000,65534.000000,0.000000,-2.000000
18380.000000,0.000000,0.000000,0.000000,65534.000000,0.000000,-2.000000
18390.000000,0.000000,0.000000,0.000000,65534.000000,0.000000,-2.000000
18400.000000,0.000000,0.000000,0.000000,65534.000000,0.000000,-2.000000
18410.000000,0.000000,0.000000,0.000000,65534.000000,0.000000,-2.000000
18420.000000,0.000000,0.000000,0.000000,65534.000000,0.000000,-2.000000
18430.000000,0.000000,0.000000,0.000000,65534.000000,0.000000,-2.000000
18440.000000,0.000000,0.000000,0.000000,65534.000000,0.000000,-2.000000
18450.000000,0.000000,0.000000,0.000000,65534.000000,0.000000,-2.000000
18460.000000,0.000000,0.000000,0.000000,65534.000000,0.000000,-2.000000
18470.000000,0.000000,0.000000,0.000000,65534.000000,0.000000,-2.000000
18480.000000,0.000000,0.000000,0.000000,65534.000000,0.000000,-2.000000
18490.000000,0.000000,0.000000,0.000000,65534.000000,0.000000,-2.000000
18500.000000,0.000000,0.000000,0.000000,65534.000000,0.000000,-2.000000
18510.000000,0.000000,0.000000,0.000000,65534.000000,0.000000,-2.000000
18520.000000,0.000000,0.000000,0.000000,65534.000000,0.000000,-2.000000
18530.000000,0.000000,0.000000,0.000000,65534.000000,0.000000,-2.000000
18540.000000,0.000000,0.000000,0.000000,65534.000000,0.000000,-2.000000
18550.000000,0.000000,0.000000,0.000000,65534.000000,0.000000,-2.000000
18560.000000,0.000000,0.000000,0.000000,65534.000000,0.000000,-2.000000
18570.000000,0.000000,0.000000,0.000000,65534.000000,0.000000,-2.000000
18580.000000,0.000000,0.000000,0.000000,65534.000000,0.000000,-2.000000
18590.000000,0.000000,0.000000,0.000000,65534.000000,0.000000,-2.000000
18600.000000,0.000000,0.000000,0.000000,65534.000000,0.000000,-2.000000
18610.000000,0.000000,0.000000,0.000000,65534.000000,0.000000,-2.000000
18620.000000,0.000000,0.000000,0.000000,65534.000000,0.000000,-2.000000
18630.000000,0.000000,0.000000,0.000000,65534.000000,0.000000,-2.000000
18640.000000,0.000000,0.000000,0.000000,65534.000000,0.000000,-2.000000
18650.000000,0.000000,0.000000,0.000000,65534.000000,0.000000,-2.000000
18660.000000,0.000000,0.000000,0.000000,65534.000000,0.000000,-2.000000
18670.000000,0.000000,0.000000,0.000000,65534.000000,0.000000,-2.000000
18680.000000,0.000000,0.000000,0.000000,65534.000000,0.000000,-2.000000
18690.000000,0.000000,0.000000,0.000000,65534.000000,0.000000,-2.000000
18700.000000,0.000000,0.000000,0.000000,65534.000000,0.000000,-2.000000
18710.000000,0.000000,0.000000,0.000000,65534.000000,0.000000,-2.000000
18720.000000,0.000000,0.000000,0.000000,65534.000000,0.000000,-2.000000
18730.000000,0.000000,0.000000,0.000000,65534.000000,0.000000,-2.000000
18740.000000,0.000000,0.000000,0.000000,65534.000000,0.000000,-2.000000
18750.000000,0.000000,0.000000,0.000000,65534.000000,0.000000,-2.000000
18760.000000,0.000000,0.000000,0.000000,65534.000000,0.000000,-2.000000
18770.000000,0.000000,0.000000,0.000000,65534.000000,0.000000,-2.000000
18780.000000,0.000000,0.000000,0.000000,65534.000000,0.000000,-2.000000
18790.000000,0.000000,0.000000,0.000000,65534.000000,0.000000,-2.000000
18800.000000,0.000000,0.000000,0.000000,65534.000000,0.000000,-2.000000
18810.000000,0.000000,0.000000,0.000000,65534.000000,0.000000,-2.000000
18820.000000,0.000000,0.000000,0.000000,65534.000000,0.000000,-2.000000
18830.000000,0.000000,0.000000,0.000000,65534.000000,0.000000,-2.000000
18840.000000,0.000000,0.000000,0.000000,65534.000000,0.000000,-2.000000
18850.000000,0.000000,0.000000,0.000000,65534.000000,0.000000,-2.000000
18860.000000,0.000000,0.000000,0.000000,65534.000000,0.000000,-2.000000
18870.000000,0.000000,0.000000,0.000000,65534.000000,0.000000,-2.000000
18880.000000,0.000000,0.000000,0.000000,65534.000000,0.000000,-2.000000
18890.000000,0.000000,0.000000,0.000000,65534.000000,0.000000,-2.000000
18900.000000,0.000000,0.000000,0.000000,65534.000000,0.000000,-2.000000
18910.000000,0.000000,0.000000,0.000000,65534.000000,0.000000,-2.000000
18920.000000,0.000000,0.000000,0.000000,65534.000000,0.000000,-2.000000
18930.000000,0.000000,0.000000,0.000000,65534.000000,0.000000,-2.000000
18940.000000,0.000000,0.000000,0.000000,65534.000000,0.000000,-2.000000
18950.000000,0.000000,0.000000,0.000000,65534.000000,0.000000,-2.000000
18960.000000,0.000000,0.000000,0.000000,65534.000000,0.000000,-2.000000
18970.000000,0.000000,0.000000,0.000000,65534.000000,0.000000,-2.000000
18980.000000,0.000000,0.000000,0.000000,65534.000000,0.000000,-2.000000
18990.000000,0.000000,0.000000,0.000000,65534.000000,0.000000,-2.000000
19000.000000,0.000000,0.000000,0.000000,65534.000000,0.000000,-2.000000
19010.000000,0.000000,0.000000,0.000000,65534.000000,0.000000,-2.000000
19020.000000,0.000000,0.000000,0.000000,65534.000000,0.000000,-2.000000
19030.000000,0.000000,0.000000,0.000000,65534.000000,0.000000,-2.000000
19040.000000,0.000000,0.000000,0.000000,65534.000000,0.000000,-2.000000
19050.000000,0.000000,0.000000,0.000000,65534.000000,0.000000,-2.000000
19060.000000,0.000000,0.000000,0.000000,65534.000000,0.000000,-2.000000
19070.000000,0.000000,0.000000,0.000000,65534.000000,0.000000,-2.000000
19080.000000,0.000000,0.000000,0.000000,65534.000000,0.000000,-2.000000
19090.000000,0.000000,0.000000,0.000000,65534.000000,0.000000,-2.000000
19100.000000,0.000000,0.000000,0.000000,65534.000000,0.000000,-2.000000
19110.000000,0.000000,0.000000,0.000000,65534.000000,0.000000,-2.000000
19120.000000,0.000000,0.000000,0.000000,65534.000000,0.000000,-2.000000
19130.000000,0.000000,0.000000,0.000000,65534.000000,0.000000,-2.000000
19140.000000,0.000000,0.000000,0.000000,65534.000000,0.000000,-2.000000
19150.000000,0.000000,0.000000,0.000000,65534.000000,0.000000,-2.000000
19160.000000,0.000000,0.000000,0.000000,65534.000000,0.000000,-2.000000
19170.000000,0.000000,0.000000,0.000000,65534.000000,0.000000,-2.000000
19180.000000,0.000000,0.000000,0.000000,65534.000000,0.000000,-2.000000
19190.000000,0.000000,0.000000,0.000000,65534.000000,0.000000,-2.000000
19200.000000,0.000000,0.000000,0.000000,65534.000000,0.000000,-2.000000
19210.000000,0.000000,0.000000,0.000000,65534.000000,0.000000,-2.000000
19220.000000,0.000000,0.000000,0.000000,65534.000000,0.000000,-2.000000
19230.000000,0.000000,0.000000,0.000000,65534.000000,0.000000,-2.000000
19240.000000,0.000000,0.000000,0.000000,65534.000000,0.000000,-2.000000
19250.000000,0.000000,0.000000,0.000000,65534.000000,0.000000,-2.000000
19260.000000,0.000000,0.000000,0.000000,65534.000000,0.000000,-2.000000
19270.000000,0.000000,0.000000,0.000000,65534.000000,0.000000,-2.000000
19280.000000,0.000000,0.000000,0.000000,65534.000000,0.000000,-2.000000
19290.000000,0.000000,0.000000,0.000000,65534.000000,0.000000,-2.000000
19300.000000,0.000000,0.000000,0.000000,65534.000000,0.000000,-2.000000
19310.000000,0.000000,0.000000,0.000000,65534.000000,0.000000,-2.000000
19320.000000,0.000000,0.000000,0.000000,65534.000000,0.000000,-2.000000
19330.000000,0.000000,0.000000,0.000000,65534.000000,0.000000,-2.000000
19340.000000,0.000000,0.000000,0.000000,65534.000000,0.000000,-2.000000
19350.000000,0.000000,0.000000,0.000000,65534.000000,0.000000,-2.000000
19360.000000,0.000000,0.000000,0.000000,65534.000000,0.000000,-2.000000
19370.000000,0.000000,0.000000,0.000000,65534.000000,0.000000,-2.000000
19380.000000,0.000000,0.000000,0.000000,65534.000000,0.000000,-2.000000
19390.000000,0.000000,0.000000,0.000000,65534.000000,0.000000,-2.000000
19400.000000,0.000000,0.000000,0.000000,65534.000000,0.000000,-2.000000
19410.000000,0.000000,0.000000,0.000000,65534.000000,0.000000,-2.000000
19420.000000,0.000000,0.000000,0.000000,65534.000000,0.000000,-2.000000
19430.000000,0.000000,0.000000,0.000000,65534.000000,0.000000,-2.000000
19440.000000,0.000000,0.000000,0.000000,65534.000000,0.000000,-2.000000
19450.000000,0.000000,0.000000,0.000000,65534.000000,0.000000,-2.000000
19460.000000,0.000000,0.000000,0.000000,65534.000000,0.000000,-2.000000
19470.000000,0.000000,0.000000,0.000000,65534.000000,0.000000,-2.000000
19480.000000,0.000000,0.000000,0.000000,65534.000000,0.000000,-2.000000
19490.000000,0.000000,0.000000,0.000000,65534.000000,0.000000,-2.000000
19500.000000,0.000000,0.000000,0.000000,65534.000000,0.000000,-2.000000
19510.000000,0.000000,0.000000,0.000000,65534.000000,0.000000,-2.000000
19520.000000,0.000000,0.000000,0.000000,65534.000000,0.000000,-2.000000
19530.000000,0.000000,0.000000,0.000000,65534.000000,0.000000,-2.000000
19540.000000,0.000000,0.000000,0.000000,65534.000000,0.000000,-2.000000
19550.000000,0.000000,0.000000,0.000000,65534.000000,0.000000,-2.000000
19560.000000,0.000000,0.000000,0.000000,65534.000000,0.000000,-2.000000
19570.000000,0.000000,0.000000,0.000000,65534.000000,0.000000,-2.000000
19580.000000,0.000000,0.000000,0.000000,65534.000000,0.000000,-2.000000
19590.000000,0.000000,0.000000,0.000000,65534.000000,0.000000,-2.000000
19600.000000,0.000000,0.000000,0.000000,65534.000000,0.000000,-2.000000
19610.000000,0.000000,0.000000,0.000000,65534.000000,0.000000,-2.000000
19620.000000,0.000000,0.000000,0.000000,65534.000000,0.000000,-2.000000
19630.000000,0.000000,0.000000,0.000000,65534.000000,0.000000,-2.000000
19640.000000,0.000000,0.000000,0.000000,65534.000000,0.000000,-2.000000
19650.000000,0.000000,0.000000,0.000000,65534.000000,0.000000,-2.000000
19660.000000,0.000000,0.000000,0.000000,65534.000000,0.000000,-2.000000
19670.000000,0.000000,0.000000,0.000000,65534.000000,0.000000,-2.000000
19680.000000,0.000000,0.000000,0.000000,65534.000000,0.000000,-2.000000
19690.000000,0.000000,0.000000,0.000000,65534.000000,0.000000,-2.000000
19700.000000,0.000000,0.000000,0.000000,65534.000000,0.000000,-2.000000
19710.000000,0.000000,0.000000,0.000000,65534.000000,0.000000,-2.000000
19720.000000,0.000000,0.000000,0.000000,65534.000000,0.000000,-2.000000
19730.000000,0.000000,0.000000,0.000000,65534.000000,0.000000,-2.000000
19740.000000,0.000000,0.000000,0.000000,65534.000000,0.000000,-2.000000
19750.000000,0.000000,0.000000,0.000000,65534.000000,0.000000,-2.000000
19760.000000,0.000000,0.000000,0.000000,65534.000000,0.000000,-2.000000
19770.000000,0.000000,0.000000,0.000000,65534.000000,0.000000,-2.000000
19780.000000,0.000000,0.000000,0.000000,65534.000000,0.000000,-2.000000
19790.000000,0.000000,0.000000,0.000000,65534.000000,0.000000,-2.000000
19800.000000,0.000000,0.000000,0.000000,65534.000000,0.000000,-2.000000
19810.000000,0.000000,0.000000,0.000000,65534.000000,0.000000,-2.000000
19820.000000,0.000000,0.000000,0.000000,65534.000000,0.000000,-2.000000
19830.000000,0.000000,0.000000,0.000000,65534.000000,0.000000,-2.000000
19840.000000,0.000000,0.000000,0.000000,65534.000000,0.000000,-2.000000
19850.000000,0.000000,0.000000,0.000000,65534.000000,0.000000,-2.000000
19860.000000,0.000000,0.000000,0.000000,65534.000000,0.000000,-2.000000
19870.000000,0.000000,0.000000,0.000000,65534.000000,0.000000,-2.000000
19880.000000,0.000000,0.000000,0.000000,65534.000000,0.000000,-2.000000
19890.000000,0.000000,0.000000,0.000000,65534.000000,0.000000,-2.000000
19900.000000,0.000000,0.000000,0.000000,65534.000000,0.000000,-2.000000
19910.000000,0.000000,0.000000,0.000000,65534.000000,0.000000,-2.000000
19920.000000,0.000000,0.000000,0.000000,65534.000000,0.000000,-2.000000
19930.000000,0.000000,0.000000,0.000000,65534.000000,0.000000,-2.000000
19940.000000,0.000000,0.000000,0.000000,65534.000000,0.000000,-2.000000
19950.000000,0.000000,0.000000,0.000000,65534.000000,0.000000,-2.000000
19960.000000,0.000000,0.000000,0.000000,65534.000000,0.000000,-2.000000
19970.000000,0.000000,0.000000,0.000000,65534.000000,0.000000,-2.000000
19980.000000,0.000000,0.000000,0.000000,65534.000000,0.000000,-2.000000
19990.000000,0.000000,0.000000,0.000000,65534.000000,0.000000,-2.000000
20000.000000,0.000000,0.000000,0.000000,65534.000000,0.000000,-2.000000
20010.000000,0.000000,0.000000,0.000000,65534.000000,0.000000,-2.000000
20020.000000,0.000000,0.000000,0.000000,65534.000000,0.000000,-2.000000
20030.000000,0.000000,0.000000,0.000000,65534.000000,0.000000,-2.000000
20040.000000,0.000000,0.000000,0.000000,65534.000000,0.000000,-2.000000
20050.000000,0.000000,0.000000,0.000000,65534.000000,0.000000,-2.000000
20060.000000,0.000000,0.000000,0.000000,65534.000000,0.000000,-2.000000
20070.000000,0.000000,0.000000,0.000000,65534.000000,0.000000,-2.000000
20080.000000,0.000000,0.000000,0.000000,65534.000000,0.000000,-2.000000
20090.000000,0.000000,0.000000,0.000000,65534.000000,0.000000,-2.000000
20100.000000,0.000000,0.000000,0.000000,65534.000000,0.000000,-2.000000
20110.000000,0.000000,0.000000,0.000000,65534.000000,0.000000,-2.000000
20120.000000,0.000000,0.000000,0.000000,65534.000000,0.000000,-2.000000
20130.000000,0.000000,0.000000,0.000000,65534.000000,0.000000,-2.000000
20140.000000,0.000000,0.000000,0.000000,65534.000000,0.000000,-2.000000
20150.000000,0.000000,0.000000,0.000000,65534.000000,0.000000,-2.000000
20160.000000,0.000000,0.000000,0.000000,65534.000000,0.000000,-2.000000
20170.000000,0.000000,0.000000,0.000000,65534.000000,0.000000,-2.000000
20180.000000,0.000000,0.000000,0.000000,65534.000000,0.000000,-2.000000
20190.000000,0.000000,0.000000,0.000000,65534.000000,0.000000,-2.000000
20200.000000,0.000000,0.000000,0.000000,65534.000000,0.000000,-2.000000
20210.000000,0.000000,0.000000,0.000000,65534.000000,0.000000,-2.000000
20220.000000,0.000000,0.000000,0.000000,65534.000000,0.000000,-2.000000
20230.000000,0.000000,0.000000,0.000000,65534.000000,0.000000,-2.000000
20240.000000,0.000000,0.000000,0.000000,65534.000000,0.000000,-2.000000
20250.000000,0.000000,0.000000,0.000000,65534.000000,0.000000,-2.000000
20260.000000,0.000000,0.000000,0.000000,65534.000000,0.000000,-2.000000
20270.000000,0.000000,0.000000,0.000000,65534.000000,0.000000,-2.000000
20280.000000,0.000000,0.000000,0.000000,65534.000000,0.000000,-2.000000
20290.000000,0.000000,0.000000,0.000000,65534.000000,0.000000,-2.000000
20300.000000,0.000000,0.000000,0.000000,65534.000000,0.000000,-2.000000
20310.000000,0.000000,0.000000,0.000000,65534.000000,0.000000,-2.000000
20320.000000,0.000000,0.000000,0.000000,65534.000000,0.000000,-2.000000
20330.000000,0.000000,0.000000,0.000000,65534.000000,0.000000,-2.000000
20340.000000,0.000000,0.000000,0.000000,65534.000000,0.000000,-2.000000
20350.000000,0.000000,0.000000,0.000000,65534.000000,0.000000,-2.000000
20360.000000,0.000000,0.000000,0.000000,65534.000000,0.000000,-2.000000
20370.000000,0.000000,0.000000,0.000000,65534.000000,0.000000,-2.000000
20380.000000,0.000000,0.000000,0.000000,65534.000000,0.000000,-2.000000
20390.000000,0.000000,0.000000,0.000000,65534.000000,0.000000,-2.000000
20400.000000,0.000000,0.000000,0.000000,65534.000000,0.000000,-2.000000
20410.000000,0.000000,0.000000,0.000000,65534.000000,0.000000,-2.000000
20420.000000,0.000000,0.000000,0.000000,65534.000000,0.000000,-2.000000
20430.000000,0.000000,0.000000,0.000000,65534.000000,0.000000,-2.000000
20440.000000,0.000000,0.000000,0.000000,65534.000000,0.000000,-2.000000
20450.000000,0.000000,0.000000,0.000000,65534.000000,0.000000,-2.000000
20460.000000,0.000000,0.000000,0.000000,65534.000000,0.000000,-2.000000
20470.000000,0.000000,0.000000,0.000000,65534.000000,0.000000,-2.000000
20480.000000,0.000000,0.000000,0.000000,65534.000000,0.000000,-2.000000
20490.000000,0.000000,0.000000,0.000000,65534.000000,0.000000,-2.000000
20500.000000,0.000000,0.000000,0.000000,65534.000000,0.000000,-2.000000
20510.000000,0.000000,0.000000,0.000000,65534.000000,0.000000,-2.000000
20520.000000,0.000000,0.000000,0.000000,65534.000000,0.000000,-2.000000
20530.000000,0.000000,0.000000,0.000000,65534.000000,0.000000,-2.000000
20540.000000,0.000000,0.000000,0.000000,65534.000000,0.000000,-2.000000
20550.000000,0.000000,0.000000,0.000000,65534.000000,0.000000,-2.000000
20560.000000,0.000000,0.000000,0.000000,65534.000000,0.000000,-2.000000
20570.000000,0.000000,0.000000,0.000000,65534.000000,0.000000,-2.000000
20580.000000,0.000000,0.000000,0.000000,65534.000000,0.000000,-2.000000
20590.000000,0.000000,0.000000,0.000000,65534.000000,0.000000,-2.000000
20600.000000,0.000000,0.000000,0.000000,65534.000000,0.000000,-2.000000
20610.000000,0.000000,0.000000,0.000000,65534.000000,0.000000,-2.000000
20620.000000,0.000000,0.000000,0.000000,65534.000000,0.000000,-2.000000
20630.000000,0.000000,0.000000,0.000000,65534.000000,0.000000,-2.000000
20640.000000,0.000000,0.000000,0.000000,65534.000000,0.000000,-2.000000
20650.000000,0.000000,0.000000,0.000000,65534.000000,0.000000,-2.000000
20660.000000,0.000000,0.000000,0.000000,65534.000000,0.000000,-2.000000
20670.000000,0.000000,0.000000,0.000000,65534.000000,0.000000,-2.000000
20680.000000,0.000000,0.000000,0.000000,65534.000000,0.000000,-2.000000
20690.000000,0.000000,0.000000,0.000000,65534.000000,0.000000,-2.000000
20700.000000,0.000000,0.000000,0.000000,65534.000000,0.000000,-2.000000
20710.000000,0.000000,0.000000,0.000000,65534.000000,0.000000,-2.000000
20720.000000,0.000000,0.000000,0.000000,65534.000000,0.000000,-2.000000
20730.000000,0.000000,0.000000,0.000000,65534.000000,0.000000,-2.000000
20740.000000,0.000000,0.000000,0.000000,65534.000000,0.000000,-2.000000
20750.000000,0.000000,0.000000,0.000000,65534.000000,0.000000,-2.000000
20760.000000,0.000000,0.000000,0.000000,65534.000000,0.000000,-2.000000
20770.000000,0.000000,0.000000,0.000000,65534.000000,0.000000,-2.000000
20780.000000,0.000000,0.000000,0.000000,65534.000000,0.000000,-2.000000
20790.000000,0.000000,0.000000,0.000000,65534.000000,0.000000,-2.000000
20800.000000,0.000000,0.000000,0.000000,65534.000000,0.000000,-2.000000
20810.000000,0.000000,0.000000,0.000000,65534.000000,0.000000,-2.000000
20820.000000,0.000000,0.000000,0.000000,65534.000000,0.000000,-2.000000
20830.000000,0.000000,0.000000,0.000000,65534.000000,0.000000,-2.000000
20840.000000,0.000000,0.000000,0.000000,65534.000000,0.000000,-2.000000
20850.000000,0.000000,0.000000,0.000000,65534.000000,0.000000,-2.000000
20860.000000,0.000000,0.000000,0.000000,65534.000000,0.000000,-2.000000
20870.000000,0.000000,0.000000,0.000000,65534.000000,0.000000,-2.000000
20880.000000,0.000000,0.000000,0.000000,65534.000000,0.000000,-2.000000
20890.000000,0.000000,0.000000,0.000000,65534.000000,0.000000,-2.000000
20900.000000,0.000000,0.000000,0.000000,65534.000000,0.000000,-2.000000
20910.000000,0.000000,0.000000,0.000000,65534.000000,0.000000,-2.000000
20920.000000,0.000000,0.000000,0.000000,65534.000000,0.000000,-2.000000
20930.000000,0.000000,0.000000,0.000000,65534.000000,0.000000,-2.000000
20940.000000,0.000000,0.000000,0.000000,65534.000000,0.000000,-2.000000
20950.000000,0.000000,0.000000,0.000000,65534.000000,0.000000,-2.000000
20960.000000,0.000000,0.000000,0.000000,65534.000000,0.000000,-2.000000
20970.000000,0.000000,0.000000,0.000000,65534.000000,0.000000,-2.000000
20980.000000,0.000000,0.000000,0.000000,65534.000000,0.000000,-2.000000
20990.000000,0.000000,0.000000,0.000000,65534.000000,0.000000,-2.000000
21000.000000,0.000000,0.000000,0.000000,65534.000000,0.000000,-2.000000
21010.000000,0.000000,0.000000,0.000000,65534.000000,0.000000,-2.000000
21020.000000,0.000000,0.000000,0.000000,65534.000000,0.000000,-2.000000
21030.000000,0.000000,0.000000,0.000000,65534.000000,0.000000,-2.000000
21040.000000,0.000000,0.000000,0.000000,65534.000000,0.000000,-2.000000
21050.000000,0.000000,0.000000,0.000000,65534.000000,0.000000,-2.000000
21060.000000,0.000000,0.000000,0.000000,65534.000000,0.000000,-2.000000
21070.000000,0.000000,0.000000,0.000000,65534.000000,0.000000,-2.000000
21080.000000,0.000000,0.000000,0.000000,65534.000000,0.000000,-2.000000
21090.000000,0.000000,0.000000,0.000000,65534.000000,0.000000,-2.000000
21100.000000,0.000000,0.000000,0.000000,65534.000000,0.000000,-2.000000
21110.000000,0.000000,0.000000,0.000000,65534.000000,0.000000,-2.000000
21120.000000,0.000000,0.000000,0.000000,65534.000000,0.000000,-2.000000
21130.000000,0.000000,0.000000,0.000000,65534.000000,0.000000,-2.000000
21140.000000,0.000000,0.000000,0.000000,65534.000000,0.000000,-2.000000
21150.000000,0.000000,0.000000,0.000000,65534.000000,0.000000,-2.000000
21160.000000,0.000000,0.000000,0.000000,65534.000000,0.000000,-2.000000
21170.000000,0.000000,0.000000,0.000000,65534.000000,0.000000,-2.000000
21180.000000,0.000000,0.000000,0.000000,65534.000000,0.000000,-2.000000
21190.000000,0.000000,0.000000,0.000000,65534.000000,0.000000,-2.000000
21200.000000,0.000000,0.000000,0.000000,65534.000000,0.000000,-2.000000
21210.000000,0.000000,0.000000,0.000000,65534.000000,0.000000,-2.000000
21220.000000,0.000000,0.000000,0.000000,65534.000000,0.000000,-2.000000
21230.000000,0.000000,0.000000,0.000000,65534.000000,0.000000,-2.000000
21240.000000,0.000000,0.000000,0.000000,65534.000000,0.000000,-2.000000
21250.000000,0.000000,0.000000,0.000000,65534.000000,0.000000,-2.000000
21260.000000,0.000000,0.000000,0.000000,65534.000000,0.000000,-2.000000
21270.000000,0.000000,0.000000,0.000000,65534.000000,0.000000,-2.000000
21280.000000,0.000000,0.000000,0.000000,65534.000000,0.000000,-2.000000
21290.000000,0.000000,0.000000,0.000000,65534.000000,0.000000,-2.000000
21300.000000,0.000000,0.000000,0.000000,65534.000000,0.000000,-2.000000
21310.000000,0.000000,0.000000,0.000000,65534.000000,0.000000,-2.000000
21320.000000,0.000000,0.000000,0.000000,65534.000000,0.000000,-2.000000
21330.000000,0.000000,0.000000,0.000000,65534.000000,0.000000,-2.000000
21340.000000,0.000000,0.000000,0.000000,65534.000000,0.000000,-2.000000
21350.000000,0.000000,0.000000,0.000000,65534.000000,0.000000,-2.000000
21360.000000,0.000000,0.000000,0.000000,65534.000000,0.000000,-2.000000
21370.000000,0.000000,0.000000,0.000000,65534.000000,0.000000,-2.000000
21380.000000,0.000000,0.000000,0.000000,65534.000000,0.000000,-2.000000
21390.000000,0.000000,0.000000,0.000000,65534.000000,0.000000,-2.000000
21400.000000,0.000000,0.000000,0.000000,65534.000000,0.000000,-2.000000
21410.000000,0.000000,0.000000,0.000000,65534.000000,0.000000,-2.000000
21420.000000,0.000000,0.000000,0.000000,65534.000000,0.000000,-2.000000
21430.000000,0.000000,0.000000,0.000000,65534.000000,0.000000,-2.000000
21440.000000,0.000000,0.000000,0.000000,65534.000000,0.000000,-2.000000
21450.000000,0.000000,0.000000,0.000000,65534.000000,0.000000,-2.000000
21460.000000,0.000000,0.000000,0.000000,65534.000000,0.000000,-2.000000
21470.000000,0.000000,0.000000,0.000000,65534.000000,0.000000,-2.000000
21480.000000,0.000000,0.000000,0.000000,65534.000000,0.000000,-2.000000
21490.000000,0.000000,0.000000,0.000000,65534.000000,0.000000,-2.000000
21500.000000,0.000000,0.000000,0.000000,65534.000000,0.000000,-2.000000
21510.000000,0.000000,0.000000,0.000000,65534.000000,0.000000,-2.000000
21520.000000,0.000000,0.000000,0.000000,65534.000000,0.000000,-2.000000
21530.000000,0.000000,0.000000,0.000000,65534.000000,0.000000,-2.000000
21540.000000,0.000000,0.000000,0.000000,65534.000000,0.000000,-2.000000
21550.000000,0.000000,0.000000,0.000000,65534.000000,0.000000,-2.000000
21560.000000,0.000000,0.000000,0.000000,65534.000000,0.000000,-2.000000
21570.000000,0.000000,0.000000,0.000000,65534.000000,0.000000,-2.000000
21580.000000,0.000000,0.000000,0.000000,65534.000000,0.000000,-2.000000
21590.000000,0.000000,0.000000,0.000000,65534.000000,0.000000,-2.000000
21600.000000,0.000000,0.000000,0.000000,65534.000000,0.000000,-2.000000
21610.000000,0.000000,0.000000,0.000000,65534.000000,0.000000,-2.000000
21620.000000,0.000000,0.000000,0.000000,65534.000000,0.000000,-2.000000
21630.000000,0.000000,0.000000,0.000000,65534.000000,0.000000,-2.000000
21640.000000,0.000000,0.000000,0.000000,65534.000000,0.000000,-2.000000
21650.000000,0.000000,0.000000,0.000000,65534.000000,0.000000,-2.000000
21660.000000,0.000000,0.000000,0.000000,65534.000000,0.000000,-2.000000
21670.000000,0.000000,0.000000,0.000000,65534.000000,0.000000,-2.000000
21680.000000,0.000000,0.000000,0.000000,65534.000000,0.000000,-2.000000
21690.000000,0.000000,0.000000,0.000000,65534.000000,0.000000,-2.000000
21700.000000,0.000000,0.000000,0.000000,65534.000000,0.000000,-2.000000
21710.000000,0.000000,0.000000,0.000000,65534.000000,0.000000,-2.000000
21720.000000,0.000000,0.000000,0.000000,65534.000000,0.000000,-2.000000
21730.000000,0.000000,0.000000,0.000000,65534.000000,0.000000,-2.000000
21740.000000,0.000000,0.000000,0.000000,65534.000000,0.000000,-2.000000
21750.000000,0.000000,0.000000,0.000000,65534.000000,0.000000,-2.000000
21760.000000,0.000000,0.000000,0.000000,65534.000000,0.000000,-2.000000
21770.000000,0.000000,0.000000,0.000000,65534.000000,0.000000,-2.000000
21780.000000,0.000000,0.000000,0.000000,65534.000000,0.000000,-2.000000
21790.000000,0.000000,0.000000,0.000000,65534.000000,0.000000,-2.000000
21800.000000,0.000000,0.000000,0.000000,65534.000000,0.000000,-2.000000
21810.000000,0.000000,0.000000,0.000000,65534.000000,0.000000,-2.000000
21820.000000,0.000000,0.000000,0.000000,65534.000000,0.000000,-2.000000
21830.000000,0.000000,0.000000,0.000000,65534.000000,0.000000,-2.000000
21840.000000,0.000000,0.000000,0.000000,65534.000000,0.000000,-2.000000
21850.000000,0.000000,0.000000,0.000000,65534.000000,0.000000,-2.000000
21860.000000,0.000000,0.000000,0.000000,65534.000000,0.000000,-2.000000
21870.000000,0.000000,0.000000,0.000000,65534.000000,0.000000,-2.000000
21880.000000,0.000000,0.000000,0.000000,65534.000000,0.000000,-2.000000
21890.000000,0.000000,0.000000,0.000000,65534.000000,0.000000,-2.000000
21900.000000,0.000000,0.000000,0.000000,65534.000000,0.000000,-2.000000
21910.000000,0.000000,0.000000,0.000000,65534.000000,0.000000,-2.000000
21920.000000,0.000000,0.000000,0.000000,65534.000000,0.000000,-2.000000
21930.000000,0.000000,0.000000,0.000000,65534.000000,0.000000,-2.000000
21940.000000,0.000000,0.000000,0.000000,65534.000000,0.000000,-2.000000
21950.000000,0.000000,0.000000,0.000000,65534.000000,0.000000,-2.000000
21960.000000,0.000000,0.000000,0.000000,65534.000000,0.000000,-2.000000
21970.000000,0.000000,0.000000,0.000000,65534.000000,0.000000,-2.000000
21980.000000,0.000000,0.000000,0.000000,65534.000000,0.000000,-2.000000
21990.000000,0.000000,0.000000,0.000000,65534.000000,0.000000,-2.000000
22000.000000,0.000000,0.000000,0.000000,65534.000000,0.000000,-2.000000
22010.000000,0.000000,0.000000,0.000000,65534.000000,0.000000,-2.000000
22020.000000,0.000000,0.000000,0.000000,65534.000000,0.000000,-2.000000
22030.000000,0.000000,0.000000,0.000000,65534.000000,0.000000,-2.000000
22040.000000,0.000000,0.000000,0.000000,65534.000000,0.000000,-2.000000
22050.000000,0.000000,0.000000,0.000000,65534.000000,0.000000,-2.000000
22060.000000,0.000000,0.000000,0.000000,65534.000000,0.000000,-2.000000
22070.000000,0.000000,0.000000,0.000000,65534.000000,0.000000,-2.000000
22080.000000,0.000000,0.000000,0.000000,65534.000000,0.000000,-2.000000
22090.000000,0.000000,0.000000,0.000000,65534.000000,0.000000,-2.000000
22100.000000,0.000000,0.000000,0.000000,65534.000000,0.000000,-2.000000
22110.000000,0.000000,0.000000,0.000000,65534.000000,0.000000,-2.000000
22120.000000,0.000000,0.000000,0.000000,65534.000000,0.000000,-2.000000
22130.000000,0.000000,0.000000,0.000000,65534.000000,0.000000,-2.000000
22140.000000,0.000000,0.000000,0.000000,65534.000000,0.000000,-2.000000
22150.000000,0.000000,0.000000,0.000000,65534.000000,0.000000,-2.000000
22160.000000,0.000000,0.000000,0.000000,65534.000000,0.000000,-2.000000
22170.000000,0.000000,0.000000,0.000000,65534.000000,0.000000,-2.000000
22180.000000,0.000000,0.000000,0.000000,65534.000000,0.000000,-2.000000
22190.000000,0.000000,0.000000,0.000000,65534.000000,0.000000,-2.000000
22200.000000,0.000000,0.000000,0.000000,65534.000000,0.000000,-2.000000
22210.000000,0.000000,0.000000,0.000000,65534.000000,0.000000,-2.000000
22220.000000,0.000000,0.000000,0.000000,65534.000000,0.000000,-2.000000
22230.000000,0.000000,0.000000,0.000000,65534.000000,0.000000,-2.000000
22240.000000,0.000000,0.000000,0.000000,65534.000000,0.000000,-2.000000
22250.000000,0.000000,0.000000,0.000000,65534.000000,0.000000,-2.000000
22260.000000,0.000000,0.000000,0.000000,65534.000000,0.000000,-2.000000
22270.000000,0.000000,0.000000,0.000000,65534.000000,0.000000,-2.000000
22280.000000,0.000000,0.000000,0.000000,65534.000000,0.000000,-2.000000
22290.000000,0.000000,0.000000,0.000000,65534.000000,0.000000,-2.000000
22300.000000,0.000000,0.000000,0.000000,65534.000000,0.000000,-2.000000
22310.000000,0.000000,0.000000,0.000000,65534.000000,0.000000,-2.000000
22320.000000,0.000000,0.000000,0.000000,65534.000000,0.000000,-2.000000
22330.000000,0.000000,0.000000,0.000000,65534.000000,0.000000,-2.000000
22340.000000,0.000000,0.000000,0.000000,65534.000000,0.000000,-2.000000
22350.000000,0.000000,0.000000,0.000000,65534.000000,0.000000,-2.000000
22360.000000,0.000000,0.000000,0.000000,65534.000000,0.000000,-2.000000
22370.000000,0.000000,0.000000,0.000000,65534.000000,0.000000,-2.000000
22380.000000,0.000000,0.000000,0.000000,65534.000000,0.000000,-2.000000
22390.000000,0.000000,0.000000,0.000000,65534.000000,0.000000,-2.000000
22400.000000,0.000000,0.000000,0.000000,65534.000000,0.000000,-2.000000
22410.000000,0.000000,0.000000,0.000000,65534.000000,0.000000,-2.000000
22420.000000,0.000000,0.000000,0.000000,65534.000000,0.000000,-2.000000
22430.000000,0.000000,0.000000,0.000000,65534.000000,0.000000,-2.000000
22440.000000,0.000000,0.000000,0.000000,65534.000000,0.000000,-2.000000
22450.000000,0.000000,0.000000,0.000000,65534.000000,0.000000,-2.000000
22460.000000,0.000000,0.000000,0.000000,65534.000000,0.000000,-2.000000
22470.000000,0.000000,0.000000,0.000000,65534.000000,0.000000,-2.000000
22480.000000,0.000000,0.000000,0.000000,65534.000000,0.000000,-2.000000
22490.000000,0.000000,0.000000,0.000000,65534.000000,0.000000,-2.000000
22500.000000,0.000000,0.000000,0.000000,65534.000000,0.000000,-2.000000
22510.000000,0.000000,0.000000,0.000000,65534.000000,0.000000,-2.000000
22520.000000,0.000000,0.000000,0.000000,65534.000000,0.000000,-2.000000
22530.000000,0.000000,0.000000,0.000000,65534.000000,0.000000,-2.000000
22540.000000,0.000000,0.000000,0.000000,65534.000000,0.000000,-2.000000
22550.000000,0.000000,0.000000,0.000000,65534.000000,0.000000,-2.000000
22560.000000,0.000000,0.000000,0.000000,65534.000000,0.000000,-2.000000
22570.000000,0.000000,0.000000,0.000000,65534.000000,0.000000,-2.000000
22580.000000,0.000000,0.000000,0.000000,65534.000000,0.000000,-2.000000
22590.000000,0.000000,0.000000,0.000000,65534.000000,0.000000,-2.000000
22600.000000,0.000000,0.000000,0.000000,65534.000000,0.000000,-2.000000
22610.000000,0.000000,0.000000,0.000000,65534.000000,0.000000,-2.000000
22620.000000,0.000000,0.000000,0.000000,65534.000000,0.000000,-2.000000
22630.000000,0.000000,0.000000,0.000000,65534.000000,0.000000,-2.000000
22640.000000,0.000000,0.000000,0.000000,65534.000000,0.000000,-2.000000
22650.000000,0.000000,0.000000,0.000000,65534.000000,0.000000,-2.000000
22660.000000,0.000000,0.000000,0.000000,65534.000000,0.000000,-2.000000
22670.000000,0.000000,0.000000,0.000000,65534.000000,0.000000,-2.000000
22680.000000,0.000000,0.000000,0.000000,65534.000000,0.000000,-2.000000
22690.000000,0.000000,0.000000,0.000000,65534.000000,0.000000,-2.000000
22700.000000,0.000000,0.000000,0.000000,65534.000000,0.000000,-2.000000
22710.000000,0.000000,0.000000,0.000000,65534.000000,0.000000,-2.000000
22720.000000,0.000000,0.000000,0.000000,65534.000000,0.000000,-2.000000
22730.000000,0.000000,0.000000,0.000000,65534.000000,0.000000,-2.000000
22740.000000,0.000000,0.000000,0.000000,65534.000000,0.000000,-2.000000
22750.000000,0.000000,0.000000,0.000000,65534.000000,0.000000,-2.000000
22760.000000,0.000000,0.000000,0.000000,65534.000000,0.000000,-2.000000
22770.000000,0.000000,0.000000,0.000000,65534.000000,0.000000,-2.000000
22780.000000,0.000000,0.000000,0.000000,65534.000000,0.000000,-2.000000
22790.000000,0.000000,0.000000,0.000000,65534.000000,0.000000,-2.000000
22800.000000,0.000000,0.000000,0.000000,65534.000000,0.000000,-2.000000
22810.000000,0.000000,0.000000,0.000000,65534.000000,0.000000,-2.000000
22820.000000,0.000000,0.000000,0.000000,65534.000000,0.000000,-2.000000
22830.000000,0.000000,0.000000,0.000000,65534.000000,0.000000,-2.000000
22840.000000,0.000000,0.000000,0.000000,65534.000000,0.000000,-2.000000
22850.000000,0.000000,0.000000,0.000000,65534.000000,0.000000,-2.000000
22860.000000,0.000000,0.000000,0.000000,65534.000000,0.000000,-2.000000
22870.000000,0.000000,0.000000,0.000000,65534.000000,0.000000,-2.000000
22880.000000,0.000000,0.000000,0.000000,65534.000000,0.000000,-2.000000
22890.000000,0.000000,0.000000,0.000000,65534.000000,0.000000,-2.000000
22900.000000,0.000000,0.000000,0.000000,65534.000000,0.000000,-2.000000
22910.000000,0.000000,0.000000,0.000000,65534.000000,0.000000,-2.000000
22920.000000,0.000000,0.000000,0.000000,65534.000000,0.000000,-2.000000
22930.000000,0.000000,0.000000,0.000000,65534.000000,0.000000,-2.000000
22940.000000,0.000000,0.000000,0.000000,65534.000000,0.000000,-2.000000
22950.000000,0.000000,0.000000,0.000000,65534.000000,0.000000,-2.000000
22960.000000,0.000000,0.000000,0.000000,65534.000000,0.000000,-2.000000
22970.000000,0.000000,0.000000,0.000000,65534.000000,0.000000,-2.000000
22980.000000,0.000000,0.000000,0.000000,65534.000000,0.000000,-2.000000
22990.000000,0.000000,0.000000,0.000000,65534.000000,0.000000,-2.000000
23000.000000,0.000000,0.000000,0.000000,65534.000000,0.000000,-2.000000
23010.000000,0.000000,0.000000,0.000000,65534.000000,0.000000,-2.000000
23020.000000,0.000000,0.000000,0.000000,65534.000000,0.000000,-2.000000
23030.000000,0.000000,0.000000,0.000000,65534.000000,0.000000,-2.000000
23040.000000,0.000000,0.000000,0.000000,65534.000000,0.000000,-2.000000
23050.000000,0.000000,0.000000,0.000000,65534.000000,0.000000,-2.000000
23060.000000,0.000000,0.000000,0.000000,65534.000000,0.000000,-2.000000
23070.000000,0.000000,0.000000,0.000000,65534.000000,0.000000,-2.000000
23080.000000,0.000000,0.000000,0.000000,65534.000000,0.000000,-2.000000
23090.000000,0.000000,0.000000,0.000000,65534.000000,0.000000,-2.000000
23100.000000,0.000000,0.000000,0.000000,65534.000000,0.000000,-2.000000
23110.000000,0.000000,0.000000,0.000000,65534.000000,0.000000,-2.000000
23120.000000,0.000000,0.000000,0.000000,65534.000000,0.000000,-2.000000
23130.000000,0.000000,0.000000,0.000000,65534.000000,0.000000,-2.000000
23140.000000,0.000000,0.000000,0.000000,65534.000000,0.000000,-2.000000
23150.000000,0.000000,0.000000,0.000000,65534.000000,0.000000,-2.000000
23160.000000,0.000000,0.000000,0.000000,65534.000000,0.000000,-2.000000
23170.000000,0.000000,0.000000,0.000000,65534.000000,0.000000,-2.000000
23180.000000,0.000000,0.000000,0.000000,65534.000000,0.000000,-2.000000
23190.000000,0.000000,0.000000,0.000000,65534.000000,0.000000,-2.000000
23200.000000,0.000000,0.000000,0.000000,65534.000000,0.000000,-2.000000
23210.000000,0.000000,0.000000,0.000000,65534.000000,0.000000,-2.000000
23220.000000,0.000000,0.000000,0.000000,65534.000000,0.000000,-2.000000
23230.000000,0.000000,0.000000,0.000000,65534.000000,0.000000,-2.000000
23240.000000,0.000000,0.000000,0.000000,65534.000000,0.000000,-2.000000
23250.000000,0.000000,0.000000,0.000000,65534.000000,0.000000,-2.000000
23260.000000,0.000000,0.000000,0.000000,65534.000000,0.000000,-2.000000
23270.000000,0.000000,0.000000,0.000000,65534.000000,0.000000,-2.000000
23280.000000,0.000000,0.000000,0.000000,65534.000000,0.000000,-2.000000
23290.000000,0.000000,0.000000,0.000000,65534.000000,0.000000,-2.000000
23300.000000,0.000000,0.000000,0.000000,65534.000000,0.000000,-2.000000
23310.000000,0.000000,0.000000,0.000000,65534.000000,0.000000,-2.000000
23320.000000,0.000000,0.000000,0.000000,65534.000000,0.000000,-2.000000
23330.000000,0.000000,0.000000,0.000000,65534.000000,0.000000,-2.000000
23340.000000,0.000000,0.000000,0.000000,65534.000000,0.000000,-2.000000
23350.000000,0.000000,0.000000,0.000000,65534.000000,0.000000,-2.000000
23360.000000,0.000000,0.000000,0.000000,65534.000000,0.000000,-2.000000
23370.000000,0.000000,0.000000,0.000000,65534.000000,0.000000,-2.000000
23380.000000,0.000000,0.000000,0.000000,65534.000000,0.000000,-2.000000
23390.000000,0.000000,0.000000,0.000000,65534.000000,0.000000,-2.000000
23400.000000,0.000000,0.000000,0.000000,65534.000000,0.000000,-2.000000
23410.000000,0.000000,0.000000,0.000000,65534.000000,0.000000,-2.000000
23420.000000,0.000000,0.000000,0.000000,65534.000000,0.000000,-2.000000
23430.000000,0.000000,0.000000,0.000000,65534.000000,0.000000,-2.000000
23440.000000,0.000000,0.000000,0.000000,65534.000000,0.000000,-2.000000
23450.000000,0.000000,0.000000,0.000000,65534.000000,0.000000,-2.000000
23460.000000,0.000000,0.000000,0.000000,65534.000000,0.000000,-2.000000
23470.000000,0.000000,0.000000,0.000000,65534.000000,0.000000,-2.000000
23480.000000,0.000000,0.000000,0.000000,65534.000000,0.000000,-2.000000
23490.000000,0.000000,0.000000,0.000000,65534.000000,0.000000,-2.000000
23500.000000,0.000000,0.000000,0.000000,65534.000000,0.000000,-2.000000
23510.000000,0.000000,0.000000,0.000000,65534.000000,0.000000,-2.000000
23520.000000,0.000000,0.000000,0.000000,65534.000000,0.000000,-2.000000
23530.000000,0.000000,0.000000,0.000000,65534.000000,0.000000,-2.000000
23540.000000,0.000000,0.000000,0.000000,65534.000000,0.000000,-2.000000
23550.000000,0.000000,0.000000,0.000000,65534.000000,0.000000,-2.000000
23560.000000,0.000000,0.000000,0.000000,65534.000000,0.000000,-2.000000
23570.000000,0.000000,0.000000,0.000000,65534.000000,0.000000,-2.000000
23580.000000,0.000000,0.000000,0.000000,65534.000000,0.000000,-2.000000
23590.000000,0.000000,0.000000,0.000000,65534.000000,0.000000,-2.000000
23600.000000,0.000000,0.000000,0.000000,65534.000000,0.000000,-2.000000
23610.000000,0.000000,0.000000,0.000000,65534.000000,0.000000,-2.000000
23620.000000,0.000000,0.000000,0.000000,65534.000000,0.000000,-2.000000
23630.000000,0.000000,0.000000,0.000000,65534.000000,0.000000,-2.000000
23640.000000,0.000000,0.000000,0.000000,65534.000000,0.000000,-2.000000
23650.000000,0.000000,0.000000,0.000000,65534.000000,0.000000,-2.000000
23660.000000,0.000000,0.000000,0.000000,65534.000000,0.000000,-2.000000
23670.000000,0.000000,0.000000,0.000000,65534.000000,0.000000,-2.000000
23680.000000,0.000000,0.000000,0.000000,65534.000000,0.000000,-2.000000
23690.000000,0.000000,0.000000,0.000000,65534.000000,0.000000,-2.000000
23700.000000,0.000000,0.000000,0.000000,65534.000000,0.000000,-2.000000
23710.000000,0.000000,0.000000,0.000000,65534.000000,0.000000,-2.000000
23720.000000,0.000000,0.000000,0.000000,65534.000000,0.000000,-2.000000
23730.000000,0.000000,0.000000,0.000000,65534.000000,0.000000,-2.000000
23740.000000,0.000000,0.000000,0.000000,65534.000000,0.000000,-2.000000
23750.000000,0.000000,0.000000,0.000000,65534.000000,0.000000,-2.000000
23760.000000,0.000000,0.000000,0.000000,65534.000000,0.000000,-2.000000
23770.000000,0.000000,0.000000,0.000000,65534.000000,0.000000,-2.000000
23780.000000,0.000000,0.000000,0.000000,65534.000000,0.000000,-2.000000
23790.000000,0.000000,0.000000,0.000000,65534.000000,0.000000,-2.000000
23800.000000,0.000000,0.000000,0.000000,65534.000000,0.000000,-2.000000
23810.000000,0.000000,0.000000,0.000000,65534.000000,0.000000,-2.000000
23820.000000,0.000000,0.000000,0.000000,65534.000000,0.000000,-2.000000
23830.000000,0.000000,0.000000,0.000000,65534.000000,0.000000,-2.000000
23840.000000,0.000000,0.000000,0.000000,65534.000000,0.000000,-2.000000
23850.000000,0.000000,0.000000,0.000000,65534.000000,0.000000,-2.000000
23860.000000,0.000000,0.000000,0.000000,65534.000000,0.000000,-2.000000
23870.000000,0.000000,0.000000,0.000000,65534.000000,0.000000,-2.000000
23880.000000,0.000000,0.000000,0.000000,65534.000000,0.000000,-2.000000
23890.000000,0.000000,0.000000,0.000000,65534.000000,0.000000,-2.000000
23900.000000,0.000000,0.000000,0.000000,65534.000000,0.000000,-2.000000
23910.000000,0.000000,0.000000,0.000000,65534.000000,0.000000,-2.000000
23920.000000,0.000000,0.000000,0.000000,65534.000000,0.000000,-2.000000
23930.000000,0.000000,0.000000,0.000000,65534.000000,0.000000,-2.000000
23940.000000,0.000000,0.000000,0.000000,65534.000000,0.000000,-2.000000
23950.000000,0.000000,0.000000,0.000000,65534.000000,0.000000,-2.000000
23960.000000,0.000000,0.000000,0.000000,65534.000000,0.000000,-2.000000
23970.000000,0.000000,0.000000,0.000000,65534.000000,0.000000,-2.000000
23980.000000,0.000000,0.000000,0.000000,65534.000000,0.000000,-2.000000
23990.000000,0.000000,0.000000,0.000000,65534.000000,0.000000,-2.000000
24000.000000,0.000000,0.000000,0.000000,65534.000000,0.000000,-2.000000
24010.000000,0.000000,0.000000,0.000000,65534.000000,0.000000,-2.000000
24020.000000,0.000000,0.000000,0.000000,65534.000000,0.000000,-2.000000
24030.000000,0.000000,0.000000,0.000000,65534.000000,0.000000,-2.000000
24040.000000,0.000000,0.000000,0.000000,65534.000000,0.000000,-2.000000
24050.000000,0.000000,0.000000,0.000000,65534.000000,0.000000,-2.000000
24060.000000,0.000000,0.000000,0.000000,65534.000000,0.000000,-2.000000
24070.000000,0.000000,0.000000,0.000000,65534.000000,0.000000,-2.000000
24080.000000,0.000000,0.000000,0.000000,65534.000000,0.000000,-2.000000
24090.000000,0.000000,0.000000,0.000000,65534.000000,0.000000,-2.000000
24100.000000,0.000000,0.000000,0.000000,65534.000000,0.000000,-2.000000
24110.000000,0.000000,0.000000,0.000000,65534.000000,0.000000,-2.000000
24120.000000,0.000000,0.000000,0.000000,65534.000000,0.000000,-2.000000
24130.000000,0.000000,0.000000,0.000000,65534.000000,0.000000,-2.000000
24140.000000,0.000000,0.000000,0.000000,65534.000000,0.000000,-2.000000
24150.000000,0.000000,0.000000,0.000000,65534.000000,0.000000,-2.000000
24160.000000,0.000000,0.000000,0.000000,65534.000000,0.000000,-2.000000
24170.000000,0.000000,0.000000,0.000000,65534.000000,0.000000,-2.000000
24180.000000,0.000000,0.000000,0.000000,65534.000000,0.000000,-2.000000
24190.000000,0.000000,0.000000,0.000000,65534.000000,0.000000,-2.000000
24200.000000,0.000000,0.000000,0.000000,65534.000000,0.000000,-2.000000
24210.000000,0.000000,0.000000,0.000000,65534.000000,0.000000,-2.000000
24220.000000,0.000000,0.000000,0.000000,65534.000000,0.000000,-2.000000
24230.000000,0.000000,0.000000,0.000000,65534.000000,0.000000,-2.000000
24240.000000,0.000000,0.000000,0.000000,65534.000000,0.000000,-2.000000
24250.000000,0.000000,0.000000,0.000000,65534.000000,0.000000,-2.000000
24260.000000,0.000000,0.000000,0.000000,65534.000000,0.000000,-2.000000
24270.000000,0.000000,0.000000,0.000000,65534.000000,0.000000,-2.000000
24280.000000,0.000000,0.000000,0.000000,65534.000000,0.000000,-2.000000
24290.000000,0.000000,0.000000,0.000000,65534.000000,0.000000,-2.000000
24300.000000,0.000000,0.000000,0.000000,65534.000000,0.000000,-2.000000
24310.000000,0.000000,0.000000,0.000000,65534.000000,0.000000,-2.000000
24320.000000,0.000000,0.000000,0.000000,65534.000000,0.000000,-2.000000
24330.000000,0.000000,0.000000,0.000000,65534.000000,0.000000,-2.000000
24340.000000,0.000000,0.000000,0.000000,65534.000000,0.000000,-2.000000
24350.000000,0.000000,0.000000,0.000000,65534.000000,0.000000,-2.000000
24360.000000,0.000000,0.000000,0.000000,65534.000000,0.000000,-2.000000
24370.000000,0.000000,0.000000,0.000000,65534.000000,0.000000,-2.000000
24380.000000,0.000000,0.000000,0.000000,65534.000000,0.000000,-2.000000
24390.000000,0.000000,0.000000,0.000000,65534.000000,0.000000,-2.000000
24400.000000,0.000000,0.000000,0.000000,65534.000000,0.000000,-2.000000
24410.000000,0.000000,0.000000,0.000000,65534.000000,0.000000,-2.000000
24420.000000,0.000000,0.000000,0.000000,65534.000000,0.000000,-2.000000
24430.000000,0.000000,0.000000,0.000000,65534.000000,0.000000,-2.000000
24440.000000,0.000000,0.000000,0.000000,65534.000000,0.000000,-2.000000
24450.000000,0.000000,0.000000,0.000000,65534.000000,0.000000,-2.000000
24460.000000,0.000000,0.000000,0.000000,65534.000000,0.000000,-2.000000
24470.000000,0.000000,0.000000,0.000000,65534.000000,0.000000,-2.000000
24480.000000,0.000000,0.000000,0.000000,65534.000000,0.000000,-2.000000
24490.000000,0.000000,0.000000,0.000000,65534.000000,0.000000,-2.000000
24500.000000,0.000000,0.000000,0.000000,65534.000000,0.000000,-2.000000
24510.000000,0.000000,0.000000,0.000000,65534.000000,0.000000,-2.000000
24520.000000,0.000000,0.000000,0.000000,65534.000000,0.000000,-2.000000
24530.000000,0.000000,0.000000,0.000000,65534.000000,0.000000,-2.000000
24540.000000,0.000000,0.000000,0.000000,65534.000000,0.000000,-2.000000
24550.000000,0.000000,0.000000,0.000000,65534.000000,0.000000,-2.000000
24560.000000,0.000000,0.000000,0.000000,65534.000000,0.000000,-2.000000
24570.000000,0.000000,0.000000,0.000000,65534.000000,0.000000,-2.000000
24580.000000,0.000000,0.000000,0.000000,65534.000000,0.000000,-2.000000
24590.000000,0.000000,0.000000,0.000000,65534.000000,0.000000,-2.000000
24600.000000,0.000000,0.000000,0.000000,65534.000000,0.000000,-2.000000
24610.000000,0.000000,0.000000,0.000000,65534.000000,0.000000,-2.000000
24620.000000,0.000000,0.000000,0.000000,65534.000000,0.000000,-2.000000
24630.000000,0.000000,0.000000,0.000000,65534.000000,0.000000,-2.000000
24640.000000,0.000000,0.000000,0.000000,65534.000000,0.000000,-2.000000
24650.000000,0.000000,0.000000,0.000000,65534.000000,0.000000,-2.000000
24660.000000,0.000000,0.000000,0.000000,65534.000000,0.000000,-2.000000
24670.000000,0.000000,0.000000,0.000000,65534.000000,0.000000,-2.000000
24680.000000,0.000000,0.000000,0.000000,65534.000000,0.000000,-2.000000
24690.000000,0.000000,0.000000,0.000000,65534.000000,0.000000,-2.000000
24700.000000,0.000000,0.000000,0.000000,65534.000000,0.000000,-2.000000
24710.000000,0.000000,0.000000,0.000000,65534.000000,0.000000,-2.000000
24720.000000,0.000000,0.000000,0.000000,65534.000000,0.000000,-2.000000
24730.000000,0.000000,0.000000,0.000000,65534.000000,0.000000,-2.000000
24740.000000,0.000000,0.000000,0.000000,65534.000000,0.000000,-2.000000
24750.000000,0.000000,0.000000,0.000000,65534.000000,0.000000,-2.000000
24760.000000,0.000000,0.000000,0.000000,65534.000000,0.000000,-2.000000
24770.000000,0.000000,0.000000,0.000000,65534.000000,0.000000,-2.000000
24780.000000,0.000000,0.000000,0.000000,65534.000000,0.000000,-2.000000
24790.000000,0.000000,0.000000,0.000000,65534.000000,0.000000,-2.000000
24800.000000,0.000000,0.000000,0.000000,65534.000000,0.000000,-2.000000
24810.000000,0.000000,0.000000,0.000000,65534.000000,0.000000,-2.000000
24820.000000,0.000000,0.000000,0.000000,65534.000000,0.000000,-2.000000
24830.000000,0.000000,0.000000,0.000000,65534.000000,0.000000,-2.000000
24840.000000,0.000000,0.000000,0.000000,65534.000000,0.000000,-2.000000
24850.000000,0.000000,0.000000,0.000000,65534.000000,0.000000,-2.000000
24860.000000,0.000000,0.000000,0.000000,65534.000000,0.000000,-2.000000
24870.000000,0.000000,0.000000,0.000000,65534.000000,0.000000,-2.000000
24880.000000,0.000000,0.000000,0.000000,65534.000000,0.000000,-2.000000
24890.000000,0.000000,0.000000,0.000000,65534.000000,0.000000,-2.000000
24900.000000,0.000000,0.000000,0.000000,65534.000000,0.000000,-2.000000
24910.000000,0.000000,0.000000,0.000000,65534.000000,0.000000,-2.000000
24920.000000,0.000000,0.000000,0.000000,65534.000000,0.000000,-2.000000
24930.000000,0.000000,0.000000,0.000000,65534.000000,0.000000,-2.000000
24940.000000,0.000000,0.000000,0.000000,65534.000000,0.000000,-2.000000
24950.000000,0.000000,0.000000,0.000000,65534.000000,0.000000,-2.000000
24960.000000,0.000000,0.000000,0.000000,65534.000000,0.000000,-2.000000
24970.000000,0.000000,0.000000,0.000000,65534.000000,0.000000,-2.000000
24980.000000,0.000000,0.000000,0.000000,65534.000000,0.000000,-2.000000
24990.000000,0.000000,0.000000,0.000000,65534.000000,0.000000,-2.000000
25000.000000,0.000000,0.000000,0.000000,65534.000000,0.000000,-2.000000
25010.000000,0.000000,0.000000,0.000000,65534.000000,0.000000,-2.000000
25020.000000,0.000000,0.000000,0.000000,65534.000000,0.000000,-2.000000
25030.000000,0.000000,0.000000,0.000000,65534.000000,0.000000,-2.000000
25040.000000,0.000000,0.000000,0.000000,65534.000000,0.000000,-2.000000
25050.000000,0.000000,0.000000,0.000000,65534.000000,0.000000,-2.000000
25060.000000,0.000000,0.000000,0.000000,65534.000000,0.000000,-2.000000
25070.000000,0.000000,0.000000,0.000000,65534.000000,0.000000,-2.000000
25080.000000,0.000000,0.000000,0.000000,65534.000000,0.000000,-2.000000
25090.000000,0.000000,0.000000,0.000000,65534.000000,0.000000,-2.000000
25100.000000,0.000000,0.000000,0.000000,65534.000000,0.000000,-2.000000
25110.000000,0.000000,0.000000,0.000000,65534.000000,0.000000,-2.000000
25120.000000,0.000000,0.000000,0.000000,65534.000000,0.000000,-2.000000
25130.000000,0.000000,0.000000,0.000000,65534.000000,0.000000,-2.000000
25140.000000,0.000000,0.000000,0.000000,65534.000000,0.000000,-2.000000
25150.000000,0.000000,0.000000,0.000000,65534.000000,0.000000,-2.000000
25160.000000,0.000000,0.000000,0.000000,65534.000000,0.000000,-2.000000
25170.000000,0.000000,0.000000,0.000000,65534.000000,0.000000,-2.000000
25180.000000,0.000000,0.000000,0.000000,65534.000000,0.000000,-2.000000
25190.000000,0.000000,0.000000,0.000000,65534.000000,0.000000,-2.000000
25200.000000,0.000000,0.000000,0.000000,65534.000000,0.000000,-2.000000
25210.000000,0.000000,0.000000,0.000000,65534.000000,0.000000,-2.000000
25220.000000,0.000000,0.000000,0.000000,65534.000000,0.000000,-2.000000
25230.000000,0.000000,0.000000,0.000000,65534.000000,0.000000,-2.000000
25240.000000,0.000000,0.000000,0.000000,65534.000000,0.000000,-2.000000
25250.000000,0.000000,0.000000,0.000000,65534.000000,0.000000,-2.000000
25260.000000,0.000000,0.000000,0.000000,65534.000000,0.000000,-2.000000
25270.000000,0.000000,0.000000,0.000000,65534.000000,0.000000,-2.000000
25280.000000,0.000000,0.000000,0.000000,65534.000000,0.000000,-2.000000
25290.000000,0.000000,0.000000,0.000000,65534.000000,0.000000,-2.000000
25300.000000,0.000000,0.000000,0.000000,65534.000000,0.000000,-2.000000
25310.000000,0.000000,0.000000,0.000000,65534.000000,0.000000,-2.000000
25320.000000,0.000000,0.000000,0.000000,65534.000000,0.000000,-2.000000
25330.000000,0.000000,0.000000,0.000000,65534.000000,0.000000,-2.000000
25340.000000,0.000000,0.000000,0.000000,65534.000000,0.000000,-2.000000
25350.000000,0.000000,0.000000,0.000000,65534.000000,0.000000,-2.000000
25360.000000,0.000000,0.000000,0.000000,65534.000000,0.000000,-2.000000
25370.000000,0.000000,0.000000,0.000000,65534.000000,0.000000,-2.000000
25380.000000,0.000000,0.000000,0.000000,65534.000000,0.000000,-2.000000
25390.000000,0.000000,0.000000,0.000000,65534.000000,0.000000,-2.000000
25400.000000,0.000000,0.000000,0.000000,65534.000000,0.000000,-2.000000
25410.000000,0.000000,0.000000,0.000000,65534.000000,0.000000,-2.000000
25420.000000,0.000000,0.000000,0.000000,65534.000000,0.000000,-2.000000
25430.000000,0.000000,0.000000,0.000000,65534.000000,0.000000,-2.000000
25440.000000,0.000000,0.000000,0.000000,65534.000000,0.000000,-2.000000
25450.000000,0.000000,0.000000,0.000000,65534.000000,0.000000,-2.000000
25460.000000,0.000000,0.000000,0.000000,65534.000000,0.000000,-2.000000
25470.000000,0.000000,0.000000,0.000000,65534.000000,0.000000,-2.000000
25480.000000,0.000000,0.000000,0.000000,65534.000000,0.000000,-2.000000
25490.000000,0.000000,0.000000,0.000000,65534.000000,0.000000,-2.000000
25500.000000,0.000000,0.000000,0.000000,65534.000000,0.000000,-2.000000
25510.000000,0.000000,0.000000,0.000000,65534.000000,0.000000,-2.000000
25520.000000,0.000000,0.000000,0.000000,65534.000000,0.000000,-2.000000
25530.000000,0.000000,0.000000,0.000000,65534.000000,0.000000,-2.000000
25540.000000,0.000000,0.000000,0.000000,65534.000000,0.000000,-2.000000
25550.000000,0.000000,0.000000,0.000000,65534.000000,0.000000,-2.000000
25560.000000,0.000000,0.000000,0.000000,65534.000000,0.000000,-2.000000
25570.000000,0.000000,0.000000,0.000000,65534.000000,0.000000,-2.000000
25580.000000,0.000000,0.000000,0.000000,65534.000000,0.000000,-2.000000
25590.000000,0.000000,0.000000,0.000000,65534.000000,0.000000,-2.000000
25600.000000,0.000000,0.000000,0.000000,65534.000000,0.000000,-2.000000
25610.000000,0.000000,0.000000,0.000000,65534.000000,0.000000,-2.000000
25620.000000,0.000000,0.000000,0.000000,65534.000000,0.000000,-2.000000
25630.000000,0.000000,0.000000,0.000000,65534.000000,0.000000,-2.000000
25640.000000,0.000000,0.000000,0.000000,65534.000000,0.000000,-2.000000
25650.000000,0.000000,0.000000,0.000000,65534.000000,0.000000,-2.000000
25660.000000,0.000000,0.000000,0.000000,65534.000000,0.000000,-2.000000
25670.000000,0.000000,0.000000,0.000000,65534.000000,0.000000,-2.000000
25680.000000,0.000000,0.000000,0.000000,65534.000000,0.000000,-2.000000
25690.000000,0.000000,0.000000,0.000000,65534.000000,0.000000,-2.000000
25700.000000,0.000000,0.000000,0.000000,65534.000000,0.000000,-2.000000
25710.000000,0.000000,0.000000,0.000000,65534.000000,0.000000,-2.000000
25720.000000,0.000000,0.000000,0.000000,65534.000000,0.000000,-2.000000
25730.000000,0.000000,0.000000,0.000000,65534.000000,0.000000,-2.000000
25740.000000,0.000000,0.000000,0.000000,65534.000000,0.000000,-2.000000
25750.000000,0.000000,0.000000,0.000000,65534.000000,0.000000,-2.000000
25760.000000,0.000000,0.000000,0.000000,65534.000000,0.000000,-2.000000
25770.000000,0.000000,0.000000,0.000000,65534.000000,0.000000,-2.000000
25780.000000,0.000000,0.000000,0.000000,65534.000000,0.000000,-2.000000
25790.000000,0.000000,0.000000,0.000000,65534.000000,0.000000,-2.000000
25800.000000,0.000000,0.000000,0.000000,65534.000000,0.000000,-2.000000
25810.000000,0.000000,0.000000,0.000000,65534.000000,0.000000,-2.000000
25820.000000,0.000000,0.000000,0.000000,65534.000000,0.000000,-2.000000
25830.000000,0.000000,0.000000,0.000000,65534.000000,0.000000,-2.000000
25840.000000,0.000000,0.000000,0.000000,65534.000000,0.000000,-2.000000
25850.000000,0.000000,0.000000,0.000000,65534.000000,0.000000,-2.000000
25860.000000,0.000000,0.000000,0.000000,65534.000000,0.000000,-2.000000
25870.000000,0.000000,0.000000,0.000000,65534.000000,0.000000,-2.000000
25880.000000,0.000000,0.000000,0.000000,65534.000000,0.000000,-2.000000
25890.000000,0.000000,0.000000,0.000000,65534.000000,0.000000,-2.000000
25900.000000,0.000000,0.000000,0.000000,65534.000000,0.000000,-2.000000
25910.000000,0.000000,0.000000,0.000000,65534.000000,0.000000,-2.000000
25920.000000,0.000000,0.000000,0.000000,65534.000000,0.000000,-2.000000
25930.000000,0.000000,0.000000,0.000000,65534.000000,0.000000,-2.000000
25940.000000,0.000000,0.000000,0.000000,65534.000000,0.000000,-2.000000
25950.000000,0.000000,0.000000,0.000000,65534.000000,0.000000,-2.000000
25960.000000,0.000000,0.000000,0.000000,65534.000000,0.000000,-2.000000
25970.000000,0.000000,0.000000,0.000000,65534.000000,0.000000,-2.000000
25980.000000,0.000000,0.000000,0.000000,65534.000000,0.000000,-2.000000
25990.000000,0.000000,0.000000,0.000000,65534.000000,0.000000,-2.000000
26000.000000,0.000000,0.000000,0.000000,65534.000000,0.000000,-2.000000
26010.000000,0.000000,0.000000,0.000000,65534.000000,0.000000,-2.000000
26020.000000,0.000000,0.000000,0.000000,65534.000000,0.000000,-2.000000
26030.000000,0.000000,0.000000,0.000000,65534.000000,0.000000,-2.000000
26040.000000,0.000000,0.000000,0.000000,65534.000000,0.000000,-2.000000
26050.000000,0.000000,0.000000,0.000000,65534.000000,0.000000,-2.000000
26060.000000,0.000000,0.000000,0.000000,65534.000000,0.000000,-2.000000
26070.000000,0.000000,0.000000,0.000000,65534.000000,0.000000,-2.000000
26080.000000,0.000000,0.000000,0.000000,65534.000000,0.000000,-2.000000
26090.000000,0.000000,0.000000,0.000000,65534.000000,0.000000,-2.000000
26100.000000,0.000000,0.000000,0.000000,65534.000000,0.000000,-2.000000
26110.000000,0.000000,0.000000,0.000000,65534.000000,0.000000,-2.000000
26120.000000,0.000000,0.000000,0.000000,65534.000000,0.000000,-2.000000
26130.000000,0.000000,0.000000,0.000000,65534.000000,0.000000,-2.000000
26140.000000,0.000000,0.000000,0.000000,65534.000000,0.000000,-2.000000
26150.000000,0.000000,0.000000,0.000000,65534.000000,0.000000,-2.000000
26160.000000,0.000000,0.000000,0.000000,65534.000000,0.000000,-2.000000
26170.000000,0.000000,0.000000,0.000000,65534.000000,0.000000,-2.000000
26180.000000,0.000000,0.000000,0.000000,65534.000000,0.000000,-2.000000
26190.000000,0.000000,0.000000,0.000000,65534.000000,0.000000,-2.000000
26200.000000,0.000000,0.000000,0.000000,65534.000000,0.000000,-2.000000
26210.000000,0.000000,0.000000,0.000000,65534.000000,0.000000,-2.000000
26220.000000,0.000000,0.000000,0.000000,65534.000000,0.000000,-2.000000
26230.000000,0.000000,0.000000,0.000000,65534.000000,0.000000,-2.000000
26240.000000,0.000000,0.000000,0.000000,65534.000000,0.000000,-2.000000
26250.000000,0.000000,0.000000,0.000000,65534.000000,0.000000,-2.000000
26260.000000,0.000000,0.000000,0.000000,65534.000000,0.000000,-2.000000
26270.000000,0.000000,0.000000,0.000000,65534.000000,0.000000,-2.000000
26280.000000,0.000000,0.000000,0.000000,65534.000000,0.000000,-2.000000
26290.000000,0.000000,0.000000,0.000000,65534.000000,0.000000,-2.000000
26300.000000,0.000000,0.000000,0.000000,65534.000000,0.000000,-2.000000
26310.000000,0.000000,0.000000,0.000000,65534.000000,0.000000,-2.000000
26320.000000,0.000000,0.000000,0.000000,65534.000000,0.000000,-2.000000
26330.000000,0.000000,0.000000,0.000000,65534.000000,0.000000,-2.000000
26340.000000,0.000000,0.000000,0.000000,65534.000000,0.000000,-2.000000
26350.000000,0.000000,0.000000,0.000000,65534.000000,0.000000,-2.000000
26360.000000,0.000000,0.000000,0.000000,65534.000000,0.000000,-2.000000
26370.000000,0.000000,0.000000,0.000000,65534.000000,0.000000,-2.000000
26380.000000,0.000000,0.000000,0.000000,65534.000000,0.000000,-2.000000
26390.000000,0.000000,0.000000,0.000000,65534.000000,0.000000,-2.000000
26400.000000,0.000000,0.000000,0.000000,65534.000000,0.000000,-2.000000
26410.000000,0.000000,0.000000,0.000000,65534.000000,0.000000,-2.000000
26420.000000,0.000000,0.000000,0.000000,65534.000000,0.000000,-2.000000
26430.000000,0.000000,0.000000,0.000000,65534.000000,0.000000,-2.000000
26440.000000,0.000000,0.000000,0.000000,65534.000000,0.000000,-2.000000
26450.000000,0.000000,0.000000,0.000000,65534.000000,0.000000,-2.000000
26460.000000,0.000000,0.000000,0.000000,65534.000000,0.000000,-2.000000
26470.000000,0.000000,0.000000,0.000000,65534.000000,0.000000,-2.000000
26480.000000,0.000000,0.000000,0.000000,65534.000000,0.000000,-2.000000
26490.000000,0.000000,0.000000,0.000000,65534.000000,0.000000,-2.000000
26500.000000,0.000000,0.000000,0.000000,65534.000000,0.000000,-2.000000
26510.000000,0.000000,0.000000,0.000000,65534.000000,0.000000,-2.000000
26520.000000,0.000000,0.000000,0.000000,65534.000000,0.000000,-2.000000
26530.000000,0.000000,0.000000,0.000000,65534.000000,0.000000,-2.000000
26540.000000,0.000000,0.000000,0.000000,65534.000000,0.000000,-2.000000
26550.000000,0.000000,0.000000,0.000000,65534.000000,0.000000,-2.000000
26560.000000,0.000000,0.000000,0.000000,65534.000000,0.000000,-2.000000
26570.000000,0.000000,0.000000,0.000000,65534.000000,0.000000,-2.000000
26580.000000,0.000000,0.000000,0.000000,65534.000000,0.000000,-2.000000
26590.000000,0.000000,0.000000,0.000000,65534.000000,0.000000,-2.000000
26600.000000,0.000000,0.000000,0.000000,65534.000000,0.000000,-2.000000
26610.000000,0.000000,0.000000,0.000000,65534.000000,0.000000,-2.000000
26620.000000,0.000000,0.000000,0.000000,65534.000000,0.000000,-2.000000
26630.000000,0.000000,0.000000,0.000000,65534.000000,0.000000,-2.000000
26640.000000,0.000000,0.000000,0.000000,65534.000000,0.000000,-2.000000
26650.000000,0.000000,0.000000,0.000000,65534.000000,0.000000,-2.000000
26660.000000,0.000000,0.000000,0.000000,65534.000000,0.000000,-2.000000
26670.000000,0.000000,0.000000,0.000000,65534.000000,0.000000,-2.000000
26680.000000,0.000000,0.000000,0.000000,65534.000000,0.000000,-2.000000
26690.000000,0.000000,0.000000,0.000000,65534.000000,0.000000,-2.000000
26700.000000,0.000000,0.000000,0.000000,65534.000000,0.000000,-2.000000
26710.000000,0.000000,0.000000,0.000000,65534.000000,0.000000,-2.000000
26720.000000,0.000000,0.000000,0.000000,65534.000000,0.000000,-2.000000
26730.000000,0.000000,0.000000,0.000000,65534.000000,0.000000,-2.000000
26740.000000,0.000000,0.000000,0.000000,65534.000000,0.000000,-2.000000
26750.000000,0.000000,0.000000,0.000000,65534.000000,0.000000,-2.000000
26760.000000,0.000000,0.000000,0.000000,65534.000000,0.000000,-2.000000
26770.000000,0.000000,0.000000,0.000000,65534.000000,0.000000,-2.000000
26780.000000,0.000000,0.000000,0.000000,65534.000000,0.000000,-2.000000
26790.000000,0.000000,0.000000,0.000000,65534.000000,0.000000,-2.000000
26800.000000,0.000000,0.000000,0.000000,65534.000000,0.000000,-2.000000
26810.000000,0.000000,0.000000,0.000000,65534.000000,0.000000,-2.000000
26820.000000,0.000000,0.000000,0.000000,65534.000000,0.000000,-2.000000
26830.000000,0.000000,0.000000,0.000000,65534.000000,0.000000,-2.000000
5560.000000,0.000000,0.000000,0.000000,0.000000,0.000000,0.000000
5570.000000,0.000000,0.000000,0.000000,0.000000,0.000000,0.000000
5580.000000,0.000000,0.000000,0.000000,0.000000,0.000000,0.000000
5590.000000,0.000000,0.000000,0.000000,0.000000,0.000000,0.000000
5600.000000,0.000000,0.000000,0.000000,0.000000,0.000000,0.000000
5610.000000,0.000000,0.000000,0.000000,0.000000,0.000000,0.000000
5620.000000,0.000000,0.000000,0.000000,0.000000,0.000000,0.000000
5630.000000,0.000000,0.000000,0.000000,0.000000,0.000000,0.000000
5640.000000,0.000000,0.000000,0.000000,0.000000,0.000000,0.000000
5650.000000,0.000000,0.000000,0.000000,0.000000,0.000000,0.000000
5660.000000,0.000000,0.000000,0.000000,0.000000,0.000000,0.000000
5670.000000,0.000000,0.000000,0.000000,0.000000,0.000000,0.000000
5680.000000,0.000000,0.000000,0.000000,0.000000,0.000000,0.000000
5690.000000,0.000000,0.000000,0.000000,0.000000,0.000000,0.000000
5700.000000,0.000000,0.000000,0.000000,0.000000,0.000000,0.000000
5710.000000,0.000000,0.000000,0.000000,0.000000,0.000000,0.000000
5720.000000,0.000000,0.000000,0.000000,0.000000,0.000000,0.000000
5730.000000,0.000000,0.000000,0.000000,0.000000,0.000000,0.000000
5740.000000,0.000000,0.000000,0.000000,0.000000,0.000000,0.000000
5750.000000,0.000000,0.000000,0.000000,0.000000,0.000000,0.000000
5760.000000,0.000000,0.000000,0.000000,0.000000,0.000000,0.000000
5770.000000,0.000000,0.000000,0.000000,0.000000,0.000000,0.000000
5780.000000,0.000000,0.000000,0.000000,0.000000,0.000000,0.000000
5790.000000,0.000000,0.000000,0.000000,0.000000,0.000000,0.000000
5800.000000,0.000000,0.000000,0.000000,0.000000,0.000000,0.000000
5810.000000,0.000000,0.000000,0.000000,0.000000,0.000000,0.000000
5820.000000,0.000000,0.000000,0.000000,0.000000,0.000000,0.000000
5830.000000,0.000000,0.000000,0.000000,0.000000,0.000000,0.000000
5840.000000,0.000000,0.000000,0.000000,0.000000,0.000000,0.000000
5850.000000,0.000000,0.000000,0.000000,0.000000,0.000000,0.000000
5860.000000,0.000000,0.000000,0.000000,0.000000,0.000000,0.000000
5870.000000,0.000000,0.000000,0.000000,0.000000,0.000000,0.000000
5880.000000,0.000000,0.000000,0.000000,0.000000,0.000000,0.000000
5890.000000,0.000000,0.000000,0.000000,0.000000,0.000000,0.000000
5900.000000,0.000000,0.000000,0.000000,0.000000,0.000000,0.000000
5910.000000,0.000000,0.000000,0.000000,0.000000,0.000000,0.000000
5920.000000,0.000000,0.000000,0.000000,0.000000,0.000000,0.000000
5930.000000,0.000000,0.000000,0.000000,0.000000,0.000000,0.000000
5940.000000,0.000000,0.000000,0.000000,0.000000,0.000000,0.000000
5950.000000,0.000000,0.000000,0.000000,0.000000,0.000000,0.000000
5960.000000,0.000000,0.000000,0.000000,0.000000,0.000000,0.000000
5970.000000,0.000000,0.000000,0.000000,0.000000,0.000000,0.000000
5980.000000,0.000000,0.000000,0.000000,0.000000,0.000000,0.000000
5990.000000,0.000000,0.000000,0.000000,0.000000,0.000000,0.000000
6000.000000,0.000000,0.000000,0.000000,0.000000,0.000000,0.000000
6010.000000,0.000000,0.000000,0.000000,0.000000,0.000000,0.000000
6020.000000,0.000000,0.000000,0.000000,0.000000,0.000000,0.000000
6030.000000,0.000000,0.000000,0.000000,0.000000,0.000000,0.000000
6040.000000,0.000000,0.000000,0.000000,0.000000,0.000000,0.000000
6050.000000,0.000000,0.000000,0.000000,0.000000,0.000000,0.000000
6060.000000,0.000000,0.000000,0.000000,0.000000,0.000000,0.000000
6070.000000,0.000000,0.000000,0.000000,0.000000,0.000000,0.000000
6080.000000,0.000000,0.000000,0.000000,0.000000,0.000000,0.000000
6090.000000,0.000000,0.000000,0.000000,0.000000,0.000000,0.000000
6100.000000,0.000000,0.000000,0.000000,0.000000,0.000000,0.000000
6110.000000,0.000000,0.000000,0.000000,0.000000,0.000000,0.000000
6120.000000,0.000000,0.000000,0.000000,0.000000,0.000000,0.000000
6130.000000,0.000000,0.000000,0.000000,0.000000,0.000000,0.000000
6140.000000,0.000000,0.000000,0.000000,0.000000,0.000000,0.000000
6150.000000,0.000000,0.000000,0.000000,0.000000,0.000000,0.000000
6160.000000,0.000000,0.000000,0.000000,0.000000,0.000000,0.000000
6170.000000,0.000000,0.000000,0.000000,0.000000,0.000000,0.000000
6180.000000,0.000000,0.000000,0.000000,0.000000,0.000000,0.000000
6190.000000,0.000000,0.000000,0.000000,0.000000,0.000000,0.000000
6200.000000,0.000000,0.000000,0.000000,0.000000,0.000000,0.000000
6210.000000,0.000000,0.000000,0.000000,0.000000,0.000000,0.000000
6220.000000,0.000000,0.000000,0.000000,0.000000,0.000000,0.000000
6230.000000,0.000000,0.000000,0.000000,0.000000,0.000000,0.000000
6240.000000,0.000000,0.000000,0.000000,0.000000,0.000000,0.000000
6250.000000,0.000000,0.000000,0.000000,0.000000,0.000000,0.000000
6260.000000,0.000000,0.000000,0.000000,0.000000,0.000000,0.000000
6270.000000,0.000000,0.000000,0.000000,0.000000,0.000000,0.000000
6280.000000,0.000000,0.000000,0.000000,0.000000,0.000000,0.000000
6290.000000,0.000000,0.000000,0.000000,0.000000,0.000000,0.000000
6300.000000,0.000000,0.000000,0.000000,0.000000,0.000000,0.000000
6310.000000,0.000000,0.000000,0.000000,0.000000,0.000000,0.000000
6320.000000,0.000000,0.000000,0.000000,0.000000,0.000000,0.000000
6330.000000,0.000000,0.000000,0.000000,0.000000,0.000000,0.000000
6340.000000,0.000000,0.000000,0.000000,0.000000,0.000000,0.000000
6350.000000,0.000000,0.000000,0.000000,0.000000,0.000000,0.000000
6360.000000,0.000000,0.000000,0.000000,0.000000,0.000000,0.000000
6370.000000,0.000000,0.000000,0.000000,0.000000,0.000000,0.000000
6380.000000,0.000000,0.000000,0.000000,0.000000,0.000000,0.000000
6390.000000,0.000000,0.000000,0.000000,0.000000,0.000000,0.000000
6400.000000,0.000000,0.000000,0.000000,0.000000,0.000000,0.000000
6410.000000,0.000000,0.000000,0.000000,0.000000,0.000000,0.000000
6420.000000,0.000000,0.000000,0.000000,0.000000,0.000000,0.000000
6430.000000,0.000000,0.000000,0.000000,0.000000,0.000000,0.000000
6440.000000,0.000000,0.000000,0.000000,0.000000,0.000000,0.000000
6450.000000,0.000000,0.000000,0.000000,0.000000,0.000000,0.000000
6460.000000,0.000000,0.000000,0.000000,0.000000,0.000000,0.000000
6470.000000,0.000000,0.000000,0.000000,0.000000,0.000000,0.000000
6480.000000,0.000000,0.000000,0.000000,0.000000,0.000000,0.000000
6490.000000,0.000000,0.000000,0.000000,0.000000,0.000000,0.000000
6500.000000,0.000000,0.000000,0.000000,0.000000,0.000000,0.000000
6510.000000,0.000000,0.000000,0.000000,0.000000,0.000000,0.000000
6520.000000,0.000000,0.000000,0.000000,0.000000,0.000000,0.000000
6530.000000,0.000000,0.000000,0.000000,0.000000,0.000000,0.000000
6540.000000,0.000000,0.000000,0.000000,0.000000,0.000000,0.000000
6550.000000,0.000000,0.000000,0.000000,0.000000,0.000000,0.000000
6560.000000,0.000000,0.000000,0.000000,0.000000,0.000000,0.000000
6570.000000,0.000000,0.000000,0.000000,0.000000,0.000000,0.000000
6580.000000,0.000000,0.000000,0.000000,0.000000,0.000000,0.000000
6590.000000,0.000000,0.000000,0.000000,0.000000,0.000000,0.000000
6600.000000,0.000000,0.000000,0.000000,0.000000,0.000000,0.000000
6610.000000,0.000000,0.000000,0.000000,0.000000,0.000000,0.000000
6620.000000,0.000000,0.000000,0.000000,0.000000,0.000000,0.000000
6630.000000,0.000000,0.000000,0.000000,0.000000,0.000000,0.000000
6640.000000,0.000000,0.000000,0.000000,0.000000,0.000000,0.000000
6650.000000,0.000000,0.000000,0.000000,1.000000,1.000000,1.000000
6660.000000,0.000000,0.000000,0.000000,1.000000,0.000000,1.000000
6670.000000,0.000000,0.000000,0.000000,1.000000,0.000000,1.000000
6680.000000,0.000000,0.000000,0.000000,1.000000,0.000000,1.000000
6690.000000,0.000000,0.000000,0.000000,1.000000,0.000000,1.000000
6700.000000,0.000000,0.000000,0.000000,1.000000,0.000000,1.000000
6710.000000,0.000000,0.000000,0.000000,1.000000,0.000000,1.000000
6720.000000,0.000000,0.000000,0.000000,1.000000,0.000000,1.000000
6730.000000,0.000000,0.000000,0.000000,1.000000,0.000000,1.000000
6740.000000,0.000000,0.000000,0.000000,1.000000,0.000000,1.000000
6750.000000,0.000000,0.000000,0.000000,1.000000,0.000000,1.000000
6760.000000,0.000000,0.000000,0.000000,2.000000,1.000000,2.000000
6770.000000,0.000000,0.000000,0.000000,2.000000,0.000000,2.000000
6780.000000,0.000000,0.000000,0.000000,2.000000,0.000000,2.000000
6790.000000,0.000000,0.000000,0.000000,2.000000,0.000000,2.000000
6800.000000,0.000000,0.000000,0.000000,2.000000,0.000000,2.000000
6810.000000,0.000000,0.000000,0.000000,2.000000,0.000000,2.000000
6820.000000,0.000000,0.000000,0.000000,2.000000,0.000000,2.000000
6830.000000,0.000000,0.000000,0.000000,2.000000,0.000000,2.000000
6840.000000,0.000000,0.000000,0.000000,2.000000,0.000000,2.000000
6850.000000,0.000000,0.000000,0.000000,2.000000,0.000000,2.000000
6860.000000,0.000000,0.000000,0.000000,2.000000,0.000000,2.000000
6870.000000,0.000000,0.000000,0.000000,2.000000,0.000000,2.000000
6880.000000,0.000000,0.000000,0.000000,2.000000,0.000000,2.000000
6890.000000,0.000000,0.000000,0.000000,2.000000,0.000000,2.000000
6900.000000,0.000000,0.000000,0.000000,2.000000,0.000000,2.000000
6910.000000,0.000000,0.000000,0.000000,2.000000,0.000000,2.000000
6920.000000,0.000000,0.000000,0.000000,2.000000,0.000000,2.000000
6930.000000,0.000000,0.000000,0.000000,2.000000,0.000000,2.000000
6940.000000,0.000000,0.000000,0.000000,2.000000,0.000000,2.000000
6950.000000,0.000000,0.000000,0.000000,2.000000,0.000000,2.000000
6960.000000,0.000000,0.000000,0.000000,2.000000,0.000000,2.000000
6970.000000,0.000000,0.000000,0.000000,2.000000,0.000000,2.000000
6980.000000,0.000000,0.000000,0.000000,2.000000,0.000000,2.000000
6990.000000,0.000000,0.000000,0.000000,2.000000,0.000000,2.000000
7000.000000,0.000000,0.000000,0.000000,2.000000,0.000000,2.000000
7010.000000,0.000000,0.000000,0.000000,2.000000,0.000000,2.000000
7020.000000,0.000000,0.000000,0.000000,2.000000,0.000000,2.000000
7030.000000,0.000000,0.000000,0.000000,2.000000,0.000000,2.000000
7040.000000,0.000000,0.000000,0.000000,2.000000,0.000000,2.000000
7050.000000,0.000000,0.000000,0.000000,2.000000,0.000000,2.000000
7060.000000,0.000000,0.000000,0.000000,2.000000,0.000000,2.000000
7070.000000,0.000000,0.000000,0.000000,2.000000,0.000000,2.000000
7080.000000,0.000000,0.000000,0.000000,2.000000,0.000000,2.000000
7090.000000,0.000000,0.000000,0.000000,2.000000,0.000000,2.000000
7100.000000,0.000000,0.000000,0.000000,2.000000,0.000000,2.000000
7110.000000,0.000000,0.000000,0.000000,2.000000,0.000000,2.000000
7120.000000,0.000000,0.000000,0.000000,2.000000,0.000000,2.000000
7130.000000,0.000000,0.000000,0.000000,2.000000,0.000000,2.000000
7140.000000,0.000000,0.000000,0.000000,2.000000,0.000000,2.000000
7150.000000,1.000000,1.000000,1.000000,2.000000,0.000000,2.000000
7160.000000,2.000000,1.000000,2.000000,2.000000,0.000000,2.000000
7170.000000,5.000000,3.000000,5.000000,2.000000,0.000000,2.000000
7180.000000,8.000000,3.000000,8.000000,2.000000,0.000000,2.000000
7190.000000,10.000000,2.000000,10.000000,2.000000,0.000000,2.000000
7200.000000,12.000000,2.000000,12.000000,2.000000,0.000000,2.000000
7210.000000,18.000000,6.000000,18.000000,2.000000,0.000000,2.000000
7220.000000,25.000000,7.000000,25.000000,2.000000,0.000000,2.000000
7230.000000,37.000000,12.000000,37.000000,2.000000,0.000000,2.000000
7240.000000,50.000000,13.000000,50.000000,2.000000,0.000000,2.000000
7250.000000,64.000000,14.000000,64.000000,2.000000,0.000000,2.000000
7260.000000,82.000000,18.000000,82.000000,2.000000,0.000000,2.000000
7270.000000,102.000000,20.000000,102.000000,2.000000,0.000000,2.000000
7280.000000,122.000000,20.000000,122.000000,2.000000,0.000000,2.000000
7290.000000,148.000000,26.000000,148.000000,2.000000,0.000000,2.000000
7300.000000,178.000000,30.000000,178.000000,2.000000,0.000000,2.000000
7310.000000,216.000000,38.000000,216.000000,2.000000,0.000000,2.000000
7320.000000,250.000000,34.000000,250.000000,2.000000,0.000000,2.000000
7330.000000,292.000000,42.000000,292.000000,2.000000,0.000000,2.000000
7340.000000,327.000000,35.000000,327.000000,2.000000,0.000000,2.000000
7350.000000,370.000000,43.000000,370.000000,2.000000,0.000000,2.000000
7360.000000,413.000000,43.000000,413.000000,2.000000,0.000000,2.000000
7370.000000,459.000000,46.000000,459.000000,2.000000,0.000000,2.000000
7380.000000,505.000000,46.000000,505.000000,2.000000,0.000000,2.000000
7390.000000,552.000000,47.000000,552.000000,2.000000,0.000000,2.000000
7400.000000,598.000000,45.000000,597.000000,2.000000,0.000000,2.000000
7410.000000,647.000000,50.000000,647.000000,2.000000,0.000000,2.000000
7420.000000,694.000000,46.000000,693.000000,2.000000,0.000000,2.000000
7430.000000,744.000000,51.000000,744.000000,2.000000,0.000000,2.000000
7440.000000,793.000000,48.000000,792.000000,2.000000,0.000000,2.000000
7450.000000,846.000000,54.000000,846.000000,2.000000,0.000000,2.000000
7460.000000,901.000000,54.000000,900.000000,2.000000,0.000000,2.000000
7470.000000,956.000000,56.000000,956.000000,2.000000,0.000000,2.000000
7480.000000,1012.000000,56.000000,1012.000000,2.000000,0.000000,2.000000
7490.000000,1068.000000,55.000000,1067.000000,2.000000,0.000000,2.000000
7500.000000,1124.000000,57.000000,1124.000000,2.000000,0.000000,2.000000
7510.000000,1180.000000,55.000000,1179.000000,2.000000,0.000000,2.000000
7520.000000,1236.000000,56.000000,1235.000000,2.000000,0.000000,2.000000
7530.000000,1292.000000,56.000000,1291.000000,2.000000,0.000000,2.000000
7540.000000,1348.000000,56.000000,1347.000000,2.000000,0.000000,2.000000
7550.000000,1403.000000,56.000000,1403.000000,2.000000,0.000000,2.000000
7560.000000,1460.000000,56.000000,1459.000000,2.000000,0.000000,2.000000
7570.000000,1516.000000,56.000000,1515.000000,2.000000,0.000000,2.000000
7580.000000,1572.000000,56.000000,1571.000000,2.000000,0.000000,2.000000
7590.000000,1628.000000,56.000000,1627.000000,2.000000,0.000000,2.000000
7600.000000,1684.000000,57.000000,1684.000000,2.000000,0.000000,2.000000
7610.000000,1740.000000,56.000000,1740.000000,2.000000,0.000000,2.000000
7620.000000,1796.000000,56.000000,1796.000000,2.000000,0.000000,2.000000
7630.000000,1852.000000,56.000000,1852.000000,2.000000,0.000000,2.000000
7640.000000,1908.000000,56.000000,1908.000000,2.000000,0.000000,2.000000
7650.000000,1964.000000,56.000000,1964.000000,2.000000,0.000000,2.000000
7660.000000,2020.000000,55.000000,2019.000000,2.000000,0.000000,2.000000
7670.000000,2075.000000,56.000000,2075.000000,2.000000,0.000000,2.000000
7680.000000,2131.000000,56.000000,2131.000000,2.000000,0.000000,2.000000
7690.000000,2187.000000,55.000000,2186.000000,2.000000,0.000000,2.000000
7700.000000,2243.000000,56.000000,2242.000000,2.000000,0.000000,2.000000
7710.000000,2299.000000,56.000000,2298.000000,2.000000,0.000000,2.000000
7720.000000,2355.000000,56.000000,2354.000000,2.000000,0.000000,2.000000
7730.000000,2411.000000,56.000000,2410.000000,2.000000,0.000000,2.000000
7740.000000,2467.000000,57.000000,2467.000000,2.000000,0.000000,2.000000
7750.000000,2523.000000,56.000000,2523.000000,2.000000,0.000000,2.000000
7760.000000,2580.000000,56.000000,2579.000000,2.000000,0.000000,2.000000
7770.000000,2636.000000,56.000000,2635.000000,2.000000,0.000000,2.000000
7780.000000,2692.000000,57.000000,2692.000000,2.000000,0.000000,2.000000
7790.000000,2748.000000,56.000000,2748.000000,2.000000,0.000000,2.000000
7800.000000,2805.000000,56.000000,2804.000000,2.000000,0.000000,2.000000
7810.000000,2861.000000,57.000000,2861.000000,2.000000,0.000000,2.000000
7820.000000,2918.000000,56.000000,2917.000000,2.000000,0.000000,2.000000
7830.000000,2974.000000,57.000000,2974.000000,2.000000,0.000000,2.000000
7840.000000,3031.000000,56.000000,3030.000000,2.000000,0.000000,2.000000
7850.000000,3087.000000,57.000000,3087.000000,2.000000,0.000000,2.000000
7860.000000,3144.000000,57.000000,3144.000000,2.000000,0.000000,2.000000
7870.000000,3200.000000,56.000000,3200.000000,2.000000,0.000000,2.000000
7880.000000,3257.000000,57.000000,3257.000000,2.000000,0.000000,2.000000
7890.000000,3314.000000,57.000000,3314.000000,2.000000,0.000000,2.000000
7900.000000,3371.000000,57.000000,3371.000000,2.000000,0.000000,2.000000
7910.000000,3427.000000,56.000000,3427.000000,2.000000,0.000000,2.000000
7920.000000,3484.000000,57.000000,3484.000000,2.000000,0.000000,2.000000
7930.000000,3540.000000,56.000000,3540.000000,2.000000,0.000000,2.000000
7940.000000,3597.000000,57.000000,3597.000000,2.000000,0.000000,2.000000
7950.000000,3653.000000,56.000000,3653.000000,2.000000,0.000000,2.000000
7960.000000,3710.000000,57.000000,3710.000000,2.000000,0.000000,2.000000
7970.000000,3766.000000,56.000000,3766.000000,2.000000,0.000000,2.000000
7980.000000,3823.000000,57.000000,3823.000000,2.000000,0.000000,2.000000
7990.000000,3880.000000,57.000000,3880.000000,2.000000,0.000000,2.000000
8000.000000,3937.000000,56.000000,3936.000000,2.000000,0.000000,2.000000
8010.000000,3994.000000,57.000000,3993.000000,2.000000,0.000000,2.000000
8020.000000,4050.000000,57.000000,4050.000000,2.000000,0.000000,2.000000
8030.000000,4107.000000,57.000000,4107.000000,2.000000,0.000000,2.000000
8040.000000,4164.000000,57.000000,4164.000000,2.000000,0.000000,2.000000
8050.000000,4221.000000,56.000000,4220.000000,2.000000,0.000000,2.000000
8060.000000,4278.000000,57.000000,4277.000000,2.000000,0.000000,2.000000
8070.000000,4334.000000,57.000000,4334.000000,2.000000,0.000000,2.000000
8080.000000,4391.000000,57.000000,4391.000000,2.000000,0.000000,2.000000
8090.000000,4448.000000,57.000000,4448.000000,2.000000,0.000000,2.000000
8100.000000,4506.000000,57.000000,4505.000000,2.000000,0.000000,2.000000
8110.000000,4563.000000,57.000000,4562.000000,2.000000,0.000000,2.000000
8120.000000,4620.000000,58.000000,4620.000000,2.000000,0.000000,2.000000
8130.000000,4677.000000,56.000000,4676.000000,2.000000,0.000000,2.000000
8140.000000,4734.000000,58.000000,4734.000000,2.000000,0.000000,2.000000
8150.000000,4791.000000,57.000000,4791.000000,2.000000,0.000000,2.000000
8160.000000,4848.000000,57.000000,4848.000000,2.000000,0.000000,2.000000
8170.000000,4905.000000,56.000000,4904.000000,2.000000,0.000000,2.000000
8180.000000,4962.000000,58.000000,4962.000000,2.000000,0.000000,2.000000
8190.000000,5020.000000,57.000000,5019.000000,2.000000,0.000000,2.000000
8200.000000,5077.000000,57.000000,5076.000000,2.000000,0.000000,2.000000
8210.000000,5134.000000,58.000000,5134.000000,2.000000,0.000000,2.000000
8220.000000,5191.000000,57.000000,5191.000000,2.000000,0.000000,2.000000
8230.000000,5248.000000,57.000000,5248.000000,2.000000,0.000000,2.000000
8240.000000,5305.000000,57.000000,5305.000000,2.000000,0.000000,2.000000
8250.000000,5362.000000,57.000000,5362.000000,2.000000,0.000000,2.000000
8260.000000,5419.000000,56.000000,5418.000000,2.000000,0.000000,2.000000
8270.000000,5476.000000,58.000000,5476.000000,2.000000,0.000000,2.000000
8280.000000,5532.000000,56.000000,5532.000000,2.000000,0.000000,2.000000
8290.000000,5590.000000,58.000000,5590.000000,2.000000,0.000000,2.000000
8300.000000,5647.000000,56.000000,5646.000000,2.000000,0.000000,2.000000
8310.000000,5704.000000,58.000000,5704.000000,2.000000,0.000000,2.000000
8320.000000,5761.000000,56.000000,5760.000000,2.000000,0.000000,2.000000
8330.000000,5818.000000,58.000000,5818.000000,2.000000,0.000000,2.000000
8340.000000,5875.000000,56.000000,5874.000000,2.000000,0.000000,2.000000
8350.000000,5932.000000,58.000000,5932.000000,2.000000,0.000000,2.000000
8360.000000,5989.000000,56.000000,5988.000000,2.000000,0.000000,2.000000
8370.000000,6046.000000,58.000000,6046.000000,2.000000,0.000000,2.000000
8380.000000,6103.000000,57.000000,6103.000000,2.000000,0.000000,2.000000
8390.000000,6160.000000,57.000000,6160.000000,2.000000,0.000000,2.000000
8400.000000,6218.000000,57.000000,6217.000000,2.000000,0.000000,2.000000
8410.000000,6274.000000,57.000000,6274.000000,2.000000,0.000000,2.000000
8420.000000,6332.000000,58.000000,6332.000000,2.000000,0.000000,2.000000
8430.000000,6390.000000,57.000000,6389.000000,2.000000,0.000000,2.000000
8440.000000,6447.000000,57.000000,6446.000000,2.000000,0.000000,2.000000
8450.000000,6504.000000,58.000000,6504.000000,2.000000,0.000000,2.000000
8460.000000,6561.000000,57.000000,6561.000000,2.000000,0.000000,2.000000
8470.000000,6619.000000,57.000000,6618.000000,2.000000,0.000000,2.000000
8480.000000,6676.000000,58.000000,6676.000000,2.000000,0.000000,2.000000
8490.000000,6734.000000,57.000000,6733.000000,2.000000,0.000000,2.000000
8500.000000,6791.000000,58.000000,6791.000000,2.000000,0.000000,2.000000
8510.000000,6848.000000,56.000000,6847.000000,2.000000,0.000000,2.000000
8520.000000,6898.000000,51.000000,6898.000000,2.000000,0.000000,2.000000
8530.000000,6943.000000,44.000000,6942.000000,2.000000,0.000000,2.000000
8540.000000,6982.000000,39.000000,6981.000000,2.000000,0.000000,2.000000
8550.000000,7015.000000,34.000000,7015.000000,2.000000,0.000000,2.000000
8560.000000,7044.000000,29.000000,7044.000000,2.000000,0.000000,2.000000
8570.000000,7068.000000,24.000000,7068.000000,2.000000,0.000000,2.000000
8580.000000,7090.000000,21.000000,7089.000000,2.000000,0.000000,2.000000
8590.000000,7107.000000,18.000000,7107.000000,2.000000,0.000000,2.000000
8600.000000,7122.000000,15.000000,7122.000000,2.000000,0.000000,2.000000
8610.000000,7134.000000,12.000000,7134.000000,2.000000,0.000000,2.000000
8620.000000,7144.000000,10.000000,7144.000000,2.000000,0.000000,2.000000
8630.000000,7152.000000,8.000000,7152.000000,2.000000,0.000000,2.000000
8640.000000,7158.000000,6.000000,7158.000000,2.000000,0.000000,2.000000
8650.000000,7164.000000,6.000000,7164.000000,2.000000,0.000000,2.000000
8660.000000,7168.000000,4.000000,7168.000000,2.000000,0.000000,2.000000
8670.000000,7170.000000,2.000000,7170.000000,2.000000,0.000000,2.000000
8680.000000,7171.000000,1.000000,7171.000000,2.000000,0.000000,2.000000
8690.000000,7172.000000,1.000000,7172.000000,2.000000,0.000000,2.000000
8700.000000,7172.000000,0.000000,7172.000000,2.000000,0.000000,2.000000
8710.000000,7172.000000,0.000000,7172.000000,2.000000,0.000000,2.000000
8720.000000,7178.000000,6.000000,7178.000000,2.000000,0.000000,2.000000
8730.000000,7198.000000,20.000000,7198.000000,2.000000,0.000000,2.000000
8740.000000,7229.000000,31.000000,7229.000000,2.000000,0.000000,2.000000
8750.000000,7266.000000,37.000000,7266.000000,2.000000,0.000000,2.000000
8760.000000,7308.000000,42.000000,7308.000000,2.000000,0.000000,2.000000
8770.000000,7353.000000,45.000000,7353.000000,2.000000,0.000000,2.000000
8780.000000,7401.000000,48.000000,7401.000000,2.000000,0.000000,2.000000
8790.000000,7451.000000,50.000000,7451.000000,2.000000,0.000000,2.000000
8800.000000,7503.000000,51.000000,7502.000000,2.000000,0.000000,2.000000
8810.000000,7555.000000,53.000000,7555.000000,2.000000,0.000000,2.000000
8820.000000,7609.000000,53.000000,7608.000000,2.000000,0.000000,2.000000
8830.000000,7663.000000,55.000000,7663.000000,2.000000,0.000000,2.000000
8840.000000,7718.000000,55.000000,7718.000000,2.000000,0.000000,2.000000
8850.000000,7773.000000,54.000000,7772.000000,2.000000,0.000000,2.000000
8860.000000,7828.000000,56.000000,7828.000000,2.000000,0.000000,2.000000
8870.000000,7884.000000,56.000000,7884.000000,2.000000,0.000000,2.000000
8880.000000,7940.000000,56.000000,7940.000000,2.000000,0.000000,2.000000
8890.000000,7997.000000,57.000000,7997.000000,2.000000,0.000000,2.000000
8900.000000,8054.000000,57.000000,8054.000000,2.000000,0.000000,2.000000
8910.000000,8111.000000,56.000000,8110.000000,2.000000,0.000000,2.000000
8920.000000,8168.000000,57.000000,8167.000000,2.000000,0.000000,2.000000
8930.000000,8224.000000,57.000000,8224.000000,2.000000,0.000000,2.000000
8940.000000,8282.000000,57.000000,8281.000000,2.000000,0.000000,2.000000
8950.000000,8339.000000,57.000000,8338.000000,2.000000,0.000000,2.000000
8960.000000,8396.000000,58.000000,8396.000000,2.000000,0.000000,2.000000
8970.000000,8453.000000,57.000000,8453.000000,2.000000,0.000000,2.000000
8980.000000,8510.000000,57.000000,8510.000000,2.000000,0.000000,2.000000
8990.000000,8566.000000,55.000000,8565.000000,2.000000,0.000000,2.000000
9000.000000,8614.000000,49.000000,8614.000000,2.000000,0.000000,2.000000
9010.000000,8657.000000,42.000000,8656.000000,2.000000,0.000000,2.000000
9020.000000,8694.000000,38.000000,8694.000000,2.000000,0.000000,2.000000
9030.000000,8726.000000,32.000000,8726.000000,2.000000,0.000000,2.000000
9040.000000,8754.000000,28.000000,8754.000000,2.000000,0.000000,2.000000
9050.000000,8778.000000,24.000000,8778.000000,2.000000,0.000000,2.000000
9060.000000,8797.000000,19.000000,8797.000000,2.000000,0.000000,2.000000
9070.000000,8814.000000,17.000000,8814.000000,2.000000,0.000000,2.000000
9080.000000,8828.000000,14.000000,8828.000000,2.000000,0.000000,2.000000
9090.000000,8840.000000,12.000000,8840.000000,2.000000,0.000000,2.000000
9100.000000,8850.000000,10.000000,8850.000000,2.000000,0.000000,2.000000
9110.000000,8857.000000,7.000000,8857.000000,2.000000,0.000000,2.000000
9120.000000,8863.000000,6.000000,8863.000000,2.000000,0.000000,2.000000
9130.000000,8868.000000,5.000000,8868.000000,2.000000,0.000000,2.000000
9140.000000,8872.000000,4.000000,8872.000000,2.000000,0.000000,2.000000
9150.000000,8876.000000,4.000000,8876.000000,2.000000,0.000000,2.000000
9160.000000,8878.000000,2.000000,8878.000000,2.000000,0.000000,2.000000
9170.000000,8879.000000,1.000000,8879.000000,2.000000,0.000000,2.000000
9180.000000,8879.000000,0.000000,8879.000000,2.000000,0.000000,2.000000
9190.000000,8879.000000,0.000000,8879.000000,2.000000,0.000000,2.000000
9200.000000,8879.000000,0.000000,8879.000000,2.000000,0.000000,2.000000
9210.000000,8879.000000,0.000000,8879.000000,2.000000,0.000000,2.000000
9220.000000,8884.000000,5.000000,8884.000000,2.000000,0.000000,2.000000
9230.000000,8904.000000,20.000000,8904.000000,2.000000,0.000000,2.000000
9240.000000,8935.000000,30.000000,8934.000000,2.000000,0.000000,2.000000
9250.000000,8972.000000,38.000000,8972.000000,2.000000,0.000000,2.000000
9260.000000,9014.000000,42.000000,9014.000000,2.000000,0.000000,2.000000
9270.000000,9060.000000,45.000000,9059.000000,2.000000,0.000000,2.000000
9280.000000,9108.000000,49.000000,9108.000000,2.000000,0.000000,2.000000
9290.000000,9158.000000,50.000000,9158.000000,2.000000,0.000000,2.000000
9300.000000,9209.000000,51.000000,9209.000000,2.000000,0.000000,2.000000
9310.000000,9262.000000,53.000000,9262.000000,2.000000,0.000000,2.000000
9320.000000,9315.000000,53.000000,9315.000000,2.000000,0.000000,2.000000
9330.000000,9369.000000,54.000000,9369.000000,2.000000,0.000000,2.000000
9340.000000,9424.000000,55.000000,9424.000000,2.000000,0.000000,2.000000
9350.000000,9479.000000,54.000000,9478.000000,2.000000,0.000000,2.000000
9360.000000,9534.000000,56.000000,9534.000000,2.000000,0.000000,2.000000
9370.000000,9590.000000,56.000000,9590.000000,2.000000,0.000000,2.000000
9380.000000,9647.000000,56.000000,9646.000000,2.000000,0.000000,2.000000
9390.000000,9704.000000,58.000000,9704.000000,2.000000,0.000000,2.000000
9400.000000,9760.000000,56.000000,9760.000000,2.000000,0.000000,2.000000
9410.000000,9817.000000,57.000000,9817.000000,2.000000,0.000000,2.000000
9420.000000,9874.000000,57.000000,9874.000000,2.000000,0.000000,2.000000
9430.000000,9931.000000,57.000000,9931.000000,2.000000,0.000000,2.000000
9440.000000,9989.000000,57.000000,9988.000000,2.000000,0.000000,2.000000
9450.000000,10046.000000,58.000000,10046.000000,2.000000,0.000000,2.000000
9460.000000,10099.000000,53.000000,10099.000000,2.000000,0.000000,2.000000
9470.000000,10146.000000,47.000000,10146.000000,2.000000,0.000000,2.000000
9480.000000,10187.000000,41.000000,10187.000000,2.000000,0.000000,2.000000
9490.000000,10224.000000,36.000000,10223.000000,2.000000,0.000000,2.000000
9500.000000,10254.000000,31.000000,10254.000000,2.000000,0.000000,2.000000
9510.000000,10282.000000,27.000000,10281.000000,2.000000,0.000000,2.000000
9520.000000,10304.000000,23.000000,10304.000000,2.000000,0.000000,2.000000
9530.000000,10324.000000,20.000000,10324.000000,2.000000,0.000000,2.000000
9540.000000,10341.000000,17.000000,10341.000000,2.000000,0.000000,2.000000
9550.000000,10354.000000,13.000000,10354.000000,2.000000,0.000000,2.000000
9560.000000,10366.000000,12.000000,10366.000000,2.000000,0.000000,2.000000
9570.000000,10376.000000,10.000000,10376.000000,2.000000,0.000000,2.000000
9580.000000,10384.000000,8.000000,10384.000000,2.000000,0.000000,2.000000
9590.000000,10390.000000,6.000000,10390.000000,2.000000,0.000000,2.000000
9600.000000,10395.000000,5.000000,10395.000000,2.000000,0.000000,2.000000
9610.000000,10398.000000,3.000000,10398.000000,2.000000,0.000000,2.000000
9620.000000,10402.000000,4.000000,10402.000000,2.000000,0.000000,2.000000
9630.000000,10404.000000,2.000000,10404.000000,2.000000,0.000000,2.000000
9640.000000,10406.000000,2.000000,10406.000000,2.000000,0.000000,2.000000
9650.000000,10408.000000,2.000000,10408.000000,2.000000,0.000000,2.000000
9660.000000,10409.000000,1.000000,10409.000000,2.000000,0.000000,2.000000
9670.000000,10409.000000,0.000000,10409.000000,2.000000,0.000000,2.000000
9680.000000,10409.000000,0.000000,10409.000000,2.000000,0.000000,2.000000
9690.000000,10409.000000,0.000000,10409.000000,2.000000,0.000000,2.000000
9700.000000,10410.000000,1.000000,10410.000000,2.000000,0.000000,2.000000
9710.000000,10424.000000,14.000000,10424.000000,2.000000,0.000000,2.000000
9720.000000,10450.000000,26.000000,10450.000000,2.000000,0.000000,2.000000
9730.000000,10484.000000,34.000000,10484.000000,2.000000,0.000000,2.000000
9740.000000,10524.000000,40.000000,10524.000000,2.000000,0.000000,2.000000
9750.000000,10569.000000,45.000000,10569.000000,2.000000,0.000000,2.000000
9760.000000,10616.000000,47.000000,10616.000000,2.000000,0.000000,2.000000
9770.000000,10666.000000,49.000000,10665.000000,2.000000,0.000000,2.000000
9780.000000,10717.000000,51.000000,10716.000000,2.000000,0.000000,2.000000
9790.000000,10769.000000,53.000000,10769.000000,2.000000,0.000000,2.000000
9800.000000,10823.000000,53.000000,10822.000000,2.000000,0.000000,2.000000
9810.000000,10877.000000,54.000000,10876.000000,2.000000,0.000000,2.000000
9820.000000,10932.000000,55.000000,10931.000000,2.000000,0.000000,2.000000
9830.000000,10987.000000,55.000000,10986.000000,2.000000,0.000000,2.000000
9840.000000,11042.000000,56.000000,11042.000000,2.000000,0.000000,2.000000
9850.000000,11098.000000,56.000000,11098.000000,2.000000,0.000000,2.000000
9860.000000,11155.000000,56.000000,11154.000000,2.000000,0.000000,2.000000
9870.000000,11212.000000,57.000000,11211.000000,2.000000,0.000000,2.000000
9880.000000,11268.000000,57.000000,11268.000000,2.000000,0.000000,2.000000
9890.000000,11325.000000,57.000000,11325.000000,2.000000,0.000000,2.000000
9900.000000,11382.000000,57.000000,11382.000000,2.000000,0.000000,2.000000
9910.000000,11440.000000,57.000000,11439.000000,2.000000,0.000000,2.000000
9920.000000,11497.000000,58.000000,11497.000000,2.000000,0.000000,2.000000
9930.000000,11550.000000,53.000000,11550.000000,2.000000,0.000000,2.000000
9940.000000,11597.000000,47.000000,11597.000000,2.000000,0.000000,2.000000
9950.000000,11638.000000,41.000000,11638.000000,2.000000,0.000000,2.000000
9960.000000,11674.000000,36.000000,11674.000000,2.000000,0.000000,2.000000
9970.000000,11705.000000,31.000000,11705.000000,2.000000,0.000000,2.000000
9980.000000,11732.000000,27.000000,11732.000000,2.000000,0.000000,2.000000
9990.000000,11754.000000,22.000000,11754.000000,2.000000,0.000000,2.000000
10000.000000,11774.000000,20.000000,11774.000000,2.000000,0.000000,2.000000
10010.000000,11791.000000,17.000000,11791.000000,2.000000,0.000000,2.000000
10020.000000,11804.000000,13.000000,11804.000000,2.000000,0.000000,2.000000
10030.000000,11816.000000,12.000000,11816.000000,2.000000,0.000000,2.000000
10040.000000,11826.000000,10.000000,11826.000000,2.000000,0.000000,2.000000
10050.000000,11834.000000,8.000000,11834.000000,2.000000,0.000000,2.000000
10060.000000,11840.000000,6.000000,11840.000000,2.000000,0.000000,2.000000
10070.000000,11846.000000,6.000000,11846.000000,2.000000,0.000000,2.000000
10080.000000,11850.000000,4.000000,11850.000000,2.000000,0.000000,2.000000
10090.000000,11853.000000,3.000000,11853.000000,2.000000,0.000000,2.000000
10100.000000,11855.000000,2.000000,11855.000000,2.000000,0.000000,2.000000
10110.000000,11857.000000,2.000000,11857.000000,2.000000,0.000000,2.000000
10120.000000,11858.000000,1.000000,11858.000000,2.000000,0.000000,2.000000
10130.000000,11859.000000,1.000000,11859.000000,2.000000,0.000000,2.000000
10140.000000,11860.000000,1.000000,11860.000000,2.000000,0.000000,2.000000
10150.000000,11861.000000,1.000000,11861.000000,2.000000,0.000000,2.000000
10160.000000,11861.000000,0.000000,11861.000000,2.000000,0.000000,2.000000
10170.000000,11862.000000,1.000000,11862.000000,2.000000,0.000000,2.000000
10180.000000,11862.000000,0.000000,11862.000000,2.000000,0.000000,2.000000
10190.000000,11871.000000,9.000000,11871.000000,2.000000,0.000000,2.000000
10200.000000,11894.000000,23.000000,11894.000000,2.000000,0.000000,2.000000
10210.000000,11926.000000,32.000000,11926.000000,2.000000,0.000000,2.000000
10220.000000,11964.000000,38.000000,11964.000000,2.000000,0.000000,2.000000
10230.000000,12008.000000,43.000000,12007.000000,2.000000,0.000000,2.000000
10240.000000,12054.000000,47.000000,12054.000000,2.000000,0.000000,2.000000
10250.000000,12103.000000,49.000000,12103.000000,2.000000,0.000000,2.000000
10260.000000,12154.000000,51.000000,12154.000000,2.000000,0.000000,2.000000
10270.000000,12206.000000,52.000000,12206.000000,2.000000,0.000000,2.000000
10280.000000,12258.000000,52.000000,12258.000000,2.000000,0.000000,2.000000
10290.000000,12312.000000,54.000000,12312.000000,2.000000,0.000000,2.000000
10300.000000,12366.000000,54.000000,12366.000000,2.000000,0.000000,2.000000
10310.000000,12420.000000,54.000000,12420.000000,2.000000,0.000000,2.000000
10320.000000,12476.000000,56.000000,12476.000000,2.000000,0.000000,2.000000
10330.000000,12532.000000,55.000000,12531.000000,2.000000,0.000000,2.000000
10340.000000,12588.000000,57.000000,12588.000000,2.000000,0.000000,2.000000
10350.000000,12644.000000,56.000000,12644.000000,2.000000,0.000000,2.000000
10360.000000,12701.000000,56.000000,12700.000000,2.000000,0.000000,2.000000
10370.000000,12758.000000,57.000000,12757.000000,2.000000,0.000000,2.000000
10380.000000,12814.000000,57.000000,12814.000000,2.000000,0.000000,2.000000
10390.000000,12872.000000,57.000000,12871.000000,2.000000,0.000000,2.000000
10400.000000,12926.000000,55.000000,12926.000000,2.000000,0.000000,2.000000
10410.000000,12974.000000,48.000000,12974.000000,2.000000,0.000000,2.000000
10420.000000,13017.000000,43.000000,13017.000000,2.000000,0.000000,2.000000
10430.000000,13054.000000,37.000000,13054.000000,2.000000,0.000000,2.000000
10440.000000,13086.000000,32.000000,13086.000000,2.000000,0.000000,2.000000
10450.000000,13114.000000,28.000000,13114.000000,2.000000,0.000000,2.000000
10460.000000,13138.000000,24.000000,13138.000000,2.000000,0.000000,2.000000
10470.000000,13158.000000,20.000000,13158.000000,2.000000,0.000000,2.000000
10480.000000,13175.000000,17.000000,13175.000000,2.000000,0.000000,2.000000
10490.000000,13189.000000,14.000000,13189.000000,2.000000,0.000000,2.000000
10500.000000,13202.000000,12.000000,13201.000000,2.000000,0.000000,2.000000
10510.000000,13211.000000,10.000000,13211.000000,2.000000,0.000000,2.000000
10520.000000,13218.000000,7.000000,13218.000000,2.000000,0.000000,2.000000
10530.000000,13224.000000,6.000000,13224.000000,2.000000,0.000000,2.000000
10540.000000,13229.000000,5.000000,13229.000000,2.000000,0.000000,2.000000
10550.000000,13232.000000,3.000000,13232.000000,2.000000,0.000000,2.000000
10560.000000,13235.000000,3.000000,13235.000000,2.000000,0.000000,2.000000
10570.000000,13237.000000,2.000000,13237.000000,2.000000,0.000000,2.000000
10580.000000,13239.000000,2.000000,13239.000000,2.000000,0.000000,2.000000
10590.000000,13240.000000,1.000000,13240.000000,2.000000,0.000000,2.000000
10600.000000,13241.000000,1.000000,13241.000000,2.000000,0.000000,2.000000
10610.000000,13242.000000,1.000000,13242.000000,2.000000,0.000000,2.000000
10620.000000,13242.000000,0.000000,13242.000000,2.000000,0.000000,2.000000
10630.000000,13242.000000,0.000000,13242.000000,2.000000,0.000000,2.000000
10640.000000,13242.000000,0.000000,13242.000000,2.000000,0.000000,2.000000
10650.000000,13242.000000,0.000000,13242.000000,2.000000,0.000000,2.000000
10660.000000,13242.000000,0.000000,13242.000000,2.000000,0.000000,2.000000
10670.000000,13250.000000,8.000000,13250.000000,2.000000,0.000000,2.000000
10680.000000,13272.000000,22.000000,13272.000000,2.000000,0.000000,2.000000
10690.000000,13304.000000,32.000000,13304.000000,2.000000,0.000000,2.000000
10700.000000,13342.000000,38.000000,13342.000000,2.000000,0.000000,2.000000
10710.000000,13384.000000,42.000000,13384.000000,2.000000,0.000000,2.000000
10720.000000,13430.000000,46.000000,13430.000000,2.000000,0.000000,2.000000
10730.000000,13478.000000,48.000000,13478.000000,2.000000,0.000000,2.000000
10740.000000,13528.000000,50.000000,13528.000000,2.000000,0.000000,2.000000
10750.000000,13580.000000,52.000000,13580.000000,2.000000,0.000000,2.000000
10760.000000,13633.000000,53.000000,13633.000000,2.000000,0.000000,2.000000
10770.000000,13688.000000,54.000000,13687.000000,2.000000,0.000000,2.000000
10780.000000,13742.000000,55.000000,13742.000000,2.000000,0.000000,2.000000
10790.000000,13797.000000,55.000000,13797.000000,2.000000,0.000000,2.000000
10800.000000,13853.000000,55.000000,13852.000000,2.000000,0.000000,2.000000
10810.000000,13909.000000,56.000000,13908.000000,2.000000,0.000000,2.000000
10820.000000,13965.000000,57.000000,13965.000000,2.000000,0.000000,2.000000
10830.000000,14022.000000,56.000000,14021.000000,2.000000,0.000000,2.000000
10840.000000,14078.000000,57.000000,14078.000000,2.000000,0.000000,2.000000
10850.000000,14135.000000,57.000000,14135.000000,2.000000,0.000000,2.000000
10860.000000,14192.000000,57.000000,14192.000000,2.000000,0.000000,2.000000
10870.000000,14249.000000,56.000000,14248.000000,2.000000,0.000000,2.000000
10880.000000,14300.000000,52.000000,14300.000000,2.000000,0.000000,2.000000
10890.000000,14344.000000,44.000000,14344.000000,2.000000,0.000000,2.000000
10900.000000,14384.000000,40.000000,14384.000000,2.000000,0.000000,2.000000
10910.000000,14417.000000,33.000000,14417.000000,2.000000,0.000000,2.000000
10920.000000,14447.000000,30.000000,14447.000000,2.000000,0.000000,2.000000
10930.000000,14472.000000,25.000000,14472.000000,2.000000,0.000000,2.000000
10940.000000,14493.000000,21.000000,14493.000000,2.000000,0.000000,2.000000
10950.000000,14511.000000,18.000000,14511.000000,2.000000,0.000000,2.000000
10960.000000,14526.000000,15.000000,14526.000000,2.000000,0.000000,2.000000
10970.000000,14539.000000,13.000000,14539.000000,2.000000,0.000000,2.000000
10980.000000,14550.000000,11.000000,14550.000000,2.000000,0.000000,2.000000
10990.000000,14558.000000,8.000000,14558.000000,2.000000,0.000000,2.000000
11000.000000,14565.000000,7.000000,14565.000000,2.000000,0.000000,2.000000
11010.000000,14571.000000,6.000000,14571.000000,2.000000,0.000000,2.000000
11020.000000,14575.000000,4.000000,14575.000000,2.000000,0.000000,2.000000
11030.000000,14578.000000,3.000000,14578.000000,2.000000,0.000000,2.000000
11040.000000,14580.000000,2.000000,14580.000000,2.000000,0.000000,2.000000
11050.000000,14580.000000,0.000000,14580.000000,2.000000,0.000000,2.000000
11060.000000,14581.000000,1.000000,14581.000000,2.000000,0.000000,2.000000
11070.000000,14581.000000,0.000000,14581.000000,2.000000,0.000000,2.000000
11080.000000,14581.000000,0.000000,14581.000000,2.000000,0.000000,2.000000
11090.000000,14581.000000,0.000000,14581.000000,2.000000,0.000000,2.000000
11100.000000,14581.000000,0.000000,14581.000000,2.000000,0.000000,2.000000
11110.000000,14581.000000,0.000000,14581.000000,2.000000,0.000000,2.000000
11120.000000,14581.000000,0.000000,14581.000000,2.000000,0.000000,2.000000
11130.000000,14581.000000,0.000000,14581.000000,2.000000,0.000000,2.000000
11140.000000,14581.000000,0.000000,14581.000000,2.000000,0.000000,2.000000
11150.000000,14588.000000,7.000000,14588.000000,2.000000,0.000000,2.000000
11160.000000,14610.000000,22.000000,14610.000000,2.000000,0.000000,2.000000
11170.000000,14642.000000,32.000000,14642.000000,2.000000,0.000000,2.000000
11180.000000,14680.000000,38.000000,14680.000000,2.000000,0.000000,2.000000
11190.000000,14722.000000,42.000000,14722.000000,2.000000,0.000000,2.000000
11200.000000,14769.000000,46.000000,14768.000000,2.000000,0.000000,2.000000
11210.000000,14817.000000,49.000000,14817.000000,2.000000,0.000000,2.000000
11220.000000,14868.000000,50.000000,14867.000000,2.000000,0.000000,2.000000
11230.000000,14919.000000,52.000000,14919.000000,2.000000,0.000000,2.000000
11240.000000,14972.000000,53.000000,14972.000000,2.000000,0.000000,2.000000
11250.000000,15026.000000,54.000000,15026.000000,2.000000,0.000000,2.000000
11260.000000,15080.000000,54.000000,15080.000000,2.000000,0.000000,2.000000
11270.000000,15135.000000,54.000000,15134.000000,2.000000,0.000000,2.000000
11280.000000,15190.000000,56.000000,15190.000000,2.000000,0.000000,2.000000
11290.000000,15246.000000,56.000000,15246.000000,2.000000,0.000000,2.000000
11300.000000,15303.000000,56.000000,15302.000000,2.000000,0.000000,2.000000
11310.000000,15359.000000,57.000000,15359.000000,2.000000,0.000000,2.000000
11320.000000,15416.000000,57.000000,15416.000000,2.000000,0.000000,2.000000
11330.000000,15474.000000,57.000000,15473.000000,2.000000,0.000000,2.000000
11340.000000,15531.000000,57.000000,15530.000000,2.000000,0.000000,2.000000
11350.000000,15587.000000,56.000000,15586.000000,2.000000,0.000000,2.000000
11360.000000,15636.000000,50.000000,15636.000000,2.000000,0.000000,2.000000
11370.000000,15679.000000,43.000000,15679.000000,2.000000,0.000000,2.000000
11380.000000,15717.000000,38.000000,15717.000000,2.000000,0.000000,2.000000
11390.000000,15750.000000,33.000000,15750.000000,2.000000,0.000000,2.000000
11400.000000,15778.000000,28.000000,15778.000000,2.000000,0.000000,2.000000
11410.000000,15802.000000,24.000000,15802.000000,2.000000,0.000000,2.000000
11420.000000,15823.000000,21.000000,15823.000000,2.000000,0.000000,2.000000
11430.000000,15840.000000,17.000000,15840.000000,2.000000,0.000000,2.000000
11440.000000,15855.000000,15.000000,15855.000000,2.000000,0.000000,2.000000
11450.000000,15867.000000,12.000000,15867.000000,2.000000,0.000000,2.000000
11460.000000,15877.000000,10.000000,15877.000000,2.000000,0.000000,2.000000
11470.000000,15886.000000,9.000000,15886.000000,2.000000,0.000000,2.000000
11480.000000,15892.000000,6.000000,15892.000000,2.000000,0.000000,2.000000
11490.000000,15898.000000,6.000000,15898.000000,2.000000,0.000000,2.000000
11500.000000,15902.000000,4.000000,15902.000000,2.000000,0.000000,2.000000
11510.000000,15905.000000,3.000000,15905.000000,2.000000,0.000000,2.000000
11520.000000,15907.000000,2.000000,15907.000000,2.000000,0.000000,2.000000
11530.000000,15907.000000,0.000000,15907.000000,2.000000,0.000000,2.000000
11540.000000,15907.000000,0.000000,15907.000000,2.000000,0.000000,2.000000
11550.000000,15907.000000,0.000000,15907.000000,2.000000,0.000000,2.000000
11560.000000,15907.000000,0.000000,15907.000000,2.000000,0.000000,2.000000
11570.000000,15907.000000,0.000000,15907.000000,2.000000,0.000000,2.000000
11580.000000,15907.000000,0.000000,15907.000000,2.000000,0.000000,2.000000
11590.000000,15907.000000,0.000000,15907.000000,2.000000,0.000000,2.000000
11600.000000,15907.000000,0.000000,15907.000000,2.000000,0.000000,2.000000
11610.000000,15907.000000,0.000000,15907.000000,2.000000,0.000000,2.000000
11620.000000,15907.000000,0.000000,15907.000000,2.000000,0.000000,2.000000
11630.000000,15910.000000,3.000000,15910.000000,2.000000,0.000000,2.000000
11640.000000,15926.000000,16.000000,15926.000000,2.000000,0.000000,2.000000
11650.000000,15954.000000,28.000000,15954.000000,2.000000,0.000000,2.000000
11660.000000,15989.000000,35.000000,15989.000000,2.000000,0.000000,2.000000
11670.000000,16030.000000,41.000000,16030.000000,2.000000,0.000000,2.000000
11680.000000,16075.000000,44.000000,16074.000000,2.000000,0.000000,2.000000
11690.000000,16122.000000,48.000000,16122.000000,2.000000,0.000000,2.000000
11700.000000,16172.000000,50.000000,16172.000000,2.000000,0.000000,2.000000
11710.000000,16224.000000,51.000000,16223.000000,2.000000,0.000000,2.000000
11720.000000,16276.000000,53.000000,16276.000000,2.000000,0.000000,2.000000
11730.000000,16330.000000,54.000000,16330.000000,2.000000,0.000000,2.000000
11740.000000,16384.000000,54.000000,16384.000000,2.000000,0.000000,2.000000
11750.000000,16439.000000,55.000000,16439.000000,2.000000,0.000000,2.000000
11760.000000,16495.000000,55.000000,16494.000000,2.000000,0.000000,2.000000
11770.000000,16551.000000,56.000000,16550.000000,2.000000,0.000000,2.000000
11780.000000,16607.000000,57.000000,16607.000000,2.000000,0.000000,2.000000
11790.000000,16664.000000,57.000000,16664.000000,2.000000,0.000000,2.000000
11800.000000,16721.000000,56.000000,16720.000000,2.000000,0.000000,2.000000
11810.000000,16778.000000,58.000000,16778.000000,2.000000,0.000000,2.000000
11820.000000,16836.000000,57.000000,16835.000000,2.000000,0.000000,2.000000
11830.000000,16891.000000,56.000000,16891.000000,2.000000,0.000000,2.000000
11840.000000,16940.000000,49.000000,16940.000000,2.000000,0.000000,2.000000
11850.000000,16984.000000,44.000000,16984.000000,2.000000,0.000000,2.000000
11860.000000,17022.000000,38.000000,17022.000000,2.000000,0.000000,2.000000
11870.000000,17055.000000,33.000000,17055.000000,2.000000,0.000000,2.000000
11880.000000,17084.000000,29.000000,17084.000000,2.000000,0.000000,2.000000
11890.000000,17108.000000,24.000000,17108.000000,2.000000,0.000000,2.000000
11900.000000,17129.000000,21.000000,17129.000000,2.000000,0.000000,2.000000
11910.000000,17147.000000,18.000000,17147.000000,2.000000,0.000000,2.000000
11920.000000,17162.000000,15.000000,17162.000000,2.000000,0.000000,2.000000
11930.000000,17175.000000,13.000000,17175.000000,2.000000,0.000000,2.000000
11940.000000,17186.000000,11.000000,17186.000000,2.000000,0.000000,2.000000
11950.000000,17195.000000,9.000000,17195.000000,2.000000,0.000000,2.000000
11960.000000,17202.000000,7.000000,17202.000000,2.000000,0.000000,2.000000
11970.000000,17208.000000,6.000000,17208.000000,2.000000,0.000000,2.000000
11980.000000,17212.000000,4.000000,17212.000000,2.000000,0.000000,2.000000
11990.000000,17216.000000,4.000000,17216.000000,2.000000,0.000000,2.000000
12000.000000,17219.000000,3.000000,17219.000000,2.000000,0.000000,2.000000
12010.000000,17222.000000,3.000000,17222.000000,2.000000,0.000000,2.000000
12020.000000,17223.000000,1.000000,17223.000000,2.000000,0.000000,2.000000
12030.000000,17223.000000,0.000000,17223.000000,2.000000,0.000000,2.000000
12040.000000,17223.000000,0.000000,17223.000000,2.000000,0.000000,2.000000
12050.000000,17222.000000,-1.000000,17222.000000,2.000000,0.000000,2.000000
12060.000000,17222.000000,0.000000,17222.000000,2.000000,0.000000,2.000000
12070.000000,17221.000000,-1.000000,17221.000000,2.000000,0.000000,2.000000
12080.000000,17221.000000,0.000000,17221.000000,2.000000,0.000000,2.000000
12090.000000,17220.000000,-1.000000,17220.000000,2.000000,0.000000,2.000000
12100.000000,17220.000000,0.000000,17220.000000,2.000000,0.000000,2.000000
12110.000000,17220.000000,0.000000,17220.000000,2.000000,0.000000,2.000000
12120.000000,17228.000000,8.000000,17228.000000,2.000000,0.000000,2.000000
12130.000000,17251.000000,23.000000,17251.000000,2.000000,0.000000,2.000000
12140.000000,17282.000000,31.000000,17282.000000,2.000000,0.000000,2.000000
12150.000000,17321.000000,39.000000,17321.000000,2.000000,0.000000,2.000000
12160.000000,17364.000000,42.000000,17363.000000,2.000000,0.000000,2.000000
12170.000000,17410.000000,47.000000,17410.000000,2.000000,0.000000,2.000000
12180.000000,17458.000000,48.000000,17458.000000,2.000000,0.000000,2.000000
12190.000000,17508.000000,50.000000,17508.000000,2.000000,0.000000,2.000000
12200.000000,17560.000000,52.000000,17560.000000,2.000000,0.000000,2.000000
12210.000000,17614.000000,53.000000,17613.000000,2.000000,0.000000,2.000000
12220.000000,17667.000000,54.000000,17667.000000,2.000000,0.000000,2.000000
12230.000000,17722.000000,54.000000,17721.000000,2.000000,0.000000,2.000000
12240.000000,17776.000000,55.000000,17776.000000,2.000000,0.000000,2.000000
12250.000000,17832.000000,55.000000,17831.000000,2.000000,0.000000,2.000000
12260.000000,17887.000000,56.000000,17887.000000,2.000000,0.000000,2.000000
12270.000000,17944.000000,56.000000,17943.000000,2.000000,0.000000,2.000000
12280.000000,18000.000000,57.000000,18000.000000,2.000000,0.000000,2.000000
12290.000000,18056.000000,56.000000,18056.000000,2.000000,0.000000,2.000000
12300.000000,18113.000000,57.000000,18113.000000,2.000000,0.000000,2.000000
12310.000000,18166.000000,52.000000,18165.000000,2.000000,0.000000,2.000000
12320.000000,18216.000000,51.000000,18216.000000,2.000000,0.000000,2.000000
12330.000000,18260.000000,44.000000,18260.000000,2.000000,0.000000,2.000000
12340.000000,18300.000000,39.000000,18299.000000,2.000000,0.000000,2.000000
12350.000000,18333.000000,34.000000,18333.000000,2.000000,0.000000,2.000000
12360.000000,18362.000000,29.000000,18362.000000,2.000000,0.000000,2.000000
12370.000000,18388.000000,26.000000,18388.000000,2.000000,0.000000,2.000000
12380.000000,18409.000000,21.000000,18409.000000,2.000000,0.000000,2.000000
12390.000000,18427.000000,17.000000,18426.000000,2.000000,0.000000,2.000000
12400.000000,18442.000000,16.000000,18442.000000,2.000000,0.000000,2.000000
12410.000000,18454.000000,12.000000,18454.000000,2.000000,0.000000,2.000000
12420.000000,18465.000000,11.000000,18465.000000,2.000000,0.000000,2.000000
12430.000000,18473.000000,8.000000,18473.000000,2.000000,0.000000,2.000000
12440.000000,18480.000000,7.000000,18480.000000,2.000000,0.000000,2.000000
12450.000000,18485.000000,5.000000,18485.000000,2.000000,0.000000,2.000000
12460.000000,18489.000000,4.000000,18489.000000,2.000000,0.000000,2.000000
12470.000000,18492.000000,3.000000,18492.000000,2.000000,0.000000,2.000000
12480.000000,18495.000000,3.000000,18495.000000,2.000000,0.000000,2.000000
12490.000000,18496.000000,1.000000,18496.000000,2.000000,0.000000,2.000000
12500.000000,18496.000000,0.000000,18496.000000,2.000000,0.000000,2.000000
12510.000000,18496.000000,0.000000,18496.000000,2.000000,0.000000,2.000000
12520.000000,18496.000000,0.000000,18496.000000,2.000000,0.000000,2.000000
12530.000000,18495.000000,-1.000000,18495.000000,2.000000,0.000000,2.000000
12540.000000,18495.000000,0.000000,18495.000000,2.000000,0.000000,2.000000
12550.000000,18495.000000,0.000000,18495.000000,2.000000,0.000000,2.000000
12560.000000,18495.000000,0.000000,18495.000000,2.000000,0.000000,2.000000
12570.000000,18495.000000,0.000000,18495.000000,2.000000,0.000000,2.000000
12580.000000,18495.000000,0.000000,18495.000000,2.000000,0.000000,2.000000
12590.000000,18495.000000,0.000000,18495.000000,2.000000,0.000000,2.000000
12600.000000,18496.000000,1.000000,18496.000000,2.000000,0.000000,2.000000
12610.000000,18512.000000,15.000000,18511.000000,2.000000,0.000000,2.000000
12620.000000,18538.000000,27.000000,18538.000000,2.000000,0.000000,2.000000
12630.000000,18573.000000,35.000000,18573.000000,2.000000,0.000000,2.000000
12640.000000,18614.000000,41.000000,18614.000000,2.000000,0.000000,2.000000
12650.000000,18658.000000,44.000000,18658.000000,2.000000,0.000000,2.000000
12660.000000,18706.000000,48.000000,18706.000000,2.000000,0.000000,2.000000
12670.000000,18755.000000,49.000000,18755.000000,2.000000,0.000000,2.000000
12680.000000,18806.000000,51.000000,18806.000000,2.000000,0.000000,2.000000
12690.000000,18859.000000,52.000000,18858.000000,2.000000,0.000000,2.000000
12700.000000,18912.000000,54.000000,18912.000000,2.000000,0.000000,2.000000
12710.000000,18966.000000,54.000000,18966.000000,2.000000,0.000000,2.000000
12720.000000,19021.000000,54.000000,19020.000000,2.000000,0.000000,2.000000
12730.000000,19076.000000,56.000000,19076.000000,2.000000,0.000000,2.000000
12740.000000,19132.000000,55.000000,19131.000000,2.000000,0.000000,2.000000
12750.000000,19188.000000,57.000000,19188.000000,2.000000,0.000000,2.000000
12760.000000,19244.000000,56.000000,19244.000000,2.000000,0.000000,2.000000
12770.000000,19301.000000,57.000000,19301.000000,2.000000,0.000000,2.000000
12780.000000,19358.000000,57.000000,19358.000000,2.000000,0.000000,2.000000
12790.000000,19415.000000,57.000000,19415.000000,2.000000,0.000000,2.000000
12800.000000,19470.000000,54.000000,19469.000000,2.000000,0.000000,2.000000
12810.000000,19517.000000,47.000000,19516.000000,2.000000,0.000000,2.000000
12820.000000,19558.000000,42.000000,19558.000000,2.000000,0.000000,2.000000
12830.000000,19595.000000,37.000000,19595.000000,2.000000,0.000000,2.000000
12840.000000,19626.000000,31.000000,19626.000000,2.000000,0.000000,2.000000
12850.000000,19653.000000,27.000000,19653.000000,2.000000,0.000000,2.000000
12860.000000,19676.000000,23.000000,19676.000000,2.000000,0.000000,2.000000
12870.000000,19696.000000,20.000000,19696.000000,2.000000,0.000000,2.000000
12880.000000,19712.000000,16.000000,19712.000000,2.000000,0.000000,2.000000
12890.000000,19726.000000,14.000000,19726.000000,2.000000,0.000000,2.000000
12900.000000,19737.000000,11.000000,19737.000000,2.000000,0.000000,2.000000
12910.000000,19747.000000,10.000000,19747.000000,2.000000,0.000000,2.000000
12920.000000,19754.000000,7.000000,19754.000000,2.000000,0.000000,2.000000
12930.000000,19760.000000,6.000000,19760.000000,2.000000,0.000000,2.000000
12940.000000,19765.000000,5.000000,19765.000000,2.000000,0.000000,2.000000
12950.000000,19769.000000,4.000000,19769.000000,2.000000,0.000000,2.000000
12960.000000,19772.000000,3.000000,19772.000000,2.000000,0.000000,2.000000
12970.000000,19773.000000,1.000000,19773.000000,2.000000,0.000000,2.000000
12980.000000,19774.000000,1.000000,19774.000000,2.000000,0.000000,2.000000
12990.000000,19774.000000,0.000000,19774.000000,2.000000,0.000000,2.000000
13000.000000,19774.000000,0.000000,19774.000000,2.000000,0.000000,2.000000
13010.000000,19773.000000,-1.000000,19773.000000,2.000000,0.000000,2.000000
13020.000000,19773.000000,0.000000,19773.000000,2.000000,0.000000,2.000000
13030.000000,19773.000000,0.000000,19773.000000,2.000000,0.000000,2.000000
13040.000000,19773.000000,0.000000,19773.000000,2.000000,0.000000,2.000000
13050.000000,19773.000000,0.000000,19773.000000,2.000000,0.000000,2.000000
13060.000000,19773.000000,0.000000,19773.000000,2.000000,0.000000,2.000000
13070.000000,19773.000000,0.000000,19773.000000,2.000000,0.000000,2.000000
13080.000000,19773.000000,0.000000,19773.000000,2.000000,0.000000,2.000000
13090.000000,19774.000000,1.000000,19774.000000,2.000000,0.000000,2.000000
13100.000000,19788.000000,14.000000,19788.000000,2.000000,0.000000,2.000000
13110.000000,19814.000000,25.000000,19813.000000,2.000000,0.000000,2.000000
13120.000000,19848.000000,35.000000,19848.000000,2.000000,0.000000,2.000000
13130.000000,19888.000000,40.000000,19888.000000,2.000000,0.000000,2.000000
13140.000000,19932.000000,44.000000,19932.000000,2.000000,0.000000,2.000000
13150.000000,19979.000000,47.000000,19979.000000,2.000000,0.000000,2.000000
13160.000000,20028.000000,49.000000,20028.000000,2.000000,0.000000,2.000000
13170.000000,20080.000000,52.000000,20080.000000,2.000000,0.000000,2.000000
13180.000000,20132.000000,52.000000,20132.000000,2.000000,0.000000,2.000000
13190.000000,20184.000000,52.000000,20184.000000,2.000000,0.000000,2.000000
13200.000000,20238.000000,54.000000,20238.000000,2.000000,0.000000,2.000000
13210.000000,20292.000000,54.000000,20292.000000,2.000000,0.000000,2.000000
13220.000000,20348.000000,55.000000,20347.000000,2.000000,0.000000,2.000000
13230.000000,20403.000000,56.000000,20403.000000,2.000000,0.000000,2.000000
13240.000000,20460.000000,56.000000,20459.000000,2.000000,0.000000,2.000000
13250.000000,20516.000000,57.000000,20516.000000,2.000000,0.000000,2.000000
13260.000000,20572.000000,56.000000,20572.000000,2.000000,0.000000,2.000000
13270.000000,20630.000000,58.000000,20630.000000,2.000000,0.000000,2.000000
13280.000000,20687.000000,56.000000,20686.000000,2.000000,0.000000,2.000000
13290.000000,20739.000000,53.000000,20739.000000,2.000000,0.000000,2.000000
13300.000000,20786.000000,47.000000,20786.000000,2.000000,0.000000,2.000000
13310.000000,20826.000000,40.000000,20826.000000,2.000000,0.000000,2.000000
13320.000000,20862.000000,35.000000,20861.000000,2.000000,0.000000,2.000000
13330.000000,20892.000000,31.000000,20892.000000,2.000000,0.000000,2.000000
13340.000000,20918.000000,26.000000,20918.000000,2.000000,0.000000,2.000000
13350.000000,20941.000000,23.000000,20941.000000,2.000000,0.000000,2.000000
13360.000000,20960.000000,19.000000,20960.000000,2.000000,0.000000,2.000000
13370.000000,20976.000000,16.000000,20976.000000,2.000000,0.000000,2.000000
13380.000000,20990.000000,14.000000,20990.000000,2.000000,0.000000,2.000000
13390.000000,21002.000000,12.000000,21002.000000,2.000000,0.000000,2.000000
13400.000000,21011.000000,9.000000,21011.000000,2.000000,0.000000,2.000000
13410.000000,21019.000000,8.000000,21019.000000,2.000000,0.000000,2.000000
13420.000000,21024.000000,5.000000,21024.000000,2.000000,0.000000,2.000000
13430.000000,21030.000000,6.000000,21030.000000,2.000000,0.000000,2.000000
13440.000000,21034.000000,4.000000,21034.000000,2.000000,0.000000,2.000000
13450.000000,21037.000000,3.000000,21037.000000,2.000000,0.000000,2.000000
13460.000000,21040.000000,3.000000,21040.000000,2.000000,0.000000,2.000000
13470.000000,21041.000000,1.000000,21041.000000,2.000000,0.000000,2.000000
13480.000000,21041.000000,0.000000,21041.000000,2.000000,0.000000,2.000000
13490.000000,21040.000000,-1.000000,21040.000000,2.000000,0.000000,2.000000
13500.000000,21040.000000,0.000000,21040.000000,2.000000,0.000000,2.000000
13510.000000,21039.000000,-1.000000,21039.000000,2.000000,0.000000,2.000000
13520.000000,21039.000000,0.000000,21039.000000,2.000000,0.000000,2.000000
13530.000000,21039.000000,0.000000,21039.000000,2.000000,0.000000,2.000000
13540.000000,21039.000000,0.000000,21039.000000,2.000000,0.000000,2.000000
13550.000000,21039.000000,0.000000,21039.000000,2.000000,0.000000,2.000000
13560.000000,21039.000000,0.000000,21039.000000,2.000000,0.000000,2.000000
13570.000000,21039.000000,0.000000,21039.000000,2.000000,0.000000,2.000000
13580.000000,21040.000000,1.000000,21040.000000,2.000000,0.000000,2.000000
13590.000000,21052.000000,12.000000,21052.000000,2.000000,0.000000,2.000000
13600.000000,21078.000000,26.000000,21078.000000,2.000000,0.000000,2.000000
13610.000000,21112.000000,33.000000,21111.000000,2.000000,0.000000,2.000000
13620.000000,21152.000000,40.000000,21151.000000,2.000000,0.000000,2.000000
13630.000000,21196.000000,45.000000,21196.000000,2.000000,0.000000,2.000000
13640.000000,21242.000000,46.000000,21242.000000,2.000000,0.000000,2.000000
13650.000000,21292.000000,50.000000,21292.000000,2.000000,0.000000,2.000000
13660.000000,21343.000000,50.000000,21342.000000,2.000000,0.000000,2.000000
13670.000000,21395.000000,52.000000,21394.000000,2.000000,0.000000,2.000000
13680.000000,21448.000000,54.000000,21448.000000,2.000000,0.000000,2.000000
13690.000000,21502.000000,54.000000,21502.000000,2.000000,0.000000,2.000000
13700.000000,21556.000000,54.000000,21556.000000,2.000000,0.000000,2.000000
13710.000000,21612.000000,55.000000,21611.000000,2.000000,0.000000,2.000000
13720.000000,21667.000000,56.000000,21667.000000,2.000000,0.000000,2.000000
13730.000000,21724.000000,56.000000,21723.000000,2.000000,0.000000,2.000000
13740.000000,21780.000000,57.000000,21780.000000,2.000000,0.000000,2.000000
13750.000000,21836.000000,56.000000,21836.000000,2.000000,0.000000,2.000000
13760.000000,21894.000000,57.000000,21893.000000,2.000000,0.000000,2.000000
13770.000000,21950.000000,57.000000,21950.000000,2.000000,0.000000,2.000000
13780.000000,22001.000000,51.000000,22001.000000,2.000000,0.000000,2.000000
13790.000000,22046.000000,45.000000,22046.000000,2.000000,0.000000,2.000000
13800.000000,22086.000000,40.000000,22086.000000,2.000000,0.000000,2.000000
13810.000000,22120.000000,34.000000,22120.000000,2.000000,0.000000,2.000000
13820.000000,22150.000000,30.000000,22150.000000,2.000000,0.000000,2.000000
13830.000000,22176.000000,25.000000,22175.000000,2.000000,0.000000,2.000000
13840.000000,22198.000000,22.000000,22197.000000,2.000000,0.000000,2.000000
13850.000000,22216.000000,19.000000,22216.000000,2.000000,0.000000,2.000000
13860.000000,22232.000000,16.000000,22232.000000,2.000000,0.000000,2.000000
13870.000000,22244.000000,12.000000,22244.000000,2.000000,0.000000,2.000000
13880.000000,22255.000000,11.000000,22255.000000,2.000000,0.000000,2.000000
13890.000000,22264.000000,9.000000,22264.000000,2.000000,0.000000,2.000000
13900.000000,22272.000000,8.000000,22272.000000,2.000000,0.000000,2.000000
13910.000000,22278.000000,6.000000,22278.000000,2.000000,0.000000,2.000000
13920.000000,22282.000000,4.000000,22282.000000,2.000000,0.000000,2.000000
13930.000000,22287.000000,5.000000,22287.000000,2.000000,0.000000,2.000000
13940.000000,22290.000000,3.000000,22290.000000,2.000000,0.000000,2.000000
13950.000000,22292.000000,2.000000,22292.000000,2.000000,0.000000,2.000000
13960.000000,22293.000000,1.000000,22293.000000,2.000000,0.000000,2.000000
13970.000000,22293.000000,0.000000,22293.000000,2.000000,0.000000,2.000000
13980.000000,22293.000000,0.000000,22293.000000,2.000000,0.000000,2.000000
13990.000000,22292.000000,-1.000000,22292.000000,2.000000,0.000000,2.000000
14000.000000,22292.000000,0.000000,22292.000000,2.000000,0.000000,2.000000
14010.000000,22292.000000,0.000000,22292.000000,2.000000,0.000000,2.000000
14020.000000,22292.000000,0.000000,22292.000000,2.000000,0.000000,2.000000
14030.000000,22292.000000,0.000000,22292.000000,2.000000,0.000000,2.000000
14040.000000,22292.000000,0.000000,22292.000000,2.000000,0.000000,2.000000
14050.000000,22292.000000,0.000000,22292.000000,2.000000,0.000000,2.000000
14060.000000,22292.000000,0.000000,22292.000000,2.000000,0.000000,2.000000
14070.000000,22292.000000,0.000000,22292.000000,2.000000,0.000000,2.000000
14080.000000,22303.000000,11.000000,22303.000000,2.000000,0.000000,2.000000
14090.000000,22328.000000,25.000000,22328.000000,2.000000,0.000000,2.000000
14100.000000,22362.000000,34.000000,22362.000000,2.000000,0.000000,2.000000
14110.000000,22402.000000,40.000000,22402.000000,2.000000,0.000000,2.000000
14120.000000,22446.000000,44.000000,22446.000000,2.000000,0.000000,2.000000
14130.000000,22493.000000,47.000000,22493.000000,2.000000,0.000000,2.000000
14140.000000,22542.000000,49.000000,22542.000000,2.000000,0.000000,2.000000
14150.000000,22594.000000,52.000000,22594.000000,2.000000,0.000000,2.000000
14160.000000,22646.000000,52.000000,22646.000000,2.000000,0.000000,2.000000
14170.000000,22700.000000,54.000000,22700.000000,2.000000,0.000000,2.000000
14180.000000,22755.000000,54.000000,22754.000000,2.000000,0.000000,2.000000
14190.000000,22810.000000,56.000000,22810.000000,2.000000,0.000000,2.000000
14200.000000,22866.000000,55.000000,22865.000000,2.000000,0.000000,2.000000
14210.000000,22922.000000,56.000000,22921.000000,2.000000,0.000000,2.000000
14220.000000,22978.000000,57.000000,22978.000000,2.000000,0.000000,2.000000
14230.000000,23034.000000,56.000000,23034.000000,2.000000,0.000000,2.000000
14240.000000,23091.000000,56.000000,23090.000000,2.000000,0.000000,2.000000
14250.000000,23148.000000,58.000000,23148.000000,2.000000,0.000000,2.000000
14260.000000,23204.000000,56.000000,23204.000000,2.000000,0.000000,2.000000
14270.000000,23255.000000,51.000000,23255.000000,2.000000,0.000000,2.000000
14280.000000,23300.000000,45.000000,23300.000000,2.000000,0.000000,2.000000
14290.000000,23339.000000,39.000000,23339.000000,2.000000,0.000000,2.000000
14300.000000,23373.000000,33.000000,23372.000000,2.000000,0.000000,2.000000
14310.000000,23402.000000,30.000000,23402.000000,2.000000,0.000000,2.000000
14320.000000,23428.000000,25.000000,23427.000000,2.000000,0.000000,2.000000
14330.000000,23449.000000,22.000000,23449.000000,2.000000,0.000000,2.000000
14340.000000,23467.000000,18.000000,23467.000000,2.000000,0.000000,2.000000
14350.000000,23482.000000,15.000000,23482.000000,2.000000,0.000000,2.000000
14360.000000,23495.000000,13.000000,23495.000000,2.000000,0.000000,2.000000
14370.000000,23506.000000,11.000000,23506.000000,2.000000,0.000000,2.000000
14380.000000,23514.000000,8.000000,23514.000000,2.000000,0.000000,2.000000
14390.000000,23522.000000,8.000000,23522.000000,2.000000,0.000000,2.000000
14400.000000,23527.000000,5.000000,23527.000000,2.000000,0.000000,2.000000
14410.000000,23532.000000,5.000000,23532.000000,2.000000,0.000000,2.000000
14420.000000,23536.000000,4.000000,23536.000000,2.000000,0.000000,2.000000
14430.000000,23538.000000,2.000000,23538.000000,2.000000,0.000000,2.000000
14440.000000,23540.000000,2.000000,23540.000000,2.000000,0.000000,2.000000
14450.000000,23540.000000,0.000000,23540.000000,2.000000,0.000000,2.000000
14460.000000,23540.000000,0.000000,23540.000000,2.000000,0.000000,2.000000
14470.000000,23540.000000,0.000000,23540.000000,2.000000,0.000000,2.000000
14480.000000,23540.000000,0.000000,23540.000000,2.000000,0.000000,2.000000
14490.000000,23539.000000,-1.000000,23539.000000,2.000000,0.000000,2.000000
14500.000000,23539.000000,0.000000,23539.000000,2.000000,0.000000,2.000000
14510.000000,23539.000000,0.000000,23539.000000,2.000000,0.000000,2.000000
14520.000000,23539.000000,0.000000,23539.000000,2.000000,0.000000,2.000000
14530.000000,23539.000000,0.000000,23539.000000,2.000000,0.000000,2.000000
14540.000000,23539.000000,0.000000,23539.000000,2.000000,0.000000,2.000000
14550.000000,23539.000000,0.000000,23539.000000,2.000000,0.000000,2.000000
14560.000000,23539.000000,0.000000,23539.000000,2.000000,0.000000,2.000000
14570.000000,23548.000000,9.000000,23548.000000,2.000000,0.000000,2.000000
14580.000000,23570.000000,22.000000,23570.000000,2.000000,0.000000,2.000000
14590.000000,23603.000000,32.000000,23602.000000,2.000000,0.000000,2.000000
14600.000000,23641.000000,38.000000,23640.000000,2.000000,0.000000,2.000000
14610.000000,23684.000000,44.000000,23684.000000,2.000000,0.000000,2.000000
14620.000000,23730.000000,45.000000,23729.000000,2.000000,0.000000,2.000000
14630.000000,23778.000000,49.000000,23778.000000,2.000000,0.000000,2.000000
14640.000000,23828.000000,50.000000,23828.000000,2.000000,0.000000,2.000000
14650.000000,23880.000000,52.000000,23880.000000,2.000000,0.000000,2.000000
14660.000000,23932.000000,52.000000,23932.000000,2.000000,0.000000,2.000000
14670.000000,23986.000000,54.000000,23986.000000,2.000000,0.000000,2.000000
14680.000000,24041.000000,54.000000,24040.000000,2.000000,0.000000,2.000000
14690.000000,24096.000000,56.000000,24096.000000,2.000000,0.000000,2.000000
14700.000000,24152.000000,56.000000,24152.000000,2.000000,0.000000,2.000000
14710.000000,24208.000000,56.000000,24208.000000,2.000000,0.000000,2.000000
14720.000000,24265.000000,57.000000,24265.000000,2.000000,0.000000,2.000000
14730.000000,24322.000000,57.000000,24322.000000,2.000000,0.000000,2.000000
14740.000000,24379.000000,57.000000,24379.000000,2.000000,0.000000,2.000000
14750.000000,24436.000000,56.000000,24435.000000,2.000000,0.000000,2.000000
14760.000000,24487.000000,51.000000,24486.000000,2.000000,0.000000,2.000000
14770.000000,24532.000000,46.000000,24532.000000,2.000000,0.000000,2.000000
14780.000000,24571.000000,39.000000,24571.000000,2.000000,0.000000,2.000000
14790.000000,24605.000000,34.000000,24605.000000,2.000000,0.000000,2.000000
14800.000000,24635.000000,30.000000,24635.000000,2.000000,0.000000,2.000000
14810.000000,24660.000000,25.000000,24660.000000,2.000000,0.000000,2.000000
14820.000000,24682.000000,22.000000,24682.000000,2.000000,0.000000,2.000000
14830.000000,24700.000000,18.000000,24700.000000,2.000000,0.000000,2.000000
14840.000000,24715.000000,15.000000,24715.000000,2.000000,0.000000,2.000000
14850.000000,24728.000000,13.000000,24728.000000,2.000000,0.000000,2.000000
14860.000000,24738.000000,10.000000,24738.000000,2.000000,0.000000,2.000000
14870.000000,24747.000000,9.000000,24747.000000,2.000000,0.000000,2.000000
14880.000000,24754.000000,7.000000,24754.000000,2.000000,0.000000,2.000000
14890.000000,24759.000000,5.000000,24759.000000,2.000000,0.000000,2.000000
14900.000000,24763.000000,4.000000,24763.000000,2.000000,0.000000,2.000000
14910.000000,24766.000000,3.000000,24766.000000,2.000000,0.000000,2.000000
14920.000000,24768.000000,2.000000,24768.000000,2.000000,0.000000,2.000000
14930.000000,24768.000000,0.000000,24768.000000,2.000000,0.000000,2.000000
14940.000000,24768.000000,0.000000,24768.000000,2.000000,0.000000,2.000000
14950.000000,24768.000000,0.000000,24768.000000,2.000000,0.000000,2.000000
14960.000000,24768.000000,0.000000,24768.000000,2.000000,0.000000,2.000000
14970.000000,24767.000000,-1.000000,24767.000000,2.000000,0.000000,2.000000
14980.000000,24767.000000,0.000000,24767.000000,2.000000,0.000000,2.000000
14990.000000,24767.000000,0.000000,24767.000000,2.000000,0.000000,2.000000
15000.000000,24767.000000,0.000000,24767.000000,2.000000,0.000000,2.000000
15010.000000,24767.000000,0.000000,24767.000000,2.000000,0.000000,2.000000
15020.000000,24767.000000,0.000000,24767.000000,2.000000,0.000000,2.000000
15030.000000,24767.000000,0.000000,24767.000000,2.000000,0.000000,2.000000
15040.000000,24767.000000,0.000000,24767.000000,2.000000,0.000000,2.000000
15050.000000,24767.000000,0.000000,24767.000000,2.000000,0.000000,2.000000
15060.000000,24771.000000,4.000000,24771.000000,2.000000,0.000000,2.000000
15070.000000,24790.000000,19.000000,24790.000000,2.000000,0.000000,2.000000
15080.000000,24819.000000,29.000000,24819.000000,2.000000,0.000000,2.000000
15090.000000,24856.000000,37.000000,24856.000000,2.000000,0.000000,2.000000
15100.000000,24898.000000,42.000000,24898.000000,2.000000,0.000000,2.000000
15110.000000,24943.000000,45.000000,24943.000000,2.000000,0.000000,2.000000
15120.000000,24991.000000,47.000000,24990.000000,2.000000,0.000000,2.000000
15130.000000,25041.000000,50.000000,25040.000000,2.000000,0.000000,2.000000
15140.000000,25092.000000,52.000000,25092.000000,2.000000,0.000000,2.000000
15150.000000,25144.000000,52.000000,25144.000000,2.000000,0.000000,2.000000
15160.000000,25198.000000,54.000000,25198.000000,2.000000,0.000000,2.000000
15170.000000,25252.000000,54.000000,25252.000000,2.000000,0.000000,2.000000
15180.000000,25307.000000,55.000000,25307.000000,2.000000,0.000000,2.000000
15190.000000,25363.000000,55.000000,25362.000000,2.000000,0.000000,2.000000
15200.000000,25419.000000,56.000000,25418.000000,2.000000,0.000000,2.000000
15210.000000,25475.000000,57.000000,25475.000000,2.000000,0.000000,2.000000
15220.000000,25532.000000,56.000000,25531.000000,2.000000,0.000000,2.000000
15230.000000,25588.000000,57.000000,25588.000000,2.000000,0.000000,2.000000
15240.000000,25646.000000,57.000000,25645.000000,2.000000,0.000000,2.000000
15250.000000,25698.000000,53.000000,25698.000000,2.000000,0.000000,2.000000
15260.000000,25744.000000,46.000000,25744.000000,2.000000,0.000000,2.000000
15270.000000,25785.000000,41.000000,25785.000000,2.000000,0.000000,2.000000
15280.000000,25820.000000,35.000000,25820.000000,2.000000,0.000000,2.000000
15290.000000,25851.000000,30.000000,25850.000000,2.000000,0.000000,2.000000
15300.000000,25877.000000,27.000000,25877.000000,2.000000,0.000000,2.000000
15310.000000,25900.000000,23.000000,25900.000000,2.000000,0.000000,2.000000
15320.000000,25919.000000,18.000000,25918.000000,2.000000,0.000000,2.000000
15330.000000,25935.000000,17.000000,25935.000000,2.000000,0.000000,2.000000
15340.000000,25949.000000,14.000000,25949.000000,2.000000,0.000000,2.000000
15350.000000,25960.000000,11.000000,25960.000000,2.000000,0.000000,2.000000
15360.000000,25970.000000,10.000000,25970.000000,2.000000,0.000000,2.000000
15370.000000,25978.000000,8.000000,25978.000000,2.000000,0.000000,2.000000
15380.000000,25985.000000,7.000000,25985.000000,2.000000,0.000000,2.000000
15390.000000,25990.000000,5.000000,25990.000000,2.000000,0.000000,2.000000
15400.000000,25994.000000,4.000000,25994.000000,2.000000,0.000000,2.000000
15410.000000,25997.000000,3.000000,25997.000000,2.000000,0.000000,2.000000
15420.000000,26000.000000,3.000000,26000.000000,2.000000,0.000000,2.000000
15430.000000,26002.000000,2.000000,26002.000000,2.000000,0.000000,2.000000
15440.000000,26004.000000,2.000000,26004.000000,2.000000,0.000000,2.000000
15450.000000,26005.000000,1.000000,26005.000000,2.000000,0.000000,2.000000
15460.000000,26005.000000,0.000000,26005.000000,2.000000,0.000000,2.000000
15470.000000,26005.000000,0.000000,26005.000000,2.000000,0.000000,2.000000
15480.000000,26005.000000,0.000000,26005.000000,2.000000,0.000000,2.000000
15490.000000,26005.000000,0.000000,26005.000000,2.000000,0.000000,2.000000
15500.000000,26005.000000,0.000000,26005.000000,2.000000,0.000000,2.000000
15510.000000,26005.000000,0.000000,26005.000000,2.000000,0.000000,2.000000
15520.000000,26005.000000,0.000000,26005.000000,2.000000,0.000000,2.000000
15530.000000,26005.000000,0.000000,26005.000000,2.000000,0.000000,2.000000
15540.000000,26005.000000,0.000000,26005.000000,2.000000,0.000000,2.000000
15550.000000,26005.000000,0.000000,26005.000000,2.000000,0.000000,2.000000
15560.000000,26014.000000,9.000000,26014.000000,2.000000,0.000000,2.000000
15570.000000,26038.000000,24.000000,26038.000000,2.000000,0.000000,2.000000
15580.000000,26070.000000,32.000000,26070.000000,2.000000,0.000000,2.000000
15590.000000,26109.000000,39.000000,26109.000000,2.000000,0.000000,2.000000
15600.000000,26153.000000,44.000000,26153.000000,2.000000,0.000000,2.000000
15610.000000,26200.000000,47.000000,26200.000000,2.000000,0.000000,2.000000
15620.000000,26249.000000,49.000000,26249.000000,2.000000,0.000000,2.000000
15630.000000,26300.000000,51.000000,26300.000000,2.000000,0.000000,2.000000
15640.000000,26352.000000,52.000000,26352.000000,2.000000,0.000000,2.000000
15650.000000,26406.000000,54.000000,26406.000000,2.000000,0.000000,2.000000
15660.000000,26460.000000,54.000000,26460.000000,2.000000,0.000000,2.000000
15670.000000,26515.000000,55.000000,26515.000000,2.000000,0.000000,2.000000
15680.000000,26570.000000,55.000000,26570.000000,2.000000,0.000000,2.000000
15690.000000,26626.000000,56.000000,26626.000000,2.000000,0.000000,2.000000
15700.000000,26682.000000,56.000000,26682.000000,2.000000,0.000000,2.000000
15710.000000,26739.000000,57.000000,26739.000000,2.000000,0.000000,2.000000
15720.000000,26796.000000,57.000000,26796.000000,2.000000,0.000000,2.000000
15730.000000,26852.000000,56.000000,26852.000000,2.000000,0.000000,2.000000
15740.000000,26908.000000,56.000000,26908.000000,2.000000,0.000000,2.000000
15750.000000,26956.000000,48.000000,26956.000000,2.000000,0.000000,2.000000
15760.000000,27000.000000,43.000000,26999.000000,2.000000,0.000000,2.000000
15770.000000,27037.000000,38.000000,27037.000000,2.000000,0.000000,2.000000
15780.000000,27070.000000,32.000000,27069.000000,2.000000,0.000000,2.000000
15790.000000,27097.000000,28.000000,27097.000000,2.000000,0.000000,2.000000
15800.000000,27122.000000,24.000000,27121.000000,2.000000,0.000000,2.000000
15810.000000,27142.000000,21.000000,27142.000000,2.000000,0.000000,2.000000
15820.000000,27159.000000,17.000000,27159.000000,2.000000,0.000000,2.000000
15830.000000,27174.000000,15.000000,27174.000000,2.000000,0.000000,2.000000
15840.000000,27186.000000,12.000000,27186.000000,2.000000,0.000000,2.000000
15850.000000,27196.000000,10.000000,27196.000000,2.000000,0.000000,2.000000
15860.000000,27204.000000,8.000000,27204.000000,2.000000,0.000000,2.000000
15870.000000,27211.000000,7.000000,27211.000000,2.000000,0.000000,2.000000
15880.000000,27216.000000,5.000000,27216.000000,2.000000,0.000000,2.000000
15890.000000,27221.000000,5.000000,27221.000000,2.000000,0.000000,2.000000
15900.000000,27224.000000,3.000000,27224.000000,2.000000,0.000000,2.000000
15910.000000,27227.000000,3.000000,27227.000000,2.000000,0.000000,2.000000
15920.000000,27229.000000,2.000000,27229.000000,2.000000,0.000000,2.000000
15930.000000,27229.000000,0.000000,27229.000000,2.000000,0.000000,2.000000
15940.000000,27228.000000,-1.000000,27228.000000,2.000000,0.000000,2.000000
15950.000000,27228.000000,0.000000,27228.000000,2.000000,0.000000,2.000000
15960.000000,27227.000000,-1.000000,27227.000000,2.000000,0.000000,2.000000
15970.000000,27227.000000,0.000000,27227.000000,2.000000,0.000000,2.000000
15980.000000,27227.000000,0.000000,27227.000000,2.000000,0.000000,2.000000
15990.000000,27227.000000,0.000000,27227.000000,2.000000,0.000000,2.000000
16000.000000,27227.000000,0.000000,27227.000000,2.000000,0.000000,2.000000
16010.000000,27227.000000,0.000000,27227.000000,2.000000,0.000000,2.000000
16020.000000,27227.000000,0.000000,27227.000000,2.000000,0.000000,2.000000
16030.000000,27227.000000,0.000000,27227.000000,2.000000,0.000000,2.000000
16040.000000,27227.000000,0.000000,27227.000000,2.000000,0.000000,2.000000
16050.000000,27228.000000,1.000000,27228.000000,2.000000,0.000000,2.000000
16060.000000,27242.000000,14.000000,27242.000000,2.000000,0.000000,2.000000
16070.000000,27268.000000,26.000000,27268.000000,2.000000,0.000000,2.000000
16080.000000,27303.000000,35.000000,27303.000000,2.000000,0.000000,2.000000
16090.000000,27343.000000,40.000000,27343.000000,2.000000,0.000000,2.000000
16100.000000,27388.000000,45.000000,27388.000000,2.000000,0.000000,2.000000
16110.000000,27435.000000,47.000000,27435.000000,2.000000,0.000000,2.000000
16120.000000,27485.000000,49.000000,27484.000000,2.000000,0.000000,2.000000
16130.000000,27536.000000,52.000000,27536.000000,2.000000,0.000000,2.000000
16140.000000,27588.000000,52.000000,27588.000000,2.000000,0.000000,2.000000
16150.000000,27642.000000,53.000000,27641.000000,2.000000,0.000000,2.000000
16160.000000,27696.000000,54.000000,27695.000000,2.000000,0.000000,2.000000
16170.000000,27750.000000,55.000000,27750.000000,2.000000,0.000000,2.000000
16180.000000,27806.000000,55.000000,27805.000000,2.000000,0.000000,2.000000
16190.000000,27862.000000,56.000000,27861.000000,2.000000,0.000000,2.000000
16200.000000,27918.000000,57.000000,27918.000000,2.000000,0.000000,2.000000
16210.000000,27974.000000,56.000000,27974.000000,2.000000,0.000000,2.000000
16220.000000,28032.000000,57.000000,28031.000000,2.000000,0.000000,2.000000
16230.000000,28088.000000,57.000000,28088.000000,2.000000,0.000000,2.000000
16240.000000,28141.000000,53.000000,28141.000000,2.000000,0.000000,2.000000
16250.000000,28188.000000,47.000000,28188.000000,2.000000,0.000000,2.000000
16260.000000,28229.000000,41.000000,28229.000000,2.000000,0.000000,2.000000
16270.000000,28264.000000,35.000000,28264.000000,2.000000,0.000000,2.000000
16280.000000,28295.000000,31.000000,28295.000000,2.000000,0.000000,2.000000
16290.000000,28321.000000,26.000000,28321.000000,2.000000,0.000000,2.000000
16300.000000,28344.000000,23.000000,28344.000000,2.000000,0.000000,2.000000
16310.000000,28362.000000,18.000000,28362.000000,2.000000,0.000000,2.000000
16320.000000,28379.000000,17.000000,28379.000000,2.000000,0.000000,2.000000
16330.000000,28392.000000,13.000000,28392.000000,2.000000,0.000000,2.000000
16340.000000,28403.000000,11.000000,28403.000000,2.000000,0.000000,2.000000
16350.000000,28412.000000,9.000000,28412.000000,2.000000,0.000000,2.000000
16360.000000,28420.000000,8.000000,28420.000000,2.000000,0.000000,2.000000
16370.000000,28426.000000,6.000000,28426.000000,2.000000,0.000000,2.000000
16380.000000,28431.000000,5.000000,28431.000000,2.000000,0.000000,2.000000
16390.000000,28434.000000,3.000000,28434.000000,2.000000,0.000000,2.000000
16400.000000,28437.000000,3.000000,28437.000000,2.000000,0.000000,2.000000
16410.000000,28438.000000,1.000000,28438.000000,2.000000,0.000000,2.000000
16420.000000,28439.000000,1.000000,28439.000000,2.000000,0.000000,2.000000
16430.000000,28440.000000,1.000000,28440.000000,2.000000,0.000000,2.000000
16440.000000,28440.000000,0.000000,28440.000000,2.000000,0.000000,2.000000
16450.000000,28440.000000,0.000000,28440.000000,2.000000,0.000000,2.000000
16460.000000,28440.000000,0.000000,28440.000000,2.000000,0.000000,2.000000
16470.000000,28440.000000,0.000000,28440.000000,2.000000,0.000000,2.000000
16480.000000,28440.000000,0.000000,28440.000000,2.000000,0.000000,2.000000
16490.000000,28440.000000,0.000000,28440.000000,2.000000,0.000000,2.000000
16500.000000,28440.000000,0.000000,28440.000000,2.000000,0.000000,2.000000
16510.000000,28440.000000,0.000000,28440.000000,2.000000,0.000000,2.000000
16520.000000,28440.000000,0.000000,28440.000000,2.000000,0.000000,2.000000
16530.000000,28440.000000,0.000000,28440.000000,2.000000,0.000000,2.000000
16540.000000,28440.000000,0.000000,28440.000000,2.000000,0.000000,2.000000
16550.000000,28442.000000,2.000000,28442.000000,2.000000,0.000000,2.000000
16560.000000,28458.000000,16.000000,28458.000000,2.000000,0.000000,2.000000
16570.000000,28486.000000,28.000000,28486.000000,2.000000,0.000000,2.000000
16580.000000,28521.000000,35.000000,28521.000000,2.000000,0.000000,2.000000
16590.000000,28562.000000,41.000000,28562.000000,2.000000,0.000000,2.000000
16600.000000,28607.000000,45.000000,28607.000000,2.000000,0.000000,2.000000
16610.000000,28654.000000,47.000000,28654.000000,2.000000,0.000000,2.000000
16620.000000,28704.000000,50.000000,28704.000000,2.000000,0.000000,2.000000
16630.000000,28756.000000,51.000000,28755.000000,2.000000,0.000000,2.000000
16640.000000,28808.000000,53.000000,28808.000000,2.000000,0.000000,2.000000
16650.000000,28862.000000,54.000000,28862.000000,2.000000,0.000000,2.000000
16660.000000,28916.000000,54.000000,28916.000000,2.000000,0.000000,2.000000
16670.000000,28972.000000,55.000000,28971.000000,2.000000,0.000000,2.000000
16680.000000,29027.000000,56.000000,29027.000000,2.000000,0.000000,2.000000
16690.000000,29083.000000,56.000000,29083.000000,2.000000,0.000000,2.000000
16700.000000,29140.000000,56.000000,29139.000000,2.000000,0.000000,2.000000
16710.000000,29196.000000,57.000000,29196.000000,2.000000,0.000000,2.000000
16720.000000,29253.000000,56.000000,29252.000000,2.000000,0.000000,2.000000
16730.000000,29310.000000,58.000000,29310.000000,2.000000,0.000000,2.000000
16740.000000,29362.000000,52.000000,29362.000000,2.000000,0.000000,2.000000
16750.000000,29408.000000,46.000000,29408.000000,2.000000,0.000000,2.000000
16760.000000,29448.000000,40.000000,29448.000000,2.000000,0.000000,2.000000
16770.000000,29484.000000,36.000000,29484.000000,2.000000,0.000000,2.000000
16780.000000,29514.000000,30.000000,29514.000000,2.000000,0.000000,2.000000
16790.000000,29540.000000,26.000000,29540.000000,2.000000,0.000000,2.000000
16800.000000,29564.000000,23.000000,29563.000000,2.000000,0.000000,2.000000
16810.000000,29582.000000,19.000000,29582.000000,2.000000,0.000000,2.000000
16820.000000,29599.000000,17.000000,29599.000000,2.000000,0.000000,2.000000
16830.000000,29612.000000,13.000000,29612.000000,2.000000,0.000000,2.000000
16840.000000,29624.000000,12.000000,29624.000000,2.000000,0.000000,2.000000
16850.000000,29634.000000,10.000000,29634.000000,2.000000,0.000000,2.000000
16860.000000,29642.000000,8.000000,29642.000000,2.000000,0.000000,2.000000
16870.000000,29648.000000,6.000000,29648.000000,2.000000,0.000000,2.000000
16880.000000,29654.000000,6.000000,29654.000000,2.000000,0.000000,2.000000
16890.000000,29658.000000,4.000000,29658.000000,2.000000,0.000000,2.000000
16900.000000,29660.000000,2.000000,29660.000000,2.000000,0.000000,2.000000
16910.000000,29663.000000,3.000000,29663.000000,2.000000,0.000000,2.000000
16920.000000,29665.000000,2.000000,29665.000000,2.000000,0.000000,2.000000
16930.000000,29666.000000,1.000000,29666.000000,2.000000,0.000000,2.000000
16940.000000,29668.000000,2.000000,29668.000000,2.000000,0.000000,2.000000
16950.000000,29669.000000,1.000000,29669.000000,2.000000,0.000000,2.000000
16960.000000,29670.000000,1.000000,29670.000000,2.000000,0.000000,2.000000
16970.000000,29670.000000,0.000000,29670.000000,2.000000,0.000000,2.000000
16980.000000,29670.000000,0.000000,29670.000000,2.000000,0.000000,2.000000
16990.000000,29670.000000,0.000000,29670.000000,2.000000,0.000000,2.000000
17000.000000,29670.000000,0.000000,29670.000000,2.000000,0.000000,2.000000
17010.000000,29670.000000,0.000000,29670.000000,2.000000,0.000000,2.000000
17020.000000,29670.000000,0.000000,29670.000000,2.000000,0.000000,2.000000
17030.000000,29670.000000,0.000000,29670.000000,2.000000,0.000000,2.000000
17040.000000,29670.000000,0.000000,29670.000000,2.000000,0.000000,2.000000
17050.000000,29670.000000,0.000000,29670.000000,2.000000,0.000000,2.000000
17060.000000,29682.000000,12.000000,29682.000000,2.000000,0.000000,2.000000
17070.000000,29706.000000,24.000000,29706.000000,2.000000,0.000000,2.000000
17080.000000,29740.000000,34.000000,29740.000000,2.000000,0.000000,2.000000
17090.000000,29780.000000,40.000000,29780.000000,2.000000,0.000000,2.000000
17100.000000,29824.000000,44.000000,29824.000000,2.000000,0.000000,2.000000
17110.000000,29870.000000,46.000000,29870.000000,2.000000,0.000000,2.000000
17120.000000,29920.000000,49.000000,29919.000000,2.000000,0.000000,2.000000
17130.000000,29970.000000,51.000000,29970.000000,2.000000,0.000000,2.000000
17140.000000,30022.000000,52.000000,30022.000000,2.000000,0.000000,2.000000
17150.000000,30075.000000,53.000000,30075.000000,2.000000,0.000000,2.000000
17160.000000,30129.000000,53.000000,30128.000000,2.000000,0.000000,2.000000
17170.000000,30184.000000,55.000000,30183.000000,2.000000,0.000000,2.000000
17180.000000,30239.000000,55.000000,30238.000000,2.000000,0.000000,2.000000
17190.000000,30295.000000,56.000000,30294.000000,2.000000,0.000000,2.000000
17200.000000,30351.000000,57.000000,30351.000000,2.000000,0.000000,2.000000
17210.000000,30408.000000,57.000000,30408.000000,2.000000,0.000000,2.000000
17220.000000,30464.000000,56.000000,30464.000000,2.000000,0.000000,2.000000
17230.000000,30522.000000,57.000000,30521.000000,2.000000,0.000000,2.000000
17240.000000,30575.000000,53.000000,30574.000000,2.000000,0.000000,2.000000
17250.000000,30622.000000,48.000000,30622.000000,2.000000,0.000000,2.000000
17260.000000,30663.000000,41.000000,30663.000000,2.000000,0.000000,2.000000
17270.000000,30698.000000,35.000000,30698.000000,2.000000,0.000000,2.000000
17280.000000,30730.000000,32.000000,30730.000000,2.000000,0.000000,2.000000
17290.000000,30756.000000,26.000000,30756.000000,2.000000,0.000000,2.000000
17300.000000,30779.000000,23.000000,30779.000000,2.000000,0.000000,2.000000
17310.000000,30799.000000,20.000000,30799.000000,2.000000,0.000000,2.000000
17320.000000,30816.000000,17.000000,30816.000000,2.000000,0.000000,2.000000
17330.000000,30830.000000,14.000000,30830.000000,2.000000,0.000000,2.000000
17340.000000,30841.000000,11.000000,30841.000000,2.000000,0.000000,2.000000
17350.000000,30850.000000,9.000000,30850.000000,2.000000,0.000000,2.000000
17360.000000,30858.000000,8.000000,30858.000000,2.000000,0.000000,2.000000
17370.000000,30864.000000,6.000000,30864.000000,2.000000,0.000000,2.000000
17380.000000,30870.000000,6.000000,30870.000000,2.000000,0.000000,2.000000
17390.000000,30874.000000,4.000000,30874.000000,2.000000,0.000000,2.000000
17400.000000,30876.000000,2.000000,30876.000000,2.000000,0.000000,2.000000
17410.000000,30878.000000,2.000000,30878.000000,2.000000,0.000000,2.000000
17420.000000,30878.000000,0.000000,30878.000000,2.000000,0.000000,2.000000
17430.000000,30878.000000,0.000000,30878.000000,2.000000,0.000000,2.000000
17440.000000,30878.000000,0.000000,30878.000000,2.000000,0.000000,2.000000
17450.000000,30878.000000,0.000000,30878.000000,2.000000,0.000000,2.000000
17460.000000,30878.000000,0.000000,30878.000000,2.000000,0.000000,2.000000
17470.000000,30878.000000,0.000000,30878.000000,2.000000,0.000000,2.000000
17480.000000,30878.000000,0.000000,30878.000000,2.000000,0.000000,2.000000
17490.000000,30878.000000,0.000000,30878.000000,2.000000,0.000000,2.000000
17500.000000,30878.000000,0.000000,30878.000000,2.000000,0.000000,2.000000
17510.000000,30878.000000,0.000000,30878.000000,2.000000,0.000000,2.000000
17520.000000,30878.000000,0.000000,30878.000000,2.000000,0.000000,2.000000
17530.000000,30878.000000,0.000000,30878.000000,2.000000,0.000000,2.000000
17540.000000,30878.000000,0.000000,30878.000000,2.000000,0.000000,2.000000
17550.000000,30878.000000,0.000000,30878.000000,2.000000,0.000000,2.000000
17560.000000,30883.000000,5.000000,30883.000000,2.000000,0.000000,2.000000
17570.000000,30903.000000,20.000000,30903.000000,2.000000,0.000000,2.000000
17580.000000,30934.000000,30.000000,30933.000000,2.000000,0.000000,2.000000
17590.000000,30971.000000,37.000000,30970.000000,2.000000,0.000000,2.000000
17600.000000,31013.000000,42.000000,31012.000000,2.000000,0.000000,2.000000
17610.000000,31058.000000,46.000000,31058.000000,2.000000,0.000000,2.000000
17620.000000,31107.000000,49.000000,31107.000000,2.000000,0.000000,2.000000
17630.000000,31158.000000,50.000000,31157.000000,2.000000,0.000000,2.000000
17640.000000,31210.000000,52.000000,31209.000000,2.000000,0.000000,2.000000
17650.000000,31263.000000,54.000000,31263.000000,2.000000,0.000000,2.000000
17660.000000,31317.000000,54.000000,31317.000000,2.000000,0.000000,2.000000
17670.000000,31372.000000,55.000000,31372.000000,2.000000,0.000000,2.000000
17680.000000,31428.000000,56.000000,31428.000000,2.000000,0.000000,2.000000
17690.000000,31484.000000,56.000000,31484.000000,2.000000,0.000000,2.000000
17700.000000,31541.000000,56.000000,31540.000000,2.000000,0.000000,2.000000
17710.000000,31598.000000,58.000000,31598.000000,2.000000,0.000000,2.000000
17720.000000,31655.000000,57.000000,31655.000000,2.000000,0.000000,2.000000
17730.000000,31712.000000,57.000000,31712.000000,2.000000,0.000000,2.000000
17740.000000,31767.000000,55.000000,31767.000000,2.000000,0.000000,2.000000
17750.000000,31816.000000,49.000000,31816.000000,2.000000,0.000000,2.000000
17760.000000,31859.000000,42.000000,31858.000000,2.000000,0.000000,2.000000
17770.000000,31896.000000,38.000000,31896.000000,2.000000,0.000000,2.000000
17780.000000,31928.000000,32.000000,31928.000000,2.000000,0.000000,2.000000
17790.000000,31956.000000,28.000000,31956.000000,2.000000,0.000000,2.000000
17800.000000,31980.000000,24.000000,31980.000000,2.000000,0.000000,2.000000
17810.000000,32000.000000,20.000000,32000.000000,2.000000,0.000000,2.000000
17820.000000,32017.000000,17.000000,32017.000000,2.000000,0.000000,2.000000
17830.000000,32031.000000,14.000000,32031.000000,2.000000,0.000000,2.000000
17840.000000,32044.000000,12.000000,32043.000000,2.000000,0.000000,2.000000
17850.000000,32053.000000,10.000000,32053.000000,2.000000,0.000000,2.000000
17860.000000,32062.000000,9.000000,32062.000000,2.000000,0.000000,2.000000
17870.000000,32068.000000,6.000000,32068.000000,2.000000,0.000000,2.000000
17880.000000,32074.000000,6.000000,32074.000000,2.000000,0.000000,2.000000
17890.000000,32078.000000,4.000000,32078.000000,2.000000,0.000000,2.000000
17900.000000,32080.000000,2.000000,32080.000000,2.000000,0.000000,2.000000
17910.000000,32082.000000,2.000000,32082.000000,2.000000,0.000000,2.000000
17920.000000,32084.000000,2.000000,32084.000000,2.000000,0.000000,2.000000
17930.000000,32086.000000,2.000000,32086.000000,2.000000,0.000000,2.000000
17940.000000,32086.000000,0.000000,32086.000000,2.000000,0.000000,2.000000
17950.000000,32086.000000,0.000000,32086.000000,2.000000,0.000000,2.000000
17960.000000,32086.000000,0.000000,32086.000000,2.000000,0.000000,2.000000
17970.000000,32086.000000,0.000000,32086.000000,2.000000,0.000000,2.000000
17980.000000,32086.000000,0.000000,32086.000000,2.000000,0.000000,2.000000
17990.000000,32086.000000,0.000000,32086.000000,2.000000,0.000000,2.000000
18000.000000,32086.000000,0.000000,32086.000000,2.000000,0.000000,2.000000
18010.000000,32086.000000,0.000000,32086.000000,2.000000,0.000000,2.000000
18020.000000,32086.000000,0.000000,32086.000000,2.000000,0.000000,2.000000
18030.000000,32086.000000,0.000000,32086.000000,2.000000,0.000000,2.000000
18040.000000,32086.000000,0.000000,32086.000000,2.000000,0.000000,2.000000
