I0,I1,I2,I3,I4,I5,I6,I7,I8
35234.000,14.000,114921.000,16.000,5112.000,0.000,0.000,0.000,0.000
35244.000,15.000,114936.000,16.000,5112.000,0.000,0.000,0.000,0.000
35254.000,14.000,114950.000,16.000,5184.000,0.000,0.000,0.000,0.000
35264.000,15.000,114965.000,16.000,5112.000,0.000,0.000,0.000,0.000
35274.000,14.000,114979.000,16.000,5184.000,0.000,0.000,0.000,0.000
35284.000,14.000,114993.000,16.000,5112.000,0.000,0.000,0.000,0.000
35294.000,15.000,115008.000,16.000,5112.000,0.000,0.000,0.000,0.000
35304.000,14.000,115022.000,16.000,5184.000,0.000,0.000,0.000,0.000
35314.000,15.000,115037.000,16.000,5112.000,0.000,0.000,0.000,0.000
35324.000,14.000,115051.000,16.000,5184.000,0.000,0.000,0.000,0.000
35334.000,14.000,115065.000,16.000,5112.000,0.000,0.000,0.000,0.000
35344.000,15.000,115080.000,16.000,5112.000,0.000,0.000,0.000,0.000
35354.000,14.000,115094.000,16.000,5184.000,0.000,0.000,0.000,0.000
35364.000,15.000,115109.000,16.000,5112.000,0.000,0.000,0.000,0.000
35374.000,14.000,115123.000,16.000,5184.000,0.000,0.000,0.000,0.000
35384.000,15.000,115138.000,16.000,5112.000,0.000,0.000,0.000,0.000
35394.000,14.000,115152.000,16.000,5184.000,0.000,0.000,0.000,0.000
35404.000,14.000,115166.000,16.000,5112.000,0.000,0.000,0.000,0.000
35414.000,15.000,115181.000,16.000,5112.000,0.000,0.000,0.000,0.000
35424.000,15.000,115196.000,16.000,5184.000,0.000,0.000,0.000,0.000
35434.000,14.000,115210.000,16.000,5184.000,0.000,0.000,0.000,0.000
35444.000,15.000,115225.000,16.000,5112.000,0.000,0.000,0.000,0.000
35454.000,14.000,115239.000,16.000,5184.000,0.000,0.000,0.000,0.000
35464.000,14.000,115253.000,16.000,5112.000,0.000,0.000,0.000,0.000
35474.000,15.000,115268.000,16.000,5112.000,0.000,0.000,0.000,0.000
35484.000,14.000,115282.000,16.000,5184.000,0.000,0.000,0.000,0.000
35494.000,15.000,115297.000,16.000,5112.000,0.000,0.000,0.000,0.000
35504.000,15.000,115312.000,16.000,5184.000,0.000,0.000,0.000,0.000
35514.000,14.000,115326.000,16.000,5184.000,0.000,0.000,0.000,0.000
35524.000,15.000,115341.000,16.000,5184.000,0.000,0.000,0.000,0.000
35534.000,15.000,115356.000,16.000,5184.000,0.000,0.000,0.000,0.000
35544.000,14.000,115370.000,16.000,5184.000,0.000,0.000,0.000,0.000
35554.000,15.000,115385.000,16.000,5184.000,0.000,0.000,0.000,0.000
35564.000,15.000,115400.000,16.000,5184.000,0.000,0.000,0.000,0.000
35574.000,14.000,115414.000,16.000,5256.000,0.000,0.000,0.000,0.000
35584.000,14.000,115428.000,16.000,5184.000,0.000,0.000,0.000,0.000
35594.000,15.000,115443.000,16.000,5184.000,0.000,0.000,0.000,0.000
35604.000,14.000,115457.000,16.000,5184.000,0.000,0.000,0.000,0.000
35614.000,15.000,115472.000,16.000,5184.000,0.000,0.000,0.000,0.000
35624.000,14.000,115486.000,16.000,5256.000,0.000,0.000,0.000,0.000
35634.000,14.000,115500.000,16.000,5184.000,0.000,0.000,0.000,0.000
35644.000,15.000,115515.000,16.000,5184.000,0.000,0.000,0.000,0.000
35654.000,14.000,115529.000,16.000,5256.000,0.000,0.000,0.000,0.000
35664.000,15.000,115544.000,16.000,5184.000,0.000,0.000,0.000,0.000
35674.000,13.000,115557.000,16.000,5256.000,0.000,0.000,0.000,0.000
35684.000,15.000,115572.000,16.000,5112.000,0.000,0.000,0.000,0.000
35694.000,14.000,115586.000,16.000,5184.000,0.000,0.000,0.000,0.000
35704.000,14.000,115600.000,16.000,5184.000,0.000,0.000,0.000,0.000
35714.000,14.000,115614.000,16.000,5184.000,0.000,0.000,0.000,0.000
35724.000,15.000,115629.000,16.000,5184.000,0.000,0.000,0.000,0.000
35734.000,13.000,115642.000,16.000,5184.000,0.000,0.000,0.000,0.000
35744.000,15.000,115657.000,16.000,5112.000,0.000,0.000,0.000,0.000
35754.000,15.000,115672.000,16.000,5184.000,0.000,0.000,0.000,0.000
35764.000,14.000,115686.000,16.000,5184.000,0.000,0.000,0.000,0.000
35774.000,14.000,115700.000,16.000,5184.000,0.000,0.000,0.000,0.000
35784.000,14.000,115714.000,16.000,5112.000,0.000,0.000,0.000,0.000
35794.000,15.000,115729.000,16.000,5112.000,0.000,0.000,0.000,0.000
35804.000,15.000,115744.000,16.000,5184.000,0.000,0.000,0.000,0.000
35814.000,14.000,115758.000,16.000,5184.000,0.000,0.000,0.000,0.000
35824.000,14.000,115772.000,16.000,5184.000,0.000,0.000,0.000,0.000
35834.000,14.000,115786.000,16.000,5112.000,0.000,0.000,0.000,0.000
35844.000,15.000,115801.000,16.000,5112.000,0.000,0.000,0.000,0.000
35854.000,15.000,115816.000,16.000,5184.000,0.000,0.000,0.000,0.000
35864.000,14.000,115830.000,16.000,5184.000,0.000,0.000,0.000,0.000
35874.000,14.000,115844.000,16.000,5184.000,0.000,0.000,0.000,0.000
35884.000,14.000,115858.000,16.000,5112.000,0.000,0.000,0.000,0.000
35894.000,14.000,115872.000,16.000,5112.000,0.000,0.000,0.000,0.000
35904.000,14.000,115886.000,16.000,5112.000,0.000,0.000,0.000,0.000
35914.000,15.000,115901.000,16.000,5112.000,0.000,0.000,0.000,0.000
35924.000,15.000,115916.000,16.000,5184.000,0.000,0.000,0.000,0.000
35934.000,14.000,115930.000,16.000,5184.000,0.000,0.000,0.000,0.000
35944.000,15.000,115945.000,16.000,5112.000,0.000,0.000,0.000,0.000
35954.000,14.000,115959.000,16.000,5184.000,0.000,0.000,0.000,0.000
35964.000,15.000,115974.000,16.000,5112.000,0.000,0.000,0.000,0.000
35974.000,14.000,115988.000,16.000,5184.000,0.000,0.000,0.000,0.000
35984.000,14.000,116002.000,16.000,5112.000,0.000,0.000,0.000,0.000
35994.000,15.000,116017.000,16.000,5112.000,0.000,0.000,0.000,0.000
36004.000,15.000,116032.000,16.000,5184.000,0.000,0.000,0.000,0.000
36014.000,14.000,116046.000,16.000,5184.000,0.000,0.000,0.000,0.000
36024.000,15.000,116061.000,16.000,5184.000,0.000,0.000,0.000,0.000
36034.000,14.000,116075.000,16.000,5184.000,0.000,0.000,0.000,0.000
36044.000,14.000,116089.000,16.000,5184.000,0.000,0.000,0.000,0.000
36054.000,15.000,116104.000,16.000,5184.000,0.000,0.000,0.000,0.000
36064.000,14.000,116118.000,16.000,5184.000,0.000,0.000,0.000,0.000
36074.000,15.000,116133.000,16.000,5184.000,0.000,0.000,0.000,0.000
36084.000,15.000,116148.000,16.000,5184.000,0.000,0.000,0.000,0.000
36094.000,14.000,116162.000,16.000,5184.000,0.000,0.000,0.000,0.000
36104.000,15.000,116177.000,16.000,5184.000,0.000,0.000,0.000,0.000
36114.000,15.000,116192.000,16.000,5184.000,0.000,0.000,0.000,0.000
36124.000,14.000,116206.000,16.000,5256.000,0.000,0.000,0.000,0.000
36134.000,14.000,116220.000,16.000,5184.000,0.000,0.000,0.000,0.000
36144.000,15.000,116235.000,16.000,5184.000,0.000,0.000,0.000,0.000
36154.000,14.000,116249.000,16.000,5184.000,0.000,0.000,0.000,0.000
36164.000,15.000,116264.000,16.000,5184.000,0.000,0.000,0.000,0.000
36174.000,14.000,116278.000,16.000,5256.000,0.000,0.000,0.000,0.000
36184.000,15.000,116293.000,16.000,5184.000,0.000,0.000,0.000,0.000
36194.000,15.000,116308.000,16.000,5256.000,0.000,0.000,0.000,0.000
36204.000,13.000,116321.000,16.000,5256.000,0.000,0.000,0.000,0.000
36214.000,15.000,116336.000,16.000,5112.000,0.000,0.000,0.000,0.000
36224.000,14.000,116350.000,16.000,5256.000,0.000,0.000,0.000,0.000
36234.000,15.000,116365.000,16.000,5184.000,0.000,0.000,0.000,0.000
36244.000,14.000,116379.000,16.000,5256.000,0.000,0.000,0.000,0.000
36254.000,14.000,116393.000,16.000,5184.000,0.000,0.000,0.000,0.000
36264.000,15.000,116408.000,16.000,5184.000,0.000,0.000,0.000,0.000
36274.000,13.000,116421.000,16.000,5256.000,0.000,0.000,0.000,0.000
36284.000,15.000,116436.000,16.000,5112.000,0.000,0.000,0.000,0.000
36294.000,14.000,116450.000,16.000,5184.000,0.000,0.000,0.000,0.000
36304.000,14.000,116464.000,16.000,5184.000,0.000,0.000,0.000,0.000
36314.000,14.000,116478.000,16.000,5184.000,0.000,0.000,0.000,0.000
36324.000,15.000,116493.000,16.000,5184.000,0.000,0.000,0.000,0.000
36334.000,13.000,116506.000,16.000,5184.000,0.000,0.000,0.000,0.000
36344.000,15.000,116521.000,16.000,5112.000,0.000,0.000,0.000,0.000
36354.000,14.000,116535.000,16.000,5184.000,0.000,0.000,0.000,0.000
36364.000,14.000,116549.000,16.000,5112.000,0.000,0.000,0.000,0.000
36374.000,15.000,116564.000,16.000,5112.000,0.000,0.000,0.000,0.000
36384.000,14.000,116578.000,16.000,5184.000,0.000,0.000,0.000,0.000
36394.000,14.000,116592.000,16.000,5112.000,0.000,0.000,0.000,0.000
36404.000,14.000,116606.000,16.000,5112.000,0.000,0.000,0.000,0.000
36414.000,15.000,116621.000,16.000,5112.000,0.000,0.000,0.000,0.000
36424.000,14.000,116635.000,16.000,5184.000,0.000,0.000,0.000,0.000
36434.000,14.000,116649.000,16.000,5112.000,0.000,0.000,0.000,0.000
36444.000,15.000,116664.000,16.000,5112.000,0.000,0.000,0.000,0.000
36454.000,14.000,116678.000,16.000,5184.000,0.000,0.000,0.000,0.000
36464.000,14.000,116692.000,16.000,5112.000,0.000,0.000,0.000,0.000
36474.000,14.000,116706.000,16.000,5112.000,0.000,0.000,0.000,0.000
36484.000,15.000,116721.000,16.000,5112.000,0.000,0.000,0.000,0.000
36494.000,13.000,116734.000,16.000,5184.000,0.000,0.000,0.000,0.000
36504.000,15.000,116749.000,16.000,5040.000,0.000,0.000,0.000,0.000
36514.000,15.000,116764.000,16.000,5184.000,0.000,0.000,0.000,0.000
36524.000,13.000,116777.000,16.000,5184.000,0.000,0.000,0.000,0.000
36534.000,15.000,116792.000,16.000,5040.000,0.000,0.000,0.000,0.000
36544.000,14.000,116806.000,16.000,5184.000,0.000,0.000,0.000,0.000
36554.000,14.000,116820.000,16.000,5112.000,0.000,0.000,0.000,0.000
36564.000,14.000,116834.000,16.000,5112.000,0.000,0.000,0.000,0.000
36574.000,15.000,116849.000,16.000,5112.000,0.000,0.000,0.000,0.000
36584.000,14.000,116863.000,16.000,5112.000,0.000,0.000,0.000,0.000
36594.000,14.000,116877.000,16.000,5112.000,0.000,0.000,0.000,0.000
36604.000,15.000,116892.000,16.000,5112.000,0.000,0.000,0.000,0.000
36614.000,14.000,116906.000,16.000,5112.000,0.000,0.000,0.000,0.000
36624.000,15.000,116921.000,16.000,5112.000,0.000,0.000,0.000,0.000
36634.000,14.000,116935.000,16.000,5112.000,0.000,0.000,0.000,0.000
36644.000,15.000,116950.000,16.000,5112.000,0.000,0.000,0.000,0.000
36654.000,14.000,116964.000,16.000,5184.000,0.000,0.000,0.000,0.000
36664.000,15.000,116979.000,16.000,5112.000,0.000,0.000,0.000,0.000
36674.000,14.000,116993.000,16.000,5184.000,0.000,0.000,0.000,0.000
36684.000,15.000,117008.000,16.000,5112.000,0.000,0.000,0.000,0.000
36694.000,14.000,117022.000,16.000,5184.000,0.000,0.000,0.000,0.000
36704.000,15.000,117037.000,16.000,5112.000,0.000,0.000,0.000,0.000
36714.000,14.000,117051.000,16.000,5184.000,0.000,0.000,0.000,0.000
36724.000,15.000,117066.000,16.000,5112.000,0.000,0.000,0.000,0.000
36734.000,14.000,117080.000,16.000,5184.000,0.000,0.000,0.000,0.000
36744.000,15.000,117095.000,16.000,5112.000,0.000,0.000,0.000,0.000
36754.000,15.000,117110.000,16.000,5184.000,0.000,0.000,0.000,0.000
36764.000,14.000,117124.000,16.000,5184.000,0.000,0.000,0.000,0.000
36774.000,15.000,117139.000,16.000,5112.000,0.000,0.000,0.000,0.000
36784.000,15.000,117154.000,16.000,5184.000,0.000,0.000,0.000,0.000
36794.000,14.000,117168.000,16.000,5184.000,0.000,0.000,0.000,0.000
36804.000,14.000,117182.000,16.000,5112.000,0.000,0.000,0.000,0.000
36814.000,16.000,117198.000,16.000,5112.000,0.000,0.000,0.000,0.000
36824.000,14.000,117212.000,16.000,5256.000,0.000,0.000,0.000,0.000
36834.000,14.000,117226.000,16.000,5112.000,0.000,0.000,0.000,0.000
36844.000,15.000,117241.000,16.000,5112.000,0.000,0.000,0.000,0.000
36854.000,15.000,117256.000,16.000,5184.000,0.000,0.000,0.000,0.000
36864.000,14.000,117270.000,16.000,5184.000,0.000,0.000,0.000,0.000
36874.000,15.000,117285.000,16.000,5184.000,0.000,0.000,0.000,0.000
36884.000,15.000,117300.000,16.000,5184.000,0.000,0.000,0.000,0.000
36894.000,14.000,117314.000,16.000,5184.000,0.000,0.000,0.000,0.000
36904.000,15.000,117329.000,16.000,5184.000,0.000,0.000,0.000,0.000
36914.000,15.000,117344.000,16.000,5184.000,0.000,0.000,0.000,0.000
36924.000,14.000,117358.000,16.000,5256.000,0.000,0.000,0.000,0.000
36934.000,14.000,117372.000,16.000,5184.000,0.000,0.000,0.000,0.000
36944.000,14.000,117386.000,16.000,5184.000,0.000,0.000,0.000,0.000
36954.000,15.000,117401.000,16.000,5184.000,0.000,0.000,0.000,0.000
36964.000,13.000,117414.000,16.000,5184.000,0.000,0.000,0.000,0.000
36974.000,15.000,117429.000,16.000,5112.000,0.000,0.000,0.000,0.000
36984.000,15.000,117444.000,16.000,5184.000,0.000,0.000,0.000,0.000
36994.000,14.000,117458.000,16.000,5184.000,0.000,0.000,0.000,0.000
37004.000,14.000,117472.000,16.000,5184.000,0.000,0.000,0.000,0.000
37014.000,14.000,117486.000,16.000,5184.000,0.000,0.000,0.000,0.000
37024.000,14.000,117500.000,16.000,5184.000,0.000,0.000,0.000,0.000
37034.000,14.000,117514.000,16.000,5112.000,0.000,0.000,0.000,0.000
37044.000,15.000,117529.000,16.000,5112.000,0.000,0.000,0.000,0.000
37054.000,14.000,117543.000,16.000,5184.000,0.000,0.000,0.000,0.000
37064.000,14.000,117557.000,16.000,5112.000,0.000,0.000,0.000,0.000
37074.000,15.000,117572.000,16.000,5112.000,0.000,0.000,0.000,0.000
37084.000,14.000,117586.000,16.000,5184.000,0.000,0.000,0.000,0.000
37094.000,14.000,117600.000,16.000,5112.000,0.000,0.000,0.000,0.000
37104.000,14.000,117614.000,16.000,5112.000,0.000,0.000,0.000,0.000
37114.000,15.000,117629.000,16.000,5112.000,0.000,0.000,0.000,0.000
37124.000,15.000,117644.000,16.000,5184.000,0.000,0.000,0.000,0.000
37134.000,14.000,117658.000,16.000,5184.000,0.000,0.000,0.000,0.000
37144.000,14.000,117672.000,16.000,5112.000,0.000,0.000,0.000,0.000
37154.000,14.000,117686.000,16.000,5112.000,0.000,0.000,0.000,0.000
37164.000,15.000,117701.000,16.000,5112.000,0.000,0.000,0.000,0.000
37174.000,15.000,117716.000,16.000,5184.000,0.000,0.000,0.000,0.000
37184.000,14.000,117730.000,16.000,5184.000,0.000,0.000,0.000,0.000
37194.000,14.000,117744.000,16.000,5112.000,0.000,0.000,0.000,0.000
37204.000,15.000,117759.000,16.000,5112.000,0.000,0.000,0.000,0.000
37214.000,15.000,117774.000,16.000,5184.000,0.000,0.000,0.000,0.000
37224.000,14.000,117788.000,16.000,5184.000,0.000,0.000,0.000,0.000
37234.000,14.000,117802.000,16.000,5112.000,0.000,0.000,0.000,0.000
37244.000,15.000,117817.000,16.000,5112.000,0.000,0.000,0.000,0.000
37254.000,15.000,117832.000,16.000,5184.000,0.000,0.000,0.000,0.000
37264.000,14.000,117846.000,16.000,5184.000,0.000,0.000,0.000,0.000
37274.000,15.000,117861.000,16.000,5184.000,0.000,0.000,0.000,0.000
37284.000,15.000,117876.000,16.000,5184.000,0.000,0.000,0.000,0.000
37294.000,14.000,117890.000,16.000,5184.000,0.000,0.000,0.000,0.000
37304.000,15.000,117905.000,16.000,5184.000,0.000,0.000,0.000,0.000
37314.000,14.000,117919.000,16.000,5184.000,0.000,0.000,0.000,0.000
37324.000,15.000,117934.000,16.000,5184.000,0.000,0.000,0.000,0.000
37334.000,14.000,117948.000,16.000,5184.000,0.000,0.000,0.000,0.000
37344.000,15.000,117963.000,16.000,5184.000,0.000,0.000,0.000,0.000
37354.000,14.000,117977.000,16.000,5184.000,0.000,0.000,0.000,0.000
37364.000,15.000,117992.000,16.000,5184.000,0.000,0.000,0.000,0.000
37374.000,14.000,118006.000,16.000,5256.000,0.000,0.000,0.000,0.000
37384.000,15.000,118021.000,16.000,5184.000,0.000,0.000,0.000,0.000
37394.000,14.000,118035.000,16.000,5256.000,0.000,0.000,0.000,0.000
37404.000,14.000,118049.000,16.000,5184.000,0.000,0.000,0.000,0.000
37414.000,15.000,118064.000,16.000,5184.000,0.000,0.000,0.000,0.000
37424.000,14.000,118078.000,16.000,5256.000,0.000,0.000,0.000,0.000
37434.000,15.000,118093.000,16.000,5184.000,0.000,0.000,0.000,0.000
37444.000,14.000,118107.000,16.000,5256.000,0.000,0.000,0.000,0.000
37454.000,14.000,118121.000,16.000,5184.000,0.000,0.000,0.000,0.000
37464.000,15.000,118136.000,16.000,5184.000,0.000,0.000,0.000,0.000
37474.000,14.000,118150.000,16.000,5256.000,0.000,0.000,0.000,0.000
37484.000,14.000,118164.000,16.000,5184.000,0.000,0.000,0.000,0.000
37494.000,14.000,118178.000,16.000,5184.000,0.000,0.000,0.000,0.000
37504.000,15.000,118193.000,16.000,5184.000,0.000,0.000,0.000,0.000
37514.000,15.000,118208.000,16.000,5184.000,0.000,0.000,0.000,0.000
37524.000,14.000,118222.000,16.000,5256.000,0.000,0.000,0.000,0.000
37534.000,14.000,118236.000,16.000,5184.000,0.000,0.000,0.000,0.000
37544.000,14.000,118250.000,16.000,5184.000,0.000,0.000,0.000,0.000
37554.000,14.000,118264.000,16.000,5184.000,0.000,0.000,0.000,0.000
37564.000,14.000,118278.000,16.000,5184.000,0.000,0.000,0.000,0.000
37574.000,15.000,118293.000,16.000,5184.000,0.000,0.000,0.000,0.000
37584.000,15.000,118308.000,16.000,5184.000,0.000,0.000,0.000,0.000
37594.000,14.000,118322.000,16.000,5184.000,0.000,0.000,0.000,0.000
37604.000,14.000,118336.000,16.000,5184.000,0.000,0.000,0.000,0.000
37614.000,14.000,118350.000,16.000,5184.000,0.000,0.000,0.000,0.000
37624.000,15.000,118365.000,16.000,5184.000,0.000,0.000,0.000,0.000
37634.000,13.000,118378.000,16.000,5184.000,0.000,0.000,0.000,0.000
37644.000,15.000,118393.000,16.000,5112.000,0.000,0.000,0.000,0.000
37654.000,15.000,118408.000,16.000,5184.000,0.000,0.000,0.000,0.000
37664.000,14.000,118422.000,16.000,5184.000,0.000,0.000,0.000,0.000
37674.000,14.000,118436.000,16.000,5184.000,0.000,0.000,0.000,0.000
37684.000,14.000,118450.000,16.000,5112.000,0.000,0.000,0.000,0.000
37694.000,15.000,118465.000,16.000,5112.000,0.000,0.000,0.000,0.000
37704.000,14.000,118479.000,16.000,5184.000,0.000,0.000,0.000,0.000
37714.000,14.000,118493.000,16.000,5112.000,0.000,0.000,0.000,0.000
37724.000,15.000,118508.000,16.000,5112.000,0.000,0.000,0.000,0.000
37734.000,14.000,118522.000,16.000,5184.000,0.000,0.000,0.000,0.000
37744.000,15.000,118537.000,16.000,5112.000,0.000,0.000,0.000,0.000
37754.000,15.000,118552.000,16.000,5184.000,0.000,0.000,0.000,0.000
37764.000,14.000,118566.000,16.000,5184.000,0.000,0.000,0.000,0.000
37774.000,14.000,118580.000,16.000,5184.000,0.000,0.000,0.000,0.000
37784.000,14.000,118594.000,16.000,5112.000,0.000,0.000,0.000,0.000
37794.000,14.000,118608.000,16.000,5112.000,0.000,0.000,0.000,0.000
37804.000,14.000,118622.000,16.000,5112.000,0.000,0.000,0.000,0.000
37814.000,15.000,118637.000,16.000,5112.000,0.000,0.000,0.000,0.000
37824.000,15.000,118652.000,16.000,5184.000,0.000,0.000,0.000,0.000
37834.000,14.000,118666.000,16.000,5184.000,0.000,0.000,0.000,0.000
37844.000,15.000,118681.000,16.000,5112.000,0.000,0.000,0.000,0.000
37854.000,13.000,118694.000,16.000,5184.000,0.000,0.000,0.000,0.000
37864.000,15.000,118709.000,16.000,5112.000,0.000,0.000,0.000,0.000
37874.000,15.000,118724.000,16.000,5184.000,0.000,0.000,0.000,0.000
37884.000,14.000,118738.000,16.000,5184.000,0.000,0.000,0.000,0.000
37894.000,14.000,118752.000,16.000,5112.000,0.000,0.000,0.000,0.000
37904.000,14.000,118766.000,16.000,5112.000,0.000,0.000,0.000,0.000
37914.000,15.000,118781.000,16.000,5112.000,0.000,0.000,0.000,0.000
37924.000,15.000,118796.000,16.000,5184.000,0.000,0.000,0.000,0.000
37934.000,14.000,118810.000,16.000,5184.000,0.000,0.000,0.000,0.000
37944.000,15.000,118825.000,16.000,5112.000,0.000,0.000,0.000,0.000
37954.000,13.000,118838.000,16.000,5184.000,0.000,0.000,0.000,0.000
37964.000,15.000,118853.000,16.000,5112.000,0.000,0.000,0.000,0.000
37974.000,15.000,118868.000,16.000,5184.000,0.000,0.000,0.000,0.000
37984.000,14.000,118882.000,16.000,5184.000,0.000,0.000,0.000,0.000
37994.000,15.000,118897.000,16.000,5112.000,0.000,0.000,0.000,0.000
38004.000,15.000,118912.000,16.000,5184.000,0.000,0.000,0.000,0.000
38014.000,14.000,118926.000,16.000,5184.000,0.000,0.000,0.000,0.000
38024.000,15.000,118941.000,16.000,5184.000,0.000,0.000,0.000,0.000
38034.000,14.000,118955.000,16.000,5184.000,0.000,0.000,0.000,0.000
38044.000,15.000,118970.000,16.000,5184.000,0.000,0.000,0.000,0.000
38054.000,14.000,118984.000,16.000,5184.000,0.000,0.000,0.000,0.000
38064.000,14.000,118998.000,16.000,5184.000,0.000,0.000,0.000,0.000
38074.000,15.000,119013.000,16.000,5184.000,0.000,0.000,0.000,0.000
38084.000,15.000,119028.000,16.000,5184.000,0.000,0.000,0.000,0.000
38094.000,14.000,119042.000,16.000,5184.000,0.000,0.000,0.000,0.000
38104.000,15.000,119057.000,16.000,5184.000,0.000,0.000,0.000,0.000
38114.000,14.000,119071.000,16.000,5184.000,0.000,0.000,0.000,0.000
38124.000,14.000,119085.000,16.000,5184.000,0.000,0.000,0.000,0.000
38134.000,15.000,119100.000,16.000,5184.000,0.000,0.000,0.000,0.000
38144.000,14.000,119114.000,16.000,5184.000,0.000,0.000,0.000,0.000
38154.000,14.000,119128.000,16.000,5184.000,0.000,0.000,0.000,0.000
38164.000,14.000,119142.000,16.000,5184.000,0.000,0.000,0.000,0.000
38174.000,15.000,119157.000,16.000,5184.000,0.000,0.000,0.000,0.000
38184.000,15.000,119172.000,16.000,5184.000,0.000,0.000,0.000,0.000
38194.000,14.000,119186.000,16.000,5184.000,0.000,0.000,0.000,0.000
38204.000,14.000,119200.000,16.000,5184.000,0.000,0.000,0.000,0.000
38214.000,14.000,119214.000,16.000,5184.000,0.000,0.000,0.000,0.000
38224.000,14.000,119228.000,16.000,5184.000,0.000,0.000,0.000,0.000
38234.000,14.000,119242.000,16.000,5112.000,0.000,0.000,0.000,0.000
38244.000,15.000,119257.000,16.000,5112.000,0.000,0.000,0.000,0.000
38254.000,15.000,119272.000,16.000,5184.000,0.000,0.000,0.000,0.000
38264.000,14.000,119286.000,16.000,5184.000,0.000,0.000,0.000,0.000
38274.000,14.000,119300.000,16.000,5184.000,0.000,0.000,0.000,0.000
38284.000,14.000,119314.000,16.000,5112.000,0.000,0.000,0.000,0.000
38294.000,14.000,119328.000,16.000,5112.000,0.000,0.000,0.000,0.000
38304.000,14.000,119342.000,16.000,5112.000,0.000,0.000,0.000,0.000
38314.000,15.000,119357.000,16.000,5112.000,0.000,0.000,0.000,0.000
38324.000,15.000,119372.000,16.000,5184.000,0.000,0.000,0.000,0.000
38334.000,14.000,119386.000,16.000,5184.000,0.000,0.000,0.000,0.000
38344.000,14.000,119400.000,16.000,5112.000,0.000,0.000,0.000,0.000
38354.000,14.000,119414.000,16.000,5112.000,0.000,0.000,0.000,0.000
38364.000,14.000,119428.000,16.000,5112.000,0.000,0.000,0.000,0.000
38374.000,14.000,119442.000,16.000,5112.000,0.000,0.000,0.000,0.000
38384.000,15.000,119457.000,16.000,5112.000,0.000,0.000,0.000,0.000
38394.000,15.000,119472.000,16.000,5184.000,0.000,0.000,0.000,0.000
38404.000,14.000,119486.000,16.000,5184.000,0.000,0.000,0.000,0.000
38414.000,14.000,119500.000,16.000,5112.000,0.000,0.000,0.000,0.000
38424.000,14.000,119514.000,16.000,5112.000,0.000,0.000,0.000,0.000
38434.000,15.000,119529.000,16.000,5112.000,0.000,0.000,0.000,0.000
38444.000,14.000,119543.000,16.000,5184.000,0.000,0.000,0.000,0.000
38454.000,14.000,119557.000,16.000,5112.000,0.000,0.000,0.000,0.000
38464.000,15.000,119572.000,16.000,5112.000,0.000,0.000,0.000,0.000
38474.000,14.000,119586.000,16.000,5184.000,0.000,0.000,0.000,0.000
38484.000,14.000,119600.000,16.000,5112.000,0.000,0.000,0.000,0.000
38494.000,14.000,119614.000,16.000,5112.000,0.000,0.000,0.000,0.000
38504.000,15.000,119629.000,16.000,5112.000,0.000,0.000,0.000,0.000
38514.000,15.000,119644.000,16.000,5184.000,0.000,0.000,0.000,0.000
38524.000,14.000,119658.000,16.000,5184.000,0.000,0.000,0.000,0.000
38534.000,14.000,119672.000,16.000,5112.000,0.000,0.000,0.000,0.000
38544.000,15.000,119687.000,16.000,5112.000,0.000,0.000,0.000,0.000
38554.000,15.000,119702.000,16.000,5184.000,0.000,0.000,0.000,0.000
38564.000,14.000,119716.000,16.000,5184.000,0.000,0.000,0.000,0.000
38574.000,14.000,119730.000,16.000,5112.000,0.000,0.000,0.000,0.000
38584.000,15.000,119745.000,16.000,5112.000,0.000,0.000,0.000,0.000
38594.000,14.000,119759.000,16.000,5184.000,0.000,0.000,0.000,0.000
38604.000,15.000,119774.000,16.000,5112.000,0.000,0.000,0.000,0.000
38614.000,15.000,119789.000,16.000,5184.000,0.000,0.000,0.000,0.000
38624.000,14.000,119803.000,16.000,5184.000,0.000,0.000,0.000,0.000
38634.000,15.000,119818.000,16.000,5112.000,0.000,0.000,0.000,0.000
38644.000,15.000,119833.000,16.000,5184.000,0.000,0.000,0.000,0.000
38654.000,14.000,119847.000,16.000,5184.000,0.000,0.000,0.000,0.000
38664.000,15.000,119862.000,16.000,5112.000,0.000,0.000,0.000,0.000
38674.000,14.000,119876.000,16.000,5184.000,0.000,0.000,0.000,0.000
38684.000,14.000,119890.000,16.000,5112.000,0.000,0.000,0.000,0.000
38694.000,15.000,119905.000,16.000,5112.000,0.000,0.000,0.000,0.000
38704.000,15.000,119920.000,16.000,5184.000,0.000,0.000,0.000,0.000
38714.000,14.000,119934.000,16.000,5184.000,0.000,0.000,0.000,0.000
38724.000,15.000,119949.000,16.000,5184.000,0.000,0.000,0.000,0.000
38734.000,15.000,119964.000,16.000,5184.000,0.000,0.000,0.000,0.000
38744.000,14.000,119978.000,16.000,5184.000,0.000,0.000,0.000,0.000
38754.000,14.000,119992.000,16.000,5184.000,0.000,0.000,0.000,0.000
38764.000,14.000,120006.000,16.000,5184.000,0.000,0.000,0.000,0.000
38774.000,15.000,120021.000,16.000,5184.000,0.000,0.000,0.000,0.000
38784.000,15.000,120036.000,16.000,5184.000,0.000,0.000,0.000,0.000
38794.000,14.000,120050.000,16.000,5184.000,0.000,0.000,0.000,0.000
38804.000,15.000,120065.000,16.000,5184.000,0.000,0.000,0.000,0.000
38814.000,14.000,120079.000,16.000,5184.000,0.000,0.000,0.000,0.000
38824.000,14.000,120093.000,16.000,5184.000,0.000,0.000,0.000,0.000
38834.000,15.000,120108.000,16.000,5184.000,0.000,0.000,0.000,0.000
38844.000,13.000,120121.000,16.000,5184.000,0.000,0.000,0.000,0.000
38854.000,15.000,120136.000,16.000,5112.000,0.000,0.000,0.000,0.000
38864.000,14.000,120150.000,16.000,5184.000,0.000,0.000,0.000,0.000
38874.000,15.000,120165.000,16.000,5184.000,0.000,0.000,0.000,0.000
38884.000,14.000,120179.000,16.000,5184.000,0.000,0.000,0.000,0.000
38894.000,14.000,120193.000,16.000,5184.000,0.000,0.000,0.000,0.000
38904.000,15.000,120208.000,16.000,5184.000,0.000,0.000,0.000,0.000
38914.000,14.000,120222.000,16.000,5184.000,0.000,0.000,0.000,0.000
38924.000,14.000,120236.000,16.000,5184.000,0.000,0.000,0.000,0.000
38934.000,14.000,120250.000,16.000,5112.000,0.000,0.000,0.000,0.000
38944.000,15.000,120265.000,16.000,5112.000,0.000,0.000,0.000,0.000
38954.000,15.000,120280.000,16.000,5184.000,0.000,0.000,0.000,0.000
38964.000,14.000,120294.000,16.000,5184.000,0.000,0.000,0.000,0.000
38974.000,14.000,120308.000,16.000,5184.000,0.000,0.000,0.000,0.000
38984.000,14.000,120322.000,16.000,5112.000,0.000,0.000,0.000,0.000
38994.000,14.000,120336.000,16.000,5112.000,0.000,0.000,0.000,0.000
39004.000,14.000,120350.000,16.000,5112.000,0.000,0.000,0.000,0.000
39014.000,15.000,120365.000,16.000,5112.000,0.000,0.000,0.000,0.000
39024.000,15.000,120380.000,16.000,5184.000,0.000,0.000,0.000,0.000
39034.000,14.000,120394.000,16.000,5184.000,0.000,0.000,0.000,0.000
39044.000,15.000,120409.000,16.000,5112.000,0.000,0.000,0.000,0.000
39054.000,13.000,120422.000,16.000,5184.000,0.000,0.000,0.000,0.000
39064.000,15.000,120437.000,16.000,5112.000,0.000,0.000,0.000,0.000
39074.000,15.000,120452.000,16.000,5184.000,0.000,0.000,0.000,0.000
39084.000,14.000,120466.000,16.000,5184.000,0.000,0.000,0.000,0.000
39094.000,14.000,120480.000,16.000,5112.000,0.000,0.000,0.000,0.000
39104.000,14.000,120494.000,16.000,5112.000,0.000,0.000,0.000,0.000
39114.000,15.000,120509.000,16.000,5112.000,0.000,0.000,0.000,0.000
39124.000,15.000,120524.000,16.000,5184.000,0.000,0.000,0.000,0.000
39134.000,14.000,120538.000,16.000,5184.000,0.000,0.000,0.000,0.000
39144.000,15.000,120553.000,16.000,5112.000,0.000,0.000,0.000,0.000
39154.000,14.000,120567.000,16.000,5184.000,0.000,0.000,0.000,0.000
39164.000,14.000,120581.000,16.000,5112.000,0.000,0.000,0.000,0.000
39174.000,15.000,120596.000,16.000,5112.000,0.000,0.000,0.000,0.000
39184.000,14.000,120610.000,16.000,5184.000,0.000,0.000,0.000,0.000
39194.000,15.000,120625.000,16.000,5112.000,0.000,0.000,0.000,0.000
39204.000,15.000,120640.000,16.000,5184.000,0.000,0.000,0.000,0.000
39214.000,14.000,120654.000,16.000,5184.000,0.000,0.000,0.000,0.000
39224.000,15.000,120669.000,16.000,5184.000,0.000,0.000,0.000,0.000
39234.000,14.000,120683.000,16.000,5184.000,0.000,0.000,0.000,0.000
39244.000,15.000,120698.000,16.000,5184.000,0.000,0.000,0.000,0.000
39254.000,14.000,120712.000,16.000,5184.000,0.000,0.000,0.000,0.000
39264.000,14.000,120726.000,16.000,5184.000,0.000,0.000,0.000,0.000
39274.000,15.000,120741.000,16.000,5184.000,0.000,0.000,0.000,0.000
39284.000,15.000,120756.000,16.000,5184.000,0.000,0.000,0.000,0.000
39294.000,15.000,120771.000,16.000,5184.000,0.000,0.000,0.000,0.000
39304.000,14.000,120785.000,16.000,5184.000,0.000,0.000,0.000,0.000
39314.000,15.000,120800.000,16.000,5184.000,0.000,0.000,0.000,0.000
39324.000,14.000,120814.000,16.000,5256.000,0.000,0.000,0.000,0.000
39334.000,15.000,120829.000,16.000,5184.000,0.000,0.000,0.000,0.000
39344.000,15.000,120844.000,16.000,5256.000,0.000,0.000,0.000,0.000
39354.000,14.000,120858.000,16.000,5256.000,0.000,0.000,0.000,0.000
39364.000,15.000,120873.000,16.000,5184.000,0.000,0.000,0.000,0.000
39374.000,14.000,120887.000,16.000,5256.000,0.000,0.000,0.000,0.000
39384.000,15.000,120902.000,16.000,5184.000,0.000,0.000,0.000,0.000
39394.000,14.000,120916.000,16.000,5256.000,0.000,0.000,0.000,0.000
39404.000,14.000,120930.000,16.000,5184.000,0.000,0.000,0.000,0.000
39414.000,15.000,120945.000,16.000,5184.000,0.000,0.000,0.000,0.000
39424.000,14.000,120959.000,16.000,5256.000,0.000,0.000,0.000,0.000
39434.000,14.000,120973.000,16.000,5184.000,0.000,0.000,0.000,0.000
39444.000,15.000,120988.000,16.000,5184.000,0.000,0.000,0.000,0.000
39454.000,14.000,121002.000,16.000,5256.000,0.000,0.000,0.000,0.000
39464.000,14.000,121016.000,16.000,5184.000,0.000,0.000,0.000,0.000
39474.000,14.000,121030.000,16.000,5184.000,0.000,0.000,0.000,0.000
39484.000,14.000,121044.000,16.000,5184.000,0.000,0.000,0.000,0.000
39494.000,14.000,121058.000,16.000,5184.000,0.000,0.000,0.000,0.000
39504.000,15.000,121073.000,16.000,5184.000,0.000,0.000,0.000,0.000
39514.000,14.000,121087.000,16.000,5184.000,0.000,0.000,0.000,0.000
39524.000,14.000,121101.000,16.000,5184.000,0.000,0.000,0.000,0.000
39534.000,14.000,121115.000,16.000,5184.000,0.000,0.000,0.000,0.000
39544.000,14.000,121129.000,16.000,5184.000,0.000,0.000,0.000,0.000
39554.000,15.000,121144.000,16.000,5184.000,0.000,0.000,0.000,0.000
39564.000,14.000,121158.000,16.000,5184.000,0.000,0.000,0.000,0.000
39574.000,14.000,121172.000,16.000,5184.000,0.000,0.000,0.000,0.000
39584.000,14.000,121186.000,16.000,5112.000,0.000,0.000,0.000,0.000
39594.000,14.000,121200.000,16.000,5112.000,0.000,0.000,0.000,0.000
39604.000,14.000,121214.000,16.000,5112.000,0.000,0.000,0.000,0.000
39614.000,14.000,121228.000,16.000,5112.000,0.000,0.000,0.000,0.000
39624.000,14.000,121242.000,16.000,5112.000,0.000,0.000,0.000,0.000
39634.000,14.000,121256.000,16.000,5112.000,0.000,0.000,0.000,0.000
39644.000,15.000,121271.000,16.000,5112.000,0.000,0.000,0.000,0.000
39654.000,14.000,121285.000,16.000,5184.000,0.000,0.000,0.000,0.000
39664.000,14.000,121299.000,16.000,5112.000,0.000,0.000,0.000,0.000
39674.000,14.000,121313.000,16.000,5112.000,0.000,0.000,0.000,0.000
39684.000,15.000,121328.000,16.000,5112.000,0.000,0.000,0.000,0.000
39694.000,14.000,121342.000,16.000,5184.000,0.000,0.000,0.000,0.000
39704.000,14.000,121356.000,16.000,5112.000,0.000,0.000,0.000,0.000
39714.000,14.000,121370.000,16.000,5112.000,0.000,0.000,0.000,0.000
39724.000,14.000,121384.000,16.000,5112.000,0.000,0.000,0.000,0.000
39734.000,14.000,121398.000,16.000,5112.000,0.000,0.000,0.000,0.000
39744.000,15.000,121413.000,16.000,5112.000,0.000,0.000,0.000,0.000
39754.000,15.000,121428.000,16.000,5112.000,0.000,0.000,0.000,0.000
39764.000,13.000,121441.000,16.000,5112.000,0.000,0.000,0.000,0.000
39774.000,15.000,121456.000,16.000,5040.000,0.000,0.000,0.000,0.000
39784.000,14.000,121470.000,16.000,5112.000,0.000,0.000,0.000,0.000
39794.000,15.000,121485.000,16.000,5112.000,0.000,0.000,0.000,0.000
39804.000,13.000,121498.000,16.000,5112.000,0.000,0.000,0.000,0.000
39814.000,15.000,121513.000,16.000,5040.000,0.000,0.000,0.000,0.000
39824.000,15.000,121528.000,16.000,5112.000,0.000,0.000,0.000,0.000
39834.000,14.000,121542.000,16.000,5112.000,0.000,0.000,0.000,0.000
39844.000,15.000,121557.000,16.000,5112.000,0.000,0.000,0.000,0.000
39854.000,15.000,121572.000,16.000,5112.000,0.000,0.000,0.000,0.000
39864.000,14.000,121586.000,16.000,5112.000,0.000,0.000,0.000,0.000
39874.000,15.000,121601.000,16.000,5112.000,0.000,0.000,0.000,0.000
39884.000,15.000,121616.000,16.000,5112.000,0.000,0.000,0.000,0.000
39894.000,14.000,121630.000,16.000,5184.000,0.000,0.000,0.000,0.000
39904.000,15.000,121645.000,16.000,5112.000,0.000,0.000,0.000,0.000
39914.000,15.000,121660.000,16.000,5184.000,0.000,0.000,0.000,0.000
39924.000,14.000,121674.000,16.000,5184.000,0.000,0.000,0.000,0.000
39934.000,15.000,121689.000,16.000,5112.000,0.000,0.000,0.000,0.000
39944.000,15.000,121704.000,16.000,5184.000,0.000,0.000,0.000,0.000
39954.000,14.000,121718.000,16.000,5184.000,0.000,0.000,0.000,0.000
39964.000,15.000,121733.000,16.000,5112.000,0.000,0.000,0.000,0.000
39974.000,15.000,121748.000,16.000,5184.000,0.000,0.000,0.000,0.000
39984.000,14.000,121762.000,16.000,5184.000,0.000,0.000,0.000,0.000
39994.000,15.000,121777.000,16.000,5112.000,0.000,0.000,0.000,0.000
40004.000,15.000,121792.000,16.000,5184.000,0.000,0.000,0.000,0.000
40014.000,14.000,121806.000,16.000,5184.000,0.000,0.000,0.000,0.000
40024.000,15.000,121821.000,16.000,5184.000,0.000,0.000,0.000,0.000
40034.000,15.000,121836.000,16.000,5184.000,0.000,0.000,0.000,0.000
40044.000,14.000,121850.000,16.000,5184.000,0.000,0.000,0.000,0.000
40054.000,15.000,121865.000,16.000,5184.000,0.000,0.000,0.000,0.000
40064.000,14.000,121879.000,16.000,5184.000,0.000,0.000,0.000,0.000
40074.000,14.000,121893.000,16.000,5184.000,0.000,0.000,0.000,0.000
40084.000,15.000,121908.000,16.000,5184.000,0.000,0.000,0.000,0.000
40094.000,14.000,121922.000,16.000,5184.000,0.000,0.000,0.000,0.000
40104.000,15.000,121937.000,16.000,5184.000,0.000,0.000,0.000,0.000
40114.000,14.000,121951.000,16.000,5184.000,0.000,0.000,0.000,0.000
40124.000,14.000,121965.000,16.000,5184.000,0.000,0.000,0.000,0.000
40134.000,15.000,121980.000,16.000,5184.000,0.000,0.000,0.000,0.000
40144.000,14.000,121994.000,16.000,5184.000,0.000,0.000,0.000,0.000
40154.000,14.000,122008.000,16.000,5184.000,0.000,0.000,0.000,0.000
40164.000,14.000,122022.000,16.000,5184.000,0.000,0.000,0.000,0.000
40174.000,15.000,122037.000,16.000,5184.000,0.000,0.000,0.000,0.000
40184.000,13.000,122050.000,16.000,5184.000,0.000,0.000,0.000,0.000
40194.000,15.000,122065.000,16.000,5112.000,0.000,0.000,0.000,0.000
40204.000,14.000,122079.000,16.000,5184.000,0.000,0.000,0.000,0.000
40214.000,14.000,122093.000,16.000,5112.000,0.000,0.000,0.000,0.000
40224.000,15.000,122108.000,16.000,5112.000,0.000,0.000,0.000,0.000
40234.000,14.000,122122.000,16.000,5184.000,0.000,0.000,0.000,0.000
40244.000,14.000,122136.000,16.000,5112.000,0.000,0.000,0.000,0.000
40254.000,14.000,122150.000,16.000,5112.000,0.000,0.000,0.000,0.000
40264.000,15.000,122165.000,16.000,5112.000,0.000,0.000,0.000,0.000
40274.000,14.000,122179.000,16.000,5184.000,0.000,0.000,0.000,0.000
40284.000,14.000,122193.000,16.000,5112.000,0.000,0.000,0.000,0.000
40294.000,15.000,122208.000,16.000,5112.000,0.000,0.000,0.000,0.000
40304.000,14.000,122222.000,16.000,5184.000,0.000,0.000,0.000,0.000
40314.000,14.000,122236.000,16.000,5112.000,0.000,0.000,0.000,0.000
40324.000,14.000,122250.000,16.000,5112.000,0.000,0.000,0.000,0.000
40334.000,15.000,122265.000,16.000,5112.000,0.000,0.000,0.000,0.000
40344.000,15.000,122280.000,16.000,5184.000,0.000,0.000,0.000,0.000
40354.000,14.000,122294.000,16.000,5184.000,0.000,0.000,0.000,0.000
40364.000,14.000,122308.000,16.000,5112.000,0.000,0.000,0.000,0.000
40374.000,14.000,122322.000,16.000,5112.000,0.000,0.000,0.000,0.000
40384.000,15.000,122337.000,16.000,5112.000,0.000,0.000,0.000,0.000
40394.000,15.000,122352.000,16.000,5184.000,0.000,0.000,0.000,0.000
40404.000,14.000,122366.000,16.000,5184.000,0.000,0.000,0.000,0.000
40414.000,14.000,122380.000,16.000,5112.000,0.000,0.000,0.000,0.000
40424.000,14.000,122394.000,16.000,5112.000,0.000,0.000,0.000,0.000
40434.000,15.000,122409.000,16.000,5112.000,0.000,0.000,0.000,0.000
40444.000,15.000,122424.000,16.000,5184.000,0.000,0.000,0.000,0.000
40454.000,14.000,122438.000,16.000,5184.000,0.000,0.000,0.000,0.000
40464.000,15.000,122453.000,16.000,5112.000,0.000,0.000,0.000,0.000
40474.000,15.000,122468.000,16.000,5184.000,0.000,0.000,0.000,0.000
40484.000,14.000,122482.000,16.000,5184.000,0.000,0.000,0.000,0.000
40494.000,14.000,122496.000,16.000,5112.000,0.000,0.000,0.000,0.000
40504.000,16.000,122512.000,16.000,5112.000,0.000,0.000,0.000,0.000
40514.000,14.000,122526.000,16.000,5256.000,0.000,0.000,0.000,0.000
40524.000,15.000,122541.000,16.000,5184.000,0.000,0.000,0.000,0.000
40534.000,14.000,122555.000,16.000,5184.000,0.000,0.000,0.000,0.000
40544.000,15.000,122570.000,16.000,5184.000,0.000,0.000,0.000,0.000
40554.000,14.000,122584.000,16.000,5184.000,0.000,0.000,0.000,0.000
40564.000,15.000,122599.000,16.000,5184.000,0.000,0.000,0.000,0.000
40574.000,15.000,122614.000,16.000,5184.000,0.000,0.000,0.000,0.000
40584.000,14.000,122628.000,16.000,5184.000,0.000,0.000,0.000,0.000
40594.000,15.000,122643.000,16.000,5184.000,0.000,0.000,0.000,0.000
40604.000,14.000,122657.000,16.000,5184.000,0.000,0.000,0.000,0.000
40614.000,15.000,122672.000,16.000,5184.000,0.000,0.000,0.000,0.000
40624.000,15.000,122687.000,16.000,5256.000,0.000,0.000,0.000,0.000
40634.000,14.000,122701.000,16.000,5256.000,0.000,0.000,0.000,0.000
40644.000,15.000,122716.000,16.000,5184.000,0.000,0.000,0.000,0.000
40654.000,14.000,122730.000,16.000,5256.000,0.000,0.000,0.000,0.000
40664.000,14.000,122744.000,16.000,5184.000,0.000,0.000,0.000,0.000
40674.000,15.000,122759.000,16.000,5184.000,0.000,0.000,0.000,0.000
40684.000,14.000,122773.000,16.000,5256.000,0.000,0.000,0.000,0.000
40694.000,15.000,122788.000,16.000,5184.000,0.000,0.000,0.000,0.000
40704.000,14.000,122802.000,16.000,5256.000,0.000,0.000,0.000,0.000
40714.000,14.000,122816.000,16.000,5184.000,0.000,0.000,0.000,0.000
40724.000,14.000,122830.000,16.000,5184.000,0.000,0.000,0.000,0.000
40734.000,15.000,122845.000,16.000,5184.000,0.000,0.000,0.000,0.000
40744.000,14.000,122859.000,16.000,5256.000,0.000,0.000,0.000,0.000
40754.000,14.000,122873.000,16.000,5184.000,0.000,0.000,0.000,0.000
40764.000,14.000,122887.000,16.000,5184.000,0.000,0.000,0.000,0.000
40774.000,14.000,122901.000,16.000,5184.000,0.000,0.000,0.000,0.000
40784.000,15.000,122916.000,16.000,5184.000,0.000,0.000,0.000,0.000
40794.000,14.000,122930.000,16.000,5184.000,0.000,0.000,0.000,0.000
40804.000,14.000,122944.000,16.000,5184.000,0.000,0.000,0.000,0.000
40814.000,14.000,122958.000,16.000,5184.000,0.000,0.000,0.000,0.000
40824.000,15.000,122973.000,16.000,5184.000,0.000,0.000,0.000,0.000
40834.000,13.000,122986.000,16.000,5184.000,0.000,0.000,0.000,0.000
40844.000,15.000,123001.000,16.000,5112.000,0.000,0.000,0.000,0.000
40854.000,15.000,123016.000,16.000,5184.000,0.000,0.000,0.000,0.000
40864.000,14.000,123030.000,16.000,5184.000,0.000,0.000,0.000,0.000
40874.000,14.000,123044.000,16.000,5184.000,0.000,0.000,0.000,0.000
40884.000,14.000,123058.000,16.000,5112.000,0.000,0.000,0.000,0.000
40894.000,14.000,123072.000,16.000,5112.000,0.000,0.000,0.000,0.000
40904.000,14.000,123086.000,16.000,5112.000,0.000,0.000,0.000,0.000
40914.000,15.000,123101.000,16.000,5112.000,0.000,0.000,0.000,0.000
40924.000,15.000,123116.000,16.000,5184.000,0.000,0.000,0.000,0.000
40934.000,14.000,123130.000,16.000,5184.000,0.000,0.000,0.000,0.000
40944.000,14.000,123144.000,16.000,5112.000,0.000,0.000,0.000,0.000
40954.000,14.000,123158.000,16.000,5112.000,0.000,0.000,0.000,0.000
40964.000,15.000,123173.000,16.000,5112.000,0.000,0.000,0.000,0.000
40974.000,14.000,123187.000,16.000,5184.000,0.000,0.000,0.000,0.000
40984.000,14.000,123201.000,16.000,5112.000,0.000,0.000,0.000,0.000
40994.000,15.000,123216.000,16.000,5112.000,0.000,0.000,0.000,0.000
41004.000,14.000,123230.000,16.000,5184.000,0.000,0.000,0.000,0.000
41014.000,15.000,123245.000,16.000,5112.000,0.000,0.000,0.000,0.000
41024.000,14.000,123259.000,16.000,5184.000,0.000,0.000,0.000,0.000
41034.000,14.000,123273.000,16.000,5112.000,0.000,0.000,0.000,0.000
41044.000,15.000,123288.000,16.000,5112.000,0.000,0.000,0.000,0.000
41054.000,14.000,123302.000,16.000,5184.000,0.000,0.000,0.000,0.000
41064.000,15.000,123317.000,16.000,5112.000,0.000,0.000,0.000,0.000
41074.000,14.000,123331.000,16.000,5184.000,0.000,0.000,0.000,0.000
41084.000,15.000,123346.000,16.000,5112.000,0.000,0.000,0.000,0.000
41094.000,14.000,123360.000,16.000,5184.000,0.000,0.000,0.000,0.000
41104.000,14.000,123374.000,16.000,5112.000,0.000,0.000,0.000,0.000
41114.000,15.000,123389.000,16.000,5112.000,0.000,0.000,0.000,0.000
41124.000,15.000,123404.000,16.000,5184.000,0.000,0.000,0.000,0.000
41134.000,14.000,123418.000,16.000,5184.000,0.000,0.000,0.000,0.000
41144.000,15.000,123433.000,16.000,5112.000,0.000,0.000,0.000,0.000
41154.000,15.000,123448.000,16.000,5184.000,0.000,0.000,0.000,0.000
41164.000,14.000,123462.000,16.000,5184.000,0.000,0.000,0.000,0.000
41174.000,15.000,123477.000,16.000,5184.000,0.000,0.000,0.000,0.000
41184.000,15.000,123492.000,16.000,5184.000,0.000,0.000,0.000,0.000
41194.000,14.000,123506.000,16.000,5184.000,0.000,0.000,0.000,0.000
41204.000,14.000,123520.000,16.000,5184.000,0.000,0.000,0.000,0.000
41214.000,15.000,123535.000,16.000,5184.000,0.000,0.000,0.000,0.000
41224.000,15.000,123550.000,16.000,5184.000,0.000,0.000,0.000,0.000
41234.000,14.000,123564.000,16.000,5184.000,0.000,0.000,0.000,0.000
41244.000,16.000,123580.000,48.000,3528.000,0.000,0.000,0.000,0.000
41254.000,17.000,123597.000,48.000,3312.000,0.000,0.000,0.000,0.000
41264.000,20.000,123617.000,48.000,3024.000,0.000,0.000,0.000,0.000
41274.000,21.000,123638.000,48.000,2808.000,0.000,0.000,0.000,0.000
41284.000,24.000,123662.000,48.000,2520.000,0.000,0.000,0.000,0.000
41294.000,26.000,123688.000,48.000,2448.000,0.000,0.000,0.000,0.000
41304.000,28.000,123716.000,48.000,2232.000,0.000,0.000,0.000,0.000
41314.000,30.000,123746.000,48.000,2088.000,0.000,0.000,0.000,0.000
41324.000,31.000,123777.000,48.000,2016.000,0.000,0.000,0.000,0.000
41334.000,33.000,123810.000,48.000,1872.000,0.000,0.000,0.000,0.000
41344.000,35.000,123845.000,48.000,1800.000,0.000,0.000,0.000,0.000
41354.000,35.000,123880.000,48.000,1800.000,0.000,0.000,0.000,0.000
41364.000,37.000,123917.000,48.000,1656.000,0.000,0.000,0.000,0.000
41374.000,39.000,123956.000,48.000,1656.000,0.000,0.000,0.000,0.000
41384.000,38.000,123994.000,48.000,1656.000,0.000,0.000,0.000,0.000
41394.000,41.000,124035.000,48.000,1512.000,0.000,0.000,0.000,0.000
41404.000,41.000,124076.000,48.000,1584.000,0.000,0.000,0.000,0.000
41414.000,41.000,124117.000,48.000,1584.000,0.000,0.000,0.000,0.000
41424.000,43.000,124160.000,48.000,1512.000,0.000,0.000,0.000,0.000
41434.000,42.000,124202.000,48.000,1584.000,0.000,0.000,0.000,0.000
41444.000,43.000,124245.000,48.000,1584.000,0.000,0.000,0.000,0.000
41454.000,44.000,124289.000,48.000,1584.000,0.000,0.000,0.000,0.000
41464.000,44.000,124333.000,48.000,1656.000,0.000,0.000,0.000,0.000
41474.000,45.000,124378.000,48.000,1656.000,0.000,0.000,0.000,0.000
41484.000,44.000,124422.000,48.000,1728.000,0.000,0.000,0.000,0.000
41494.000,45.000,124467.000,48.000,1656.000,0.000,0.000,0.000,0.000
41504.000,45.000,124512.000,48.000,1728.000,0.000,0.000,0.000,0.000
41514.000,45.000,124557.000,48.000,1800.000,0.000,0.000,0.000,0.000
41524.000,44.000,124601.000,48.000,1800.000,0.000,0.000,0.000,0.000
41534.000,45.000,124646.000,48.000,1728.000,0.000,0.000,0.000,0.000
41544.000,46.000,124692.000,48.000,1800.000,0.000,0.000,0.000,0.000
41554.000,44.000,124736.000,48.000,1872.000,0.000,0.000,0.000,0.000
41564.000,45.000,124781.000,48.000,1800.000,0.000,0.000,0.000,0.000
41574.000,44.000,124825.000,48.000,1872.000,0.000,0.000,0.000,0.000
41584.000,45.000,124870.000,48.000,1872.000,0.000,0.000,0.000,0.000
41594.000,44.000,124914.000,48.000,1944.000,0.000,0.000,0.000,0.000
41604.000,45.000,124959.000,48.000,1872.000,0.000,0.000,0.000,0.000
41614.000,44.000,125003.000,48.000,1944.000,0.000,0.000,0.000,0.000
41624.000,45.000,125048.000,48.000,1944.000,0.000,0.000,0.000,0.000
41634.000,44.000,125092.000,48.000,2016.000,0.000,0.000,0.000,0.000
41644.000,44.000,125136.000,48.000,1944.000,0.000,0.000,0.000,0.000
41654.000,43.000,125179.000,48.000,2016.000,0.000,0.000,0.000,0.000
41664.000,44.000,125223.000,48.000,1944.000,0.000,0.000,0.000,0.000
41674.000,43.000,125266.000,48.000,2016.000,0.000,0.000,0.000,0.000
41684.000,44.000,125310.000,48.000,1944.000,0.000,0.000,0.000,0.000
41694.000,44.000,125354.000,48.000,2016.000,0.000,0.000,0.000,0.000
41704.000,44.000,125398.000,48.000,2016.000,0.000,0.000,0.000,0.000
41714.000,43.000,125441.000,48.000,2016.000,0.000,0.000,0.000,0.000
41724.000,44.000,125485.000,48.000,2016.000,0.000,0.000,0.000,0.000
41734.000,44.000,125529.000,48.000,2016.000,0.000,0.000,0.000,0.000
41744.000,43.000,125572.000,48.000,2088.000,0.000,0.000,0.000,0.000
41754.000,44.000,125616.000,48.000,2016.000,0.000,0.000,0.000,0.000
41764.000,42.000,125658.000,48.000,2088.000,0.000,0.000,0.000,0.000
41774.000,44.000,125702.000,48.000,1944.000,0.000,0.000,0.000,0.000
41784.000,43.000,125745.000,48.000,2088.000,0.000,0.000,0.000,0.000
41794.000,43.000,125788.000,48.000,2016.000,0.000,0.000,0.000,0.000
41804.000,42.000,125830.000,48.000,2016.000,0.000,0.000,0.000,0.000
41814.000,43.000,125873.000,48.000,1944.000,0.000,0.000,0.000,0.000
41824.000,43.000,125916.000,48.000,2016.000,0.000,0.000,0.000,0.000
41834.000,42.000,125958.000,48.000,2016.000,0.000,0.000,0.000,0.000
41844.000,44.000,126002.000,48.000,1944.000,0.000,0.000,0.000,0.000
41854.000,42.000,126044.000,48.000,2016.000,0.000,0.000,0.000,0.000
41864.000,44.000,126088.000,48.000,1944.000,0.000,0.000,0.000,0.000
41874.000,42.000,126130.000,48.000,2016.000,0.000,0.000,0.000,0.000
41884.000,43.000,126173.000,48.000,1944.000,0.000,0.000,0.000,0.000
41894.000,43.000,126216.000,48.000,1944.000,0.000,0.000,0.000,0.000
41904.000,43.000,126259.000,48.000,1944.000,0.000,0.000,0.000,0.000
41914.000,43.000,126302.000,48.000,1944.000,0.000,0.000,0.000,0.000
41924.000,43.000,126345.000,48.000,1944.000,0.000,0.000,0.000,0.000
41934.000,44.000,126389.000,48.000,1944.000,0.000,0.000,0.000,0.000
41944.000,43.000,126432.000,48.000,2016.000,0.000,0.000,0.000,0.000
41954.000,43.000,126475.000,48.000,1944.000,0.000,0.000,0.000,0.000
41964.000,43.000,126518.000,48.000,1944.000,0.000,0.000,0.000,0.000
41974.000,43.000,126561.000,48.000,1944.000,0.000,0.000,0.000,0.000
41984.000,44.000,126605.000,48.000,1944.000,0.000,0.000,0.000,0.000
41994.000,43.000,126648.000,48.000,2016.000,0.000,0.000,0.000,0.000
42004.000,43.000,126691.000,48.000,1944.000,0.000,0.000,0.000,0.000
42014.000,43.000,126734.000,48.000,1944.000,0.000,0.000,0.000,0.000
42024.000,43.000,126777.000,48.000,1944.000,0.000,0.000,0.000,0.000
42034.000,43.000,126820.000,48.000,1944.000,0.000,0.000,0.000,0.000
42044.000,44.000,126864.000,48.000,1944.000,0.000,0.000,0.000,0.000
42054.000,42.000,126906.000,48.000,2016.000,0.000,0.000,0.000,0.000
42064.000,44.000,126950.000,48.000,1872.000,0.000,0.000,0.000,0.000
42074.000,43.000,126993.000,48.000,2016.000,0.000,0.000,0.000,0.000
42084.000,43.000,127036.000,48.000,1944.000,0.000,0.000,0.000,0.000
42094.000,44.000,127080.000,48.000,1944.000,0.000,0.000,0.000,0.000
42104.000,43.000,127123.000,48.000,2016.000,0.000,0.000,0.000,0.000
42114.000,43.000,127166.000,48.000,1944.000,0.000,0.000,0.000,0.000
42124.000,44.000,127210.000,48.000,1944.000,0.000,0.000,0.000,0.000
42134.000,43.000,127253.000,48.000,2016.000,0.000,0.000,0.000,0.000
42144.000,43.000,127296.000,48.000,1944.000,0.000,0.000,0.000,0.000
42154.000,44.000,127340.000,48.000,1944.000,0.000,0.000,0.000,0.000
42164.000,44.000,127384.000,48.000,2016.000,0.000,0.000,0.000,0.000
42174.000,43.000,127427.000,48.000,2016.000,0.000,0.000,0.000,0.000
42184.000,43.000,127470.000,48.000,1944.000,0.000,0.000,0.000,0.000
42194.000,43.000,127513.000,48.000,1944.000,0.000,0.000,0.000,0.000
42204.000,44.000,127557.000,48.000,1944.000,0.000,0.000,0.000,0.000
42214.000,43.000,127600.000,48.000,2016.000,0.000,0.000,0.000,0.000
42224.000,44.000,127644.000,48.000,1944.000,0.000,0.000,0.000,0.000
42234.000,42.000,127686.000,48.000,2016.000,0.000,0.000,0.000,0.000
42244.000,44.000,127730.000,48.000,1944.000,0.000,0.000,0.000,0.000
42254.000,43.000,127773.000,48.000,2016.000,0.000,0.000,0.000,0.000
42264.000,44.000,127817.000,48.000,2016.000,0.000,0.000,0.000,0.000
42274.000,43.000,127860.000,48.000,2016.000,0.000,0.000,0.000,0.000
42284.000,42.000,127902.000,48.000,2016.000,0.000,0.000,0.000,0.000
42294.000,44.000,127946.000,48.000,1944.000,0.000,0.000,0.000,0.000
42304.000,43.000,127989.000,48.000,2016.000,0.000,0.000,0.000,0.000
42314.000,43.000,128032.000,48.000,2016.000,0.000,0.000,0.000,0.000
42324.000,44.000,128076.000,48.000,1944.000,0.000,0.000,0.000,0.000
42334.000,42.000,128118.000,48.000,2016.000,0.000,0.000,0.000,0.000
42344.000,44.000,128162.000,48.000,1944.000,0.000,0.000,0.000,0.000
42354.000,43.000,128205.000,48.000,2016.000,0.000,0.000,0.000,0.000
42364.000,44.000,128249.000,48.000,2016.000,0.000,0.000,0.000,0.000
42374.000,43.000,128292.000,48.000,2016.000,0.000,0.000,0.000,0.000
42384.000,43.000,128335.000,48.000,2016.000,0.000,0.000,0.000,0.000
42394.000,43.000,128378.000,48.000,2016.000,0.000,0.000,0.000,0.000
42404.000,43.000,128421.000,48.000,2016.000,0.000,0.000,0.000,0.000
42414.000,43.000,128464.000,48.000,2016.000,0.000,0.000,0.000,0.000
42424.000,43.000,128507.000,48.000,1944.000,0.000,0.000,0.000,0.000
42434.000,43.000,128550.000,48.000,1944.000,0.000,0.000,0.000,0.000
42444.000,43.000,128593.000,48.000,1944.000,0.000,0.000,0.000,0.000
42454.000,43.000,128636.000,48.000,1944.000,0.000,0.000,0.000,0.000
42464.000,43.000,128679.000,48.000,1944.000,0.000,0.000,0.000,0.000
42474.000,43.000,128722.000,48.000,1944.000,0.000,0.000,0.000,0.000
42484.000,43.000,128765.000,48.000,1944.000,0.000,0.000,0.000,0.000
42494.000,43.000,128808.000,48.000,1944.000,0.000,0.000,0.000,0.000
42504.000,43.000,128851.000,48.000,1944.000,0.000,0.000,0.000,0.000
42514.000,43.000,128894.000,48.000,1944.000,0.000,0.000,0.000,0.000
42524.000,44.000,128938.000,48.000,1944.000,0.000,0.000,0.000,0.000
42534.000,43.000,128981.000,48.000,2016.000,0.000,0.000,0.000,0.000
42544.000,43.000,129024.000,48.000,1944.000,0.000,0.000,0.000,0.000
42554.000,44.000,129068.000,48.000,1944.000,0.000,0.000,0.000,0.000
42564.000,42.000,129110.000,48.000,2016.000,0.000,0.000,0.000,0.000
42574.000,44.000,129154.000,48.000,1872.000,0.000,0.000,0.000,0.000
42584.000,43.000,129197.000,48.000,2016.000,0.000,0.000,0.000,0.000
42594.000,44.000,129241.000,48.000,1944.000,0.000,0.000,0.000,0.000
42604.000,43.000,129284.000,48.000,2016.000,0.000,0.000,0.000,0.000
42614.000,43.000,129327.000,48.000,1944.000,0.000,0.000,0.000,0.000
42624.000,43.000,129370.000,48.000,1944.000,0.000,0.000,0.000,0.000
42634.000,44.000,129414.000,48.000,1944.000,0.000,0.000,0.000,0.000
42644.000,43.000,129457.000,48.000,2016.000,0.000,0.000,0.000,0.000
42654.000,43.000,129500.000,48.000,1944.000,0.000,0.000,0.000,0.000
42664.000,43.000,129543.000,48.000,1944.000,0.000,0.000,0.000,0.000
42674.000,43.000,129586.000,48.000,1944.000,0.000,0.000,0.000,0.000
42684.000,43.000,129629.000,48.000,1944.000,0.000,0.000,0.000,0.000
42694.000,44.000,129673.000,48.000,1944.000,0.000,0.000,0.000,0.000
42704.000,43.000,129716.000,48.000,2016.000,0.000,0.000,0.000,0.000
42714.000,42.000,129758.000,48.000,1944.000,0.000,0.000,0.000,0.000
42724.000,44.000,129802.000,48.000,1872.000,0.000,0.000,0.000,0.000
42734.000,44.000,129846.000,48.000,2016.000,0.000,0.000,0.000,0.000
42744.000,43.000,129889.000,48.000,2016.000,0.000,0.000,0.000,0.000
42754.000,43.000,129932.000,48.000,1944.000,0.000,0.000,0.000,0.000
42764.000,44.000,129976.000,48.000,1944.000,0.000,0.000,0.000,0.000
42774.000,44.000,130020.000,48.000,2016.000,0.000,0.000,0.000,0.000
42784.000,43.000,130063.000,48.000,2016.000,0.000,0.000,0.000,0.000
42794.000,43.000,130106.000,48.000,2016.000,0.000,0.000,0.000,0.000
42804.000,44.000,130150.000,48.000,2016.000,0.000,0.000,0.000,0.000
42814.000,43.000,130193.000,48.000,2016.000,0.000,0.000,0.000,0.000
42824.000,43.000,130236.000,48.000,2016.000,0.000,0.000,0.000,0.000
42834.000,44.000,130280.000,48.000,2016.000,0.000,0.000,0.000,0.000
42844.000,43.000,130323.000,48.000,2016.000,0.000,0.000,0.000,0.000
42854.000,43.000,130366.000,48.000,2016.000,0.000,0.000,0.000,0.000
42864.000,43.000,130409.000,48.000,2016.000,0.000,0.000,0.000,0.000
42874.000,43.000,130452.000,48.000,2016.000,0.000,0.000,0.000,0.000
42884.000,42.000,130494.000,48.000,2016.000,0.000,0.000,0.000,0.000
42894.000,43.000,130537.000,48.000,1944.000,0.000,0.000,0.000,0.000
42904.000,44.000,130581.000,48.000,1944.000,0.000,0.000,0.000,0.000
42914.000,43.000,130624.000,48.000,2016.000,0.000,0.000,0.000,0.000
42924.000,42.000,130666.000,48.000,1944.000,0.000,0.000,0.000,0.000
42934.000,44.000,130710.000,48.000,1944.000,0.000,0.000,0.000,0.000
42944.000,42.000,130752.000,48.000,2016.000,0.000,0.000,0.000,0.000
42954.000,44.000,130796.000,48.000,1944.000,0.000,0.000,0.000,0.000
42964.000,42.000,130838.000,48.000,2016.000,0.000,0.000,0.000,0.000
42974.000,44.000,130882.000,48.000,1872.000,0.000,0.000,0.000,0.000
42984.000,43.000,130925.000,48.000,2016.000,0.000,0.000,0.000,0.000
42994.000,44.000,130969.000,48.000,1944.000,0.000,0.000,0.000,0.000
43004.000,43.000,131012.000,48.000,2016.000,0.000,0.000,0.000,0.000
43014.000,42.000,131054.000,48.000,1944.000,0.000,0.000,0.000,0.000
43024.000,44.000,131098.000,48.000,1872.000,0.000,0.000,0.000,0.000
43034.000,43.000,131141.000,48.000,2016.000,0.000,0.000,0.000,0.000
43044.000,43.000,131184.000,48.000,1944.000,0.000,0.000,0.000,0.000
43054.000,44.000,131228.000,48.000,1944.000,0.000,0.000,0.000,0.000
43064.000,42.000,131270.000,48.000,2016.000,0.000,0.000,0.000,0.000
43074.000,44.000,131314.000,48.000,1872.000,0.000,0.000,0.000,0.000
43084.000,43.000,131357.000,48.000,2016.000,0.000,0.000,0.000,0.000
43094.000,43.000,131400.000,48.000,1944.000,0.000,0.000,0.000,0.000
43104.000,43.000,131443.000,48.000,1944.000,0.000,0.000,0.000,0.000
43114.000,43.000,131486.000,48.000,1944.000,0.000,0.000,0.000,0.000
43124.000,44.000,131530.000,48.000,1944.000,0.000,0.000,0.000,0.000
43134.000,43.000,131573.000,48.000,2016.000,0.000,0.000,0.000,0.000
43144.000,43.000,131616.000,48.000,1944.000,0.000,0.000,0.000,0.000
43154.000,43.000,131659.000,48.000,1944.000,0.000,0.000,0.000,0.000
43164.000,43.000,131702.000,48.000,1944.000,0.000,0.000,0.000,0.000
43174.000,44.000,131746.000,48.000,1944.000,0.000,0.000,0.000,0.000
43184.000,43.000,131789.000,48.000,2016.000,0.000,0.000,0.000,0.000
43194.000,44.000,131833.000,48.000,1944.000,0.000,0.000,0.000,0.000
43204.000,43.000,131876.000,48.000,2016.000,0.000,0.000,0.000,0.000
43214.000,43.000,131919.000,48.000,1944.000,0.000,0.000,0.000,0.000
43224.000,43.000,131962.000,48.000,1944.000,0.000,0.000,0.000,0.000
43234.000,44.000,132006.000,48.000,1944.000,0.000,0.000,0.000,0.000
43244.000,43.000,132049.000,48.000,2016.000,0.000,0.000,0.000,0.000
43254.000,43.000,132092.000,48.000,1944.000,0.000,0.000,0.000,0.000
43264.000,44.000,132136.000,48.000,1944.000,0.000,0.000,0.000,0.000
43274.000,43.000,132179.000,48.000,2016.000,0.000,0.000,0.000,0.000
43284.000,43.000,132222.000,48.000,1944.000,0.000,0.000,0.000,0.000
43294.000,43.000,132265.000,48.000,1944.000,0.000,0.000,0.000,0.000
43304.000,44.000,132309.000,48.000,1944.000,0.000,0.000,0.000,0.000
43314.000,43.000,132352.000,48.000,2016.000,0.000,0.000,0.000,0.000
43324.000,43.000,132395.000,48.000,1944.000,0.000,0.000,0.000,0.000
43334.000,43.000,132438.000,48.000,1944.000,0.000,0.000,0.000,0.000
43344.000,44.000,132482.000,48.000,1944.000,0.000,0.000,0.000,0.000
43354.000,43.000,132525.000,48.000,2016.000,0.000,0.000,0.000,0.000
43364.000,43.000,132568.000,48.000,2016.000,0.000,0.000,0.000,0.000
43374.000,44.000,132612.000,48.000,1944.000,0.000,0.000,0.000,0.000
43384.000,44.000,132656.000,48.000,2016.000,0.000,0.000,0.000,0.000
43394.000,42.000,132698.000,48.000,2016.000,0.000,0.000,0.000,0.000
43404.000,44.000,132742.000,48.000,1944.000,0.000,0.000,0.000,0.000
43414.000,43.000,132785.000,48.000,2016.000,0.000,0.000,0.000,0.000
43424.000,43.000,132828.000,48.000,2016.000,0.000,0.000,0.000,0.000
43434.000,44.000,132872.000,48.000,2016.000,0.000,0.000,0.000,0.000
43444.000,43.000,132915.000,48.000,2016.000,0.000,0.000,0.000,0.000
43454.000,43.000,132958.000,48.000,2016.000,0.000,0.000,0.000,0.000
43464.000,43.000,133001.000,48.000,2016.000,0.000,0.000,0.000,0.000
43474.000,43.000,133044.000,48.000,2016.000,0.000,0.000,0.000,0.000
43484.000,43.000,133087.000,48.000,2016.000,0.000,0.000,0.000,0.000
43494.000,43.000,133130.000,48.000,2016.000,0.000,0.000,0.000,0.000
43504.000,43.000,133173.000,48.000,2016.000,0.000,0.000,0.000,0.000
43514.000,43.000,133216.000,48.000,2016.000,0.000,0.000,0.000,0.000
43524.000,42.000,133258.000,48.000,1944.000,0.000,0.000,0.000,0.000
43534.000,43.000,133301.000,48.000,1944.000,0.000,0.000,0.000,0.000
43544.000,43.000,133344.000,48.000,1944.000,0.000,0.000,0.000,0.000
43554.000,44.000,133388.000,48.000,1944.000,0.000,0.000,0.000,0.000
43564.000,42.000,133430.000,48.000,2016.000,0.000,0.000,0.000,0.000
43574.000,43.000,133473.000,48.000,1872.000,0.000,0.000,0.000,0.000
43584.000,44.000,133517.000,48.000,1944.000,0.000,0.000,0.000,0.000
43594.000,43.000,133560.000,48.000,2016.000,0.000,0.000,0.000,0.000
43604.000,42.000,133602.000,48.000,1944.000,0.000,0.000,0.000,0.000
43614.000,44.000,133646.000,48.000,1872.000,0.000,0.000,0.000,0.000
43624.000,43.000,133689.000,48.000,2016.000,0.000,0.000,0.000,0.000
43634.000,43.000,133732.000,48.000,1944.000,0.000,0.000,0.000,0.000
43644.000,44.000,133776.000,48.000,1944.000,0.000,0.000,0.000,0.000
43654.000,43.000,133819.000,48.000,2016.000,0.000,0.000,0.000,0.000
43664.000,43.000,133862.000,48.000,1944.000,0.000,0.000,0.000,0.000
43674.000,44.000,133906.000,48.000,1944.000,0.000,0.000,0.000,0.000
43684.000,43.000,133949.000,48.000,2016.000,0.000,0.000,0.000,0.000
43694.000,43.000,133992.000,48.000,1944.000,0.000,0.000,0.000,0.000
43704.000,43.000,134035.000,48.000,1944.000,0.000,0.000,0.000,0.000
43714.000,43.000,134078.000,48.000,1944.000,0.000,0.000,0.000,0.000
43724.000,44.000,134122.000,48.000,1944.000,0.000,0.000,0.000,0.000
43734.000,43.000,134165.000,48.000,2016.000,0.000,0.000,0.000,0.000
43744.000,43.000,134208.000,48.000,1944.000,0.000,0.000,0.000,0.000
43754.000,44.000,134252.000,48.000,1944.000,0.000,0.000,0.000,0.000
43764.000,42.000,134294.000,48.000,2016.000,0.000,0.000,0.000,0.000
43774.000,44.000,134338.000,48.000,1872.000,0.000,0.000,0.000,0.000
43784.000,43.000,134381.000,48.000,2016.000,0.000,0.000,0.000,0.000
43794.000,44.000,134425.000,48.000,1944.000,0.000,0.000,0.000,0.000
43804.000,43.000,134468.000,48.000,2016.000,0.000,0.000,0.000,0.000
43814.000,44.000,134512.000,48.000,1944.000,0.000,0.000,0.000,0.000
43824.000,42.000,134554.000,48.000,2016.000,0.000,0.000,0.000,0.000
43834.000,44.000,134598.000,48.000,1944.000,0.000,0.000,0.000,0.000
43844.000,43.000,134641.000,48.000,2016.000,0.000,0.000,0.000,0.000
43854.000,44.000,134685.000,48.000,1944.000,0.000,0.000,0.000,0.000
43864.000,43.000,134728.000,48.000,2016.000,0.000,0.000,0.000,0.000
43874.000,44.000,134772.000,48.000,1944.000,0.000,0.000,0.000,0.000
43884.000,44.000,134816.000,48.000,2016.000,0.000,0.000,0.000,0.000
43894.000,43.000,134859.000,48.000,2016.000,0.000,0.000,0.000,0.000
43904.000,43.000,134902.000,48.000,2016.000,0.000,0.000,0.000,0.000
43914.000,43.000,134945.000,48.000,2016.000,0.000,0.000,0.000,0.000
43924.000,44.000,134989.000,48.000,2016.000,0.000,0.000,0.000,0.000
43934.000,43.000,135032.000,48.000,2016.000,0.000,0.000,0.000,0.000
43944.000,43.000,135075.000,48.000,2016.000,0.000,0.000,0.000,0.000
43954.000,43.000,135118.000,48.000,2016.000,0.000,0.000,0.000,0.000
43964.000,43.000,135161.000,48.000,2016.000,0.000,0.000,0.000,0.000
43974.000,43.000,135204.000,48.000,2016.000,0.000,0.000,0.000,0.000
43984.000,44.000,135248.000,48.000,2016.000,0.000,0.000,0.000,0.000
43994.000,42.000,135290.000,48.000,2016.000,0.000,0.000,0.000,0.000
44004.000,43.000,135333.000,48.000,1944.000,0.000,0.000,0.000,0.000
44014.000,44.000,135377.000,48.000,2016.000,0.000,0.000,0.000,0.000
44024.000,43.000,135420.000,48.000,2016.000,0.000,0.000,0.000,0.000
44034.000,42.000,135462.000,48.000,2016.000,0.000,0.000,0.000,0.000
44044.000,44.000,135506.000,48.000,1944.000,0.000,0.000,0.000,0.000
44054.000,43.000,135549.000,48.000,2016.000,0.000,0.000,0.000,0.000
44064.000,43.000,135592.000,48.000,2016.000,0.000,0.000,0.000,0.000
44074.000,42.000,135634.000,48.000,1944.000,0.000,0.000,0.000,0.000
44084.000,44.000,135678.000,48.000,1944.000,0.000,0.000,0.000,0.000
44094.000,43.000,135721.000,48.000,2016.000,0.000,0.000,0.000,0.000
44104.000,43.000,135764.000,48.000,1944.000,0.000,0.000,0.000,0.000
44114.000,42.000,135806.000,48.000,1944.000,0.000,0.000,0.000,0.000
44124.000,44.000,135850.000,48.000,1944.000,0.000,0.000,0.000,0.000
44134.000,43.000,135893.000,48.000,2016.000,0.000,0.000,0.000,0.000
44144.000,43.000,135936.000,48.000,1944.000,0.000,0.000,0.000,0.000
44154.000,44.000,135980.000,48.000,1944.000,0.000,0.000,0.000,0.000
44164.000,42.000,136022.000,48.000,2016.000,0.000,0.000,0.000,0.000
44174.000,44.000,136066.000,48.000,1872.000,0.000,0.000,0.000,0.000
44184.000,43.000,136109.000,48.000,2016.000,0.000,0.000,0.000,0.000
44194.000,43.000,136152.000,48.000,1944.000,0.000,0.000,0.000,0.000
44204.000,44.000,136196.000,48.000,1944.000,0.000,0.000,0.000,0.000
44214.000,42.000,136238.000,48.000,2016.000,0.000,0.000,0.000,0.000
44224.000,44.000,136282.000,48.000,1872.000,0.000,0.000,0.000,0.000
44234.000,43.000,136325.000,48.000,2016.000,0.000,0.000,0.000,0.000
44244.000,44.000,136369.000,48.000,1944.000,0.000,0.000,0.000,0.000
44254.000,43.000,136412.000,48.000,2016.000,0.000,0.000,0.000,0.000
44264.000,44.000,136456.000,48.000,1944.000,0.000,0.000,0.000,0.000
44274.000,42.000,136498.000,48.000,2016.000,0.000,0.000,0.000,0.000
44284.000,44.000,136542.000,48.000,1944.000,0.000,0.000,0.000,0.000
44294.000,43.000,136585.000,48.000,2016.000,0.000,0.000,0.000,0.000
44304.000,44.000,136629.000,48.000,1944.000,0.000,0.000,0.000,0.000
44314.000,43.000,136672.000,48.000,2016.000,0.000,0.000,0.000,0.000
44324.000,43.000,136715.000,48.000,1944.000,0.000,0.000,0.000,0.000
44334.000,43.000,136758.000,48.000,1944.000,0.000,0.000,0.000,0.000
44344.000,43.000,136801.000,48.000,1944.000,0.000,0.000,0.000,0.000
44354.000,44.000,136845.000,48.000,1944.000,0.000,0.000,0.000,0.000
44364.000,43.000,136888.000,48.000,2016.000,0.000,0.000,0.000,0.000
44374.000,44.000,136932.000,48.000,1944.000,0.000,0.000,0.000,0.000
44384.000,42.000,136974.000,48.000,2016.000,0.000,0.000,0.000,0.000
44394.000,44.000,137018.000,48.000,1944.000,0.000,0.000,0.000,0.000
44404.000,43.000,137061.000,48.000,2016.000,0.000,0.000,0.000,0.000
44414.000,44.000,137105.000,48.000,2016.000,0.000,0.000,0.000,0.000
44424.000,43.000,137148.000,48.000,2016.000,0.000,0.000,0.000,0.000
44434.000,43.000,137191.000,48.000,2016.000,0.000,0.000,0.000,0.000
44444.000,43.000,137234.000,48.000,2016.000,0.000,0.000,0.000,0.000
44454.000,43.000,137277.000,48.000,2016.000,0.000,0.000,0.000,0.000
44464.000,44.000,137321.000,48.000,2016.000,0.000,0.000,0.000,0.000
44474.000,43.000,137364.000,48.000,2016.000,0.000,0.000,0.000,0.000
44484.000,43.000,137407.000,48.000,2016.000,0.000,0.000,0.000,0.000
44494.000,43.000,137450.000,48.000,2016.000,0.000,0.000,0.000,0.000
44504.000,43.000,137493.000,48.000,2016.000,0.000,0.000,0.000,0.000
44514.000,43.000,137536.000,48.000,2016.000,0.000,0.000,0.000,0.000
44524.000,43.000,137579.000,48.000,1944.000,0.000,0.000,0.000,0.000
44534.000,43.000,137622.000,48.000,1944.000,0.000,0.000,0.000,0.000
44544.000,44.000,137666.000,48.000,1944.000,0.000,0.000,0.000,0.000
44554.000,43.000,137709.000,48.000,2016.000,0.000,0.000,0.000,0.000
44564.000,43.000,137752.000,48.000,2016.000,0.000,0.000,0.000,0.000
44574.000,43.000,137795.000,48.000,1944.000,0.000,0.000,0.000,0.000
44584.000,43.000,137838.000,48.000,1944.000,0.000,0.000,0.000,0.000
44594.000,43.000,137881.000,48.000,1944.000,0.000,0.000,0.000,0.000
44604.000,44.000,137925.000,48.000,1944.000,0.000,0.000,0.000,0.000
44614.000,43.000,137968.000,48.000,2016.000,0.000,0.000,0.000,0.000
44624.000,43.000,138011.000,48.000,1944.000,0.000,0.000,0.000,0.000
44634.000,43.000,138054.000,48.000,1944.000,0.000,0.000,0.000,0.000
44644.000,44.000,138098.000,48.000,1944.000,0.000,0.000,0.000,0.000
44654.000,43.000,138141.000,48.000,2016.000,0.000,0.000,0.000,0.000
44664.000,43.000,138184.000,48.000,2016.000,0.000,0.000,0.000,0.000
44674.000,44.000,138228.000,48.000,1944.000,0.000,0.000,0.000,0.000
44684.000,42.000,138270.000,48.000,2016.000,0.000,0.000,0.000,0.000
44694.000,44.000,138314.000,48.000,1944.000,0.000,0.000,0.000,0.000
44704.000,43.000,138357.000,48.000,2016.000,0.000,0.000,0.000,0.000
44714.000,43.000,138400.000,48.000,2016.000,0.000,0.000,0.000,0.000
44724.000,43.000,138443.000,48.000,1944.000,0.000,0.000,0.000,0.000
44734.000,43.000,138486.000,48.000,1944.000,0.000,0.000,0.000,0.000
44744.000,44.000,138530.000,48.000,1944.000,0.000,0.000,0.000,0.000
44754.000,43.000,138573.000,48.000,2016.000,0.000,0.000,0.000,0.000
44764.000,43.000,138616.000,48.000,2016.000,0.000,0.000,0.000,0.000
44774.000,42.000,138658.000,48.000,1944.000,0.000,0.000,0.000,0.000
44784.000,44.000,138702.000,48.000,1944.000,0.000,0.000,0.000,0.000
44794.000,43.000,138745.000,48.000,2016.000,0.000,0.000,0.000,0.000
44804.000,43.000,138788.000,48.000,1944.000,0.000,0.000,0.000,0.000
44814.000,44.000,138832.000,48.000,1944.000,0.000,0.000,0.000,0.000
44824.000,42.000,138874.000,48.000,2016.000,0.000,0.000,0.000,0.000
44834.000,44.000,138918.000,48.000,1944.000,0.000,0.000,0.000,0.000
44844.000,43.000,138961.000,48.000,2016.000,0.000,0.000,0.000,0.000
44854.000,43.000,139004.000,48.000,1944.000,0.000,0.000,0.000,0.000
44864.000,44.000,139048.000,48.000,1944.000,0.000,0.000,0.000,0.000
44874.000,42.000,139090.000,48.000,2016.000,0.000,0.000,0.000,0.000
44884.000,44.000,139134.000,48.000,1944.000,0.000,0.000,0.000,0.000
44894.000,43.000,139177.000,48.000,2016.000,0.000,0.000,0.000,0.000
44904.000,44.000,139221.000,48.000,1944.000,0.000,0.000,0.000,0.000
44914.000,43.000,139264.000,48.000,2016.000,0.000,0.000,0.000,0.000
44924.000,43.000,139307.000,48.000,1944.000,0.000,0.000,0.000,0.000
44934.000,43.000,139350.000,48.000,1944.000,0.000,0.000,0.000,0.000
44944.000,44.000,139394.000,48.000,1944.000,0.000,0.000,0.000,0.000
44954.000,43.000,139437.000,48.000,2016.000,0.000,0.000,0.000,0.000
44964.000,44.000,139481.000,48.000,2016.000,0.000,0.000,0.000,0.000
44974.000,43.000,139524.000,48.000,2016.000,0.000,0.000,0.000,0.000
44984.000,44.000,139568.000,48.000,2016.000,0.000,0.000,0.000,0.000
44994.000,43.000,139611.000,48.000,2016.000,0.000,0.000,0.000,0.000
45004.000,43.000,139654.000,48.000,2016.000,0.000,0.000,0.000,0.000
45014.000,43.000,139697.000,48.000,2016.000,0.000,0.000,0.000,0.000
45024.000,44.000,139741.000,48.000,2016.000,0.000,0.000,0.000,0.000
45034.000,43.000,139784.000,48.000,2016.000,0.000,0.000,0.000,0.000
45044.000,43.000,139827.000,48.000,2016.000,0.000,0.000,0.000,0.000
45054.000,43.000,139870.000,48.000,2016.000,0.000,0.000,0.000,0.000
45064.000,43.000,139913.000,48.000,2016.000,0.000,0.000,0.000,0.000
45074.000,43.000,139956.000,48.000,2016.000,0.000,0.000,0.000,0.000
45084.000,44.000,140000.000,48.000,2016.000,0.000,0.000,0.000,0.000
45094.000,42.000,140042.000,48.000,2016.000,0.000,0.000,0.000,0.000
45104.000,43.000,140085.000,48.000,1944.000,0.000,0.000,0.000,0.000
45114.000,44.000,140129.000,48.000,2016.000,0.000,0.000,0.000,0.000
45124.000,43.000,140172.000,48.000,2016.000,0.000,0.000,0.000,0.000
45134.000,42.000,140214.000,48.000,2016.000,0.000,0.000,0.000,0.000
45144.000,43.000,140257.000,48.000,1944.000,0.000,0.000,0.000,0.000
45154.000,44.000,140301.000,48.000,1944.000,0.000,0.000,0.000,0.000
45164.000,43.000,140344.000,48.000,2016.000,0.000,0.000,0.000,0.000
45174.000,42.000,140386.000,48.000,1944.000,0.000,0.000,0.000,0.000
45184.000,44.000,140430.000,48.000,1944.000,0.000,0.000,0.000,0.000
45194.000,43.000,140473.000,48.000,2016.000,0.000,0.000,0.000,0.000
45204.000,43.000,140516.000,48.000,1944.000,0.000,0.000,0.000,0.000
45214.000,43.000,140559.000,48.000,1944.000,0.000,0.000,0.000,0.000
45224.000,43.000,140602.000,48.000,1944.000,0.000,0.000,0.000,0.000
45234.000,44.000,140646.000,48.000,1944.000,0.000,0.000,0.000,0.000
45244.000,43.000,140689.000,48.000,2016.000,0.000,0.000,0.000,0.000
45254.000,43.000,140732.000,48.000,1944.000,0.000,0.000,0.000,0.000
45264.000,44.000,140776.000,48.000,1944.000,0.000,0.000,0.000,0.000
45274.000,42.000,140818.000,48.000,2016.000,0.000,0.000,0.000,0.000
45284.000,44.000,140862.000,48.000,1944.000,0.000,0.000,0.000,0.000
45294.000,43.000,140905.000,48.000,2016.000,0.000,0.000,0.000,0.000
45304.000,44.000,140949.000,48.000,1944.000,0.000,0.000,0.000,0.000
45314.000,43.000,140992.000,48.000,2016.000,0.000,0.000,0.000,0.000
45324.000,42.000,141034.000,48.000,1944.000,0.000,0.000,0.000,0.000
45334.000,44.000,141078.000,48.000,1944.000,0.000,0.000,0.000,0.000
45344.000,43.000,141121.000,48.000,2016.000,0.000,0.000,0.000,0.000
45354.000,44.000,141165.000,48.000,1944.000,0.000,0.000,0.000,0.000
45364.000,43.000,141208.000,48.000,2016.000,0.000,0.000,0.000,0.000
45374.000,44.000,141252.000,48.000,1944.000,0.000,0.000,0.000,0.000
45384.000,42.000,141294.000,48.000,2016.000,0.000,0.000,0.000,0.000
45394.000,44.000,141338.000,48.000,1944.000,0.000,0.000,0.000,0.000
45404.000,43.000,141381.000,48.000,2016.000,0.000,0.000,0.000,0.000
45414.000,43.000,141424.000,48.000,2016.000,0.000,0.000,0.000,0.000
45424.000,44.000,141468.000,48.000,1944.000,0.000,0.000,0.000,0.000
45434.000,42.000,141510.000,48.000,2016.000,0.000,0.000,0.000,0.000
45444.000,44.000,141554.000,48.000,1944.000,0.000,0.000,0.000,0.000
45454.000,43.000,141597.000,48.000,2016.000,0.000,0.000,0.000,0.000
45464.000,43.000,141640.000,48.000,2016.000,0.000,0.000,0.000,0.000
45474.000,44.000,141684.000,48.000,1944.000,0.000,0.000,0.000,0.000
45484.000,42.000,141726.000,48.000,2016.000,0.000,0.000,0.000,0.000
45494.000,44.000,141770.000,48.000,1944.000,0.000,0.000,0.000,0.000
45504.000,43.000,141813.000,48.000,2016.000,0.000,0.000,0.000,0.000
45514.000,44.000,141857.000,48.000,2016.000,0.000,0.000,0.000,0.000
45524.000,43.000,141900.000,48.000,2016.000,0.000,0.000,0.000,0.000
45534.000,42.000,141942.000,48.000,2016.000,0.000,0.000,0.000,0.000
45544.000,44.000,141986.000,48.000,1944.000,0.000,0.000,0.000,0.000
45554.000,43.000,142029.000,48.000,2016.000,0.000,0.000,0.000,0.000
45564.000,44.000,142073.000,48.000,2016.000,0.000,0.000,0.000,0.000
45574.000,43.000,142116.000,48.000,2016.000,0.000,0.000,0.000,0.000
45584.000,43.000,142159.000,48.000,2016.000,0.000,0.000,0.000,0.000
45594.000,43.000,142202.000,48.000,2016.000,0.000,0.000,0.000,0.000
45604.000,43.000,142245.000,48.000,2016.000,0.000,0.000,0.000,0.000
45614.000,43.000,142288.000,48.000,2016.000,0.000,0.000,0.000,0.000
45624.000,43.000,142331.000,48.000,1944.000,0.000,0.000,0.000,0.000
45634.000,43.000,142374.000,48.000,1944.000,0.000,0.000,0.000,0.000
45644.000,44.000,142418.000,48.000,1944.000,0.000,0.000,0.000,0.000
45654.000,43.000,142461.000,48.000,2016.000,0.000,0.000,0.000,0.000
45664.000,43.000,142504.000,48.000,2016.000,0.000,0.000,0.000,0.000
45674.000,44.000,142548.000,48.000,1944.000,0.000,0.000,0.000,0.000
45684.000,42.000,142590.000,48.000,2016.000,0.000,0.000,0.000,0.000
45694.000,44.000,142634.000,48.000,1944.000,0.000,0.000,0.000,0.000
45704.000,43.000,142677.000,48.000,2016.000,0.000,0.000,0.000,0.000
45714.000,43.000,142720.000,48.000,2016.000,0.000,0.000,0.000,0.000
45724.000,44.000,142764.000,48.000,1944.000,0.000,0.000,0.000,0.000
45734.000,42.000,142806.000,64.000,1224.000,0.000,0.000,0.000,0.000
45744.000,46.000,142852.000,64.000,936.000,0.000,0.000,0.000,0.000
45754.000,45.000,142897.000,64.000,936.000,0.000,0.000,0.000,0.000
45764.000,47.000,142944.000,64.000,720.000,0.000,0.000,0.000,0.000
45774.000,48.000,142992.000,64.000,720.000,0.000,0.000,0.000,0.000
45784.000,48.000,143040.000,64.000,720.000,0.000,0.000,0.000,0.000
45794.000,49.000,143089.000,64.000,720.000,0.000,0.000,0.000,0.000
45804.000,50.000,143139.000,64.000,720.000,0.000,0.000,0.000,0.000
45814.000,51.000,143190.000,64.000,720.000,0.000,0.000,0.000,0.000
45824.000,51.000,143241.000,64.000,720.000,0.000,0.000,0.000,0.000
45834.000,51.000,143292.000,64.000,720.000,0.000,0.000,0.000,0.000
45844.000,52.000,143344.000,64.000,720.000,0.000,0.000,0.000,0.000
45854.000,53.000,143397.000,64.000,0.000,0.000,0.000,0.000,0.000
45864.000,54.000,143451.000,64.000,0.000,0.000,0.000,0.000,0.000
45874.000,54.000,143505.000,64.000,0.000,0.000,0.000,0.000,0.000
45884.000,56.000,143561.000,64.000,0.000,0.000,0.000,0.000,0.000
45894.000,56.000,143617.000,64.000,0.000,0.000,0.000,0.000,0.000
45904.000,57.000,143674.000,64.000,0.000,0.000,0.000,0.000,0.000
45914.000,58.000,143732.000,64.000,0.000,0.000,0.000,0.000,0.000
45924.000,57.000,143789.000,64.000,720.000,0.000,0.000,0.000,0.000
45934.000,57.000,143846.000,64.000,0.000,0.000,0.000,0.000,0.000
45944.000,59.000,143905.000,64.000,0.000,0.000,0.000,0.000,0.000
45954.000,57.000,143962.000,64.000,720.000,0.000,0.000,0.000,0.000
45964.000,59.000,144021.000,64.000,0.000,0.000,0.000,0.000,0.000
45974.000,59.000,144080.000,64.000,720.000,0.000,0.000,0.000,0.000
45984.000,57.000,144137.000,64.000,720.000,0.000,0.000,0.000,0.000
45994.000,58.000,144195.000,64.000,0.000,0.000,0.000,0.000,0.000
46004.000,58.000,144253.000,64.000,720.000,0.000,0.000,0.000,0.000
46014.000,58.000,144311.000,64.000,720.000,0.000,0.000,0.000,0.000
46024.000,57.000,144368.000,64.000,720.000,0.000,0.000,0.000,0.000
46034.000,57.000,144425.000,64.000,0.000,0.000,0.000,0.000,0.000
46044.000,59.000,144484.000,64.000,0.000,0.000,0.000,0.000,0.000
46054.000,57.000,144541.000,64.000,720.000,0.000,0.000,0.000,0.000
46064.000,59.000,144600.000,64.000,0.000,0.000,0.000,0.000,0.000
46074.000,57.000,144657.000,64.000,720.000,0.000,0.000,0.000,0.000
46084.000,59.000,144716.000,64.000,0.000,0.000,0.000,0.000,0.000
46094.000,57.000,144773.000,64.000,720.000,0.000,0.000,0.000,0.000
46104.000,58.000,144831.000,64.000,720.000,0.000,0.000,0.000,0.000
46114.000,57.000,144888.000,64.000,720.000,0.000,0.000,0.000,0.000
46124.000,57.000,144945.000,64.000,720.000,0.000,0.000,0.000,0.000
46134.000,57.000,145002.000,64.000,0.000,0.000,0.000,0.000,0.000
46144.000,58.000,145060.000,64.000,0.000,0.000,0.000,0.000,0.000
46154.000,58.000,145118.000,64.000,720.000,0.000,0.000,0.000,0.000
46164.000,57.000,145175.000,64.000,720.000,0.000,0.000,0.000,0.000
46174.000,58.000,145233.000,64.000,0.000,0.000,0.000,0.000,0.000
46184.000,57.000,145290.000,64.000,720.000,0.000,0.000,0.000,0.000
46194.000,58.000,145348.000,64.000,0.000,0.000,0.000,0.000,0.000
46204.000,58.000,145406.000,64.000,720.000,0.000,0.000,0.000,0.000
46214.000,57.000,145463.000,64.000,720.000,0.000,0.000,0.000,0.000
46224.000,58.000,145521.000,64.000,0.000,0.000,0.000,0.000,0.000
46234.000,57.000,145578.000,64.000,720.000,0.000,0.000,0.000,0.000
46244.000,58.000,145636.000,64.000,0.000,0.000,0.000,0.000,0.000
46254.000,57.000,145693.000,64.000,720.000,0.000,0.000,0.000,0.000
46264.000,57.000,145750.000,64.000,0.000,0.000,0.000,0.000,0.000
46274.000,59.000,145809.000,64.000,0.000,0.000,0.000,0.000,0.000
46284.000,58.000,145867.000,64.000,720.000,0.000,0.000,0.000,0.000
46294.000,58.000,145925.000,64.000,720.000,0.000,0.000,0.000,0.000
46304.000,57.000,145982.000,64.000,720.000,0.000,0.000,0.000,0.000
46314.000,58.000,146040.000,64.000,0.000,0.000,0.000,0.000,0.000
46324.000,57.000,146097.000,64.000,720.000,0.000,0.000,0.000,0.000
46334.000,58.000,146155.000,64.000,0.000,0.000,0.000,0.000,0.000
46344.000,58.000,146213.000,64.000,720.000,0.000,0.000,0.000,0.000
46354.000,57.000,146270.000,64.000,720.000,0.000,0.000,0.000,0.000
46364.000,58.000,146328.000,64.000,0.000,0.000,0.000,0.000,0.000
46374.000,57.000,146385.000,64.000,720.000,0.000,0.000,0.000,0.000
46384.000,58.000,146443.000,64.000,0.000,0.000,0.000,0.000,0.000
46394.000,58.000,146501.000,64.000,720.000,0.000,0.000,0.000,0.000
46404.000,57.000,146558.000,64.000,720.000,0.000,0.000,0.000,0.000
46414.000,58.000,146616.000,64.000,0.000,0.000,0.000,0.000,0.000
46424.000,57.000,146673.000,64.000,720.000,0.000,0.000,0.000,0.000
46434.000,57.000,146730.000,64.000,0.000,0.000,0.000,0.000,0.000
46444.000,59.000,146789.000,64.000,0.000,0.000,0.000,0.000,0.000
46454.000,58.000,146847.000,64.000,720.000,0.000,0.000,0.000,0.000
46464.000,58.000,146905.000,64.000,720.000,0.000,0.000,0.000,0.000
46474.000,57.000,146962.000,64.000,720.000,0.000,0.000,0.000,0.000
46484.000,58.000,147020.000,64.000,720.000,0.000,0.000,0.000,0.000
46494.000,57.000,147077.000,64.000,720.000,0.000,0.000,0.000,0.000
46504.000,56.000,147133.000,64.000,720.000,0.000,0.000,0.000,0.000
46514.000,57.000,147190.000,64.000,0.000,0.000,0.000,0.000,0.000
46524.000,58.000,147248.000,64.000,0.000,0.000,0.000,0.000,0.000
46534.000,57.000,147305.000,64.000,720.000,0.000,0.000,0.000,0.000
46544.000,57.000,147362.000,64.000,0.000,0.000,0.000,0.000,0.000
46554.000,59.000,147421.000,64.000,0.000,0.000,0.000,0.000,0.000
46564.000,57.000,147478.000,64.000,720.000,0.000,0.000,0.000,0.000
46574.000,59.000,147537.000,64.000,0.000,0.000,0.000,0.000,0.000
46584.000,57.000,147594.000,64.000,720.000,0.000,0.000,0.000,0.000
46594.000,59.000,147653.000,64.000,0.000,0.000,0.000,0.000,0.000
46604.000,57.000,147710.000,64.000,720.000,0.000,0.000,0.000,0.000
46614.000,59.000,147769.000,64.000,0.000,0.000,0.000,0.000,0.000
46624.000,59.000,147828.000,64.000,720.000,0.000,0.000,0.000,0.000
46634.000,57.000,147885.000,64.000,720.000,0.000,0.000,0.000,0.000
46644.000,57.000,147942.000,64.000,720.000,0.000,0.000,0.000,0.000
46654.000,58.000,148000.000,64.000,720.000,0.000,0.000,0.000,0.000
46664.000,56.000,148056.000,64.000,720.000,0.000,0.000,0.000,0.000
46674.000,57.000,148113.000,64.000,0.000,0.000,0.000,0.000,0.000
46684.000,57.000,148170.000,64.000,0.000,0.000,0.000,0.000,0.000
46694.000,59.000,148229.000,64.000,0.000,0.000,0.000,0.000,0.000
46704.000,57.000,148286.000,64.000,720.000,0.000,0.000,0.000,0.000
46714.000,59.000,148345.000,64.000,0.000,0.000,0.000,0.000,0.000
46724.000,57.000,148402.000,64.000,720.000,0.000,0.000,0.000,0.000
46734.000,58.000,148460.000,64.000,720.000,0.000,0.000,0.000,0.000
46744.000,57.000,148517.000,64.000,720.000,0.000,0.000,0.000,0.000
46754.000,57.000,148574.000,64.000,720.000,0.000,0.000,0.000,0.000
46764.000,58.000,148632.000,64.000,0.000,0.000,0.000,0.000,0.000
46774.000,57.000,148689.000,64.000,720.000,0.000,0.000,0.000,0.000
46784.000,57.000,148746.000,64.000,0.000,0.000,0.000,0.000,0.000
46794.000,58.000,148804.000,64.000,0.000,0.000,0.000,0.000,0.000
46804.000,58.000,148862.000,64.000,720.000,0.000,0.000,0.000,0.000
46814.000,58.000,148920.000,64.000,720.000,0.000,0.000,0.000,0.000
46824.000,58.000,148978.000,64.000,720.000,0.000,0.000,0.000,0.000
46834.000,56.000,149034.000,64.000,720.000,0.000,0.000,0.000,0.000
46844.000,58.000,149092.000,64.000,0.000,0.000,0.000,0.000,0.000
46854.000,57.000,149149.000,64.000,720.000,0.000,0.000,0.000,0.000
46864.000,57.000,149206.000,64.000,0.000,0.000,0.000,0.000,0.000
46874.000,58.000,149264.000,64.000,0.000,0.000,0.000,0.000,0.000
46884.000,58.000,149322.000,64.000,720.000,0.000,0.000,0.000,0.000
46894.000,58.000,149380.000,64.000,720.000,0.000,0.000,0.000,0.000
46904.000,57.000,149437.000,64.000,720.000,0.000,0.000,0.000,0.000
46914.000,57.000,149494.000,64.000,0.000,0.000,0.000,0.000,0.000
46924.000,58.000,149552.000,64.000,0.000,0.000,0.000,0.000,0.000
46934.000,58.000,149610.000,64.000,720.000,0.000,0.000,0.000,0.000
46944.000,58.000,149668.000,64.000,720.000,0.000,0.000,0.000,0.000
46954.000,57.000,149725.000,64.000,720.000,0.000,0.000,0.000,0.000
46964.000,57.000,149782.000,64.000,0.000,0.000,0.000,0.000,0.000
46974.000,58.000,149840.000,64.000,0.000,0.000,0.000,0.000,0.000
46984.000,58.000,149898.000,64.000,720.000,0.000,0.000,0.000,0.000
46994.000,58.000,149956.000,64.000,720.000,0.000,0.000,0.000,0.000
47004.000,57.000,150013.000,64.000,720.000,0.000,0.000,0.000,0.000
47014.000,57.000,150070.000,64.000,0.000,0.000,0.000,0.000,0.000
47024.000,58.000,150128.000,64.000,0.000,0.000,0.000,0.000,0.000
47034.000,58.000,150186.000,64.000,720.000,0.000,0.000,0.000,0.000
47044.000,58.000,150244.000,64.000,720.000,0.000,0.000,0.000,0.000
47054.000,56.000,150300.000,64.000,720.000,0.000,0.000,0.000,0.000
47064.000,57.000,150357.000,64.000,0.000,0.000,0.000,0.000,0.000
47074.000,59.000,150416.000,64.000,0.000,0.000,0.000,0.000,0.000
47084.000,57.000,150473.000,64.000,720.000,0.000,0.000,0.000,0.000
47094.000,58.000,150531.000,64.000,0.000,0.000,0.000,0.000,0.000
47104.000,58.000,150589.000,64.000,720.000,0.000,0.000,0.000,0.000
47114.000,58.000,150647.000,64.000,720.000,0.000,0.000,0.000,0.000
47124.000,57.000,150704.000,64.000,720.000,0.000,0.000,0.000,0.000
47134.000,57.000,150761.000,64.000,0.000,0.000,0.000,0.000,0.000
47144.000,58.000,150819.000,64.000,0.000,0.000,0.000,0.000,0.000
47154.000,58.000,150877.000,64.000,720.000,0.000,0.000,0.000,0.000
47164.000,58.000,150935.000,64.000,720.000,0.000,0.000,0.000,0.000
47174.000,57.000,150992.000,64.000,720.000,0.000,0.000,0.000,0.000
47184.000,57.000,151049.000,64.000,0.000,0.000,0.000,0.000,0.000
47194.000,58.000,151107.000,64.000,0.000,0.000,0.000,0.000,0.000
47204.000,58.000,151165.000,64.000,720.000,0.000,0.000,0.000,0.000
47214.000,57.000,151222.000,64.000,720.000,0.000,0.000,0.000,0.000
47224.000,58.000,151280.000,64.000,0.000,0.000,0.000,0.000,0.000
47234.000,57.000,151337.000,64.000,720.000,0.000,0.000,0.000,0.000
47244.000,59.000,151396.000,64.000,0.000,0.000,0.000,0.000,0.000
47254.000,57.000,151453.000,64.000,720.000,0.000,0.000,0.000,0.000
47264.000,59.000,151512.000,64.000,0.000,0.000,0.000,0.000,0.000
47274.000,57.000,151569.000,64.000,720.000,0.000,0.000,0.000,0.000
47284.000,59.000,151628.000,64.000,0.000,0.000,0.000,0.000,0.000
47294.000,58.000,151686.000,64.000,720.000,0.000,0.000,0.000,0.000
47304.000,58.000,151744.000,64.000,720.000,0.000,0.000,0.000,0.000
47314.000,57.000,151801.000,64.000,720.000,0.000,0.000,0.000,0.000
47324.000,57.000,151858.000,64.000,720.000,0.000,0.000,0.000,0.000
47334.000,56.000,151914.000,64.000,720.000,0.000,0.000,0.000,0.000
47344.000,58.000,151972.000,64.000,0.000,0.000,0.000,0.000,0.000
47354.000,56.000,152028.000,64.000,720.000,0.000,0.000,0.000,0.000
47364.000,57.000,152085.000,64.000,0.000,0.000,0.000,0.000,0.000
47374.000,59.000,152144.000,64.000,0.000,0.000,0.000,0.000,0.000
47384.000,57.000,152201.000,64.000,720.000,0.000,0.000,0.000,0.000
47394.000,57.000,152258.000,64.000,0.000,0.000,0.000,0.000,0.000
47404.000,59.000,152317.000,64.000,0.000,0.000,0.000,0.000,0.000
47414.000,59.000,152376.000,64.000,720.000,0.000,0.000,0.000,0.000
47424.000,57.000,152433.000,64.000,720.000,0.000,0.000,0.000,0.000
47434.000,59.000,152492.000,64.000,0.000,0.000,0.000,0.000,0.000
47444.000,57.000,152549.000,64.000,720.000,0.000,0.000,0.000,0.000
47454.000,58.000,152607.000,64.000,720.000,0.000,0.000,0.000,0.000
47464.000,58.000,152665.000,64.000,720.000,0.000,0.000,0.000,0.000
47474.000,56.000,152721.000,64.000,720.000,0.000,0.000,0.000,0.000
47484.000,57.000,152778.000,64.000,0.000,0.000,0.000,0.000,0.000
47494.000,58.000,152836.000,64.000,0.000,0.000,0.000,0.000,0.000
47504.000,57.000,152893.000,64.000,720.000,0.000,0.000,0.000,0.000
47514.000,58.000,152951.000,64.000,0.000,0.000,0.000,0.000,0.000
47524.000,58.000,153009.000,64.000,720.000,0.000,0.000,0.000,0.000
47534.000,57.000,153066.000,64.000,720.000,0.000,0.000,0.000,0.000
47544.000,58.000,153124.000,64.000,0.000,0.000,0.000,0.000,0.000
47554.000,57.000,153181.000,64.000,720.000,0.000,0.000,0.000,0.000
47564.000,58.000,153239.000,64.000,0.000,0.000,0.000,0.000,0.000
47574.000,58.000,153297.000,64.000,720.000,0.000,0.000,0.000,0.000
47584.000,57.000,153354.000,64.000,720.000,0.000,0.000,0.000,0.000
47594.000,58.000,153412.000,64.000,0.000,0.000,0.000,0.000,0.000
47604.000,58.000,153470.000,64.000,720.000,0.000,0.000,0.000,0.000
47614.000,57.000,153527.000,64.000,720.000,0.000,0.000,0.000,0.000
47624.000,58.000,153585.000,64.000,0.000,0.000,0.000,0.000,0.000
47634.000,57.000,153642.000,64.000,720.000,0.000,0.000,0.000,0.000
47644.000,58.000,153700.000,64.000,0.000,0.000,0.000,0.000,0.000
47654.000,57.000,153757.000,64.000,720.000,0.000,0.000,0.000,0.000
47664.000,58.000,153815.000,64.000,0.000,0.000,0.000,0.000,0.000
47674.000,58.000,153873.000,64.000,720.000,0.000,0.000,0.000,0.000
47684.000,57.000,153930.000,64.000,720.000,0.000,0.000,0.000,0.000
47694.000,58.000,153988.000,64.000,0.000,0.000,0.000,0.000,0.000
47704.000,57.000,154045.000,64.000,720.000,0.000,0.000,0.000,0.000
47714.000,58.000,154103.000,64.000,0.000,0.000,0.000,0.000,0.000
47724.000,58.000,154161.000,64.000,720.000,0.000,0.000,0.000,0.000
47734.000,57.000,154218.000,64.000,720.000,0.000,0.000,0.000,0.000
47744.000,58.000,154276.000,64.000,0.000,0.000,0.000,0.000,0.000
47754.000,58.000,154334.000,64.000,720.000,0.000,0.000,0.000,0.000
47764.000,57.000,154391.000,64.000,720.000,0.000,0.000,0.000,0.000
47774.000,58.000,154449.000,64.000,0.000,0.000,0.000,0.000,0.000
47784.000,57.000,154506.000,64.000,720.000,0.000,0.000,0.000,0.000
47794.000,58.000,154564.000,64.000,0.000,0.000,0.000,0.000,0.000
47804.000,57.000,154621.000,64.000,720.000,0.000,0.000,0.000,0.000
47814.000,58.000,154679.000,64.000,0.000,0.000,0.000,0.000,0.000
47824.000,58.000,154737.000,64.000,720.000,0.000,0.000,0.000,0.000
47834.000,57.000,154794.000,64.000,720.000,0.000,0.000,0.000,0.000
47844.000,58.000,154852.000,64.000,0.000,0.000,0.000,0.000,0.000
47854.000,57.000,154909.000,64.000,720.000,0.000,0.000,0.000,0.000
47864.000,58.000,154967.000,64.000,0.000,0.000,0.000,0.000,0.000
47874.000,58.000,155025.000,64.000,720.000,0.000,0.000,0.000,0.000
47884.000,57.000,155082.000,64.000,720.000,0.000,0.000,0.000,0.000
47894.000,58.000,155140.000,64.000,0.000,0.000,0.000,0.000,0.000
47904.000,58.000,155198.000,64.000,720.000,0.000,0.000,0.000,0.000
47914.000,57.000,155255.000,64.000,720.000,0.000,0.000,0.000,0.000
47924.000,57.000,155312.000,64.000,0.000,0.000,0.000,0.000,0.000
47934.000,58.000,155370.000,64.000,0.000,0.000,0.000,0.000,0.000
47944.000,58.000,155428.000,64.000,720.000,0.000,0.000,0.000,0.000
47954.000,58.000,155486.000,64.000,720.000,0.000,0.000,0.000,0.000
47964.000,57.000,155543.000,64.000,720.000,0.000,0.000,0.000,0.000
47974.000,57.000,155600.000,64.000,0.000,0.000,0.000,0.000,0.000
47984.000,58.000,155658.000,64.000,0.000,0.000,0.000,0.000,0.000
47994.000,58.000,155716.000,64.000,720.000,0.000,0.000,0.000,0.000
48004.000,57.000,155773.000,64.000,720.000,0.000,0.000,0.000,0.000
48014.000,58.000,155831.000,64.000,0.000,0.000,0.000,0.000,0.000
48024.000,58.000,155889.000,64.000,720.000,0.000,0.000,0.000,0.000
48034.000,57.000,155946.000,64.000,720.000,0.000,0.000,0.000,0.000
48044.000,57.000,156003.000,64.000,0.000,0.000,0.000,0.000,0.000
48054.000,58.000,156061.000,64.000,0.000,0.000,0.000,0.000,0.000
48064.000,59.000,156120.000,64.000,720.000,0.000,0.000,0.000,0.000
48074.000,57.000,156177.000,64.000,720.000,0.000,0.000,0.000,0.000
48084.000,58.000,156235.000,64.000,0.000,0.000,0.000,0.000,0.000
48094.000,58.000,156293.000,64.000,720.000,0.000,0.000,0.000,0.000
48104.000,57.000,156350.000,64.000,720.000,0.000,0.000,0.000,0.000
48114.000,58.000,156408.000,64.000,0.000,0.000,0.000,0.000,0.000
48124.000,58.000,156466.000,64.000,720.000,0.000,0.000,0.000,0.000
48134.000,57.000,156523.000,64.000,720.000,0.000,0.000,0.000,0.000
48144.000,57.000,156580.000,64.000,0.000,0.000,0.000,0.000,0.000
48154.000,58.000,156638.000,64.000,0.000,0.000,0.000,0.000,0.000
48164.000,58.000,156696.000,64.000,720.000,0.000,0.000,0.000,0.000
48174.000,58.000,156754.000,64.000,720.000,0.000,0.000,0.000,0.000
48184.000,57.000,156811.000,64.000,720.000,0.000,0.000,0.000,0.000
48194.000,57.000,156868.000,64.000,720.000,0.000,0.000,0.000,0.000
48204.000,57.000,156925.000,64.000,0.000,0.000,0.000,0.000,0.000
48214.000,58.000,156983.000,64.000,0.000,0.000,0.000,0.000,0.000
48224.000,58.000,157041.000,64.000,720.000,0.000,0.000,0.000,0.000
48234.000,57.000,157098.000,64.000,720.000,0.000,0.000,0.000,0.000
48244.000,58.000,157156.000,64.000,0.000,0.000,0.000,0.000,0.000
48254.000,58.000,157214.000,64.000,720.000,0.000,0.000,0.000,0.000
48264.000,57.000,157271.000,64.000,720.000,0.000,0.000,0.000,0.000
48274.000,58.000,157329.000,64.000,0.000,0.000,0.000,0.000,0.000
48284.000,57.000,157386.000,64.000,720.000,0.000,0.000,0.000,0.000
48294.000,57.000,157443.000,64.000,0.000,0.000,0.000,0.000,0.000
48304.000,58.000,157501.000,64.000,0.000,0.000,0.000,0.000,0.000
48314.000,58.000,157559.000,64.000,720.000,0.000,0.000,0.000,0.000
48324.000,58.000,157617.000,64.000,720.000,0.000,0.000,0.000,0.000
48334.000,57.000,157674.000,64.000,720.000,0.000,0.000,0.000,0.000
48344.000,57.000,157731.000,64.000,0.000,0.000,0.000,0.000,0.000
48354.000,58.000,157789.000,64.000,0.000,0.000,0.000,0.000,0.000
48364.000,58.000,157847.000,64.000,720.000,0.000,0.000,0.000,0.000
48374.000,58.000,157905.000,64.000,720.000,0.000,0.000,0.000,0.000
48384.000,57.000,157962.000,64.000,720.000,0.000,0.000,0.000,0.000
48394.000,58.000,158020.000,64.000,0.000,0.000,0.000,0.000,0.000
48404.000,58.000,158078.000,64.000,720.000,0.000,0.000,0.000,0.000
48414.000,57.000,158135.000,64.000,720.000,0.000,0.000,0.000,0.000
48424.000,57.000,158192.000,64.000,0.000,0.000,0.000,0.000,0.000
48434.000,58.000,158250.000,64.000,0.000,0.000,0.000,0.000,0.000
48444.000,58.000,158308.000,64.000,720.000,0.000,0.000,0.000,0.000
48454.000,58.000,158366.000,64.000,720.000,0.000,0.000,0.000,0.000
48464.000,57.000,158423.000,64.000,720.000,0.000,0.000,0.000,0.000
48474.000,57.000,158480.000,64.000,0.000,0.000,0.000,0.000,0.000
48484.000,58.000,158538.000,64.000,0.000,0.000,0.000,0.000,0.000
48494.000,58.000,158596.000,64.000,720.000,0.000,0.000,0.000,0.000
48504.000,57.000,158653.000,64.000,720.000,0.000,0.000,0.000,0.000
48514.000,58.000,158711.000,64.000,0.000,0.000,0.000,0.000,0.000
48524.000,58.000,158769.000,64.000,720.000,0.000,0.000,0.000,0.000
48534.000,57.000,158826.000,64.000,720.000,0.000,0.000,0.000,0.000
48544.000,58.000,158884.000,64.000,0.000,0.000,0.000,0.000,0.000
48554.000,58.000,158942.000,64.000,720.000,0.000,0.000,0.000,0.000
48564.000,57.000,158999.000,64.000,720.000,0.000,0.000,0.000,0.000
48574.000,58.000,159057.000,64.000,0.000,0.000,0.000,0.000,0.000
48584.000,57.000,159114.000,64.000,720.000,0.000,0.000,0.000,0.000
48594.000,58.000,159172.000,64.000,0.000,0.000,0.000,0.000,0.000
48604.000,57.000,159229.000,64.000,720.000,0.000,0.000,0.000,0.000
48614.000,58.000,159287.000,64.000,0.000,0.000,0.000,0.000,0.000
48624.000,58.000,159345.000,64.000,720.000,0.000,0.000,0.000,0.000
48634.000,57.000,159402.000,64.000,720.000,0.000,0.000,0.000,0.000
48644.000,58.000,159460.000,64.000,0.000,0.000,0.000,0.000,0.000
48654.000,57.000,159517.000,64.000,720.000,0.000,0.000,0.000,0.000
48664.000,58.000,159575.000,64.000,0.000,0.000,0.000,0.000,0.000
48674.000,58.000,159633.000,64.000,720.000,0.000,0.000,0.000,0.000
48684.000,57.000,159690.000,64.000,720.000,0.000,0.000,0.000,0.000
48694.000,58.000,159748.000,64.000,0.000,0.000,0.000,0.000,0.000
48704.000,58.000,159806.000,64.000,720.000,0.000,0.000,0.000,0.000
48714.000,58.000,159864.000,64.000,720.000,0.000,0.000,0.000,0.000
48724.000,57.000,159921.000,64.000,720.000,0.000,0.000,0.000,0.000
48734.000,56.000,159977.000,64.000,0.000,0.000,0.000,0.000,0.000
48744.000,58.000,160035.000,64.000,0.000,0.000,0.000,0.000,0.000
48754.000,58.000,160093.000,64.000,720.000,0.000,0.000,0.000,0.000
48764.000,57.000,160150.000,64.000,720.000,0.000,0.000,0.000,0.000
48774.000,58.000,160208.000,64.000,0.000,0.000,0.000,0.000,0.000
48784.000,57.000,160265.000,64.000,720.000,0.000,0.000,0.000,0.000
48794.000,57.000,160322.000,64.000,0.000,0.000,0.000,0.000,0.000
48804.000,59.000,160381.000,64.000,0.000,0.000,0.000,0.000,0.000
48814.000,58.000,160439.000,64.000,720.000,0.000,0.000,0.000,0.000
48824.000,58.000,160497.000,64.000,720.000,0.000,0.000,0.000,0.000
48834.000,57.000,160554.000,64.000,720.000,0.000,0.000,0.000,0.000
48844.000,58.000,160612.000,64.000,0.000,0.000,0.000,0.000,0.000
48854.000,58.000,160670.000,64.000,720.000,0.000,0.000,0.000,0.000
48864.000,57.000,160727.000,64.000,720.000,0.000,0.000,0.000,0.000
48874.000,57.000,160784.000,64.000,0.000,0.000,0.000,0.000,0.000
48884.000,58.000,160842.000,64.000,0.000,0.000,0.000,0.000,0.000
48894.000,58.000,160900.000,64.000,720.000,0.000,0.000,0.000,0.000
48904.000,58.000,160958.000,64.000,720.000,0.000,0.000,0.000,0.000
48914.000,57.000,161015.000,64.000,720.000,0.000,0.000,0.000,0.000
48924.000,57.000,161072.000,64.000,0.000,0.000,0.000,0.000,0.000
48934.000,58.000,161130.000,64.000,0.000,0.000,0.000,0.000,0.000
48944.000,58.000,161188.000,64.000,720.000,0.000,0.000,0.000,0.000
48954.000,58.000,161246.000,64.000,720.000,0.000,0.000,0.000,0.000
48964.000,57.000,161303.000,64.000,720.000,0.000,0.000,0.000,0.000
48974.000,58.000,161361.000,64.000,0.000,0.000,0.000,0.000,0.000
48984.000,57.000,161418.000,64.000,720.000,0.000,0.000,0.000,0.000
48994.000,58.000,161476.000,64.000,0.000,0.000,0.000,0.000,0.000
49004.000,57.000,161533.000,64.000,720.000,0.000,0.000,0.000,0.000
49014.000,58.000,161591.000,64.000,0.000,0.000,0.000,0.000,0.000
49024.000,58.000,161649.000,64.000,720.000,0.000,0.000,0.000,0.000
49034.000,57.000,161706.000,64.000,720.000,0.000,0.000,0.000,0.000
49044.000,58.000,161764.000,64.000,0.000,0.000,0.000,0.000,0.000
49054.000,58.000,161822.000,64.000,720.000,0.000,0.000,0.000,0.000
49064.000,58.000,161880.000,64.000,720.000,0.000,0.000,0.000,0.000
49074.000,56.000,161936.000,64.000,720.000,0.000,0.000,0.000,0.000
49084.000,57.000,161993.000,64.000,0.000,0.000,0.000,0.000,0.000
49094.000,58.000,162051.000,64.000,0.000,0.000,0.000,0.000,0.000
49104.000,58.000,162109.000,64.000,720.000,0.000,0.000,0.000,0.000
49114.000,57.000,162166.000,64.000,720.000,0.000,0.000,0.000,0.000
49124.000,58.000,162224.000,64.000,0.000,0.000,0.000,0.000,0.000
49134.000,57.000,162281.000,64.000,720.000,0.000,0.000,0.000,0.000
49144.000,57.000,162338.000,64.000,0.000,0.000,0.000,0.000,0.000
49154.000,59.000,162397.000,64.000,0.000,0.000,0.000,0.000,0.000
49164.000,58.000,162455.000,64.000,720.000,0.000,0.000,0.000,0.000
49174.000,58.000,162513.000,64.000,720.000,0.000,0.000,0.000,0.000
49184.000,57.000,162570.000,64.000,720.000,0.000,0.000,0.000,0.000
49194.000,58.000,162628.000,64.000,0.000,0.000,0.000,0.000,0.000
49204.000,58.000,162686.000,64.000,720.000,0.000,0.000,0.000,0.000
49214.000,57.000,162743.000,64.000,720.000,0.000,0.000,0.000,0.000
49224.000,57.000,162800.000,64.000,0.000,0.000,0.000,0.000,0.000
49234.000,58.000,162858.000,64.000,0.000,0.000,0.000,0.000,0.000
49244.000,58.000,162916.000,64.000,720.000,0.000,0.000,0.000,0.000
49254.000,58.000,162974.000,64.000,720.000,0.000,0.000,0.000,0.000
49264.000,57.000,163031.000,64.000,720.000,0.000,0.000,0.000,0.000
49274.000,57.000,163088.000,64.000,0.000,0.000,0.000,0.000,0.000
49284.000,58.000,163146.000,64.000,0.000,0.000,0.000,0.000,0.000
49294.000,58.000,163204.000,64.000,720.000,0.000,0.000,0.000,0.000
49304.000,58.000,163262.000,64.000,720.000,0.000,0.000,0.000,0.000
49314.000,57.000,163319.000,64.000,720.000,0.000,0.000,0.000,0.000
49324.000,57.000,163376.000,64.000,0.000,0.000,0.000,0.000,0.000
49334.000,58.000,163434.000,64.000,0.000,0.000,0.000,0.000,0.000
49344.000,58.000,163492.000,64.000,720.000,0.000,0.000,0.000,0.000
49354.000,58.000,163550.000,64.000,720.000,0.000,0.000,0.000,0.000
49364.000,57.000,163607.000,64.000,720.000,0.000,0.000,0.000,0.000
49374.000,58.000,163665.000,64.000,0.000,0.000,0.000,0.000,0.000
49384.000,57.000,163722.000,64.000,720.000,0.000,0.000,0.000,0.000
49394.000,58.000,163780.000,64.000,0.000,0.000,0.000,0.000,0.000
49404.000,57.000,163837.000,64.000,720.000,0.000,0.000,0.000,0.000
49414.000,58.000,163895.000,64.000,0.000,0.000,0.000,0.000,0.000
49424.000,58.000,163953.000,64.000,720.000,0.000,0.000,0.000,0.000
49434.000,57.000,164010.000,64.000,720.000,0.000,0.000,0.000,0.000
49444.000,58.000,164068.000,64.000,0.000,0.000,0.000,0.000,0.000
49454.000,58.000,164126.000,64.000,720.000,0.000,0.000,0.000,0.000
49464.000,57.000,164183.000,64.000,720.000,0.000,0.000,0.000,0.000
49474.000,58.000,164241.000,64.000,0.000,0.000,0.000,0.000,0.000
49484.000,57.000,164298.000,64.000,720.000,0.000,0.000,0.000,0.000
49494.000,58.000,164356.000,64.000,0.000,0.000,0.000,0.000,0.000
49504.000,58.000,164414.000,64.000,720.000,0.000,0.000,0.000,0.000
49514.000,57.000,164471.000,64.000,720.000,0.000,0.000,0.000,0.000
49524.000,58.000,164529.000,64.000,0.000,0.000,0.000,0.000,0.000
49534.000,57.000,164586.000,64.000,720.000,0.000,0.000,0.000,0.000
49544.000,58.000,164644.000,64.000,0.000,0.000,0.000,0.000,0.000
49554.000,57.000,164701.000,64.000,720.000,0.000,0.000,0.000,0.000
49564.000,57.000,164758.000,64.000,0.000,0.000,0.000,0.000,0.000
49574.000,59.000,164817.000,64.000,0.000,0.000,0.000,0.000,0.000
49584.000,58.000,164875.000,64.000,720.000,0.000,0.000,0.000,0.000
49594.000,58.000,164933.000,64.000,720.000,0.000,0.000,0.000,0.000
49604.000,57.000,164990.000,64.000,720.000,0.000,0.000,0.000,0.000
49614.000,58.000,165048.000,64.000,0.000,0.000,0.000,0.000,0.000
49624.000,57.000,165105.000,64.000,720.000,0.000,0.000,0.000,0.000
49634.000,59.000,165164.000,64.000,0.000,0.000,0.000,0.000,0.000
49644.000,57.000,165221.000,64.000,720.000,0.000,0.000,0.000,0.000
49654.000,57.000,165278.000,64.000,720.000,0.000,0.000,0.000,0.000
49664.000,58.000,165336.000,64.000,0.000,0.000,0.000,0.000,0.000
49674.000,58.000,165394.000,64.000,720.000,0.000,0.000,0.000,0.000
49684.000,57.000,165451.000,64.000,720.000,0.000,0.000,0.000,0.000
49694.000,57.000,165508.000,64.000,720.000,0.000,0.000,0.000,0.000
49704.000,57.000,165565.000,64.000,0.000,0.000,0.000,0.000,0.000
49714.000,57.000,165622.000,64.000,0.000,0.000,0.000,0.000,0.000
49724.000,59.000,165681.000,64.000,0.000,0.000,0.000,0.000,0.000
49734.000,58.000,165739.000,64.000,720.000,0.000,0.000,0.000,0.000
49744.000,58.000,165797.000,64.000,720.000,0.000,0.000,0.000,0.000
49754.000,57.000,165854.000,64.000,720.000,0.000,0.000,0.000,0.000
49764.000,58.000,165912.000,64.000,0.000,0.000,0.000,0.000,0.000
49774.000,57.000,165969.000,64.000,720.000,0.000,0.000,0.000,0.000
49784.000,58.000,166027.000,64.000,0.000,0.000,0.000,0.000,0.000
49794.000,58.000,166085.000,64.000,720.000,0.000,0.000,0.000,0.000
49804.000,57.000,166142.000,64.000,720.000,0.000,0.000,0.000,0.000
49814.000,58.000,166200.000,64.000,0.000,0.000,0.000,0.000,0.000
49824.000,57.000,166257.000,64.000,720.000,0.000,0.000,0.000,0.000
49834.000,58.000,166315.000,64.000,0.000,0.000,0.000,0.000,0.000
49844.000,58.000,166373.000,64.000,720.000,0.000,0.000,0.000,0.000
49854.000,57.000,166430.000,64.000,720.000,0.000,0.000,0.000,0.000
49864.000,58.000,166488.000,64.000,0.000,0.000,0.000,0.000,0.000
49874.000,57.000,166545.000,64.000,720.000,0.000,0.000,0.000,0.000
49884.000,58.000,166603.000,64.000,0.000,0.000,0.000,0.000,0.000
49894.000,58.000,166661.000,64.000,720.000,0.000,0.000,0.000,0.000
49904.000,57.000,166718.000,64.000,720.000,0.000,0.000,0.000,0.000
49914.000,58.000,166776.000,64.000,0.000,0.000,0.000,0.000,0.000
49924.000,57.000,166833.000,64.000,720.000,0.000,0.000,0.000,0.000
49934.000,58.000,166891.000,64.000,0.000,0.000,0.000,0.000,0.000
49944.000,58.000,166949.000,64.000,720.000,0.000,0.000,0.000,0.000
49954.000,57.000,167006.000,64.000,720.000,0.000,0.000,0.000,0.000
49964.000,58.000,167064.000,64.000,0.000,0.000,0.000,0.000,0.000
49974.000,57.000,167121.000,64.000,720.000,0.000,0.000,0.000,0.000
49984.000,57.000,167178.000,64.000,0.000,0.000,0.000,0.000,0.000
49994.000,59.000,167237.000,64.000,0.000,0.000,0.000,0.000,0.000
50004.000,57.000,167294.000,64.000,720.000,0.000,0.000,0.000,0.000
50014.000,59.000,167353.000,64.000,0.000,0.000,0.000,0.000,0.000
50024.000,59.000,167412.000,64.000,720.000,0.000,0.000,0.000,0.000
50034.000,57.000,167469.000,64.000,720.000,0.000,0.000,0.000,0.000
50044.000,57.000,167526.000,64.000,720.000,0.000,0.000,0.000,0.000
50054.000,58.000,167584.000,64.000,720.000,0.000,0.000,0.000,0.000
50064.000,56.000,167640.000,64.000,720.000,0.000,0.000,0.000,0.000
50074.000,57.000,167697.000,64.000,0.000,0.000,0.000,0.000,0.000
50084.000,57.000,167754.000,64.000,0.000,0.000,0.000,0.000,0.000
50094.000,59.000,167813.000,64.000,0.000,0.000,0.000,0.000,0.000
50104.000,57.000,167870.000,64.000,720.000,0.000,0.000,0.000,0.000
50114.000,59.000,167929.000,64.000,0.000,0.000,0.000,0.000,0.000
50124.000,57.000,167986.000,64.000,720.000,0.000,0.000,0.000,0.000
50134.000,58.000,168044.000,64.000,720.000,0.000,0.000,0.000,0.000
50144.000,58.000,168102.000,64.000,720.000,0.000,0.000,0.000,0.000
50154.000,56.000,168158.000,64.000,720.000,0.000,0.000,0.000,0.000
50164.000,58.000,168216.000,64.000,0.000,0.000,0.000,0.000,0.000
50174.000,57.000,168273.000,64.000,720.000,0.000,0.000,0.000,0.000
50184.000,57.000,168330.000,64.000,0.000,0.000,0.000,0.000,0.000
50194.000,58.000,168388.000,64.000,0.000,0.000,0.000,0.000,0.000
50204.000,58.000,168446.000,64.000,720.000,0.000,0.000,0.000,0.000
50214.000,58.000,168504.000,64.000,720.000,0.000,0.000,0.000,0.000
50224.000,57.000,168561.000,64.000,720.000,0.000,0.000,0.000,0.000
50234.000,57.000,168618.000,64.000,0.000,0.000,0.000,0.000,0.000
50244.000,58.000,168676.000,64.000,0.000,0.000,0.000,0.000,0.000
50254.000,58.000,168734.000,64.000,720.000,0.000,0.000,0.000,0.000
50264.000,58.000,168792.000,64.000,720.000,0.000,0.000,0.000,0.000
50274.000,57.000,168849.000,64.000,720.000,0.000,0.000,0.000,0.000
50284.000,57.000,168906.000,64.000,0.000,0.000,0.000,0.000,0.000
50294.000,58.000,168964.000,64.000,0.000,0.000,0.000,0.000,0.000
50304.000,58.000,169022.000,64.000,720.000,0.000,0.000,0.000,0.000
50314.000,58.000,169080.000,64.000,720.000,0.000,0.000,0.000,0.000
50324.000,57.000,169137.000,64.000,720.000,0.000,0.000,0.000,0.000
50334.000,57.000,169194.000,64.000,0.000,0.000,0.000,0.000,0.000
50344.000,58.000,169252.000,64.000,0.000,0.000,0.000,0.000,0.000
50354.000,58.000,169310.000,64.000,720.000,0.000,0.000,0.000,0.000
50364.000,58.000,169368.000,64.000,720.000,0.000,0.000,0.000,0.000
50374.000,57.000,169425.000,64.000,720.000,0.000,0.000,0.000,0.000
50384.000,57.000,169482.000,64.000,0.000,0.000,0.000,0.000,0.000
50394.000,58.000,169540.000,64.000,0.000,0.000,0.000,0.000,0.000
50404.000,58.000,169598.000,64.000,720.000,0.000,0.000,0.000,0.000
50414.000,57.000,169655.000,64.000,720.000,0.000,0.000,0.000,0.000
50424.000,58.000,169713.000,64.000,0.000,0.000,0.000,0.000,0.000
50434.000,57.000,169770.000,64.000,720.000,0.000,0.000,0.000,0.000
50444.000,58.000,169828.000,64.000,0.000,0.000,0.000,0.000,0.000
50454.000,58.000,169886.000,64.000,720.000,0.000,0.000,0.000,0.000
50464.000,57.000,169943.000,64.000,720.000,0.000,0.000,0.000,0.000
50474.000,58.000,170001.000,64.000,0.000,0.000,0.000,0.000,0.000
50484.000,57.000,170058.000,64.000,720.000,0.000,0.000,0.000,0.000
50494.000,58.000,170116.000,64.000,0.000,0.000,0.000,0.000,0.000
50504.000,58.000,170174.000,64.000,720.000,0.000,0.000,0.000,0.000
50514.000,57.000,170231.000,64.000,720.000,0.000,0.000,0.000,0.000
50524.000,57.000,170288.000,64.000,0.000,0.000,0.000,0.000,0.000
50534.000,58.000,170346.000,64.000,0.000,0.000,0.000,0.000,0.000
50544.000,58.000,170404.000,64.000,720.000,0.000,0.000,0.000,0.000
50554.000,58.000,170462.000,64.000,720.000,0.000,0.000,0.000,0.000
50564.000,57.000,170519.000,64.000,720.000,0.000,0.000,0.000,0.000
50574.000,58.000,170577.000,64.000,0.000,0.000,0.000,0.000,0.000
50584.000,57.000,170634.000,64.000,720.000,0.000,0.000,0.000,0.000
50594.000,58.000,170692.000,64.000,0.000,0.000,0.000,0.000,0.000
50604.000,57.000,170749.000,64.000,720.000,0.000,0.000,0.000,0.000
50614.000,58.000,170807.000,64.000,0.000,0.000,0.000,0.000,0.000
50624.000,58.000,170865.000,64.000,720.000,0.000,0.000,0.000,0.000
50634.000,57.000,170922.000,64.000,720.000,0.000,0.000,0.000,0.000
50644.000,58.000,170980.000,64.000,0.000,0.000,0.000,0.000,0.000
50654.000,57.000,171037.000,64.000,720.000,0.000,0.000,0.000,0.000
50664.000,58.000,171095.000,64.000,0.000,0.000,0.000,0.000,0.000
50674.000,58.000,171153.000,64.000,720.000,0.000,0.000,0.000,0.000
50684.000,57.000,171210.000,64.000,720.000,0.000,0.000,0.000,0.000
50694.000,58.000,171268.000,64.000,0.000,0.000,0.000,0.000,0.000
50704.000,57.000,171325.000,64.000,720.000,0.000,0.000,0.000,0.000
50714.000,58.000,171383.000,64.000,0.000,0.000,0.000,0.000,0.000
50724.000,58.000,171441.000,64.000,720.000,0.000,0.000,0.000,0.000
50734.000,57.000,171498.000,64.000,720.000,0.000,0.000,0.000,0.000
50744.000,58.000,171556.000,64.000,0.000,0.000,0.000,0.000,0.000
50754.000,57.000,171613.000,64.000,720.000,0.000,0.000,0.000,0.000
50764.000,58.000,171671.000,64.000,0.000,0.000,0.000,0.000,0.000
50774.000,58.000,171729.000,64.000,720.000,0.000,0.000,0.000,0.000
50784.000,57.000,171786.000,64.000,720.000,0.000,0.000,0.000,0.000
50794.000,57.000,171843.000,64.000,0.000,0.000,0.000,0.000,0.000
50804.000,58.000,171901.000,64.000,0.000,0.000,0.000,0.000,0.000
50814.000,58.000,171959.000,64.000,720.000,0.000,0.000,0.000,0.000
50824.000,58.000,172017.000,64.000,720.000,0.000,0.000,0.000,0.000
50834.000,57.000,172074.000,64.000,720.000,0.000,0.000,0.000,0.000
50844.000,58.000,172132.000,64.000,0.000,0.000,0.000,0.000,0.000
50854.000,57.000,172189.000,64.000,720.000,0.000,0.000,0.000,0.000
50864.000,57.000,172246.000,64.000,0.000,0.000,0.000,0.000,0.000
50874.000,59.000,172305.000,64.000,0.000,0.000,0.000,0.000,0.000
50884.000,58.000,172363.000,64.000,720.000,0.000,0.000,0.000,0.000
50894.000,58.000,172421.000,64.000,720.000,0.000,0.000,0.000,0.000
50904.000,57.000,172478.000,64.000,720.000,0.000,0.000,0.000,0.000
50914.000,57.000,172535.000,64.000,0.000,0.000,0.000,0.000,0.000
50924.000,58.000,172593.000,64.000,0.000,0.000,0.000,0.000,0.000
50934.000,58.000,172651.000,64.000,720.000,0.000,0.000,0.000,0.000
50944.000,57.000,172708.000,64.000,720.000,0.000,0.000,0.000,0.000
50954.000,58.000,172766.000,64.000,0.000,0.000,0.000,0.000,0.000
50964.000,58.000,172824.000,64.000,720.000,0.000,0.000,0.000,0.000
50974.000,57.000,172881.000,64.000,720.000,0.000,0.000,0.000,0.000
50984.000,57.000,172938.000,64.000,0.000,0.000,0.000,0.000,0.000
50994.000,58.000,172996.000,64.000,0.000,0.000,0.000,0.000,0.000
51004.000,58.000,173054.000,64.000,720.000,0.000,0.000,0.000,0.000
51014.000,58.000,173112.000,64.000,720.000,0.000,0.000,0.000,0.000
51024.000,57.000,173169.000,64.000,720.000,0.000,0.000,0.000,0.000
51034.000,57.000,173226.000,64.000,0.000,0.000,0.000,0.000,0.000
51044.000,59.000,173285.000,64.000,0.000,0.000,0.000,0.000,0.000
51054.000,57.000,173342.000,64.000,720.000,0.000,0.000,0.000,0.000
51064.000,59.000,173401.000,64.000,0.000,0.000,0.000,0.000,0.000
51074.000,57.000,173458.000,64.000,720.000,0.000,0.000,0.000,0.000
51084.000,58.000,173516.000,64.000,720.000,0.000,0.000,0.000,0.000
51094.000,57.000,173573.000,64.000,720.000,0.000,0.000,0.000,0.000
51104.000,57.000,173630.000,64.000,720.000,0.000,0.000,0.000,0.000
51114.000,58.000,173688.000,64.000,0.000,0.000,0.000,0.000,0.000
51124.000,57.000,173745.000,64.000,720.000,0.000,0.000,0.000,0.000
51134.000,57.000,173802.000,64.000,0.000,0.000,0.000,0.000,0.000
51144.000,58.000,173860.000,64.000,0.000,0.000,0.000,0.000,0.000
51154.000,58.000,173918.000,64.000,720.000,0.000,0.000,0.000,0.000
51164.000,58.000,173976.000,64.000,720.000,0.000,0.000,0.000,0.000
51174.000,57.000,174033.000,64.000,720.000,0.000,0.000,0.000,0.000
51184.000,57.000,174090.000,64.000,0.000,0.000,0.000,0.000,0.000
51194.000,58.000,174148.000,64.000,0.000,0.000,0.000,0.000,0.000
51204.000,58.000,174206.000,64.000,720.000,0.000,0.000,0.000,0.000
51214.000,57.000,174263.000,64.000,720.000,0.000,0.000,0.000,0.000
51224.000,58.000,174321.000,64.000,0.000,0.000,0.000,0.000,0.000
51234.000,57.000,174378.000,64.000,720.000,0.000,0.000,0.000,0.000
51244.000,58.000,174436.000,64.000,0.000,0.000,0.000,0.000,0.000
51254.000,58.000,174494.000,64.000,720.000,0.000,0.000,0.000,0.000
51264.000,57.000,174551.000,64.000,720.000,0.000,0.000,0.000,0.000
51274.000,57.000,174608.000,64.000,0.000,0.000,0.000,0.000,0.000
51284.000,58.000,174666.000,64.000,0.000,0.000,0.000,0.000,0.000
51294.000,58.000,174724.000,64.000,720.000,0.000,0.000,0.000,0.000
51304.000,58.000,174782.000,64.000,720.000,0.000,0.000,0.000,0.000
51314.000,57.000,174839.000,64.000,720.000,0.000,0.000,0.000,0.000
51324.000,58.000,174897.000,64.000,0.000,0.000,0.000,0.000,0.000
51334.000,57.000,174954.000,64.000,720.000,0.000,0.000,0.000,0.000
51344.000,58.000,175012.000,64.000,0.000,0.000,0.000,0.000,0.000
51354.000,57.000,175069.000,64.000,720.000,0.000,0.000,0.000,0.000
51364.000,58.000,175127.000,64.000,0.000,0.000,0.000,0.000,0.000
51374.000,58.000,175185.000,64.000,720.000,0.000,0.000,0.000,0.000
51384.000,57.000,175242.000,64.000,720.000,0.000,0.000,0.000,0.000
51394.000,57.000,175299.000,64.000,0.000,0.000,0.000,0.000,0.000
51404.000,58.000,175357.000,64.000,0.000,0.000,0.000,0.000,0.000
51414.000,58.000,175415.000,64.000,720.000,0.000,0.000,0.000,0.000
51424.000,58.000,175473.000,64.000,720.000,0.000,0.000,0.000,0.000
51434.000,57.000,175530.000,64.000,720.000,0.000,0.000,0.000,0.000
51444.000,57.000,175587.000,64.000,0.000,0.000,0.000,0.000,0.000
51454.000,58.000,175645.000,64.000,0.000,0.000,0.000,0.000,0.000
51464.000,58.000,175703.000,64.000,720.000,0.000,0.000,0.000,0.000
51474.000,58.000,175761.000,64.000,720.000,0.000,0.000,0.000,0.000
51484.000,57.000,175818.000,64.000,720.000,0.000,0.000,0.000,0.000
51494.000,58.000,175876.000,64.000,0.000,0.000,0.000,0.000,0.000
51504.000,57.000,175933.000,64.000,720.000,0.000,0.000,0.000,0.000
51514.000,58.000,175991.000,64.000,0.000,0.000,0.000,0.000,0.000
51524.000,58.000,176049.000,64.000,720.000,0.000,0.000,0.000,0.000
51534.000,57.000,176106.000,64.000,720.000,0.000,0.000,0.000,0.000
51544.000,57.000,176163.000,64.000,0.000,0.000,0.000,0.000,0.000
51554.000,58.000,176221.000,64.000,0.000,0.000,0.000,0.000,0.000
51564.000,58.000,176279.000,64.000,720.000,0.000,0.000,0.000,0.000
51574.000,58.000,176337.000,64.000,720.000,0.000,0.000,0.000,0.000
51584.000,57.000,176394.000,64.000,720.000,0.000,0.000,0.000,0.000
51594.000,57.000,176451.000,64.000,0.000,0.000,0.000,0.000,0.000
51604.000,58.000,176509.000,64.000,0.000,0.000,0.000,0.000,0.000
51614.000,57.000,176566.000,64.000,720.000,0.000,0.000,0.000,0.000
51624.000,59.000,176625.000,64.000,0.000,0.000,0.000,0.000,0.000
51634.000,58.000,176683.000,64.000,720.000,0.000,0.000,0.000,0.000
51644.000,57.000,176740.000,64.000,720.000,0.000,0.000,0.000,0.000
51654.000,58.000,176798.000,64.000,0.000,0.000,0.000,0.000,0.000
51664.000,58.000,176856.000,64.000,720.000,0.000,0.000,0.000,0.000
51674.000,58.000,176914.000,64.000,720.000,0.000,0.000,0.000,0.000
51684.000,56.000,176970.000,64.000,720.000,0.000,0.000,0.000,0.000
51694.000,58.000,177028.000,64.000,0.000,0.000,0.000,0.000,0.000
51704.000,57.000,177085.000,64.000,720.000,0.000,0.000,0.000,0.000
51714.000,57.000,177142.000,64.000,0.000,0.000,0.000,0.000,0.000
51724.000,58.000,177200.000,64.000,0.000,0.000,0.000,0.000,0.000
51734.000,58.000,177258.000,64.000,720.000,0.000,0.000,0.000,0.000
51744.000,58.000,177316.000,64.000,720.000,0.000,0.000,0.000,0.000
51754.000,57.000,177373.000,64.000,720.000,0.000,0.000,0.000,0.000
51764.000,57.000,177430.000,64.000,0.000,0.000,0.000,0.000,0.000
51774.000,58.000,177488.000,64.000,0.000,0.000,0.000,0.000,0.000
51784.000,58.000,177546.000,64.000,720.000,0.000,0.000,0.000,0.000
51794.000,57.000,177603.000,64.000,720.000,0.000,0.000,0.000,0.000
51804.000,58.000,177661.000,64.000,0.000,0.000,0.000,0.000,0.000
51814.000,57.000,177718.000,64.000,720.000,0.000,0.000,0.000,0.000
51824.000,58.000,177776.000,64.000,0.000,0.000,0.000,0.000,0.000
51834.000,58.000,177834.000,64.000,720.000,0.000,0.000,0.000,0.000
51844.000,58.000,177892.000,64.000,720.000,0.000,0.000,0.000,0.000
51854.000,57.000,177949.000,64.000,720.000,0.000,0.000,0.000,0.000
51864.000,57.000,178006.000,64.000,0.000,0.000,0.000,0.000,0.000
51874.000,58.000,178064.000,64.000,0.000,0.000,0.000,0.000,0.000
51884.000,57.000,178121.000,64.000,720.000,0.000,0.000,0.000,0.000
51894.000,58.000,178179.000,64.000,0.000,0.000,0.000,0.000,0.000
51904.000,58.000,178237.000,64.000,720.000,0.000,0.000,0.000,0.000
51914.000,58.000,178295.000,64.000,720.000,0.000,0.000,0.000,0.000
51924.000,57.000,178352.000,64.000,720.000,0.000,0.000,0.000,0.000
51934.000,57.000,178409.000,64.000,0.000,0.000,0.000,0.000,0.000
51944.000,58.000,178467.000,64.000,0.000,0.000,0.000,0.000,0.000
51954.000,58.000,178525.000,64.000,720.000,0.000,0.000,0.000,0.000
51964.000,58.000,178583.000,64.000,720.000,0.000,0.000,0.000,0.000
51974.000,57.000,178640.000,64.000,720.000,0.000,0.000,0.000,0.000
51984.000,58.000,178698.000,64.000,0.000,0.000,0.000,0.000,0.000
51994.000,57.000,178755.000,64.000,720.000,0.000,0.000,0.000,0.000
52004.000,58.000,178813.000,64.000,0.000,0.000,0.000,0.000,0.000
52014.000,57.000,178870.000,64.000,720.000,0.000,0.000,0.000,0.000
52024.000,58.000,178928.000,64.000,0.000,0.000,0.000,0.000,0.000
52034.000,57.000,178985.000,64.000,720.000,0.000,0.000,0.000,0.000
52044.000,58.000,179043.000,64.000,0.000,0.000,0.000,0.000,0.000
52054.000,58.000,179101.000,64.000,720.000,0.000,0.000,0.000,0.000
52064.000,57.000,179158.000,64.000,720.000,0.000,0.000,0.000,0.000
52074.000,58.000,179216.000,64.000,0.000,0.000,0.000,0.000,0.000
52084.000,57.000,179273.000,64.000,720.000,0.000,0.000,0.000,0.000
52094.000,57.000,179330.000,64.000,0.000,0.000,0.000,0.000,0.000
52104.000,59.000,179389.000,64.000,0.000,0.000,0.000,0.000,0.000
52114.000,58.000,179447.000,64.000,720.000,0.000,0.000,0.000,0.000
52124.000,58.000,179505.000,64.000,720.000,0.000,0.000,0.000,0.000
52134.000,57.000,179562.000,64.000,720.000,0.000,0.000,0.000,0.000
52144.000,58.000,179620.000,64.000,0.000,0.000,0.000,0.000,0.000
52154.000,57.000,179677.000,64.000,720.000,0.000,0.000,0.000,0.000
52164.000,58.000,179735.000,64.000,0.000,0.000,0.000,0.000,0.000
52174.000,57.000,179792.000,64.000,720.000,0.000,0.000,0.000,0.000
52184.000,58.000,179850.000,64.000,0.000,0.000,0.000,0.000,0.000
52194.000,58.000,179908.000,64.000,720.000,0.000,0.000,0.000,0.000
52204.000,57.000,179965.000,64.000,720.000,0.000,0.000,0.000,0.000
52214.000,57.000,180022.000,64.000,0.000,0.000,0.000,0.000,0.000
52224.000,58.000,180080.000,64.000,0.000,0.000,0.000,0.000,0.000
52234.000,58.000,180138.000,64.000,720.000,0.000,0.000,0.000,0.000
52244.000,58.000,180196.000,64.000,720.000,0.000,0.000,0.000,0.000
52254.000,57.000,180253.000,64.000,720.000,0.000,0.000,0.000,0.000
52264.000,57.000,180310.000,64.000,0.000,0.000,0.000,0.000,0.000
52274.000,59.000,180369.000,64.000,0.000,0.000,0.000,0.000,0.000
52284.000,57.000,180426.000,64.000,720.000,0.000,0.000,0.000,0.000
52294.000,59.000,180485.000,64.000,0.000,0.000,0.000,0.000,0.000
52304.000,57.000,180542.000,64.000,720.000,0.000,0.000,0.000,0.000
52314.000,59.000,180601.000,64.000,0.000,0.000,0.000,0.000,0.000
52324.000,57.000,180658.000,64.000,720.000,0.000,0.000,0.000,0.000
52334.000,58.000,180716.000,64.000,720.000,0.000,0.000,0.000,0.000
52344.000,58.000,180774.000,64.000,720.000,0.000,0.000,0.000,0.000
52354.000,56.000,180830.000,64.000,720.000,0.000,0.000,0.000,0.000
52364.000,58.000,180888.000,64.000,0.000,0.000,0.000,0.000,0.000
52374.000,57.000,180945.000,64.000,720.000,0.000,0.000,0.000,0.000
52384.000,57.000,181002.000,64.000,0.000,0.000,0.000,0.000,0.000
52394.000,58.000,181060.000,64.000,0.000,0.000,0.000,0.000,0.000
52404.000,58.000,181118.000,64.000,720.000,0.000,0.000,0.000,0.000
52414.000,58.000,181176.000,64.000,720.000,0.000,0.000,0.000,0.000
52424.000,57.000,181233.000,64.000,720.000,0.000,0.000,0.000,0.000
52434.000,57.000,181290.000,64.000,0.000,0.000,0.000,0.000,0.000
52444.000,58.000,181348.000,64.000,0.000,0.000,0.000,0.000,0.000
52454.000,58.000,181406.000,64.000,720.000,0.000,0.000,0.000,0.000
52464.000,58.000,181464.000,64.000,720.000,0.000,0.000,0.000,0.000
52474.000,57.000,181521.000,64.000,720.000,0.000,0.000,0.000,0.000
52484.000,57.000,181578.000,64.000,0.000,0.000,0.000,0.000,0.000
52494.000,58.000,181636.000,64.000,0.000,0.000,0.000,0.000,0.000
52504.000,58.000,181694.000,64.000,720.000,0.000,0.000,0.000,0.000
52514.000,57.000,181751.000,64.000,720.000,0.000,0.000,0.000,0.000
52524.000,57.000,181808.000,64.000,0.000,0.000,0.000,0.000,0.000
52534.000,58.000,181866.000,64.000,0.000,0.000,0.000,0.000,0.000
52544.000,58.000,181924.000,64.000,720.000,0.000,0.000,0.000,0.000
52554.000,58.000,181982.000,64.000,720.000,0.000,0.000,0.000,0.000
52564.000,57.000,182039.000,64.000,720.000,0.000,0.000,0.000,0.000
52574.000,57.000,182096.000,64.000,0.000,0.000,0.000,0.000,0.000
52584.000,58.000,182154.000,64.000,0.000,0.000,0.000,0.000,0.000
52594.000,58.000,182212.000,64.000,720.000,0.000,0.000,0.000,0.000
52604.000,58.000,182270.000,64.000,720.000,0.000,0.000,0.000,0.000
52614.000,57.000,182327.000,64.000,720.000,0.000,0.000,0.000,0.000
52624.000,57.000,182384.000,64.000,0.000,0.000,0.000,0.000,0.000
52634.000,58.000,182442.000,64.000,0.000,0.000,0.000,0.000,0.000
52644.000,58.000,182500.000,64.000,720.000,0.000,0.000,0.000,0.000
52654.000,57.000,182557.000,64.000,720.000,0.000,0.000,0.000,0.000
52664.000,58.000,182615.000,64.000,0.000,0.000,0.000,0.000,0.000
52674.000,57.000,182672.000,64.000,720.000,0.000,0.000,0.000,0.000
52684.000,58.000,182730.000,64.000,0.000,0.000,0.000,0.000,0.000
52694.000,58.000,182788.000,64.000,720.000,0.000,0.000,0.000,0.000
52704.000,57.000,182845.000,64.000,720.000,0.000,0.000,0.000,0.000
52714.000,58.000,182903.000,64.000,0.000,0.000,0.000,0.000,0.000
52724.000,58.000,182961.000,64.000,720.000,0.000,0.000,0.000,0.000
52734.000,57.000,183018.000,64.000,720.000,0.000,0.000,0.000,0.000
52744.000,58.000,183076.000,64.000,0.000,0.000,0.000,0.000,0.000
52754.000,57.000,183133.000,64.000,720.000,0.000,0.000,0.000,0.000
52764.000,57.000,183190.000,64.000,0.000,0.000,0.000,0.000,0.000
52774.000,59.000,183249.000,64.000,0.000,0.000,0.000,0.000,0.000
52784.000,58.000,183307.000,64.000,720.000,0.000,0.000,0.000,0.000
52794.000,58.000,183365.000,64.000,720.000,0.000,0.000,0.000,0.000
52804.000,57.000,183422.000,64.000,720.000,0.000,0.000,0.000,0.000
52814.000,58.000,183480.000,64.000,0.000,0.000,0.000,0.000,0.000
52824.000,57.000,183537.000,64.000,720.000,0.000,0.000,0.000,0.000
52834.000,57.000,183594.000,64.000,0.000,0.000,0.000,0.000,0.000
52844.000,58.000,183652.000,64.000,0.000,0.000,0.000,0.000,0.000
52854.000,58.000,183710.000,64.000,720.000,0.000,0.000,0.000,0.000
52864.000,58.000,183768.000,64.000,720.000,0.000,0.000,0.000,0.000
52874.000,57.000,183825.000,64.000,720.000,0.000,0.000,0.000,0.000
52884.000,57.000,183882.000,64.000,0.000,0.000,0.000,0.000,0.000
52894.000,59.000,183941.000,64.000,0.000,0.000,0.000,0.000,0.000
52904.000,57.000,183998.000,64.000,720.000,0.000,0.000,0.000,0.000
52914.000,59.000,184057.000,64.000,0.000,0.000,0.000,0.000,0.000
52924.000,57.000,184114.000,64.000,720.000,0.000,0.000,0.000,0.000
52934.000,58.000,184172.000,64.000,720.000,0.000,0.000,0.000,0.000
52944.000,58.000,184230.000,64.000,720.000,0.000,0.000,0.000,0.000
52954.000,56.000,184286.000,64.000,720.000,0.000,0.000,0.000,0.000
52964.000,58.000,184344.000,64.000,0.000,0.000,0.000,0.000,0.000
52974.000,57.000,184401.000,64.000,720.000,0.000,0.000,0.000,0.000
52984.000,57.000,184458.000,64.000,0.000,0.000,0.000,0.000,0.000
52994.000,57.000,184515.000,64.000,0.000,0.000,0.000,0.000,0.000
53004.000,59.000,184574.000,64.000,0.000,0.000,0.000,0.000,0.000
53014.000,58.000,184632.000,64.000,720.000,0.000,0.000,0.000,0.000
53024.000,58.000,184690.000,64.000,720.000,0.000,0.000,0.000,0.000
53034.000,57.000,184747.000,64.000,720.000,0.000,0.000,0.000,0.000
53044.000,57.000,184804.000,64.000,0.000,0.000,0.000,0.000,0.000
53054.000,58.000,184862.000,64.000,0.000,0.000,0.000,0.000,0.000
53064.000,59.000,184921.000,64.000,720.000,0.000,0.000,0.000,0.000
53074.000,57.000,184978.000,64.000,720.000,0.000,0.000,0.000,0.000
53084.000,58.000,185036.000,64.000,720.000,0.000,0.000,0.000,0.000
53094.000,57.000,185093.000,64.000,720.000,0.000,0.000,0.000,0.000
53104.000,56.000,185149.000,64.000,720.000,0.000,0.000,0.000,0.000
53114.000,57.000,185206.000,64.000,0.000,0.000,0.000,0.000,0.000
53124.000,58.000,185264.000,64.000,0.000,0.000,0.000,0.000,0.000
53134.000,57.000,185321.000,64.000,720.000,0.000,0.000,0.000,0.000
53144.000,57.000,185378.000,64.000,0.000,0.000,0.000,0.000,0.000
53154.000,59.000,185437.000,64.000,0.000,0.000,0.000,0.000,0.000
53164.000,58.000,185495.000,64.000,720.000,0.000,0.000,0.000,0.000
53174.000,58.000,185553.000,64.000,720.000,0.000,0.000,0.000,0.000
53184.000,57.000,185610.000,64.000,720.000,0.000,0.000,0.000,0.000
53194.000,58.000,185668.000,64.000,0.000,0.000,0.000,0.000,0.000
53204.000,57.000,185725.000,64.000,720.000,0.000,0.000,0.000,0.000
53214.000,58.000,185783.000,64.000,0.000,0.000,0.000,0.000,0.000
53224.000,58.000,185841.000,64.000,720.000,0.000,0.000,0.000,0.000
53234.000,57.000,185898.000,64.000,720.000,0.000,0.000,0.000,0.000
53244.000,58.000,185956.000,64.000,0.000,0.000,0.000,0.000,0.000
53254.000,57.000,186013.000,64.000,720.000,0.000,0.000,0.000,0.000
53264.000,58.000,186071.000,64.000,0.000,0.000,0.000,0.000,0.000
53274.000,58.000,186129.000,64.000,720.000,0.000,0.000,0.000,0.000
53284.000,57.000,186186.000,64.000,720.000,0.000,0.000,0.000,0.000
53294.000,58.000,186244.000,64.000,0.000,0.000,0.000,0.000,0.000
53304.000,57.000,186301.000,64.000,720.000,0.000,0.000,0.000,0.000
53314.000,57.000,186358.000,64.000,0.000,0.000,0.000,0.000,0.000
53324.000,59.000,186417.000,64.000,0.000,0.000,0.000,0.000,0.000
53334.000,57.000,186474.000,64.000,720.000,0.000,0.000,0.000,0.000
53344.000,59.000,186533.000,64.000,0.000,0.000,0.000,0.000,0.000
53354.000,57.000,186590.000,64.000,720.000,0.000,0.000,0.000,0.000
53364.000,59.000,186649.000,64.000,0.000,0.000,0.000,0.000,0.000
53374.000,57.000,186706.000,64.000,720.000,0.000,0.000,0.000,0.000
53384.000,59.000,186765.000,64.000,720.000,0.000,0.000,0.000,0.000
53394.000,57.000,186822.000,64.000,720.000,0.000,0.000,0.000,0.000
53404.000,56.000,186878.000,64.000,720.000,0.000,0.000,0.000,0.000
53414.000,58.000,186936.000,64.000,0.000,0.000,0.000,0.000,0.000
53424.000,57.000,186993.000,64.000,720.000,0.000,0.000,0.000,0.000
53434.000,57.000,187050.000,64.000,0.000,0.000,0.000,0.000,0.000
53444.000,58.000,187108.000,64.000,0.000,0.000,0.000,0.000,0.000
53454.000,58.000,187166.000,64.000,720.000,0.000,0.000,0.000,0.000
53464.000,58.000,187224.000,64.000,720.000,0.000,0.000,0.000,0.000
53474.000,57.000,187281.000,64.000,720.000,0.000,0.000,0.000,0.000
53484.000,57.000,187338.000,64.000,0.000,0.000,0.000,0.000,0.000
53494.000,58.000,187396.000,64.000,0.000,0.000,0.000,0.000,0.000
53504.000,58.000,187454.000,64.000,720.000,0.000,0.000,0.000,0.000
53514.000,58.000,187512.000,64.000,720.000,0.000,0.000,0.000,0.000
53524.000,57.000,187569.000,64.000,720.000,0.000,0.000,0.000,0.000
53534.000,57.000,187626.000,64.000,0.000,0.000,0.000,0.000,0.000
53544.000,58.000,187684.000,64.000,0.000,0.000,0.000,0.000,0.000
53554.000,58.000,187742.000,64.000,720.000,0.000,0.000,0.000,0.000
53564.000,58.000,187800.000,64.000,720.000,0.000,0.000,0.000,0.000
53574.000,57.000,187857.000,64.000,720.000,0.000,0.000,0.000,0.000
53584.000,57.000,187914.000,64.000,0.000,0.000,0.000,0.000,0.000
53594.000,58.000,187972.000,64.000,0.000,0.000,0.000,0.000,0.000
53604.000,58.000,188030.000,64.000,720.000,0.000,0.000,0.000,0.000
53614.000,58.000,188088.000,64.000,720.000,0.000,0.000,0.000,0.000
53624.000,57.000,188145.000,64.000,720.000,0.000,0.000,0.000,0.000
53634.000,57.000,188202.000,64.000,0.000,0.000,0.000,0.000,0.000
53644.000,58.000,188260.000,64.000,0.000,0.000,0.000,0.000,0.000
53654.000,58.000,188318.000,64.000,720.000,0.000,0.000,0.000,0.000
53664.000,57.000,188375.000,64.000,720.000,0.000,0.000,0.000,0.000
53674.000,58.000,188433.000,64.000,0.000,0.000,0.000,0.000,0.000
53684.000,57.000,188490.000,64.000,720.000,0.000,0.000,0.000,0.000
53694.000,58.000,188548.000,64.000,0.000,0.000,0.000,0.000,0.000
53704.000,58.000,188606.000,64.000,720.000,0.000,0.000,0.000,0.000
53714.000,58.000,188664.000,64.000,720.000,0.000,0.000,0.000,0.000
53724.000,57.000,188721.000,64.000,720.000,0.000,0.000,0.000,0.000
53734.000,57.000,188778.000,64.000,0.000,0.000,0.000,0.000,0.000
53744.000,58.000,188836.000,64.000,0.000,0.000,0.000,0.000,0.000
53754.000,57.000,188893.000,64.000,720.000,0.000,0.000,0.000,0.000
53764.000,58.000,188951.000,64.000,0.000,0.000,0.000,0.000,0.000
53774.000,58.000,189009.000,64.000,720.000,0.000,0.000,0.000,0.000
53784.000,57.000,189066.000,64.000,720.000,0.000,0.000,0.000,0.000
53794.000,57.000,189123.000,64.000,0.000,0.000,0.000,0.000,0.000
53804.000,58.000,189181.000,64.000,0.000,0.000,0.000,0.000,0.000
53814.000,59.000,189240.000,64.000,720.000,0.000,0.000,0.000,0.000
53824.000,57.000,189297.000,64.000,720.000,0.000,0.000,0.000,0.000
53834.000,57.000,189354.000,64.000,0.000,0.000,0.000,0.000,0.000
53844.000,59.000,189413.000,64.000,0.000,0.000,0.000,0.000,0.000
53854.000,58.000,189471.000,64.000,720.000,0.000,0.000,0.000,0.000
53864.000,58.000,189529.000,64.000,720.000,0.000,0.000,0.000,0.000
53874.000,57.000,189586.000,64.000,720.000,0.000,0.000,0.000,0.000
53884.000,58.000,189644.000,64.000,720.000,0.000,0.000,0.000,0.000
53894.000,56.000,189700.000,64.000,720.000,0.000,0.000,0.000,0.000
53904.000,57.000,189757.000,64.000,0.000,0.000,0.000,0.000,0.000
53914.000,57.000,189814.000,64.000,0.000,0.000,0.000,0.000,0.000
53924.000,58.000,189872.000,64.000,0.000,0.000,0.000,0.000,0.000
53934.000,58.000,189930.000,64.000,720.000,0.000,0.000,0.000,0.000
53944.000,58.000,189988.000,64.000,720.000,0.000,0.000,0.000,0.000
53954.000,57.000,190045.000,64.000,720.000,0.000,0.000,0.000,0.000
53964.000,57.000,190102.000,64.000,0.000,0.000,0.000,0.000,0.000
53974.000,59.000,190161.000,64.000,0.000,0.000,0.000,0.000,0.000
53984.000,57.000,190218.000,64.000,720.000,0.000,0.000,0.000,0.000
53994.000,59.000,190277.000,64.000,0.000,0.000,0.000,0.000,0.000
54004.000,57.000,190334.000,64.000,720.000,0.000,0.000,0.000,0.000
54014.000,59.000,190393.000,64.000,0.000,0.000,0.000,0.000,0.000
54024.000,59.000,190452.000,64.000,720.000,0.000,0.000,0.000,0.000
54034.000,57.000,190509.000,64.000,720.000,0.000,0.000,0.000,0.000
54044.000,57.000,190566.000,64.000,720.000,0.000,0.000,0.000,0.000
54054.000,58.000,190624.000,64.000,720.000,0.000,0.000,0.000,0.000
54064.000,56.000,190680.000,64.000,720.000,0.000,0.000,0.000,0.000
54074.000,57.000,190737.000,64.000,0.000,0.000,0.000,0.000,0.000
54084.000,57.000,190794.000,64.000,0.000,0.000,0.000,0.000,0.000
54094.000,59.000,190853.000,64.000,0.000,0.000,0.000,0.000,0.000
54104.000,57.000,190910.000,64.000,720.000,0.000,0.000,0.000,0.000
54114.000,59.000,190969.000,64.000,0.000,0.000,0.000,0.000,0.000
54124.000,57.000,191026.000,64.000,720.000,0.000,0.000,0.000,0.000
54134.000,58.000,191084.000,64.000,720.000,0.000,0.000,0.000,0.000
54144.000,58.000,191142.000,64.000,720.000,0.000,0.000,0.000,0.000
54154.000,56.000,191198.000,64.000,720.000,0.000,0.000,0.000,0.000
54164.000,58.000,191256.000,64.000,0.000,0.000,0.000,0.000,0.000
54174.000,57.000,191313.000,64.000,720.000,0.000,0.000,0.000,0.000
54184.000,57.000,191370.000,64.000,0.000,0.000,0.000,0.000,0.000
54194.000,58.000,191428.000,64.000,0.000,0.000,0.000,0.000,0.000
54204.000,58.000,191486.000,64.000,720.000,0.000,0.000,0.000,0.000
54214.000,58.000,191544.000,64.000,720.000,0.000,0.000,0.000,0.000
54224.000,57.000,191601.000,64.000,720.000,0.000,0.000,0.000,0.000
54234.000,56.000,191657.000,64.000,0.000,0.000,0.000,0.000,0.000
54244.000,58.000,191715.000,64.000,0.000,0.000,0.000,0.000,0.000
54254.000,58.000,191773.000,64.000,720.000,0.000,0.000,0.000,0.000
54264.000,57.000,191830.000,64.000,720.000,0.000,0.000,0.000,0.000
54274.000,58.000,191888.000,64.000,0.000,0.000,0.000,0.000,0.000
54284.000,57.000,191945.000,64.000,720.000,0.000,0.000,0.000,0.000
54294.000,58.000,192003.000,64.000,0.000,0.000,0.000,0.000,0.000
54304.000,58.000,192061.000,64.000,720.000,0.000,0.000,0.000,0.000
54314.000,57.000,192118.000,64.000,720.000,0.000,0.000,0.000,0.000
54324.000,58.000,192176.000,64.000,0.000,0.000,0.000,0.000,0.000
54334.000,57.000,192233.000,64.000,720.000,0.000,0.000,0.000,0.000
54344.000,58.000,192291.000,64.000,0.000,0.000,0.000,0.000,0.000
54354.000,58.000,192349.000,64.000,720.000,0.000,0.000,0.000,0.000
54364.000,57.000,192406.000,64.000,720.000,0.000,0.000,0.000,0.000
54374.000,58.000,192464.000,64.000,0.000,0.000,0.000,0.000,0.000
54384.000,58.000,192522.000,64.000,720.000,0.000,0.000,0.000,0.000
54394.000,57.000,192579.000,64.000,720.000,0.000,0.000,0.000,0.000
54404.000,57.000,192636.000,64.000,0.000,0.000,0.000,0.000,0.000
54414.000,58.000,192694.000,64.000,0.000,0.000,0.000,0.000,0.000
54424.000,58.000,192752.000,64.000,720.000,0.000,0.000,0.000,0.000
54434.000,58.000,192810.000,64.000,720.000,0.000,0.000,0.000,0.000
54444.000,57.000,192867.000,64.000,720.000,0.000,0.000,0.000,0.000
54454.000,57.000,192924.000,64.000,0.000,0.000,0.000,0.000,0.000
54464.000,58.000,192982.000,64.000,0.000,0.000,0.000,0.000,0.000
54474.000,58.000,193040.000,64.000,720.000,0.000,0.000,0.000,0.000
54484.000,58.000,193098.000,64.000,720.000,0.000,0.000,0.000,0.000
54494.000,57.000,193155.000,64.000,720.000,0.000,0.000,0.000,0.000
54504.000,57.000,193212.000,64.000,0.000,0.000,0.000,0.000,0.000
54514.000,58.000,193270.000,64.000,0.000,0.000,0.000,0.000,0.000
54524.000,58.000,193328.000,64.000,720.000,0.000,0.000,0.000,0.000
54534.000,58.000,193386.000,64.000,720.000,0.000,0.000,0.000,0.000
54544.000,57.000,193443.000,64.000,720.000,0.000,0.000,0.000,0.000
54554.000,57.000,193500.000,64.000,0.000,0.000,0.000,0.000,0.000
54564.000,58.000,193558.000,64.000,0.000,0.000,0.000,0.000,0.000
54574.000,58.000,193616.000,64.000,720.000,0.000,0.000,0.000,0.000
54584.000,57.000,193673.000,64.000,720.000,0.000,0.000,0.000,0.000
54594.000,57.000,193730.000,64.000,0.000,0.000,0.000,0.000,0.000
54604.000,58.000,193788.000,64.000,0.000,0.000,0.000,0.000,0.000
54614.000,58.000,193846.000,64.000,720.000,0.000,0.000,0.000,0.000
54624.000,58.000,193904.000,64.000,720.000,0.000,0.000,0.000,0.000
54634.000,58.000,193962.000,64.000,720.000,0.000,0.000,0.000,0.000
54644.000,56.000,194018.000,64.000,720.000,0.000,0.000,0.000,0.000
54654.000,58.000,194076.000,64.000,0.000,0.000,0.000,0.000,0.000
54664.000,57.000,194133.000,64.000,720.000,0.000,0.000,0.000,0.000
54674.000,57.000,194190.000,64.000,0.000,0.000,0.000,0.000,0.000
54684.000,58.000,194248.000,64.000,0.000,0.000,0.000,0.000,0.000
54694.000,58.000,194306.000,64.000,720.000,0.000,0.000,0.000,0.000
54704.000,58.000,194364.000,64.000,720.000,0.000,0.000,0.000,0.000
54714.000,57.000,194421.000,64.000,720.000,0.000,0.000,0.000,0.000
54724.000,57.000,194478.000,64.000,0.000,0.000,0.000,0.000,0.000
54734.000,58.000,194536.000,64.000,0.000,0.000,0.000,0.000,0.000
54744.000,58.000,194594.000,64.000,720.000,0.000,0.000,0.000,0.000
54754.000,57.000,194651.000,64.000,720.000,0.000,0.000,0.000,0.000
54764.000,58.000,194709.000,64.000,0.000,0.000,0.000,0.000,0.000
54774.000,57.000,194766.000,64.000,720.000,0.000,0.000,0.000,0.000
54784.000,58.000,194824.000,64.000,0.000,0.000,0.000,0.000,0.000
54794.000,58.000,194882.000,64.000,720.000,0.000,0.000,0.000,0.000
54804.000,58.000,194940.000,64.000,720.000,0.000,0.000,0.000,0.000
54814.000,57.000,194997.000,64.000,720.000,0.000,0.000,0.000,0.000
54824.000,57.000,195054.000,64.000,0.000,0.000,0.000,0.000,0.000
54834.000,58.000,195112.000,64.000,0.000,0.000,0.000,0.000,0.000
54844.000,58.000,195170.000,64.000,720.000,0.000,0.000,0.000,0.000
54854.000,58.000,195228.000,64.000,720.000,0.000,0.000,0.000,0.000
54864.000,57.000,195285.000,64.000,720.000,0.000,0.000,0.000,0.000
54874.000,57.000,195342.000,64.000,0.000,0.000,0.000,0.000,0.000
54884.000,58.000,195400.000,64.000,0.000,0.000,0.000,0.000,0.000
54894.000,58.000,195458.000,64.000,720.000,0.000,0.000,0.000,0.000
54904.000,58.000,195516.000,64.000,720.000,0.000,0.000,0.000,0.000
54914.000,57.000,195573.000,64.000,720.000,0.000,0.000,0.000,0.000
54924.000,57.000,195630.000,64.000,0.000,0.000,0.000,0.000,0.000
54934.000,58.000,195688.000,64.000,0.000,0.000,0.000,0.000,0.000
54944.000,58.000,195746.000,64.000,720.000,0.000,0.000,0.000,0.000
54954.000,57.000,195803.000,64.000,720.000,0.000,0.000,0.000,0.000
54964.000,58.000,195861.000,64.000,0.000,0.000,0.000,0.000,0.000
54974.000,57.000,195918.000,64.000,720.000,0.000,0.000,0.000,0.000
54984.000,58.000,195976.000,64.000,0.000,0.000,0.000,0.000,0.000
54994.000,58.000,196034.000,64.000,720.000,0.000,0.000,0.000,0.000
55004.000,57.000,196091.000,64.000,720.000,0.000,0.000,0.000,0.000
55014.000,58.000,196149.000,64.000,0.000,0.000,0.000,0.000,0.000
55024.000,57.000,196206.000,64.000,720.000,0.000,0.000,0.000,0.000
55034.000,58.000,196264.000,64.000,0.000,0.000,0.000,0.000,0.000
55044.000,57.000,196321.000,64.000,720.000,0.000,0.000,0.000,0.000
55054.000,57.000,196378.000,64.000,0.000,0.000,0.000,0.000,0.000
55064.000,59.000,196437.000,64.000,0.000,0.000,0.000,0.000,0.000
55074.000,59.000,196496.000,64.000,720.000,0.000,0.000,0.000,0.000
55084.000,57.000,196553.000,64.000,720.000,0.000,0.000,0.000,0.000
55094.000,58.000,196611.000,64.000,0.000,0.000,0.000,0.000,0.000
55104.000,58.000,196669.000,64.000,720.000,0.000,0.000,0.000,0.000
55114.000,57.000,196726.000,64.000,720.000,0.000,0.000,0.000,0.000
55124.000,58.000,196784.000,64.000,0.000,0.000,0.000,0.000,0.000
55134.000,58.000,196842.000,64.000,720.000,0.000,0.000,0.000,0.000
55144.000,57.000,196899.000,64.000,720.000,0.000,0.000,0.000,0.000
55154.000,58.000,196957.000,64.000,0.000,0.000,0.000,0.000,0.000
55164.000,57.000,197014.000,64.000,720.000,0.000,0.000,0.000,0.000
55174.000,58.000,197072.000,64.000,0.000,0.000,0.000,0.000,0.000
55184.000,57.000,197129.000,64.000,720.000,0.000,0.000,0.000,0.000
55194.000,58.000,197187.000,64.000,0.000,0.000,0.000,0.000,0.000
55204.000,58.000,197245.000,64.000,720.000,0.000,0.000,0.000,0.000
55214.000,58.000,197303.000,64.000,720.000,0.000,0.000,0.000,0.000
55224.000,57.000,197360.000,64.000,720.000,0.000,0.000,0.000,0.000
55234.000,58.000,197418.000,64.000,0.000,0.000,0.000,0.000,0.000
55244.000,57.000,197475.000,64.000,720.000,0.000,0.000,0.000,0.000
55254.000,58.000,197533.000,64.000,0.000,0.000,0.000,0.000,0.000
55264.000,57.000,197590.000,64.000,720.000,0.000,0.000,0.000,0.000
55274.000,59.000,197649.000,64.000,0.000,0.000,0.000,0.000,0.000
55284.000,57.000,197706.000,64.000,720.000,0.000,0.000,0.000,0.000
55294.000,58.000,197764.000,64.000,0.000,0.000,0.000,0.000,0.000
55304.000,58.000,197822.000,64.000,720.000,0.000,0.000,0.000,0.000
55314.000,58.000,197880.000,64.000,720.000,0.000,0.000,0.000,0.000
55324.000,57.000,197937.000,64.000,720.000,0.000,0.000,0.000,0.000
55334.000,57.000,197994.000,64.000,0.000,0.000,0.000,0.000,0.000
55344.000,58.000,198052.000,64.000,0.000,0.000,0.000,0.000,0.000
55354.000,58.000,198110.000,64.000,720.000,0.000,0.000,0.000,0.000
55364.000,58.000,198168.000,64.000,720.000,0.000,0.000,0.000,0.000
55374.000,57.000,198225.000,64.000,720.000,0.000,0.000,0.000,0.000
55384.000,57.000,198282.000,64.000,0.000,0.000,0.000,0.000,0.000
55394.000,58.000,198340.000,64.000,0.000,0.000,0.000,0.000,0.000
55404.000,58.000,198398.000,64.000,720.000,0.000,0.000,0.000,0.000
55414.000,58.000,198456.000,64.000,720.000,0.000,0.000,0.000,0.000
55424.000,57.000,198513.000,64.000,720.000,0.000,0.000,0.000,0.000
55434.000,57.000,198570.000,64.000,0.000,0.000,0.000,0.000,0.000
55444.000,58.000,198628.000,64.000,0.000,0.000,0.000,0.000,0.000
55454.000,58.000,198686.000,64.000,720.000,0.000,0.000,0.000,0.000
55464.000,58.000,198744.000,64.000,720.000,0.000,0.000,0.000,0.000
55474.000,57.000,198801.000,64.000,720.000,0.000,0.000,0.000,0.000
55484.000,57.000,198858.000,64.000,0.000,0.000,0.000,0.000,0.000
55494.000,58.000,198916.000,64.000,0.000,0.000,0.000,0.000,0.000
55504.000,58.000,198974.000,64.000,720.000,0.000,0.000,0.000,0.000
55514.000,57.000,199031.000,64.000,720.000,0.000,0.000,0.000,0.000
55524.000,58.000,199089.000,64.000,0.000,0.000,0.000,0.000,0.000
55534.000,57.000,199146.000,64.000,720.000,0.000,0.000,0.000,0.000
55544.000,58.000,199204.000,64.000,0.000,0.000,0.000,0.000,0.000
55554.000,58.000,199262.000,64.000,720.000,0.000,0.000,0.000,0.000
55564.000,58.000,199320.000,64.000,720.000,0.000,0.000,0.000,0.000
55574.000,57.000,199377.000,64.000,720.000,0.000,0.000,0.000,0.000
55584.000,57.000,199434.000,64.000,0.000,0.000,0.000,0.000,0.000
55594.000,58.000,199492.000,64.000,0.000,0.000,0.000,0.000,0.000
55604.000,58.000,199550.000,64.000,720.000,0.000,0.000,0.000,0.000
55614.000,58.000,199608.000,64.000,720.000,0.000,0.000,0.000,0.000
55624.000,57.000,199665.000,64.000,720.000,0.000,0.000,0.000,0.000
55634.000,57.000,199722.000,64.000,0.000,0.000,0.000,0.000,0.000
55644.000,58.000,199780.000,64.000,0.000,0.000,0.000,0.000,0.000
55654.000,58.000,199838.000,64.000,720.000,0.000,0.000,0.000,0.000
55664.000,58.000,199896.000,64.000,720.000,0.000,0.000,0.000,0.000
55674.000,57.000,199953.000,64.000,720.000,0.000,0.000,0.000,0.000
55684.000,58.000,200011.000,64.000,0.000,0.000,0.000,0.000,0.000
55694.000,58.000,200069.000,64.000,720.000,0.000,0.000,0.000,0.000
55704.000,57.000,200126.000,64.000,720.000,0.000,0.000,0.000,0.000
55714.000,58.000,200184.000,64.000,0.000,0.000,0.000,0.000,0.000
55724.000,57.000,200241.000,64.000,720.000,0.000,0.000,0.000,0.000
55734.000,57.000,200298.000,64.000,0.000,0.000,0.000,0.000,0.000
55744.000,59.000,200357.000,64.000,0.000,0.000,0.000,0.000,0.000
55754.000,57.000,200414.000,64.000,720.000,0.000,0.000,0.000,0.000
55764.000,59.000,200473.000,64.000,0.000,0.000,0.000,0.000,0.000
55774.000,57.000,200530.000,64.000,720.000,0.000,0.000,0.000,0.000
55784.000,58.000,200588.000,64.000,720.000,0.000,0.000,0.000,0.000
55794.000,58.000,200646.000,64.000,720.000,0.000,0.000,0.000,0.000
55804.000,56.000,200702.000,64.000,720.000,0.000,0.000,0.000,0.000
55814.000,58.000,200760.000,64.000,0.000,0.000,0.000,0.000,0.000
55824.000,57.000,200817.000,64.000,720.000,0.000,0.000,0.000,0.000
55834.000,57.000,200874.000,64.000,0.000,0.000,0.000,0.000,0.000
55844.000,58.000,200932.000,64.000,0.000,0.000,0.000,0.000,0.000
55854.000,58.000,200990.000,64.000,720.000,0.000,0.000,0.000,0.000
55864.000,58.000,201048.000,64.000,720.000,0.000,0.000,0.000,0.000
55874.000,57.000,201105.000,64.000,720.000,0.000,0.000,0.000,0.000
55884.000,57.000,201162.000,64.000,0.000,0.000,0.000,0.000,0.000
55894.000,58.000,201220.000,64.000,0.000,0.000,0.000,0.000,0.000
55904.000,58.000,201278.000,64.000,720.000,0.000,0.000,0.000,0.000
55914.000,58.000,201336.000,64.000,720.000,0.000,0.000,0.000,0.000
55924.000,57.000,201393.000,64.000,720.000,0.000,0.000,0.000,0.000
55934.000,57.000,201450.000,64.000,0.000,0.000,0.000,0.000,0.000
55944.000,58.000,201508.000,64.000,0.000,0.000,0.000,0.000,0.000
55954.000,58.000,201566.000,64.000,720.000,0.000,0.000,0.000,0.000
55964.000,58.000,201624.000,64.000,720.000,0.000,0.000,0.000,0.000
55974.000,57.000,201681.000,64.000,720.000,0.000,0.000,0.000,0.000
55984.000,57.000,201738.000,64.000,0.000,0.000,0.000,0.000,0.000
55994.000,58.000,201796.000,64.000,0.000,0.000,0.000,0.000,0.000
56004.000,58.000,201854.000,64.000,720.000,0.000,0.000,0.000,0.000
56014.000,58.000,201912.000,64.000,720.000,0.000,0.000,0.000,0.000
56024.000,57.000,201969.000,64.000,720.000,0.000,0.000,0.000,0.000
56034.000,57.000,202026.000,64.000,0.000,0.000,0.000,0.000,0.000
56044.000,59.000,202085.000,64.000,0.000,0.000,0.000,0.000,0.000
56054.000,57.000,202142.000,64.000,720.000,0.000,0.000,0.000,0.000
56064.000,59.000,202201.000,64.000,0.000,0.000,0.000,0.000,0.000
56074.000,59.000,202260.000,64.000,720.000,0.000,0.000,0.000,0.000
56084.000,57.000,202317.000,64.000,720.000,0.000,0.000,0.000,0.000
56094.000,57.000,202374.000,64.000,720.000,0.000,0.000,0.000,0.000
56104.000,58.000,202432.000,64.000,720.000,0.000,0.000,0.000,0.000
56114.000,56.000,202488.000,64.000,720.000,0.000,0.000,0.000,0.000
56124.000,57.000,202545.000,64.000,0.000,0.000,0.000,0.000,0.000
56134.000,57.000,202602.000,64.000,0.000,0.000,0.000,0.000,0.000
56144.000,59.000,202661.000,64.000,0.000,0.000,0.000,0.000,0.000
56154.000,57.000,202718.000,64.000,720.000,0.000,0.000,0.000,0.000
56164.000,59.000,202777.000,64.000,0.000,0.000,0.000,0.000,0.000
56174.000,59.000,202836.000,64.000,720.000,0.000,0.000,0.000,0.000
56184.000,57.000,202893.000,64.000,720.000,0.000,0.000,0.000,0.000
56194.000,57.000,202950.000,64.000,720.000,0.000,0.000,0.000,0.000
56204.000,58.000,203008.000,64.000,720.000,0.000,0.000,0.000,0.000
56214.000,57.000,203065.000,64.000,720.000,0.000,0.000,0.000,0.000
56224.000,56.000,203121.000,64.000,720.000,0.000,0.000,0.000,0.000
56234.000,57.000,203178.000,64.000,0.000,0.000,0.000,0.000,0.000
56244.000,58.000,203236.000,64.000,0.000,0.000,0.000,0.000,0.000
56254.000,57.000,203293.000,64.000,720.000,0.000,0.000,0.000,0.000
56264.000,57.000,203350.000,64.000,0.000,0.000,0.000,0.000,0.000
56274.000,59.000,203409.000,64.000,0.000,0.000,0.000,0.000,0.000
56284.000,57.000,203466.000,64.000,720.000,0.000,0.000,0.000,0.000
56294.000,58.000,203524.000,64.000,0.000,0.000,0.000,0.000,0.000
56304.000,58.000,203582.000,64.000,720.000,0.000,0.000,0.000,0.000
56314.000,59.000,203641.000,64.000,720.000,0.000,0.000,0.000,0.000
56324.000,57.000,203698.000,64.000,720.000,0.000,0.000,0.000,0.000
56334.000,57.000,203755.000,64.000,720.000,0.000,0.000,0.000,0.000
56344.000,57.000,203812.000,64.000,720.000,0.000,0.000,0.000,0.000
56354.000,57.000,203869.000,64.000,0.000,0.000,0.000,0.000,0.000
56364.000,57.000,203926.000,64.000,0.000,0.000,0.000,0.000,0.000
56374.000,59.000,203985.000,64.000,0.000,0.000,0.000,0.000,0.000
56384.000,57.000,204042.000,64.000,720.000,0.000,0.000,0.000,0.000
56394.000,59.000,204101.000,64.000,0.000,0.000,0.000,0.000,0.000
56404.000,57.000,204158.000,64.000,720.000,0.000,0.000,0.000,0.000
56414.000,59.000,204217.000,64.000,0.000,0.000,0.000,0.000,0.000
56424.000,59.000,204276.000,64.000,720.000,0.000,0.000,0.000,0.000
56434.000,57.000,204333.000,64.000,720.000,0.000,0.000,0.000,0.000
56444.000,57.000,204390.000,64.000,720.000,0.000,0.000,0.000,0.000
56454.000,58.000,204448.000,64.000,720.000,0.000,0.000,0.000,0.000
56464.000,57.000,204505.000,64.000,720.000,0.000,0.000,0.000,0.000
56474.000,57.000,204562.000,64.000,720.000,0.000,0.000,0.000,0.000
56484.000,56.000,204618.000,64.000,720.000,0.000,0.000,0.000,0.000
56494.000,57.000,204675.000,64.000,0.000,0.000,0.000,0.000,0.000
56504.000,57.000,204732.000,64.000,0.000,0.000,0.000,0.000,0.000
56514.000,58.000,204790.000,64.000,0.000,0.000,0.000,0.000,0.000
56524.000,59.000,204849.000,64.000,720.000,0.000,0.000,0.000,0.000
56534.000,57.000,204906.000,64.000,720.000,0.000,0.000,0.000,0.000
56544.000,58.000,204964.000,64.000,0.000,0.000,0.000,0.000,0.000
56554.000,58.000,205022.000,64.000,720.000,0.000,0.000,0.000,0.000
56564.000,57.000,205079.000,64.000,720.000,0.000,0.000,0.000,0.000
56574.000,57.000,205136.000,64.000,0.000,0.000,0.000,0.000,0.000
56584.000,58.000,205194.000,64.000,0.000,0.000,0.000,0.000,0.000
56594.000,58.000,205252.000,64.000,720.000,0.000,0.000,0.000,0.000
56604.000,58.000,205310.000,64.000,720.000,0.000,0.000,0.000,0.000
56614.000,57.000,205367.000,64.000,720.000,0.000,0.000,0.000,0.000
56624.000,57.000,205424.000,64.000,0.000,0.000,0.000,0.000,0.000
56634.000,58.000,205482.000,64.000,0.000,0.000,0.000,0.000,0.000
56644.000,58.000,205540.000,64.000,720.000,0.000,0.000,0.000,0.000
56654.000,58.000,205598.000,64.000,720.000,0.000,0.000,0.000,0.000
56664.000,57.000,205655.000,64.000,720.000,0.000,0.000,0.000,0.000
56674.000,58.000,205713.000,64.000,0.000,0.000,0.000,0.000,0.000
56684.000,57.000,205770.000,64.000,720.000,0.000,0.000,0.000,0.000
56694.000,58.000,205828.000,64.000,0.000,0.000,0.000,0.000,0.000
56704.000,57.000,205885.000,64.000,720.000,0.000,0.000,0.000,0.000
56714.000,58.000,205943.000,64.000,0.000,0.000,0.000,0.000,0.000
56724.000,58.000,206001.000,64.000,720.000,0.000,0.000,0.000,0.000
56734.000,57.000,206058.000,64.000,720.000,0.000,0.000,0.000,0.000
56744.000,58.000,206116.000,64.000,0.000,0.000,0.000,0.000,0.000
56754.000,57.000,206173.000,64.000,720.000,0.000,0.000,0.000,0.000
56764.000,58.000,206231.000,64.000,0.000,0.000,0.000,0.000,0.000
56774.000,58.000,206289.000,64.000,720.000,0.000,0.000,0.000,0.000
56784.000,57.000,206346.000,64.000,720.000,0.000,0.000,0.000,0.000
56794.000,58.000,206404.000,64.000,0.000,0.000,0.000,0.000,0.000
56804.000,58.000,206462.000,64.000,720.000,0.000,0.000,0.000,0.000
56814.000,57.000,206519.000,64.000,720.000,0.000,0.000,0.000,0.000
56824.000,58.000,206577.000,64.000,0.000,0.000,0.000,0.000,0.000
56834.000,57.000,206634.000,64.000,720.000,0.000,0.000,0.000,0.000
56844.000,58.000,206692.000,64.000,0.000,0.000,0.000,0.000,0.000
56854.000,58.000,206750.000,64.000,720.000,0.000,0.000,0.000,0.000
56864.000,57.000,206807.000,64.000,720.000,0.000,0.000,0.000,0.000
56874.000,58.000,206865.000,64.000,0.000,0.000,0.000,0.000,0.000
56884.000,57.000,206922.000,64.000,720.000,0.000,0.000,0.000,0.000
56894.000,58.000,206980.000,64.000,0.000,0.000,0.000,0.000,0.000
56904.000,58.000,207038.000,64.000,720.000,0.000,0.000,0.000,0.000
56914.000,58.000,207096.000,64.000,720.000,0.000,0.000,0.000,0.000
56924.000,57.000,207153.000,64.000,720.000,0.000,0.000,0.000,0.000
56934.000,57.000,207210.000,64.000,0.000,0.000,0.000,0.000,0.000
56944.000,58.000,207268.000,64.000,0.000,0.000,0.000,0.000,0.000
56954.000,58.000,207326.000,64.000,720.000,0.000,0.000,0.000,0.000
56964.000,58.000,207384.000,64.000,720.000,0.000,0.000,0.000,0.000
56974.000,57.000,207441.000,64.000,720.000,0.000,0.000,0.000,0.000
56984.000,57.000,207498.000,64.000,0.000,0.000,0.000,0.000,0.000
56994.000,58.000,207556.000,64.000,0.000,0.000,0.000,0.000,0.000
57004.000,58.000,207614.000,64.000,720.000,0.000,0.000,0.000,0.000
57014.000,58.000,207672.000,64.000,720.000,0.000,0.000,0.000,0.000
57024.000,57.000,207729.000,64.000,720.000,0.000,0.000,0.000,0.000
57034.000,57.000,207786.000,64.000,0.000,0.000,0.000,0.000,0.000
57044.000,58.000,207844.000,64.000,0.000,0.000,0.000,0.000,0.000
57054.000,58.000,207902.000,64.000,720.000,0.000,0.000,0.000,0.000
57064.000,58.000,207960.000,64.000,720.000,0.000,0.000,0.000,0.000
57074.000,57.000,208017.000,64.000,720.000,0.000,0.000,0.000,0.000
57084.000,57.000,208074.000,64.000,0.000,0.000,0.000,0.000,0.000
57094.000,58.000,208132.000,64.000,0.000,0.000,0.000,0.000,0.000
57104.000,58.000,208190.000,64.000,720.000,0.000,0.000,0.000,0.000
57114.000,58.000,208248.000,64.000,720.000,0.000,0.000,0.000,0.000
57124.000,57.000,208305.000,64.000,720.000,0.000,0.000,0.000,0.000
57134.000,57.000,208362.000,64.000,0.000,0.000,0.000,0.000,0.000
57144.000,58.000,208420.000,64.000,0.000,0.000,0.000,0.000,0.000
57154.000,58.000,208478.000,64.000,720.000,0.000,0.000,0.000,0.000
57164.000,58.000,208536.000,64.000,720.000,0.000,0.000,0.000,0.000
57174.000,57.000,208593.000,64.000,720.000,0.000,0.000,0.000,0.000
57184.000,57.000,208650.000,64.000,0.000,0.000,0.000,0.000,0.000
57194.000,58.000,208708.000,64.000,0.000,0.000,0.000,0.000,0.000
57204.000,58.000,208766.000,64.000,720.000,0.000,0.000,0.000,0.000
57214.000,58.000,208824.000,64.000,720.000,0.000,0.000,0.000,0.000
57224.000,57.000,208881.000,64.000,720.000,0.000,0.000,0.000,0.000
57234.000,57.000,208938.000,64.000,0.000,0.000,0.000,0.000,0.000
57244.000,58.000,208996.000,64.000,0.000,0.000,0.000,0.000,0.000
57254.000,58.000,209054.000,64.000,720.000,0.000,0.000,0.000,0.000
57264.000,58.000,209112.000,64.000,720.000,0.000,0.000,0.000,0.000
57274.000,57.000,209169.000,64.000,720.000,0.000,0.000,0.000,0.000
57284.000,57.000,209226.000,64.000,0.000,0.000,0.000,0.000,0.000
57294.000,59.000,209285.000,64.000,0.000,0.000,0.000,0.000,0.000
57304.000,58.000,209343.000,64.000,720.000,0.000,0.000,0.000,0.000
57314.000,58.000,209401.000,64.000,720.000,0.000,0.000,0.000,0.000
57324.000,57.000,209458.000,64.000,720.000,0.000,0.000,0.000,0.000
57334.000,58.000,209516.000,64.000,720.000,0.000,0.000,0.000,0.000
57344.000,56.000,209572.000,64.000,720.000,0.000,0.000,0.000,0.000
57354.000,57.000,209629.000,64.000,0.000,0.000,0.000,0.000,0.000
57364.000,57.000,209686.000,64.000,0.000,0.000,0.000,0.000,0.000
57374.000,59.000,209745.000,64.000,0.000,0.000,0.000,0.000,0.000
57384.000,57.000,209802.000,64.000,720.000,0.000,0.000,0.000,0.000
57394.000,59.000,209861.000,64.000,0.000,0.000,0.000,0.000,0.000
57404.000,57.000,209918.000,64.000,720.000,0.000,0.000,0.000,0.000
57414.000,59.000,209977.000,64.000,0.000,0.000,0.000,0.000,0.000
57424.000,59.000,210036.000,64.000,720.000,0.000,0.000,0.000,0.000
57434.000,57.000,210093.000,64.000,720.000,0.000,0.000,0.000,0.000
57444.000,57.000,210150.000,64.000,720.000,0.000,0.000,0.000,0.000
57454.000,58.000,210208.000,64.000,720.000,0.000,0.000,0.000,0.000
57464.000,57.000,210265.000,64.000,720.000,0.000,0.000,0.000,0.000
57474.000,56.000,210321.000,64.000,720.000,0.000,0.000,0.000,0.000
57484.000,57.000,210378.000,64.000,0.000,0.000,0.000,0.000,0.000
57494.000,57.000,210435.000,64.000,0.000,0.000,0.000,0.000,0.000
57504.000,58.000,210493.000,64.000,0.000,0.000,0.000,0.000,0.000
57514.000,57.000,210550.000,64.000,720.000,0.000,0.000,0.000,0.000
57524.000,59.000,210609.000,64.000,0.000,0.000,0.000,0.000,0.000
57534.000,57.000,210666.000,64.000,720.000,0.000,0.000,0.000,0.000
57544.000,59.000,210725.000,64.000,0.000,0.000,0.000,0.000,0.000
57554.000,57.000,210782.000,64.000,720.000,0.000,0.000,0.000,0.000
57564.000,59.000,210841.000,64.000,0.000,0.000,0.000,0.000,0.000
57574.000,58.000,210899.000,64.000,720.000,0.000,0.000,0.000,0.000
57584.000,58.000,210957.000,64.000,720.000,0.000,0.000,0.000,0.000
57594.000,57.000,211014.000,64.000,720.000,0.000,0.000,0.000,0.000
57604.000,58.000,211072.000,64.000,720.000,0.000,0.000,0.000,0.000
57614.000,56.000,211128.000,64.000,720.000,0.000,0.000,0.000,0.000
57624.000,57.000,211185.000,64.000,0.000,0.000,0.000,0.000,0.000
57634.000,57.000,211242.000,64.000,0.000,0.000,0.000,0.000,0.000
57644.000,59.000,211301.000,64.000,0.000,0.000,0.000,0.000,0.000
57654.000,57.000,211358.000,64.000,720.000,0.000,0.000,0.000,0.000
57664.000,59.000,211417.000,64.000,0.000,0.000,0.000,0.000,0.000
57674.000,59.000,211476.000,64.000,720.000,0.000,0.000,0.000,0.000
57684.000,57.000,211533.000,64.000,720.000,0.000,0.000,0.000,0.000
57694.000,57.000,211590.000,64.000,720.000,0.000,0.000,0.000,0.000
57704.000,58.000,211648.000,64.000,720.000,0.000,0.000,0.000,0.000
57714.000,57.000,211705.000,64.000,720.000,0.000,0.000,0.000,0.000
57724.000,56.000,211761.000,64.000,720.000,0.000,0.000,0.000,0.000
57734.000,57.000,211818.000,64.000,0.000,0.000,0.000,0.000,0.000
57744.000,58.000,211876.000,64.000,0.000,0.000,0.000,0.000,0.000
57754.000,58.000,211934.000,64.000,720.000,0.000,0.000,0.000,0.000
57764.000,57.000,211991.000,64.000,720.000,0.000,0.000,0.000,0.000
57774.000,58.000,212049.000,64.000,0.000,0.000,0.000,0.000,0.000
57784.000,57.000,212106.000,64.000,720.000,0.000,0.000,0.000,0.000
57794.000,58.000,212164.000,64.000,0.000,0.000,0.000,0.000,0.000
57804.000,57.000,212221.000,64.000,720.000,0.000,0.000,0.000,0.000
57814.000,58.000,212279.000,64.000,0.000,0.000,0.000,0.000,0.000
57824.000,58.000,212337.000,64.000,720.000,0.000,0.000,0.000,0.000
57834.000,57.000,212394.000,64.000,720.000,0.000,0.000,0.000,0.000
57844.000,58.000,212452.000,64.000,0.000,0.000,0.000,0.000,0.000
57854.000,58.000,212510.000,64.000,720.000,0.000,0.000,0.000,0.000
57864.000,57.000,212567.000,64.000,720.000,0.000,0.000,0.000,0.000
57874.000,57.000,212624.000,64.000,0.000,0.000,0.000,0.000,0.000
57884.000,58.000,212682.000,64.000,0.000,0.000,0.000,0.000,0.000
57894.000,58.000,212740.000,64.000,720.000,0.000,0.000,0.000,0.000
57904.000,58.000,212798.000,64.000,720.000,0.000,0.000,0.000,0.000
57914.000,57.000,212855.000,64.000,720.000,0.000,0.000,0.000,0.000
57924.000,58.000,212913.000,64.000,0.000,0.000,0.000,0.000,0.000
57934.000,57.000,212970.000,64.000,720.000,0.000,0.000,0.000,0.000
57944.000,58.000,213028.000,64.000,0.000,0.000,0.000,0.000,0.000
57954.000,58.000,213086.000,64.000,720.000,0.000,0.000,0.000,0.000
57964.000,57.000,213143.000,64.000,720.000,0.000,0.000,0.000,0.000
57974.000,57.000,213200.000,64.000,0.000,0.000,0.000,0.000,0.000
57984.000,58.000,213258.000,64.000,0.000,0.000,0.000,0.000,0.000
57994.000,58.000,213316.000,64.000,720.000,0.000,0.000,0.000,0.000
58004.000,58.000,213374.000,64.000,720.000,0.000,0.000,0.000,0.000
58014.000,57.000,213431.000,64.000,720.000,0.000,0.000,0.000,0.000
58024.000,58.000,213489.000,64.000,0.000,0.000,0.000,0.000,0.000
58034.000,57.000,213546.000,64.000,720.000,0.000,0.000,0.000,0.000
58044.000,58.000,213604.000,64.000,0.000,0.000,0.000,0.000,0.000
58054.000,58.000,213662.000,64.000,720.000,0.000,0.000,0.000,0.000
58064.000,57.000,213719.000,64.000,720.000,0.000,0.000,0.000,0.000
58074.000,58.000,213777.000,64.000,0.000,0.000,0.000,0.000,0.000
58084.000,57.000,213834.000,64.000,720.000,0.000,0.000,0.000,0.000
58094.000,58.000,213892.000,64.000,0.000,0.000,0.000,0.000,0.000
58104.000,58.000,213950.000,64.000,720.000,0.000,0.000,0.000,0.000
58114.000,58.000,214008.000,64.000,720.000,0.000,0.000,0.000,0.000
58124.000,57.000,214065.000,64.000,720.000,0.000,0.000,0.000,0.000
58134.000,57.000,214122.000,64.000,0.000,0.000,0.000,0.000,0.000
58144.000,59.000,214181.000,64.000,0.000,0.000,0.000,0.000,0.000
58154.000,57.000,214238.000,64.000,720.000,0.000,0.000,0.000,0.000
58164.000,59.000,214297.000,64.000,0.000,0.000,0.000,0.000,0.000
58174.000,57.000,214354.000,64.000,720.000,0.000,0.000,0.000,0.000
58184.000,58.000,214412.000,64.000,720.000,0.000,0.000,0.000,0.000
58194.000,58.000,214470.000,64.000,720.000,0.000,0.000,0.000,0.000
58204.000,56.000,214526.000,64.000,720.000,0.000,0.000,0.000,0.000
58214.000,58.000,214584.000,64.000,0.000,0.000,0.000,0.000,0.000
58224.000,57.000,214641.000,64.000,720.000,0.000,0.000,0.000,0.000
58234.000,58.000,214699.000,64.000,0.000,0.000,0.000,0.000,0.000
58244.000,57.000,214756.000,64.000,720.000,0.000,0.000,0.000,0.000
58254.000,58.000,214814.000,64.000,0.000,0.000,0.000,0.000,0.000
58264.000,58.000,214872.000,64.000,720.000,0.000,0.000,0.000,0.000
58274.000,57.000,214929.000,64.000,720.000,0.000,0.000,0.000,0.000
58284.000,57.000,214986.000,64.000,0.000,0.000,0.000,0.000,0.000
58294.000,59.000,215045.000,64.000,0.000,0.000,0.000,0.000,0.000
58304.000,57.000,215102.000,64.000,720.000,0.000,0.000,0.000,0.000
58314.000,59.000,215161.000,64.000,0.000,0.000,0.000,0.000,0.000
58324.000,57.000,215218.000,64.000,720.000,0.000,0.000,0.000,0.000
58334.000,58.000,215276.000,64.000,720.000,0.000,0.000,0.000,0.000
58344.000,58.000,215334.000,64.000,720.000,0.000,0.000,0.000,0.000
58354.000,56.000,215390.000,64.000,720.000,0.000,0.000,0.000,0.000
58364.000,58.000,215448.000,64.000,0.000,0.000,0.000,0.000,0.000
58374.000,57.000,215505.000,64.000,720.000,0.000,0.000,0.000,0.000
58384.000,57.000,215562.000,64.000,0.000,0.000,0.000,0.000,0.000
58394.000,59.000,215621.000,64.000,0.000,0.000,0.000,0.000,0.000
58404.000,57.000,215678.000,64.000,720.000,0.000,0.000,0.000,0.000
58414.000,59.000,215737.000,64.000,0.000,0.000,0.000,0.000,0.000
58424.000,57.000,215794.000,64.000,720.000,0.000,0.000,0.000,0.000
58434.000,58.000,215852.000,64.000,720.000,0.000,0.000,0.000,0.000
58444.000,58.000,215910.000,64.000,720.000,0.000,0.000,0.000,0.000
58454.000,56.000,215966.000,64.000,720.000,0.000,0.000,0.000,0.000
58464.000,58.000,216024.000,64.000,0.000,0.000,0.000,0.000,0.000
58474.000,57.000,216081.000,64.000,720.000,0.000,0.000,0.000,0.000
58484.000,57.000,216138.000,64.000,0.000,0.000,0.000,0.000,0.000
58494.000,58.000,216196.000,64.000,0.000,0.000,0.000,0.000,0.000
58504.000,58.000,216254.000,64.000,720.000,0.000,0.000,0.000,0.000
58514.000,58.000,216312.000,64.000,720.000,0.000,0.000,0.000,0.000
58524.000,58.000,216370.000,64.000,720.000,0.000,0.000,0.000,0.000
58534.000,56.000,216426.000,64.000,720.000,0.000,0.000,0.000,0.000
58544.000,58.000,216484.000,64.000,0.000,0.000,0.000,0.000,0.000
58554.000,57.000,216541.000,64.000,720.000,0.000,0.000,0.000,0.000
58564.000,58.000,216599.000,64.000,0.000,0.000,0.000,0.000,0.000
58574.000,58.000,216657.000,64.000,720.000,0.000,0.000,0.000,0.000
58584.000,57.000,216714.000,64.000,720.000,0.000,0.000,0.000,0.000
58594.000,57.000,216771.000,64.000,0.000,0.000,0.000,0.000,0.000
58604.000,58.000,216829.000,64.000,0.000,0.000,0.000,0.000,0.000
58614.000,58.000,216887.000,64.000,720.000,0.000,0.000,0.000,0.000
58624.000,58.000,216945.000,64.000,720.000,0.000,0.000,0.000,0.000
58634.000,57.000,217002.000,64.000,720.000,0.000,0.000,0.000,0.000
58644.000,57.000,217059.000,64.000,0.000,0.000,0.000,0.000,0.000
58654.000,58.000,217117.000,64.000,0.000,0.000,0.000,0.000,0.000
58664.000,58.000,217175.000,64.000,720.000,0.000,0.000,0.000,0.000
58674.000,58.000,217233.000,64.000,720.000,0.000,0.000,0.000,0.000
58684.000,57.000,217290.000,64.000,720.000,0.000,0.000,0.000,0.000
58694.000,57.000,217347.000,64.000,0.000,0.000,0.000,0.000,0.000
58704.000,58.000,217405.000,64.000,0.000,0.000,0.000,0.000,0.000
58714.000,58.000,217463.000,64.000,720.000,0.000,0.000,0.000,0.000
58724.000,58.000,217521.000,64.000,720.000,0.000,0.000,0.000,0.000
58734.000,57.000,217578.000,64.000,720.000,0.000,0.000,0.000,0.000
58744.000,57.000,217635.000,64.000,0.000,0.000,0.000,0.000,0.000
58754.000,58.000,217693.000,64.000,0.000,0.000,0.000,0.000,0.000
58764.000,57.000,217750.000,64.000,720.000,0.000,0.000,0.000,0.000
58774.000,59.000,217809.000,64.000,0.000,0.000,0.000,0.000,0.000
58784.000,57.000,217866.000,64.000,720.000,0.000,0.000,0.000,0.000
58794.000,58.000,217924.000,64.000,0.000,0.000,0.000,0.000,0.000
58804.000,58.000,217982.000,64.000,720.000,0.000,0.000,0.000,0.000
58814.000,58.000,218040.000,64.000,720.000,0.000,0.000,0.000,0.000
58824.000,57.000,218097.000,64.000,720.000,0.000,0.000,0.000,0.000
58834.000,58.000,218155.000,64.000,0.000,0.000,0.000,0.000,0.000
58844.000,57.000,218212.000,64.000,720.000,0.000,0.000,0.000,0.000
58854.000,58.000,218270.000,64.000,0.000,0.000,0.000,0.000,0.000
58864.000,58.000,218328.000,64.000,720.000,0.000,0.000,0.000,0.000
58874.000,57.000,218385.000,64.000,720.000,0.000,0.000,0.000,0.000
58884.000,58.000,218443.000,64.000,0.000,0.000,0.000,0.000,0.000
58894.000,58.000,218501.000,64.000,720.000,0.000,0.000,0.000,0.000
58904.000,57.000,218558.000,64.000,720.000,0.000,0.000,0.000,0.000
58914.000,58.000,218616.000,64.000,0.000,0.000,0.000,0.000,0.000
58924.000,57.000,218673.000,64.000,720.000,0.000,0.000,0.000,0.000
58934.000,57.000,218730.000,64.000,0.000,0.000,0.000,0.000,0.000
58944.000,59.000,218789.000,64.000,0.000,0.000,0.000,0.000,0.000
58954.000,58.000,218847.000,64.000,720.000,0.000,0.000,0.000,0.000
58964.000,58.000,218905.000,64.000,720.000,0.000,0.000,0.000,0.000
58974.000,57.000,218962.000,64.000,720.000,0.000,0.000,0.000,0.000
58984.000,58.000,219020.000,64.000,720.000,0.000,0.000,0.000,0.000
58994.000,57.000,219077.000,64.000,720.000,0.000,0.000,0.000,0.000
59004.000,56.000,219133.000,64.000,720.000,0.000,0.000,0.000,0.000
59014.000,57.000,219190.000,64.000,0.000,0.000,0.000,0.000,0.000
59024.000,58.000,219248.000,64.000,0.000,0.000,0.000,0.000,0.000
59034.000,57.000,219305.000,64.000,720.000,0.000,0.000,0.000,0.000
59044.000,58.000,219363.000,64.000,0.000,0.000,0.000,0.000,0.000
59054.000,58.000,219421.000,64.000,720.000,0.000,0.000,0.000,0.000
59064.000,57.000,219478.000,64.000,720.000,0.000,0.000,0.000,0.000
59074.000,58.000,219536.000,69.000,720.000,0.000,0.000,0.000,0.000
59084.000,57.000,219593.000,69.000,720.000,0.000,0.000,0.000,0.000
59094.000,59.000,219652.000,69.000,720.000,0.000,0.000,0.000,0.000
59104.000,58.000,219710.000,69.000,720.000,0.000,0.000,0.000,0.000
59114.000,60.000,219770.000,69.000,720.000,0.000,0.000,0.000,0.000
59124.000,60.000,219830.000,69.000,720.000,0.000,0.000,0.000,0.000
59134.000,59.000,219889.000,69.000,720.000,0.000,0.000,0.000,0.000
59144.000,60.000,219949.000,69.000,720.000,0.000,0.000,0.000,0.000
59154.000,60.000,220009.000,69.000,720.000,0.000,0.000,0.000,0.000
59164.000,61.000,220070.000,69.000,720.000,0.000,0.000,0.000,0.000
59174.000,60.000,220130.000,69.000,720.000,0.000,0.000,0.000,0.000
59184.000,60.000,220190.000,69.000,720.000,0.000,0.000,0.000,0.000
59194.000,62.000,220252.000,69.000,720.000,0.000,0.000,0.000,0.000
59204.000,61.000,220313.000,69.000,720.000,0.000,0.000,0.000,0.000
59214.000,61.000,220374.000,69.000,720.000,0.000,0.000,0.000,0.000
59224.000,60.000,220434.000,69.000,720.000,0.000,0.000,0.000,0.000
59234.000,62.000,220496.000,69.000,720.000,0.000,0.000,0.000,0.000
59244.000,61.000,220557.000,69.000,720.000,0.000,0.000,0.000,0.000
59254.000,61.000,220618.000,69.000,720.000,0.000,0.000,0.000,0.000
59264.000,61.000,220679.000,69.000,720.000,0.000,0.000,0.000,0.000
59274.000,61.000,220740.000,69.000,720.000,0.000,0.000,0.000,0.000
59284.000,62.000,220802.000,69.000,720.000,0.000,0.000,0.000,0.000
59294.000,60.000,220862.000,69.000,720.000,0.000,0.000,0.000,0.000
59304.000,63.000,220925.000,69.000,720.000,0.000,0.000,0.000,0.000
59314.000,61.000,220986.000,69.000,720.000,0.000,0.000,0.000,0.000
59324.000,62.000,221048.000,69.000,720.000,0.000,0.000,0.000,0.000
59334.000,61.000,221109.000,69.000,720.000,0.000,0.000,0.000,0.000
59344.000,61.000,221170.000,69.000,720.000,0.000,0.000,0.000,0.000
59354.000,62.000,221232.000,69.000,720.000,0.000,0.000,0.000,0.000
59364.000,61.000,221293.000,69.000,720.000,0.000,0.000,0.000,0.000
59374.000,62.000,221355.000,69.000,720.000,0.000,0.000,0.000,0.000
59384.000,61.000,221416.000,69.000,720.000,0.000,0.000,0.000,0.000
59394.000,62.000,221478.000,69.000,720.000,0.000,0.000,0.000,0.000
59404.000,62.000,221540.000,69.000,720.000,0.000,0.000,0.000,0.000
59414.000,61.000,221601.000,69.000,720.000,0.000,0.000,0.000,0.000
59424.000,61.000,221662.000,69.000,720.000,0.000,0.000,0.000,0.000
59434.000,62.000,221724.000,69.000,720.000,0.000,0.000,0.000,0.000
59444.000,62.000,221786.000,69.000,720.000,0.000,0.000,0.000,0.000
59454.000,62.000,221848.000,69.000,720.000,0.000,0.000,0.000,0.000
59464.000,61.000,221909.000,69.000,720.000,0.000,0.000,0.000,0.000
59474.000,61.000,221970.000,69.000,720.000,0.000,0.000,0.000,0.000
59484.000,62.000,222032.000,69.000,792.000,0.000,0.000,0.000,0.000
59494.000,62.000,222094.000,69.000,720.000,0.000,0.000,0.000,0.000
59504.000,62.000,222156.000,69.000,720.000,0.000,0.000,0.000,0.000
59514.000,61.000,222217.000,69.000,720.000,0.000,0.000,0.000,0.000
59524.000,61.000,222278.000,69.000,792.000,0.000,0.000,0.000,0.000
59534.000,62.000,222340.000,69.000,792.000,0.000,0.000,0.000,0.000
59544.000,61.000,222401.000,69.000,720.000,0.000,0.000,0.000,0.000
59554.000,61.000,222462.000,69.000,792.000,0.000,0.000,0.000,0.000
59564.000,62.000,222524.000,69.000,864.000,0.000,0.000,0.000,0.000
59574.000,62.000,222586.000,69.000,792.000,0.000,0.000,0.000,0.000
59584.000,61.000,222647.000,69.000,792.000,0.000,0.000,0.000,0.000
59594.000,62.000,222709.000,69.000,864.000,0.000,0.000,0.000,0.000
59604.000,61.000,222770.000,69.000,792.000,0.000,0.000,0.000,0.000
59614.000,62.000,222832.000,69.000,864.000,0.000,0.000,0.000,0.000
59624.000,61.000,222893.000,69.000,792.000,0.000,0.000,0.000,0.000
59634.000,61.000,222954.000,69.000,864.000,0.000,0.000,0.000,0.000
59644.000,62.000,223016.000,69.000,864.000,0.000,0.000,0.000,0.000
59654.000,62.000,223078.000,69.000,864.000,0.000,0.000,0.000,0.000
59664.000,62.000,223140.000,69.000,864.000,0.000,0.000,0.000,0.000
59674.000,61.000,223201.000,69.000,864.000,0.000,0.000,0.000,0.000
59684.000,61.000,223262.000,69.000,936.000,0.000,0.000,0.000,0.000
59694.000,62.000,223324.000,69.000,936.000,0.000,0.000,0.000,0.000
59704.000,62.000,223386.000,69.000,864.000,0.000,0.000,0.000,0.000
59714.000,61.000,223447.000,69.000,864.000,0.000,0.000,0.000,0.000
59724.000,62.000,223509.000,69.000,936.000,0.000,0.000,0.000,0.000
59734.000,61.000,223570.000,69.000,936.000,0.000,0.000,0.000,0.000
59744.000,62.000,223632.000,69.000,936.000,0.000,0.000,0.000,0.000
59754.000,62.000,223694.000,69.000,936.000,0.000,0.000,0.000,0.000
59764.000,62.000,223756.000,69.000,936.000,0.000,0.000,0.000,0.000
59774.000,61.000,223817.000,69.000,936.000,0.000,0.000,0.000,0.000
59784.000,61.000,223878.000,69.000,1008.000,0.000,0.000,0.000,0.000
59794.000,63.000,223941.000,69.000,1008.000,0.000,0.000,0.000,0.000
59804.000,61.000,224002.000,69.000,936.000,0.000,0.000,0.000,0.000
59814.000,62.000,224064.000,69.000,1008.000,0.000,0.000,0.000,0.000
59824.000,61.000,224125.000,69.000,936.000,0.000,0.000,0.000,0.000
59834.000,62.000,224187.000,69.000,1008.000,0.000,0.000,0.000,0.000
59844.000,61.000,224248.000,69.000,1008.000,0.000,0.000,0.000,0.000
59854.000,62.000,224310.000,69.000,1008.000,0.000,0.000,0.000,0.000
59864.000,62.000,224372.000,69.000,1008.000,0.000,0.000,0.000,0.000
59874.000,61.000,224433.000,69.000,1008.000,0.000,0.000,0.000,0.000
59884.000,62.000,224495.000,69.000,1080.000,0.000,0.000,0.000,0.000
59894.000,61.000,224556.000,69.000,1008.000,0.000,0.000,0.000,0.000
59904.000,62.000,224618.000,69.000,1080.000,0.000,0.000,0.000,0.000
59914.000,62.000,224680.000,69.000,1008.000,0.000,0.000,0.000,0.000
59924.000,61.000,224741.000,69.000,1008.000,0.000,0.000,0.000,0.000
59934.000,61.000,224802.000,69.000,1080.000,0.000,0.000,0.000,0.000
59944.000,62.000,224864.000,69.000,1080.000,0.000,0.000,0.000,0.000
59954.000,62.000,224926.000,69.000,1080.000,0.000,0.000,0.000,0.000
59964.000,61.000,224987.000,69.000,1080.000,0.000,0.000,0.000,0.000
59974.000,62.000,225049.000,69.000,1152.000,0.000,0.000,0.000,0.000
59984.000,61.000,225110.000,69.000,1080.000,0.000,0.000,0.000,0.000
59994.000,62.000,225172.000,69.000,1152.000,0.000,0.000,0.000,0.000
60004.000,61.000,225233.000,69.000,1080.000,0.000,0.000,0.000,0.000
60014.000,61.000,225294.000,69.000,1152.000,0.000,0.000,0.000,0.000
60024.000,62.000,225356.000,69.000,1152.000,0.000,0.000,0.000,0.000
60034.000,62.000,225418.000,69.000,1152.000,0.000,0.000,0.000,0.000
60044.000,62.000,225480.000,69.000,1152.000,0.000,0.000,0.000,0.000
60054.000,61.000,225541.000,69.000,1152.000,0.000,0.000,0.000,0.000
60064.000,61.000,225602.000,69.000,1224.000,0.000,0.000,0.000,0.000
60074.000,62.000,225664.000,69.000,1224.000,0.000,0.000,0.000,0.000
60084.000,62.000,225726.000,69.000,1152.000,0.000,0.000,0.000,0.000
60094.000,62.000,225788.000,69.000,1152.000,0.000,0.000,0.000,0.000
60104.000,61.000,225849.000,69.000,1152.000,0.000,0.000,0.000,0.000
60114.000,61.000,225910.000,69.000,1224.000,0.000,0.000,0.000,0.000
60124.000,62.000,225972.000,69.000,1224.000,0.000,0.000,0.000,0.000
60134.000,62.000,226034.000,69.000,1224.000,0.000,0.000,0.000,0.000
60144.000,62.000,226096.000,69.000,1224.000,0.000,0.000,0.000,0.000
60154.000,61.000,226157.000,69.000,1224.000,0.000,0.000,0.000,0.000
60164.000,61.000,226218.000,69.000,1296.000,0.000,0.000,0.000,0.000
60174.000,62.000,226280.000,69.000,1296.000,0.000,0.000,0.000,0.000
60184.000,62.000,226342.000,69.000,1224.000,0.000,0.000,0.000,0.000
60194.000,62.000,226404.000,69.000,1224.000,0.000,0.000,0.000,0.000
60204.000,61.000,226465.000,69.000,1224.000,0.000,0.000,0.000,0.000
60214.000,61.000,226526.000,69.000,1296.000,0.000,0.000,0.000,0.000
60224.000,63.000,226589.000,69.000,1296.000,0.000,0.000,0.000,0.000
60234.000,61.000,226650.000,69.000,1224.000,0.000,0.000,0.000,0.000
60244.000,62.000,226712.000,69.000,1296.000,0.000,0.000,0.000,0.000
60254.000,61.000,226773.000,69.000,1296.000,0.000,0.000,0.000,0.000
60264.000,61.000,226834.000,69.000,1368.000,0.000,0.000,0.000,0.000
60274.000,62.000,226896.000,69.000,1368.000,0.000,0.000,0.000,0.000
60284.000,62.000,226958.000,69.000,1296.000,0.000,0.000,0.000,0.000
60294.000,61.000,227019.000,69.000,1296.000,0.000,0.000,0.000,0.000
60304.000,62.000,227081.000,69.000,1368.000,0.000,0.000,0.000,0.000
60314.000,61.000,227142.000,69.000,1296.000,0.000,0.000,0.000,0.000
60324.000,62.000,227204.000,69.000,1368.000,0.000,0.000,0.000,0.000
60334.000,61.000,227265.000,69.000,1368.000,0.000,0.000,0.000,0.000
60344.000,62.000,227327.000,69.000,1440.000,0.000,0.000,0.000,0.000
60354.000,61.000,227388.000,69.000,1368.000,0.000,0.000,0.000,0.000
60364.000,62.000,227450.000,69.000,1440.000,0.000,0.000,0.000,0.000
60374.000,62.000,227512.000,69.000,1368.000,0.000,0.000,0.000,0.000
60384.000,61.000,227573.000,69.000,1368.000,0.000,0.000,0.000,0.000
60394.000,61.000,227634.000,69.000,1440.000,0.000,0.000,0.000,0.000
60404.000,62.000,227696.000,69.000,1440.000,0.000,0.000,0.000,0.000
60414.000,61.000,227757.000,69.000,1440.000,0.000,0.000,0.000,0.000
60424.000,61.000,227818.000,69.000,1440.000,0.000,0.000,0.000,0.000
60434.000,63.000,227881.000,69.000,1512.000,0.000,0.000,0.000,0.000
60444.000,61.000,227942.000,69.000,1368.000,0.000,0.000,0.000,0.000
60454.000,62.000,228004.000,69.000,1512.000,0.000,0.000,0.000,0.000
60464.000,61.000,228065.000,69.000,1440.000,0.000,0.000,0.000,0.000
60474.000,61.000,228126.000,69.000,1512.000,0.000,0.000,0.000,0.000
60484.000,62.000,228188.000,69.000,1512.000,0.000,0.000,0.000,0.000
60494.000,62.000,228250.000,69.000,1512.000,0.000,0.000,0.000,0.000
60504.000,62.000,228312.000,69.000,1512.000,0.000,0.000,0.000,0.000
60514.000,61.000,228373.000,69.000,1512.000,0.000,0.000,0.000,0.000
60524.000,62.000,228435.000,69.000,1512.000,0.000,0.000,0.000,0.000
60534.000,61.000,228496.000,69.000,1512.000,0.000,0.000,0.000,0.000
60544.000,62.000,228558.000,69.000,1584.000,0.000,0.000,0.000,0.000
60554.000,62.000,228620.000,69.000,1512.000,0.000,0.000,0.000,0.000
60564.000,61.000,228681.000,69.000,1512.000,0.000,0.000,0.000,0.000
60574.000,61.000,228742.000,69.000,1584.000,0.000,0.000,0.000,0.000
60584.000,62.000,228804.000,69.000,1584.000,0.000,0.000,0.000,0.000
60594.000,61.000,228865.000,69.000,1584.000,0.000,0.000,0.000,0.000
60604.000,62.000,228927.000,69.000,1584.000,0.000,0.000,0.000,0.000
60614.000,62.000,228989.000,69.000,1584.000,0.000,0.000,0.000,0.000
60624.000,61.000,229050.000,69.000,1584.000,0.000,0.000,0.000,0.000
60634.000,62.000,229112.000,69.000,1656.000,0.000,0.000,0.000,0.000
60644.000,61.000,229173.000,69.000,1584.000,0.000,0.000,0.000,0.000
60654.000,63.000,229236.000,69.000,1656.000,0.000,0.000,0.000,0.000
60664.000,61.000,229297.000,69.000,1584.000,0.000,0.000,0.000,0.000
60674.000,61.000,229358.000,69.000,1656.000,0.000,0.000,0.000,0.000
60684.000,62.000,229420.000,69.000,1656.000,0.000,0.000,0.000,0.000
60694.000,61.000,229481.000,69.000,1656.000,0.000,0.000,0.000,0.000
60704.000,61.000,229542.000,69.000,1656.000,0.000,0.000,0.000,0.000
60714.000,62.000,229604.000,69.000,1728.000,0.000,0.000,0.000,0.000
60724.000,61.000,229665.000,69.000,1656.000,0.000,0.000,0.000,0.000
60734.000,61.000,229726.000,69.000,1728.000,0.000,0.000,0.000,0.000
60744.000,62.000,229788.000,69.000,1728.000,0.000,0.000,0.000,0.000
60754.000,62.000,229850.000,69.000,1656.000,0.000,0.000,0.000,0.000
60764.000,62.000,229912.000,69.000,1656.000,0.000,0.000,0.000,0.000
60774.000,61.000,229973.000,69.000,1728.000,0.000,0.000,0.000,0.000
60784.000,61.000,230034.000,69.000,1728.000,0.000,0.000,0.000,0.000
60794.000,62.000,230096.000,69.000,1800.000,0.000,0.000,0.000,0.000
60804.000,61.000,230157.000,69.000,1728.000,0.000,0.000,0.000,0.000
60814.000,61.000,230218.000,69.000,1800.000,0.000,0.000,0.000,0.000
60824.000,63.000,230281.000,69.000,1800.000,0.000,0.000,0.000,0.000
60834.000,61.000,230342.000,69.000,1728.000,0.000,0.000,0.000,0.000
60844.000,61.000,230403.000,69.000,1800.000,0.000,0.000,0.000,0.000
60854.000,62.000,230465.000,69.000,1800.000,0.000,0.000,0.000,0.000
60864.000,61.000,230526.000,69.000,1800.000,0.000,0.000,0.000,0.000
60874.000,62.000,230588.000,69.000,1800.000,0.000,0.000,0.000,0.000
60884.000,61.000,230649.000,69.000,1800.000,0.000,0.000,0.000,0.000
60894.000,62.000,230711.000,69.000,1872.000,0.000,0.000,0.000,0.000
60904.000,62.000,230773.000,69.000,1800.000,0.000,0.000,0.000,0.000
60914.000,61.000,230834.000,69.000,1800.000,0.000,0.000,0.000,0.000
60924.000,62.000,230896.000,69.000,1872.000,0.000,0.000,0.000,0.000
60934.000,62.000,230958.000,69.000,1800.000,0.000,0.000,0.000,0.000
60944.000,62.000,231020.000,69.000,1800.000,0.000,0.000,0.000,0.000
60954.000,61.000,231081.000,69.000,1800.000,0.000,0.000,0.000,0.000
60964.000,61.000,231142.000,69.000,1872.000,0.000,0.000,0.000,0.000
60974.000,62.000,231204.000,69.000,1872.000,0.000,0.000,0.000,0.000
60984.000,61.000,231265.000,69.000,1872.000,0.000,0.000,0.000,0.000
60994.000,62.000,231327.000,69.000,1944.000,0.000,0.000,0.000,0.000
61004.000,62.000,231389.000,69.000,1872.000,0.000,0.000,0.000,0.000
61014.000,61.000,231450.000,69.000,1872.000,0.000,0.000,0.000,0.000
61024.000,62.000,231512.000,69.000,1944.000,0.000,0.000,0.000,0.000
61034.000,61.000,231573.000,69.000,1872.000,0.000,0.000,0.000,0.000
61044.000,62.000,231635.000,69.000,1944.000,0.000,0.000,0.000,0.000
61054.000,61.000,231696.000,69.000,1944.000,0.000,0.000,0.000,0.000
61064.000,62.000,231758.000,69.000,1944.000,0.000,0.000,0.000,0.000
61074.000,62.000,231820.000,69.000,1944.000,0.000,0.000,0.000,0.000
61084.000,61.000,231881.000,69.000,1944.000,0.000,0.000,0.000,0.000
61094.000,61.000,231942.000,69.000,2016.000,0.000,0.000,0.000,0.000
61104.000,63.000,232005.000,69.000,2016.000,0.000,0.000,0.000,0.000
61114.000,61.000,232066.000,69.000,1944.000,0.000,0.000,0.000,0.000
61124.000,62.000,232128.000,69.000,2016.000,0.000,0.000,0.000,0.000
61134.000,61.000,232189.000,69.000,1944.000,0.000,0.000,0.000,0.000
61144.000,61.000,232250.000,69.000,2016.000,0.000,0.000,0.000,0.000
61154.000,62.000,232312.000,69.000,2016.000,0.000,0.000,0.000,0.000
61164.000,61.000,232373.000,69.000,2016.000,0.000,0.000,0.000,0.000
61174.000,61.000,232434.000,69.000,2088.000,0.000,0.000,0.000,0.000
61184.000,62.000,232496.000,69.000,2088.000,0.000,0.000,0.000,0.000
61194.000,62.000,232558.000,69.000,2016.000,0.000,0.000,0.000,0.000
61204.000,62.000,232620.000,69.000,2016.000,0.000,0.000,0.000,0.000
61214.000,61.000,232681.000,69.000,2016.000,0.000,0.000,0.000,0.000
61224.000,61.000,232742.000,69.000,2088.000,0.000,0.000,0.000,0.000
61234.000,62.000,232804.000,69.000,2088.000,0.000,0.000,0.000,0.000
61244.000,62.000,232866.000,69.000,2088.000,0.000,0.000,0.000,0.000
61254.000,62.000,232928.000,69.000,2088.000,0.000,0.000,0.000,0.000
61264.000,61.000,232989.000,69.000,2088.000,0.000,0.000,0.000,0.000
61274.000,61.000,233050.000,69.000,2160.000,0.000,0.000,0.000,0.000
61284.000,62.000,233112.000,69.000,2160.000,0.000,0.000,0.000,0.000
61294.000,62.000,233174.000,69.000,2088.000,0.000,0.000,0.000,0.000
61304.000,61.000,233235.000,69.000,2088.000,0.000,0.000,0.000,0.000
61314.000,62.000,233297.000,69.000,2160.000,0.000,0.000,0.000,0.000
61324.000,61.000,233358.000,69.000,2088.000,0.000,0.000,0.000,0.000
61334.000,62.000,233420.000,69.000,2160.000,0.000,0.000,0.000,0.000
61344.000,61.000,233481.000,69.000,2160.000,0.000,0.000,0.000,0.000
61354.000,62.000,233543.000,69.000,2232.000,0.000,0.000,0.000,0.000
61364.000,62.000,233605.000,69.000,2160.000,0.000,0.000,0.000,0.000
61374.000,61.000,233666.000,69.000,2160.000,0.000,0.000,0.000,0.000
61384.000,62.000,233728.000,69.000,2232.000,0.000,0.000,0.000,0.000
61394.000,62.000,233790.000,69.000,2160.000,0.000,0.000,0.000,0.000
61404.000,62.000,233852.000,69.000,2160.000,0.000,0.000,0.000,0.000
61414.000,61.000,233913.000,69.000,2160.000,0.000,0.000,0.000,0.000
61424.000,61.000,233974.000,69.000,2232.000,0.000,0.000,0.000,0.000
61434.000,62.000,234036.000,69.000,2232.000,0.000,0.000,0.000,0.000
61444.000,61.000,234097.000,69.000,2232.000,0.000,0.000,0.000,0.000
61454.000,61.000,234158.000,69.000,2304.000,0.000,0.000,0.000,0.000
61464.000,62.000,234220.000,69.000,2304.000,0.000,0.000,0.000,0.000
61474.000,62.000,234282.000,69.000,2232.000,0.000,0.000,0.000,0.000
61484.000,61.000,234343.000,69.000,2232.000,0.000,0.000,0.000,0.000
61494.000,62.000,234405.000,69.000,2304.000,0.000,0.000,0.000,0.000
61504.000,61.000,234466.000,69.000,2232.000,0.000,0.000,0.000,0.000
61514.000,62.000,234528.000,69.000,2304.000,0.000,0.000,0.000,0.000
61524.000,62.000,234590.000,69.000,2304.000,0.000,0.000,0.000,0.000
61534.000,61.000,234651.000,69.000,2304.000,0.000,0.000,0.000,0.000
61544.000,61.000,234712.000,69.000,2304.000,0.000,0.000,0.000,0.000
61554.000,62.000,234774.000,69.000,2376.000,0.000,0.000,0.000,0.000
61564.000,62.000,234836.000,69.000,2304.000,0.000,0.000,0.000,0.000
61574.000,61.000,234897.000,69.000,2304.000,0.000,0.000,0.000,0.000
61584.000,61.000,234958.000,69.000,2376.000,0.000,0.000,0.000,0.000
61594.000,62.000,235020.000,69.000,2376.000,0.000,0.000,0.000,0.000
61604.000,61.000,235081.000,69.000,2376.000,0.000,0.000,0.000,0.000
61614.000,62.000,235143.000,69.000,2376.000,0.000,0.000,0.000,0.000
61624.000,62.000,235205.000,69.000,2376.000,0.000,0.000,0.000,0.000
61634.000,61.000,235266.000,69.000,2376.000,0.000,0.000,0.000,0.000
61644.000,62.000,235328.000,69.000,2448.000,0.000,0.000,0.000,0.000
61654.000,61.000,235389.000,69.000,2376.000,0.000,0.000,0.000,0.000
61664.000,62.000,235451.000,69.000,2448.000,0.000,0.000,0.000,0.000
61674.000,62.000,235513.000,69.000,2376.000,0.000,0.000,0.000,0.000
61684.000,61.000,235574.000,69.000,2376.000,0.000,0.000,0.000,0.000
61694.000,62.000,235636.000,69.000,2448.000,0.000,0.000,0.000,0.000
61704.000,61.000,235697.000,69.000,2448.000,0.000,0.000,0.000,0.000
61714.000,63.000,235760.000,69.000,2448.000,0.000,0.000,0.000,0.000
61724.000,61.000,235821.000,69.000,2376.000,0.000,0.000,0.000,0.000
61734.000,61.000,235882.000,69.000,2448.000,0.000,0.000,0.000,0.000
61744.000,62.000,235944.000,69.000,2520.000,0.000,0.000,0.000,0.000
61754.000,62.000,236006.000,69.000,2448.000,0.000,0.000,0.000,0.000
61764.000,61.000,236067.000,69.000,2448.000,0.000,0.000,0.000,0.000
61774.000,62.000,236129.000,69.000,2520.000,0.000,0.000,0.000,0.000
61784.000,61.000,236190.000,69.000,2448.000,0.000,0.000,0.000,0.000
61794.000,62.000,236252.000,69.000,2520.000,0.000,0.000,0.000,0.000
61804.000,62.000,236314.000,69.000,2520.000,0.000,0.000,0.000,0.000
61814.000,62.000,236376.000,69.000,2520.000,0.000,0.000,0.000,0.000
61824.000,61.000,236437.000,69.000,2520.000,0.000,0.000,0.000,0.000
61834.000,61.000,236498.000,69.000,2520.000,0.000,0.000,0.000,0.000
61844.000,62.000,236560.000,69.000,2592.000,0.000,0.000,0.000,0.000
61854.000,62.000,236622.000,69.000,2520.000,0.000,0.000,0.000,0.000
61864.000,61.000,236683.000,69.000,2520.000,0.000,0.000,0.000,0.000
61874.000,61.000,236744.000,69.000,2592.000,0.000,0.000,0.000,0.000
61884.000,62.000,236806.000,69.000,2592.000,0.000,0.000,0.000,0.000
61894.000,62.000,236868.000,69.000,2592.000,0.000,0.000,0.000,0.000
61904.000,61.000,236929.000,69.000,2592.000,0.000,0.000,0.000,0.000
61914.000,61.000,236990.000,69.000,2592.000,0.000,0.000,0.000,0.000
61924.000,62.000,237052.000,69.000,2664.000,0.000,0.000,0.000,0.000
61934.000,62.000,237114.000,69.000,2592.000,0.000,0.000,0.000,0.000
61944.000,62.000,237176.000,69.000,2592.000,0.000,0.000,0.000,0.000
61954.000,61.000,237237.000,69.000,2592.000,0.000,0.000,0.000,0.000
61964.000,61.000,237298.000,69.000,2664.000,0.000,0.000,0.000,0.000
61974.000,62.000,237360.000,69.000,2664.000,0.000,0.000,0.000,0.000
61984.000,62.000,237422.000,69.000,2592.000,0.000,0.000,0.000,0.000
61994.000,62.000,237484.000,69.000,2664.000,0.000,0.000,0.000,0.000
62004.000,61.000,237545.000,69.000,2664.000,0.000,0.000,0.000,0.000
62014.000,61.000,237606.000,69.000,2664.000,0.000,0.000,0.000,0.000
62024.000,62.000,237668.000,69.000,2736.000,0.000,0.000,0.000,0.000
62034.000,61.000,237729.000,69.000,2664.000,0.000,0.000,0.000,0.000
62044.000,62.000,237791.000,69.000,2736.000,0.000,0.000,0.000,0.000
62054.000,61.000,237852.000,69.000,2664.000,0.000,0.000,0.000,0.000
62064.000,62.000,237914.000,69.000,2736.000,0.000,0.000,0.000,0.000
62074.000,62.000,237976.000,69.000,2664.000,0.000,0.000,0.000,0.000
62084.000,61.000,238037.000,69.000,2664.000,0.000,0.000,0.000,0.000
62094.000,61.000,238098.000,69.000,2736.000,0.000,0.000,0.000,0.000
62104.000,63.000,238161.000,69.000,2736.000,0.000,0.000,0.000,0.000
62114.000,61.000,238222.000,69.000,2664.000,0.000,0.000,0.000,0.000
62124.000,62.000,238284.000,69.000,2808.000,0.000,0.000,0.000,0.000
62134.000,61.000,238345.000,69.000,2736.000,0.000,0.000,0.000,0.000
62144.000,62.000,238407.000,69.000,2808.000,0.000,0.000,0.000,0.000
62154.000,62.000,238469.000,69.000,2736.000,0.000,0.000,0.000,0.000
62164.000,61.000,238530.000,69.000,2736.000,0.000,0.000,0.000,0.000
62174.000,62.000,238592.000,69.000,2808.000,0.000,0.000,0.000,0.000
62184.000,61.000,238653.000,69.000,2736.000,0.000,0.000,0.000,0.000
62194.000,61.000,238714.000,69.000,2808.000,0.000,0.000,0.000,0.000
62204.000,63.000,238777.000,69.000,2808.000,0.000,0.000,0.000,0.000
62214.000,61.000,238838.000,69.000,2736.000,0.000,0.000,0.000,0.000
62224.000,62.000,238900.000,69.000,2880.000,0.000,0.000,0.000,0.000
62234.000,61.000,238961.000,69.000,2808.000,0.000,0.000,0.000,0.000
62244.000,63.000,239024.000,69.000,2880.000,0.000,0.000,0.000,0.000
62254.000,61.000,239085.000,69.000,2736.000,0.000,0.000,0.000,0.000
62264.000,61.000,239146.000,69.000,2880.000,0.000,0.000,0.000,0.000
62274.000,62.000,239208.000,69.000,2880.000,0.000,0.000,0.000,0.000
62284.000,62.000,239270.000,69.000,2808.000,0.000,0.000,0.000,0.000
62294.000,61.000,239331.000,69.000,2808.000,0.000,0.000,0.000,0.000
62304.000,62.000,239393.000,69.000,2880.000,0.000,0.000,0.000,0.000
62314.000,61.000,239454.000,69.000,2880.000,0.000,0.000,0.000,0.000
62324.000,62.000,239516.000,69.000,2880.000,0.000,0.000,0.000,0.000
62334.000,61.000,239577.000,69.000,2880.000,0.000,0.000,0.000,0.000
62344.000,61.000,239638.000,69.000,2952.000,0.000,0.000,0.000,0.000
62354.000,62.000,239700.000,69.000,2952.000,0.000,0.000,0.000,0.000
62364.000,62.000,239762.000,69.000,2880.000,0.000,0.000,0.000,0.000
62374.000,62.000,239824.000,69.000,2880.000,0.000,0.000,0.000,0.000
62384.000,61.000,239885.000,69.000,2880.000,0.000,0.000,0.000,0.000
62394.000,61.000,239946.000,69.000,2952.000,0.000,0.000,0.000,0.000
62404.000,62.000,240008.000,69.000,2952.000,0.000,0.000,0.000,0.000
62414.000,61.000,240069.000,69.000,2952.000,0.000,0.000,0.000,0.000
62424.000,63.000,240132.000,69.000,3024.000,0.000,0.000,0.000,0.000
62434.000,61.000,240193.000,69.000,2880.000,0.000,0.000,0.000,0.000
62444.000,61.000,240254.000,69.000,3024.000,0.000,0.000,0.000,0.000
62454.000,62.000,240316.000,69.000,3024.000,0.000,0.000,0.000,0.000
62464.000,61.000,240377.000,69.000,2952.000,0.000,0.000,0.000,0.000
62474.000,61.000,240438.000,69.000,3024.000,0.000,0.000,0.000,0.000
62484.000,63.000,240501.000,69.000,3024.000,0.000,0.000,0.000,0.000
62494.000,61.000,240562.000,69.000,2952.000,0.000,0.000,0.000,0.000
62504.000,62.000,240624.000,69.000,3024.000,0.000,0.000,0.000,0.000
62514.000,61.000,240685.000,69.000,3024.000,0.000,0.000,0.000,0.000
62524.000,62.000,240747.000,69.000,3096.000,0.000,0.000,0.000,0.000
62534.000,62.000,240809.000,69.000,3024.000,0.000,0.000,0.000,0.000
62544.000,61.000,240870.000,69.000,3024.000,0.000,0.000,0.000,0.000
62554.000,62.000,240932.000,69.000,3096.000,0.000,0.000,0.000,0.000
62564.000,62.000,240994.000,69.000,3024.000,0.000,0.000,0.000,0.000
62574.000,62.000,241056.000,69.000,3024.000,0.000,0.000,0.000,0.000
62584.000,61.000,241117.000,69.000,3024.000,0.000,0.000,0.000,0.000
62594.000,61.000,241178.000,69.000,3096.000,0.000,0.000,0.000,0.000
62604.000,62.000,241240.000,69.000,3096.000,0.000,0.000,0.000,0.000
62614.000,61.000,241301.000,69.000,3096.000,0.000,0.000,0.000,0.000
62624.000,61.000,241362.000,69.000,3168.000,0.000,0.000,0.000,0.000
62634.000,62.000,241424.000,69.000,3168.000,0.000,0.000,0.000,0.000
62644.000,62.000,241486.000,69.000,3096.000,0.000,0.000,0.000,0.000
62654.000,61.000,241547.000,69.000,3096.000,0.000,0.000,0.000,0.000
62664.000,62.000,241609.000,69.000,3168.000,0.000,0.000,0.000,0.000
62674.000,61.000,241670.000,69.000,3168.000,0.000,0.000,0.000,0.000
62684.000,62.000,241732.000,69.000,3168.000,0.000,0.000,0.000,0.000
62694.000,62.000,241794.000,69.000,3168.000,0.000,0.000,0.000,0.000
62704.000,62.000,241856.000,69.000,3168.000,0.000,0.000,0.000,0.000
62714.000,61.000,241917.000,69.000,3168.000,0.000,0.000,0.000,0.000
62724.000,61.000,241978.000,69.000,3240.000,0.000,0.000,0.000,0.000
62734.000,62.000,242040.000,69.000,3240.000,0.000,0.000,0.000,0.000
62744.000,62.000,242102.000,69.000,3168.000,0.000,0.000,0.000,0.000
62754.000,61.000,242163.000,69.000,3168.000,0.000,0.000,0.000,0.000
62764.000,62.000,242225.000,69.000,3240.000,0.000,0.000,0.000,0.000
62774.000,61.000,242286.000,69.000,3240.000,0.000,0.000,0.000,0.000
62784.000,62.000,242348.000,69.000,3240.000,0.000,0.000,0.000,0.000
62794.000,61.000,242409.000,69.000,3240.000,0.000,0.000,0.000,0.000
62804.000,61.000,242470.000,69.000,3312.000,0.000,0.000,0.000,0.000
62814.000,62.000,242532.000,69.000,3312.000,0.000,0.000,0.000,0.000
62824.000,62.000,242594.000,69.000,3240.000,0.000,0.000,0.000,0.000
62834.000,61.000,242655.000,80.000,3816.000,0.000,0.000,0.000,0.000
62844.000,62.000,242717.000,80.000,4032.000,0.000,0.000,0.000,0.000
62854.000,61.000,242778.000,80.000,4104.000,0.000,0.000,0.000,0.000
62864.000,62.000,242840.000,80.000,4248.000,0.000,0.000,0.000,0.000
62874.000,61.000,242901.000,80.000,4392.000,0.000,0.000,0.000,0.000
62884.000,63.000,242964.000,80.000,4536.000,0.000,0.000,0.000,0.000
62894.000,60.000,243024.000,80.000,4608.000,0.000,0.000,0.000,0.000
62904.000,62.000,243086.000,80.000,4896.000,0.000,0.000,0.000,0.000
62914.000,62.000,243148.000,80.000,4968.000,0.000,0.000,0.000,0.000
62924.000,61.000,243209.000,80.000,5112.000,0.000,0.000,0.000,0.000
62934.000,61.000,243270.000,80.000,5256.000,0.000,0.000,0.000,0.000
62944.000,63.000,243333.000,80.000,5472.000,0.000,0.000,0.000,0.000
62954.000,61.000,243394.000,80.000,5472.000,0.000,0.000,0.000,0.000
62964.000,62.000,243456.000,80.000,5760.000,0.000,0.000,0.000,0.000
62974.000,62.000,243518.000,80.000,5832.000,0.000,0.000,0.000,0.000
62984.000,61.000,243579.000,80.000,5976.000,0.000,0.000,0.000,0.000
62994.000,62.000,243641.000,80.000,6192.000,0.000,0.000,0.000,0.000
63004.000,61.000,243702.000,80.000,6264.000,0.000,0.000,0.000,0.000
63014.000,62.000,243764.000,80.000,6480.000,0.000,0.000,0.000,0.000
63024.000,61.000,243825.000,80.000,6552.000,0.000,0.000,0.000,0.000
63034.000,62.000,243887.000,80.000,6768.000,0.000,0.000,0.000,0.000
63044.000,61.000,243948.000,80.000,6840.000,0.000,0.000,0.000,0.000
63054.000,61.000,244009.000,80.000,7056.000,0.000,0.000,0.000,0.000
63064.000,62.000,244071.000,80.000,7200.000,0.000,0.000,0.000,0.000
63074.000,62.000,244133.000,80.000,7128.000,0.000,0.000,0.000,0.000
63084.000,61.000,244194.000,80.000,7128.000,0.000,0.000,0.000,0.000
63094.000,62.000,244256.000,80.000,7200.000,0.000,0.000,0.000,0.000
63104.000,61.000,244317.000,80.000,7128.000,0.000,0.000,0.000,0.000
63114.000,61.000,244378.000,80.000,7200.000,0.000,0.000,0.000,0.000
63124.000,62.000,244440.000,80.000,7200.000,0.000,0.000,0.000,0.000
63134.000,62.000,244502.000,80.000,7128.000,0.000,0.000,0.000,0.000
63144.000,61.000,244563.000,80.000,7128.000,0.000,0.000,0.000,0.000
63154.000,62.000,244625.000,80.000,7200.000,0.000,0.000,0.000,0.000
63164.000,61.000,244686.000,80.000,7128.000,0.000,0.000,0.000,0.000
63174.000,62.000,244748.000,80.000,7200.000,0.000,0.000,0.000,0.000
63184.000,61.000,244809.000,80.000,7128.000,0.000,0.000,0.000,0.000
63194.000,61.000,244870.000,80.000,7200.000,0.000,0.000,0.000,0.000
63204.000,62.000,244932.000,80.000,7200.000,0.000,0.000,0.000,0.000
63214.000,61.000,244993.000,80.000,7128.000,0.000,0.000,0.000,0.000
63224.000,61.000,245054.000,80.000,7200.000,0.000,0.000,0.000,0.000
63234.000,63.000,245117.000,80.000,7200.000,0.000,0.000,0.000,0.000
63244.000,61.000,245178.000,80.000,7200.000,0.000,0.000,0.000,0.000
63254.000,62.000,245240.000,80.000,7200.000,0.000,0.000,0.000,0.000
63264.000,61.000,245301.000,80.000,7200.000,0.000,0.000,0.000,0.000
63274.000,61.000,245362.000,80.000,7200.000,0.000,0.000,0.000,0.000
63284.000,62.000,245424.000,80.000,7200.000,0.000,0.000,0.000,0.000
63294.000,62.000,245486.000,80.000,7200.000,0.000,0.000,0.000,0.000
63304.000,62.000,245548.000,80.000,7200.000,0.000,0.000,0.000,0.000
63314.000,61.000,245609.000,80.000,7200.000,0.000,0.000,0.000,0.000
63324.000,61.000,245670.000,80.000,7200.000,0.000,0.000,0.000,0.000
63334.000,62.000,245732.000,80.000,7200.000,0.000,0.000,0.000,0.000
63344.000,62.000,245794.000,80.000,7200.000,0.000,0.000,0.000,0.000
63354.000,61.000,245855.000,80.000,7200.000,0.000,0.000,0.000,0.000
63364.000,62.000,245917.000,80.000,7200.000,0.000,0.000,0.000,0.000
63374.000,61.000,245978.000,80.000,7200.000,0.000,0.000,0.000,0.000
63384.000,62.000,246040.000,80.000,7200.000,0.000,0.000,0.000,0.000
63394.000,61.000,246101.000,80.000,7200.000,0.000,0.000,0.000,0.000
63404.000,61.000,246162.000,80.000,7200.000,0.000,0.000,0.000,0.000
63414.000,62.000,246224.000,80.000,7200.000,0.000,0.000,0.000,0.000
63424.000,62.000,246286.000,80.000,7200.000,0.000,0.000,0.000,0.000
63434.000,61.000,246347.000,80.000,7200.000,0.000,0.000,0.000,0.000
63444.000,62.000,246409.000,80.000,7200.000,0.000,0.000,0.000,0.000
63454.000,61.000,246470.000,80.000,7200.000,0.000,0.000,0.000,0.000
63464.000,62.000,246532.000,80.000,7200.000,0.000,0.000,0.000,0.000
63474.000,61.000,246593.000,80.000,7200.000,0.000,0.000,0.000,0.000
63484.000,62.000,246655.000,80.000,7200.000,0.000,0.000,0.000,0.000
63494.000,61.000,246716.000,80.000,7200.000,0.000,0.000,0.000,0.000
63504.000,62.000,246778.000,80.000,7200.000,0.000,0.000,0.000,0.000
63514.000,62.000,246840.000,80.000,7200.000,0.000,0.000,0.000,0.000
63524.000,61.000,246901.000,80.000,7200.000,0.000,0.000,0.000,0.000
63534.000,61.000,246962.000,80.000,7200.000,0.000,0.000,0.000,0.000
63544.000,62.000,247024.000,80.000,7200.000,0.000,0.000,0.000,0.000
63554.000,62.000,247086.000,80.000,7200.000,0.000,0.000,0.000,0.000
63564.000,61.000,247147.000,80.000,7200.000,0.000,0.000,0.000,0.000
63574.000,62.000,247209.000,80.000,7200.000,0.000,0.000,0.000,0.000
63584.000,61.000,247270.000,80.000,7200.000,0.000,0.000,0.000,0.000
63594.000,62.000,247332.000,80.000,7200.000,0.000,0.000,0.000,0.000
63604.000,61.000,247393.000,80.000,7200.000,0.000,0.000,0.000,0.000
63614.000,61.000,247454.000,80.000,7200.000,0.000,0.000,0.000,0.000
63624.000,62.000,247516.000,80.000,7200.000,0.000,0.000,0.000,0.000
63634.000,62.000,247578.000,80.000,7200.000,0.000,0.000,0.000,0.000
63644.000,61.000,247639.000,80.000,7200.000,0.000,0.000,0.000,0.000
63654.000,62.000,247701.000,80.000,7200.000,0.000,0.000,0.000,0.000
63664.000,61.000,247762.000,80.000,7200.000,0.000,0.000,0.000,0.000
63674.000,62.000,247824.000,80.000,7200.000,0.000,0.000,0.000,0.000
63684.000,62.000,247886.000,80.000,7200.000,0.000,0.000,0.000,0.000
63694.000,62.000,247948.000,80.000,7200.000,0.000,0.000,0.000,0.000
63704.000,61.000,248009.000,80.000,7200.000,0.000,0.000,0.000,0.000
63714.000,61.000,248070.000,80.000,7200.000,0.000,0.000,0.000,0.000
63724.000,62.000,248132.000,80.000,7200.000,0.000,0.000,0.000,0.000
63734.000,62.000,248194.000,80.000,7200.000,0.000,0.000,0.000,0.000
63744.000,62.000,248256.000,80.000,7200.000,0.000,0.000,0.000,0.000
63754.000,61.000,248317.000,80.000,7200.000,0.000,0.000,0.000,0.000
63764.000,61.000,248378.000,80.000,7200.000,0.000,0.000,0.000,0.000
63774.000,62.000,248440.000,80.000,7200.000,0.000,0.000,0.000,0.000
63784.000,61.000,248501.000,80.000,7200.000,0.000,0.000,0.000,0.000
63794.000,61.000,248562.000,80.000,7200.000,0.000,0.000,0.000,0.000
63804.000,62.000,248624.000,80.000,7200.000,0.000,0.000,0.000,0.000
63814.000,62.000,248686.000,80.000,7200.000,0.000,0.000,0.000,0.000
63824.000,61.000,248747.000,80.000,7200.000,0.000,0.000,0.000,0.000
63834.000,62.000,248809.000,80.000,7200.000,0.000,0.000,0.000,0.000
63844.000,61.000,248870.000,80.000,7200.000,0.000,0.000,0.000,0.000
63854.000,62.000,248932.000,80.000,7200.000,0.000,0.000,0.000,0.000
63864.000,61.000,248993.000,80.000,7200.000,0.000,0.000,0.000,0.000
63874.000,61.000,249054.000,80.000,7200.000,0.000,0.000,0.000,0.000
63884.000,62.000,249116.000,80.000,7200.000,0.000,0.000,0.000,0.000
63894.000,62.000,249178.000,80.000,7200.000,0.000,0.000,0.000,0.000
63904.000,61.000,249239.000,80.000,7200.000,0.000,0.000,0.000,0.000
63914.000,62.000,249301.000,80.000,7200.000,0.000,0.000,0.000,0.000
63924.000,61.000,249362.000,80.000,7200.000,0.000,0.000,0.000,0.000
63934.000,62.000,249424.000,80.000,7200.000,0.000,0.000,0.000,0.000
63944.000,61.000,249485.000,80.000,7200.000,0.000,0.000,0.000,0.000
63954.000,61.000,249546.000,80.000,7200.000,0.000,0.000,0.000,0.000
63964.000,62.000,249608.000,80.000,7200.000,0.000,0.000,0.000,0.000
63974.000,61.000,249669.000,80.000,7200.000,0.000,0.000,0.000,0.000
63984.000,62.000,249731.000,80.000,7200.000,0.000,0.000,0.000,0.000
63994.000,61.000,249792.000,80.000,7200.000,0.000,0.000,0.000,0.000
64004.000,62.000,249854.000,80.000,7200.000,0.000,0.000,0.000,0.000
64014.000,62.000,249916.000,80.000,7200.000,0.000,0.000,0.000,0.000
64024.000,61.000,249977.000,80.000,7200.000,0.000,0.000,0.000,0.000
64034.000,61.000,250038.000,80.000,7200.000,0.000,0.000,0.000,0.000
64044.000,62.000,250100.000,80.000,7200.000,0.000,0.000,0.000,0.000
64054.000,62.000,250162.000,80.000,7200.000,0.000,0.000,0.000,0.000
64064.000,61.000,250223.000,80.000,7200.000,0.000,0.000,0.000,0.000
64074.000,61.000,250284.000,80.000,7200.000,0.000,0.000,0.000,0.000
64084.000,62.000,250346.000,80.000,7200.000,0.000,0.000,0.000,0.000
64094.000,62.000,250408.000,80.000,7200.000,0.000,0.000,0.000,0.000
64104.000,61.000,250469.000,80.000,7200.000,0.000,0.000,0.000,0.000
64114.000,61.000,250530.000,80.000,7200.000,0.000,0.000,0.000,0.000
64124.000,62.000,250592.000,80.000,7200.000,0.000,0.000,0.000,0.000
64134.000,62.000,250654.000,80.000,7200.000,0.000,0.000,0.000,0.000
64144.000,62.000,250716.000,80.000,7200.000,0.000,0.000,0.000,0.000
64154.000,61.000,250777.000,80.000,7200.000,0.000,0.000,0.000,0.000
64164.000,61.000,250838.000,80.000,7200.000,0.000,0.000,0.000,0.000
64174.000,62.000,250900.000,80.000,7200.000,0.000,0.000,0.000,0.000
64184.000,61.000,250961.000,80.000,7200.000,0.000,0.000,0.000,0.000
64194.000,62.000,251023.000,80.000,7200.000,0.000,0.000,0.000,0.000
64204.000,62.000,251085.000,80.000,7200.000,0.000,0.000,0.000,0.000
64214.000,61.000,251146.000,80.000,7200.000,0.000,0.000,0.000,0.000
64224.000,62.000,251208.000,80.000,7200.000,0.000,0.000,0.000,0.000
64234.000,61.000,251269.000,80.000,7200.000,0.000,0.000,0.000,0.000
64244.000,61.000,251330.000,80.000,7200.000,0.000,0.000,0.000,0.000
64254.000,62.000,251392.000,80.000,7200.000,0.000,0.000,0.000,0.000
64264.000,62.000,251454.000,80.000,7200.000,0.000,0.000,0.000,0.000
64274.000,62.000,251516.000,80.000,7200.000,0.000,0.000,0.000,0.000
64284.000,61.000,251577.000,80.000,7200.000,0.000,0.000,0.000,0.000
64294.000,61.000,251638.000,80.000,7200.000,0.000,0.000,0.000,0.000
64304.000,62.000,251700.000,80.000,7200.000,0.000,0.000,0.000,0.000
64314.000,61.000,251761.000,80.000,7200.000,0.000,0.000,0.000,0.000
64324.000,61.000,251822.000,80.000,7200.000,0.000,0.000,0.000,0.000
64334.000,62.000,251884.000,80.000,7200.000,0.000,0.000,0.000,0.000
64344.000,61.000,251945.000,80.000,7200.000,0.000,0.000,0.000,0.000
64354.000,61.000,252006.000,80.000,7200.000,0.000,0.000,0.000,0.000
64364.000,62.000,252068.000,80.000,7200.000,0.000,0.000,0.000,0.000
64374.000,61.000,252129.000,80.000,7200.000,0.000,0.000,0.000,0.000
64384.000,62.000,252191.000,80.000,7200.000,0.000,0.000,0.000,0.000
64394.000,61.000,252252.000,80.000,7200.000,0.000,0.000,0.000,0.000
64404.000,62.000,252314.000,80.000,7200.000,0.000,0.000,0.000,0.000
64414.000,62.000,252376.000,80.000,7200.000,0.000,0.000,0.000,0.000
64424.000,61.000,252437.000,80.000,7200.000,0.000,0.000,0.000,0.000
64434.000,61.000,252498.000,80.000,7200.000,0.000,0.000,0.000,0.000
64444.000,63.000,252561.000,80.000,7200.000,0.000,0.000,0.000,0.000
64454.000,61.000,252622.000,80.000,7200.000,0.000,0.000,0.000,0.000
64464.000,62.000,252684.000,80.000,7200.000,0.000,0.000,0.000,0.000
64474.000,61.000,252745.000,80.000,7200.000,0.000,0.000,0.000,0.000
64484.000,61.000,252806.000,80.000,7200.000,0.000,0.000,0.000,0.000
64494.000,62.000,252868.000,80.000,7200.000,0.000,0.000,0.000,0.000
64504.000,62.000,252930.000,80.000,7200.000,0.000,0.000,0.000,0.000
64514.000,62.000,252992.000,80.000,7200.000,0.000,0.000,0.000,0.000
64524.000,61.000,253053.000,80.000,7200.000,0.000,0.000,0.000,0.000
64534.000,61.000,253114.000,80.000,7200.000,0.000,0.000,0.000,0.000
64544.000,62.000,253176.000,80.000,7200.000,0.000,0.000,0.000,0.000
64554.000,62.000,253238.000,80.000,7200.000,0.000,0.000,0.000,0.000
64564.000,61.000,253299.000,80.000,7200.000,0.000,0.000,0.000,0.000
64574.000,62.000,253361.000,80.000,7200.000,0.000,0.000,0.000,0.000
64584.000,61.000,253422.000,80.000,7200.000,0.000,0.000,0.000,0.000
64594.000,62.000,253484.000,80.000,7200.000,0.000,0.000,0.000,0.000
64604.000,61.000,253545.000,80.000,7200.000,0.000,0.000,0.000,0.000
64614.000,61.000,253606.000,80.000,7200.000,0.000,0.000,0.000,0.000
64624.000,62.000,253668.000,80.000,7200.000,0.000,0.000,0.000,0.000
64634.000,61.000,253729.000,80.000,7200.000,0.000,0.000,0.000,0.000
64644.000,61.000,253790.000,80.000,7200.000,0.000,0.000,0.000,0.000
64654.000,62.000,253852.000,80.000,7200.000,0.000,0.000,0.000,0.000
64664.000,62.000,253914.000,80.000,7200.000,0.000,0.000,0.000,0.000
64674.000,61.000,253975.000,80.000,7200.000,0.000,0.000,0.000,0.000
64684.000,62.000,254037.000,80.000,7200.000,0.000,0.000,0.000,0.000
64694.000,61.000,254098.000,80.000,7200.000,0.000,0.000,0.000,0.000
64704.000,62.000,254160.000,80.000,7200.000,0.000,0.000,0.000,0.000
64714.000,61.000,254221.000,80.000,7200.000,0.000,0.000,0.000,0.000
64724.000,62.000,254283.000,80.000,7200.000,0.000,0.000,0.000,0.000
64734.000,61.000,254344.000,80.000,7200.000,0.000,0.000,0.000,0.000
64744.000,61.000,254405.000,80.000,7200.000,0.000,0.000,0.000,0.000
64754.000,61.000,254466.000,80.000,7200.000,0.000,0.000,0.000,0.000
64764.000,62.000,254528.000,80.000,7200.000,0.000,0.000,0.000,0.000
64774.000,62.000,254590.000,80.000,7200.000,0.000,0.000,0.000,0.000
64784.000,60.000,254650.000,80.000,7200.000,0.000,0.000,0.000,0.000
64794.000,63.000,254713.000,80.000,7200.000,0.000,0.000,0.000,0.000
64804.000,61.000,254774.000,80.000,7200.000,0.000,0.000,0.000,0.000
64814.000,62.000,254836.000,80.000,7200.000,0.000,0.000,0.000,0.000
64824.000,61.000,254897.000,80.000,7200.000,0.000,0.000,0.000,0.000
64834.000,61.000,254958.000,80.000,7200.000,0.000,0.000,0.000,0.000
64844.000,62.000,255020.000,80.000,7200.000,0.000,0.000,0.000,0.000
64854.000,62.000,255082.000,80.000,7200.000,0.000,0.000,0.000,0.000
64864.000,62.000,255144.000,80.000,7200.000,0.000,0.000,0.000,0.000
64874.000,61.000,255205.000,80.000,7200.000,0.000,0.000,0.000,0.000
64884.000,61.000,255266.000,80.000,7200.000,0.000,0.000,0.000,0.000
64894.000,62.000,255328.000,80.000,7200.000,0.000,0.000,0.000,0.000
64904.000,61.000,255389.000,80.000,7200.000,0.000,0.000,0.000,0.000
64914.000,62.000,255451.000,80.000,7200.000,0.000,0.000,0.000,0.000
64924.000,61.000,255512.000,80.000,7200.000,0.000,0.000,0.000,0.000
64934.000,62.000,255574.000,80.000,7200.000,0.000,0.000,0.000,0.000
64944.000,62.000,255636.000,80.000,7200.000,0.000,0.000,0.000,0.000
64954.000,61.000,255697.000,80.000,7200.000,0.000,0.000,0.000,0.000
64964.000,61.000,255758.000,80.000,7200.000,0.000,0.000,0.000,0.000
64974.000,62.000,255820.000,80.000,7200.000,0.000,0.000,0.000,0.000
64984.000,62.000,255882.000,80.000,7200.000,0.000,0.000,0.000,0.000
64994.000,61.000,255943.000,80.000,7200.000,0.000,0.000,0.000,0.000
65004.000,62.000,256005.000,80.000,7200.000,0.000,0.000,0.000,0.000
65014.000,61.000,256066.000,80.000,7200.000,0.000,0.000,0.000,0.000
65024.000,62.000,256128.000,80.000,7200.000,0.000,0.000,0.000,0.000
65034.000,61.000,256189.000,80.000,7200.000,0.000,0.000,0.000,0.000
65044.000,62.000,256251.000,80.000,7200.000,0.000,0.000,0.000,0.000
65054.000,61.000,256312.000,80.000,7200.000,0.000,0.000,0.000,0.000
65064.000,62.000,256374.000,80.000,7200.000,0.000,0.000,0.000,0.000
65074.000,61.000,256435.000,80.000,7200.000,0.000,0.000,0.000,0.000
65084.000,61.000,256496.000,80.000,7200.000,0.000,0.000,0.000,0.000
65094.000,62.000,256558.000,80.000,7200.000,0.000,0.000,0.000,0.000
65104.000,61.000,256619.000,80.000,7200.000,0.000,0.000,0.000,0.000
65114.000,62.000,256681.000,80.000,7200.000,0.000,0.000,0.000,0.000
65124.000,61.000,256742.000,80.000,7200.000,0.000,0.000,0.000,0.000
65134.000,62.000,256804.000,80.000,7200.000,0.000,0.000,0.000,0.000
65144.000,61.000,256865.000,80.000,7200.000,0.000,0.000,0.000,0.000
65154.000,61.000,256926.000,80.000,7200.000,0.000,0.000,0.000,0.000
65164.000,62.000,256988.000,80.000,7200.000,0.000,0.000,0.000,0.000
65174.000,62.000,257050.000,80.000,7200.000,0.000,0.000,0.000,0.000
65184.000,61.000,257111.000,80.000,7200.000,0.000,0.000,0.000,0.000
65194.000,62.000,257173.000,80.000,7200.000,0.000,0.000,0.000,0.000
65204.000,61.000,257234.000,80.000,7200.000,0.000,0.000,0.000,0.000
65214.000,62.000,257296.000,80.000,7200.000,0.000,0.000,0.000,0.000
65224.000,61.000,257357.000,80.000,7200.000,0.000,0.000,0.000,0.000
65234.000,62.000,257419.000,80.000,7200.000,0.000,0.000,0.000,0.000
65244.000,61.000,257480.000,80.000,7200.000,0.000,0.000,0.000,0.000
65254.000,62.000,257542.000,80.000,7200.000,0.000,0.000,0.000,0.000
65264.000,62.000,257604.000,80.000,7200.000,0.000,0.000,0.000,0.000
65274.000,61.000,257665.000,80.000,7200.000,0.000,0.000,0.000,0.000
65284.000,61.000,257726.000,80.000,7200.000,0.000,0.000,0.000,0.000
65294.000,63.000,257789.000,80.000,7200.000,0.000,0.000,0.000,0.000
65304.000,61.000,257850.000,80.000,7200.000,0.000,0.000,0.000,0.000
65314.000,62.000,257912.000,80.000,7200.000,0.000,0.000,0.000,0.000
65324.000,61.000,257973.000,80.000,7200.000,0.000,0.000,0.000,0.000
65334.000,61.000,258034.000,80.000,7200.000,0.000,0.000,0.000,0.000
65344.000,62.000,258096.000,80.000,7200.000,0.000,0.000,0.000,0.000
65354.000,62.000,258158.000,80.000,7200.000,0.000,0.000,0.000,0.000
65364.000,62.000,258220.000,80.000,7200.000,0.000,0.000,0.000,0.000
65374.000,61.000,258281.000,80.000,7200.000,0.000,0.000,0.000,0.000
65384.000,61.000,258342.000,80.000,7200.000,0.000,0.000,0.000,0.000
65394.000,62.000,258404.000,80.000,7200.000,0.000,0.000,0.000,0.000
65404.000,61.000,258465.000,80.000,7200.000,0.000,0.000,0.000,0.000
65414.000,61.000,258526.000,80.000,7200.000,0.000,0.000,0.000,0.000
65424.000,62.000,258588.000,80.000,7200.000,0.000,0.000,0.000,0.000
65434.000,61.000,258649.000,80.000,7200.000,0.000,0.000,0.000,0.000
65444.000,62.000,258711.000,80.000,7200.000,0.000,0.000,0.000,0.000
65454.000,62.000,258773.000,80.000,7200.000,0.000,0.000,0.000,0.000
65464.000,61.000,258834.000,80.000,7200.000,0.000,0.000,0.000,0.000
65474.000,62.000,258896.000,80.000,7200.000,0.000,0.000,0.000,0.000
65484.000,61.000,258957.000,80.000,7200.000,0.000,0.000,0.000,0.000
65494.000,61.000,259018.000,80.000,7200.000,0.000,0.000,0.000,0.000
65504.000,62.000,259080.000,80.000,7200.000,0.000,0.000,0.000,0.000
65514.000,62.000,259142.000,80.000,7200.000,0.000,0.000,0.000,0.000
65524.000,60.000,259202.000,80.000,7200.000,0.000,0.000,0.000,0.000
65534.000,62.000,259264.000,80.000,7200.000,0.000,0.000,0.000,0.000
65544.000,61.000,259325.000,80.000,7200.000,0.000,0.000,0.000,0.000
65554.000,62.000,259387.000,80.000,7200.000,0.000,0.000,0.000,0.000
65564.000,61.000,259448.000,80.000,7200.000,0.000,0.000,0.000,0.000
65574.000,62.000,259510.000,80.000,7200.000,0.000,0.000,0.000,0.000
65584.000,62.000,259572.000,80.000,7200.000,0.000,0.000,0.000,0.000
65594.000,61.000,259633.000,80.000,7200.000,0.000,0.000,0.000,0.000
65604.000,62.000,259695.000,80.000,7200.000,0.000,0.000,0.000,0.000
65614.000,62.000,259757.000,80.000,7200.000,0.000,0.000,0.000,0.000
65624.000,61.000,259818.000,80.000,7200.000,0.000,0.000,0.000,0.000
65634.000,62.000,259880.000,80.000,7200.000,0.000,0.000,0.000,0.000
65644.000,61.000,259941.000,80.000,7200.000,0.000,0.000,0.000,0.000
65654.000,63.000,260004.000,80.000,7200.000,0.000,0.000,0.000,0.000
65664.000,61.000,260065.000,80.000,7200.000,0.000,0.000,0.000,0.000
65674.000,61.000,260126.000,80.000,7200.000,0.000,0.000,0.000,0.000
65684.000,62.000,260188.000,80.000,7200.000,0.000,0.000,0.000,0.000
65694.000,61.000,260249.000,80.000,7200.000,0.000,0.000,0.000,0.000
65704.000,61.000,260310.000,80.000,7200.000,0.000,0.000,0.000,0.000
65714.000,63.000,260373.000,80.000,7200.000,0.000,0.000,0.000,0.000
65724.000,61.000,260434.000,80.000,7200.000,0.000,0.000,0.000,0.000
65734.000,62.000,260496.000,80.000,7200.000,0.000,0.000,0.000,0.000
65744.000,62.000,260558.000,80.000,7200.000,0.000,0.000,0.000,0.000
65754.000,61.000,260619.000,80.000,7200.000,0.000,0.000,0.000,0.000
65764.000,62.000,260681.000,80.000,7200.000,0.000,0.000,0.000,0.000
65774.000,61.000,260742.000,80.000,7200.000,0.000,0.000,0.000,0.000
65784.000,62.000,260804.000,80.000,7200.000,0.000,0.000,0.000,0.000
65794.000,61.000,260865.000,80.000,7200.000,0.000,0.000,0.000,0.000
65804.000,62.000,260927.000,80.000,7200.000,0.000,0.000,0.000,0.000
65814.000,61.000,260988.000,80.000,7200.000,0.000,0.000,0.000,0.000
65824.000,61.000,261049.000,80.000,7200.000,0.000,0.000,0.000,0.000
65834.000,62.000,261111.000,80.000,7200.000,0.000,0.000,0.000,0.000
65844.000,61.000,261172.000,80.000,7200.000,0.000,0.000,0.000,0.000
65854.000,62.000,261234.000,80.000,7200.000,0.000,0.000,0.000,0.000
65864.000,62.000,261296.000,80.000,7200.000,0.000,0.000,0.000,0.000
65874.000,61.000,261357.000,80.000,7200.000,0.000,0.000,0.000,0.000
65884.000,61.000,261418.000,80.000,7200.000,0.000,0.000,0.000,0.000
65894.000,62.000,261480.000,80.000,7200.000,0.000,0.000,0.000,0.000
65904.000,62.000,261542.000,80.000,7200.000,0.000,0.000,0.000,0.000
65914.000,61.000,261603.000,80.000,7200.000,0.000,0.000,0.000,0.000
65924.000,61.000,261664.000,80.000,7200.000,0.000,0.000,0.000,0.000
65934.000,62.000,261726.000,80.000,7200.000,0.000,0.000,0.000,0.000
65944.000,62.000,261788.000,80.000,7200.000,0.000,0.000,0.000,0.000
65954.000,61.000,261849.000,80.000,7200.000,0.000,0.000,0.000,0.000
65964.000,61.000,261910.000,80.000,7200.000,0.000,0.000,0.000,0.000
65974.000,62.000,261972.000,80.000,7200.000,0.000,0.000,0.000,0.000
65984.000,61.000,262033.000,80.000,7200.000,0.000,0.000,0.000,0.000
65994.000,61.000,262094.000,80.000,7200.000,0.000,0.000,0.000,0.000
66004.000,63.000,262157.000,80.000,7200.000,0.000,0.000,0.000,0.000
66014.000,61.000,262218.000,80.000,7200.000,0.000,0.000,0.000,0.000
66024.000,62.000,262280.000,80.000,7200.000,0.000,0.000,0.000,0.000
66034.000,61.000,262341.000,80.000,7200.000,0.000,0.000,0.000,0.000
66044.000,63.000,262404.000,80.000,7200.000,0.000,0.000,0.000,0.000
66054.000,61.000,262465.000,80.000,7200.000,0.000,0.000,0.000,0.000
66064.000,61.000,262526.000,80.000,7200.000,0.000,0.000,0.000,0.000
66074.000,62.000,262588.000,80.000,7200.000,0.000,0.000,0.000,0.000
66084.000,62.000,262650.000,80.000,7200.000,0.000,0.000,0.000,0.000
66094.000,62.000,262712.000,80.000,7200.000,0.000,0.000,0.000,0.000
66104.000,61.000,262773.000,80.000,7200.000,0.000,0.000,0.000,0.000
66114.000,61.000,262834.000,80.000,7200.000,0.000,0.000,0.000,0.000
66124.000,62.000,262896.000,80.000,7200.000,0.000,0.000,0.000,0.000
66134.000,62.000,262958.000,80.000,7200.000,0.000,0.000,0.000,0.000
66144.000,61.000,263019.000,80.000,7200.000,0.000,0.000,0.000,0.000
66154.000,62.000,263081.000,80.000,7200.000,0.000,0.000,0.000,0.000
66164.000,61.000,263142.000,80.000,7200.000,0.000,0.000,0.000,0.000
66174.000,62.000,263204.000,80.000,7200.000,0.000,0.000,0.000,0.000
66184.000,62.000,263266.000,80.000,7200.000,0.000,0.000,0.000,0.000
66194.000,61.000,263327.000,80.000,7200.000,0.000,0.000,0.000,0.000
66204.000,62.000,263389.000,80.000,7200.000,0.000,0.000,0.000,0.000
66214.000,61.000,263450.000,80.000,7200.000,0.000,0.000,0.000,0.000
66224.000,62.000,263512.000,80.000,7200.000,0.000,0.000,0.000,0.000
66234.000,62.000,263574.000,80.000,7200.000,0.000,0.000,0.000,0.000
66244.000,61.000,263635.000,80.000,7200.000,0.000,0.000,0.000,0.000
66254.000,62.000,263697.000,80.000,7200.000,0.000,0.000,0.000,0.000
66264.000,61.000,263758.000,80.000,7200.000,0.000,0.000,0.000,0.000
66274.000,62.000,263820.000,80.000,7200.000,0.000,0.000,0.000,0.000
66284.000,61.000,263881.000,80.000,7200.000,0.000,0.000,0.000,0.000
66294.000,61.000,263942.000,80.000,7200.000,0.000,0.000,0.000,0.000
66304.000,62.000,264004.000,80.000,7200.000,0.000,0.000,0.000,0.000
66314.000,61.000,264065.000,80.000,7200.000,0.000,0.000,0.000,0.000
66324.000,63.000,264128.000,80.000,7200.000,0.000,0.000,0.000,0.000
66334.000,61.000,264189.000,80.000,7200.000,0.000,0.000,0.000,0.000
66344.000,61.000,264250.000,80.000,7200.000,0.000,0.000,0.000,0.000
66354.000,62.000,264312.000,80.000,7200.000,0.000,0.000,0.000,0.000
66364.000,62.000,264374.000,80.000,7200.000,0.000,0.000,0.000,0.000
66374.000,62.000,264436.000,80.000,7200.000,0.000,0.000,0.000,0.000
66384.000,61.000,264497.000,80.000,7200.000,0.000,0.000,0.000,0.000
66394.000,61.000,264558.000,80.000,7200.000,0.000,0.000,0.000,0.000
66404.000,62.000,264620.000,80.000,7200.000,0.000,0.000,0.000,0.000
66414.000,62.000,264682.000,80.000,7200.000,0.000,0.000,0.000,0.000
66424.000,62.000,264744.000,80.000,7200.000,0.000,0.000,0.000,0.000
66434.000,61.000,264805.000,80.000,7200.000,0.000,0.000,0.000,0.000
66444.000,62.000,264867.000,80.000,7200.000,0.000,0.000,0.000,0.000
66454.000,62.000,264929.000,80.000,7200.000,0.000,0.000,0.000,0.000
66464.000,61.000,264990.000,80.000,7200.000,0.000,0.000,0.000,0.000
66474.000,62.000,265052.000,80.000,7200.000,0.000,0.000,0.000,0.000
66484.000,62.000,265114.000,80.000,7200.000,0.000,0.000,0.000,0.000
66494.000,62.000,265176.000,80.000,7200.000,0.000,0.000,0.000,0.000
66504.000,62.000,265238.000,80.000,7200.000,0.000,0.000,0.000,0.000
66514.000,61.000,265299.000,80.000,7200.000,0.000,0.000,0.000,0.000
66524.000,62.000,265361.000,80.000,7200.000,0.000,0.000,0.000,0.000
66534.000,61.000,265422.000,80.000,7200.000,0.000,0.000,0.000,0.000
66544.000,62.000,265484.000,80.000,7200.000,0.000,0.000,0.000,0.000
66554.000,61.000,265545.000,80.000,7200.000,0.000,0.000,0.000,0.000
66564.000,61.000,265606.000,80.000,7200.000,0.000,0.000,0.000,0.000
66574.000,62.000,265668.000,80.000,7200.000,0.000,0.000,0.000,0.000
66584.000,61.000,265729.000,80.000,7200.000,0.000,0.000,0.000,0.000
66594.000,61.000,265790.000,80.000,7200.000,0.000,0.000,0.000,0.000
66604.000,63.000,265853.000,80.000,7200.000,0.000,0.000,0.000,0.000
66614.000,61.000,265914.000,80.000,7200.000,0.000,0.000,0.000,0.000
66624.000,62.000,265976.000,80.000,7200.000,0.000,0.000,0.000,0.000
66634.000,61.000,266037.000,80.000,7200.000,0.000,0.000,0.000,0.000
66644.000,61.000,266098.000,80.000,7200.000,0.000,0.000,0.000,0.000
66654.000,62.000,266160.000,80.000,7200.000,0.000,0.000,0.000,0.000
66664.000,62.000,266222.000,80.000,7200.000,0.000,0.000,0.000,0.000
66674.000,62.000,266284.000,80.000,7200.000,0.000,0.000,0.000,0.000
66684.000,61.000,266345.000,80.000,7200.000,0.000,0.000,0.000,0.000
66694.000,61.000,266406.000,80.000,7200.000,0.000,0.000,0.000,0.000
66704.000,62.000,266468.000,80.000,7200.000,0.000,0.000,0.000,0.000
66714.000,61.000,266529.000,80.000,7200.000,0.000,0.000,0.000,0.000
66724.000,61.000,266590.000,80.000,7200.000,0.000,0.000,0.000,0.000
66734.000,62.000,266652.000,80.000,7200.000,0.000,0.000,0.000,0.000
66744.000,62.000,266714.000,80.000,7200.000,0.000,0.000,0.000,0.000
66754.000,62.000,266776.000,80.000,7200.000,0.000,0.000,0.000,0.000
66764.000,61.000,266837.000,80.000,7200.000,0.000,0.000,0.000,0.000
66774.000,61.000,266898.000,80.000,7200.000,0.000,0.000,0.000,0.000
66784.000,63.000,266961.000,80.000,7200.000,0.000,0.000,0.000,0.000
66794.000,61.000,267022.000,80.000,7200.000,0.000,0.000,0.000,0.000
66804.000,62.000,267084.000,80.000,7200.000,0.000,0.000,0.000,0.000
66814.000,61.000,267145.000,80.000,7200.000,0.000,0.000,0.000,0.000
66824.000,63.000,267208.000,80.000,7200.000,0.000,0.000,0.000,0.000
66834.000,61.000,267269.000,80.000,7200.000,0.000,0.000,0.000,0.000
66844.000,61.000,267330.000,80.000,7200.000,0.000,0.000,0.000,0.000
66854.000,62.000,267392.000,80.000,7200.000,0.000,0.000,0.000,0.000
66864.000,61.000,267453.000,80.000,7200.000,0.000,0.000,0.000,0.000
66874.000,61.000,267514.000,80.000,7200.000,0.000,0.000,0.000,0.000
66884.000,63.000,267577.000,80.000,7200.000,0.000,0.000,0.000,0.000
66894.000,61.000,267638.000,80.000,7200.000,0.000,0.000,0.000,0.000
66904.000,62.000,267700.000,80.000,7200.000,0.000,0.000,0.000,0.000
66914.000,61.000,267761.000,80.000,7200.000,0.000,0.000,0.000,0.000
66924.000,62.000,267823.000,80.000,7200.000,0.000,0.000,0.000,0.000
66934.000,62.000,267885.000,80.000,7200.000,0.000,0.000,0.000,0.000
66944.000,61.000,267946.000,80.000,7200.000,0.000,0.000,0.000,0.000
66954.000,62.000,268008.000,80.000,7200.000,0.000,0.000,0.000,0.000
66964.000,62.000,268070.000,80.000,7200.000,0.000,0.000,0.000,0.000
66974.000,61.000,268131.000,80.000,7200.000,0.000,0.000,0.000,0.000
66984.000,61.000,268192.000,80.000,7200.000,0.000,0.000,0.000,0.000
66994.000,62.000,268254.000,80.000,7200.000,0.000,0.000,0.000,0.000
67004.000,61.000,268315.000,80.000,7200.000,0.000,0.000,0.000,0.000
67014.000,62.000,268377.000,80.000,7200.000,0.000,0.000,0.000,0.000
67024.000,61.000,268438.000,80.000,7200.000,0.000,0.000,0.000,0.000
67034.000,62.000,268500.000,80.000,7200.000,0.000,0.000,0.000,0.000
67044.000,61.000,268561.000,80.000,7200.000,0.000,0.000,0.000,0.000
67054.000,61.000,268622.000,80.000,7200.000,0.000,0.000,0.000,0.000
67064.000,62.000,268684.000,80.000,7200.000,0.000,0.000,0.000,0.000
67074.000,62.000,268746.000,80.000,7200.000,0.000,0.000,0.000,0.000
67084.000,61.000,268807.000,80.000,7200.000,0.000,0.000,0.000,0.000
67094.000,62.000,268869.000,80.000,7200.000,0.000,0.000,0.000,0.000
67104.000,61.000,268930.000,80.000,7200.000,0.000,0.000,0.000,0.000
67114.000,62.000,268992.000,80.000,7200.000,0.000,0.000,0.000,0.000
67124.000,61.000,269053.000,80.000,7200.000,0.000,0.000,0.000,0.000
67134.000,62.000,269115.000,80.000,7200.000,0.000,0.000,0.000,0.000
67144.000,61.000,269176.000,80.000,7200.000,0.000,0.000,0.000,0.000
67154.000,62.000,269238.000,80.000,7200.000,0.000,0.000,0.000,0.000
67164.000,62.000,269300.000,80.000,7200.000,0.000,0.000,0.000,0.000
67174.000,61.000,269361.000,80.000,7200.000,0.000,0.000,0.000,0.000
67184.000,61.000,269422.000,80.000,7200.000,0.000,0.000,0.000,0.000
67194.000,62.000,269484.000,80.000,7200.000,0.000,0.000,0.000,0.000
67204.000,62.000,269546.000,80.000,7200.000,0.000,0.000,0.000,0.000
67214.000,62.000,269608.000,80.000,7200.000,0.000,0.000,0.000,0.000
67224.000,62.000,269670.000,80.000,7200.000,0.000,0.000,0.000,0.000
67234.000,62.000,269732.000,80.000,7200.000,0.000,0.000,0.000,0.000
67244.000,61.000,269793.000,80.000,7200.000,0.000,0.000,0.000,0.000
67254.000,62.000,269855.000,80.000,7200.000,0.000,0.000,0.000,0.000
67264.000,61.000,269916.000,80.000,7200.000,0.000,0.000,0.000,0.000
67274.000,62.000,269978.000,80.000,7200.000,0.000,0.000,0.000,0.000
67284.000,62.000,270040.000,80.000,7200.000,0.000,0.000,0.000,0.000
67294.000,61.000,270101.000,80.000,7200.000,0.000,0.000,0.000,0.000
67304.000,61.000,270162.000,80.000,7200.000,0.000,0.000,0.000,0.000
67314.000,62.000,270224.000,80.000,7200.000,0.000,0.000,0.000,0.000
67324.000,62.000,270286.000,80.000,7200.000,0.000,0.000,0.000,0.000
67334.000,61.000,270347.000,80.000,7200.000,0.000,0.000,0.000,0.000
67344.000,62.000,270409.000,80.000,7200.000,0.000,0.000,0.000,0.000
67354.000,61.000,270470.000,80.000,7200.000,0.000,0.000,0.000,0.000
67364.000,62.000,270532.000,80.000,7200.000,0.000,0.000,0.000,0.000
67374.000,61.000,270593.000,80.000,7200.000,0.000,0.000,0.000,0.000
67384.000,61.000,270654.000,80.000,7200.000,0.000,0.000,0.000,0.000
67394.000,62.000,270716.000,80.000,7200.000,0.000,0.000,0.000,0.000
67404.000,62.000,270778.000,80.000,7200.000,0.000,0.000,0.000,0.000
67414.000,61.000,270839.000,80.000,7200.000,0.000,0.000,0.000,0.000
67424.000,62.000,270901.000,80.000,7200.000,0.000,0.000,0.000,0.000
67434.000,61.000,270962.000,80.000,7200.000,0.000,0.000,0.000,0.000
67444.000,62.000,271024.000,80.000,7200.000,0.000,0.000,0.000,0.000
67454.000,61.000,271085.000,80.000,7200.000,0.000,0.000,0.000,0.000
67464.000,61.000,271146.000,80.000,7200.000,0.000,0.000,0.000,0.000
67474.000,62.000,271208.000,80.000,7200.000,0.000,0.000,0.000,0.000
67484.000,62.000,271270.000,80.000,7200.000,0.000,0.000,0.000,0.000
67494.000,62.000,271332.000,80.000,7200.000,0.000,0.000,0.000,0.000
67504.000,61.000,271393.000,80.000,7200.000,0.000,0.000,0.000,0.000
67514.000,61.000,271454.000,80.000,7200.000,0.000,0.000,0.000,0.000
67524.000,63.000,271517.000,80.000,7200.000,0.000,0.000,0.000,0.000
67534.000,61.000,271578.000,80.000,7200.000,0.000,0.000,0.000,0.000
67544.000,62.000,271640.000,80.000,7200.000,0.000,0.000,0.000,0.000
67554.000,61.000,271701.000,80.000,7200.000,0.000,0.000,0.000,0.000
67564.000,62.000,271763.000,80.000,7200.000,0.000,0.000,0.000,0.000
67574.000,61.000,271824.000,80.000,7200.000,0.000,0.000,0.000,0.000
67584.000,62.000,271886.000,80.000,7200.000,0.000,0.000,0.000,0.000
67594.000,62.000,271948.000,80.000,7200.000,0.000,0.000,0.000,0.000
67604.000,61.000,272009.000,80.000,7200.000,0.000,0.000,0.000,0.000
67614.000,61.000,272070.000,80.000,7200.000,0.000,0.000,0.000,0.000
67624.000,63.000,272133.000,80.000,7200.000,0.000,0.000,0.000,0.000
67634.000,61.000,272194.000,80.000,7200.000,0.000,0.000,0.000,0.000
67644.000,62.000,272256.000,80.000,7200.000,0.000,0.000,0.000,0.000
67654.000,62.000,272318.000,80.000,7200.000,0.000,0.000,0.000,0.000
67664.000,62.000,272380.000,80.000,7200.000,0.000,0.000,0.000,0.000
67674.000,61.000,272441.000,80.000,7200.000,0.000,0.000,0.000,0.000
67684.000,61.000,272502.000,80.000,7200.000,0.000,0.000,0.000,0.000
67694.000,63.000,272565.000,80.000,7200.000,0.000,0.000,0.000,0.000
67704.000,61.000,272626.000,80.000,7200.000,0.000,0.000,0.000,0.000
67714.000,62.000,272688.000,80.000,7200.000,0.000,0.000,0.000,0.000
67724.000,61.000,272749.000,80.000,7200.000,0.000,0.000,0.000,0.000
67734.000,61.000,272810.000,80.000,7200.000,0.000,0.000,0.000,0.000
67744.000,62.000,272872.000,80.000,7200.000,0.000,0.000,0.000,0.000
67754.000,62.000,272934.000,80.000,7200.000,0.000,0.000,0.000,0.000
67764.000,61.000,272995.000,80.000,7200.000,0.000,0.000,0.000,0.000
67774.000,62.000,273057.000,80.000,7200.000,0.000,0.000,0.000,0.000
67784.000,61.000,273118.000,80.000,7200.000,0.000,0.000,0.000,0.000
67794.000,62.000,273180.000,80.000,7200.000,0.000,0.000,0.000,0.000
67804.000,61.000,273241.000,80.000,7200.000,0.000,0.000,0.000,0.000
67814.000,62.000,273303.000,80.000,7200.000,0.000,0.000,0.000,0.000
67824.000,62.000,273365.000,73.000,7056.000,0.000,0.000,0.000,0.000
67834.000,61.000,273426.000,73.000,7128.000,0.000,0.000,0.000,0.000
67844.000,62.000,273488.000,73.000,7200.000,0.000,0.000,0.000,0.000
67854.000,61.000,273549.000,73.000,7128.000,0.000,0.000,0.000,0.000
67864.000,61.000,273610.000,73.000,7200.000,0.000,0.000,0.000,0.000
67874.000,62.000,273672.000,73.000,7200.000,0.000,0.000,0.000,0.000
67884.000,62.000,273734.000,73.000,7128.000,0.000,0.000,0.000,0.000
67894.000,61.000,273795.000,73.000,7128.000,0.000,0.000,0.000,0.000
67904.000,62.000,273857.000,73.000,7200.000,0.000,0.000,0.000,0.000
67914.000,61.000,273918.000,73.000,7128.000,0.000,0.000,0.000,0.000
67924.000,62.000,273980.000,73.000,7200.000,0.000,0.000,0.000,0.000
67934.000,62.000,274042.000,73.000,7128.000,0.000,0.000,0.000,0.000
67944.000,62.000,274104.000,73.000,7128.000,0.000,0.000,0.000,0.000
67954.000,61.000,274165.000,73.000,7200.000,0.000,0.000,0.000,0.000
67964.000,62.000,274227.000,73.000,7200.000,0.000,0.000,0.000,0.000
67974.000,62.000,274289.000,73.000,7128.000,0.000,0.000,0.000,0.000
67984.000,61.000,274350.000,73.000,7200.000,0.000,0.000,0.000,0.000
67994.000,62.000,274412.000,73.000,7200.000,0.000,0.000,0.000,0.000
68004.000,62.000,274474.000,73.000,7128.000,0.000,0.000,0.000,0.000
68014.000,62.000,274536.000,73.000,7200.000,0.000,0.000,0.000,0.000
68024.000,62.000,274598.000,73.000,7200.000,0.000,0.000,0.000,0.000
68034.000,61.000,274659.000,73.000,7200.000,0.000,0.000,0.000,0.000
68044.000,62.000,274721.000,73.000,7200.000,0.000,0.000,0.000,0.000
68054.000,61.000,274782.000,73.000,7200.000,0.000,0.000,0.000,0.000
68064.000,62.000,274844.000,73.000,7200.000,0.000,0.000,0.000,0.000
68074.000,62.000,274906.000,73.000,7128.000,0.000,0.000,0.000,0.000
68084.000,62.000,274968.000,73.000,7200.000,0.000,0.000,0.000,0.000
68094.000,61.000,275029.000,73.000,7200.000,0.000,0.000,0.000,0.000
68104.000,61.000,275090.000,73.000,7200.000,0.000,0.000,0.000,0.000
68114.000,62.000,275152.000,73.000,7200.000,0.000,0.000,0.000,0.000
68124.000,62.000,275214.000,73.000,7128.000,0.000,0.000,0.000,0.000
68134.000,61.000,275275.000,73.000,7200.000,0.000,0.000,0.000,0.000
68144.000,62.000,275337.000,73.000,7200.000,0.000,0.000,0.000,0.000
68154.000,61.000,275398.000,73.000,7128.000,0.000,0.000,0.000,0.000
68164.000,62.000,275460.000,73.000,7200.000,0.000,0.000,0.000,0.000
68174.000,61.000,275521.000,73.000,7128.000,0.000,0.000,0.000,0.000
68184.000,61.000,275582.000,73.000,7200.000,0.000,0.000,0.000,0.000
68194.000,62.000,275644.000,73.000,7200.000,0.000,0.000,0.000,0.000
68204.000,62.000,275706.000,73.000,7128.000,0.000,0.000,0.000,0.000
68214.000,62.000,275768.000,73.000,7128.000,0.000,0.000,0.000,0.000
68224.000,61.000,275829.000,73.000,7200.000,0.000,0.000,0.000,0.000
68234.000,61.000,275890.000,73.000,7200.000,0.000,0.000,0.000,0.000
68244.000,62.000,275952.000,73.000,7200.000,0.000,0.000,0.000,0.000
68254.000,62.000,276014.000,73.000,7128.000,0.000,0.000,0.000,0.000
68264.000,62.000,276076.000,73.000,7200.000,0.000,0.000,0.000,0.000
68274.000,61.000,276137.000,73.000,7200.000,0.000,0.000,0.000,0.000
68284.000,61.000,276198.000,73.000,7200.000,0.000,0.000,0.000,0.000
68294.000,62.000,276260.000,73.000,7200.000,0.000,0.000,0.000,0.000
68304.000,62.000,276322.000,73.000,7128.000,0.000,0.000,0.000,0.000
68314.000,61.000,276383.000,73.000,7200.000,0.000,0.000,0.000,0.000
68324.000,62.000,276445.000,73.000,7200.000,0.000,0.000,0.000,0.000
68334.000,61.000,276506.000,73.000,7128.000,0.000,0.000,0.000,0.000
68344.000,62.000,276568.000,73.000,7200.000,0.000,0.000,0.000,0.000
68354.000,62.000,276630.000,73.000,7128.000,0.000,0.000,0.000,0.000
68364.000,62.000,276692.000,73.000,7200.000,0.000,0.000,0.000,0.000
68374.000,61.000,276753.000,73.000,7200.000,0.000,0.000,0.000,0.000
68384.000,62.000,276815.000,73.000,7200.000,0.000,0.000,0.000,0.000
68394.000,62.000,276877.000,73.000,7200.000,0.000,0.000,0.000,0.000
68404.000,61.000,276938.000,73.000,7200.000,0.000,0.000,0.000,0.000
68414.000,62.000,277000.000,73.000,7200.000,0.000,0.000,0.000,0.000
68424.000,62.000,277062.000,73.000,7128.000,0.000,0.000,0.000,0.000
68434.000,62.000,277124.000,73.000,7200.000,0.000,0.000,0.000,0.000
68444.000,61.000,277185.000,73.000,7200.000,0.000,0.000,0.000,0.000
68454.000,61.000,277246.000,73.000,7200.000,0.000,0.000,0.000,0.000
68464.000,62.000,277308.000,73.000,7200.000,0.000,0.000,0.000,0.000
68474.000,61.000,277369.000,73.000,7128.000,0.000,0.000,0.000,0.000
68484.000,63.000,277432.000,73.000,7200.000,0.000,0.000,0.000,0.000
68494.000,61.000,277493.000,73.000,7128.000,0.000,0.000,0.000,0.000
68504.000,61.000,277554.000,73.000,7200.000,0.000,0.000,0.000,0.000
68514.000,62.000,277616.000,73.000,7200.000,0.000,0.000,0.000,0.000
68524.000,61.000,277677.000,73.000,7200.000,0.000,0.000,0.000,0.000
68534.000,61.000,277738.000,73.000,7200.000,0.000,0.000,0.000,0.000
68544.000,63.000,277801.000,73.000,7200.000,0.000,0.000,0.000,0.000
68554.000,61.000,277862.000,73.000,7128.000,0.000,0.000,0.000,0.000
68564.000,62.000,277924.000,73.000,7200.000,0.000,0.000,0.000,0.000
68574.000,61.000,277985.000,73.000,7200.000,0.000,0.000,0.000,0.000
68584.000,61.000,278046.000,73.000,7200.000,0.000,0.000,0.000,0.000
68594.000,62.000,278108.000,73.000,7200.000,0.000,0.000,0.000,0.000
68604.000,62.000,278170.000,73.000,7200.000,0.000,0.000,0.000,0.000
68614.000,61.000,278231.000,73.000,7200.000,0.000,0.000,0.000,0.000
68624.000,62.000,278293.000,73.000,7200.000,0.000,0.000,0.000,0.000
68634.000,61.000,278354.000,73.000,7200.000,0.000,0.000,0.000,0.000
68644.000,62.000,278416.000,73.000,7200.000,0.000,0.000,0.000,0.000
68654.000,61.000,278477.000,73.000,7200.000,0.000,0.000,0.000,0.000
68664.000,62.000,278539.000,73.000,7200.000,0.000,0.000,0.000,0.000
68674.000,61.000,278600.000,73.000,7200.000,0.000,0.000,0.000,0.000
68684.000,62.000,278662.000,73.000,7200.000,0.000,0.000,0.000,0.000
68694.000,62.000,278724.000,73.000,7200.000,0.000,0.000,0.000,0.000
68704.000,61.000,278785.000,73.000,7200.000,0.000,0.000,0.000,0.000
68714.000,62.000,278847.000,73.000,7200.000,0.000,0.000,0.000,0.000
68724.000,62.000,278909.000,73.000,7200.000,0.000,0.000,0.000,0.000
68734.000,61.000,278970.000,73.000,7200.000,0.000,0.000,0.000,0.000
68744.000,62.000,279032.000,73.000,7200.000,0.000,0.000,0.000,0.000
68754.000,62.000,279094.000,73.000,7200.000,0.000,0.000,0.000,0.000
68764.000,62.000,279156.000,73.000,7200.000,0.000,0.000,0.000,0.000
68774.000,62.000,279218.000,73.000,7200.000,0.000,0.000,0.000,0.000
68784.000,62.000,279280.000,73.000,7200.000,0.000,0.000,0.000,0.000
68794.000,61.000,279341.000,73.000,7200.000,0.000,0.000,0.000,0.000
68804.000,63.000,279404.000,73.000,7200.000,0.000,0.000,0.000,0.000
68814.000,61.000,279465.000,73.000,7128.000,0.000,0.000,0.000,0.000
68824.000,61.000,279526.000,73.000,7200.000,0.000,0.000,0.000,0.000
68834.000,62.000,279588.000,73.000,7200.000,0.000,0.000,0.000,0.000
68844.000,62.000,279650.000,73.000,7200.000,0.000,0.000,0.000,0.000
68854.000,62.000,279712.000,73.000,7200.000,0.000,0.000,0.000,0.000
68864.000,61.000,279773.000,73.000,7200.000,0.000,0.000,0.000,0.000
68874.000,61.000,279834.000,73.000,7200.000,0.000,0.000,0.000,0.000
68884.000,62.000,279896.000,73.000,7200.000,0.000,0.000,0.000,0.000
68894.000,62.000,279958.000,73.000,7200.000,0.000,0.000,0.000,0.000
68904.000,62.000,280020.000,73.000,7200.000,0.000,0.000,0.000,0.000
68914.000,61.000,280081.000,73.000,7200.000,0.000,0.000,0.000,0.000
68924.000,61.000,280142.000,73.000,7200.000,0.000,0.000,0.000,0.000
68934.000,63.000,280205.000,73.000,7200.000,0.000,0.000,0.000,0.000
68944.000,61.000,280266.000,73.000,7128.000,0.000,0.000,0.000,0.000
68954.000,62.000,280328.000,73.000,7200.000,0.000,0.000,0.000,0.000
68964.000,61.000,280389.000,73.000,7200.000,0.000,0.000,0.000,0.000
68974.000,63.000,280452.000,73.000,7200.000,0.000,0.000,0.000,0.000
68984.000,61.000,280513.000,73.000,7128.000,0.000,0.000,0.000,0.000
68994.000,61.000,280574.000,73.000,7200.000,0.000,0.000,0.000,0.000
69004.000,62.000,280636.000,73.000,7200.000,0.000,0.000,0.000,0.000
69014.000,62.000,280698.000,73.000,7200.000,0.000,0.000,0.000,0.000
69024.000,62.000,280760.000,73.000,7200.000,0.000,0.000,0.000,0.000
69034.000,61.000,280821.000,73.000,7200.000,0.000,0.000,0.000,0.000
69044.000,62.000,280883.000,73.000,7200.000,0.000,0.000,0.000,0.000
69054.000,61.000,280944.000,73.000,7200.000,0.000,0.000,0.000,0.000
69064.000,62.000,281006.000,73.000,7200.000,0.000,0.000,0.000,0.000
69074.000,62.000,281068.000,73.000,7200.000,0.000,0.000,0.000,0.000
69084.000,62.000,281130.000,73.000,7200.000,0.000,0.000,0.000,0.000
69094.000,62.000,281192.000,73.000,7200.000,0.000,0.000,0.000,0.000
69104.000,61.000,281253.000,73.000,7200.000,0.000,0.000,0.000,0.000
69114.000,63.000,281316.000,73.000,7200.000,0.000,0.000,0.000,0.000
69124.000,61.000,281377.000,73.000,7128.000,0.000,0.000,0.000,0.000
69134.000,61.000,281438.000,73.000,7200.000,0.000,0.000,0.000,0.000
69144.000,63.000,281501.000,73.000,7200.000,0.000,0.000,0.000,0.000
69154.000,61.000,281562.000,73.000,7128.000,0.000,0.000,0.000,0.000
69164.000,62.000,281624.000,73.000,7200.000,0.000,0.000,0.000,0.000
69174.000,62.000,281686.000,73.000,7200.000,0.000,0.000,0.000,0.000
69184.000,62.000,281748.000,73.000,7200.000,0.000,0.000,0.000,0.000
69194.000,62.000,281810.000,73.000,7200.000,0.000,0.000,0.000,0.000
69204.000,62.000,281872.000,73.000,7200.000,0.000,0.000,0.000,0.000
69214.000,61.000,281933.000,73.000,7200.000,0.000,0.000,0.000,0.000
69224.000,62.000,281995.000,73.000,7200.000,0.000,0.000,0.000,0.000
69234.000,62.000,282057.000,73.000,7200.000,0.000,0.000,0.000,0.000
69244.000,61.000,282118.000,73.000,7200.000,0.000,0.000,0.000,0.000
69254.000,62.000,282180.000,73.000,7200.000,0.000,0.000,0.000,0.000
69264.000,62.000,282242.000,73.000,7200.000,0.000,0.000,0.000,0.000
69274.000,62.000,282304.000,73.000,7200.000,0.000,0.000,0.000,0.000
69284.000,61.000,282365.000,73.000,7200.000,0.000,0.000,0.000,0.000
69294.000,62.000,282427.000,73.000,7200.000,0.000,0.000,0.000,0.000
69304.000,62.000,282489.000,73.000,7200.000,0.000,0.000,0.000,0.000
69314.000,61.000,282550.000,73.000,7200.000,0.000,0.000,0.000,0.000
69324.000,62.000,282612.000,73.000,7200.000,0.000,0.000,0.000,0.000
69334.000,62.000,282674.000,73.000,7200.000,0.000,0.000,0.000,0.000
69344.000,62.000,282736.000,73.000,7200.000,0.000,0.000,0.000,0.000
69354.000,61.000,282797.000,73.000,7200.000,0.000,0.000,0.000,0.000
69364.000,61.000,282858.000,73.000,7200.000,0.000,0.000,0.000,0.000
69374.000,63.000,282921.000,73.000,7200.000,0.000,0.000,0.000,0.000
69384.000,61.000,282982.000,73.000,7128.000,0.000,0.000,0.000,0.000
69394.000,62.000,283044.000,73.000,7200.000,0.000,0.000,0.000,0.000
69404.000,62.000,283106.000,73.000,7200.000,0.000,0.000,0.000,0.000
69414.000,62.000,283168.000,73.000,7200.000,0.000,0.000,0.000,0.000
69424.000,61.000,283229.000,73.000,7200.000,0.000,0.000,0.000,0.000
69434.000,62.000,283291.000,73.000,7200.000,0.000,0.000,0.000,0.000
69444.000,62.000,283353.000,73.000,7200.000,0.000,0.000,0.000,0.000
69454.000,61.000,283414.000,73.000,7200.000,0.000,0.000,0.000,0.000
69464.000,62.000,283476.000,73.000,7200.000,0.000,0.000,0.000,0.000
69474.000,62.000,283538.000,73.000,7200.000,0.000,0.000,0.000,0.000
69484.000,62.000,283600.000,73.000,7200.000,0.000,0.000,0.000,0.000
69494.000,62.000,283662.000,73.000,7200.000,0.000,0.000,0.000,0.000
69504.000,62.000,283724.000,73.000,7200.000,0.000,0.000,0.000,0.000
69514.000,62.000,283786.000,73.000,7200.000,0.000,0.000,0.000,0.000
69524.000,62.000,283848.000,73.000,7200.000,0.000,0.000,0.000,0.000
69534.000,62.000,283910.000,73.000,7200.000,0.000,0.000,0.000,0.000
69544.000,62.000,283972.000,73.000,7200.000,0.000,0.000,0.000,0.000
69554.000,62.000,284034.000,73.000,7200.000,0.000,0.000,0.000,0.000
69564.000,62.000,284096.000,73.000,7200.000,0.000,0.000,0.000,0.000
69574.000,61.000,284157.000,73.000,7200.000,0.000,0.000,0.000,0.000
69584.000,62.000,284219.000,73.000,7200.000,0.000,0.000,0.000,0.000
69594.000,62.000,284281.000,73.000,7200.000,0.000,0.000,0.000,0.000
69604.000,61.000,284342.000,73.000,7200.000,0.000,0.000,0.000,0.000
69614.000,62.000,284404.000,73.000,7200.000,0.000,0.000,0.000,0.000
69624.000,62.000,284466.000,73.000,7200.000,0.000,0.000,0.000,0.000
69634.000,62.000,284528.000,73.000,7200.000,0.000,0.000,0.000,0.000
69644.000,61.000,284589.000,73.000,7200.000,0.000,0.000,0.000,0.000
69654.000,62.000,284651.000,73.000,7200.000,0.000,0.000,0.000,0.000
69664.000,62.000,284713.000,73.000,7200.000,0.000,0.000,0.000,0.000
69674.000,61.000,284774.000,73.000,7200.000,0.000,0.000,0.000,0.000
69684.000,63.000,284837.000,73.000,7200.000,0.000,0.000,0.000,0.000
69694.000,61.000,284898.000,73.000,7128.000,0.000,0.000,0.000,0.000
69704.000,62.000,284960.000,73.000,7200.000,0.000,0.000,0.000,0.000
69714.000,62.000,285022.000,73.000,7200.000,0.000,0.000,0.000,0.000
69724.000,62.000,285084.000,73.000,7200.000,0.000,0.000,0.000,0.000
69734.000,61.000,285145.000,73.000,7200.000,0.000,0.000,0.000,0.000
69744.000,62.000,285207.000,73.000,7200.000,0.000,0.000,0.000,0.000
69754.000,62.000,285269.000,73.000,7200.000,0.000,0.000,0.000,0.000
69764.000,61.000,285330.000,73.000,7200.000,0.000,0.000,0.000,0.000
69774.000,62.000,285392.000,73.000,7200.000,0.000,0.000,0.000,0.000
69784.000,62.000,285454.000,73.000,7200.000,0.000,0.000,0.000,0.000
69794.000,61.000,285515.000,73.000,7200.000,0.000,0.000,0.000,0.000
69804.000,62.000,285577.000,73.000,7200.000,0.000,0.000,0.000,0.000
69814.000,61.000,285638.000,73.000,7200.000,0.000,0.000,0.000,0.000
69824.000,63.000,285701.000,73.000,7200.000,0.000,0.000,0.000,0.000
69834.000,61.000,285762.000,73.000,7128.000,0.000,0.000,0.000,0.000
69844.000,62.000,285824.000,73.000,7200.000,0.000,0.000,0.000,0.000
69854.000,62.000,285886.000,73.000,7200.000,0.000,0.000,0.000,0.000
69864.000,62.000,285948.000,73.000,7200.000,0.000,0.000,0.000,0.000
69874.000,61.000,286009.000,73.000,7200.000,0.000,0.000,0.000,0.000
69884.000,62.000,286071.000,73.000,7200.000,0.000,0.000,0.000,0.000
69894.000,62.000,286133.000,73.000,7200.000,0.000,0.000,0.000,0.000
69904.000,61.000,286194.000,73.000,7200.000,0.000,0.000,0.000,0.000
69914.000,62.000,286256.000,73.000,7200.000,0.000,0.000,0.000,0.000
69924.000,62.000,286318.000,73.000,7200.000,0.000,0.000,0.000,0.000
69934.000,62.000,286380.000,73.000,7200.000,0.000,0.000,0.000,0.000
69944.000,62.000,286442.000,73.000,7200.000,0.000,0.000,0.000,0.000
69954.000,62.000,286504.000,73.000,7200.000,0.000,0.000,0.000,0.000
69964.000,62.000,286566.000,73.000,7200.000,0.000,0.000,0.000,0.000
69974.000,62.000,286628.000,73.000,7200.000,0.000,0.000,0.000,0.000
69984.000,61.000,286689.000,73.000,7200.000,0.000,0.000,0.000,0.000
69994.000,62.000,286751.000,73.000,7200.000,0.000,0.000,0.000,0.000
70004.000,62.000,286813.000,73.000,7200.000,0.000,0.000,0.000,0.000
70014.000,61.000,286874.000,73.000,7200.000,0.000,0.000,0.000,0.000
70024.000,62.000,286936.000,73.000,7200.000,0.000,0.000,0.000,0.000
70034.000,62.000,286998.000,73.000,7200.000,0.000,0.000,0.000,0.000
70044.000,61.000,287059.000,73.000,7200.000,0.000,0.000,0.000,0.000
70054.000,62.000,287121.000,73.000,7200.000,0.000,0.000,0.000,0.000
70064.000,61.000,287182.000,73.000,7200.000,0.000,0.000,0.000,0.000
70074.000,62.000,287244.000,73.000,7200.000,0.000,0.000,0.000,0.000
70084.000,61.000,287305.000,73.000,7200.000,0.000,0.000,0.000,0.000
70094.000,63.000,287368.000,73.000,7200.000,0.000,0.000,0.000,0.000
70104.000,61.000,287429.000,73.000,7128.000,0.000,0.000,0.000,0.000
70114.000,61.000,287490.000,73.000,7200.000,0.000,0.000,0.000,0.000
70124.000,63.000,287553.000,73.000,7200.000,0.000,0.000,0.000,0.000
70134.000,61.000,287614.000,73.000,7128.000,0.000,0.000,0.000,0.000
70144.000,62.000,287676.000,73.000,7200.000,0.000,0.000,0.000,0.000
70154.000,62.000,287738.000,73.000,7200.000,0.000,0.000,0.000,0.000
70164.000,62.000,287800.000,73.000,7200.000,0.000,0.000,0.000,0.000
70174.000,61.000,287861.000,73.000,7200.000,0.000,0.000,0.000,0.000
70184.000,61.000,287922.000,73.000,7200.000,0.000,0.000,0.000,0.000
70194.000,62.000,287984.000,73.000,7200.000,0.000,0.000,0.000,0.000
70204.000,62.000,288046.000,73.000,7200.000,0.000,0.000,0.000,0.000
70214.000,62.000,288108.000,73.000,7200.000,0.000,0.000,0.000,0.000
70224.000,61.000,288169.000,73.000,7200.000,0.000,0.000,0.000,0.000
70234.000,63.000,288232.000,73.000,7200.000,0.000,0.000,0.000,0.000
70244.000,61.000,288293.000,73.000,7128.000,0.000,0.000,0.000,0.000
70254.000,62.000,288355.000,73.000,7200.000,0.000,0.000,0.000,0.000
70264.000,62.000,288417.000,73.000,7200.000,0.000,0.000,0.000,0.000
70274.000,62.000,288479.000,73.000,7200.000,0.000,0.000,0.000,0.000
70284.000,62.000,288541.000,73.000,7200.000,0.000,0.000,0.000,0.000
70294.000,62.000,288603.000,73.000,7200.000,0.000,0.000,0.000,0.000
70304.000,61.000,288664.000,73.000,7200.000,0.000,0.000,0.000,0.000
70314.000,62.000,288726.000,73.000,7200.000,0.000,0.000,0.000,0.000
70324.000,62.000,288788.000,73.000,7200.000,0.000,0.000,0.000,0.000
70334.000,62.000,288850.000,73.000,7200.000,0.000,0.000,0.000,0.000
70344.000,62.000,288912.000,73.000,7200.000,0.000,0.000,0.000,0.000
70354.000,61.000,288973.000,73.000,7200.000,0.000,0.000,0.000,0.000
70364.000,62.000,289035.000,73.000,7200.000,0.000,0.000,0.000,0.000
70374.000,61.000,289096.000,73.000,7200.000,0.000,0.000,0.000,0.000
70384.000,62.000,289158.000,73.000,7200.000,0.000,0.000,0.000,0.000
70394.000,62.000,289220.000,73.000,7200.000,0.000,0.000,0.000,0.000
70404.000,62.000,289282.000,73.000,7200.000,0.000,0.000,0.000,0.000
70414.000,61.000,289343.000,73.000,7200.000,0.000,0.000,0.000,0.000
70424.000,62.000,289405.000,73.000,7200.000,0.000,0.000,0.000,0.000
70434.000,62.000,289467.000,73.000,7200.000,0.000,0.000,0.000,0.000
70444.000,61.000,289528.000,73.000,7200.000,0.000,0.000,0.000,0.000
70454.000,62.000,289590.000,73.000,7200.000,0.000,0.000,0.000,0.000
70464.000,62.000,289652.000,73.000,7200.000,0.000,0.000,0.000,0.000
70474.000,61.000,289713.000,73.000,7200.000,0.000,0.000,0.000,0.000
70484.000,61.000,289774.000,73.000,7200.000,0.000,0.000,0.000,0.000
70494.000,62.000,289836.000,73.000,7200.000,0.000,0.000,0.000,0.000
70504.000,62.000,289898.000,73.000,7200.000,0.000,0.000,0.000,0.000
70514.000,62.000,289960.000,73.000,7200.000,0.000,0.000,0.000,0.000
70524.000,61.000,290021.000,73.000,7200.000,0.000,0.000,0.000,0.000
70534.000,61.000,290082.000,73.000,7200.000,0.000,0.000,0.000,0.000
70544.000,63.000,290145.000,73.000,7200.000,0.000,0.000,0.000,0.000
70554.000,61.000,290206.000,73.000,7128.000,0.000,0.000,0.000,0.000
70564.000,62.000,290268.000,73.000,7200.000,0.000,0.000,0.000,0.000
70574.000,61.000,290329.000,73.000,7200.000,0.000,0.000,0.000,0.000
70584.000,63.000,290392.000,73.000,7200.000,0.000,0.000,0.000,0.000
70594.000,61.000,290453.000,73.000,7128.000,0.000,0.000,0.000,0.000
70604.000,61.000,290514.000,73.000,7200.000,0.000,0.000,0.000,0.000
70614.000,62.000,290576.000,73.000,7200.000,0.000,0.000,0.000,0.000
70624.000,62.000,290638.000,73.000,7200.000,0.000,0.000,0.000,0.000
70634.000,61.000,290699.000,73.000,7200.000,0.000,0.000,0.000,0.000
70644.000,62.000,290761.000,73.000,7200.000,0.000,0.000,0.000,0.000
70654.000,61.000,290822.000,73.000,7200.000,0.000,0.000,0.000,0.000
70664.000,62.000,290884.000,73.000,7200.000,0.000,0.000,0.000,0.000
70674.000,62.000,290946.000,73.000,7200.000,0.000,0.000,0.000,0.000
70684.000,62.000,291008.000,73.000,7200.000,0.000,0.000,0.000,0.000
70694.000,62.000,291070.000,73.000,7200.000,0.000,0.000,0.000,0.000
70704.000,62.000,291132.000,73.000,7200.000,0.000,0.000,0.000,0.000
70714.000,61.000,291193.000,73.000,7200.000,0.000,0.000,0.000,0.000
70724.000,63.000,291256.000,73.000,7200.000,0.000,0.000,0.000,0.000
70734.000,61.000,291317.000,73.000,7128.000,0.000,0.000,0.000,0.000
70744.000,61.000,291378.000,73.000,7200.000,0.000,0.000,0.000,0.000
70754.000,62.000,291440.000,73.000,7200.000,0.000,0.000,0.000,0.000
70764.000,62.000,291502.000,73.000,7200.000,0.000,0.000,0.000,0.000
70774.000,62.000,291564.000,73.000,7200.000,0.000,0.000,0.000,0.000
70784.000,61.000,291625.000,73.000,7200.000,0.000,0.000,0.000,0.000
70794.000,61.000,291686.000,73.000,7200.000,0.000,0.000,0.000,0.000
70804.000,62.000,291748.000,73.000,7200.000,0.000,0.000,0.000,0.000
70814.000,62.000,291810.000,73.000,7200.000,0.000,0.000,0.000,0.000
70824.000,62.000,291872.000,73.000,7200.000,0.000,0.000,0.000,0.000
70834.000,61.000,291933.000,73.000,7200.000,0.000,0.000,0.000,0.000
70844.000,61.000,291994.000,73.000,7200.000,0.000,0.000,0.000,0.000
70854.000,63.000,292057.000,73.000,7200.000,0.000,0.000,0.000,0.000
70864.000,61.000,292118.000,73.000,7128.000,0.000,0.000,0.000,0.000
70874.000,62.000,292180.000,73.000,7200.000,0.000,0.000,0.000,0.000
70884.000,61.000,292241.000,73.000,7200.000,0.000,0.000,0.000,0.000
70894.000,62.000,292303.000,73.000,7200.000,0.000,0.000,0.000,0.000
70904.000,62.000,292365.000,73.000,7200.000,0.000,0.000,0.000,0.000
70914.000,61.000,292426.000,73.000,7200.000,0.000,0.000,0.000,0.000
70924.000,62.000,292488.000,73.000,7200.000,0.000,0.000,0.000,0.000
70934.000,61.000,292549.000,73.000,7200.000,0.000,0.000,0.000,0.000
70944.000,61.000,292610.000,73.000,7200.000,0.000,0.000,0.000,0.000
70954.000,62.000,292672.000,73.000,7200.000,0.000,0.000,0.000,0.000
70964.000,62.000,292734.000,73.000,7200.000,0.000,0.000,0.000,0.000
70974.000,62.000,292796.000,73.000,7200.000,0.000,0.000,0.000,0.000
70984.000,61.000,292857.000,73.000,7200.000,0.000,0.000,0.000,0.000
70994.000,62.000,292919.000,73.000,7200.000,0.000,0.000,0.000,0.000
71004.000,62.000,292981.000,73.000,7200.000,0.000,0.000,0.000,0.000
71014.000,61.000,293042.000,73.000,7200.000,0.000,0.000,0.000,0.000
71024.000,62.000,293104.000,73.000,7200.000,0.000,0.000,0.000,0.000
71034.000,62.000,293166.000,73.000,7200.000,0.000,0.000,0.000,0.000
71044.000,62.000,293228.000,73.000,7200.000,0.000,0.000,0.000,0.000
71054.000,61.000,293289.000,73.000,7200.000,0.000,0.000,0.000,0.000
71064.000,62.000,293351.000,73.000,7200.000,0.000,0.000,0.000,0.000
71074.000,62.000,293413.000,73.000,7200.000,0.000,0.000,0.000,0.000
71084.000,61.000,293474.000,73.000,7200.000,0.000,0.000,0.000,0.000
71094.000,62.000,293536.000,73.000,7200.000,0.000,0.000,0.000,0.000
71104.000,62.000,293598.000,73.000,7200.000,0.000,0.000,0.000,0.000
71114.000,62.000,293660.000,73.000,7200.000,0.000,0.000,0.000,0.000
71124.000,61.000,293721.000,73.000,7200.000,0.000,0.000,0.000,0.000
71134.000,61.000,293782.000,73.000,7200.000,0.000,0.000,0.000,0.000
71144.000,62.000,293844.000,73.000,7200.000,0.000,0.000,0.000,0.000
71154.000,62.000,293906.000,73.000,7200.000,0.000,0.000,0.000,0.000
71164.000,62.000,293968.000,73.000,7200.000,0.000,0.000,0.000,0.000
71174.000,61.000,294029.000,73.000,7200.000,0.000,0.000,0.000,0.000
71184.000,62.000,294091.000,73.000,7200.000,0.000,0.000,0.000,0.000
71194.000,62.000,294153.000,73.000,7200.000,0.000,0.000,0.000,0.000
71204.000,61.000,294214.000,73.000,7200.000,0.000,0.000,0.000,0.000
71214.000,62.000,294276.000,73.000,7200.000,0.000,0.000,0.000,0.000
71224.000,61.000,294337.000,73.000,7200.000,0.000,0.000,0.000,0.000
71234.000,61.000,294398.000,73.000,7200.000,0.000,0.000,0.000,0.000
71244.000,62.000,294460.000,73.000,7200.000,0.000,0.000,0.000,0.000
71254.000,61.000,294521.000,73.000,7200.000,0.000,0.000,0.000,0.000
71264.000,61.000,294582.000,73.000,7200.000,0.000,0.000,0.000,0.000
71274.000,63.000,294645.000,73.000,7200.000,0.000,0.000,0.000,0.000
71284.000,61.000,294706.000,73.000,7128.000,0.000,0.000,0.000,0.000
71294.000,62.000,294768.000,73.000,7200.000,0.000,0.000,0.000,0.000
71304.000,61.000,294829.000,73.000,7200.000,0.000,0.000,0.000,0.000
71314.000,62.000,294891.000,73.000,7200.000,0.000,0.000,0.000,0.000
71324.000,61.000,294952.000,73.000,7200.000,0.000,0.000,0.000,0.000
71334.000,62.000,295014.000,73.000,7200.000,0.000,0.000,0.000,0.000
71344.000,61.000,295075.000,73.000,7200.000,0.000,0.000,0.000,0.000
71354.000,62.000,295137.000,73.000,7200.000,0.000,0.000,0.000,0.000
71364.000,61.000,295198.000,73.000,7200.000,0.000,0.000,0.000,0.000
71374.000,62.000,295260.000,73.000,7200.000,0.000,0.000,0.000,0.000
71384.000,61.000,295321.000,73.000,7200.000,0.000,0.000,0.000,0.000
71394.000,61.000,295382.000,73.000,7200.000,0.000,0.000,0.000,0.000
71404.000,62.000,295444.000,73.000,7200.000,0.000,0.000,0.000,0.000
71414.000,61.000,295505.000,73.000,7200.000,0.000,0.000,0.000,0.000
71424.000,62.000,295567.000,73.000,7200.000,0.000,0.000,0.000,0.000
71434.000,62.000,295629.000,73.000,7200.000,0.000,0.000,0.000,0.000
71444.000,61.000,295690.000,73.000,7200.000,0.000,0.000,0.000,0.000
71454.000,62.000,295752.000,73.000,7200.000,0.000,0.000,0.000,0.000
71464.000,62.000,295814.000,73.000,7200.000,0.000,0.000,0.000,0.000
71474.000,61.000,295875.000,73.000,7200.000,0.000,0.000,0.000,0.000
71484.000,62.000,295937.000,73.000,7200.000,0.000,0.000,0.000,0.000
71494.000,61.000,295998.000,73.000,7200.000,0.000,0.000,0.000,0.000
71504.000,62.000,296060.000,73.000,7200.000,0.000,0.000,0.000,0.000
71514.000,61.000,296121.000,73.000,7200.000,0.000,0.000,0.000,0.000
71524.000,62.000,296183.000,73.000,7200.000,0.000,0.000,0.000,0.000
71534.000,61.000,296244.000,73.000,7200.000,0.000,0.000,0.000,0.000
71544.000,62.000,296306.000,73.000,7200.000,0.000,0.000,0.000,0.000
71554.000,62.000,296368.000,73.000,7200.000,0.000,0.000,0.000,0.000
71564.000,61.000,296429.000,73.000,7200.000,0.000,0.000,0.000,0.000
71574.000,61.000,296490.000,73.000,7200.000,0.000,0.000,0.000,0.000
71584.000,62.000,296552.000,73.000,7200.000,0.000,0.000,0.000,0.000
71594.000,61.000,296613.000,73.000,7200.000,0.000,0.000,0.000,0.000
71604.000,62.000,296675.000,73.000,7200.000,0.000,0.000,0.000,0.000
71614.000,61.000,296736.000,73.000,7200.000,0.000,0.000,0.000,0.000
71624.000,62.000,296798.000,73.000,7200.000,0.000,0.000,0.000,0.000
71634.000,62.000,296860.000,73.000,7200.000,0.000,0.000,0.000,0.000
71644.000,61.000,296921.000,73.000,7200.000,0.000,0.000,0.000,0.000
71654.000,61.000,296982.000,73.000,7200.000,0.000,0.000,0.000,0.000
71664.000,62.000,297044.000,73.000,7200.000,0.000,0.000,0.000,0.000
71674.000,61.000,297105.000,73.000,7200.000,0.000,0.000,0.000,0.000
71684.000,61.000,297166.000,73.000,7200.000,0.000,0.000,0.000,0.000
71694.000,62.000,297228.000,73.000,7200.000,0.000,0.000,0.000,0.000
71704.000,61.000,297289.000,73.000,7200.000,0.000,0.000,0.000,0.000
71714.000,61.000,297350.000,73.000,7200.000,0.000,0.000,0.000,0.000
71724.000,62.000,297412.000,73.000,7200.000,0.000,0.000,0.000,0.000
71734.000,61.000,297473.000,73.000,7200.000,0.000,0.000,0.000,0.000
71744.000,62.000,297535.000,73.000,7200.000,0.000,0.000,0.000,0.000
71754.000,62.000,297597.000,73.000,7200.000,0.000,0.000,0.000,0.000
71764.000,61.000,297658.000,73.000,7200.000,0.000,0.000,0.000,0.000
71774.000,62.000,297720.000,73.000,7200.000,0.000,0.000,0.000,0.000
71784.000,61.000,297781.000,73.000,7200.000,0.000,0.000,0.000,0.000
71794.000,61.000,297842.000,73.000,7200.000,0.000,0.000,0.000,0.000
71804.000,62.000,297904.000,73.000,7200.000,0.000,0.000,0.000,0.000
71814.000,61.000,297965.000,73.000,7200.000,0.000,0.000,0.000,0.000
71824.000,62.000,298027.000,73.000,7200.000,0.000,0.000,0.000,0.000
71834.000,61.000,298088.000,73.000,7200.000,0.000,0.000,0.000,0.000
71844.000,62.000,298150.000,73.000,7200.000,0.000,0.000,0.000,0.000
71854.000,62.000,298212.000,73.000,7200.000,0.000,0.000,0.000,0.000
71864.000,61.000,298273.000,73.000,7200.000,0.000,0.000,0.000,0.000
71874.000,61.000,298334.000,73.000,7200.000,0.000,0.000,0.000,0.000
71884.000,62.000,298396.000,73.000,7200.000,0.000,0.000,0.000,0.000
71894.000,62.000,298458.000,73.000,7200.000,0.000,0.000,0.000,0.000
71904.000,62.000,298520.000,73.000,7200.000,0.000,0.000,0.000,0.000
71914.000,61.000,298581.000,73.000,7200.000,0.000,0.000,0.000,0.000
71924.000,61.000,298642.000,73.000,7200.000,0.000,0.000,0.000,0.000
71934.000,62.000,298704.000,73.000,7200.000,0.000,0.000,0.000,0.000
71944.000,61.000,298765.000,73.000,7200.000,0.000,0.000,0.000,0.000
71954.000,62.000,298827.000,71.000,7200.000,0.000,0.000,0.000,0.000
71964.000,61.000,298888.000,71.000,7128.000,0.000,0.000,0.000,0.000
71974.000,61.000,298949.000,71.000,7200.000,0.000,0.000,0.000,0.000
71984.000,61.000,299010.000,71.000,7200.000,0.000,0.000,0.000,0.000
71994.000,62.000,299072.000,71.000,7200.000,0.000,0.000,0.000,0.000
72004.000,62.000,299134.000,71.000,7128.000,0.000,0.000,0.000,0.000
72014.000,61.000,299195.000,71.000,7128.000,0.000,0.000,0.000,0.000
72024.000,62.000,299257.000,71.000,7200.000,0.000,0.000,0.000,0.000
72034.000,61.000,299318.000,71.000,7128.000,0.000,0.000,0.000,0.000
72044.000,62.000,299380.000,71.000,7200.000,0.000,0.000,0.000,0.000
72054.000,61.000,299441.000,71.000,7128.000,0.000,0.000,0.000,0.000
72064.000,61.000,299502.000,71.000,7200.000,0.000,0.000,0.000,0.000
72074.000,62.000,299564.000,71.000,7200.000,0.000,0.000,0.000,0.000
72084.000,61.000,299625.000,71.000,7128.000,0.000,0.000,0.000,0.000
72094.000,62.000,299687.000,71.000,7200.000,0.000,0.000,0.000,0.000
72104.000,61.000,299748.000,71.000,7128.000,0.000,0.000,0.000,0.000
72114.000,62.000,299810.000,71.000,7200.000,0.000,0.000,0.000,0.000
72124.000,60.000,299870.000,71.000,7128.000,0.000,0.000,0.000,0.000
72134.000,63.000,299933.000,71.000,7200.000,0.000,0.000,0.000,0.000
72144.000,61.000,299994.000,71.000,7128.000,0.000,0.000,0.000,0.000
72154.000,62.000,300056.000,71.000,7200.000,0.000,0.000,0.000,0.000
72164.000,61.000,300117.000,71.000,7200.000,0.000,0.000,0.000,0.000
72174.000,61.000,300178.000,71.000,7200.000,0.000,0.000,0.000,0.000
72184.000,62.000,300240.000,71.000,7200.000,0.000,0.000,0.000,0.000
72194.000,62.000,300302.000,71.000,7200.000,0.000,0.000,0.000,0.000
72204.000,61.000,300363.000,71.000,7200.000,0.000,0.000,0.000,0.000
72214.000,62.000,300425.000,71.000,7200.000,0.000,0.000,0.000,0.000
72224.000,61.000,300486.000,71.000,7200.000,0.000,0.000,0.000,0.000
72234.000,62.000,300548.000,71.000,7200.000,0.000,0.000,0.000,0.000
72244.000,61.000,300609.000,71.000,7200.000,0.000,0.000,0.000,0.000
72254.000,61.000,300670.000,71.000,7200.000,0.000,0.000,0.000,0.000
72264.000,62.000,300732.000,71.000,7200.000,0.000,0.000,0.000,0.000
72274.000,61.000,300793.000,71.000,7200.000,0.000,0.000,0.000,0.000
72284.000,62.000,300855.000,71.000,7200.000,0.000,0.000,0.000,0.000
72294.000,62.000,300917.000,71.000,7200.000,0.000,0.000,0.000,0.000
72304.000,61.000,300978.000,71.000,7200.000,0.000,0.000,0.000,0.000
72314.000,62.000,301040.000,71.000,7200.000,0.000,0.000,0.000,0.000
72324.000,61.000,301101.000,71.000,7200.000,0.000,0.000,0.000,0.000
72334.000,61.000,301162.000,71.000,7200.000,0.000,0.000,0.000,0.000
72344.000,62.000,301224.000,71.000,7200.000,0.000,0.000,0.000,0.000
72354.000,62.000,301286.000,71.000,7200.000,0.000,0.000,0.000,0.000
72364.000,61.000,301347.000,71.000,7200.000,0.000,0.000,0.000,0.000
72374.000,62.000,301409.000,71.000,7200.000,0.000,0.000,0.000,0.000
72384.000,61.000,301470.000,71.000,7200.000,0.000,0.000,0.000,0.000
72394.000,62.000,301532.000,71.000,7200.000,0.000,0.000,0.000,0.000
72404.000,61.000,301593.000,71.000,7200.000,0.000,0.000,0.000,0.000
72414.000,61.000,301654.000,71.000,7200.000,0.000,0.000,0.000,0.000
72424.000,62.000,301716.000,71.000,7200.000,0.000,0.000,0.000,0.000
72434.000,60.000,301776.000,71.000,7200.000,0.000,0.000,0.000,0.000
72444.000,62.000,301838.000,71.000,7200.000,0.000,0.000,0.000,0.000
72454.000,62.000,301900.000,71.000,7200.000,0.000,0.000,0.000,0.000
72464.000,61.000,301961.000,71.000,7200.000,0.000,0.000,0.000,0.000
72474.000,61.000,302022.000,71.000,7200.000,0.000,0.000,0.000,0.000
72484.000,62.000,302084.000,71.000,7200.000,0.000,0.000,0.000,0.000
72494.000,61.000,302145.000,71.000,7200.000,0.000,0.000,0.000,0.000
72504.000,61.000,302206.000,71.000,7200.000,0.000,0.000,0.000,0.000
72514.000,62.000,302268.000,71.000,7200.000,0.000,0.000,0.000,0.000
72524.000,61.000,302329.000,71.000,7200.000,0.000,0.000,0.000,0.000
72534.000,62.000,302391.000,71.000,7200.000,0.000,0.000,0.000,0.000
72544.000,62.000,302453.000,71.000,7200.000,0.000,0.000,0.000,0.000
72554.000,61.000,302514.000,71.000,7200.000,0.000,0.000,0.000,0.000
72564.000,62.000,302576.000,71.000,7200.000,0.000,0.000,0.000,0.000
72574.000,61.000,302637.000,71.000,7200.000,0.000,0.000,0.000,0.000
72584.000,61.000,302698.000,71.000,7200.000,0.000,0.000,0.000,0.000
72594.000,62.000,302760.000,71.000,7200.000,0.000,0.000,0.000,0.000
72604.000,62.000,302822.000,71.000,7200.000,0.000,0.000,0.000,0.000
72614.000,61.000,302883.000,71.000,7200.000,0.000,0.000,0.000,0.000
72624.000,62.000,302945.000,71.000,7200.000,0.000,0.000,0.000,0.000
72634.000,61.000,303006.000,71.000,7200.000,0.000,0.000,0.000,0.000
72644.000,62.000,303068.000,71.000,7200.000,0.000,0.000,0.000,0.000
72654.000,61.000,303129.000,71.000,7200.000,0.000,0.000,0.000,0.000
72664.000,62.000,303191.000,71.000,7200.000,0.000,0.000,0.000,0.000
72674.000,61.000,303252.000,71.000,7200.000,0.000,0.000,0.000,0.000
72684.000,62.000,303314.000,71.000,7200.000,0.000,0.000,0.000,0.000
72694.000,62.000,303376.000,71.000,7200.000,0.000,0.000,0.000,0.000
72704.000,61.000,303437.000,71.000,7200.000,0.000,0.000,0.000,0.000
72714.000,61.000,303498.000,71.000,7200.000,0.000,0.000,0.000,0.000
72724.000,62.000,303560.000,71.000,7200.000,0.000,0.000,0.000,0.000
72734.000,61.000,303621.000,71.000,7200.000,0.000,0.000,0.000,0.000
72744.000,61.000,303682.000,71.000,7200.000,0.000,0.000,0.000,0.000
72754.000,62.000,303744.000,71.000,7200.000,0.000,0.000,0.000,0.000
72764.000,62.000,303806.000,71.000,7200.000,0.000,0.000,0.000,0.000
72774.000,62.000,303868.000,71.000,7200.000,0.000,0.000,0.000,0.000
72784.000,61.000,303929.000,71.000,7200.000,0.000,0.000,0.000,0.000
72794.000,61.000,303990.000,71.000,7200.000,0.000,0.000,0.000,0.000
72804.000,62.000,304052.000,71.000,7200.000,0.000,0.000,0.000,0.000
72814.000,61.000,304113.000,71.000,7200.000,0.000,0.000,0.000,0.000
72824.000,61.000,304174.000,71.000,7200.000,0.000,0.000,0.000,0.000
72834.000,62.000,304236.000,71.000,7200.000,0.000,0.000,0.000,0.000
72844.000,61.000,304297.000,71.000,7200.000,0.000,0.000,0.000,0.000
72854.000,61.000,304358.000,71.000,7200.000,0.000,0.000,0.000,0.000
72864.000,62.000,304420.000,71.000,7200.000,0.000,0.000,0.000,0.000
72874.000,61.000,304481.000,71.000,7200.000,0.000,0.000,0.000,0.000
72884.000,62.000,304543.000,71.000,7200.000,0.000,0.000,0.000,0.000
72894.000,61.000,304604.000,71.000,7200.000,0.000,0.000,0.000,0.000
72904.000,62.000,304666.000,71.000,7200.000,0.000,0.000,0.000,0.000
72914.000,62.000,304728.000,71.000,7200.000,0.000,0.000,0.000,0.000
72924.000,61.000,304789.000,71.000,7200.000,0.000,0.000,0.000,0.000
72934.000,61.000,304850.000,71.000,7200.000,0.000,0.000,0.000,0.000
72944.000,62.000,304912.000,71.000,7200.000,0.000,0.000,0.000,0.000
72954.000,61.000,304973.000,71.000,7200.000,0.000,0.000,0.000,0.000
72964.000,62.000,305035.000,71.000,7200.000,0.000,0.000,0.000,0.000
72974.000,61.000,305096.000,71.000,7200.000,0.000,0.000,0.000,0.000
72984.000,62.000,305158.000,71.000,7200.000,0.000,0.000,0.000,0.000
72994.000,62.000,305220.000,71.000,7200.000,0.000,0.000,0.000,0.000
73004.000,61.000,305281.000,71.000,7200.000,0.000,0.000,0.000,0.000
73014.000,61.000,305342.000,71.000,7200.000,0.000,0.000,0.000,0.000
73024.000,62.000,305404.000,71.000,7200.000,0.000,0.000,0.000,0.000
73034.000,62.000,305466.000,71.000,7200.000,0.000,0.000,0.000,0.000
73044.000,62.000,305528.000,71.000,7200.000,0.000,0.000,0.000,0.000
73054.000,61.000,305589.000,71.000,7200.000,0.000,0.000,0.000,0.000
73064.000,61.000,305650.000,71.000,7200.000,0.000,0.000,0.000,0.000
73074.000,62.000,305712.000,71.000,7200.000,0.000,0.000,0.000,0.000
73084.000,62.000,305774.000,71.000,7200.000,0.000,0.000,0.000,0.000
73094.000,61.000,305835.000,71.000,7200.000,0.000,0.000,0.000,0.000
73104.000,62.000,305897.000,71.000,7200.000,0.000,0.000,0.000,0.000
73114.000,61.000,305958.000,71.000,7200.000,0.000,0.000,0.000,0.000
73124.000,62.000,306020.000,71.000,7200.000,0.000,0.000,0.000,0.000
73134.000,61.000,306081.000,71.000,7200.000,0.000,0.000,0.000,0.000
73144.000,61.000,306142.000,71.000,7200.000,0.000,0.000,0.000,0.000
73154.000,62.000,306204.000,71.000,7200.000,0.000,0.000,0.000,0.000
73164.000,61.000,306265.000,71.000,7200.000,0.000,0.000,0.000,0.000
73174.000,62.000,306327.000,71.000,7200.000,0.000,0.000,0.000,0.000
73184.000,61.000,306388.000,71.000,7200.000,0.000,0.000,0.000,0.000
73194.000,62.000,306450.000,71.000,7200.000,0.000,0.000,0.000,0.000
73204.000,62.000,306512.000,71.000,7200.000,0.000,0.000,0.000,0.000
73214.000,61.000,306573.000,71.000,7200.000,0.000,0.000,0.000,0.000
73224.000,61.000,306634.000,71.000,7200.000,0.000,0.000,0.000,0.000
73234.000,62.000,306696.000,71.000,7200.000,0.000,0.000,0.000,0.000
73244.000,62.000,306758.000,71.000,7200.000,0.000,0.000,0.000,0.000
73254.000,61.000,306819.000,71.000,7200.000,0.000,0.000,0.000,0.000
73264.000,62.000,306881.000,71.000,7200.000,0.000,0.000,0.000,0.000
73274.000,61.000,306942.000,71.000,7200.000,0.000,0.000,0.000,0.000
73284.000,62.000,307004.000,71.000,7200.000,0.000,0.000,0.000,0.000
73294.000,61.000,307065.000,71.000,7200.000,0.000,0.000,0.000,0.000
73304.000,62.000,307127.000,71.000,7200.000,0.000,0.000,0.000,0.000
73314.000,61.000,307188.000,71.000,7200.000,0.000,0.000,0.000,0.000
73324.000,62.000,307250.000,71.000,7200.000,0.000,0.000,0.000,0.000
73334.000,62.000,307312.000,71.000,7200.000,0.000,0.000,0.000,0.000
73344.000,61.000,307373.000,71.000,7200.000,0.000,0.000,0.000,0.000
73354.000,61.000,307434.000,71.000,7200.000,0.000,0.000,0.000,0.000
73364.000,62.000,307496.000,71.000,7200.000,0.000,0.000,0.000,0.000
73374.000,61.000,307557.000,71.000,7200.000,0.000,0.000,0.000,0.000
73384.000,63.000,307620.000,71.000,7200.000,0.000,0.000,0.000,0.000
73394.000,61.000,307681.000,71.000,7128.000,0.000,0.000,0.000,0.000
73404.000,61.000,307742.000,71.000,7200.000,0.000,0.000,0.000,0.000
73414.000,62.000,307804.000,71.000,7200.000,0.000,0.000,0.000,0.000
73424.000,61.000,307865.000,71.000,7200.000,0.000,0.000,0.000,0.000
73434.000,62.000,307927.000,71.000,7200.000,0.000,0.000,0.000,0.000
73444.000,62.000,307989.000,71.000,7200.000,0.000,0.000,0.000,0.000
73454.000,61.000,308050.000,71.000,7200.000,0.000,0.000,0.000,0.000
73464.000,62.000,308112.000,71.000,7200.000,0.000,0.000,0.000,0.000
73474.000,62.000,308174.000,71.000,7200.000,0.000,0.000,0.000,0.000
73484.000,62.000,308236.000,71.000,7200.000,0.000,0.000,0.000,0.000
73494.000,61.000,308297.000,71.000,7200.000,0.000,0.000,0.000,0.000
73504.000,61.000,308358.000,71.000,7200.000,0.000,0.000,0.000,0.000
73514.000,62.000,308420.000,71.000,7200.000,0.000,0.000,0.000,0.000
73524.000,62.000,308482.000,71.000,7200.000,0.000,0.000,0.000,0.000
73534.000,61.000,308543.000,71.000,7200.000,0.000,0.000,0.000,0.000
73544.000,62.000,308605.000,71.000,7200.000,0.000,0.000,0.000,0.000
73554.000,61.000,308666.000,71.000,7200.000,0.000,0.000,0.000,0.000
73564.000,62.000,308728.000,71.000,7200.000,0.000,0.000,0.000,0.000
73574.000,61.000,308789.000,71.000,7200.000,0.000,0.000,0.000,0.000
73584.000,61.000,308850.000,71.000,7200.000,0.000,0.000,0.000,0.000
73594.000,62.000,308912.000,71.000,7200.000,0.000,0.000,0.000,0.000
73604.000,62.000,308974.000,71.000,7200.000,0.000,0.000,0.000,0.000
73614.000,61.000,309035.000,71.000,7200.000,0.000,0.000,0.000,0.000
73624.000,62.000,309097.000,71.000,7200.000,0.000,0.000,0.000,0.000
73634.000,61.000,309158.000,71.000,7200.000,0.000,0.000,0.000,0.000
73644.000,62.000,309220.000,71.000,7200.000,0.000,0.000,0.000,0.000
73654.000,61.000,309281.000,71.000,7200.000,0.000,0.000,0.000,0.000
73664.000,62.000,309343.000,71.000,7200.000,0.000,0.000,0.000,0.000
73674.000,62.000,309405.000,71.000,7200.000,0.000,0.000,0.000,0.000
73684.000,61.000,309466.000,71.000,7200.000,0.000,0.000,0.000,0.000
73694.000,62.000,309528.000,71.000,7200.000,0.000,0.000,0.000,0.000
73704.000,62.000,309590.000,71.000,7200.000,0.000,0.000,0.000,0.000
73714.000,61.000,309651.000,71.000,7200.000,0.000,0.000,0.000,0.000
73724.000,62.000,309713.000,71.000,7200.000,0.000,0.000,0.000,0.000
73734.000,61.000,309774.000,71.000,7200.000,0.000,0.000,0.000,0.000
73744.000,62.000,309836.000,71.000,7200.000,0.000,0.000,0.000,0.000
73754.000,62.000,309898.000,71.000,7200.000,0.000,0.000,0.000,0.000
73764.000,62.000,309960.000,71.000,7200.000,0.000,0.000,0.000,0.000
73774.000,61.000,310021.000,71.000,7200.000,0.000,0.000,0.000,0.000
73784.000,62.000,310083.000,71.000,7200.000,0.000,0.000,0.000,0.000
73794.000,62.000,310145.000,71.000,7200.000,0.000,0.000,0.000,0.000
73804.000,61.000,310206.000,71.000,7200.000,0.000,0.000,0.000,0.000
73814.000,62.000,310268.000,71.000,7200.000,0.000,0.000,0.000,0.000
73824.000,62.000,310330.000,71.000,7200.000,0.000,0.000,0.000,0.000
73834.000,61.000,310391.000,71.000,7200.000,0.000,0.000,0.000,0.000
73844.000,62.000,310453.000,71.000,7200.000,0.000,0.000,0.000,0.000
73854.000,61.000,310514.000,71.000,7200.000,0.000,0.000,0.000,0.000
73864.000,62.000,310576.000,71.000,7200.000,0.000,0.000,0.000,0.000
73874.000,62.000,310638.000,71.000,7200.000,0.000,0.000,0.000,0.000
73884.000,62.000,310700.000,71.000,7200.000,0.000,0.000,0.000,0.000
73894.000,61.000,310761.000,71.000,7200.000,0.000,0.000,0.000,0.000
73904.000,61.000,310822.000,71.000,7200.000,0.000,0.000,0.000,0.000
73914.000,62.000,310884.000,71.000,7200.000,0.000,0.000,0.000,0.000
73924.000,62.000,310946.000,71.000,7200.000,0.000,0.000,0.000,0.000
73934.000,62.000,311008.000,71.000,7200.000,0.000,0.000,0.000,0.000
73944.000,61.000,311069.000,71.000,7200.000,0.000,0.000,0.000,0.000
73954.000,61.000,311130.000,71.000,7200.000,0.000,0.000,0.000,0.000
73964.000,62.000,311192.000,71.000,7200.000,0.000,0.000,0.000,0.000
73974.000,61.000,311253.000,71.000,7200.000,0.000,0.000,0.000,0.000
73984.000,61.000,311314.000,71.000,7200.000,0.000,0.000,0.000,0.000
73994.000,62.000,311376.000,71.000,7200.000,0.000,0.000,0.000,0.000
74004.000,61.000,311437.000,71.000,7200.000,0.000,0.000,0.000,0.000
74014.000,62.000,311499.000,71.000,7200.000,0.000,0.000,0.000,0.000
74024.000,61.000,311560.000,71.000,7200.000,0.000,0.000,0.000,0.000
74034.000,62.000,311622.000,71.000,7200.000,0.000,0.000,0.000,0.000
74044.000,62.000,311684.000,71.000,7200.000,0.000,0.000,0.000,0.000
74054.000,61.000,311745.000,71.000,7200.000,0.000,0.000,0.000,0.000
74064.000,61.000,311806.000,71.000,7200.000,0.000,0.000,0.000,0.000
74074.000,62.000,311868.000,71.000,7200.000,0.000,0.000,0.000,0.000
74084.000,61.000,311929.000,71.000,7200.000,0.000,0.000,0.000,0.000
74094.000,62.000,311991.000,71.000,7200.000,0.000,0.000,0.000,0.000
74104.000,61.000,312052.000,71.000,7200.000,0.000,0.000,0.000,0.000
74114.000,62.000,312114.000,71.000,7200.000,0.000,0.000,0.000,0.000
74124.000,62.000,312176.000,71.000,7200.000,0.000,0.000,0.000,0.000
74134.000,61.000,312237.000,71.000,7200.000,0.000,0.000,0.000,0.000
74144.000,61.000,312298.000,71.000,7200.000,0.000,0.000,0.000,0.000
74154.000,62.000,312360.000,71.000,7200.000,0.000,0.000,0.000,0.000
74164.000,61.000,312421.000,71.000,7200.000,0.000,0.000,0.000,0.000
74174.000,61.000,312482.000,71.000,7200.000,0.000,0.000,0.000,0.000
74184.000,62.000,312544.000,71.000,7200.000,0.000,0.000,0.000,0.000
74194.000,61.000,312605.000,71.000,7200.000,0.000,0.000,0.000,0.000
74204.000,63.000,312668.000,71.000,7200.000,0.000,0.000,0.000,0.000
74214.000,61.000,312729.000,71.000,7128.000,0.000,0.000,0.000,0.000
74224.000,61.000,312790.000,71.000,7200.000,0.000,0.000,0.000,0.000
74234.000,62.000,312852.000,71.000,7200.000,0.000,0.000,0.000,0.000
74244.000,61.000,312913.000,71.000,7200.000,0.000,0.000,0.000,0.000
74254.000,61.000,312974.000,71.000,7200.000,0.000,0.000,0.000,0.000
74264.000,62.000,313036.000,71.000,7200.000,0.000,0.000,0.000,0.000
74274.000,62.000,313098.000,71.000,7200.000,0.000,0.000,0.000,0.000
74284.000,60.000,313158.000,71.000,7200.000,0.000,0.000,0.000,0.000
74294.000,63.000,313221.000,71.000,7200.000,0.000,0.000,0.000,0.000
74304.000,61.000,313282.000,71.000,7128.000,0.000,0.000,0.000,0.000
74314.000,62.000,313344.000,71.000,7200.000,0.000,0.000,0.000,0.000
74324.000,61.000,313405.000,71.000,7200.000,0.000,0.000,0.000,0.000
74334.000,61.000,313466.000,71.000,7200.000,0.000,0.000,0.000,0.000
74344.000,62.000,313528.000,71.000,7200.000,0.000,0.000,0.000,0.000
74354.000,61.000,313589.000,71.000,7200.000,0.000,0.000,0.000,0.000
74364.000,61.000,313650.000,71.000,7200.000,0.000,0.000,0.000,0.000
74374.000,62.000,313712.000,71.000,7200.000,0.000,0.000,0.000,0.000
74384.000,61.000,313773.000,71.000,7200.000,0.000,0.000,0.000,0.000
74394.000,61.000,313834.000,71.000,7200.000,0.000,0.000,0.000,0.000
74404.000,63.000,313897.000,71.000,7200.000,0.000,0.000,0.000,0.000
74414.000,61.000,313958.000,71.000,7128.000,0.000,0.000,0.000,0.000
74424.000,61.000,314019.000,71.000,7200.000,0.000,0.000,0.000,0.000
74434.000,61.000,314080.000,71.000,7200.000,0.000,0.000,0.000,0.000
74444.000,62.000,314142.000,71.000,7200.000,0.000,0.000,0.000,0.000
74454.000,61.000,314203.000,71.000,7200.000,0.000,0.000,0.000,0.000
74464.000,62.000,314265.000,71.000,7200.000,0.000,0.000,0.000,0.000
74474.000,61.000,314326.000,71.000,7200.000,0.000,0.000,0.000,0.000
74484.000,62.000,314388.000,71.000,7200.000,0.000,0.000,0.000,0.000
74494.000,61.000,314449.000,71.000,7200.000,0.000,0.000,0.000,0.000
74504.000,61.000,314510.000,71.000,7200.000,0.000,0.000,0.000,0.000
74514.000,62.000,314572.000,71.000,7200.000,0.000,0.000,0.000,0.000
74524.000,61.000,314633.000,71.000,7200.000,0.000,0.000,0.000,0.000
74534.000,61.000,314694.000,71.000,7200.000,0.000,0.000,0.000,0.000
74544.000,62.000,314756.000,71.000,7200.000,0.000,0.000,0.000,0.000
74554.000,62.000,314818.000,71.000,7200.000,0.000,0.000,0.000,0.000
74564.000,61.000,314879.000,71.000,7200.000,0.000,0.000,0.000,0.000
74574.000,61.000,314940.000,71.000,7200.000,0.000,0.000,0.000,0.000
74584.000,62.000,315002.000,71.000,7200.000,0.000,0.000,0.000,0.000
74594.000,62.000,315064.000,71.000,7200.000,0.000,0.000,0.000,0.000
74604.000,61.000,315125.000,71.000,7200.000,0.000,0.000,0.000,0.000
74614.000,61.000,315186.000,71.000,7200.000,0.000,0.000,0.000,0.000
74624.000,62.000,315248.000,71.000,7200.000,0.000,0.000,0.000,0.000
74634.000,61.000,315309.000,71.000,7200.000,0.000,0.000,0.000,0.000
74644.000,61.000,315370.000,71.000,7200.000,0.000,0.000,0.000,0.000
74654.000,63.000,315433.000,71.000,7200.000,0.000,0.000,0.000,0.000
74664.000,61.000,315494.000,71.000,7128.000,0.000,0.000,0.000,0.000
74674.000,62.000,315556.000,71.000,7200.000,0.000,0.000,0.000,0.000
74684.000,61.000,315617.000,71.000,7200.000,0.000,0.000,0.000,0.000
74694.000,61.000,315678.000,71.000,7200.000,0.000,0.000,0.000,0.000
74704.000,62.000,315740.000,71.000,7200.000,0.000,0.000,0.000,0.000
74714.000,61.000,315801.000,71.000,7200.000,0.000,0.000,0.000,0.000
74724.000,61.000,315862.000,71.000,7200.000,0.000,0.000,0.000,0.000
74734.000,62.000,315924.000,71.000,7200.000,0.000,0.000,0.000,0.000
74744.000,61.000,315985.000,71.000,7200.000,0.000,0.000,0.000,0.000
74754.000,61.000,316046.000,71.000,7200.000,0.000,0.000,0.000,0.000
74764.000,62.000,316108.000,71.000,7200.000,0.000,0.000,0.000,0.000
74774.000,61.000,316169.000,71.000,7200.000,0.000,0.000,0.000,0.000
74784.000,61.000,316230.000,71.000,7200.000,0.000,0.000,0.000,0.000
74794.000,62.000,316292.000,71.000,7200.000,0.000,0.000,0.000,0.000
74804.000,61.000,316353.000,71.000,7200.000,0.000,0.000,0.000,0.000
74814.000,62.000,316415.000,71.000,7200.000,0.000,0.000,0.000,0.000
74824.000,61.000,316476.000,71.000,7200.000,0.000,0.000,0.000,0.000
74834.000,61.000,316537.000,71.000,7200.000,0.000,0.000,0.000,0.000
74844.000,62.000,316599.000,71.000,7200.000,0.000,0.000,0.000,0.000
74854.000,61.000,316660.000,71.000,7200.000,0.000,0.000,0.000,0.000
74864.000,61.000,316721.000,71.000,7200.000,0.000,0.000,0.000,0.000
74874.000,61.000,316782.000,71.000,7200.000,0.000,0.000,0.000,0.000
74884.000,62.000,316844.000,71.000,7200.000,0.000,0.000,0.000,0.000
74894.000,61.000,316905.000,71.000,7200.000,0.000,0.000,0.000,0.000
74904.000,61.000,316966.000,71.000,7200.000,0.000,0.000,0.000,0.000
74914.000,62.000,317028.000,71.000,7200.000,0.000,0.000,0.000,0.000
74924.000,61.000,317089.000,71.000,7200.000,0.000,0.000,0.000,0.000
74934.000,61.000,317150.000,71.000,7200.000,0.000,0.000,0.000,0.000
74944.000,62.000,317212.000,71.000,7200.000,0.000,0.000,0.000,0.000
74954.000,62.000,317274.000,71.000,7200.000,0.000,0.000,0.000,0.000
74964.000,61.000,317335.000,71.000,7200.000,0.000,0.000,0.000,0.000
74974.000,62.000,317397.000,71.000,7200.000,0.000,0.000,0.000,0.000
74984.000,61.000,317458.000,71.000,7200.000,0.000,0.000,0.000,0.000
74994.000,62.000,317520.000,71.000,7200.000,0.000,0.000,0.000,0.000
75004.000,61.000,317581.000,71.000,7200.000,0.000,0.000,0.000,0.000
75014.000,61.000,317642.000,71.000,7200.000,0.000,0.000,0.000,0.000
75024.000,62.000,317704.000,71.000,7200.000,0.000,0.000,0.000,0.000
75034.000,61.000,317765.000,71.000,7200.000,0.000,0.000,0.000,0.000
75044.000,61.000,317826.000,71.000,7200.000,0.000,0.000,0.000,0.000
75054.000,62.000,317888.000,71.000,7200.000,0.000,0.000,0.000,0.000
75064.000,61.000,317949.000,71.000,7200.000,0.000,0.000,0.000,0.000
75074.000,61.000,318010.000,71.000,7200.000,0.000,0.000,0.000,0.000
75084.000,62.000,318072.000,71.000,7200.000,0.000,0.000,0.000,0.000
75094.000,62.000,318134.000,71.000,7200.000,0.000,0.000,0.000,0.000
75104.000,61.000,318195.000,71.000,7200.000,0.000,0.000,0.000,0.000
75114.000,61.000,318256.000,71.000,7200.000,0.000,0.000,0.000,0.000
75124.000,62.000,318318.000,71.000,7200.000,0.000,0.000,0.000,0.000
75134.000,61.000,318379.000,71.000,7200.000,0.000,0.000,0.000,0.000
75144.000,61.000,318440.000,71.000,7200.000,0.000,0.000,0.000,0.000
75154.000,61.000,318501.000,71.000,7200.000,0.000,0.000,0.000,0.000
75164.000,62.000,318563.000,71.000,7200.000,0.000,0.000,0.000,0.000
75174.000,61.000,318624.000,71.000,7200.000,0.000,0.000,0.000,0.000
75184.000,61.000,318685.000,71.000,7200.000,0.000,0.000,0.000,0.000
75194.000,62.000,318747.000,71.000,7200.000,0.000,0.000,0.000,0.000
75204.000,61.000,318808.000,71.000,7200.000,0.000,0.000,0.000,0.000
75214.000,61.000,318869.000,71.000,7200.000,0.000,0.000,0.000,0.000
75224.000,61.000,318930.000,71.000,7200.000,0.000,0.000,0.000,0.000
75234.000,62.000,318992.000,71.000,7200.000,0.000,0.000,0.000,0.000
75244.000,62.000,319054.000,71.000,7200.000,0.000,0.000,0.000,0.000
75254.000,61.000,319115.000,71.000,7200.000,0.000,0.000,0.000,0.000
75264.000,62.000,319177.000,71.000,7200.000,0.000,0.000,0.000,0.000
75274.000,61.000,319238.000,71.000,7200.000,0.000,0.000,0.000,0.000
75284.000,61.000,319299.000,71.000,7200.000,0.000,0.000,0.000,0.000
75294.000,61.000,319360.000,71.000,7200.000,0.000,0.000,0.000,0.000
75304.000,62.000,319422.000,71.000,7200.000,0.000,0.000,0.000,0.000
75314.000,61.000,319483.000,71.000,7200.000,0.000,0.000,0.000,0.000
75324.000,61.000,319544.000,71.000,7200.000,0.000,0.000,0.000,0.000
75334.000,61.000,319605.000,69.000,7200.000,0.000,0.000,0.000,0.000
75344.000,62.000,319667.000,69.000,7200.000,0.000,0.000,0.000,0.000
75354.000,61.000,319728.000,69.000,7128.000,0.000,0.000,0.000,0.000
75364.000,62.000,319790.000,69.000,7200.000,0.000,0.000,0.000,0.000
75374.000,62.000,319852.000,69.000,7128.000,0.000,0.000,0.000,0.000
75384.000,61.000,319913.000,69.000,7128.000,0.000,0.000,0.000,0.000
75394.000,61.000,319974.000,69.000,7200.000,0.000,0.000,0.000,0.000
75404.000,62.000,320036.000,69.000,7200.000,0.000,0.000,0.000,0.000
75414.000,62.000,320098.000,69.000,7128.000,0.000,0.000,0.000,0.000
75424.000,61.000,320159.000,69.000,7128.000,0.000,0.000,0.000,0.000
75434.000,61.000,320220.000,69.000,7200.000,0.000,0.000,0.000,0.000
75444.000,62.000,320282.000,69.000,7200.000,0.000,0.000,0.000,0.000
75454.000,62.000,320344.000,69.000,7128.000,0.000,0.000,0.000,0.000
75464.000,60.000,320404.000,69.000,7128.000,0.000,0.000,0.000,0.000
75474.000,61.000,320465.000,69.000,7200.000,0.000,0.000,0.000,0.000
75484.000,62.000,320527.000,69.000,7200.000,0.000,0.000,0.000,0.000
75494.000,61.000,320588.000,69.000,7128.000,0.000,0.000,0.000,0.000
75504.000,62.000,320650.000,69.000,7200.000,0.000,0.000,0.000,0.000
75514.000,62.000,320712.000,69.000,7128.000,0.000,0.000,0.000,0.000
75524.000,61.000,320773.000,69.000,7128.000,0.000,0.000,0.000,0.000
75534.000,61.000,320834.000,69.000,7200.000,0.000,0.000,0.000,0.000
75544.000,62.000,320896.000,69.000,7200.000,0.000,0.000,0.000,0.000
75554.000,61.000,320957.000,69.000,7128.000,0.000,0.000,0.000,0.000
75564.000,62.000,321019.000,69.000,7200.000,0.000,0.000,0.000,0.000
75574.000,61.000,321080.000,69.000,7128.000,0.000,0.000,0.000,0.000
75584.000,62.000,321142.000,69.000,7200.000,0.000,0.000,0.000,0.000
75594.000,62.000,321204.000,69.000,7128.000,0.000,0.000,0.000,0.000
75604.000,60.000,321264.000,69.000,7128.000,0.000,0.000,0.000,0.000
75614.000,62.000,321326.000,69.000,7200.000,0.000,0.000,0.000,0.000
75624.000,61.000,321387.000,69.000,7128.000,0.000,0.000,0.000,0.000
75634.000,61.000,321448.000,69.000,7200.000,0.000,0.000,0.000,0.000
75644.000,62.000,321510.000,69.000,7200.000,0.000,0.000,0.000,0.000
75654.000,60.000,321570.000,69.000,7128.000,0.000,0.000,0.000,0.000
75664.000,62.000,321632.000,69.000,7200.000,0.000,0.000,0.000,0.000
75674.000,62.000,321694.000,69.000,7128.000,0.000,0.000,0.000,0.000
75684.000,61.000,321755.000,69.000,7128.000,0.000,0.000,0.000,0.000
75694.000,62.000,321817.000,69.000,7200.000,0.000,0.000,0.000,0.000
75704.000,61.000,321878.000,69.000,7128.000,0.000,0.000,0.000,0.000
75714.000,62.000,321940.000,69.000,7200.000,0.000,0.000,0.000,0.000
75724.000,61.000,322001.000,69.000,7128.000,0.000,0.000,0.000,0.000
75734.000,61.000,322062.000,69.000,7200.000,0.000,0.000,0.000,0.000
75744.000,62.000,322124.000,69.000,7200.000,0.000,0.000,0.000,0.000
75754.000,61.000,322185.000,69.000,7128.000,0.000,0.000,0.000,0.000
75764.000,61.000,322246.000,69.000,7200.000,0.000,0.000,0.000,0.000
75774.000,62.000,322308.000,69.000,7200.000,0.000,0.000,0.000,0.000
75784.000,61.000,322369.000,69.000,7128.000,0.000,0.000,0.000,0.000
75794.000,61.000,322430.000,69.000,7200.000,0.000,0.000,0.000,0.000
75804.000,62.000,322492.000,69.000,7200.000,0.000,0.000,0.000,0.000
75814.000,62.000,322554.000,69.000,7128.000,0.000,0.000,0.000,0.000
75824.000,62.000,322616.000,69.000,7128.000,0.000,0.000,0.000,0.000
75834.000,61.000,322677.000,69.000,7128.000,0.000,0.000,0.000,0.000
75844.000,61.000,322738.000,69.000,7200.000,0.000,0.000,0.000,0.000
75854.000,62.000,322800.000,69.000,7200.000,0.000,0.000,0.000,0.000
75864.000,61.000,322861.000,69.000,7128.000,0.000,0.000,0.000,0.000
75874.000,62.000,322923.000,69.000,7200.000,0.000,0.000,0.000,0.000
75884.000,61.000,322984.000,69.000,7128.000,0.000,0.000,0.000,0.000
75894.000,61.000,323045.000,69.000,7200.000,0.000,0.000,0.000,0.000
75904.000,61.000,323106.000,69.000,7200.000,0.000,0.000,0.000,0.000
75914.000,62.000,323168.000,69.000,7200.000,0.000,0.000,0.000,0.000
75924.000,61.000,323229.000,69.000,7128.000,0.000,0.000,0.000,0.000
75934.000,61.000,323290.000,69.000,7200.000,0.000,0.000,0.000,0.000
75944.000,62.000,323352.000,69.000,7200.000,0.000,0.000,0.000,0.000
75954.000,61.000,323413.000,69.000,7128.000,0.000,0.000,0.000,0.000
75964.000,61.000,323474.000,69.000,7200.000,0.000,0.000,0.000,0.000
75974.000,62.000,323536.000,69.000,7200.000,0.000,0.000,0.000,0.000
75984.000,61.000,323597.000,69.000,7128.000,0.000,0.000,0.000,0.000
75994.000,61.000,323658.000,69.000,7200.000,0.000,0.000,0.000,0.000
76004.000,62.000,323720.000,69.000,7200.000,0.000,0.000,0.000,0.000
76014.000,61.000,323781.000,69.000,7128.000,0.000,0.000,0.000,0.000
76024.000,61.000,323842.000,69.000,7200.000,0.000,0.000,0.000,0.000
76034.000,62.000,323904.000,69.000,7200.000,0.000,0.000,0.000,0.000
76044.000,61.000,323965.000,69.000,7128.000,0.000,0.000,0.000,0.000
76054.000,61.000,324026.000,69.000,7200.000,0.000,0.000,0.000,0.000
76064.000,62.000,324088.000,69.000,7200.000,0.000,0.000,0.000,0.000
76074.000,61.000,324149.000,69.000,7128.000,0.000,0.000,0.000,0.000
76084.000,61.000,324210.000,69.000,7200.000,0.000,0.000,0.000,0.000
76094.000,62.000,324272.000,69.000,7200.000,0.000,0.000,0.000,0.000
76104.000,61.000,324333.000,69.000,7128.000,0.000,0.000,0.000,0.000
76114.000,61.000,324394.000,69.000,7200.000,0.000,0.000,0.000,0.000
76124.000,62.000,324456.000,69.000,7200.000,0.000,0.000,0.000,0.000
76134.000,62.000,324518.000,69.000,7128.000,0.000,0.000,0.000,0.000
76144.000,61.000,324579.000,69.000,7128.000,0.000,0.000,0.000,0.000
76154.000,62.000,324641.000,69.000,7200.000,0.000,0.000,0.000,0.000
76164.000,61.000,324702.000,69.000,7128.000,0.000,0.000,0.000,0.000
76174.000,62.000,324764.000,69.000,7200.000,0.000,0.000,0.000,0.000
76184.000,61.000,324825.000,69.000,7128.000,0.000,0.000,0.000,0.000
76194.000,61.000,324886.000,69.000,7200.000,0.000,0.000,0.000,0.000
76204.000,62.000,324948.000,69.000,7200.000,0.000,0.000,0.000,0.000
76214.000,61.000,325009.000,69.000,7128.000,0.000,0.000,0.000,0.000
76224.000,61.000,325070.000,69.000,7200.000,0.000,0.000,0.000,0.000
76234.000,62.000,325132.000,69.000,7200.000,0.000,0.000,0.000,0.000
76244.000,61.000,325193.000,69.000,7128.000,0.000,0.000,0.000,0.000
76254.000,61.000,325254.000,69.000,7200.000,0.000,0.000,0.000,0.000
76264.000,62.000,325316.000,69.000,7200.000,0.000,0.000,0.000,0.000
76274.000,62.000,325378.000,69.000,7128.000,0.000,0.000,0.000,0.000
76284.000,61.000,325439.000,69.000,7128.000,0.000,0.000,0.000,0.000
76294.000,62.000,325501.000,69.000,7200.000,0.000,0.000,0.000,0.000
76304.000,61.000,325562.000,69.000,7128.000,0.000,0.000,0.000,0.000
76314.000,62.000,325624.000,69.000,7200.000,0.000,0.000,0.000,0.000
76324.000,61.000,325685.000,69.000,7128.000,0.000,0.000,0.000,0.000
76334.000,61.000,325746.000,69.000,7200.000,0.000,0.000,0.000,0.000
76344.000,62.000,325808.000,69.000,7200.000,0.000,0.000,0.000,0.000
76354.000,61.000,325869.000,69.000,7128.000,0.000,0.000,0.000,0.000
76364.000,61.000,325930.000,69.000,7200.000,0.000,0.000,0.000,0.000
76374.000,62.000,325992.000,69.000,7200.000,0.000,0.000,0.000,0.000
76384.000,61.000,326053.000,69.000,7128.000,0.000,0.000,0.000,0.000
76394.000,61.000,326114.000,69.000,7200.000,0.000,0.000,0.000,0.000
76404.000,62.000,326176.000,69.000,7200.000,0.000,0.000,0.000,0.000
76414.000,61.000,326237.000,69.000,7128.000,0.000,0.000,0.000,0.000
76424.000,61.000,326298.000,69.000,7200.000,0.000,0.000,0.000,0.000
76434.000,62.000,326360.000,69.000,7200.000,0.000,0.000,0.000,0.000
76444.000,61.000,326421.000,69.000,7128.000,0.000,0.000,0.000,0.000
76454.000,61.000,326482.000,69.000,7200.000,0.000,0.000,0.000,0.000
76464.000,62.000,326544.000,69.000,7200.000,0.000,0.000,0.000,0.000
76474.000,62.000,326606.000,69.000,7128.000,0.000,0.000,0.000,0.000
76484.000,61.000,326667.000,69.000,7128.000,0.000,0.000,0.000,0.000
76494.000,61.000,326728.000,69.000,7200.000,0.000,0.000,0.000,0.000
76504.000,62.000,326790.000,69.000,7200.000,0.000,0.000,0.000,0.000
76514.000,61.000,326851.000,69.000,7128.000,0.000,0.000,0.000,0.000
76524.000,62.000,326913.000,69.000,7200.000,0.000,0.000,0.000,0.000
76534.000,61.000,326974.000,69.000,7128.000,0.000,0.000,0.000,0.000
76544.000,62.000,327036.000,69.000,7200.000,0.000,0.000,0.000,0.000
76554.000,61.000,327097.000,69.000,7128.000,0.000,0.000,0.000,0.000
76564.000,61.000,327158.000,69.000,7200.000,0.000,0.000,0.000,0.000
76574.000,62.000,327220.000,69.000,7200.000,0.000,0.000,0.000,0.000
76584.000,61.000,327281.000,69.000,7128.000,0.000,0.000,0.000,0.000
76594.000,63.000,327344.000,69.000,7200.000,0.000,0.000,0.000,0.000
76604.000,61.000,327405.000,69.000,7128.000,0.000,0.000,0.000,0.000
76614.000,61.000,327466.000,69.000,7200.000,0.000,0.000,0.000,0.000
76624.000,62.000,327528.000,69.000,7200.000,0.000,0.000,0.000,0.000
76634.000,61.000,327589.000,69.000,7128.000,0.000,0.000,0.000,0.000
76644.000,61.000,327650.000,69.000,7200.000,0.000,0.000,0.000,0.000
76654.000,62.000,327712.000,69.000,7200.000,0.000,0.000,0.000,0.000
76664.000,61.000,327773.000,69.000,7128.000,0.000,0.000,0.000,0.000
76674.000,61.000,327834.000,69.000,7200.000,0.000,0.000,0.000,0.000
76684.000,62.000,327896.000,69.000,7200.000,0.000,0.000,0.000,0.000
76694.000,61.000,327957.000,69.000,7128.000,0.000,0.000,0.000,0.000
76704.000,61.000,328018.000,69.000,7200.000,0.000,0.000,0.000,0.000
76714.000,62.000,328080.000,69.000,7200.000,0.000,0.000,0.000,0.000
76724.000,61.000,328141.000,69.000,7128.000,0.000,0.000,0.000,0.000
76734.000,61.000,328202.000,69.000,7200.000,0.000,0.000,0.000,0.000
76744.000,62.000,328264.000,69.000,7200.000,0.000,0.000,0.000,0.000
76754.000,61.000,328325.000,69.000,7128.000,0.000,0.000,0.000,0.000
76764.000,61.000,328386.000,69.000,7200.000,0.000,0.000,0.000,0.000
76774.000,62.000,328448.000,69.000,7200.000,0.000,0.000,0.000,0.000
76784.000,61.000,328509.000,69.000,7128.000,0.000,0.000,0.000,0.000
76794.000,61.000,328570.000,69.000,7200.000,0.000,0.000,0.000,0.000
76804.000,62.000,328632.000,69.000,7200.000,0.000,0.000,0.000,0.000
76814.000,61.000,328693.000,69.000,7128.000,0.000,0.000,0.000,0.000
76824.000,61.000,328754.000,69.000,7200.000,0.000,0.000,0.000,0.000
76834.000,62.000,328816.000,69.000,7200.000,0.000,0.000,0.000,0.000
76844.000,61.000,328877.000,69.000,7128.000,0.000,0.000,0.000,0.000
76854.000,61.000,328938.000,69.000,7200.000,0.000,0.000,0.000,0.000
76864.000,62.000,329000.000,69.000,7200.000,0.000,0.000,0.000,0.000
76874.000,61.000,329061.000,69.000,7128.000,0.000,0.000,0.000,0.000
76884.000,62.000,329123.000,69.000,7200.000,0.000,0.000,0.000,0.000
76894.000,61.000,329184.000,69.000,7128.000,0.000,0.000,0.000,0.000
76904.000,62.000,329246.000,69.000,7200.000,0.000,0.000,0.000,0.000
76914.000,62.000,329308.000,69.000,7128.000,0.000,0.000,0.000,0.000
76924.000,61.000,329369.000,69.000,7128.000,0.000,0.000,0.000,0.000
76934.000,61.000,329430.000,69.000,7200.000,0.000,0.000,0.000,0.000
76944.000,62.000,329492.000,69.000,7200.000,0.000,0.000,0.000,0.000
76954.000,61.000,329553.000,69.000,7128.000,0.000,0.000,0.000,0.000
76964.000,61.000,329614.000,69.000,7200.000,0.000,0.000,0.000,0.000
76974.000,62.000,329676.000,69.000,7200.000,0.000,0.000,0.000,0.000
76984.000,61.000,329737.000,69.000,7128.000,0.000,0.000,0.000,0.000
76994.000,61.000,329798.000,69.000,7200.000,0.000,0.000,0.000,0.000
77004.000,62.000,329860.000,69.000,7200.000,0.000,0.000,0.000,0.000
77014.000,62.000,329922.000,69.000,7128.000,0.000,0.000,0.000,0.000
77024.000,62.000,329984.000,69.000,7128.000,0.000,0.000,0.000,0.000
77034.000,61.000,330045.000,69.000,7128.000,0.000,0.000,0.000,0.000
77044.000,61.000,330106.000,69.000,7200.000,0.000,0.000,0.000,0.000
77054.000,62.000,330168.000,69.000,7200.000,0.000,0.000,0.000,0.000
77064.000,62.000,330230.000,69.000,7128.000,0.000,0.000,0.000,0.000
77074.000,61.000,330291.000,69.000,7128.000,0.000,0.000,0.000,0.000
77084.000,61.000,330352.000,69.000,7200.000,0.000,0.000,0.000,0.000
77094.000,62.000,330414.000,69.000,7200.000,0.000,0.000,0.000,0.000
77104.000,62.000,330476.000,69.000,7128.000,0.000,0.000,0.000,0.000
77114.000,61.000,330537.000,69.000,7128.000,0.000,0.000,0.000,0.000
77124.000,61.000,330598.000,69.000,7200.000,0.000,0.000,0.000,0.000
77134.000,62.000,330660.000,69.000,7200.000,0.000,0.000,0.000,0.000
77144.000,61.000,330721.000,69.000,7128.000,0.000,0.000,0.000,0.000
77154.000,61.000,330782.000,69.000,7200.000,0.000,0.000,0.000,0.000
77164.000,62.000,330844.000,69.000,7200.000,0.000,0.000,0.000,0.000
77174.000,61.000,330905.000,69.000,7128.000,0.000,0.000,0.000,0.000
77184.000,61.000,330966.000,69.000,7200.000,0.000,0.000,0.000,0.000
77194.000,62.000,331028.000,69.000,7200.000,0.000,0.000,0.000,0.000
77204.000,62.000,331090.000,69.000,7128.000,0.000,0.000,0.000,0.000
77214.000,61.000,331151.000,69.000,7128.000,0.000,0.000,0.000,0.000
77224.000,61.000,331212.000,69.000,7200.000,0.000,0.000,0.000,0.000
77234.000,62.000,331274.000,69.000,7200.000,0.000,0.000,0.000,0.000
77244.000,62.000,331336.000,69.000,7128.000,0.000,0.000,0.000,0.000
77254.000,61.000,331397.000,69.000,7128.000,0.000,0.000,0.000,0.000
77264.000,61.000,331458.000,69.000,7200.000,0.000,0.000,0.000,0.000
77274.000,62.000,331520.000,69.000,7200.000,0.000,0.000,0.000,0.000
77284.000,61.000,331581.000,69.000,7128.000,0.000,0.000,0.000,0.000
77294.000,61.000,331642.000,69.000,7200.000,0.000,0.000,0.000,0.000
77304.000,63.000,331705.000,69.000,7200.000,0.000,0.000,0.000,0.000
77314.000,61.000,331766.000,69.000,7128.000,0.000,0.000,0.000,0.000
77324.000,62.000,331828.000,69.000,7200.000,0.000,0.000,0.000,0.000
77334.000,61.000,331889.000,69.000,7128.000,0.000,0.000,0.000,0.000
77344.000,62.000,331951.000,69.000,7200.000,0.000,0.000,0.000,0.000
77354.000,61.000,332012.000,69.000,7128.000,0.000,0.000,0.000,0.000
77364.000,62.000,332074.000,69.000,7200.000,0.000,0.000,0.000,0.000
77374.000,62.000,332136.000,69.000,7128.000,0.000,0.000,0.000,0.000
77384.000,61.000,332197.000,69.000,7128.000,0.000,0.000,0.000,0.000
77394.000,61.000,332258.000,69.000,7200.000,0.000,0.000,0.000,0.000
77404.000,62.000,332320.000,69.000,7200.000,0.000,0.000,0.000,0.000
77414.000,61.000,332381.000,69.000,7128.000,0.000,0.000,0.000,0.000
77424.000,62.000,332443.000,69.000,7200.000,0.000,0.000,0.000,0.000
77434.000,61.000,332504.000,69.000,7128.000,0.000,0.000,0.000,0.000
77444.000,62.000,332566.000,69.000,7200.000,0.000,0.000,0.000,0.000
77454.000,62.000,332628.000,69.000,7128.000,0.000,0.000,0.000,0.000
77464.000,61.000,332689.000,69.000,7128.000,0.000,0.000,0.000,0.000
77474.000,61.000,332750.000,69.000,7200.000,0.000,0.000,0.000,0.000
77484.000,62.000,332812.000,69.000,7200.000,0.000,0.000,0.000,0.000
77494.000,61.000,332873.000,69.000,7128.000,0.000,0.000,0.000,0.000
77504.000,61.000,332934.000,69.000,7200.000,0.000,0.000,0.000,0.000
77514.000,62.000,332996.000,69.000,7200.000,0.000,0.000,0.000,0.000
77524.000,62.000,333058.000,69.000,7128.000,0.000,0.000,0.000,0.000
77534.000,61.000,333119.000,69.000,7128.000,0.000,0.000,0.000,0.000
77544.000,61.000,333180.000,69.000,7200.000,0.000,0.000,0.000,0.000
77554.000,62.000,333242.000,69.000,7200.000,0.000,0.000,0.000,0.000
77564.000,62.000,333304.000,69.000,7128.000,0.000,0.000,0.000,0.000
77574.000,61.000,333365.000,69.000,7128.000,0.000,0.000,0.000,0.000
77584.000,61.000,333426.000,69.000,7200.000,0.000,0.000,0.000,0.000
77594.000,62.000,333488.000,69.000,7200.000,0.000,0.000,0.000,0.000
77604.000,61.000,333549.000,69.000,7128.000,0.000,0.000,0.000,0.000
77614.000,61.000,333610.000,69.000,7200.000,0.000,0.000,0.000,0.000
77624.000,62.000,333672.000,69.000,7200.000,0.000,0.000,0.000,0.000
77634.000,61.000,333733.000,69.000,7128.000,0.000,0.000,0.000,0.000
77644.000,61.000,333794.000,69.000,7200.000,0.000,0.000,0.000,0.000
77654.000,62.000,333856.000,69.000,7200.000,0.000,0.000,0.000,0.000
77664.000,61.000,333917.000,69.000,7128.000,0.000,0.000,0.000,0.000
77674.000,61.000,333978.000,69.000,7200.000,0.000,0.000,0.000,0.000
77684.000,62.000,334040.000,69.000,7200.000,0.000,0.000,0.000,0.000
77694.000,61.000,334101.000,69.000,7128.000,0.000,0.000,0.000,0.000
77704.000,63.000,334164.000,69.000,7200.000,0.000,0.000,0.000,0.000
77714.000,60.000,334224.000,69.000,7128.000,0.000,0.000,0.000,0.000
77724.000,62.000,334286.000,69.000,7200.000,0.000,0.000,0.000,0.000
77734.000,62.000,334348.000,69.000,7128.000,0.000,0.000,0.000,0.000
77744.000,61.000,334409.000,69.000,7128.000,0.000,0.000,0.000,0.000
77754.000,61.000,334470.000,69.000,7200.000,0.000,0.000,0.000,0.000
77764.000,62.000,334532.000,69.000,7200.000,0.000,0.000,0.000,0.000
77774.000,62.000,334594.000,69.000,7128.000,0.000,0.000,0.000,0.000
77784.000,61.000,334655.000,69.000,7128.000,0.000,0.000,0.000,0.000
77794.000,62.000,334717.000,69.000,7200.000,0.000,0.000,0.000,0.000
77804.000,61.000,334778.000,69.000,7128.000,0.000,0.000,0.000,0.000
77814.000,62.000,334840.000,69.000,7200.000,0.000,0.000,0.000,0.000
77824.000,61.000,334901.000,69.000,7128.000,0.000,0.000,0.000,0.000
77834.000,61.000,334962.000,69.000,7200.000,0.000,0.000,0.000,0.000
77844.000,62.000,335024.000,69.000,7200.000,0.000,0.000,0.000,0.000
77854.000,62.000,335086.000,69.000,7128.000,0.000,0.000,0.000,0.000
77864.000,61.000,335147.000,69.000,7128.000,0.000,0.000,0.000,0.000
77874.000,62.000,335209.000,69.000,7200.000,0.000,0.000,0.000,0.000
77884.000,61.000,335270.000,69.000,7128.000,0.000,0.000,0.000,0.000
77894.000,62.000,335332.000,69.000,7200.000,0.000,0.000,0.000,0.000
77904.000,61.000,335393.000,69.000,7128.000,0.000,0.000,0.000,0.000
77914.000,61.000,335454.000,69.000,7200.000,0.000,0.000,0.000,0.000
77924.000,62.000,335516.000,69.000,7200.000,0.000,0.000,0.000,0.000
77934.000,61.000,335577.000,69.000,7128.000,0.000,0.000,0.000,0.000
77944.000,61.000,335638.000,69.000,7200.000,0.000,0.000,0.000,0.000
77954.000,62.000,335700.000,69.000,7200.000,0.000,0.000,0.000,0.000
77964.000,61.000,335761.000,69.000,7128.000,0.000,0.000,0.000,0.000
77974.000,61.000,335822.000,69.000,7200.000,0.000,0.000,0.000,0.000
77984.000,62.000,335884.000,69.000,7200.000,0.000,0.000,0.000,0.000
77994.000,61.000,335945.000,69.000,7128.000,0.000,0.000,0.000,0.000
78004.000,61.000,336006.000,69.000,7200.000,0.000,0.000,0.000,0.000
78014.000,62.000,336068.000,69.000,7200.000,0.000,0.000,0.000,0.000
78024.000,62.000,336130.000,69.000,7128.000,0.000,0.000,0.000,0.000
78034.000,61.000,336191.000,69.000,7128.000,0.000,0.000,0.000,0.000
78044.000,61.000,336252.000,69.000,7200.000,0.000,0.000,0.000,0.000
78054.000,62.000,336314.000,69.000,7200.000,0.000,0.000,0.000,0.000
78064.000,62.000,336376.000,69.000,7128.000,0.000,0.000,0.000,0.000
78074.000,61.000,336437.000,69.000,7128.000,0.000,0.000,0.000,0.000
78084.000,61.000,336498.000,69.000,7200.000,0.000,0.000,0.000,0.000
78094.000,62.000,336560.000,69.000,7200.000,0.000,0.000,0.000,0.000
78104.000,61.000,336621.000,69.000,7128.000,0.000,0.000,0.000,0.000
78114.000,61.000,336682.000,69.000,7200.000,0.000,0.000,0.000,0.000
78124.000,63.000,336745.000,69.000,7200.000,0.000,0.000,0.000,0.000
78134.000,61.000,336806.000,69.000,7128.000,0.000,0.000,0.000,0.000
78144.000,61.000,336867.000,69.000,7200.000,0.000,0.000,0.000,0.000
78154.000,62.000,336929.000,69.000,7200.000,0.000,0.000,0.000,0.000
78164.000,61.000,336990.000,69.000,7128.000,0.000,0.000,0.000,0.000
78174.000,62.000,337052.000,69.000,7200.000,0.000,0.000,0.000,0.000
78184.000,61.000,337113.000,69.000,7128.000,0.000,0.000,0.000,0.000
78194.000,62.000,337175.000,69.000,7200.000,0.000,0.000,0.000,0.000
78204.000,61.000,337236.000,69.000,7128.000,0.000,0.000,0.000,0.000
78214.000,62.000,337298.000,69.000,7200.000,0.000,0.000,0.000,0.000
78224.000,61.000,337359.000,69.000,7128.000,0.000,0.000,0.000,0.000
78234.000,62.000,337421.000,69.000,7200.000,0.000,0.000,0.000,0.000
78244.000,61.000,337482.000,69.000,7128.000,0.000,0.000,0.000,0.000
78254.000,62.000,337544.000,69.000,7200.000,0.000,0.000,0.000,0.000
78264.000,61.000,337605.000,69.000,7128.000,0.000,0.000,0.000,0.000
78274.000,61.000,337666.000,69.000,7200.000,0.000,0.000,0.000,0.000
78284.000,62.000,337728.000,69.000,7200.000,0.000,0.000,0.000,0.000
78294.000,61.000,337789.000,69.000,7128.000,0.000,0.000,0.000,0.000
78304.000,61.000,337850.000,69.000,7200.000,0.000,0.000,0.000,0.000
78314.000,62.000,337912.000,69.000,7200.000,0.000,0.000,0.000,0.000
78324.000,61.000,337973.000,69.000,7128.000,0.000,0.000,0.000,0.000
78334.000,61.000,338034.000,69.000,7200.000,0.000,0.000,0.000,0.000
78344.000,62.000,338096.000,69.000,7200.000,0.000,0.000,0.000,0.000
78354.000,61.000,338157.000,69.000,7128.000,0.000,0.000,0.000,0.000
78364.000,61.000,338218.000,69.000,7200.000,0.000,0.000,0.000,0.000
78374.000,62.000,338280.000,69.000,7200.000,0.000,0.000,0.000,0.000
78384.000,61.000,338341.000,69.000,7128.000,0.000,0.000,0.000,0.000
78394.000,61.000,338402.000,69.000,7200.000,0.000,0.000,0.000,0.000
78404.000,62.000,338464.000,69.000,7200.000,0.000,0.000,0.000,0.000
78414.000,61.000,338525.000,69.000,7128.000,0.000,0.000,0.000,0.000
78424.000,61.000,338586.000,69.000,7200.000,0.000,0.000,0.000,0.000
78434.000,62.000,338648.000,69.000,7200.000,0.000,0.000,0.000,0.000
78444.000,61.000,338709.000,69.000,7128.000,0.000,0.000,0.000,0.000
78454.000,62.000,338771.000,69.000,7200.000,0.000,0.000,0.000,0.000
78464.000,61.000,338832.000,69.000,7128.000,0.000,0.000,0.000,0.000
78474.000,62.000,338894.000,69.000,7200.000,0.000,0.000,0.000,0.000
78484.000,62.000,338956.000,69.000,7128.000,0.000,0.000,0.000,0.000
78494.000,61.000,339017.000,69.000,7128.000,0.000,0.000,0.000,0.000
78504.000,61.000,339078.000,69.000,7200.000,0.000,0.000,0.000,0.000
78514.000,62.000,339140.000,69.000,7200.000,0.000,0.000,0.000,0.000
78524.000,62.000,339202.000,69.000,7128.000,0.000,0.000,0.000,0.000
78534.000,62.000,339264.000,69.000,7128.000,0.000,0.000,0.000,0.000
78544.000,61.000,339325.000,69.000,7128.000,0.000,0.000,0.000,0.000
78554.000,62.000,339387.000,69.000,7200.000,0.000,0.000,0.000,0.000
78564.000,61.000,339448.000,69.000,7128.000,0.000,0.000,0.000,0.000
78574.000,62.000,339510.000,69.000,7200.000,0.000,0.000,0.000,0.000
78584.000,62.000,339572.000,69.000,7128.000,0.000,0.000,0.000,0.000
78594.000,61.000,339633.000,69.000,7128.000,0.000,0.000,0.000,0.000
78604.000,62.000,339695.000,69.000,7200.000,0.000,0.000,0.000,0.000
78614.000,62.000,339757.000,69.000,7128.000,0.000,0.000,0.000,0.000
78624.000,61.000,339818.000,69.000,7128.000,0.000,0.000,0.000,0.000
78634.000,62.000,339880.000,69.000,7200.000,0.000,0.000,0.000,0.000
78644.000,61.000,339941.000,69.000,7128.000,0.000,0.000,0.000,0.000
78654.000,62.000,340003.000,69.000,7200.000,0.000,0.000,0.000,0.000
78664.000,61.000,340064.000,69.000,7128.000,0.000,0.000,0.000,0.000
78674.000,62.000,340126.000,69.000,7200.000,0.000,0.000,0.000,0.000
78684.000,61.000,340187.000,69.000,7128.000,0.000,0.000,0.000,0.000
78694.000,62.000,340249.000,69.000,7200.000,0.000,0.000,0.000,0.000
78704.000,61.000,340310.000,69.000,7128.000,0.000,0.000,0.000,0.000
78714.000,62.000,340372.000,69.000,7200.000,0.000,0.000,0.000,0.000
78724.000,61.000,340433.000,69.000,7128.000,0.000,0.000,0.000,0.000
78734.000,61.000,340494.000,69.000,7200.000,0.000,0.000,0.000,0.000
78744.000,62.000,340556.000,69.000,7200.000,0.000,0.000,0.000,0.000
78754.000,62.000,340618.000,69.000,7128.000,0.000,0.000,0.000,0.000
78764.000,61.000,340679.000,69.000,7128.000,0.000,0.000,0.000,0.000
78774.000,62.000,340741.000,69.000,7200.000,0.000,0.000,0.000,0.000
78784.000,61.000,340802.000,69.000,7128.000,0.000,0.000,0.000,0.000
78794.000,62.000,340864.000,69.000,7200.000,0.000,0.000,0.000,0.000
78804.000,61.000,340925.000,69.000,7128.000,0.000,0.000,0.000,0.000
78814.000,61.000,340986.000,69.000,7200.000,0.000,0.000,0.000,0.000
78824.000,62.000,341048.000,69.000,7200.000,0.000,0.000,0.000,0.000
78834.000,61.000,341109.000,69.000,7128.000,0.000,0.000,0.000,0.000
78844.000,62.000,341171.000,69.000,7200.000,0.000,0.000,0.000,0.000
78854.000,61.000,341232.000,69.000,7128.000,0.000,0.000,0.000,0.000
78864.000,62.000,341294.000,69.000,7200.000,0.000,0.000,0.000,0.000
78874.000,62.000,341356.000,69.000,7128.000,0.000,0.000,0.000,0.000
78884.000,61.000,341417.000,69.000,7128.000,0.000,0.000,0.000,0.000
78894.000,62.000,341479.000,69.000,7200.000,0.000,0.000,0.000,0.000
78904.000,62.000,341541.000,69.000,7128.000,0.000,0.000,0.000,0.000
78914.000,61.000,341602.000,69.000,7128.000,0.000,0.000,0.000,0.000
78924.000,62.000,341664.000,69.000,7200.000,0.000,0.000,0.000,0.000
78934.000,62.000,341726.000,69.000,7128.000,0.000,0.000,0.000,0.000
78944.000,61.000,341787.000,69.000,7128.000,0.000,0.000,0.000,0.000
78954.000,62.000,341849.000,69.000,7200.000,0.000,0.000,0.000,0.000
78964.000,61.000,341910.000,69.000,7128.000,0.000,0.000,0.000,0.000
78974.000,62.000,341972.000,69.000,7200.000,0.000,0.000,0.000,0.000
78984.000,61.000,342033.000,69.000,7128.000,0.000,0.000,0.000,0.000
78994.000,61.000,342094.000,69.000,7200.000,0.000,0.000,0.000,0.000
79004.000,62.000,342156.000,69.000,7200.000,0.000,0.000,0.000,0.000
79014.000,62.000,342218.000,69.000,7128.000,0.000,0.000,0.000,0.000
79024.000,62.000,342280.000,69.000,7128.000,0.000,0.000,0.000,0.000
79034.000,61.000,342341.000,69.000,7128.000,0.000,0.000,0.000,0.000
79044.000,61.000,342402.000,69.000,7200.000,0.000,0.000,0.000,0.000
79054.000,62.000,342464.000,69.000,7200.000,0.000,0.000,0.000,0.000
79064.000,61.000,342525.000,69.000,7128.000,0.000,0.000,0.000,0.000
79074.000,61.000,342586.000,69.000,7200.000,0.000,0.000,0.000,0.000
79084.000,63.000,342649.000,69.000,7200.000,0.000,0.000,0.000,0.000
79094.000,61.000,342710.000,69.000,7128.000,0.000,0.000,0.000,0.000
79104.000,62.000,342772.000,69.000,7200.000,0.000,0.000,0.000,0.000
79114.000,61.000,342833.000,69.000,7128.000,0.000,0.000,0.000,0.000
79124.000,61.000,342894.000,69.000,7200.000,0.000,0.000,0.000,0.000
79134.000,62.000,342956.000,69.000,7200.000,0.000,0.000,0.000,0.000
79144.000,61.000,343017.000,69.000,7128.000,0.000,0.000,0.000,0.000
79154.000,61.000,343078.000,69.000,7200.000,0.000,0.000,0.000,0.000
79164.000,62.000,343140.000,69.000,7200.000,0.000,0.000,0.000,0.000
79174.000,61.000,343201.000,69.000,7128.000,0.000,0.000,0.000,0.000
79184.000,62.000,343263.000,69.000,7200.000,0.000,0.000,0.000,0.000
79194.000,62.000,343325.000,69.000,7128.000,0.000,0.000,0.000,0.000
79204.000,61.000,343386.000,69.000,7128.000,0.000,0.000,0.000,0.000
79214.000,62.000,343448.000,69.000,7200.000,0.000,0.000,0.000,0.000
79224.000,61.000,343509.000,69.000,7128.000,0.000,0.000,0.000,0.000
79234.000,61.000,343570.000,69.000,7200.000,0.000,0.000,0.000,0.000
79244.000,62.000,343632.000,69.000,7200.000,0.000,0.000,0.000,0.000
79254.000,62.000,343694.000,69.000,7128.000,0.000,0.000,0.000,0.000
79264.000,62.000,343756.000,69.000,7128.000,0.000,0.000,0.000,0.000
79274.000,61.000,343817.000,69.000,7128.000,0.000,0.000,0.000,0.000
79284.000,61.000,343878.000,69.000,7200.000,0.000,0.000,0.000,0.000
79294.000,62.000,343940.000,69.000,7200.000,0.000,0.000,0.000,0.000
79304.000,62.000,344002.000,69.000,7128.000,0.000,0.000,0.000,0.000
79314.000,61.000,344063.000,69.000,7128.000,0.000,0.000,0.000,0.000
79324.000,62.000,344125.000,69.000,7200.000,0.000,0.000,0.000,0.000
79334.000,62.000,344187.000,69.000,7128.000,0.000,0.000,0.000,0.000
79344.000,61.000,344248.000,69.000,7128.000,0.000,0.000,0.000,0.000
79354.000,62.000,344310.000,69.000,7200.000,0.000,0.000,0.000,0.000
79364.000,62.000,344372.000,69.000,7128.000,0.000,0.000,0.000,0.000
79374.000,61.000,344433.000,69.000,7128.000,0.000,0.000,0.000,0.000
79384.000,61.000,344494.000,69.000,7200.000,0.000,0.000,0.000,0.000
79394.000,62.000,344556.000,69.000,7200.000,0.000,0.000,0.000,0.000
79404.000,61.000,344617.000,69.000,7128.000,0.000,0.000,0.000,0.000
79414.000,61.000,344678.000,69.000,7200.000,0.000,0.000,0.000,0.000
79424.000,62.000,344740.000,69.000,7200.000,0.000,0.000,0.000,0.000
79434.000,61.000,344801.000,69.000,7128.000,0.000,0.000,0.000,0.000
79444.000,62.000,344863.000,69.000,7200.000,0.000,0.000,0.000,0.000
79454.000,61.000,344924.000,69.000,7128.000,0.000,0.000,0.000,0.000
79464.000,62.000,344986.000,69.000,7200.000,0.000,0.000,0.000,0.000
79474.000,61.000,345047.000,69.000,7128.000,0.000,0.000,0.000,0.000
79484.000,62.000,345109.000,69.000,7200.000,0.000,0.000,0.000,0.000
79494.000,61.000,345170.000,69.000,7128.000,0.000,0.000,0.000,0.000
79504.000,62.000,345232.000,69.000,7200.000,0.000,0.000,0.000,0.000
79514.000,61.000,345293.000,69.000,7128.000,0.000,0.000,0.000,0.000
79524.000,61.000,345354.000,69.000,7200.000,0.000,0.000,0.000,0.000
79534.000,62.000,345416.000,69.000,7200.000,0.000,0.000,0.000,0.000
79544.000,61.000,345477.000,69.000,7128.000,0.000,0.000,0.000,0.000
79554.000,61.000,345538.000,69.000,7200.000,0.000,0.000,0.000,0.000
79564.000,62.000,345600.000,69.000,7200.000,0.000,0.000,0.000,0.000
79574.000,62.000,345662.000,69.000,7128.000,0.000,0.000,0.000,0.000
79584.000,61.000,345723.000,69.000,7128.000,0.000,0.000,0.000,0.000
79594.000,61.000,345784.000,69.000,7200.000,0.000,0.000,0.000,0.000
79604.000,62.000,345846.000,69.000,7200.000,0.000,0.000,0.000,0.000
79614.000,62.000,345908.000,69.000,7128.000,0.000,0.000,0.000,0.000
79624.000,61.000,345969.000,69.000,7128.000,0.000,0.000,0.000,0.000
79634.000,62.000,346031.000,69.000,7200.000,0.000,0.000,0.000,0.000
79644.000,61.000,346092.000,69.000,7128.000,0.000,0.000,0.000,0.000
79654.000,62.000,346154.000,69.000,7200.000,0.000,0.000,0.000,0.000
79664.000,62.000,346216.000,69.000,7128.000,0.000,0.000,0.000,0.000
79674.000,61.000,346277.000,69.000,7128.000,0.000,0.000,0.000,0.000
79684.000,61.000,346338.000,69.000,7200.000,0.000,0.000,0.000,0.000
79694.000,62.000,346400.000,69.000,7200.000,0.000,0.000,0.000,0.000
79704.000,62.000,346462.000,69.000,7128.000,0.000,0.000,0.000,0.000
79714.000,61.000,346523.000,69.000,7128.000,0.000,0.000,0.000,0.000
79724.000,62.000,346585.000,69.000,7200.000,0.000,0.000,0.000,0.000
79734.000,61.000,346646.000,69.000,7128.000,0.000,0.000,0.000,0.000
79744.000,62.000,346708.000,69.000,7200.000,0.000,0.000,0.000,0.000
79754.000,61.000,346769.000,69.000,7128.000,0.000,0.000,0.000,0.000
79764.000,61.000,346830.000,69.000,7200.000,0.000,0.000,0.000,0.000
79774.000,62.000,346892.000,69.000,7200.000,0.000,0.000,0.000,0.000
79784.000,62.000,346954.000,69.000,7128.000,0.000,0.000,0.000,0.000
79794.000,62.000,347016.000,69.000,7128.000,0.000,0.000,0.000,0.000
79804.000,61.000,347077.000,69.000,7128.000,0.000,0.000,0.000,0.000
79814.000,61.000,347138.000,69.000,7200.000,0.000,0.000,0.000,0.000
79824.000,62.000,347200.000,69.000,7200.000,0.000,0.000,0.000,0.000
79834.000,61.000,347261.000,69.000,7128.000,0.000,0.000,0.000,0.000
79844.000,61.000,347322.000,69.000,7200.000,0.000,0.000,0.000,0.000
79854.000,62.000,347384.000,69.000,7200.000,0.000,0.000,0.000,0.000
79864.000,61.000,347445.000,69.000,7128.000,0.000,0.000,0.000,0.000
79874.000,61.000,347506.000,69.000,7200.000,0.000,0.000,0.000,0.000
79884.000,62.000,347568.000,69.000,7200.000,0.000,0.000,0.000,0.000
79894.000,61.000,347629.000,69.000,7128.000,0.000,0.000,0.000,0.000
79904.000,61.000,347690.000,69.000,7200.000,0.000,0.000,0.000,0.000
79914.000,62.000,347752.000,69.000,7200.000,0.000,0.000,0.000,0.000
79924.000,61.000,347813.000,69.000,7128.000,0.000,0.000,0.000,0.000
79934.000,61.000,347874.000,69.000,7200.000,0.000,0.000,0.000,0.000
79944.000,62.000,347936.000,69.000,7200.000,0.000,0.000,0.000,0.000
79954.000,62.000,347998.000,69.000,7128.000,0.000,0.000,0.000,0.000
79964.000,60.000,348058.000,69.000,7128.000,0.000,0.000,0.000,0.000
79974.000,63.000,348121.000,69.000,7200.000,0.000,0.000,0.000,0.000
79984.000,61.000,348182.000,69.000,7128.000,0.000,0.000,0.000,0.000
79994.000,61.000,348243.000,69.000,7200.000,0.000,0.000,0.000,0.000
80004.000,62.000,348305.000,69.000,7200.000,0.000,0.000,0.000,0.000
80014.000,61.000,348366.000,69.000,7128.000,0.000,0.000,0.000,0.000
80024.000,62.000,348428.000,69.000,7200.000,0.000,0.000,0.000,0.000
80034.000,61.000,348489.000,69.000,7128.000,0.000,0.000,0.000,0.000
80044.000,61.000,348550.000,69.000,7200.000,0.000,0.000,0.000,0.000
80054.000,62.000,348612.000,69.000,7200.000,0.000,0.000,0.000,0.000
80064.000,62.000,348674.000,69.000,7128.000,0.000,0.000,0.000,0.000
80074.000,62.000,348736.000,69.000,7128.000,0.000,0.000,0.000,0.000
80084.000,61.000,348797.000,69.000,7128.000,0.000,0.000,0.000,0.000
80094.000,61.000,348858.000,69.000,7200.000,0.000,0.000,0.000,0.000
80104.000,62.000,348920.000,69.000,7200.000,0.000,0.000,0.000,0.000
80114.000,62.000,348982.000,69.000,7128.000,0.000,0.000,0.000,0.000
80124.000,62.000,349044.000,69.000,7128.000,0.000,0.000,0.000,0.000
80134.000,61.000,349105.000,69.000,7128.000,0.000,0.000,0.000,0.000
80144.000,61.000,349166.000,69.000,7200.000,0.000,0.000,0.000,0.000
80154.000,62.000,349228.000,69.000,7200.000,0.000,0.000,0.000,0.000
80164.000,61.000,349289.000,69.000,7128.000,0.000,0.000,0.000,0.000
80174.000,61.000,349350.000,69.000,7200.000,0.000,0.000,0.000,0.000
80184.000,62.000,349412.000,69.000,7200.000,0.000,0.000,0.000,0.000
80194.000,61.000,349473.000,69.000,7128.000,0.000,0.000,0.000,0.000
80204.000,61.000,349534.000,69.000,7200.000,0.000,0.000,0.000,0.000
80214.000,62.000,349596.000,69.000,7200.000,0.000,0.000,0.000,0.000
80224.000,61.000,349657.000,69.000,7128.000,0.000,0.000,0.000,0.000
80234.000,61.000,349718.000,69.000,7200.000,0.000,0.000,0.000,0.000
80244.000,62.000,349780.000,69.000,7200.000,0.000,0.000,0.000,0.000
80254.000,61.000,349841.000,69.000,7128.000,0.000,0.000,0.000,0.000
80264.000,61.000,349902.000,69.000,7200.000,0.000,0.000,0.000,0.000
80274.000,62.000,349964.000,69.000,7200.000,0.000,0.000,0.000,0.000
80284.000,61.000,350025.000,69.000,7128.000,0.000,0.000,0.000,0.000
80294.000,61.000,350086.000,69.000,7200.000,0.000,0.000,0.000,0.000
80304.000,62.000,350148.000,69.000,7200.000,0.000,0.000,0.000,0.000
80314.000,61.000,350209.000,69.000,7128.000,0.000,0.000,0.000,0.000
80324.000,61.000,350270.000,69.000,7200.000,0.000,0.000,0.000,0.000
80334.000,62.000,350332.000,69.000,7200.000,0.000,0.000,0.000,0.000
80344.000,61.000,350393.000,69.000,7128.000,0.000,0.000,0.000,0.000
80354.000,61.000,350454.000,69.000,7200.000,0.000,0.000,0.000,0.000
80364.000,62.000,350516.000,69.000,7200.000,0.000,0.000,0.000,0.000
80374.000,62.000,350578.000,69.000,7128.000,0.000,0.000,0.000,0.000
80384.000,61.000,350639.000,69.000,7128.000,0.000,0.000,0.000,0.000
80394.000,61.000,350700.000,69.000,7200.000,0.000,0.000,0.000,0.000
80404.000,62.000,350762.000,69.000,7200.000,0.000,0.000,0.000,0.000
80414.000,62.000,350824.000,69.000,7128.000,0.000,0.000,0.000,0.000
80424.000,61.000,350885.000,69.000,7128.000,0.000,0.000,0.000,0.000
80434.000,61.000,350946.000,69.000,7200.000,0.000,0.000,0.000,0.000
80444.000,62.000,351008.000,69.000,7200.000,0.000,0.000,0.000,0.000
80454.000,61.000,351069.000,69.000,7128.000,0.000,0.000,0.000,0.000
80464.000,61.000,351130.000,69.000,7200.000,0.000,0.000,0.000,0.000
80474.000,62.000,351192.000,69.000,7200.000,0.000,0.000,0.000,0.000
80484.000,62.000,351254.000,69.000,7128.000,0.000,0.000,0.000,0.000
80494.000,61.000,351315.000,69.000,7128.000,0.000,0.000,0.000,0.000
80504.000,62.000,351377.000,69.000,7200.000,0.000,0.000,0.000,0.000
80514.000,61.000,351438.000,64.000,6912.000,0.000,0.000,0.000,0.000
80524.000,62.000,351500.000,64.000,6912.000,0.000,0.000,0.000,0.000
80534.000,62.000,351562.000,64.000,6840.000,0.000,0.000,0.000,0.000
80544.000,61.000,351623.000,64.000,6768.000,0.000,0.000,0.000,0.000
80554.000,62.000,351685.000,64.000,6768.000,0.000,0.000,0.000,0.000
80564.000,61.000,351746.000,64.000,6624.000,0.000,0.000,0.000,0.000
80574.000,62.000,351808.000,64.000,6624.000,0.000,0.000,0.000,0.000
80584.000,61.000,351869.000,64.000,6552.000,0.000,0.000,0.000,0.000
80594.000,61.000,351930.000,64.000,6552.000,0.000,0.000,0.000,0.000
80604.000,62.000,351992.000,64.000,6480.000,0.000,0.000,0.000,0.000
80614.000,61.000,352053.000,64.000,6408.000,0.000,0.000,0.000,0.000
80624.000,61.000,352114.000,64.000,6408.000,0.000,0.000,0.000,0.000
80634.000,62.000,352176.000,64.000,6336.000,0.000,0.000,0.000,0.000
80644.000,61.000,352237.000,64.000,6192.000,0.000,0.000,0.000,0.000
80654.000,61.000,352298.000,64.000,6192.000,0.000,0.000,0.000,0.000
80664.000,62.000,352360.000,64.000,6192.000,0.000,0.000,0.000,0.000
80674.000,61.000,352421.000,64.000,6048.000,0.000,0.000,0.000,0.000
80684.000,61.000,352482.000,64.000,6048.000,0.000,0.000,0.000,0.000
80694.000,62.000,352544.000,64.000,6048.000,0.000,0.000,0.000,0.000
80704.000,62.000,352606.000,64.000,5904.000,0.000,0.000,0.000,0.000
80714.000,60.000,352666.000,64.000,5832.000,0.000,0.000,0.000,0.000
80724.000,63.000,352729.000,64.000,5904.000,0.000,0.000,0.000,0.000
80734.000,61.000,352790.000,64.000,5688.000,0.000,0.000,0.000,0.000
80744.000,61.000,352851.000,64.000,5760.000,0.000,0.000,0.000,0.000
80754.000,62.000,352913.000,64.000,5688.000,0.000,0.000,0.000,0.000
80764.000,61.000,352974.000,64.000,5544.000,0.000,0.000,0.000,0.000
80774.000,62.000,353036.000,64.000,5544.000,0.000,0.000,0.000,0.000
80784.000,61.000,353097.000,64.000,5472.000,0.000,0.000,0.000,0.000
80794.000,62.000,353159.000,64.000,5472.000,0.000,0.000,0.000,0.000
80804.000,62.000,353221.000,64.000,5328.000,0.000,0.000,0.000,0.000
80814.000,61.000,353282.000,64.000,5328.000,0.000,0.000,0.000,0.000
80824.000,62.000,353344.000,64.000,5256.000,0.000,0.000,0.000,0.000
80834.000,62.000,353406.000,64.000,5184.000,0.000,0.000,0.000,0.000
80844.000,62.000,353468.000,64.000,5112.000,0.000,0.000,0.000,0.000
80854.000,61.000,353529.000,64.000,5040.000,0.000,0.000,0.000,0.000
80864.000,62.000,353591.000,64.000,5040.000,0.000,0.000,0.000,0.000
80874.000,62.000,353653.000,64.000,4968.000,0.000,0.000,0.000,0.000
80884.000,61.000,353714.000,64.000,4896.000,0.000,0.000,0.000,0.000
80894.000,62.000,353776.000,64.000,4896.000,0.000,0.000,0.000,0.000
80904.000,61.000,353837.000,64.000,4752.000,0.000,0.000,0.000,0.000
80914.000,61.000,353898.000,64.000,4752.000,0.000,0.000,0.000,0.000
80924.000,62.000,353960.000,64.000,4752.000,0.000,0.000,0.000,0.000
80934.000,62.000,354022.000,64.000,4608.000,0.000,0.000,0.000,0.000
80944.000,62.000,354084.000,64.000,4536.000,0.000,0.000,0.000,0.000
80954.000,61.000,354145.000,64.000,4464.000,0.000,0.000,0.000,0.000
80964.000,61.000,354206.000,64.000,4464.000,0.000,0.000,0.000,0.000
80974.000,62.000,354268.000,64.000,4464.000,0.000,0.000,0.000,0.000
80984.000,61.000,354329.000,64.000,4320.000,0.000,0.000,0.000,0.000
80994.000,61.000,354390.000,64.000,4320.000,0.000,0.000,0.000,0.000
81004.000,63.000,354453.000,64.000,4248.000,0.000,0.000,0.000,0.000
81014.000,61.000,354514.000,64.000,4104.000,0.000,0.000,0.000,0.000
81024.000,61.000,354575.000,64.000,4176.000,0.000,0.000,0.000,0.000
81034.000,62.000,354637.000,64.000,4104.000,0.000,0.000,0.000,0.000
81044.000,61.000,354698.000,64.000,4032.000,0.000,0.000,0.000,0.000
81054.000,62.000,354760.000,64.000,4032.000,0.000,0.000,0.000,0.000
81064.000,61.000,354821.000,64.000,3888.000,0.000,0.000,0.000,0.000
81074.000,61.000,354882.000,64.000,3888.000,0.000,0.000,0.000,0.000
81084.000,62.000,354944.000,64.000,3816.000,0.000,0.000,0.000,0.000
81094.000,61.000,355005.000,64.000,3744.000,0.000,0.000,0.000,0.000
81104.000,61.000,355066.000,64.000,3744.000,0.000,0.000,0.000,0.000
81114.000,63.000,355129.000,64.000,3672.000,0.000,0.000,0.000,0.000
81124.000,61.000,355190.000,64.000,3528.000,0.000,0.000,0.000,0.000
81134.000,62.000,355252.000,64.000,3528.000,0.000,0.000,0.000,0.000
81144.000,61.000,355313.000,64.000,3456.000,0.000,0.000,0.000,0.000
81154.000,61.000,355374.000,64.000,3456.000,0.000,0.000,0.000,0.000
81164.000,62.000,355436.000,64.000,3384.000,0.000,0.000,0.000,0.000
81174.000,61.000,355497.000,64.000,3312.000,0.000,0.000,0.000,0.000
81184.000,61.000,355558.000,64.000,3312.000,0.000,0.000,0.000,0.000
81194.000,62.000,355620.000,64.000,3240.000,0.000,0.000,0.000,0.000
81204.000,62.000,355682.000,64.000,3168.000,0.000,0.000,0.000,0.000
81214.000,61.000,355743.000,64.000,3096.000,0.000,0.000,0.000,0.000
81224.000,62.000,355805.000,64.000,3096.000,0.000,0.000,0.000,0.000
81234.000,61.000,355866.000,64.000,2952.000,0.000,0.000,0.000,0.000
81244.000,62.000,355928.000,64.000,2952.000,0.000,0.000,0.000,0.000
81254.000,61.000,355989.000,64.000,2880.000,0.000,0.000,0.000,0.000
81264.000,62.000,356051.000,64.000,2880.000,0.000,0.000,0.000,0.000
81274.000,62.000,356113.000,64.000,2736.000,0.000,0.000,0.000,0.000
81284.000,61.000,356174.000,64.000,2664.000,0.000,0.000,0.000,0.000
81294.000,62.000,356236.000,64.000,2664.000,0.000,0.000,0.000,0.000
81304.000,61.000,356297.000,64.000,2592.000,0.000,0.000,0.000,0.000
81314.000,61.000,356358.000,64.000,2592.000,0.000,0.000,0.000,0.000
81324.000,62.000,356420.000,64.000,2520.000,0.000,0.000,0.000,0.000
81334.000,62.000,356482.000,64.000,2448.000,0.000,0.000,0.000,0.000
81344.000,61.000,356543.000,64.000,2376.000,0.000,0.000,0.000,0.000
81354.000,61.000,356604.000,64.000,2376.000,0.000,0.000,0.000,0.000
81364.000,62.000,356666.000,64.000,2304.000,0.000,0.000,0.000,0.000
81374.000,62.000,356728.000,64.000,2160.000,0.000,0.000,0.000,0.000
81384.000,61.000,356789.000,64.000,2160.000,0.000,0.000,0.000,0.000
81394.000,61.000,356850.000,64.000,2160.000,0.000,0.000,0.000,0.000
81404.000,62.000,356912.000,64.000,2088.000,0.000,0.000,0.000,0.000
81414.000,62.000,356974.000,64.000,1944.000,0.000,0.000,0.000,0.000
81424.000,61.000,357035.000,64.000,1944.000,0.000,0.000,0.000,0.000
81434.000,62.000,357097.000,64.000,1944.000,0.000,0.000,0.000,0.000
81444.000,61.000,357158.000,64.000,1800.000,0.000,0.000,0.000,0.000
81454.000,62.000,357220.000,64.000,1800.000,0.000,0.000,0.000,0.000
81464.000,61.000,357281.000,64.000,1728.000,0.000,0.000,0.000,0.000
81474.000,61.000,357342.000,64.000,1656.000,0.000,0.000,0.000,0.000
81484.000,62.000,357404.000,64.000,1656.000,0.000,0.000,0.000,0.000
81494.000,61.000,357465.000,64.000,1512.000,0.000,0.000,0.000,0.000
81504.000,62.000,357527.000,64.000,1512.000,0.000,0.000,0.000,0.000
81514.000,61.000,357588.000,64.000,1440.000,0.000,0.000,0.000,0.000
81524.000,62.000,357650.000,64.000,1440.000,0.000,0.000,0.000,0.000
81534.000,62.000,357712.000,64.000,1296.000,0.000,0.000,0.000,0.000
81544.000,61.000,357773.000,64.000,1224.000,0.000,0.000,0.000,0.000
81554.000,61.000,357834.000,64.000,1224.000,0.000,0.000,0.000,0.000
81564.000,62.000,357896.000,64.000,1224.000,0.000,0.000,0.000,0.000
81574.000,62.000,357958.000,64.000,1080.000,0.000,0.000,0.000,0.000
81584.000,62.000,358020.000,64.000,1008.000,0.000,0.000,0.000,0.000
81594.000,61.000,358081.000,64.000,936.000,0.000,0.000,0.000,0.000
81604.000,61.000,358142.000,64.000,936.000,0.000,0.000,0.000,0.000
81614.000,63.000,358205.000,64.000,936.000,0.000,0.000,0.000,0.000
81624.000,61.000,358266.000,64.000,720.000,0.000,0.000,0.000,0.000
81634.000,62.000,358328.000,64.000,792.000,0.000,0.000,0.000,0.000
81644.000,61.000,358389.000,64.000,720.000,0.000,0.000,0.000,0.000
81654.000,62.000,358451.000,64.000,720.000,0.000,0.000,0.000,0.000
81664.000,62.000,358513.000,64.000,720.000,0.000,0.000,0.000,0.000
81674.000,61.000,358574.000,64.000,720.000,0.000,0.000,0.000,0.000
81684.000,62.000,358636.000,64.000,720.000,0.000,0.000,0.000,0.000
81694.000,62.000,358698.000,64.000,720.000,0.000,0.000,0.000,0.000
81704.000,61.000,358759.000,64.000,720.000,0.000,0.000,0.000,0.000
81714.000,62.000,358821.000,64.000,720.000,0.000,0.000,0.000,0.000
81724.000,61.000,358882.000,64.000,720.000,0.000,0.000,0.000,0.000
81734.000,62.000,358944.000,64.000,720.000,0.000,0.000,0.000,0.000
81744.000,62.000,359006.000,64.000,720.000,0.000,0.000,0.000,0.000
81754.000,61.000,359067.000,64.000,720.000,0.000,0.000,0.000,0.000
81764.000,61.000,359128.000,64.000,720.000,0.000,0.000,0.000,0.000
81774.000,62.000,359190.000,64.000,0.000,0.000,0.000,0.000,0.000
81784.000,61.000,359251.000,64.000,0.000,0.000,0.000,0.000,0.000
81794.000,62.000,359313.000,64.000,0.000,0.000,0.000,0.000,0.000
81804.000,61.000,359374.000,64.000,720.000,0.000,0.000,0.000,0.000
81814.000,60.000,359434.000,64.000,720.000,0.000,0.000,0.000,0.000
81824.000,60.000,359494.000,64.000,720.000,0.000,0.000,0.000,0.000
81834.000,59.000,359553.000,64.000,720.000,0.000,0.000,0.000,0.000
81844.000,59.000,359612.000,64.000,720.000,0.000,0.000,0.000,0.000
81854.000,58.000,359670.000,64.000,720.000,0.000,0.000,0.000,0.000
81864.000,58.000,359728.000,64.000,720.000,0.000,0.000,0.000,0.000
81874.000,57.000,359785.000,64.000,720.000,0.000,0.000,0.000,0.000
81884.000,57.000,359842.000,64.000,720.000,0.000,0.000,0.000,0.000
81894.000,56.000,359898.000,64.000,720.000,0.000,0.000,0.000,0.000
81904.000,58.000,359956.000,64.000,0.000,0.000,0.000,0.000,0.000
81914.000,56.000,360012.000,64.000,720.000,0.000,0.000,0.000,0.000
81924.000,57.000,360069.000,64.000,0.000,0.000,0.000,0.000,0.000
81934.000,58.000,360127.000,64.000,720.000,0.000,0.000,0.000,0.000
81944.000,57.000,360184.000,64.000,720.000,0.000,0.000,0.000,0.000
81954.000,56.000,360240.000,64.000,720.000,0.000,0.000,0.000,0.000
81964.000,58.000,360298.000,64.000,0.000,0.000,0.000,0.000,0.000
81974.000,56.000,360354.000,64.000,720.000,0.000,0.000,0.000,0.000
81984.000,58.000,360412.000,64.000,0.000,0.000,0.000,0.000,0.000
81994.000,58.000,360470.000,64.000,720.000,0.000,0.000,0.000,0.000
82004.000,56.000,360526.000,64.000,720.000,0.000,0.000,0.000,0.000
82014.000,58.000,360584.000,64.000,0.000,0.000,0.000,0.000,0.000
82024.000,57.000,360641.000,64.000,720.000,0.000,0.000,0.000,0.000
82034.000,58.000,360699.000,64.000,0.000,0.000,0.000,0.000,0.000
82044.000,57.000,360756.000,64.000,720.000,0.000,0.000,0.000,0.000
82054.000,58.000,360814.000,64.000,0.000,0.000,0.000,0.000,0.000
82064.000,58.000,360872.000,64.000,720.000,0.000,0.000,0.000,0.000
82074.000,57.000,360929.000,64.000,720.000,0.000,0.000,0.000,0.000
82084.000,57.000,360986.000,64.000,0.000,0.000,0.000,0.000,0.000
82094.000,58.000,361044.000,64.000,0.000,0.000,0.000,0.000,0.000
82104.000,58.000,361102.000,64.000,0.000,0.000,0.000,0.000,0.000
82114.000,59.000,361161.000,64.000,720.000,0.000,0.000,0.000,0.000
82124.000,57.000,361218.000,64.000,720.000,0.000,0.000,0.000,0.000
82134.000,58.000,361276.000,64.000,0.000,0.000,0.000,0.000,0.000
82144.000,58.000,361334.000,64.000,720.000,0.000,0.000,0.000,0.000
82154.000,58.000,361392.000,64.000,720.000,0.000,0.000,0.000,0.000
82164.000,57.000,361449.000,64.000,720.000,0.000,0.000,0.000,0.000
82174.000,57.000,361506.000,64.000,0.000,0.000,0.000,0.000,0.000
82184.000,58.000,361564.000,64.000,0.000,0.000,0.000,0.000,0.000
82194.000,58.000,361622.000,64.000,720.000,0.000,0.000,0.000,0.000
82204.000,57.000,361679.000,64.000,720.000,0.000,0.000,0.000,0.000
82214.000,58.000,361737.000,64.000,0.000,0.000,0.000,0.000,0.000
82224.000,57.000,361794.000,64.000,720.000,0.000,0.000,0.000,0.000
82234.000,58.000,361852.000,64.000,0.000,0.000,0.000,0.000,0.000
82244.000,58.000,361910.000,64.000,720.000,0.000,0.000,0.000,0.000
82254.000,56.000,361966.000,64.000,720.000,0.000,0.000,0.000,0.000
82264.000,58.000,362024.000,64.000,0.000,0.000,0.000,0.000,0.000
82274.000,57.000,362081.000,64.000,720.000,0.000,0.000,0.000,0.000
82284.000,58.000,362139.000,64.000,0.000,0.000,0.000,0.000,0.000
82294.000,58.000,362197.000,64.000,720.000,0.000,0.000,0.000,0.000
82304.000,57.000,362254.000,64.000,720.000,0.000,0.000,0.000,0.000
82314.000,58.000,362312.000,64.000,0.000,0.000,0.000,0.000,0.000
82324.000,57.000,362369.000,64.000,720.000,0.000,0.000,0.000,0.000
82334.000,58.000,362427.000,64.000,0.000,0.000,0.000,0.000,0.000
82344.000,57.000,362484.000,64.000,720.000,0.000,0.000,0.000,0.000
82354.000,58.000,362542.000,64.000,0.000,0.000,0.000,0.000,0.000
82364.000,58.000,362600.000,64.000,720.000,0.000,0.000,0.000,0.000
82374.000,57.000,362657.000,64.000,720.000,0.000,0.000,0.000,0.000
82384.000,58.000,362715.000,64.000,0.000,0.000,0.000,0.000,0.000
82394.000,58.000,362773.000,64.000,720.000,0.000,0.000,0.000,0.000
82404.000,57.000,362830.000,64.000,720.000,0.000,0.000,0.000,0.000
82414.000,58.000,362888.000,64.000,0.000,0.000,0.000,0.000,0.000
82424.000,57.000,362945.000,64.000,720.000,0.000,0.000,0.000,0.000
82434.000,58.000,363003.000,64.000,0.000,0.000,0.000,0.000,0.000
82444.000,57.000,363060.000,64.000,720.000,0.000,0.000,0.000,0.000
82454.000,58.000,363118.000,64.000,0.000,0.000,0.000,0.000,0.000
82464.000,58.000,363176.000,64.000,720.000,0.000,0.000,0.000,0.000
82474.000,57.000,363233.000,64.000,720.000,0.000,0.000,0.000,0.000
82484.000,58.000,363291.000,64.000,0.000,0.000,0.000,0.000,0.000
82494.000,58.000,363349.000,64.000,720.000,0.000,0.000,0.000,0.000
82504.000,57.000,363406.000,64.000,720.000,0.000,0.000,0.000,0.000
82514.000,57.000,363463.000,64.000,0.000,0.000,0.000,0.000,0.000
82524.000,58.000,363521.000,64.000,0.000,0.000,0.000,0.000,0.000
82534.000,58.000,363579.000,64.000,720.000,0.000,0.000,0.000,0.000
82544.000,57.000,363636.000,64.000,720.000,0.000,0.000,0.000,0.000
82554.000,58.000,363694.000,64.000,0.000,0.000,0.000,0.000,0.000
82564.000,58.000,363752.000,64.000,720.000,0.000,0.000,0.000,0.000
82574.000,57.000,363809.000,64.000,720.000,0.000,0.000,0.000,0.000
82584.000,57.000,363866.000,64.000,0.000,0.000,0.000,0.000,0.000
82594.000,58.000,363924.000,64.000,0.000,0.000,0.000,0.000,0.000
82604.000,58.000,363982.000,64.000,0.000,0.000,0.000,0.000,0.000
82614.000,58.000,364040.000,64.000,720.000,0.000,0.000,0.000,0.000
82624.000,58.000,364098.000,64.000,720.000,0.000,0.000,0.000,0.000
82634.000,58.000,364156.000,64.000,720.000,0.000,0.000,0.000,0.000
82644.000,57.000,364213.000,64.000,720.000,0.000,0.000,0.000,0.000
82654.000,57.000,364270.000,64.000,0.000,0.000,0.000,0.000,0.000
82664.000,58.000,364328.000,64.000,0.000,0.000,0.000,0.000,0.000
82674.000,57.000,364385.000,64.000,720.000,0.000,0.000,0.000,0.000
82684.000,59.000,364444.000,64.000,0.000,0.000,0.000,0.000,0.000
82694.000,58.000,364502.000,64.000,720.000,0.000,0.000,0.000,0.000
82704.000,57.000,364559.000,64.000,720.000,0.000,0.000,0.000,0.000
82714.000,57.000,364616.000,64.000,0.000,0.000,0.000,0.000,0.000
82724.000,58.000,364674.000,64.000,0.000,0.000,0.000,0.000,0.000
82734.000,59.000,364733.000,64.000,720.000,0.000,0.000,0.000,0.000
82744.000,57.000,364790.000,64.000,720.000,0.000,0.000,0.000,0.000
82754.000,58.000,364848.000,64.000,0.000,0.000,0.000,0.000,0.000
82764.000,58.000,364906.000,64.000,720.000,0.000,0.000,0.000,0.000
82774.000,57.000,364963.000,64.000,720.000,0.000,0.000,0.000,0.000
82784.000,58.000,365021.000,64.000,0.000,0.000,0.000,0.000,0.000
82794.000,57.000,365078.000,64.000,720.000,0.000,0.000,0.000,0.000
82804.000,58.000,365136.000,64.000,0.000,0.000,0.000,0.000,0.000
82814.000,58.000,365194.000,64.000,720.000,0.000,0.000,0.000,0.000
82824.000,58.000,365252.000,64.000,720.000,0.000,0.000,0.000,0.000
82834.000,57.000,365309.000,64.000,720.000,0.000,0.000,0.000,0.000
82844.000,57.000,365366.000,64.000,0.000,0.000,0.000,0.000,0.000
82854.000,58.000,365424.000,64.000,0.000,0.000,0.000,0.000,0.000
82864.000,57.000,365481.000,64.000,720.000,0.000,0.000,0.000,0.000
82874.000,58.000,365539.000,64.000,0.000,0.000,0.000,0.000,0.000
82884.000,58.000,365597.000,64.000,720.000,0.000,0.000,0.000,0.000
82894.000,57.000,365654.000,64.000,720.000,0.000,0.000,0.000,0.000
82904.000,58.000,365712.000,64.000,0.000,0.000,0.000,0.000,0.000
82914.000,58.000,365770.000,64.000,720.000,0.000,0.000,0.000,0.000
82924.000,58.000,365828.000,64.000,720.000,0.000,0.000,0.000,0.000
82934.000,57.000,365885.000,64.000,720.000,0.000,0.000,0.000,0.000
82944.000,57.000,365942.000,64.000,0.000,0.000,0.000,0.000,0.000
82954.000,57.000,365999.000,64.000,0.000,0.000,0.000,0.000,0.000
82964.000,58.000,366057.000,64.000,0.000,0.000,0.000,0.000,0.000
82974.000,59.000,366116.000,64.000,720.000,0.000,0.000,0.000,0.000
82984.000,57.000,366173.000,64.000,720.000,0.000,0.000,0.000,0.000
82994.000,57.000,366230.000,64.000,0.000,0.000,0.000,0.000,0.000
83004.000,59.000,366289.000,64.000,0.000,0.000,0.000,0.000,0.000
83014.000,57.000,366346.000,64.000,720.000,0.000,0.000,0.000,0.000
83024.000,59.000,366405.000,64.000,0.000,0.000,0.000,0.000,0.000
83034.000,59.000,366464.000,64.000,720.000,0.000,0.000,0.000,0.000
83044.000,57.000,366521.000,64.000,720.000,0.000,0.000,0.000,0.000
83054.000,57.000,366578.000,64.000,720.000,0.000,0.000,0.000,0.000
83064.000,57.000,366635.000,64.000,720.000,0.000,0.000,0.000,0.000
83074.000,57.000,366692.000,64.000,720.000,0.000,0.000,0.000,0.000
83084.000,57.000,366749.000,64.000,0.000,0.000,0.000,0.000,0.000
83094.000,57.000,366806.000,64.000,0.000,0.000,0.000,0.000,0.000
83104.000,58.000,366864.000,64.000,0.000,0.000,0.000,0.000,0.000
83114.000,58.000,366922.000,64.000,720.000,0.000,0.000,0.000,0.000
83124.000,58.000,366980.000,64.000,720.000,0.000,0.000,0.000,0.000
83134.000,57.000,367037.000,64.000,720.000,0.000,0.000,0.000,0.000
83144.000,57.000,367094.000,64.000,0.000,0.000,0.000,0.000,0.000
83154.000,58.000,367152.000,64.000,0.000,0.000,0.000,0.000,0.000
83164.000,58.000,367210.000,64.000,720.000,0.000,0.000,0.000,0.000
83174.000,58.000,367268.000,64.000,720.000,0.000,0.000,0.000,0.000
83184.000,57.000,367325.000,64.000,720.000,0.000,0.000,0.000,0.000
83194.000,57.000,367382.000,64.000,0.000,0.000,0.000,0.000,0.000
83204.000,58.000,367440.000,64.000,0.000,0.000,0.000,0.000,0.000
83214.000,58.000,367498.000,64.000,720.000,0.000,0.000,0.000,0.000
83224.000,58.000,367556.000,64.000,720.000,0.000,0.000,0.000,0.000
83234.000,57.000,367613.000,64.000,720.000,0.000,0.000,0.000,0.000
83244.000,57.000,367670.000,64.000,0.000,0.000,0.000,0.000,0.000
83254.000,58.000,367728.000,64.000,0.000,0.000,0.000,0.000,0.000
83264.000,58.000,367786.000,64.000,720.000,0.000,0.000,0.000,0.000
83274.000,58.000,367844.000,64.000,720.000,0.000,0.000,0.000,0.000
83284.000,57.000,367901.000,64.000,720.000,0.000,0.000,0.000,0.000
83294.000,57.000,367958.000,64.000,0.000,0.000,0.000,0.000,0.000
83304.000,58.000,368016.000,64.000,0.000,0.000,0.000,0.000,0.000
83314.000,57.000,368073.000,64.000,720.000,0.000,0.000,0.000,0.000
83324.000,58.000,368131.000,64.000,0.000,0.000,0.000,0.000,0.000
83334.000,58.000,368189.000,64.000,720.000,0.000,0.000,0.000,0.000
83344.000,57.000,368246.000,64.000,720.000,0.000,0.000,0.000,0.000
83354.000,58.000,368304.000,64.000,0.000,0.000,0.000,0.000,0.000
83364.000,58.000,368362.000,64.000,720.000,0.000,0.000,0.000,0.000
83374.000,56.000,368418.000,64.000,720.000,0.000,0.000,0.000,0.000
83384.000,58.000,368476.000,64.000,0.000,0.000,0.000,0.000,0.000
83394.000,58.000,368534.000,64.000,720.000,0.000,0.000,0.000,0.000
83404.000,57.000,368591.000,64.000,720.000,0.000,0.000,0.000,0.000
83414.000,57.000,368648.000,64.000,0.000,0.000,0.000,0.000,0.000
83424.000,57.000,368705.000,64.000,0.000,0.000,0.000,0.000,0.000
83434.000,59.000,368764.000,64.000,0.000,0.000,0.000,0.000,0.000
83444.000,58.000,368822.000,64.000,720.000,0.000,0.000,0.000,0.000
83454.000,58.000,368880.000,64.000,720.000,0.000,0.000,0.000,0.000
83464.000,57.000,368937.000,64.000,720.000,0.000,0.000,0.000,0.000
83474.000,57.000,368994.000,64.000,0.000,0.000,0.000,0.000,0.000
83484.000,58.000,369052.000,64.000,0.000,0.000,0.000,0.000,0.000
83494.000,58.000,369110.000,64.000,720.000,0.000,0.000,0.000,0.000
83504.000,58.000,369168.000,64.000,720.000,0.000,0.000,0.000,0.000
83514.000,57.000,369225.000,64.000,720.000,0.000,0.000,0.000,0.000
83524.000,57.000,369282.000,64.000,0.000,0.000,0.000,0.000,0.000
83534.000,58.000,369340.000,64.000,0.000,0.000,0.000,0.000,0.000
83544.000,58.000,369398.000,64.000,720.000,0.000,0.000,0.000,0.000
83554.000,57.000,369455.000,64.000,720.000,0.000,0.000,0.000,0.000
83564.000,58.000,369513.000,64.000,0.000,0.000,0.000,0.000,0.000
83574.000,57.000,369570.000,64.000,720.000,0.000,0.000,0.000,0.000
83584.000,58.000,369628.000,64.000,0.000,0.000,0.000,0.000,0.000
83594.000,58.000,369686.000,64.000,720.000,0.000,0.000,0.000,0.000
83604.000,57.000,369743.000,64.000,720.000,0.000,0.000,0.000,0.000
83614.000,57.000,369800.000,64.000,0.000,0.000,0.000,0.000,0.000
83624.000,58.000,369858.000,64.000,0.000,0.000,0.000,0.000,0.000
83634.000,58.000,369916.000,64.000,720.000,0.000,0.000,0.000,0.000
83644.000,58.000,369974.000,64.000,720.000,0.000,0.000,0.000,0.000
83654.000,57.000,370031.000,64.000,720.000,0.000,0.000,0.000,0.000
83664.000,58.000,370089.000,64.000,0.000,0.000,0.000,0.000,0.000
83674.000,57.000,370146.000,64.000,720.000,0.000,0.000,0.000,0.000
83684.000,58.000,370204.000,64.000,0.000,0.000,0.000,0.000,0.000
83694.000,58.000,370262.000,64.000,720.000,0.000,0.000,0.000,0.000
83704.000,56.000,370318.000,64.000,720.000,0.000,0.000,0.000,0.000
83714.000,58.000,370376.000,64.000,0.000,0.000,0.000,0.000,0.000
83724.000,57.000,370433.000,64.000,720.000,0.000,0.000,0.000,0.000
83734.000,59.000,370492.000,64.000,0.000,0.000,0.000,0.000,0.000
83744.000,57.000,370549.000,64.000,720.000,0.000,0.000,0.000,0.000
83754.000,57.000,370606.000,64.000,0.000,0.000,0.000,0.000,0.000
83764.000,59.000,370665.000,64.000,0.000,0.000,0.000,0.000,0.000
83774.000,57.000,370722.000,64.000,720.000,0.000,0.000,0.000,0.000
83784.000,59.000,370781.000,64.000,0.000,0.000,0.000,0.000,0.000
83794.000,57.000,370838.000,64.000,720.000,0.000,0.000,0.000,0.000
83804.000,59.000,370897.000,64.000,0.000,0.000,0.000,0.000,0.000
83814.000,57.000,370954.000,64.000,720.000,0.000,0.000,0.000,0.000
83824.000,59.000,371013.000,64.000,0.000,0.000,0.000,0.000,0.000
83834.000,58.000,371071.000,64.000,720.000,0.000,0.000,0.000,0.000
83844.000,58.000,371129.000,64.000,720.000,0.000,0.000,0.000,0.000
83854.000,57.000,371186.000,64.000,720.000,0.000,0.000,0.000,0.000
83864.000,56.000,371242.000,64.000,720.000,0.000,0.000,0.000,0.000
83874.000,58.000,371300.000,64.000,0.000,0.000,0.000,0.000,0.000
83884.000,57.000,371357.000,64.000,720.000,0.000,0.000,0.000,0.000
83894.000,57.000,371414.000,64.000,0.000,0.000,0.000,0.000,0.000
83904.000,58.000,371472.000,64.000,0.000,0.000,0.000,0.000,0.000
83914.000,58.000,371530.000,64.000,720.000,0.000,0.000,0.000,0.000
83924.000,58.000,371588.000,64.000,720.000,0.000,0.000,0.000,0.000
83934.000,57.000,371645.000,64.000,720.000,0.000,0.000,0.000,0.000
83944.000,57.000,371702.000,64.000,0.000,0.000,0.000,0.000,0.000
83954.000,57.000,371759.000,64.000,0.000,0.000,0.000,0.000,0.000
83964.000,58.000,371817.000,64.000,0.000,0.000,0.000,0.000,0.000
83974.000,59.000,371876.000,64.000,720.000,0.000,0.000,0.000,0.000
83984.000,57.000,371933.000,64.000,720.000,0.000,0.000,0.000,0.000
83994.000,58.000,371991.000,64.000,0.000,0.000,0.000,0.000,0.000
84004.000,58.000,372049.000,64.000,720.000,0.000,0.000,0.000,0.000
84014.000,57.000,372106.000,64.000,720.000,0.000,0.000,0.000,0.000
84024.000,58.000,372164.000,64.000,0.000,0.000,0.000,0.000,0.000
84034.000,58.000,372222.000,64.000,720.000,0.000,0.000,0.000,0.000
84044.000,57.000,372279.000,64.000,720.000,0.000,0.000,0.000,0.000
84054.000,57.000,372336.000,64.000,0.000,0.000,0.000,0.000,0.000
84064.000,58.000,372394.000,64.000,0.000,0.000,0.000,0.000,0.000
84074.000,58.000,372452.000,64.000,720.000,0.000,0.000,0.000,0.000
84084.000,58.000,372510.000,64.000,720.000,0.000,0.000,0.000,0.000
84094.000,57.000,372567.000,64.000,720.000,0.000,0.000,0.000,0.000
84104.000,57.000,372624.000,64.000,0.000,0.000,0.000,0.000,0.000
84114.000,58.000,372682.000,64.000,0.000,0.000,0.000,0.000,0.000
84124.000,58.000,372740.000,64.000,720.000,0.000,0.000,0.000,0.000
84134.000,57.000,372797.000,64.000,720.000,0.000,0.000,0.000,0.000
84144.000,57.000,372854.000,64.000,0.000,0.000,0.000,0.000,0.000
84154.000,59.000,372913.000,64.000,0.000,0.000,0.000,0.000,0.000
84164.000,57.000,372970.000,64.000,720.000,0.000,0.000,0.000,0.000
84174.000,59.000,373029.000,64.000,0.000,0.000,0.000,0.000,0.000
84184.000,59.000,373088.000,64.000,720.000,0.000,0.000,0.000,0.000
84194.000,57.000,373145.000,64.000,720.000,0.000,0.000,0.000,0.000
84204.000,57.000,373202.000,64.000,720.000,0.000,0.000,0.000,0.000
84214.000,57.000,373259.000,64.000,720.000,0.000,0.000,0.000,0.000
84224.000,57.000,373316.000,64.000,720.000,0.000,0.000,0.000,0.000
84234.000,57.000,373373.000,64.000,0.000,0.000,0.000,0.000,0.000
84244.000,57.000,373430.000,64.000,0.000,0.000,0.000,0.000,0.000
84254.000,58.000,373488.000,64.000,0.000,0.000,0.000,0.000,0.000
84264.000,58.000,373546.000,64.000,720.000,0.000,0.000,0.000,0.000
84274.000,57.000,373603.000,64.000,720.000,0.000,0.000,0.000,0.000
84284.000,58.000,373661.000,64.000,0.000,0.000,0.000,0.000,0.000
84294.000,57.000,373718.000,64.000,720.000,0.000,0.000,0.000,0.000
84304.000,58.000,373776.000,64.000,0.000,0.000,0.000,0.000,0.000
84314.000,58.000,373834.000,64.000,720.000,0.000,0.000,0.000,0.000
84324.000,57.000,373891.000,64.000,720.000,0.000,0.000,0.000,0.000
84334.000,58.000,373949.000,64.000,0.000,0.000,0.000,0.000,0.000
84344.000,57.000,374006.000,64.000,720.000,0.000,0.000,0.000,0.000
84354.000,58.000,374064.000,64.000,0.000,0.000,0.000,0.000,0.000
84364.000,57.000,374121.000,64.000,720.000,0.000,0.000,0.000,0.000
84374.000,57.000,374178.000,64.000,0.000,0.000,0.000,0.000,0.000
84384.000,59.000,374237.000,64.000,0.000,0.000,0.000,0.000,0.000
84394.000,58.000,374295.000,64.000,720.000,0.000,0.000,0.000,0.000
84404.000,58.000,374353.000,64.000,720.000,0.000,0.000,0.000,0.000
84414.000,57.000,374410.000,64.000,720.000,0.000,0.000,0.000,0.000
84424.000,58.000,374468.000,64.000,0.000,0.000,0.000,0.000,0.000
84434.000,57.000,374525.000,64.000,720.000,0.000,0.000,0.000,0.000
84444.000,57.000,374582.000,64.000,0.000,0.000,0.000,0.000,0.000
84454.000,58.000,374640.000,64.000,0.000,0.000,0.000,0.000,0.000
84464.000,58.000,374698.000,64.000,720.000,0.000,0.000,0.000,0.000
84474.000,59.000,374757.000,64.000,720.000,0.000,0.000,0.000,0.000
84484.000,57.000,374814.000,64.000,720.000,0.000,0.000,0.000,0.000
84494.000,58.000,374872.000,64.000,720.000,0.000,0.000,0.000,0.000
84504.000,56.000,374928.000,64.000,720.000,0.000,0.000,0.000,0.000
84514.000,57.000,374985.000,64.000,0.000,0.000,0.000,0.000,0.000
84524.000,57.000,375042.000,64.000,0.000,0.000,0.000,0.000,0.000
84534.000,59.000,375101.000,64.000,0.000,0.000,0.000,0.000,0.000
84544.000,57.000,375158.000,64.000,720.000,0.000,0.000,0.000,0.000
84554.000,58.000,375216.000,64.000,0.000,0.000,0.000,0.000,0.000
84564.000,58.000,375274.000,64.000,720.000,0.000,0.000,0.000,0.000
84574.000,58.000,375332.000,64.000,720.000,0.000,0.000,0.000,0.000
84584.000,57.000,375389.000,64.000,720.000,0.000,0.000,0.000,0.000
84594.000,57.000,375446.000,64.000,0.000,0.000,0.000,0.000,0.000
84604.000,59.000,375505.000,64.000,0.000,0.000,0.000,0.000,0.000
84614.000,57.000,375562.000,64.000,720.000,0.000,0.000,0.000,0.000
84624.000,59.000,375621.000,64.000,0.000,0.000,0.000,0.000,0.000
84634.000,57.000,375678.000,64.000,720.000,0.000,0.000,0.000,0.000
84644.000,58.000,375736.000,64.000,720.000,0.000,0.000,0.000,0.000
84654.000,58.000,375794.000,64.000,720.000,0.000,0.000,0.000,0.000
84664.000,56.000,375850.000,64.000,720.000,0.000,0.000,0.000,0.000
84674.000,58.000,375908.000,64.000,0.000,0.000,0.000,0.000,0.000
84684.000,57.000,375965.000,64.000,720.000,0.000,0.000,0.000,0.000
84694.000,57.000,376022.000,64.000,0.000,0.000,0.000,0.000,0.000
84704.000,58.000,376080.000,64.000,0.000,0.000,0.000,0.000,0.000
84714.000,58.000,376138.000,64.000,720.000,0.000,0.000,0.000,0.000
84724.000,56.000,376194.000,64.000,720.000,0.000,0.000,0.000,0.000
84734.000,58.000,376252.000,64.000,0.000,0.000,0.000,0.000,0.000
84744.000,58.000,376310.000,64.000,720.000,0.000,0.000,0.000,0.000
84754.000,57.000,376367.000,64.000,720.000,0.000,0.000,0.000,0.000
84764.000,57.000,376424.000,64.000,0.000,0.000,0.000,0.000,0.000
84774.000,58.000,376482.000,64.000,0.000,0.000,0.000,0.000,0.000
84784.000,59.000,376541.000,64.000,720.000,0.000,0.000,0.000,0.000
84794.000,57.000,376598.000,64.000,720.000,0.000,0.000,0.000,0.000
84804.000,58.000,376656.000,64.000,0.000,0.000,0.000,0.000,0.000
84814.000,58.000,376714.000,64.000,720.000,0.000,0.000,0.000,0.000
84824.000,57.000,376771.000,64.000,720.000,0.000,0.000,0.000,0.000
84834.000,58.000,376829.000,64.000,0.000,0.000,0.000,0.000,0.000
84844.000,57.000,376886.000,64.000,720.000,0.000,0.000,0.000,0.000
84854.000,58.000,376944.000,64.000,0.000,0.000,0.000,0.000,0.000
84864.000,57.000,377001.000,64.000,720.000,0.000,0.000,0.000,0.000
84874.000,57.000,377058.000,64.000,0.000,0.000,0.000,0.000,0.000
84884.000,59.000,377117.000,64.000,0.000,0.000,0.000,0.000,0.000
84894.000,59.000,377176.000,64.000,720.000,0.000,0.000,0.000,0.000
84904.000,57.000,377233.000,64.000,720.000,0.000,0.000,0.000,0.000
84914.000,57.000,377290.000,64.000,0.000,0.000,0.000,0.000,0.000
84924.000,59.000,377349.000,64.000,0.000,0.000,0.000,0.000,0.000
84934.000,59.000,377408.000,64.000,720.000,0.000,0.000,0.000,0.000
84944.000,58.000,377466.000,64.000,720.000,0.000,0.000,0.000,0.000
84954.000,58.000,377524.000,64.000,720.000,0.000,0.000,0.000,0.000
84964.000,57.000,377581.000,64.000,720.000,0.000,0.000,0.000,0.000
84974.000,56.000,377637.000,64.000,720.000,0.000,0.000,0.000,0.000
84984.000,57.000,377694.000,64.000,0.000,0.000,0.000,0.000,0.000
84994.000,58.000,377752.000,64.000,720.000,0.000,0.000,0.000,0.000
85004.000,57.000,377809.000,64.000,720.000,0.000,0.000,0.000,0.000
85014.000,57.000,377866.000,64.000,720.000,0.000,0.000,0.000,0.000
85024.000,56.000,377922.000,64.000,0.000,0.000,0.000,0.000,0.000
85034.000,58.000,377980.000,64.000,0.000,0.000,0.000,0.000,0.000
85044.000,57.000,378037.000,64.000,720.000,0.000,0.000,0.000,0.000
85054.000,57.000,378094.000,64.000,0.000,0.000,0.000,0.000,0.000
85064.000,58.000,378152.000,64.000,0.000,0.000,0.000,0.000,0.000
85074.000,58.000,378210.000,64.000,720.000,0.000,0.000,0.000,0.000
85084.000,58.000,378268.000,64.000,720.000,0.000,0.000,0.000,0.000
85094.000,58.000,378326.000,64.000,720.000,0.000,0.000,0.000,0.000
85104.000,56.000,378382.000,64.000,720.000,0.000,0.000,0.000,0.000
85114.000,58.000,378440.000,64.000,0.000,0.000,0.000,0.000,0.000
85124.000,57.000,378497.000,64.000,720.000,0.000,0.000,0.000,0.000
85134.000,57.000,378554.000,64.000,0.000,0.000,0.000,0.000,0.000
85144.000,58.000,378612.000,64.000,0.000,0.000,0.000,0.000,0.000
85154.000,58.000,378670.000,64.000,0.000,0.000,0.000,0.000,0.000
85164.000,59.000,378729.000,64.000,720.000,0.000,0.000,0.000,0.000
85174.000,57.000,378786.000,64.000,720.000,0.000,0.000,0.000,0.000
85184.000,59.000,378845.000,64.000,0.000,0.000,0.000,0.000,0.000
85194.000,57.000,378902.000,64.000,720.000,0.000,0.000,0.000,0.000
85204.000,58.000,378960.000,64.000,0.000,0.000,0.000,0.000,0.000
85214.000,58.000,379018.000,64.000,720.000,0.000,0.000,0.000,0.000
85224.000,58.000,379076.000,64.000,720.000,0.000,0.000,0.000,0.000
85234.000,57.000,379133.000,64.000,720.000,0.000,0.000,0.000,0.000
85244.000,57.000,379190.000,64.000,0.000,0.000,0.000,0.000,0.000
85254.000,58.000,379248.000,64.000,0.000,0.000,0.000,0.000,0.000
85264.000,58.000,379306.000,64.000,720.000,0.000,0.000,0.000,0.000
85274.000,58.000,379364.000,64.000,720.000,0.000,0.000,0.000,0.000
85284.000,57.000,379421.000,64.000,720.000,0.000,0.000,0.000,0.000
85294.000,57.000,379478.000,64.000,0.000,0.000,0.000,0.000,0.000
85304.000,59.000,379537.000,64.000,0.000,0.000,0.000,0.000,0.000
85314.000,57.000,379594.000,64.000,720.000,0.000,0.000,0.000,0.000
85324.000,59.000,379653.000,64.000,0.000,0.000,0.000,0.000,0.000
85334.000,57.000,379710.000,64.000,720.000,0.000,0.000,0.000,0.000
85344.000,58.000,379768.000,64.000,720.000,0.000,0.000,0.000,0.000
85354.000,57.000,379825.000,64.000,720.000,0.000,0.000,0.000,0.000
85364.000,57.000,379882.000,64.000,720.000,0.000,0.000,0.000,0.000
85374.000,58.000,379940.000,64.000,0.000,0.000,0.000,0.000,0.000
85384.000,57.000,379997.000,64.000,720.000,0.000,0.000,0.000,0.000
85394.000,57.000,380054.000,64.000,0.000,0.000,0.000,0.000,0.000
85404.000,58.000,380112.000,64.000,0.000,0.000,0.000,0.000,0.000
85414.000,58.000,380170.000,64.000,720.000,0.000,0.000,0.000,0.000
85424.000,58.000,380228.000,64.000,720.000,0.000,0.000,0.000,0.000
85434.000,57.000,380285.000,64.000,720.000,0.000,0.000,0.000,0.000
85444.000,57.000,380342.000,64.000,0.000,0.000,0.000,0.000,0.000
85454.000,58.000,380400.000,64.000,0.000,0.000,0.000,0.000,0.000
85464.000,58.000,380458.000,64.000,720.000,0.000,0.000,0.000,0.000
85474.000,58.000,380516.000,64.000,720.000,0.000,0.000,0.000,0.000
85484.000,57.000,380573.000,64.000,720.000,0.000,0.000,0.000,0.000
85494.000,57.000,380630.000,64.000,0.000,0.000,0.000,0.000,0.000
85504.000,58.000,380688.000,64.000,0.000,0.000,0.000,0.000,0.000
85514.000,58.000,380746.000,64.000,720.000,0.000,0.000,0.000,0.000
85524.000,58.000,380804.000,64.000,720.000,0.000,0.000,0.000,0.000
85534.000,57.000,380861.000,64.000,720.000,0.000,0.000,0.000,0.000
85544.000,57.000,380918.000,64.000,0.000,0.000,0.000,0.000,0.000
85554.000,58.000,380976.000,64.000,0.000,0.000,0.000,0.000,0.000
85564.000,57.000,381033.000,64.000,720.000,0.000,0.000,0.000,0.000
85574.000,58.000,381091.000,64.000,0.000,0.000,0.000,0.000,0.000
85584.000,58.000,381149.000,64.000,720.000,0.000,0.000,0.000,0.000
85594.000,57.000,381206.000,64.000,720.000,0.000,0.000,0.000,0.000
85604.000,58.000,381264.000,64.000,0.000,0.000,0.000,0.000,0.000
85614.000,58.000,381322.000,64.000,720.000,0.000,0.000,0.000,0.000
85624.000,58.000,381380.000,64.000,720.000,0.000,0.000,0.000,0.000
85634.000,57.000,381437.000,64.000,720.000,0.000,0.000,0.000,0.000
85644.000,57.000,381494.000,64.000,0.000,0.000,0.000,0.000,0.000
85654.000,58.000,381552.000,64.000,0.000,0.000,0.000,0.000,0.000
85664.000,57.000,381609.000,64.000,720.000,0.000,0.000,0.000,0.000
85674.000,58.000,381667.000,64.000,0.000,0.000,0.000,0.000,0.000
85684.000,58.000,381725.000,64.000,720.000,0.000,0.000,0.000,0.000
85694.000,57.000,381782.000,64.000,720.000,0.000,0.000,0.000,0.000
85704.000,58.000,381840.000,64.000,0.000,0.000,0.000,0.000,0.000
85714.000,58.000,381898.000,64.000,720.000,0.000,0.000,0.000,0.000
85724.000,58.000,381956.000,64.000,720.000,0.000,0.000,0.000,0.000
85734.000,57.000,382013.000,64.000,720.000,0.000,0.000,0.000,0.000
85744.000,57.000,382070.000,64.000,0.000,0.000,0.000,0.000,0.000
85754.000,58.000,382128.000,64.000,0.000,0.000,0.000,0.000,0.000
85764.000,57.000,382185.000,64.000,720.000,0.000,0.000,0.000,0.000
85774.000,59.000,382244.000,64.000,0.000,0.000,0.000,0.000,0.000
85784.000,57.000,382301.000,64.000,720.000,0.000,0.000,0.000,0.000
85794.000,59.000,382360.000,64.000,0.000,0.000,0.000,0.000,0.000
85804.000,57.000,382417.000,64.000,720.000,0.000,0.000,0.000,0.000
85814.000,58.000,382475.000,64.000,0.000,0.000,0.000,0.000,0.000
85824.000,58.000,382533.000,64.000,720.000,0.000,0.000,0.000,0.000
85834.000,59.000,382592.000,64.000,720.000,0.000,0.000,0.000,0.000
85844.000,56.000,382648.000,64.000,720.000,0.000,0.000,0.000,0.000
85854.000,58.000,382706.000,64.000,0.000,0.000,0.000,0.000,0.000
85864.000,58.000,382764.000,64.000,720.000,0.000,0.000,0.000,0.000
85874.000,57.000,382821.000,64.000,720.000,0.000,0.000,0.000,0.000
85884.000,57.000,382878.000,64.000,720.000,0.000,0.000,0.000,0.000
85894.000,56.000,382934.000,64.000,720.000,0.000,0.000,0.000,0.000
85904.000,58.000,382992.000,64.000,0.000,0.000,0.000,0.000,0.000
85914.000,56.000,383048.000,64.000,720.000,0.000,0.000,0.000,0.000
85924.000,57.000,383105.000,64.000,0.000,0.000,0.000,0.000,0.000
85934.000,59.000,383164.000,64.000,0.000,0.000,0.000,0.000,0.000
85944.000,57.000,383221.000,64.000,720.000,0.000,0.000,0.000,0.000
85954.000,58.000,383279.000,64.000,0.000,0.000,0.000,0.000,0.000
85964.000,58.000,383337.000,64.000,720.000,0.000,0.000,0.000,0.000
85974.000,57.000,383394.000,64.000,720.000,0.000,0.000,0.000,0.000
85984.000,58.000,383452.000,64.000,0.000,0.000,0.000,0.000,0.000
85994.000,57.000,383509.000,64.000,720.000,0.000,0.000,0.000,0.000
86004.000,58.000,383567.000,64.000,0.000,0.000,0.000,0.000,0.000
86014.000,58.000,383625.000,64.000,720.000,0.000,0.000,0.000,0.000
86024.000,57.000,383682.000,64.000,720.000,0.000,0.000,0.000,0.000
86034.000,58.000,383740.000,64.000,0.000,0.000,0.000,0.000,0.000
86044.000,58.000,383798.000,64.000,720.000,0.000,0.000,0.000,0.000
86054.000,56.000,383854.000,64.000,720.000,0.000,0.000,0.000,0.000
86064.000,58.000,383912.000,64.000,0.000,0.000,0.000,0.000,0.000
86074.000,57.000,383969.000,64.000,720.000,0.000,0.000,0.000,0.000
86084.000,58.000,384027.000,64.000,0.000,0.000,0.000,0.000,0.000
86094.000,58.000,384085.000,64.000,720.000,0.000,0.000,0.000,0.000
86104.000,57.000,384142.000,64.000,720.000,0.000,0.000,0.000,0.000
86114.000,58.000,384200.000,64.000,0.000,0.000,0.000,0.000,0.000
86124.000,57.000,384257.000,64.000,720.000,0.000,0.000,0.000,0.000
86134.000,58.000,384315.000,64.000,0.000,0.000,0.000,0.000,0.000
86144.000,57.000,384372.000,64.000,720.000,0.000,0.000,0.000,0.000
86154.000,58.000,384430.000,64.000,0.000,0.000,0.000,0.000,0.000
86164.000,58.000,384488.000,64.000,720.000,0.000,0.000,0.000,0.000
86174.000,57.000,384545.000,64.000,720.000,0.000,0.000,0.000,0.000
86184.000,58.000,384603.000,64.000,0.000,0.000,0.000,0.000,0.000
86194.000,58.000,384661.000,64.000,720.000,0.000,0.000,0.000,0.000
86204.000,57.000,384718.000,64.000,720.000,0.000,0.000,0.000,0.000
86214.000,58.000,384776.000,64.000,0.000,0.000,0.000,0.000,0.000
86224.000,57.000,384833.000,64.000,720.000,0.000,0.000,0.000,0.000
86234.000,58.000,384891.000,64.000,0.000,0.000,0.000,0.000,0.000
86244.000,58.000,384949.000,64.000,720.000,0.000,0.000,0.000,0.000
86254.000,57.000,385006.000,64.000,720.000,0.000,0.000,0.000,0.000
86264.000,58.000,385064.000,64.000,0.000,0.000,0.000,0.000,0.000
86274.000,57.000,385121.000,64.000,720.000,0.000,0.000,0.000,0.000
86284.000,57.000,385178.000,64.000,0.000,0.000,0.000,0.000,0.000
86294.000,59.000,385237.000,64.000,0.000,0.000,0.000,0.000,0.000
86304.000,57.000,385294.000,64.000,720.000,0.000,0.000,0.000,0.000
86314.000,59.000,385353.000,64.000,0.000,0.000,0.000,0.000,0.000
86324.000,57.000,385410.000,64.000,720.000,0.000,0.000,0.000,0.000
86334.000,59.000,385469.000,64.000,0.000,0.000,0.000,0.000,0.000
86344.000,58.000,385527.000,64.000,720.000,0.000,0.000,0.000,0.000
86354.000,58.000,385585.000,64.000,720.000,0.000,0.000,0.000,0.000
86364.000,57.000,385642.000,64.000,720.000,0.000,0.000,0.000,0.000
86374.000,58.000,385700.000,64.000,0.000,0.000,0.000,0.000,0.000
86384.000,57.000,385757.000,64.000,720.000,0.000,0.000,0.000,0.000
86394.000,57.000,385814.000,64.000,0.000,0.000,0.000,0.000,0.000
86404.000,59.000,385873.000,64.000,0.000,0.000,0.000,0.000,0.000
86414.000,57.000,385930.000,64.000,720.000,0.000,0.000,0.000,0.000
86424.000,59.000,385989.000,64.000,0.000,0.000,0.000,0.000,0.000
86434.000,59.000,386048.000,64.000,720.000,0.000,0.000,0.000,0.000
86444.000,57.000,386105.000,64.000,720.000,0.000,0.000,0.000,0.000
86454.000,57.000,386162.000,64.000,720.000,0.000,0.000,0.000,0.000
86464.000,58.000,386220.000,64.000,720.000,0.000,0.000,0.000,0.000
86474.000,56.000,386276.000,64.000,720.000,0.000,0.000,0.000,0.000
86484.000,57.000,386333.000,64.000,0.000,0.000,0.000,0.000,0.000
86494.000,57.000,386390.000,64.000,0.000,0.000,0.000,0.000,0.000
86504.000,58.000,386448.000,64.000,0.000,0.000,0.000,0.000,0.000
86514.000,58.000,386506.000,64.000,720.000,0.000,0.000,0.000,0.000
86524.000,58.000,386564.000,64.000,720.000,0.000,0.000,0.000,0.000
86534.000,58.000,386622.000,64.000,720.000,0.000,0.000,0.000,0.000
86544.000,56.000,386678.000,64.000,720.000,0.000,0.000,0.000,0.000
86554.000,58.000,386736.000,64.000,0.000,0.000,0.000,0.000,0.000
86564.000,57.000,386793.000,64.000,720.000,0.000,0.000,0.000,0.000
86574.000,57.000,386850.000,64.000,0.000,0.000,0.000,0.000,0.000
86584.000,58.000,386908.000,64.000,0.000,0.000,0.000,0.000,0.000
86594.000,58.000,386966.000,64.000,720.000,0.000,0.000,0.000,0.000
86604.000,58.000,387024.000,64.000,720.000,0.000,0.000,0.000,0.000
86614.000,57.000,387081.000,64.000,720.000,0.000,0.000,0.000,0.000
86624.000,57.000,387138.000,64.000,0.000,0.000,0.000,0.000,0.000
86634.000,58.000,387196.000,64.000,0.000,0.000,0.000,0.000,0.000
86644.000,58.000,387254.000,64.000,720.000,0.000,0.000,0.000,0.000
86654.000,58.000,387312.000,64.000,720.000,0.000,0.000,0.000,0.000
86664.000,57.000,387369.000,64.000,720.000,0.000,0.000,0.000,0.000
86674.000,57.000,387426.000,64.000,0.000,0.000,0.000,0.000,0.000
86684.000,59.000,387485.000,64.000,0.000,0.000,0.000,0.000,0.000
86694.000,57.000,387542.000,64.000,720.000,0.000,0.000,0.000,0.000
86704.000,58.000,387600.000,64.000,0.000,0.000,0.000,0.000,0.000
86714.000,58.000,387658.000,64.000,720.000,0.000,0.000,0.000,0.000
86724.000,58.000,387716.000,64.000,720.000,0.000,0.000,0.000,0.000
86734.000,57.000,387773.000,64.000,720.000,0.000,0.000,0.000,0.000
86744.000,57.000,387830.000,64.000,0.000,0.000,0.000,0.000,0.000
86754.000,58.000,387888.000,64.000,0.000,0.000,0.000,0.000,0.000
86764.000,58.000,387946.000,64.000,720.000,0.000,0.000,0.000,0.000
86774.000,58.000,388004.000,64.000,720.000,0.000,0.000,0.000,0.000
86784.000,57.000,388061.000,64.000,720.000,0.000,0.000,0.000,0.000
86794.000,57.000,388118.000,64.000,0.000,0.000,0.000,0.000,0.000
86804.000,58.000,388176.000,64.000,0.000,0.000,0.000,0.000,0.000
86814.000,58.000,388234.000,64.000,720.000,0.000,0.000,0.000,0.000
86824.000,57.000,388291.000,64.000,720.000,0.000,0.000,0.000,0.000
86834.000,58.000,388349.000,64.000,0.000,0.000,0.000,0.000,0.000
86844.000,57.000,388406.000,64.000,720.000,0.000,0.000,0.000,0.000
86854.000,58.000,388464.000,64.000,0.000,0.000,0.000,0.000,0.000
86864.000,58.000,388522.000,64.000,720.000,0.000,0.000,0.000,0.000
86874.000,58.000,388580.000,64.000,720.000,0.000,0.000,0.000,0.000
86884.000,57.000,388637.000,64.000,720.000,0.000,0.000,0.000,0.000
86894.000,57.000,388694.000,64.000,0.000,0.000,0.000,0.000,0.000
86904.000,58.000,388752.000,64.000,0.000,0.000,0.000,0.000,0.000
86914.000,57.000,388809.000,64.000,720.000,0.000,0.000,0.000,0.000
86924.000,58.000,388867.000,64.000,0.000,0.000,0.000,0.000,0.000
86934.000,58.000,388925.000,64.000,720.000,0.000,0.000,0.000,0.000
86944.000,57.000,388982.000,64.000,720.000,0.000,0.000,0.000,0.000
86954.000,58.000,389040.000,64.000,0.000,0.000,0.000,0.000,0.000
86964.000,58.000,389098.000,64.000,720.000,0.000,0.000,0.000,0.000
86974.000,57.000,389155.000,64.000,720.000,0.000,0.000,0.000,0.000
86984.000,58.000,389213.000,64.000,0.000,0.000,0.000,0.000,0.000
86994.000,57.000,389270.000,64.000,720.000,0.000,0.000,0.000,0.000
87004.000,58.000,389328.000,64.000,0.000,0.000,0.000,0.000,0.000
87014.000,58.000,389386.000,64.000,720.000,0.000,0.000,0.000,0.000
87024.000,58.000,389444.000,64.000,720.000,0.000,0.000,0.000,0.000
87034.000,57.000,389501.000,64.000,720.000,0.000,0.000,0.000,0.000
87044.000,57.000,389558.000,64.000,0.000,0.000,0.000,0.000,0.000
87054.000,58.000,389616.000,64.000,0.000,0.000,0.000,0.000,0.000
87064.000,57.000,389673.000,64.000,720.000,0.000,0.000,0.000,0.000
87074.000,58.000,389731.000,64.000,0.000,0.000,0.000,0.000,0.000
87084.000,58.000,389789.000,64.000,720.000,0.000,0.000,0.000,0.000
87094.000,57.000,389846.000,64.000,720.000,0.000,0.000,0.000,0.000
87104.000,58.000,389904.000,64.000,0.000,0.000,0.000,0.000,0.000
87114.000,58.000,389962.000,64.000,720.000,0.000,0.000,0.000,0.000
87124.000,57.000,390019.000,64.000,720.000,0.000,0.000,0.000,0.000
87134.000,58.000,390077.000,64.000,0.000,0.000,0.000,0.000,0.000
87144.000,57.000,390134.000,64.000,720.000,0.000,0.000,0.000,0.000
87154.000,58.000,390192.000,64.000,0.000,0.000,0.000,0.000,0.000
87164.000,57.000,390249.000,64.000,720.000,0.000,0.000,0.000,0.000
87174.000,59.000,390308.000,64.000,0.000,0.000,0.000,0.000,0.000
87184.000,57.000,390365.000,64.000,720.000,0.000,0.000,0.000,0.000
87194.000,58.000,390423.000,64.000,0.000,0.000,0.000,0.000,0.000
87204.000,58.000,390481.000,64.000,720.000,0.000,0.000,0.000,0.000
87214.000,57.000,390538.000,64.000,720.000,0.000,0.000,0.000,0.000
87224.000,58.000,390596.000,64.000,0.000,0.000,0.000,0.000,0.000
87234.000,58.000,390654.000,64.000,720.000,0.000,0.000,0.000,0.000
87244.000,57.000,390711.000,64.000,720.000,0.000,0.000,0.000,0.000
87254.000,57.000,390768.000,64.000,0.000,0.000,0.000,0.000,0.000
87264.000,58.000,390826.000,64.000,0.000,0.000,0.000,0.000,0.000
87274.000,59.000,390885.000,64.000,720.000,0.000,0.000,0.000,0.000
87284.000,57.000,390942.000,64.000,720.000,0.000,0.000,0.000,0.000
87294.000,58.000,391000.000,64.000,720.000,0.000,0.000,0.000,0.000
87304.000,56.000,391056.000,64.000,720.000,0.000,0.000,0.000,0.000
87314.000,58.000,391114.000,64.000,0.000,0.000,0.000,0.000,0.000
87324.000,57.000,391171.000,64.000,720.000,0.000,0.000,0.000,0.000
87334.000,57.000,391228.000,64.000,0.000,0.000,0.000,0.000,0.000
87344.000,58.000,391286.000,64.000,0.000,0.000,0.000,0.000,0.000
87354.000,58.000,391344.000,64.000,720.000,0.000,0.000,0.000,0.000
87364.000,57.000,391401.000,64.000,720.000,0.000,0.000,0.000,0.000
87374.000,58.000,391459.000,64.000,0.000,0.000,0.000,0.000,0.000
87384.000,58.000,391517.000,64.000,720.000,0.000,0.000,0.000,0.000
87394.000,57.000,391574.000,64.000,720.000,0.000,0.000,0.000,0.000
87404.000,58.000,391632.000,64.000,0.000,0.000,0.000,0.000,0.000
87414.000,57.000,391689.000,64.000,720.000,0.000,0.000,0.000,0.000
87424.000,58.000,391747.000,64.000,0.000,0.000,0.000,0.000,0.000
87434.000,58.000,391805.000,64.000,720.000,0.000,0.000,0.000,0.000
87444.000,57.000,391862.000,64.000,720.000,0.000,0.000,0.000,0.000
87454.000,58.000,391920.000,64.000,0.000,0.000,0.000,0.000,0.000
87464.000,58.000,391978.000,64.000,720.000,0.000,0.000,0.000,0.000
87474.000,57.000,392035.000,64.000,720.000,0.000,0.000,0.000,0.000
87484.000,58.000,392093.000,64.000,0.000,0.000,0.000,0.000,0.000
87494.000,57.000,392150.000,64.000,720.000,0.000,0.000,0.000,0.000
87504.000,58.000,392208.000,64.000,0.000,0.000,0.000,0.000,0.000
87514.000,58.000,392266.000,64.000,720.000,0.000,0.000,0.000,0.000
87524.000,57.000,392323.000,64.000,720.000,0.000,0.000,0.000,0.000
87534.000,58.000,392381.000,64.000,0.000,0.000,0.000,0.000,0.000
87544.000,57.000,392438.000,64.000,720.000,0.000,0.000,0.000,0.000
87554.000,58.000,392496.000,64.000,0.000,0.000,0.000,0.000,0.000
87564.000,57.000,392553.000,64.000,720.000,0.000,0.000,0.000,0.000
87574.000,58.000,392611.000,64.000,0.000,0.000,0.000,0.000,0.000
87584.000,58.000,392669.000,64.000,720.000,0.000,0.000,0.000,0.000
87594.000,57.000,392726.000,64.000,720.000,0.000,0.000,0.000,0.000
87604.000,58.000,392784.000,64.000,0.000,0.000,0.000,0.000,0.000
87614.000,58.000,392842.000,64.000,720.000,0.000,0.000,0.000,0.000
87624.000,57.000,392899.000,64.000,720.000,0.000,0.000,0.000,0.000
87634.000,58.000,392957.000,64.000,0.000,0.000,0.000,0.000,0.000
87644.000,57.000,393014.000,64.000,720.000,0.000,0.000,0.000,0.000
87654.000,58.000,393072.000,64.000,0.000,0.000,0.000,0.000,0.000
87664.000,57.000,393129.000,64.000,720.000,0.000,0.000,0.000,0.000
87674.000,58.000,393187.000,64.000,0.000,0.000,0.000,0.000,0.000
87684.000,58.000,393245.000,64.000,720.000,0.000,0.000,0.000,0.000
87694.000,57.000,393302.000,64.000,720.000,0.000,0.000,0.000,0.000
87704.000,58.000,393360.000,64.000,0.000,0.000,0.000,0.000,0.000
87714.000,57.000,393417.000,64.000,720.000,0.000,0.000,0.000,0.000
87724.000,58.000,393475.000,64.000,0.000,0.000,0.000,0.000,0.000
87734.000,58.000,393533.000,64.000,720.000,0.000,0.000,0.000,0.000
87744.000,57.000,393590.000,64.000,720.000,0.000,0.000,0.000,0.000
87754.000,58.000,393648.000,64.000,0.000,0.000,0.000,0.000,0.000
87764.000,58.000,393706.000,64.000,720.000,0.000,0.000,0.000,0.000
87774.000,56.000,393762.000,64.000,720.000,0.000,0.000,0.000,0.000
87784.000,58.000,393820.000,64.000,0.000,0.000,0.000,0.000,0.000
87794.000,58.000,393878.000,64.000,720.000,0.000,0.000,0.000,0.000
87804.000,57.000,393935.000,64.000,720.000,0.000,0.000,0.000,0.000
87814.000,57.000,393992.000,64.000,0.000,0.000,0.000,0.000,0.000
87824.000,58.000,394050.000,64.000,0.000,0.000,0.000,0.000,0.000
87834.000,58.000,394108.000,64.000,720.000,0.000,0.000,0.000,0.000
87844.000,58.000,394166.000,64.000,720.000,0.000,0.000,0.000,0.000
87854.000,57.000,394223.000,64.000,720.000,0.000,0.000,0.000,0.000
87864.000,57.000,394280.000,64.000,0.000,0.000,0.000,0.000,0.000
87874.000,58.000,394338.000,64.000,0.000,0.000,0.000,0.000,0.000
87884.000,58.000,394396.000,64.000,720.000,0.000,0.000,0.000,0.000
87894.000,58.000,394454.000,64.000,720.000,0.000,0.000,0.000,0.000
87904.000,57.000,394511.000,64.000,720.000,0.000,0.000,0.000,0.000
87914.000,58.000,394569.000,64.000,0.000,0.000,0.000,0.000,0.000
87924.000,57.000,394626.000,64.000,720.000,0.000,0.000,0.000,0.000
87934.000,58.000,394684.000,64.000,0.000,0.000,0.000,0.000,0.000
87944.000,58.000,394742.000,64.000,720.000,0.000,0.000,0.000,0.000
87954.000,57.000,394799.000,64.000,720.000,0.000,0.000,0.000,0.000
87964.000,57.000,394856.000,64.000,0.000,0.000,0.000,0.000,0.000
87974.000,58.000,394914.000,64.000,0.000,0.000,0.000,0.000,0.000
87984.000,58.000,394972.000,64.000,720.000,0.000,0.000,0.000,0.000
87994.000,58.000,395030.000,64.000,720.000,0.000,0.000,0.000,0.000
88004.000,57.000,395087.000,64.000,720.000,0.000,0.000,0.000,0.000
88014.000,57.000,395144.000,64.000,0.000,0.000,0.000,0.000,0.000
88024.000,58.000,395202.000,64.000,0.000,0.000,0.000,0.000,0.000
88034.000,58.000,395260.000,64.000,720.000,0.000,0.000,0.000,0.000
88044.000,58.000,395318.000,64.000,720.000,0.000,0.000,0.000,0.000
88054.000,57.000,395375.000,64.000,720.000,0.000,0.000,0.000,0.000
88064.000,57.000,395432.000,64.000,0.000,0.000,0.000,0.000,0.000
88074.000,58.000,395490.000,64.000,0.000,0.000,0.000,0.000,0.000
88084.000,59.000,395549.000,64.000,720.000,0.000,0.000,0.000,0.000
88094.000,57.000,395606.000,64.000,720.000,0.000,0.000,0.000,0.000
88104.000,58.000,395664.000,64.000,0.000,0.000,0.000,0.000,0.000
88114.000,58.000,395722.000,64.000,720.000,0.000,0.000,0.000,0.000
88124.000,56.000,395778.000,64.000,720.000,0.000,0.000,0.000,0.000
88134.000,58.000,395836.000,64.000,0.000,0.000,0.000,0.000,0.000
88144.000,58.000,395894.000,64.000,720.000,0.000,0.000,0.000,0.000
88154.000,57.000,395951.000,64.000,720.000,0.000,0.000,0.000,0.000
88164.000,57.000,396008.000,64.000,0.000,0.000,0.000,0.000,0.000
88174.000,58.000,396066.000,64.000,0.000,0.000,0.000,0.000,0.000
88184.000,58.000,396124.000,64.000,720.000,0.000,0.000,0.000,0.000
88194.000,57.000,396181.000,64.000,720.000,0.000,0.000,0.000,0.000
88204.000,58.000,396239.000,64.000,0.000,0.000,0.000,0.000,0.000
88214.000,58.000,396297.000,64.000,720.000,0.000,0.000,0.000,0.000
88224.000,57.000,396354.000,64.000,720.000,0.000,0.000,0.000,0.000
88234.000,58.000,396412.000,64.000,0.000,0.000,0.000,0.000,0.000
88244.000,58.000,396470.000,64.000,720.000,0.000,0.000,0.000,0.000
88254.000,57.000,396527.000,64.000,720.000,0.000,0.000,0.000,0.000
88264.000,57.000,396584.000,64.000,0.000,0.000,0.000,0.000,0.000
88274.000,58.000,396642.000,64.000,0.000,0.000,0.000,0.000,0.000
88284.000,58.000,396700.000,64.000,720.000,0.000,0.000,0.000,0.000
88294.000,58.000,396758.000,64.000,720.000,0.000,0.000,0.000,0.000
88304.000,57.000,396815.000,64.000,720.000,0.000,0.000,0.000,0.000
88314.000,57.000,396872.000,64.000,0.000,0.000,0.000,0.000,0.000
88324.000,58.000,396930.000,64.000,0.000,0.000,0.000,0.000,0.000
88334.000,58.000,396988.000,64.000,720.000,0.000,0.000,0.000,0.000
88344.000,58.000,397046.000,64.000,720.000,0.000,0.000,0.000,0.000
88354.000,57.000,397103.000,64.000,720.000,0.000,0.000,0.000,0.000
88364.000,57.000,397160.000,64.000,0.000,0.000,0.000,0.000,0.000
88374.000,58.000,397218.000,64.000,0.000,0.000,0.000,0.000,0.000
88384.000,58.000,397276.000,64.000,720.000,0.000,0.000,0.000,0.000
88394.000,58.000,397334.000,64.000,720.000,0.000,0.000,0.000,0.000
88404.000,57.000,397391.000,64.000,720.000,0.000,0.000,0.000,0.000
88414.000,58.000,397449.000,64.000,0.000,0.000,0.000,0.000,0.000
88424.000,57.000,397506.000,64.000,720.000,0.000,0.000,0.000,0.000
88434.000,58.000,397564.000,64.000,0.000,0.000,0.000,0.000,0.000
88444.000,57.000,397621.000,64.000,720.000,0.000,0.000,0.000,0.000
88454.000,58.000,397679.000,64.000,0.000,0.000,0.000,0.000,0.000
88464.000,58.000,397737.000,64.000,720.000,0.000,0.000,0.000,0.000
88474.000,57.000,397794.000,64.000,720.000,0.000,0.000,0.000,0.000
88484.000,58.000,397852.000,64.000,0.000,0.000,0.000,0.000,0.000
88494.000,57.000,397909.000,64.000,720.000,0.000,0.000,0.000,0.000
88504.000,57.000,397966.000,64.000,0.000,0.000,0.000,0.000,0.000
88514.000,59.000,398025.000,64.000,0.000,0.000,0.000,0.000,0.000
88524.000,57.000,398082.000,64.000,720.000,0.000,0.000,0.000,0.000
88534.000,59.000,398141.000,64.000,0.000,0.000,0.000,0.000,0.000
88544.000,59.000,398200.000,64.000,720.000,0.000,0.000,0.000,0.000
88554.000,57.000,398257.000,64.000,720.000,0.000,0.000,0.000,0.000
88564.000,57.000,398314.000,64.000,0.000,0.000,0.000,0.000,0.000
88574.000,59.000,398373.000,64.000,0.000,0.000,0.000,0.000,0.000
88584.000,59.000,398432.000,64.000,720.000,0.000,0.000,0.000,0.000
88594.000,57.000,398489.000,64.000,720.000,0.000,0.000,0.000,0.000
88604.000,58.000,398547.000,64.000,720.000,0.000,0.000,0.000,0.000
88614.000,57.000,398604.000,64.000,720.000,0.000,0.000,0.000,0.000
88624.000,57.000,398661.000,64.000,720.000,0.000,0.000,0.000,0.000
88634.000,56.000,398717.000,64.000,720.000,0.000,0.000,0.000,0.000
88644.000,57.000,398774.000,64.000,0.000,0.000,0.000,0.000,0.000
88654.000,58.000,398832.000,64.000,0.000,0.000,0.000,0.000,0.000
88664.000,57.000,398889.000,64.000,720.000,0.000,0.000,0.000,0.000
88674.000,57.000,398946.000,64.000,0.000,0.000,0.000,0.000,0.000
88684.000,59.000,399005.000,64.000,0.000,0.000,0.000,0.000,0.000
88694.000,59.000,399064.000,64.000,720.000,0.000,0.000,0.000,0.000
88704.000,57.000,399121.000,64.000,720.000,0.000,0.000,0.000,0.000
88714.000,57.000,399178.000,64.000,0.000,0.000,0.000,0.000,0.000
88724.000,59.000,399237.000,64.000,0.000,0.000,0.000,0.000,0.000
88734.000,59.000,399296.000,64.000,720.000,0.000,0.000,0.000,0.000
88744.000,57.000,399353.000,64.000,720.000,0.000,0.000,0.000,0.000
88754.000,58.000,399411.000,64.000,720.000,0.000,0.000,0.000,0.000
88764.000,57.000,399468.000,64.000,720.000,0.000,0.000,0.000,0.000
88774.000,57.000,399525.000,64.000,720.000,0.000,0.000,0.000,0.000
88784.000,57.000,399582.000,64.000,720.000,0.000,0.000,0.000,0.000
88794.000,56.000,399638.000,64.000,720.000,0.000,0.000,0.000,0.000
88804.000,56.000,399694.000,64.000,0.000,0.000,0.000,0.000,0.000
88814.000,58.000,399752.000,64.000,0.000,0.000,0.000,0.000,0.000
88824.000,57.000,399809.000,64.000,720.000,0.000,0.000,0.000,0.000
88834.000,58.000,399867.000,64.000,0.000,0.000,0.000,0.000,0.000
88844.000,57.000,399924.000,64.000,720.000,0.000,0.000,0.000,0.000
88854.000,58.000,399982.000,64.000,0.000,0.000,0.000,0.000,0.000
88864.000,58.000,400040.000,64.000,720.000,0.000,0.000,0.000,0.000
88874.000,57.000,400097.000,64.000,720.000,0.000,0.000,0.000,0.000
88884.000,58.000,400155.000,64.000,0.000,0.000,0.000,0.000,0.000
88894.000,57.000,400212.000,64.000,720.000,0.000,0.000,0.000,0.000
88904.000,58.000,400270.000,64.000,0.000,0.000,0.000,0.000,0.000
88914.000,58.000,400328.000,64.000,720.000,0.000,0.000,0.000,0.000
88924.000,57.000,400385.000,64.000,720.000,0.000,0.000,0.000,0.000
88934.000,57.000,400442.000,64.000,0.000,0.000,0.000,0.000,0.000
88944.000,58.000,400500.000,64.000,0.000,0.000,0.000,0.000,0.000
88954.000,58.000,400558.000,64.000,0.000,0.000,0.000,0.000,0.000
88964.000,58.000,400616.000,64.000,720.000,0.000,0.000,0.000,0.000
88974.000,58.000,400674.000,64.000,720.000,0.000,0.000,0.000,0.000
88984.000,58.000,400732.000,64.000,720.000,0.000,0.000,0.000,0.000
88994.000,57.000,400789.000,64.000,720.000,0.000,0.000,0.000,0.000
89004.000,57.000,400846.000,64.000,0.000,0.000,0.000,0.000,0.000
89014.000,58.000,400904.000,64.000,0.000,0.000,0.000,0.000,0.000
89024.000,58.000,400962.000,64.000,720.000,0.000,0.000,0.000,0.000
89034.000,58.000,401020.000,64.000,720.000,0.000,0.000,0.000,0.000
89044.000,57.000,401077.000,64.000,720.000,0.000,0.000,0.000,0.000
89054.000,57.000,401134.000,64.000,0.000,0.000,0.000,0.000,0.000
89064.000,58.000,401192.000,64.000,0.000,0.000,0.000,0.000,0.000
89074.000,58.000,401250.000,64.000,720.000,0.000,0.000,0.000,0.000
89084.000,58.000,401308.000,64.000,720.000,0.000,0.000,0.000,0.000
89094.000,57.000,401365.000,64.000,720.000,0.000,0.000,0.000,0.000
89104.000,57.000,401422.000,64.000,0.000,0.000,0.000,0.000,0.000
89114.000,58.000,401480.000,64.000,0.000,0.000,0.000,0.000,0.000
89124.000,58.000,401538.000,64.000,720.000,0.000,0.000,0.000,0.000
89134.000,58.000,401596.000,64.000,720.000,0.000,0.000,0.000,0.000
89144.000,57.000,401653.000,64.000,720.000,0.000,0.000,0.000,0.000
89154.000,57.000,401710.000,64.000,0.000,0.000,0.000,0.000,0.000
89164.000,58.000,401768.000,64.000,0.000,0.000,0.000,0.000,0.000
89174.000,58.000,401826.000,64.000,720.000,0.000,0.000,0.000,0.000
89184.000,58.000,401884.000,64.000,720.000,0.000,0.000,0.000,0.000
89194.000,58.000,401942.000,64.000,720.000,0.000,0.000,0.000,0.000
89204.000,56.000,401998.000,64.000,720.000,0.000,0.000,0.000,0.000
89214.000,58.000,402056.000,64.000,0.000,0.000,0.000,0.000,0.000
89224.000,56.000,402112.000,64.000,720.000,0.000,0.000,0.000,0.000
89234.000,57.000,402169.000,64.000,0.000,0.000,0.000,0.000,0.000
89244.000,59.000,402228.000,64.000,0.000,0.000,0.000,0.000,0.000
89254.000,57.000,402285.000,64.000,720.000,0.000,0.000,0.000,0.000
89264.000,57.000,402342.000,64.000,0.000,0.000,0.000,0.000,0.000
89274.000,59.000,402401.000,64.000,0.000,0.000,0.000,0.000,0.000
89284.000,59.000,402460.000,64.000,720.000,0.000,0.000,0.000,0.000
89294.000,58.000,402518.000,64.000,720.000,0.000,0.000,0.000,0.000
89304.000,57.000,402575.000,64.000,720.000,0.000,0.000,0.000,0.000
89314.000,58.000,402633.000,64.000,0.000,0.000,0.000,0.000,0.000
89324.000,57.000,402690.000,64.000,720.000,0.000,0.000,0.000,0.000
89334.000,58.000,402748.000,64.000,0.000,0.000,0.000,0.000,0.000
89344.000,58.000,402806.000,64.000,720.000,0.000,0.000,0.000,0.000
89354.000,58.000,402864.000,64.000,720.000,0.000,0.000,0.000,0.000
89364.000,56.000,402920.000,64.000,720.000,0.000,0.000,0.000,0.000
89374.000,57.000,402977.000,64.000,0.000,0.000,0.000,0.000,0.000
89384.000,59.000,403036.000,64.000,0.000,0.000,0.000,0.000,0.000
89394.000,57.000,403093.000,64.000,720.000,0.000,0.000,0.000,0.000
89404.000,58.000,403151.000,64.000,0.000,0.000,0.000,0.000,0.000
89414.000,58.000,403209.000,64.000,720.000,0.000,0.000,0.000,0.000
89424.000,57.000,403266.000,64.000,720.000,0.000,0.000,0.000,0.000
89434.000,58.000,403324.000,64.000,0.000,0.000,0.000,0.000,0.000
89444.000,58.000,403382.000,64.000,720.000,0.000,0.000,0.000,0.000
89454.000,56.000,403438.000,64.000,720.000,0.000,0.000,0.000,0.000
89464.000,58.000,403496.000,64.000,0.000,0.000,0.000,0.000,0.000
89474.000,57.000,403553.000,64.000,720.000,0.000,0.000,0.000,0.000
89484.000,59.000,403612.000,64.000,0.000,0.000,0.000,0.000,0.000
89494.000,57.000,403669.000,64.000,720.000,0.000,0.000,0.000,0.000
89504.000,58.000,403727.000,64.000,0.000,0.000,0.000,0.000,0.000
89514.000,58.000,403785.000,64.000,720.000,0.000,0.000,0.000,0.000
89524.000,57.000,403842.000,64.000,720.000,0.000,0.000,0.000,0.000
89534.000,58.000,403900.000,64.000,0.000,0.000,0.000,0.000,0.000
89544.000,58.000,403958.000,64.000,720.000,0.000,0.000,0.000,0.000
89554.000,57.000,404015.000,64.000,720.000,0.000,0.000,0.000,0.000
89564.000,57.000,404072.000,64.000,0.000,0.000,0.000,0.000,0.000
89574.000,58.000,404130.000,64.000,0.000,0.000,0.000,0.000,0.000
89584.000,58.000,404188.000,64.000,720.000,0.000,0.000,0.000,0.000
89594.000,58.000,404246.000,64.000,720.000,0.000,0.000,0.000,0.000
89604.000,57.000,404303.000,64.000,720.000,0.000,0.000,0.000,0.000
89614.000,57.000,404360.000,64.000,0.000,0.000,0.000,0.000,0.000
89624.000,58.000,404418.000,64.000,0.000,0.000,0.000,0.000,0.000
89634.000,58.000,404476.000,64.000,720.000,0.000,0.000,0.000,0.000
89644.000,58.000,404534.000,64.000,720.000,0.000,0.000,0.000,0.000
89654.000,57.000,404591.000,64.000,720.000,0.000,0.000,0.000,0.000
89664.000,57.000,404648.000,64.000,0.000,0.000,0.000,0.000,0.000
89674.000,58.000,404706.000,64.000,0.000,0.000,0.000,0.000,0.000
89684.000,59.000,404765.000,64.000,720.000,0.000,0.000,0.000,0.000
89694.000,57.000,404822.000,64.000,720.000,0.000,0.000,0.000,0.000
89704.000,58.000,404880.000,64.000,0.000,0.000,0.000,0.000,0.000
89714.000,57.000,404937.000,64.000,720.000,0.000,0.000,0.000,0.000
89724.000,57.000,404994.000,64.000,0.000,0.000,0.000,0.000,0.000
89734.000,59.000,405053.000,64.000,0.000,0.000,0.000,0.000,0.000
89744.000,57.000,405110.000,64.000,720.000,0.000,0.000,0.000,0.000
89754.000,59.000,405169.000,64.000,0.000,0.000,0.000,0.000,0.000
89764.000,57.000,405226.000,64.000,720.000,0.000,0.000,0.000,0.000
89774.000,59.000,405285.000,64.000,0.000,0.000,0.000,0.000,0.000
89784.000,59.000,405344.000,64.000,720.000,0.000,0.000,0.000,0.000
89794.000,57.000,405401.000,64.000,720.000,0.000,0.000,0.000,0.000
89804.000,57.000,405458.000,64.000,720.000,0.000,0.000,0.000,0.000
89814.000,58.000,405516.000,64.000,720.000,0.000,0.000,0.000,0.000
89824.000,57.000,405573.000,64.000,720.000,0.000,0.000,0.000,0.000
89834.000,56.000,405629.000,64.000,720.000,0.000,0.000,0.000,0.000
89844.000,57.000,405686.000,64.000,0.000,0.000,0.000,0.000,0.000
89854.000,57.000,405743.000,64.000,0.000,0.000,0.000,0.000,0.000
89864.000,58.000,405801.000,64.000,0.000,0.000,0.000,0.000,0.000
89874.000,57.000,405858.000,64.000,720.000,0.000,0.000,0.000,0.000
89884.000,59.000,405917.000,64.000,0.000,0.000,0.000,0.000,0.000
89894.000,57.000,405974.000,64.000,720.000,0.000,0.000,0.000,0.000
89904.000,58.000,406032.000,64.000,0.000,0.000,0.000,0.000,0.000
89914.000,58.000,406090.000,64.000,720.000,0.000,0.000,0.000,0.000
89924.000,58.000,406148.000,64.000,720.000,0.000,0.000,0.000,0.000
89934.000,58.000,406206.000,64.000,720.000,0.000,0.000,0.000,0.000
89944.000,56.000,406262.000,64.000,720.000,0.000,0.000,0.000,0.000
89954.000,58.000,406320.000,64.000,0.000,0.000,0.000,0.000,0.000
89964.000,57.000,406377.000,64.000,720.000,0.000,0.000,0.000,0.000
89974.000,57.000,406434.000,64.000,0.000,0.000,0.000,0.000,0.000
89984.000,59.000,406493.000,64.000,0.000,0.000,0.000,0.000,0.000
89994.000,57.000,406550.000,64.000,720.000,0.000,0.000,0.000,0.000
90004.000,59.000,406609.000,64.000,0.000,0.000,0.000,0.000,0.000
90014.000,57.000,406666.000,64.000,720.000,0.000,0.000,0.000,0.000
90024.000,59.000,406725.000,64.000,0.000,0.000,0.000,0.000,0.000
90034.000,57.000,406782.000,64.000,720.000,0.000,0.000,0.000,0.000
90044.000,58.000,406840.000,64.000,720.000,0.000,0.000,0.000,0.000
90054.000,57.000,406897.000,64.000,720.000,0.000,0.000,0.000,0.000
90064.000,57.000,406954.000,64.000,0.000,0.000,0.000,0.000,0.000
90074.000,59.000,407013.000,64.000,0.000,0.000,0.000,0.000,0.000
90084.000,57.000,407070.000,64.000,720.000,0.000,0.000,0.000,0.000
90094.000,58.000,407128.000,64.000,720.000,0.000,0.000,0.000,0.000
90104.000,57.000,407185.000,64.000,720.000,0.000,0.000,0.000,0.000
90114.000,57.000,407242.000,64.000,720.000,0.000,0.000,0.000,0.000
90124.000,58.000,407300.000,64.000,0.000,0.000,0.000,0.000,0.000
90134.000,57.000,407357.000,64.000,720.000,0.000,0.000,0.000,0.000
90144.000,57.000,407414.000,64.000,0.000,0.000,0.000,0.000,0.000
90154.000,58.000,407472.000,64.000,0.000,0.000,0.000,0.000,0.000
90164.000,58.000,407530.000,64.000,720.000,0.000,0.000,0.000,0.000
90174.000,58.000,407588.000,64.000,720.000,0.000,0.000,0.000,0.000
90184.000,57.000,407645.000,64.000,720.000,0.000,0.000,0.000,0.000
90194.000,57.000,407702.000,64.000,0.000,0.000,0.000,0.000,0.000
90204.000,58.000,407760.000,64.000,0.000,0.000,0.000,0.000,0.000
90214.000,57.000,407817.000,64.000,720.000,0.000,0.000,0.000,0.000
90224.000,58.000,407875.000,64.000,0.000,0.000,0.000,0.000,0.000
90234.000,58.000,407933.000,64.000,720.000,0.000,0.000,0.000,0.000
90244.000,57.000,407990.000,64.000,720.000,0.000,0.000,0.000,0.000
90254.000,58.000,408048.000,64.000,0.000,0.000,0.000,0.000,0.000
90264.000,58.000,408106.000,64.000,720.000,0.000,0.000,0.000,0.000
90274.000,57.000,408163.000,64.000,720.000,0.000,0.000,0.000,0.000
90284.000,58.000,408221.000,64.000,0.000,0.000,0.000,0.000,0.000
90294.000,57.000,408278.000,64.000,720.000,0.000,0.000,0.000,0.000
90304.000,58.000,408336.000,64.000,0.000,0.000,0.000,0.000,0.000
90314.000,58.000,408394.000,64.000,720.000,0.000,0.000,0.000,0.000
90324.000,58.000,408452.000,64.000,720.000,0.000,0.000,0.000,0.000
90334.000,57.000,408509.000,64.000,720.000,0.000,0.000,0.000,0.000
90344.000,57.000,408566.000,64.000,0.000,0.000,0.000,0.000,0.000
90354.000,58.000,408624.000,64.000,0.000,0.000,0.000,0.000,0.000
90364.000,57.000,408681.000,64.000,720.000,0.000,0.000,0.000,0.000
90374.000,57.000,408738.000,64.000,0.000,0.000,0.000,0.000,0.000
90384.000,59.000,408797.000,64.000,0.000,0.000,0.000,0.000,0.000
90394.000,59.000,408856.000,64.000,720.000,0.000,0.000,0.000,0.000
90404.000,58.000,408914.000,64.000,720.000,0.000,0.000,0.000,0.000
90414.000,57.000,408971.000,64.000,720.000,0.000,0.000,0.000,0.000
90424.000,58.000,409029.000,64.000,720.000,0.000,0.000,0.000,0.000
90434.000,56.000,409085.000,64.000,720.000,0.000,0.000,0.000,0.000
90444.000,57.000,409142.000,64.000,0.000,0.000,0.000,0.000,0.000
90454.000,58.000,409200.000,64.000,0.000,0.000,0.000,0.000,0.000
90464.000,58.000,409258.000,64.000,720.000,0.000,0.000,0.000,0.000
90474.000,58.000,409316.000,64.000,720.000,0.000,0.000,0.000,0.000
90484.000,57.000,409373.000,64.000,720.000,0.000,0.000,0.000,0.000
90494.000,57.000,409430.000,64.000,0.000,0.000,0.000,0.000,0.000
90504.000,58.000,409488.000,64.000,0.000,0.000,0.000,0.000,0.000
90514.000,57.000,409545.000,64.000,720.000,0.000,0.000,0.000,0.000
90524.000,58.000,409603.000,64.000,0.000,0.000,0.000,0.000,0.000
90534.000,58.000,409661.000,64.000,720.000,0.000,0.000,0.000,0.000
90544.000,57.000,409718.000,64.000,720.000,0.000,0.000,0.000,0.000
90554.000,58.000,409776.000,64.000,0.000,0.000,0.000,0.000,0.000
90564.000,57.000,409833.000,64.000,720.000,0.000,0.000,0.000,0.000
90574.000,57.000,409890.000,64.000,0.000,0.000,0.000,0.000,0.000
90584.000,59.000,409949.000,64.000,0.000,0.000,0.000,0.000,0.000
90594.000,59.000,410008.000,64.000,720.000,0.000,0.000,0.000,0.000
90604.000,57.000,410065.000,64.000,720.000,0.000,0.000,0.000,0.000
90614.000,57.000,410122.000,64.000,0.000,0.000,0.000,0.000,0.000
90624.000,59.000,410181.000,64.000,0.000,0.000,0.000,0.000,0.000
90634.000,58.000,410239.000,64.000,720.000,0.000,0.000,0.000,0.000
90644.000,58.000,410297.000,64.000,720.000,0.000,0.000,0.000,0.000
90654.000,57.000,410354.000,64.000,720.000,0.000,0.000,0.000,0.000
90664.000,57.000,410411.000,64.000,720.000,0.000,0.000,0.000,0.000
90674.000,57.000,410468.000,64.000,720.000,0.000,0.000,0.000,0.000
90684.000,57.000,410525.000,64.000,0.000,0.000,0.000,0.000,0.000
90694.000,57.000,410582.000,64.000,0.000,0.000,0.000,0.000,0.000
90704.000,59.000,410641.000,64.000,0.000,0.000,0.000,0.000,0.000
90714.000,57.000,410698.000,64.000,720.000,0.000,0.000,0.000,0.000
90724.000,59.000,410757.000,64.000,0.000,0.000,0.000,0.000,0.000
90734.000,59.000,410816.000,64.000,720.000,0.000,0.000,0.000,0.000
90744.000,57.000,410873.000,64.000,720.000,0.000,0.000,0.000,0.000
90754.000,57.000,410930.000,64.000,720.000,0.000,0.000,0.000,0.000
90764.000,58.000,410988.000,64.000,720.000,0.000,0.000,0.000,0.000
90774.000,57.000,411045.000,64.000,720.000,0.000,0.000,0.000,0.000
90784.000,56.000,411101.000,64.000,720.000,0.000,0.000,0.000,0.000
90794.000,57.000,411158.000,64.000,0.000,0.000,0.000,0.000,0.000
90804.000,57.000,411215.000,64.000,0.000,0.000,0.000,0.000,0.000
90814.000,58.000,411273.000,64.000,0.000,0.000,0.000,0.000,0.000
90824.000,57.000,411330.000,64.000,720.000,0.000,0.000,0.000,0.000
90834.000,59.000,411389.000,64.000,0.000,0.000,0.000,0.000,0.000
90844.000,57.000,411446.000,64.000,720.000,0.000,0.000,0.000,0.000
90854.000,58.000,411504.000,64.000,0.000,0.000,0.000,0.000,0.000
90864.000,58.000,411562.000,64.000,720.000,0.000,0.000,0.000,0.000
90874.000,58.000,411620.000,64.000,720.000,0.000,0.000,0.000,0.000
90884.000,58.000,411678.000,64.000,720.000,0.000,0.000,0.000,0.000
90894.000,56.000,411734.000,64.000,720.000,0.000,0.000,0.000,0.000
90904.000,58.000,411792.000,64.000,0.000,0.000,0.000,0.000,0.000
90914.000,57.000,411849.000,64.000,720.000,0.000,0.000,0.000,0.000
90924.000,57.000,411906.000,64.000,0.000,0.000,0.000,0.000,0.000
90934.000,58.000,411964.000,64.000,0.000,0.000,0.000,0.000,0.000
90944.000,58.000,412022.000,64.000,720.000,0.000,0.000,0.000,0.000
90954.000,58.000,412080.000,64.000,720.000,0.000,0.000,0.000,0.000
90964.000,57.000,412137.000,64.000,720.000,0.000,0.000,0.000,0.000
90974.000,57.000,412194.000,64.000,0.000,0.000,0.000,0.000,0.000
90984.000,58.000,412252.000,64.000,0.000,0.000,0.000,0.000,0.000
90994.000,58.000,412310.000,64.000,720.000,0.000,0.000,0.000,0.000
91004.000,57.000,412367.000,64.000,720.000,0.000,0.000,0.000,0.000
91014.000,57.000,412424.000,64.000,0.000,0.000,0.000,0.000,0.000
91024.000,58.000,412482.000,64.000,0.000,0.000,0.000,0.000,0.000
91034.000,59.000,412541.000,64.000,720.000,0.000,0.000,0.000,0.000
91044.000,57.000,412598.000,64.000,720.000,0.000,0.000,0.000,0.000
91054.000,58.000,412656.000,64.000,0.000,0.000,0.000,0.000,0.000
91064.000,58.000,412714.000,64.000,720.000,0.000,0.000,0.000,0.000
91074.000,57.000,412771.000,64.000,720.000,0.000,0.000,0.000,0.000
91084.000,58.000,412829.000,64.000,0.000,0.000,0.000,0.000,0.000
91094.000,57.000,412886.000,64.000,720.000,0.000,0.000,0.000,0.000
91104.000,58.000,412944.000,64.000,0.000,0.000,0.000,0.000,0.000
91114.000,58.000,413002.000,64.000,720.000,0.000,0.000,0.000,0.000
91124.000,57.000,413059.000,64.000,720.000,0.000,0.000,0.000,0.000
91134.000,58.000,413117.000,64.000,0.000,0.000,0.000,0.000,0.000
91144.000,57.000,413174.000,64.000,720.000,0.000,0.000,0.000,0.000
91154.000,58.000,413232.000,64.000,0.000,0.000,0.000,0.000,0.000
91164.000,58.000,413290.000,64.000,720.000,0.000,0.000,0.000,0.000
91174.000,57.000,413347.000,64.000,720.000,0.000,0.000,0.000,0.000
91184.000,58.000,413405.000,64.000,0.000,0.000,0.000,0.000,0.000
91194.000,57.000,413462.000,64.000,720.000,0.000,0.000,0.000,0.000
91204.000,58.000,413520.000,64.000,0.000,0.000,0.000,0.000,0.000
91214.000,58.000,413578.000,64.000,720.000,0.000,0.000,0.000,0.000
91224.000,58.000,413636.000,64.000,720.000,0.000,0.000,0.000,0.000
91234.000,57.000,413693.000,64.000,720.000,0.000,0.000,0.000,0.000
91244.000,57.000,413750.000,64.000,0.000,0.000,0.000,0.000,0.000
91254.000,58.000,413808.000,64.000,0.000,0.000,0.000,0.000,0.000
91264.000,58.000,413866.000,64.000,720.000,0.000,0.000,0.000,0.000
91274.000,58.000,413924.000,64.000,720.000,0.000,0.000,0.000,0.000
91284.000,57.000,413981.000,64.000,720.000,0.000,0.000,0.000,0.000
91294.000,57.000,414038.000,64.000,0.000,0.000,0.000,0.000,0.000
91304.000,58.000,414096.000,64.000,0.000,0.000,0.000,0.000,0.000
91314.000,58.000,414154.000,64.000,720.000,0.000,0.000,0.000,0.000
91324.000,57.000,414211.000,64.000,720.000,0.000,0.000,0.000,0.000
91334.000,58.000,414269.000,64.000,0.000,0.000,0.000,0.000,0.000
91344.000,57.000,414326.000,64.000,720.000,0.000,0.000,0.000,0.000
91354.000,58.000,414384.000,64.000,0.000,0.000,0.000,0.000,0.000
91364.000,58.000,414442.000,64.000,720.000,0.000,0.000,0.000,0.000
91374.000,58.000,414500.000,64.000,720.000,0.000,0.000,0.000,0.000
91384.000,57.000,414557.000,64.000,720.000,0.000,0.000,0.000,0.000
91394.000,57.000,414614.000,64.000,0.000,0.000,0.000,0.000,0.000
91404.000,58.000,414672.000,64.000,0.000,0.000,0.000,0.000,0.000
91414.000,57.000,414729.000,64.000,720.000,0.000,0.000,0.000,0.000
91424.000,58.000,414787.000,64.000,0.000,0.000,0.000,0.000,0.000
91434.000,58.000,414845.000,64.000,720.000,0.000,0.000,0.000,0.000
91444.000,57.000,414902.000,64.000,720.000,0.000,0.000,0.000,0.000
91454.000,58.000,414960.000,64.000,0.000,0.000,0.000,0.000,0.000
91464.000,58.000,415018.000,64.000,720.000,0.000,0.000,0.000,0.000
91474.000,57.000,415075.000,64.000,720.000,0.000,0.000,0.000,0.000
91484.000,58.000,415133.000,64.000,0.000,0.000,0.000,0.000,0.000
91494.000,57.000,415190.000,64.000,720.000,0.000,0.000,0.000,0.000
91504.000,58.000,415248.000,64.000,0.000,0.000,0.000,0.000,0.000
91514.000,57.000,415305.000,64.000,720.000,0.000,0.000,0.000,0.000
91524.000,58.000,415363.000,64.000,0.000,0.000,0.000,0.000,0.000
91534.000,58.000,415421.000,64.000,720.000,0.000,0.000,0.000,0.000
91544.000,57.000,415478.000,64.000,720.000,0.000,0.000,0.000,0.000
91554.000,58.000,415536.000,64.000,0.000,0.000,0.000,0.000,0.000
91564.000,58.000,415594.000,64.000,720.000,0.000,0.000,0.000,0.000
91574.000,58.000,415652.000,64.000,720.000,0.000,0.000,0.000,0.000
91584.000,57.000,415709.000,64.000,720.000,0.000,0.000,0.000,0.000
91594.000,57.000,415766.000,64.000,0.000,0.000,0.000,0.000,0.000
91604.000,58.000,415824.000,64.000,0.000,0.000,0.000,0.000,0.000
91614.000,57.000,415881.000,64.000,720.000,0.000,0.000,0.000,0.000
91624.000,58.000,415939.000,64.000,0.000,0.000,0.000,0.000,0.000
91634.000,58.000,415997.000,64.000,720.000,0.000,0.000,0.000,0.000
91644.000,57.000,416054.000,64.000,720.000,0.000,0.000,0.000,0.000
91654.000,58.000,416112.000,64.000,0.000,0.000,0.000,0.000,0.000
91664.000,58.000,416170.000,64.000,720.000,0.000,0.000,0.000,0.000
91674.000,58.000,416228.000,64.000,720.000,0.000,0.000,0.000,0.000
91684.000,57.000,416285.000,64.000,720.000,0.000,0.000,0.000,0.000
91694.000,57.000,416342.000,64.000,0.000,0.000,0.000,0.000,0.000
91704.000,58.000,416400.000,64.000,0.000,0.000,0.000,0.000,0.000
91714.000,58.000,416458.000,64.000,720.000,0.000,0.000,0.000,0.000
91724.000,57.000,416515.000,64.000,720.000,0.000,0.000,0.000,0.000
91734.000,58.000,416573.000,64.000,0.000,0.000,0.000,0.000,0.000
91744.000,57.000,416630.000,64.000,720.000,0.000,0.000,0.000,0.000
91754.000,58.000,416688.000,64.000,0.000,0.000,0.000,0.000,0.000
91764.000,58.000,416746.000,64.000,720.000,0.000,0.000,0.000,0.000
91774.000,57.000,416803.000,64.000,720.000,0.000,0.000,0.000,0.000
91784.000,58.000,416861.000,64.000,0.000,0.000,0.000,0.000,0.000
91794.000,57.000,416918.000,64.000,720.000,0.000,0.000,0.000,0.000
91804.000,58.000,416976.000,64.000,0.000,0.000,0.000,0.000,0.000
91814.000,57.000,417033.000,64.000,720.000,0.000,0.000,0.000,0.000
91824.000,58.000,417091.000,64.000,0.000,0.000,0.000,0.000,0.000
91834.000,58.000,417149.000,64.000,720.000,0.000,0.000,0.000,0.000
91844.000,57.000,417206.000,64.000,720.000,0.000,0.000,0.000,0.000
91854.000,58.000,417264.000,64.000,0.000,0.000,0.000,0.000,0.000
91864.000,58.000,417322.000,64.000,720.000,0.000,0.000,0.000,0.000
91874.000,57.000,417379.000,64.000,720.000,0.000,0.000,0.000,0.000
91884.000,58.000,417437.000,64.000,0.000,0.000,0.000,0.000,0.000
91894.000,57.000,417494.000,64.000,720.000,0.000,0.000,0.000,0.000
91904.000,58.000,417552.000,64.000,0.000,0.000,0.000,0.000,0.000
91914.000,57.000,417609.000,64.000,720.000,0.000,0.000,0.000,0.000
91924.000,57.000,417666.000,64.000,0.000,0.000,0.000,0.000,0.000
91934.000,59.000,417725.000,64.000,0.000,0.000,0.000,0.000,0.000
91944.000,59.000,417784.000,64.000,720.000,0.000,0.000,0.000,0.000
91954.000,57.000,417841.000,64.000,720.000,0.000,0.000,0.000,0.000
91964.000,58.000,417899.000,64.000,0.000,0.000,0.000,0.000,0.000
91974.000,58.000,417957.000,64.000,720.000,0.000,0.000,0.000,0.000
91984.000,57.000,418014.000,64.000,720.000,0.000,0.000,0.000,0.000
91994.000,58.000,418072.000,64.000,720.000,0.000,0.000,0.000,0.000
92004.000,57.000,418129.000,64.000,720.000,0.000,0.000,0.000,0.000
92014.000,57.000,418186.000,64.000,720.000,0.000,0.000,0.000,0.000
92024.000,57.000,418243.000,64.000,0.000,0.000,0.000,0.000,0.000
92034.000,58.000,418301.000,64.000,0.000,0.000,0.000,0.000,0.000
92044.000,57.000,418358.000,64.000,720.000,0.000,0.000,0.000,0.000
92054.000,58.000,418416.000,64.000,0.000,0.000,0.000,0.000,0.000
92064.000,58.000,418474.000,64.000,720.000,0.000,0.000,0.000,0.000
92074.000,58.000,418532.000,64.000,720.000,0.000,0.000,0.000,0.000
92084.000,57.000,418589.000,64.000,720.000,0.000,0.000,0.000,0.000
92094.000,57.000,418646.000,64.000,0.000,0.000,0.000,0.000,0.000
92104.000,58.000,418704.000,64.000,0.000,0.000,0.000,0.000,0.000
92114.000,58.000,418762.000,64.000,720.000,0.000,0.000,0.000,0.000
92124.000,57.000,418819.000,64.000,720.000,0.000,0.000,0.000,0.000
92134.000,58.000,418877.000,64.000,0.000,0.000,0.000,0.000,0.000
92144.000,57.000,418934.000,64.000,720.000,0.000,0.000,0.000,0.000
92154.000,58.000,418992.000,64.000,0.000,0.000,0.000,0.000,0.000
92164.000,58.000,419050.000,64.000,720.000,0.000,0.000,0.000,0.000
92174.000,58.000,419108.000,64.000,720.000,0.000,0.000,0.000,0.000
92184.000,57.000,419165.000,64.000,720.000,0.000,0.000,0.000,0.000
92194.000,57.000,419222.000,64.000,0.000,0.000,0.000,0.000,0.000
92204.000,58.000,419280.000,64.000,0.000,0.000,0.000,0.000,0.000
92214.000,57.000,419337.000,64.000,720.000,0.000,0.000,0.000,0.000
92224.000,58.000,419395.000,64.000,0.000,0.000,0.000,0.000,0.000
92234.000,58.000,419453.000,64.000,720.000,0.000,0.000,0.000,0.000
92244.000,57.000,419510.000,64.000,720.000,0.000,0.000,0.000,0.000
92254.000,58.000,419568.000,64.000,0.000,0.000,0.000,0.000,0.000
92264.000,58.000,419626.000,64.000,720.000,0.000,0.000,0.000,0.000
92274.000,57.000,419683.000,64.000,720.000,0.000,0.000,0.000,0.000
92284.000,58.000,419741.000,64.000,0.000,0.000,0.000,0.000,0.000
92294.000,57.000,419798.000,64.000,720.000,0.000,0.000,0.000,0.000
92304.000,58.000,419856.000,64.000,0.000,0.000,0.000,0.000,0.000
92314.000,57.000,419913.000,64.000,720.000,0.000,0.000,0.000,0.000
92324.000,58.000,419971.000,64.000,0.000,0.000,0.000,0.000,0.000
92334.000,58.000,420029.000,64.000,720.000,0.000,0.000,0.000,0.000
92344.000,57.000,420086.000,64.000,720.000,0.000,0.000,0.000,0.000
92354.000,58.000,420144.000,64.000,0.000,0.000,0.000,0.000,0.000
92364.000,58.000,420202.000,64.000,720.000,0.000,0.000,0.000,0.000
92374.000,57.000,420259.000,64.000,720.000,0.000,0.000,0.000,0.000
92384.000,58.000,420317.000,64.000,0.000,0.000,0.000,0.000,0.000
92394.000,57.000,420374.000,64.000,720.000,0.000,0.000,0.000,0.000
92404.000,58.000,420432.000,64.000,0.000,0.000,0.000,0.000,0.000
92414.000,58.000,420490.000,64.000,720.000,0.000,0.000,0.000,0.000
92424.000,57.000,420547.000,64.000,720.000,0.000,0.000,0.000,0.000
92434.000,58.000,420605.000,64.000,0.000,0.000,0.000,0.000,0.000
92444.000,57.000,420662.000,64.000,720.000,0.000,0.000,0.000,0.000
92454.000,58.000,420720.000,64.000,0.000,0.000,0.000,0.000,0.000
92464.000,58.000,420778.000,64.000,720.000,0.000,0.000,0.000,0.000
92474.000,58.000,420836.000,64.000,720.000,0.000,0.000,0.000,0.000
92484.000,57.000,420893.000,64.000,720.000,0.000,0.000,0.000,0.000
92494.000,57.000,420950.000,64.000,0.000,0.000,0.000,0.000,0.000
92504.000,58.000,421008.000,64.000,0.000,0.000,0.000,0.000,0.000
92514.000,57.000,421065.000,64.000,720.000,0.000,0.000,0.000,0.000
92524.000,59.000,421124.000,64.000,0.000,0.000,0.000,0.000,0.000
92534.000,57.000,421181.000,64.000,720.000,0.000,0.000,0.000,0.000
92544.000,59.000,421240.000,64.000,0.000,0.000,0.000,0.000,0.000
92554.000,57.000,421297.000,64.000,720.000,0.000,0.000,0.000,0.000
92564.000,58.000,421355.000,64.000,0.000,0.000,0.000,0.000,0.000
92574.000,58.000,421413.000,64.000,720.000,0.000,0.000,0.000,0.000
92584.000,57.000,421470.000,64.000,720.000,0.000,0.000,0.000,0.000
92594.000,58.000,421528.000,64.000,720.000,0.000,0.000,0.000,0.000
92604.000,57.000,421585.000,64.000,720.000,0.000,0.000,0.000,0.000
92614.000,57.000,421642.000,64.000,720.000,0.000,0.000,0.000,0.000
92624.000,56.000,421698.000,64.000,0.000,0.000,0.000,0.000,0.000
92634.000,58.000,421756.000,64.000,0.000,0.000,0.000,0.000,0.000
92644.000,58.000,421814.000,64.000,720.000,0.000,0.000,0.000,0.000
92654.000,56.000,421870.000,64.000,720.000,0.000,0.000,0.000,0.000
92664.000,58.000,421928.000,64.000,0.000,0.000,0.000,0.000,0.000
92674.000,57.000,421985.000,64.000,720.000,0.000,0.000,0.000,0.000
92684.000,57.000,422042.000,64.000,0.000,0.000,0.000,0.000,0.000
92694.000,58.000,422100.000,64.000,0.000,0.000,0.000,0.000,0.000
92704.000,58.000,422158.000,64.000,0.000,0.000,0.000,0.000,0.000
92714.000,59.000,422217.000,64.000,720.000,0.000,0.000,0.000,0.000
92724.000,57.000,422274.000,64.000,720.000,0.000,0.000,0.000,0.000
92734.000,59.000,422333.000,64.000,0.000,0.000,0.000,0.000,0.000
92744.000,57.000,422390.000,64.000,720.000,0.000,0.000,0.000,0.000
92754.000,58.000,422448.000,64.000,0.000,0.000,0.000,0.000,0.000
92764.000,58.000,422506.000,64.000,720.000,0.000,0.000,0.000,0.000
92774.000,58.000,422564.000,64.000,720.000,0.000,0.000,0.000,0.000
92784.000,57.000,422621.000,64.000,720.000,0.000,0.000,0.000,0.000
92794.000,58.000,422679.000,64.000,0.000,0.000,0.000,0.000,0.000
92804.000,57.000,422736.000,64.000,720.000,0.000,0.000,0.000,0.000
92814.000,58.000,422794.000,64.000,0.000,0.000,0.000,0.000,0.000
92824.000,58.000,422852.000,64.000,720.000,0.000,0.000,0.000,0.000
92834.000,57.000,422909.000,64.000,720.000,0.000,0.000,0.000,0.000
92844.000,57.000,422966.000,64.000,0.000,0.000,0.000,0.000,0.000
92854.000,58.000,423024.000,64.000,0.000,0.000,0.000,0.000,0.000
92864.000,58.000,423082.000,64.000,720.000,0.000,0.000,0.000,0.000
92874.000,58.000,423140.000,64.000,720.000,0.000,0.000,0.000,0.000
92884.000,57.000,423197.000,64.000,720.000,0.000,0.000,0.000,0.000
92894.000,57.000,423254.000,64.000,0.000,0.000,0.000,0.000,0.000
92904.000,59.000,423313.000,64.000,0.000,0.000,0.000,0.000,0.000
92914.000,57.000,423370.000,64.000,720.000,0.000,0.000,0.000,0.000
92924.000,59.000,423429.000,64.000,0.000,0.000,0.000,0.000,0.000
92934.000,57.000,423486.000,64.000,720.000,0.000,0.000,0.000,0.000
92944.000,58.000,423544.000,64.000,720.000,0.000,0.000,0.000,0.000
92954.000,58.000,423602.000,64.000,720.000,0.000,0.000,0.000,0.000
92964.000,56.000,423658.000,64.000,720.000,0.000,0.000,0.000,0.000
92974.000,58.000,423716.000,64.000,0.000,0.000,0.000,0.000,0.000
92984.000,57.000,423773.000,64.000,720.000,0.000,0.000,0.000,0.000
92994.000,57.000,423830.000,64.000,0.000,0.000,0.000,0.000,0.000
93004.000,58.000,423888.000,64.000,0.000,0.000,0.000,0.000,0.000
93014.000,57.000,423945.000,64.000,720.000,0.000,0.000,0.000,0.000
93024.000,58.000,424003.000,64.000,0.000,0.000,0.000,0.000,0.000
93034.000,58.000,424061.000,64.000,720.000,0.000,0.000,0.000,0.000
93044.000,57.000,424118.000,64.000,720.000,0.000,0.000,0.000,0.000
93054.000,58.000,424176.000,64.000,0.000,0.000,0.000,0.000,0.000
93064.000,58.000,424234.000,64.000,720.000,0.000,0.000,0.000,0.000
93074.000,57.000,424291.000,64.000,720.000,0.000,0.000,0.000,0.000
93084.000,58.000,424349.000,64.000,0.000,0.000,0.000,0.000,0.000
93094.000,57.000,424406.000,64.000,720.000,0.000,0.000,0.000,0.000
93104.000,58.000,424464.000,64.000,0.000,0.000,0.000,0.000,0.000
93114.000,57.000,424521.000,64.000,720.000,0.000,0.000,0.000,0.000
93124.000,58.000,424579.000,64.000,0.000,0.000,0.000,0.000,0.000
93134.000,58.000,424637.000,64.000,720.000,0.000,0.000,0.000,0.000
93144.000,57.000,424694.000,64.000,720.000,0.000,0.000,0.000,0.000
93154.000,58.000,424752.000,64.000,0.000,0.000,0.000,0.000,0.000
93164.000,57.000,424809.000,64.000,720.000,0.000,0.000,0.000,0.000
93174.000,57.000,424866.000,64.000,0.000,0.000,0.000,0.000,0.000
93184.000,59.000,424925.000,64.000,0.000,0.000,0.000,0.000,0.000
93194.000,58.000,424983.000,64.000,720.000,0.000,0.000,0.000,0.000
93204.000,58.000,425041.000,64.000,720.000,0.000,0.000,0.000,0.000
93214.000,57.000,425098.000,64.000,720.000,0.000,0.000,0.000,0.000
93224.000,58.000,425156.000,64.000,0.000,0.000,0.000,0.000,0.000
93234.000,58.000,425214.000,64.000,720.000,0.000,0.000,0.000,0.000
93244.000,57.000,425271.000,64.000,720.000,0.000,0.000,0.000,0.000
93254.000,57.000,425328.000,64.000,0.000,0.000,0.000,0.000,0.000
93264.000,58.000,425386.000,64.000,0.000,0.000,0.000,0.000,0.000
93274.000,59.000,425445.000,64.000,720.000,0.000,0.000,0.000,0.000
93284.000,57.000,425502.000,64.000,720.000,0.000,0.000,0.000,0.000
93294.000,58.000,425560.000,64.000,720.000,0.000,0.000,0.000,0.000
93304.000,56.000,425616.000,64.000,720.000,0.000,0.000,0.000,0.000
93314.000,58.000,425674.000,64.000,0.000,0.000,0.000,0.000,0.000
93324.000,56.000,425730.000,64.000,720.000,0.000,0.000,0.000,0.000
93334.000,58.000,425788.000,64.000,0.000,0.000,0.000,0.000,0.000
93344.000,58.000,425846.000,64.000,720.000,0.000,0.000,0.000,0.000
93354.000,57.000,425903.000,64.000,720.000,0.000,0.000,0.000,0.000
93364.000,57.000,425960.000,64.000,0.000,0.000,0.000,0.000,0.000
93374.000,58.000,426018.000,64.000,0.000,0.000,0.000,0.000,0.000
93384.000,58.000,426076.000,64.000,720.000,0.000,0.000,0.000,0.000
93394.000,58.000,426134.000,64.000,720.000,0.000,0.000,0.000,0.000
93404.000,57.000,426191.000,64.000,720.000,0.000,0.000,0.000,0.000
93414.000,57.000,426248.000,64.000,0.000,0.000,0.000,0.000,0.000
93424.000,58.000,426306.000,64.000,0.000,0.000,0.000,0.000,0.000
93434.000,58.000,426364.000,64.000,720.000,0.000,0.000,0.000,0.000
93444.000,57.000,426421.000,64.000,720.000,0.000,0.000,0.000,0.000
93454.000,57.000,426478.000,64.000,0.000,0.000,0.000,0.000,0.000
93464.000,59.000,426537.000,64.000,0.000,0.000,0.000,0.000,0.000
93474.000,57.000,426594.000,64.000,720.000,0.000,0.000,0.000,0.000
93484.000,59.000,426653.000,64.000,0.000,0.000,0.000,0.000,0.000
93494.000,57.000,426710.000,64.000,720.000,0.000,0.000,0.000,0.000
93504.000,58.000,426768.000,64.000,0.000,0.000,0.000,0.000,0.000
93514.000,58.000,426826.000,64.000,720.000,0.000,0.000,0.000,0.000
93524.000,58.000,426884.000,64.000,720.000,0.000,0.000,0.000,0.000
93534.000,58.000,426942.000,64.000,720.000,0.000,0.000,0.000,0.000
93544.000,56.000,426998.000,64.000,720.000,0.000,0.000,0.000,0.000
93554.000,58.000,427056.000,64.000,0.000,0.000,0.000,0.000,0.000
93564.000,57.000,427113.000,64.000,720.000,0.000,0.000,0.000,0.000
93574.000,57.000,427170.000,64.000,0.000,0.000,0.000,0.000,0.000
93584.000,59.000,427229.000,64.000,0.000,0.000,0.000,0.000,0.000
93594.000,57.000,427286.000,64.000,720.000,0.000,0.000,0.000,0.000
93604.000,58.000,427344.000,64.000,0.000,0.000,0.000,0.000,0.000
93614.000,58.000,427402.000,64.000,720.000,0.000,0.000,0.000,0.000
93624.000,58.000,427460.000,64.000,720.000,0.000,0.000,0.000,0.000
93634.000,57.000,427517.000,64.000,720.000,0.000,0.000,0.000,0.000
93644.000,57.000,427574.000,64.000,0.000,0.000,0.000,0.000,0.000
93654.000,59.000,427633.000,64.000,0.000,0.000,0.000,0.000,0.000
93664.000,57.000,427690.000,64.000,720.000,0.000,0.000,0.000,0.000
93674.000,59.000,427749.000,64.000,0.000,0.000,0.000,0.000,0.000
93684.000,59.000,427808.000,64.000,720.000,0.000,0.000,0.000,0.000
93694.000,57.000,427865.000,64.000,720.000,0.000,0.000,0.000,0.000
93704.000,57.000,427922.000,64.000,720.000,0.000,0.000,0.000,0.000
93714.000,58.000,427980.000,64.000,720.000,0.000,0.000,0.000,0.000
93724.000,57.000,428037.000,64.000,720.000,0.000,0.000,0.000,0.000
93734.000,56.000,428093.000,64.000,720.000,0.000,0.000,0.000,0.000
93744.000,57.000,428150.000,64.000,0.000,0.000,0.000,0.000,0.000
93754.000,58.000,428208.000,64.000,0.000,0.000,0.000,0.000,0.000
93764.000,57.000,428265.000,64.000,720.000,0.000,0.000,0.000,0.000
93774.000,57.000,428322.000,64.000,0.000,0.000,0.000,0.000,0.000
93784.000,58.000,428380.000,64.000,0.000,0.000,0.000,0.000,0.000
93794.000,58.000,428438.000,64.000,720.000,0.000,0.000,0.000,0.000
93804.000,58.000,428496.000,64.000,720.000,0.000,0.000,0.000,0.000
93814.000,57.000,428553.000,64.000,720.000,0.000,0.000,0.000,0.000
93824.000,57.000,428610.000,64.000,0.000,0.000,0.000,0.000,0.000
93834.000,58.000,428668.000,64.000,0.000,0.000,0.000,0.000,0.000
93844.000,58.000,428726.000,64.000,720.000,0.000,0.000,0.000,0.000
93854.000,58.000,428784.000,64.000,720.000,0.000,0.000,0.000,0.000
93864.000,57.000,428841.000,64.000,720.000,0.000,0.000,0.000,0.000
93874.000,57.000,428898.000,64.000,0.000,0.000,0.000,0.000,0.000
93884.000,58.000,428956.000,64.000,0.000,0.000,0.000,0.000,0.000
93894.000,58.000,429014.000,64.000,720.000,0.000,0.000,0.000,0.000
93904.000,57.000,429071.000,64.000,720.000,0.000,0.000,0.000,0.000
93914.000,58.000,429129.000,64.000,0.000,0.000,0.000,0.000,0.000
93924.000,57.000,429186.000,64.000,720.000,0.000,0.000,0.000,0.000
93934.000,58.000,429244.000,64.000,0.000,0.000,0.000,0.000,0.000
93944.000,58.000,429302.000,64.000,720.000,0.000,0.000,0.000,0.000
93954.000,57.000,429359.000,64.000,720.000,0.000,0.000,0.000,0.000
93964.000,57.000,429416.000,64.000,0.000,0.000,0.000,0.000,0.000
93974.000,58.000,429474.000,64.000,0.000,0.000,0.000,0.000,0.000
93984.000,59.000,429533.000,64.000,720.000,0.000,0.000,0.000,0.000
93994.000,57.000,429590.000,64.000,720.000,0.000,0.000,0.000,0.000
94004.000,58.000,429648.000,64.000,0.000,0.000,0.000,0.000,0.000
94014.000,58.000,429706.000,64.000,720.000,0.000,0.000,0.000,0.000
94024.000,57.000,429763.000,64.000,720.000,0.000,0.000,0.000,0.000
94034.000,58.000,429821.000,64.000,0.000,0.000,0.000,0.000,0.000
94044.000,57.000,429878.000,64.000,720.000,0.000,0.000,0.000,0.000
94054.000,58.000,429936.000,64.000,0.000,0.000,0.000,0.000,0.000
94064.000,58.000,429994.000,64.000,720.000,0.000,0.000,0.000,0.000
94074.000,58.000,430052.000,64.000,720.000,0.000,0.000,0.000,0.000
94084.000,57.000,430109.000,64.000,720.000,0.000,0.000,0.000,0.000
94094.000,57.000,430166.000,64.000,0.000,0.000,0.000,0.000,0.000
94104.000,57.000,430223.000,64.000,0.000,0.000,0.000,0.000,0.000
94114.000,58.000,430281.000,64.000,0.000,0.000,0.000,0.000,0.000
94124.000,59.000,430340.000,64.000,720.000,0.000,0.000,0.000,0.000
94134.000,57.000,430397.000,64.000,720.000,0.000,0.000,0.000,0.000
94144.000,59.000,430456.000,64.000,0.000,0.000,0.000,0.000,0.000
94154.000,57.000,430513.000,64.000,720.000,0.000,0.000,0.000,0.000
94164.000,59.000,430572.000,64.000,0.000,0.000,0.000,0.000,0.000
94174.000,57.000,430629.000,64.000,720.000,0.000,0.000,0.000,0.000
94184.000,59.000,430688.000,64.000,720.000,0.000,0.000,0.000,0.000
94194.000,56.000,430744.000,64.000,720.000,0.000,0.000,0.000,0.000
94204.000,58.000,430802.000,64.000,0.000,0.000,0.000,0.000,0.000
94214.000,57.000,430859.000,64.000,720.000,0.000,0.000,0.000,0.000
94224.000,58.000,430917.000,64.000,720.000,0.000,0.000,0.000,0.000
94234.000,56.000,430973.000,64.000,720.000,0.000,0.000,0.000,0.000
94244.000,57.000,431030.000,64.000,0.000,0.000,0.000,0.000,0.000
94254.000,58.000,431088.000,64.000,0.000,0.000,0.000,0.000,0.000
94264.000,57.000,431145.000,64.000,720.000,0.000,0.000,0.000,0.000
94274.000,57.000,431202.000,64.000,0.000,0.000,0.000,0.000,0.000
94284.000,58.000,431260.000,64.000,0.000,0.000,0.000,0.000,0.000
94294.000,58.000,431318.000,64.000,720.000,0.000,0.000,0.000,0.000
94304.000,58.000,431376.000,64.000,720.000,0.000,0.000,0.000,0.000
94314.000,57.000,431433.000,64.000,720.000,0.000,0.000,0.000,0.000
94324.000,58.000,431491.000,64.000,0.000,0.000,0.000,0.000,0.000
94334.000,58.000,431549.000,64.000,720.000,0.000,0.000,0.000,0.000
94344.000,57.000,431606.000,64.000,720.000,0.000,0.000,0.000,0.000
94354.000,57.000,431663.000,64.000,0.000,0.000,0.000,0.000,0.000
94364.000,58.000,431721.000,64.000,0.000,0.000,0.000,0.000,0.000
94374.000,58.000,431779.000,64.000,720.000,0.000,0.000,0.000,0.000
94384.000,58.000,431837.000,64.000,720.000,0.000,0.000,0.000,0.000
94394.000,57.000,431894.000,64.000,720.000,0.000,0.000,0.000,0.000
94404.000,56.000,431950.000,64.000,0.000,0.000,0.000,0.000,0.000
94414.000,58.000,432008.000,64.000,0.000,0.000,0.000,0.000,0.000
94424.000,58.000,432066.000,64.000,720.000,0.000,0.000,0.000,0.000
94434.000,58.000,432124.000,64.000,720.000,0.000,0.000,0.000,0.000
94444.000,57.000,432181.000,64.000,720.000,0.000,0.000,0.000,0.000
94454.000,57.000,432238.000,64.000,0.000,0.000,0.000,0.000,0.000
94464.000,58.000,432296.000,64.000,0.000,0.000,0.000,0.000,0.000
94474.000,58.000,432354.000,64.000,720.000,0.000,0.000,0.000,0.000
94484.000,58.000,432412.000,64.000,720.000,0.000,0.000,0.000,0.000
94494.000,57.000,432469.000,64.000,720.000,0.000,0.000,0.000,0.000
94504.000,57.000,432526.000,64.000,0.000,0.000,0.000,0.000,0.000
94514.000,59.000,432585.000,64.000,0.000,0.000,0.000,0.000,0.000
94524.000,57.000,432642.000,64.000,720.000,0.000,0.000,0.000,0.000
94534.000,59.000,432701.000,64.000,0.000,0.000,0.000,0.000,0.000
94544.000,58.000,432759.000,64.000,720.000,0.000,0.000,0.000,0.000
94554.000,58.000,432817.000,64.000,720.000,0.000,0.000,0.000,0.000
94564.000,57.000,432874.000,64.000,720.000,0.000,0.000,0.000,0.000
94574.000,58.000,432932.000,64.000,0.000,0.000,0.000,0.000,0.000
94584.000,57.000,432989.000,64.000,720.000,0.000,0.000,0.000,0.000
94594.000,57.000,433046.000,64.000,0.000,0.000,0.000,0.000,0.000
94604.000,58.000,433104.000,64.000,0.000,0.000,0.000,0.000,0.000
94614.000,58.000,433162.000,64.000,720.000,0.000,0.000,0.000,0.000
94624.000,58.000,433220.000,64.000,720.000,0.000,0.000,0.000,0.000
94634.000,58.000,433278.000,64.000,720.000,0.000,0.000,0.000,0.000
94644.000,56.000,433334.000,64.000,720.000,0.000,0.000,0.000,0.000
94654.000,58.000,433392.000,64.000,0.000,0.000,0.000,0.000,0.000
94664.000,57.000,433449.000,64.000,720.000,0.000,0.000,0.000,0.000
94674.000,57.000,433506.000,64.000,0.000,0.000,0.000,0.000,0.000
94684.000,59.000,433565.000,64.000,0.000,0.000,0.000,0.000,0.000
94694.000,57.000,433622.000,64.000,720.000,0.000,0.000,0.000,0.000
94704.000,58.000,433680.000,64.000,0.000,0.000,0.000,0.000,0.000
94714.000,58.000,433738.000,64.000,720.000,0.000,0.000,0.000,0.000
94724.000,58.000,433796.000,64.000,720.000,0.000,0.000,0.000,0.000
94734.000,57.000,433853.000,64.000,720.000,0.000,0.000,0.000,0.000
94744.000,57.000,433910.000,64.000,0.000,0.000,0.000,0.000,0.000
94754.000,58.000,433968.000,64.000,0.000,0.000,0.000,0.000,0.000
94764.000,58.000,434026.000,64.000,720.000,0.000,0.000,0.000,0.000
94774.000,58.000,434084.000,64.000,720.000,0.000,0.000,0.000,0.000
94784.000,57.000,434141.000,64.000,720.000,0.000,0.000,0.000,0.000
94794.000,57.000,434198.000,64.000,0.000,0.000,0.000,0.000,0.000
94804.000,58.000,434256.000,64.000,0.000,0.000,0.000,0.000,0.000
94814.000,58.000,434314.000,64.000,720.000,0.000,0.000,0.000,0.000
94824.000,58.000,434372.000,64.000,720.000,0.000,0.000,0.000,0.000
94834.000,57.000,434429.000,64.000,720.000,0.000,0.000,0.000,0.000
94844.000,57.000,434486.000,64.000,0.000,0.000,0.000,0.000,0.000
94854.000,58.000,434544.000,64.000,0.000,0.000,0.000,0.000,0.000
94864.000,58.000,434602.000,64.000,720.000,0.000,0.000,0.000,0.000
94874.000,58.000,434660.000,64.000,720.000,0.000,0.000,0.000,0.000
94884.000,57.000,434717.000,64.000,720.000,0.000,0.000,0.000,0.000
94894.000,57.000,434774.000,64.000,0.000,0.000,0.000,0.000,0.000
94904.000,58.000,434832.000,64.000,0.000,0.000,0.000,0.000,0.000
94914.000,58.000,434890.000,64.000,720.000,0.000,0.000,0.000,0.000
94924.000,58.000,434948.000,64.000,720.000,0.000,0.000,0.000,0.000
94934.000,57.000,435005.000,64.000,720.000,0.000,0.000,0.000,0.000
94944.000,58.000,435063.000,64.000,0.000,0.000,0.000,0.000,0.000
94954.000,57.000,435120.000,64.000,720.000,0.000,0.000,0.000,0.000
94964.000,58.000,435178.000,64.000,0.000,0.000,0.000,0.000,0.000
94974.000,58.000,435236.000,64.000,720.000,0.000,0.000,0.000,0.000
94984.000,58.000,435294.000,64.000,720.000,0.000,0.000,0.000,0.000
94994.000,56.000,435350.000,64.000,720.000,0.000,0.000,0.000,0.000
95004.000,58.000,435408.000,64.000,0.000,0.000,0.000,0.000,0.000
95014.000,57.000,435465.000,64.000,720.000,0.000,0.000,0.000,0.000
95024.000,57.000,435522.000,64.000,0.000,0.000,0.000,0.000,0.000
95034.000,59.000,435581.000,64.000,0.000,0.000,0.000,0.000,0.000
95044.000,57.000,435638.000,64.000,720.000,0.000,0.000,0.000,0.000
95054.000,58.000,435696.000,64.000,0.000,0.000,0.000,0.000,0.000
95064.000,58.000,435754.000,64.000,720.000,0.000,0.000,0.000,0.000
95074.000,58.000,435812.000,64.000,720.000,0.000,0.000,0.000,0.000
95084.000,57.000,435869.000,64.000,720.000,0.000,0.000,0.000,0.000
95094.000,57.000,435926.000,64.000,0.000,0.000,0.000,0.000,0.000
95104.000,59.000,435985.000,64.000,0.000,0.000,0.000,0.000,0.000
95114.000,57.000,436042.000,64.000,720.000,0.000,0.000,0.000,0.000
95124.000,59.000,436101.000,64.000,0.000,0.000,0.000,0.000,0.000
95134.000,58.000,436159.000,64.000,720.000,0.000,0.000,0.000,0.000
95144.000,58.000,436217.000,64.000,720.000,0.000,0.000,0.000,0.000
95154.000,57.000,436274.000,64.000,720.000,0.000,0.000,0.000,0.000
95164.000,56.000,436330.000,64.000,720.000,0.000,0.000,0.000,0.000
95174.000,58.000,436388.000,64.000,0.000,0.000,0.000,0.000,0.000
95184.000,57.000,436445.000,64.000,720.000,0.000,0.000,0.000,0.000
95194.000,57.000,436502.000,64.000,0.000,0.000,0.000,0.000,0.000
95204.000,58.000,436560.000,64.000,0.000,0.000,0.000,0.000,0.000
95214.000,58.000,436618.000,64.000,720.000,0.000,0.000,0.000,0.000
95224.000,58.000,436676.000,64.000,720.000,0.000,0.000,0.000,0.000
95234.000,57.000,436733.000,64.000,720.000,0.000,0.000,0.000,0.000
95244.000,57.000,436790.000,64.000,0.000,0.000,0.000,0.000,0.000
95254.000,58.000,436848.000,64.000,0.000,0.000,0.000,0.000,0.000
95264.000,58.000,436906.000,64.000,720.000,0.000,0.000,0.000,0.000
95274.000,58.000,436964.000,64.000,720.000,0.000,0.000,0.000,0.000
95284.000,58.000,437022.000,64.000,720.000,0.000,0.000,0.000,0.000
95294.000,56.000,437078.000,64.000,720.000,0.000,0.000,0.000,0.000
95304.000,58.000,437136.000,64.000,0.000,0.000,0.000,0.000,0.000
95314.000,58.000,437194.000,64.000,720.000,0.000,0.000,0.000,0.000
95324.000,56.000,437250.000,64.000,720.000,0.000,0.000,0.000,0.000
95334.000,58.000,437308.000,64.000,0.000,0.000,0.000,0.000,0.000
95344.000,58.000,437366.000,64.000,720.000,0.000,0.000,0.000,0.000
95354.000,56.000,437422.000,64.000,720.000,0.000,0.000,0.000,0.000
95364.000,58.000,437480.000,64.000,0.000,0.000,0.000,0.000,0.000
95374.000,57.000,437537.000,64.000,720.000,0.000,0.000,0.000,0.000
95384.000,57.000,437594.000,64.000,0.000,0.000,0.000,0.000,0.000
95394.000,58.000,437652.000,64.000,0.000,0.000,0.000,0.000,0.000
95404.000,59.000,437711.000,64.000,0.000,0.000,0.000,0.000,0.000
95414.000,58.000,437769.000,64.000,720.000,0.000,0.000,0.000,0.000
95424.000,59.000,437828.000,64.000,720.000,0.000,0.000,0.000,0.000
95434.000,57.000,437885.000,64.000,720.000,0.000,0.000,0.000,0.000
95444.000,57.000,437942.000,64.000,0.000,0.000,0.000,0.000,0.000
95454.000,59.000,438001.000,64.000,0.000,0.000,0.000,0.000,0.000
95464.000,58.000,438059.000,64.000,720.000,0.000,0.000,0.000,0.000
95474.000,58.000,438117.000,64.000,720.000,0.000,0.000,0.000,0.000
95484.000,57.000,438174.000,64.000,720.000,0.000,0.000,0.000,0.000
95494.000,58.000,438232.000,64.000,720.000,0.000,0.000,0.000,0.000
95504.000,56.000,438288.000,64.000,720.000,0.000,0.000,0.000,0.000
95514.000,57.000,438345.000,64.000,0.000,0.000,0.000,0.000,0.000
95524.000,57.000,438402.000,64.000,0.000,0.000,0.000,0.000,0.000
95534.000,59.000,438461.000,64.000,0.000,0.000,0.000,0.000,0.000
95544.000,57.000,438518.000,64.000,720.000,0.000,0.000,0.000,0.000
95554.000,58.000,438576.000,64.000,0.000,0.000,0.000,0.000,0.000
95564.000,58.000,438634.000,64.000,720.000,0.000,0.000,0.000,0.000
95574.000,59.000,438693.000,64.000,720.000,0.000,0.000,0.000,0.000
95584.000,57.000,438750.000,64.000,720.000,0.000,0.000,0.000,0.000
95594.000,57.000,438807.000,64.000,720.000,0.000,0.000,0.000,0.000
95604.000,57.000,438864.000,64.000,0.000,0.000,0.000,0.000,0.000
95614.000,58.000,438922.000,64.000,0.000,0.000,0.000,0.000,0.000
95624.000,58.000,438980.000,64.000,720.000,0.000,0.000,0.000,0.000
95634.000,57.000,439037.000,64.000,720.000,0.000,0.000,0.000,0.000
95644.000,57.000,439094.000,64.000,0.000,0.000,0.000,0.000,0.000
95654.000,59.000,439153.000,64.000,0.000,0.000,0.000,0.000,0.000
95664.000,57.000,439210.000,64.000,720.000,0.000,0.000,0.000,0.000
95674.000,59.000,439269.000,64.000,0.000,0.000,0.000,0.000,0.000
95684.000,58.000,439327.000,64.000,720.000,0.000,0.000,0.000,0.000
95694.000,58.000,439385.000,64.000,720.000,0.000,0.000,0.000,0.000
95704.000,57.000,439442.000,64.000,720.000,0.000,0.000,0.000,0.000
95714.000,57.000,439499.000,64.000,720.000,0.000,0.000,0.000,0.000
95724.000,57.000,439556.000,64.000,720.000,0.000,0.000,0.000,0.000
95734.000,57.000,439613.000,64.000,0.000,0.000,0.000,0.000,0.000
95744.000,57.000,439670.000,64.000,0.000,0.000,0.000,0.000,0.000
95754.000,59.000,439729.000,64.000,0.000,0.000,0.000,0.000,0.000
95764.000,58.000,439787.000,64.000,720.000,0.000,0.000,0.000,0.000
95774.000,58.000,439845.000,64.000,720.000,0.000,0.000,0.000,0.000
95784.000,57.000,439902.000,64.000,720.000,0.000,0.000,0.000,0.000
95794.000,58.000,439960.000,64.000,720.000,0.000,0.000,0.000,0.000
95804.000,56.000,440016.000,64.000,720.000,0.000,0.000,0.000,0.000
95814.000,58.000,440074.000,64.000,0.000,0.000,0.000,0.000,0.000
95824.000,56.000,440130.000,64.000,720.000,0.000,0.000,0.000,0.000
95834.000,58.000,440188.000,64.000,0.000,0.000,0.000,0.000,0.000
95844.000,58.000,440246.000,64.000,720.000,0.000,0.000,0.000,0.000
95854.000,56.000,440302.000,64.000,720.000,0.000,0.000,0.000,0.000
95864.000,58.000,440360.000,64.000,0.000,0.000,0.000,0.000,0.000
95874.000,57.000,440417.000,64.000,720.000,0.000,0.000,0.000,0.000
95884.000,57.000,440474.000,64.000,0.000,0.000,0.000,0.000,0.000
95894.000,58.000,440532.000,64.000,0.000,0.000,0.000,0.000,0.000
95904.000,59.000,440591.000,64.000,0.000,0.000,0.000,0.000,0.000
95914.000,58.000,440649.000,64.000,720.000,0.000,0.000,0.000,0.000
95924.000,59.000,440708.000,64.000,720.000,0.000,0.000,0.000,0.000
95934.000,57.000,440765.000,64.000,720.000,0.000,0.000,0.000,0.000
95944.000,57.000,440822.000,64.000,0.000,0.000,0.000,0.000,0.000
95954.000,58.000,440880.000,64.000,0.000,0.000,0.000,0.000,0.000
95964.000,58.000,440938.000,64.000,720.000,0.000,0.000,0.000,0.000
95974.000,59.000,440997.000,64.000,720.000,0.000,0.000,0.000,0.000
95984.000,57.000,441054.000,64.000,720.000,0.000,0.000,0.000,0.000
95994.000,56.000,441110.000,64.000,720.000,0.000,0.000,0.000,0.000
96004.000,58.000,441168.000,64.000,0.000,0.000,0.000,0.000,0.000
96014.000,57.000,441225.000,64.000,720.000,0.000,0.000,0.000,0.000
96024.000,57.000,441282.000,64.000,0.000,0.000,0.000,0.000,0.000
96034.000,59.000,441341.000,64.000,0.000,0.000,0.000,0.000,0.000
96044.000,57.000,441398.000,64.000,720.000,0.000,0.000,0.000,0.000
96054.000,58.000,441456.000,64.000,0.000,0.000,0.000,0.000,0.000
96064.000,58.000,441514.000,64.000,720.000,0.000,0.000,0.000,0.000
96074.000,58.000,441572.000,64.000,720.000,0.000,0.000,0.000,0.000
96084.000,58.000,441630.000,64.000,720.000,0.000,0.000,0.000,0.000
96094.000,56.000,441686.000,64.000,720.000,0.000,0.000,0.000,0.000
96104.000,58.000,441744.000,64.000,0.000,0.000,0.000,0.000,0.000
96114.000,57.000,441801.000,64.000,720.000,0.000,0.000,0.000,0.000
96124.000,57.000,441858.000,64.000,0.000,0.000,0.000,0.000,0.000
96134.000,59.000,441917.000,64.000,0.000,0.000,0.000,0.000,0.000
96144.000,57.000,441974.000,64.000,720.000,0.000,0.000,0.000,0.000
96154.000,59.000,442033.000,64.000,0.000,0.000,0.000,0.000,0.000
96164.000,57.000,442090.000,64.000,720.000,0.000,0.000,0.000,0.000
96174.000,59.000,442149.000,64.000,0.000,0.000,0.000,0.000,0.000
96184.000,59.000,442208.000,64.000,720.000,0.000,0.000,0.000,0.000
96194.000,57.000,442265.000,64.000,720.000,0.000,0.000,0.000,0.000
96204.000,57.000,442322.000,64.000,720.000,0.000,0.000,0.000,0.000
96214.000,58.000,442380.000,64.000,720.000,0.000,0.000,0.000,0.000
96224.000,57.000,442437.000,64.000,720.000,0.000,0.000,0.000,0.000
96234.000,56.000,442493.000,64.000,720.000,0.000,0.000,0.000,0.000
96244.000,57.000,442550.000,64.000,0.000,0.000,0.000,0.000,0.000
96254.000,58.000,442608.000,64.000,0.000,0.000,0.000,0.000,0.000
96264.000,57.000,442665.000,64.000,720.000,0.000,0.000,0.000,0.000
96274.000,57.000,442722.000,64.000,0.000,0.000,0.000,0.000,0.000
96284.000,58.000,442780.000,64.000,0.000,0.000,0.000,0.000,0.000
96294.000,58.000,442838.000,64.000,720.000,0.000,0.000,0.000,0.000
96304.000,58.000,442896.000,64.000,720.000,0.000,0.000,0.000,0.000
96314.000,57.000,442953.000,64.000,720.000,0.000,0.000,0.000,0.000
96324.000,57.000,443010.000,64.000,0.000,0.000,0.000,0.000,0.000
96334.000,59.000,443069.000,64.000,0.000,0.000,0.000,0.000,0.000
96344.000,57.000,443126.000,64.000,720.000,0.000,0.000,0.000,0.000
96354.000,58.000,443184.000,64.000,0.000,0.000,0.000,0.000,0.000
96364.000,58.000,443242.000,64.000,720.000,0.000,0.000,0.000,0.000
96374.000,58.000,443300.000,64.000,720.000,0.000,0.000,0.000,0.000
96384.000,57.000,443357.000,64.000,720.000,0.000,0.000,0.000,0.000
96394.000,57.000,443414.000,64.000,0.000,0.000,0.000,0.000,0.000
96404.000,59.000,443473.000,64.000,0.000,0.000,0.000,0.000,0.000
96414.000,57.000,443530.000,64.000,720.000,0.000,0.000,0.000,0.000
96424.000,59.000,443589.000,64.000,0.000,0.000,0.000,0.000,0.000
96434.000,57.000,443646.000,64.000,720.000,0.000,0.000,0.000,0.000
96444.000,58.000,443704.000,64.000,720.000,0.000,0.000,0.000,0.000
96454.000,57.000,443761.000,64.000,720.000,0.000,0.000,0.000,0.000
96464.000,57.000,443818.000,64.000,720.000,0.000,0.000,0.000,0.000
96474.000,58.000,443876.000,64.000,0.000,0.000,0.000,0.000,0.000
96484.000,57.000,443933.000,64.000,720.000,0.000,0.000,0.000,0.000
96494.000,57.000,443990.000,64.000,0.000,0.000,0.000,0.000,0.000
96504.000,58.000,444048.000,64.000,0.000,0.000,0.000,0.000,0.000
96514.000,58.000,444106.000,64.000,720.000,0.000,0.000,0.000,0.000
96524.000,58.000,444164.000,64.000,720.000,0.000,0.000,0.000,0.000
96534.000,57.000,444221.000,64.000,720.000,0.000,0.000,0.000,0.000
96544.000,57.000,444278.000,64.000,0.000,0.000,0.000,0.000,0.000
96554.000,58.000,444336.000,64.000,0.000,0.000,0.000,0.000,0.000
96564.000,58.000,444394.000,64.000,720.000,0.000,0.000,0.000,0.000
96574.000,58.000,444452.000,64.000,720.000,0.000,0.000,0.000,0.000
96584.000,57.000,444509.000,64.000,720.000,0.000,0.000,0.000,0.000
96594.000,57.000,444566.000,64.000,0.000,0.000,0.000,0.000,0.000
96604.000,58.000,444624.000,64.000,0.000,0.000,0.000,0.000,0.000
96614.000,58.000,444682.000,64.000,720.000,0.000,0.000,0.000,0.000
96624.000,58.000,444740.000,64.000,720.000,0.000,0.000,0.000,0.000
96634.000,57.000,444797.000,64.000,720.000,0.000,0.000,0.000,0.000
96644.000,57.000,444854.000,64.000,0.000,0.000,0.000,0.000,0.000
96654.000,58.000,444912.000,64.000,0.000,0.000,0.000,0.000,0.000
96664.000,58.000,444970.000,64.000,720.000,0.000,0.000,0.000,0.000
96674.000,58.000,445028.000,64.000,720.000,0.000,0.000,0.000,0.000
96684.000,57.000,445085.000,64.000,720.000,0.000,0.000,0.000,0.000
96694.000,57.000,445142.000,64.000,0.000,0.000,0.000,0.000,0.000
96704.000,58.000,445200.000,64.000,0.000,0.000,0.000,0.000,0.000
96714.000,58.000,445258.000,64.000,720.000,0.000,0.000,0.000,0.000
96724.000,58.000,445316.000,64.000,720.000,0.000,0.000,0.000,0.000
96734.000,57.000,445373.000,64.000,720.000,0.000,0.000,0.000,0.000
96744.000,57.000,445430.000,64.000,0.000,0.000,0.000,0.000,0.000
96754.000,58.000,445488.000,64.000,0.000,0.000,0.000,0.000,0.000
96764.000,58.000,445546.000,64.000,720.000,0.000,0.000,0.000,0.000
96774.000,58.000,445604.000,64.000,720.000,0.000,0.000,0.000,0.000
96784.000,57.000,445661.000,64.000,720.000,0.000,0.000,0.000,0.000
96794.000,57.000,445718.000,64.000,0.000,0.000,0.000,0.000,0.000
96804.000,58.000,445776.000,64.000,0.000,0.000,0.000,0.000,0.000
96814.000,57.000,445833.000,64.000,720.000,0.000,0.000,0.000,0.000
96824.000,58.000,445891.000,64.000,0.000,0.000,0.000,0.000,0.000
96834.000,58.000,445949.000,64.000,720.000,0.000,0.000,0.000,0.000
96844.000,57.000,446006.000,64.000,720.000,0.000,0.000,0.000,0.000
96854.000,58.000,446064.000,64.000,0.000,0.000,0.000,0.000,0.000
96864.000,58.000,446122.000,64.000,720.000,0.000,0.000,0.000,0.000
96874.000,57.000,446179.000,64.000,720.000,0.000,0.000,0.000,0.000
96884.000,58.000,446237.000,64.000,0.000,0.000,0.000,0.000,0.000
96894.000,57.000,446294.000,64.000,720.000,0.000,0.000,0.000,0.000
96904.000,58.000,446352.000,64.000,0.000,0.000,0.000,0.000,0.000
96914.000,57.000,446409.000,64.000,720.000,0.000,0.000,0.000,0.000
96924.000,58.000,446467.000,64.000,0.000,0.000,0.000,0.000,0.000
96934.000,58.000,446525.000,64.000,720.000,0.000,0.000,0.000,0.000
96944.000,57.000,446582.000,64.000,720.000,0.000,0.000,0.000,0.000
96954.000,58.000,446640.000,64.000,0.000,0.000,0.000,0.000,0.000
96964.000,58.000,446698.000,64.000,720.000,0.000,0.000,0.000,0.000
96974.000,58.000,446756.000,64.000,720.000,0.000,0.000,0.000,0.000
96984.000,57.000,446813.000,64.000,720.000,0.000,0.000,0.000,0.000
96994.000,57.000,446870.000,64.000,0.000,0.000,0.000,0.000,0.000
97004.000,58.000,446928.000,64.000,0.000,0.000,0.000,0.000,0.000
97014.000,57.000,446985.000,64.000,720.000,0.000,0.000,0.000,0.000
97024.000,58.000,447043.000,64.000,0.000,0.000,0.000,0.000,0.000
97034.000,58.000,447101.000,64.000,720.000,0.000,0.000,0.000,0.000
97044.000,57.000,447158.000,64.000,720.000,0.000,0.000,0.000,0.000
97054.000,58.000,447216.000,64.000,0.000,0.000,0.000,0.000,0.000
97064.000,58.000,447274.000,64.000,720.000,0.000,0.000,0.000,0.000
97074.000,57.000,447331.000,64.000,720.000,0.000,0.000,0.000,0.000
97084.000,58.000,447389.000,64.000,0.000,0.000,0.000,0.000,0.000
97094.000,57.000,447446.000,64.000,720.000,0.000,0.000,0.000,0.000
97104.000,58.000,447504.000,64.000,0.000,0.000,0.000,0.000,0.000
97114.000,57.000,447561.000,64.000,720.000,0.000,0.000,0.000,0.000
97124.000,58.000,447619.000,64.000,0.000,0.000,0.000,0.000,0.000
97134.000,58.000,447677.000,64.000,720.000,0.000,0.000,0.000,0.000
97144.000,57.000,447734.000,64.000,720.000,0.000,0.000,0.000,0.000
97154.000,58.000,447792.000,64.000,0.000,0.000,0.000,0.000,0.000
97164.000,58.000,447850.000,64.000,720.000,0.000,0.000,0.000,0.000
97174.000,56.000,447906.000,64.000,720.000,0.000,0.000,0.000,0.000
97184.000,58.000,447964.000,64.000,0.000,0.000,0.000,0.000,0.000
97194.000,58.000,448022.000,64.000,720.000,0.000,0.000,0.000,0.000
97204.000,56.000,448078.000,64.000,720.000,0.000,0.000,0.000,0.000
97214.000,58.000,448136.000,64.000,0.000,0.000,0.000,0.000,0.000
97224.000,57.000,448193.000,64.000,720.000,0.000,0.000,0.000,0.000
97234.000,57.000,448250.000,64.000,0.000,0.000,0.000,0.000,0.000
97244.000,58.000,448308.000,64.000,0.000,0.000,0.000,0.000,0.000
97254.000,59.000,448367.000,64.000,0.000,0.000,0.000,0.000,0.000
97264.000,58.000,448425.000,64.000,720.000,0.000,0.000,0.000,0.000
97274.000,58.000,448483.000,64.000,720.000,0.000,0.000,0.000,0.000
97284.000,58.000,448541.000,64.000,720.000,0.000,0.000,0.000,0.000
97294.000,57.000,448598.000,64.000,720.000,0.000,0.000,0.000,0.000
97304.000,58.000,448656.000,64.000,0.000,0.000,0.000,0.000,0.000
97314.000,57.000,448713.000,64.000,720.000,0.000,0.000,0.000,0.000
97324.000,57.000,448770.000,64.000,0.000,0.000,0.000,0.000,0.000
97334.000,59.000,448829.000,64.000,0.000,0.000,0.000,0.000,0.000
97344.000,57.000,448886.000,64.000,720.000,0.000,0.000,0.000,0.000
97354.000,58.000,448944.000,64.000,0.000,0.000,0.000,0.000,0.000
97364.000,58.000,449002.000,64.000,720.000,0.000,0.000,0.000,0.000
97374.000,58.000,449060.000,64.000,720.000,0.000,0.000,0.000,0.000
97384.000,58.000,449118.000,64.000,720.000,0.000,0.000,0.000,0.000
97394.000,56.000,449174.000,64.000,720.000,0.000,0.000,0.000,0.000
97404.000,58.000,449232.000,64.000,0.000,0.000,0.000,0.000,0.000
97414.000,57.000,449289.000,64.000,720.000,0.000,0.000,0.000,0.000
97424.000,58.000,449347.000,64.000,0.000,0.000,0.000,0.000,0.000
97434.000,58.000,449405.000,64.000,720.000,0.000,0.000,0.000,0.000
97444.000,57.000,449462.000,64.000,720.000,0.000,0.000,0.000,0.000
97454.000,57.000,449519.000,64.000,0.000,0.000,0.000,0.000,0.000
97464.000,58.000,449577.000,64.000,0.000,0.000,0.000,0.000,0.000
97474.000,58.000,449635.000,64.000,720.000,0.000,0.000,0.000,0.000
97484.000,58.000,449693.000,64.000,720.000,0.000,0.000,0.000,0.000
97494.000,57.000,449750.000,64.000,720.000,0.000,0.000,0.000,0.000
97504.000,57.000,449807.000,64.000,0.000,0.000,0.000,0.000,0.000
97514.000,58.000,449865.000,64.000,0.000,0.000,0.000,0.000,0.000
97524.000,57.000,449922.000,64.000,720.000,0.000,0.000,0.000,0.000
97534.000,59.000,449981.000,64.000,0.000,0.000,0.000,0.000,0.000
97544.000,57.000,450038.000,64.000,720.000,0.000,0.000,0.000,0.000
97554.000,58.000,450096.000,64.000,0.000,0.000,0.000,0.000,0.000
97564.000,58.000,450154.000,64.000,720.000,0.000,0.000,0.000,0.000
97574.000,58.000,450212.000,64.000,720.000,0.000,0.000,0.000,0.000
97584.000,57.000,450269.000,64.000,720.000,0.000,0.000,0.000,0.000
97594.000,57.000,450326.000,64.000,0.000,0.000,0.000,0.000,0.000
97604.000,58.000,450384.000,64.000,0.000,0.000,0.000,0.000,0.000
97614.000,58.000,450442.000,64.000,720.000,0.000,0.000,0.000,0.000
97624.000,58.000,450500.000,64.000,720.000,0.000,0.000,0.000,0.000
97634.000,57.000,450557.000,64.000,720.000,0.000,0.000,0.000,0.000
97644.000,57.000,450614.000,64.000,0.000,0.000,0.000,0.000,0.000
97654.000,58.000,450672.000,64.000,0.000,0.000,0.000,0.000,0.000
97664.000,58.000,450730.000,64.000,720.000,0.000,0.000,0.000,0.000
97674.000,58.000,450788.000,64.000,720.000,0.000,0.000,0.000,0.000
97684.000,57.000,450845.000,64.000,720.000,0.000,0.000,0.000,0.000
97694.000,57.000,450902.000,64.000,0.000,0.000,0.000,0.000,0.000
97704.000,58.000,450960.000,64.000,0.000,0.000,0.000,0.000,0.000
97714.000,57.000,451017.000,64.000,720.000,0.000,0.000,0.000,0.000
97724.000,59.000,451076.000,64.000,0.000,0.000,0.000,0.000,0.000
97734.000,57.000,451133.000,64.000,720.000,0.000,0.000,0.000,0.000
97744.000,59.000,451192.000,64.000,0.000,0.000,0.000,0.000,0.000
97754.000,58.000,451250.000,64.000,720.000,0.000,0.000,0.000,0.000
97764.000,57.000,451307.000,64.000,720.000,0.000,0.000,0.000,0.000
97774.000,58.000,451365.000,64.000,720.000,0.000,0.000,0.000,0.000
97784.000,57.000,451422.000,64.000,720.000,0.000,0.000,0.000,0.000
97794.000,56.000,451478.000,64.000,720.000,0.000,0.000,0.000,0.000
97804.000,58.000,451536.000,64.000,0.000,0.000,0.000,0.000,0.000
97814.000,56.000,451592.000,64.000,720.000,0.000,0.000,0.000,0.000
97824.000,57.000,451649.000,64.000,0.000,0.000,0.000,0.000,0.000
97834.000,59.000,451708.000,64.000,0.000,0.000,0.000,0.000,0.000
97844.000,57.000,451765.000,64.000,720.000,0.000,0.000,0.000,0.000
97854.000,57.000,451822.000,64.000,0.000,0.000,0.000,0.000,0.000
97864.000,59.000,451881.000,64.000,0.000,0.000,0.000,0.000,0.000
97874.000,59.000,451940.000,64.000,720.000,0.000,0.000,0.000,0.000
97884.000,57.000,451997.000,64.000,720.000,0.000,0.000,0.000,0.000
97894.000,59.000,452056.000,64.000,0.000,0.000,0.000,0.000,0.000
97904.000,57.000,452113.000,64.000,720.000,0.000,0.000,0.000,0.000
97914.000,59.000,452172.000,64.000,0.000,0.000,0.000,0.000,0.000
97924.000,58.000,452230.000,64.000,720.000,0.000,0.000,0.000,0.000
97934.000,58.000,452288.000,64.000,720.000,0.000,0.000,0.000,0.000
97944.000,57.000,452345.000,64.000,720.000,0.000,0.000,0.000,0.000
97954.000,57.000,452402.000,64.000,720.000,0.000,0.000,0.000,0.000
97964.000,56.000,452458.000,64.000,720.000,0.000,0.000,0.000,0.000
97974.000,58.000,452516.000,64.000,0.000,0.000,0.000,0.000,0.000
97984.000,56.000,452572.000,64.000,720.000,0.000,0.000,0.000,0.000
97994.000,58.000,452630.000,64.000,0.000,0.000,0.000,0.000,0.000
98004.000,56.000,452686.000,64.000,720.000,0.000,0.000,0.000,0.000
98014.000,58.000,452744.000,64.000,0.000,0.000,0.000,0.000,0.000
98024.000,57.000,452801.000,64.000,720.000,0.000,0.000,0.000,0.000
98034.000,58.000,452859.000,64.000,0.000,0.000,0.000,0.000,0.000
98044.000,57.000,452916.000,64.000,720.000,0.000,0.000,0.000,0.000
98054.000,58.000,452974.000,64.000,0.000,0.000,0.000,0.000,0.000
98064.000,58.000,453032.000,64.000,720.000,0.000,0.000,0.000,0.000
98074.000,57.000,453089.000,64.000,720.000,0.000,0.000,0.000,0.000
98084.000,58.000,453147.000,64.000,0.000,0.000,0.000,0.000,0.000
98094.000,58.000,453205.000,64.000,720.000,0.000,0.000,0.000,0.000
98104.000,57.000,453262.000,64.000,720.000,0.000,0.000,0.000,0.000
98114.000,57.000,453319.000,64.000,0.000,0.000,0.000,0.000,0.000
98124.000,58.000,453377.000,64.000,0.000,0.000,0.000,0.000,0.000
98134.000,58.000,453435.000,64.000,720.000,0.000,0.000,0.000,0.000
98144.000,57.000,453492.000,64.000,720.000,0.000,0.000,0.000,0.000
98154.000,58.000,453550.000,64.000,0.000,0.000,0.000,0.000,0.000
98164.000,58.000,453608.000,64.000,720.000,0.000,0.000,0.000,0.000
98174.000,57.000,453665.000,64.000,720.000,0.000,0.000,0.000,0.000
98184.000,57.000,453722.000,64.000,0.000,0.000,0.000,0.000,0.000
98194.000,58.000,453780.000,64.000,0.000,0.000,0.000,0.000,0.000
98204.000,58.000,453838.000,64.000,0.000,0.000,0.000,0.000,0.000
98214.000,59.000,453897.000,64.000,720.000,0.000,0.000,0.000,0.000
98224.000,58.000,453955.000,64.000,720.000,0.000,0.000,0.000,0.000
98234.000,58.000,454013.000,64.000,720.000,0.000,0.000,0.000,0.000
98244.000,57.000,454070.000,64.000,720.000,0.000,0.000,0.000,0.000
98254.000,58.000,454128.000,64.000,0.000,0.000,0.000,0.000,0.000
98264.000,57.000,454185.000,64.000,720.000,0.000,0.000,0.000,0.000
98274.000,57.000,454242.000,64.000,0.000,0.000,0.000,0.000,0.000
98284.000,59.000,454301.000,64.000,0.000,0.000,0.000,0.000,0.000
98294.000,57.000,454358.000,64.000,720.000,0.000,0.000,0.000,0.000
98304.000,59.000,454417.000,64.000,0.000,0.000,0.000,0.000,0.000
98314.000,57.000,454474.000,64.000,720.000,0.000,0.000,0.000,0.000
98324.000,59.000,454533.000,64.000,0.000,0.000,0.000,0.000,0.000
98334.000,57.000,454590.000,64.000,720.000,0.000,0.000,0.000,0.000
98344.000,58.000,454648.000,64.000,720.000,0.000,0.000,0.000,0.000
98354.000,58.000,454706.000,64.000,720.000,0.000,0.000,0.000,0.000
98364.000,56.000,454762.000,64.000,720.000,0.000,0.000,0.000,0.000
98374.000,58.000,454820.000,64.000,0.000,0.000,0.000,0.000,0.000
98384.000,58.000,454878.000,64.000,720.000,0.000,0.000,0.000,0.000
98394.000,56.000,454934.000,64.000,720.000,0.000,0.000,0.000,0.000
98404.000,58.000,454992.000,64.000,0.000,0.000,0.000,0.000,0.000
98414.000,57.000,455049.000,64.000,720.000,0.000,0.000,0.000,0.000
98424.000,57.000,455106.000,64.000,0.000,0.000,0.000,0.000,0.000
98434.000,58.000,455164.000,64.000,0.000,0.000,0.000,0.000,0.000
98444.000,58.000,455222.000,64.000,720.000,0.000,0.000,0.000,0.000
98454.000,58.000,455280.000,64.000,720.000,0.000,0.000,0.000,0.000
98464.000,57.000,455337.000,64.000,720.000,0.000,0.000,0.000,0.000
98474.000,56.000,455393.000,64.000,0.000,0.000,0.000,0.000,0.000
98484.000,59.000,455452.000,64.000,0.000,0.000,0.000,0.000,0.000
98494.000,57.000,455509.000,64.000,720.000,0.000,0.000,0.000,0.000
98504.000,58.000,455567.000,64.000,0.000,0.000,0.000,0.000,0.000
98514.000,58.000,455625.000,64.000,720.000,0.000,0.000,0.000,0.000
98524.000,57.000,455682.000,64.000,720.000,0.000,0.000,0.000,0.000
98534.000,59.000,455741.000,64.000,0.000,0.000,0.000,0.000,0.000
98544.000,57.000,455798.000,64.000,720.000,0.000,0.000,0.000,0.000
98554.000,58.000,455856.000,64.000,0.000,0.000,0.000,0.000,0.000
98564.000,58.000,455914.000,64.000,720.000,0.000,0.000,0.000,0.000
98574.000,58.000,455972.000,64.000,720.000,0.000,0.000,0.000,0.000
98584.000,57.000,456029.000,64.000,720.000,0.000,0.000,0.000,0.000
98594.000,57.000,456086.000,64.000,0.000,0.000,0.000,0.000,0.000
98604.000,58.000,456144.000,64.000,0.000,0.000,0.000,0.000,0.000
98614.000,57.000,456201.000,64.000,720.000,0.000,0.000,0.000,0.000
98624.000,58.000,456259.000,64.000,0.000,0.000,0.000,0.000,0.000
98634.000,58.000,456317.000,64.000,720.000,0.000,0.000,0.000,0.000
98644.000,57.000,456374.000,64.000,720.000,0.000,0.000,0.000,0.000
98654.000,58.000,456432.000,64.000,0.000,0.000,0.000,0.000,0.000
98664.000,58.000,456490.000,64.000,720.000,0.000,0.000,0.000,0.000
98674.000,57.000,456547.000,64.000,720.000,0.000,0.000,0.000,0.000
98684.000,58.000,456605.000,64.000,0.000,0.000,0.000,0.000,0.000
98694.000,57.000,456662.000,64.000,720.000,0.000,0.000,0.000,0.000
98704.000,58.000,456720.000,64.000,0.000,0.000,0.000,0.000,0.000
98714.000,58.000,456778.000,64.000,720.000,0.000,0.000,0.000,0.000
98724.000,57.000,456835.000,64.000,720.000,0.000,0.000,0.000,0.000
98734.000,58.000,456893.000,64.000,0.000,0.000,0.000,0.000,0.000
98744.000,57.000,456950.000,64.000,720.000,0.000,0.000,0.000,0.000
98754.000,58.000,457008.000,64.000,0.000,0.000,0.000,0.000,0.000
98764.000,57.000,457065.000,64.000,720.000,0.000,0.000,0.000,0.000
98774.000,58.000,457123.000,64.000,0.000,0.000,0.000,0.000,0.000
98784.000,58.000,457181.000,64.000,720.000,0.000,0.000,0.000,0.000
98794.000,57.000,457238.000,64.000,720.000,0.000,0.000,0.000,0.000
98804.000,58.000,457296.000,64.000,0.000,0.000,0.000,0.000,0.000
98814.000,57.000,457353.000,64.000,720.000,0.000,0.000,0.000,0.000
98824.000,57.000,457410.000,64.000,0.000,0.000,0.000,0.000,0.000
98834.000,59.000,457469.000,64.000,0.000,0.000,0.000,0.000,0.000
98844.000,58.000,457527.000,64.000,720.000,0.000,0.000,0.000,0.000
98854.000,58.000,457585.000,64.000,720.000,0.000,0.000,0.000,0.000
98864.000,57.000,457642.000,64.000,720.000,0.000,0.000,0.000,0.000
98874.000,58.000,457700.000,64.000,0.000,0.000,0.000,0.000,0.000
98884.000,57.000,457757.000,64.000,720.000,0.000,0.000,0.000,0.000
98894.000,57.000,457814.000,64.000,0.000,0.000,0.000,0.000,0.000
98904.000,59.000,457873.000,64.000,0.000,0.000,0.000,0.000,0.000
98914.000,57.000,457930.000,64.000,720.000,0.000,0.000,0.000,0.000
98924.000,59.000,457989.000,64.000,0.000,0.000,0.000,0.000,0.000
98934.000,58.000,458047.000,64.000,720.000,0.000,0.000,0.000,0.000
98944.000,57.000,458104.000,64.000,720.000,0.000,0.000,0.000,0.000
98954.000,58.000,458162.000,64.000,720.000,0.000,0.000,0.000,0.000
98964.000,56.000,458218.000,64.000,720.000,0.000,0.000,0.000,0.000
98974.000,58.000,458276.000,64.000,0.000,0.000,0.000,0.000,0.000
98984.000,57.000,458333.000,64.000,720.000,0.000,0.000,0.000,0.000
98994.000,57.000,458390.000,64.000,0.000,0.000,0.000,0.000,0.000
99004.000,58.000,458448.000,64.000,0.000,0.000,0.000,0.000,0.000
99014.000,58.000,458506.000,64.000,720.000,0.000,0.000,0.000,0.000
99024.000,58.000,458564.000,64.000,720.000,0.000,0.000,0.000,0.000
99034.000,57.000,458621.000,64.000,720.000,0.000,0.000,0.000,0.000
99044.000,58.000,458679.000,64.000,0.000,0.000,0.000,0.000,0.000
99054.000,57.000,458736.000,64.000,720.000,0.000,0.000,0.000,0.000
99064.000,58.000,458794.000,64.000,0.000,0.000,0.000,0.000,0.000
99074.000,58.000,458852.000,64.000,720.000,0.000,0.000,0.000,0.000
99084.000,57.000,458909.000,64.000,720.000,0.000,0.000,0.000,0.000
99094.000,57.000,458966.000,64.000,0.000,0.000,0.000,0.000,0.000
99104.000,58.000,459024.000,64.000,0.000,0.000,0.000,0.000,0.000
99114.000,58.000,459082.000,64.000,720.000,0.000,0.000,0.000,0.000
99124.000,57.000,459139.000,64.000,720.000,0.000,0.000,0.000,0.000
99134.000,58.000,459197.000,64.000,0.000,0.000,0.000,0.000,0.000
99144.000,57.000,459254.000,64.000,720.000,0.000,0.000,0.000,0.000
99154.000,58.000,459312.000,64.000,0.000,0.000,0.000,0.000,0.000
99164.000,58.000,459370.000,64.000,720.000,0.000,0.000,0.000,0.000
99174.000,58.000,459428.000,64.000,720.000,0.000,0.000,0.000,0.000
99184.000,57.000,459485.000,64.000,720.000,0.000,0.000,0.000,0.000
99194.000,57.000,459542.000,64.000,0.000,0.000,0.000,0.000,0.000
99204.000,58.000,459600.000,64.000,0.000,0.000,0.000,0.000,0.000
99214.000,58.000,459658.000,64.000,720.000,0.000,0.000,0.000,0.000
99224.000,57.000,459715.000,64.000,720.000,0.000,0.000,0.000,0.000
99234.000,58.000,459773.000,64.000,0.000,0.000,0.000,0.000,0.000
99244.000,57.000,459830.000,64.000,720.000,0.000,0.000,0.000,0.000
99254.000,58.000,459888.000,64.000,0.000,0.000,0.000,0.000,0.000
99264.000,57.000,459945.000,64.000,720.000,0.000,0.000,0.000,0.000
99274.000,57.000,460002.000,64.000,0.000,0.000,0.000,0.000,0.000
99284.000,59.000,460061.000,64.000,0.000,0.000,0.000,0.000,0.000
99294.000,57.000,460118.000,64.000,720.000,0.000,0.000,0.000,0.000
99304.000,58.000,460176.000,64.000,0.000,0.000,0.000,0.000,0.000
99314.000,58.000,460234.000,64.000,720.000,0.000,0.000,0.000,0.000
99324.000,59.000,460293.000,64.000,720.000,0.000,0.000,0.000,0.000
99334.000,57.000,460350.000,64.000,720.000,0.000,0.000,0.000,0.000
99344.000,58.000,460408.000,64.000,720.000,0.000,0.000,0.000,0.000
99354.000,56.000,460464.000,64.000,720.000,0.000,0.000,0.000,0.000
99364.000,57.000,460521.000,64.000,0.000,0.000,0.000,0.000,0.000
99374.000,57.000,460578.000,64.000,0.000,0.000,0.000,0.000,0.000
99384.000,59.000,460637.000,64.000,0.000,0.000,0.000,0.000,0.000
99394.000,57.000,460694.000,64.000,720.000,0.000,0.000,0.000,0.000
99404.000,58.000,460752.000,64.000,0.000,0.000,0.000,0.000,0.000
99414.000,58.000,460810.000,64.000,720.000,0.000,0.000,0.000,0.000
99424.000,58.000,460868.000,64.000,720.000,0.000,0.000,0.000,0.000
99434.000,57.000,460925.000,64.000,720.000,0.000,0.000,0.000,0.000
99444.000,57.000,460982.000,64.000,0.000,0.000,0.000,0.000,0.000
99454.000,58.000,461040.000,64.000,0.000,0.000,0.000,0.000,0.000
99464.000,58.000,461098.000,64.000,720.000,0.000,0.000,0.000,0.000
99474.000,58.000,461156.000,64.000,720.000,0.000,0.000,0.000,0.000
99484.000,57.000,461213.000,64.000,720.000,0.000,0.000,0.000,0.000
99494.000,57.000,461270.000,64.000,0.000,0.000,0.000,0.000,0.000
99504.000,58.000,461328.000,64.000,0.000,0.000,0.000,0.000,0.000
99514.000,58.000,461386.000,64.000,720.000,0.000,0.000,0.000,0.000
99524.000,58.000,461444.000,64.000,720.000,0.000,0.000,0.000,0.000
99534.000,57.000,461501.000,64.000,720.000,0.000,0.000,0.000,0.000
99544.000,57.000,461558.000,64.000,0.000,0.000,0.000,0.000,0.000
99554.000,58.000,461616.000,64.000,0.000,0.000,0.000,0.000,0.000
99564.000,57.000,461673.000,64.000,720.000,0.000,0.000,0.000,0.000
99574.000,58.000,461731.000,64.000,0.000,0.000,0.000,0.000,0.000
99584.000,58.000,461789.000,64.000,720.000,0.000,0.000,0.000,0.000
99594.000,57.000,461846.000,64.000,720.000,0.000,0.000,0.000,0.000
99604.000,58.000,461904.000,64.000,0.000,0.000,0.000,0.000,0.000
99614.000,58.000,461962.000,64.000,720.000,0.000,0.000,0.000,0.000
99624.000,57.000,462019.000,64.000,720.000,0.000,0.000,0.000,0.000
99634.000,58.000,462077.000,64.000,0.000,0.000,0.000,0.000,0.000
99644.000,57.000,462134.000,64.000,720.000,0.000,0.000,0.000,0.000
99654.000,58.000,462192.000,64.000,0.000,0.000,0.000,0.000,0.000
99664.000,58.000,462250.000,64.000,720.000,0.000,0.000,0.000,0.000
99674.000,57.000,462307.000,64.000,720.000,0.000,0.000,0.000,0.000
99684.000,58.000,462365.000,64.000,0.000,0.000,0.000,0.000,0.000
99694.000,57.000,462422.000,64.000,720.000,0.000,0.000,0.000,0.000
99704.000,58.000,462480.000,64.000,0.000,0.000,0.000,0.000,0.000
99714.000,57.000,462537.000,64.000,720.000,0.000,0.000,0.000,0.000
99724.000,57.000,462594.000,64.000,0.000,0.000,0.000,0.000,0.000
99734.000,59.000,462653.000,64.000,0.000,0.000,0.000,0.000,0.000
99744.000,57.000,462710.000,64.000,720.000,0.000,0.000,0.000,0.000
99754.000,58.000,462768.000,64.000,0.000,0.000,0.000,0.000,0.000
99764.000,58.000,462826.000,64.000,720.000,0.000,0.000,0.000,0.000
99774.000,59.000,462885.000,64.000,720.000,0.000,0.000,0.000,0.000
99784.000,57.000,462942.000,64.000,720.000,0.000,0.000,0.000,0.000
99794.000,57.000,462999.000,64.000,720.000,0.000,0.000,0.000,0.000
99804.000,57.000,463056.000,64.000,0.000,0.000,0.000,0.000,0.000
99814.000,58.000,463114.000,64.000,0.000,0.000,0.000,0.000,0.000
99824.000,58.000,463172.000,64.000,720.000,0.000,0.000,0.000,0.000
99834.000,57.000,463229.000,64.000,720.000,0.000,0.000,0.000,0.000
99844.000,57.000,463286.000,64.000,0.000,0.000,0.000,0.000,0.000
99854.000,58.000,463344.000,64.000,0.000,0.000,0.000,0.000,0.000
99864.000,58.000,463402.000,64.000,720.000,0.000,0.000,0.000,0.000
99874.000,58.000,463460.000,64.000,720.000,0.000,0.000,0.000,0.000
99884.000,57.000,463517.000,64.000,720.000,0.000,0.000,0.000,0.000
99894.000,57.000,463574.000,64.000,0.000,0.000,0.000,0.000,0.000
99904.000,58.000,463632.000,64.000,0.000,0.000,0.000,0.000,0.000
99914.000,58.000,463690.000,64.000,720.000,0.000,0.000,0.000,0.000
99924.000,58.000,463748.000,64.000,720.000,0.000,0.000,0.000,0.000
99934.000,57.000,463805.000,64.000,720.000,0.000,0.000,0.000,0.000
99944.000,57.000,463862.000,64.000,0.000,0.000,0.000,0.000,0.000
99954.000,58.000,463920.000,64.000,0.000,0.000,0.000,0.000,0.000
99964.000,58.000,463978.000,64.000,720.000,0.000,0.000,0.000,0.000
99974.000,58.000,464036.000,64.000,720.000,0.000,0.000,0.000,0.000
99984.000,57.000,464093.000,64.000,720.000,0.000,0.000,0.000,0.000
99994.000,57.000,464150.000,64.000,0.000,0.000,0.000,0.000,0.000
100004.000,59.000,464209.000,64.000,0.000,0.000,0.000,0.000,0.000
100014.000,57.000,464266.000,64.000,720.000,0.000,0.000,0.000,0.000
100024.000,58.000,464324.000,64.000,0.000,0.000,0.000,0.000,0.000
100034.000,58.000,464382.000,64.000,720.000,0.000,0.000,0.000,0.000
100044.000,58.000,464440.000,64.000,720.000,0.000,0.000,0.000,0.000
100054.000,56.000,464496.000,64.000,720.000,0.000,0.000,0.000,0.000
100064.000,58.000,464554.000,64.000,0.000,0.000,0.000,0.000,0.000
100074.000,57.000,464611.000,64.000,720.000,0.000,0.000,0.000,0.000
100084.000,58.000,464669.000,64.000,0.000,0.000,0.000,0.000,0.000
100094.000,57.000,464726.000,64.000,720.000,0.000,0.000,0.000,0.000
100104.000,58.000,464784.000,64.000,0.000,0.000,0.000,0.000,0.000
100114.000,57.000,464841.000,64.000,720.000,0.000,0.000,0.000,0.000
100124.000,58.000,464899.000,64.000,0.000,0.000,0.000,0.000,0.000
100134.000,58.000,464957.000,64.000,720.000,0.000,0.000,0.000,0.000
100144.000,57.000,465014.000,64.000,720.000,0.000,0.000,0.000,0.000
100154.000,58.000,465072.000,64.000,0.000,0.000,0.000,0.000,0.000
100164.000,58.000,465130.000,64.000,720.000,0.000,0.000,0.000,0.000
100174.000,57.000,465187.000,64.000,720.000,0.000,0.000,0.000,0.000
100184.000,58.000,465245.000,64.000,0.000,0.000,0.000,0.000,0.000
100194.000,57.000,465302.000,64.000,720.000,0.000,0.000,0.000,0.000
100204.000,58.000,465360.000,64.000,0.000,0.000,0.000,0.000,0.000
100214.000,57.000,465417.000,64.000,720.000,0.000,0.000,0.000,0.000
100224.000,57.000,465474.000,64.000,0.000,0.000,0.000,0.000,0.000
100234.000,59.000,465533.000,64.000,0.000,0.000,0.000,0.000,0.000
100244.000,57.000,465590.000,64.000,720.000,0.000,0.000,0.000,0.000
100254.000,59.000,465649.000,64.000,0.000,0.000,0.000,0.000,0.000
100264.000,57.000,465706.000,64.000,720.000,0.000,0.000,0.000,0.000
100274.000,59.000,465765.000,64.000,0.000,0.000,0.000,0.000,0.000
100284.000,59.000,465824.000,64.000,720.000,0.000,0.000,0.000,0.000
100294.000,57.000,465881.000,64.000,720.000,0.000,0.000,0.000,0.000
100304.000,58.000,465939.000,64.000,720.000,0.000,0.000,0.000,0.000
100314.000,57.000,465996.000,64.000,720.000,0.000,0.000,0.000,0.000
100324.000,57.000,466053.000,64.000,720.000,0.000,0.000,0.000,0.000
100334.000,56.000,466109.000,64.000,720.000,0.000,0.000,0.000,0.000
100344.000,57.000,466166.000,64.000,0.000,0.000,0.000,0.000,0.000
100354.000,58.000,466224.000,64.000,0.000,0.000,0.000,0.000,0.000
100364.000,57.000,466281.000,64.000,720.000,0.000,0.000,0.000,0.000
100374.000,57.000,466338.000,64.000,0.000,0.000,0.000,0.000,0.000
100384.000,58.000,466396.000,64.000,0.000,0.000,0.000,0.000,0.000
100394.000,58.000,466454.000,64.000,720.000,0.000,0.000,0.000,0.000
100404.000,58.000,466512.000,64.000,720.000,0.000,0.000,0.000,0.000
100414.000,57.000,466569.000,64.000,720.000,0.000,0.000,0.000,0.000
100424.000,58.000,466627.000,64.000,0.000,0.000,0.000,0.000,0.000
100434.000,58.000,466685.000,64.000,720.000,0.000,0.000,0.000,0.000
100444.000,57.000,466742.000,64.000,720.000,0.000,0.000,0.000,0.000
100454.000,57.000,466799.000,64.000,0.000,0.000,0.000,0.000,0.000
100464.000,58.000,466857.000,64.000,0.000,0.000,0.000,0.000,0.000
100474.000,57.000,466914.000,64.000,720.000,0.000,0.000,0.000,0.000
100484.000,59.000,466973.000,64.000,0.000,0.000,0.000,0.000,0.000
100494.000,57.000,467030.000,64.000,720.000,0.000,0.000,0.000,0.000
100504.000,58.000,467088.000,64.000,0.000,0.000,0.000,0.000,0.000
100514.000,58.000,467146.000,64.000,720.000,0.000,0.000,0.000,0.000
100524.000,58.000,467204.000,64.000,720.000,0.000,0.000,0.000,0.000
100534.000,57.000,467261.000,64.000,720.000,0.000,0.000,0.000,0.000
100544.000,57.000,467318.000,64.000,0.000,0.000,0.000,0.000,0.000
100554.000,58.000,467376.000,64.000,0.000,0.000,0.000,0.000,0.000
100564.000,58.000,467434.000,64.000,720.000,0.000,0.000,0.000,0.000
100574.000,57.000,467491.000,64.000,720.000,0.000,0.000,0.000,0.000
100584.000,58.000,467549.000,64.000,0.000,0.000,0.000,0.000,0.000
100594.000,57.000,467606.000,64.000,720.000,0.000,0.000,0.000,0.000
100604.000,58.000,467664.000,64.000,0.000,0.000,0.000,0.000,0.000
100614.000,58.000,467722.000,64.000,720.000,0.000,0.000,0.000,0.000
100624.000,58.000,467780.000,64.000,720.000,0.000,0.000,0.000,0.000
100634.000,57.000,467837.000,64.000,720.000,0.000,0.000,0.000,0.000
100644.000,57.000,467894.000,64.000,0.000,0.000,0.000,0.000,0.000
100654.000,58.000,467952.000,64.000,0.000,0.000,0.000,0.000,0.000
100664.000,57.000,468009.000,64.000,720.000,0.000,0.000,0.000,0.000
100674.000,57.000,468066.000,64.000,0.000,0.000,0.000,0.000,0.000
100684.000,59.000,468125.000,64.000,0.000,0.000,0.000,0.000,0.000
100694.000,59.000,468184.000,64.000,720.000,0.000,0.000,0.000,0.000
100704.000,57.000,468241.000,64.000,720.000,0.000,0.000,0.000,0.000
100714.000,57.000,468298.000,64.000,0.000,0.000,0.000,0.000,0.000
100724.000,59.000,468357.000,64.000,0.000,0.000,0.000,0.000,0.000
100734.000,59.000,468416.000,64.000,720.000,0.000,0.000,0.000,0.000
100744.000,58.000,468474.000,64.000,720.000,0.000,0.000,0.000,0.000
100754.000,57.000,468531.000,64.000,720.000,0.000,0.000,0.000,0.000
100764.000,57.000,468588.000,64.000,720.000,0.000,0.000,0.000,0.000
100774.000,57.000,468645.000,64.000,720.000,0.000,0.000,0.000,0.000
100784.000,57.000,468702.000,64.000,720.000,0.000,0.000,0.000,0.000
100794.000,56.000,468758.000,64.000,720.000,0.000,0.000,0.000,0.000
100804.000,57.000,468815.000,64.000,0.000,0.000,0.000,0.000,0.000
100814.000,57.000,468872.000,64.000,0.000,0.000,0.000,0.000,0.000
100824.000,58.000,468930.000,64.000,0.000,0.000,0.000,0.000,0.000
100834.000,58.000,468988.000,64.000,720.000,0.000,0.000,0.000,0.000
100844.000,57.000,469045.000,64.000,720.000,0.000,0.000,0.000,0.000
100854.000,57.000,469102.000,64.000,0.000,0.000,0.000,0.000,0.000
100864.000,58.000,469160.000,64.000,0.000,0.000,0.000,0.000,0.000
100874.000,58.000,469218.000,64.000,720.000,0.000,0.000,0.000,0.000
100884.000,58.000,469276.000,64.000,720.000,0.000,0.000,0.000,0.000
100894.000,58.000,469334.000,64.000,720.000,0.000,0.000,0.000,0.000
100904.000,56.000,469390.000,64.000,720.000,0.000,0.000,0.000,0.000
100914.000,58.000,469448.000,64.000,0.000,0.000,0.000,0.000,0.000
100924.000,57.000,469505.000,64.000,720.000,0.000,0.000,0.000,0.000
100934.000,57.000,469562.000,64.000,0.000,0.000,0.000,0.000,0.000
100944.000,58.000,469620.000,64.000,0.000,0.000,0.000,0.000,0.000
100954.000,58.000,469678.000,64.000,0.000,0.000,0.000,0.000,0.000
100964.000,58.000,469736.000,64.000,720.000,0.000,0.000,0.000,0.000
100974.000,58.000,469794.000,64.000,720.000,0.000,0.000,0.000,0.000
100984.000,58.000,469852.000,64.000,720.000,0.000,0.000,0.000,0.000
100994.000,57.000,469909.000,64.000,720.000,0.000,0.000,0.000,0.000
101004.000,57.000,469966.000,64.000,0.000,0.000,0.000,0.000,0.000
101014.000,58.000,470024.000,64.000,0.000,0.000,0.000,0.000,0.000
101024.000,57.000,470081.000,64.000,720.000,0.000,0.000,0.000,0.000
101034.000,58.000,470139.000,64.000,0.000,0.000,0.000,0.000,0.000
101044.000,58.000,470197.000,64.000,720.000,0.000,0.000,0.000,0.000
101054.000,57.000,470254.000,64.000,720.000,0.000,0.000,0.000,0.000
101064.000,58.000,470312.000,64.000,0.000,0.000,0.000,0.000,0.000
101074.000,57.000,470369.000,64.000,720.000,0.000,0.000,0.000,0.000
101084.000,59.000,470428.000,64.000,0.000,0.000,0.000,0.000,0.000
101094.000,57.000,470485.000,64.000,720.000,0.000,0.000,0.000,0.000
101104.000,58.000,470543.000,64.000,0.000,0.000,0.000,0.000,0.000
101114.000,58.000,470601.000,64.000,720.000,0.000,0.000,0.000,0.000
101124.000,57.000,470658.000,64.000,720.000,0.000,0.000,0.000,0.000
101134.000,58.000,470716.000,64.000,0.000,0.000,0.000,0.000,0.000
101144.000,57.000,470773.000,64.000,720.000,0.000,0.000,0.000,0.000
101154.000,58.000,470831.000,64.000,0.000,0.000,0.000,0.000,0.000
101164.000,58.000,470889.000,64.000,720.000,0.000,0.000,0.000,0.000
101174.000,57.000,470946.000,64.000,720.000,0.000,0.000,0.000,0.000
101184.000,58.000,471004.000,64.000,0.000,0.000,0.000,0.000,0.000
101194.000,58.000,471062.000,64.000,720.000,0.000,0.000,0.000,0.000
101204.000,56.000,471118.000,64.000,720.000,0.000,0.000,0.000,0.000
101214.000,58.000,471176.000,64.000,0.000,0.000,0.000,0.000,0.000
101224.000,57.000,471233.000,64.000,720.000,0.000,0.000,0.000,0.000
101234.000,58.000,471291.000,64.000,0.000,0.000,0.000,0.000,0.000
101244.000,58.000,471349.000,64.000,720.000,0.000,0.000,0.000,0.000
101254.000,57.000,471406.000,64.000,720.000,0.000,0.000,0.000,0.000
101264.000,58.000,471464.000,64.000,0.000,0.000,0.000,0.000,0.000
101274.000,57.000,471521.000,64.000,720.000,0.000,0.000,0.000,0.000
101284.000,57.000,471578.000,64.000,0.000,0.000,0.000,0.000,0.000
101294.000,58.000,471636.000,64.000,0.000,0.000,0.000,0.000,0.000
101304.000,58.000,471694.000,64.000,0.000,0.000,0.000,0.000,0.000
101314.000,59.000,471753.000,64.000,720.000,0.000,0.000,0.000,0.000
101324.000,57.000,471810.000,64.000,720.000,0.000,0.000,0.000,0.000
101334.000,59.000,471869.000,64.000,0.000,0.000,0.000,0.000,0.000
101344.000,57.000,471926.000,64.000,720.000,0.000,0.000,0.000,0.000
101354.000,58.000,471984.000,64.000,0.000,0.000,0.000,0.000,0.000
101364.000,58.000,472042.000,64.000,720.000,0.000,0.000,0.000,0.000
101374.000,58.000,472100.000,64.000,720.000,0.000,0.000,0.000,0.000
101384.000,57.000,472157.000,64.000,720.000,0.000,0.000,0.000,0.000
101394.000,57.000,472214.000,64.000,0.000,0.000,0.000,0.000,0.000
101404.000,58.000,472272.000,64.000,0.000,0.000,0.000,0.000,0.000
101414.000,58.000,472330.000,64.000,720.000,0.000,0.000,0.000,0.000
101424.000,58.000,472388.000,64.000,720.000,0.000,0.000,0.000,0.000
101434.000,57.000,472445.000,64.000,720.000,0.000,0.000,0.000,0.000
101444.000,57.000,472502.000,64.000,0.000,0.000,0.000,0.000,0.000
101454.000,58.000,472560.000,64.000,0.000,0.000,0.000,0.000,0.000
101464.000,57.000,472617.000,64.000,720.000,0.000,0.000,0.000,0.000
101474.000,58.000,472675.000,64.000,0.000,0.000,0.000,0.000,0.000
101484.000,58.000,472733.000,64.000,720.000,0.000,0.000,0.000,0.000
101494.000,57.000,472790.000,64.000,720.000,0.000,0.000,0.000,0.000
101504.000,58.000,472848.000,64.000,0.000,0.000,0.000,0.000,0.000
101514.000,57.000,472905.000,64.000,720.000,0.000,0.000,0.000,0.000
101524.000,58.000,472963.000,64.000,0.000,0.000,0.000,0.000,0.000
101534.000,58.000,473021.000,64.000,720.000,0.000,0.000,0.000,0.000
101544.000,57.000,473078.000,64.000,720.000,0.000,0.000,0.000,0.000
101554.000,58.000,473136.000,64.000,0.000,0.000,0.000,0.000,0.000
101564.000,57.000,473193.000,64.000,720.000,0.000,0.000,0.000,0.000
101574.000,58.000,473251.000,64.000,0.000,0.000,0.000,0.000,0.000
101584.000,58.000,473309.000,64.000,720.000,0.000,0.000,0.000,0.000
101594.000,57.000,473366.000,64.000,720.000,0.000,0.000,0.000,0.000
101604.000,58.000,473424.000,64.000,0.000,0.000,0.000,0.000,0.000
101614.000,57.000,473481.000,64.000,720.000,0.000,0.000,0.000,0.000
101624.000,57.000,473538.000,64.000,0.000,0.000,0.000,0.000,0.000
101634.000,59.000,473597.000,64.000,0.000,0.000,0.000,0.000,0.000
101644.000,57.000,473654.000,64.000,720.000,0.000,0.000,0.000,0.000
101654.000,59.000,473713.000,64.000,0.000,0.000,0.000,0.000,0.000
101664.000,57.000,473770.000,64.000,720.000,0.000,0.000,0.000,0.000
101674.000,59.000,473829.000,64.000,0.000,0.000,0.000,0.000,0.000
101684.000,59.000,473888.000,64.000,720.000,0.000,0.000,0.000,0.000
101694.000,57.000,473945.000,64.000,720.000,0.000,0.000,0.000,0.000
101704.000,57.000,474002.000,64.000,720.000,0.000,0.000,0.000,0.000
101714.000,58.000,474060.000,64.000,720.000,0.000,0.000,0.000,0.000
101724.000,56.000,474116.000,64.000,720.000,0.000,0.000,0.000,0.000
101734.000,57.000,474173.000,64.000,0.000,0.000,0.000,0.000,0.000
101744.000,57.000,474230.000,64.000,0.000,0.000,0.000,0.000,0.000
101754.000,58.000,474288.000,64.000,0.000,0.000,0.000,0.000,0.000
101764.000,58.000,474346.000,64.000,720.000,0.000,0.000,0.000,0.000
101774.000,58.000,474404.000,64.000,720.000,0.000,0.000,0.000,0.000
101784.000,57.000,474461.000,64.000,720.000,0.000,0.000,0.000,0.000
101794.000,57.000,474518.000,64.000,0.000,0.000,0.000,0.000,0.000
101804.000,58.000,474576.000,64.000,0.000,0.000,0.000,0.000,0.000
101814.000,58.000,474634.000,64.000,720.000,0.000,0.000,0.000,0.000
101824.000,58.000,474692.000,64.000,720.000,0.000,0.000,0.000,0.000
101834.000,57.000,474749.000,64.000,720.000,0.000,0.000,0.000,0.000
101844.000,57.000,474806.000,64.000,0.000,0.000,0.000,0.000,0.000
101854.000,58.000,474864.000,64.000,0.000,0.000,0.000,0.000,0.000
101864.000,57.000,474921.000,64.000,720.000,0.000,0.000,0.000,0.000
101874.000,58.000,474979.000,64.000,0.000,0.000,0.000,0.000,0.000
101884.000,58.000,475037.000,64.000,720.000,0.000,0.000,0.000,0.000
101894.000,57.000,475094.000,64.000,720.000,0.000,0.000,0.000,0.000
101904.000,58.000,475152.000,64.000,0.000,0.000,0.000,0.000,0.000
101914.000,57.000,475209.000,64.000,720.000,0.000,0.000,0.000,0.000
101924.000,58.000,475267.000,64.000,0.000,0.000,0.000,0.000,0.000
101934.000,58.000,475325.000,64.000,720.000,0.000,0.000,0.000,0.000
101944.000,57.000,475382.000,64.000,720.000,0.000,0.000,0.000,0.000
101954.000,58.000,475440.000,64.000,0.000,0.000,0.000,0.000,0.000
101964.000,57.000,475497.000,64.000,720.000,0.000,0.000,0.000,0.000
101974.000,57.000,475554.000,64.000,0.000,0.000,0.000,0.000,0.000
101984.000,59.000,475613.000,64.000,0.000,0.000,0.000,0.000,0.000
101994.000,57.000,475670.000,64.000,720.000,0.000,0.000,0.000,0.000
102004.000,59.000,475729.000,64.000,0.000,0.000,0.000,0.000,0.000
102014.000,57.000,475786.000,64.000,720.000,0.000,0.000,0.000,0.000
102024.000,59.000,475845.000,64.000,0.000,0.000,0.000,0.000,0.000
102034.000,59.000,475904.000,64.000,720.000,0.000,0.000,0.000,0.000
102044.000,57.000,475961.000,64.000,720.000,0.000,0.000,0.000,0.000
102054.000,57.000,476018.000,64.000,720.000,0.000,0.000,0.000,0.000
102064.000,57.000,476075.000,64.000,720.000,0.000,0.000,0.000,0.000
102074.000,57.000,476132.000,64.000,720.000,0.000,0.000,0.000,0.000
102084.000,57.000,476189.000,64.000,0.000,0.000,0.000,0.000,0.000
102094.000,57.000,476246.000,64.000,0.000,0.000,0.000,0.000,0.000
102104.000,58.000,476304.000,64.000,0.000,0.000,0.000,0.000,0.000
102114.000,58.000,476362.000,64.000,720.000,0.000,0.000,0.000,0.000
102124.000,58.000,476420.000,64.000,720.000,0.000,0.000,0.000,0.000
102134.000,57.000,476477.000,64.000,720.000,0.000,0.000,0.000,0.000
102144.000,57.000,476534.000,64.000,0.000,0.000,0.000,0.000,0.000
102154.000,58.000,476592.000,64.000,0.000,0.000,0.000,0.000,0.000
102164.000,58.000,476650.000,64.000,720.000,0.000,0.000,0.000,0.000
102174.000,58.000,476708.000,64.000,720.000,0.000,0.000,0.000,0.000
102184.000,57.000,476765.000,64.000,720.000,0.000,0.000,0.000,0.000
102194.000,57.000,476822.000,64.000,0.000,0.000,0.000,0.000,0.000
102204.000,57.000,476879.000,64.000,0.000,0.000,0.000,0.000,0.000
102214.000,58.000,476937.000,64.000,0.000,0.000,0.000,0.000,0.000
102224.000,59.000,476996.000,64.000,720.000,0.000,0.000,0.000,0.000
102234.000,57.000,477053.000,64.000,720.000,0.000,0.000,0.000,0.000
102244.000,58.000,477111.000,64.000,0.000,0.000,0.000,0.000,0.000
102254.000,58.000,477169.000,64.000,720.000,0.000,0.000,0.000,0.000
102264.000,57.000,477226.000,64.000,720.000,0.000,0.000,0.000,0.000
102274.000,58.000,477284.000,64.000,0.000,0.000,0.000,0.000,0.000
102284.000,57.000,477341.000,64.000,720.000,0.000,0.000,0.000,0.000
102294.000,58.000,477399.000,64.000,0.000,0.000,0.000,0.000,0.000
102304.000,57.000,477456.000,64.000,720.000,0.000,0.000,0.000,0.000
102314.000,58.000,477514.000,64.000,0.000,0.000,0.000,0.000,0.000
102324.000,58.000,477572.000,64.000,720.000,0.000,0.000,0.000,0.000
102334.000,57.000,477629.000,64.000,720.000,0.000,0.000,0.000,0.000
102344.000,57.000,477686.000,64.000,0.000,0.000,0.000,0.000,0.000
102354.000,58.000,477744.000,64.000,0.000,0.000,0.000,0.000,0.000
102364.000,58.000,477802.000,64.000,720.000,0.000,0.000,0.000,0.000
102374.000,58.000,477860.000,64.000,720.000,0.000,0.000,0.000,0.000
102384.000,57.000,477917.000,64.000,720.000,0.000,0.000,0.000,0.000
102394.000,57.000,477974.000,64.000,0.000,0.000,0.000,0.000,0.000
102404.000,58.000,478032.000,64.000,0.000,0.000,0.000,0.000,0.000
102414.000,58.000,478090.000,64.000,720.000,0.000,0.000,0.000,0.000
102424.000,58.000,478148.000,64.000,720.000,0.000,0.000,0.000,0.000
102434.000,57.000,478205.000,64.000,720.000,0.000,0.000,0.000,0.000
102444.000,57.000,478262.000,64.000,0.000,0.000,0.000,0.000,0.000
102454.000,59.000,478321.000,64.000,0.000,0.000,0.000,0.000,0.000
102464.000,57.000,478378.000,64.000,720.000,0.000,0.000,0.000,0.000
102474.000,59.000,478437.000,64.000,0.000,0.000,0.000,0.000,0.000
102484.000,57.000,478494.000,64.000,720.000,0.000,0.000,0.000,0.000
102494.000,58.000,478552.000,64.000,720.000,0.000,0.000,0.000,0.000
102504.000,57.000,478609.000,64.000,720.000,0.000,0.000,0.000,0.000
102514.000,57.000,478666.000,64.000,720.000,0.000,0.000,0.000,0.000
102524.000,57.000,478723.000,64.000,0.000,0.000,0.000,0.000,0.000
102534.000,58.000,478781.000,64.000,0.000,0.000,0.000,0.000,0.000
102544.000,57.000,478838.000,64.000,720.000,0.000,0.000,0.000,0.000
102554.000,58.000,478896.000,64.000,0.000,0.000,0.000,0.000,0.000
102564.000,58.000,478954.000,64.000,720.000,0.000,0.000,0.000,0.000
102574.000,58.000,479012.000,64.000,720.000,0.000,0.000,0.000,0.000
102584.000,57.000,479069.000,64.000,720.000,0.000,0.000,0.000,0.000
102594.000,57.000,479126.000,64.000,0.000,0.000,0.000,0.000,0.000
102604.000,58.000,479184.000,64.000,0.000,0.000,0.000,0.000,0.000
102614.000,58.000,479242.000,64.000,720.000,0.000,0.000,0.000,0.000
102624.000,57.000,479299.000,64.000,720.000,0.000,0.000,0.000,0.000
102634.000,58.000,479357.000,64.000,0.000,0.000,0.000,0.000,0.000
102644.000,57.000,479414.000,64.000,720.000,0.000,0.000,0.000,0.000
102654.000,58.000,479472.000,64.000,0.000,0.000,0.000,0.000,0.000
102664.000,57.000,479529.000,64.000,720.000,0.000,0.000,0.000,0.000
102674.000,58.000,479587.000,64.000,0.000,0.000,0.000,0.000,0.000
102684.000,58.000,479645.000,64.000,720.000,0.000,0.000,0.000,0.000
102694.000,57.000,479702.000,64.000,720.000,0.000,0.000,0.000,0.000
102704.000,58.000,479760.000,64.000,0.000,0.000,0.000,0.000,0.000
102714.000,57.000,479817.000,64.000,720.000,0.000,0.000,0.000,0.000
102724.000,58.000,479875.000,64.000,0.000,0.000,0.000,0.000,0.000
102734.000,58.000,479933.000,64.000,720.000,0.000,0.000,0.000,0.000
102744.000,57.000,479990.000,64.000,720.000,0.000,0.000,0.000,0.000
102754.000,58.000,480048.000,64.000,0.000,0.000,0.000,0.000,0.000
102764.000,57.000,480105.000,64.000,720.000,0.000,0.000,0.000,0.000
102774.000,58.000,480163.000,64.000,0.000,0.000,0.000,0.000,0.000
102784.000,58.000,480221.000,64.000,720.000,0.000,0.000,0.000,0.000
102794.000,57.000,480278.000,64.000,720.000,0.000,0.000,0.000,0.000
102804.000,58.000,480336.000,64.000,0.000,0.000,0.000,0.000,0.000
102814.000,57.000,480393.000,64.000,720.000,0.000,0.000,0.000,0.000
102824.000,57.000,480450.000,64.000,0.000,0.000,0.000,0.000,0.000
102834.000,59.000,480509.000,64.000,0.000,0.000,0.000,0.000,0.000
102844.000,59.000,480568.000,64.000,720.000,0.000,0.000,0.000,0.000
102854.000,57.000,480625.000,64.000,720.000,0.000,0.000,0.000,0.000
102864.000,57.000,480682.000,64.000,0.000,0.000,0.000,0.000,0.000
102874.000,59.000,480741.000,64.000,0.000,0.000,0.000,0.000,0.000
102884.000,59.000,480800.000,64.000,720.000,0.000,0.000,0.000,0.000
102894.000,57.000,480857.000,64.000,720.000,0.000,0.000,0.000,0.000
102904.000,58.000,480915.000,64.000,720.000,0.000,0.000,0.000,0.000
102914.000,57.000,480972.000,64.000,720.000,0.000,0.000,0.000,0.000
102924.000,57.000,481029.000,64.000,720.000,0.000,0.000,0.000,0.000
102934.000,57.000,481086.000,64.000,720.000,0.000,0.000,0.000,0.000
102944.000,56.000,481142.000,64.000,720.000,0.000,0.000,0.000,0.000
102954.000,57.000,481199.000,64.000,0.000,0.000,0.000,0.000,0.000
102964.000,57.000,481256.000,64.000,0.000,0.000,0.000,0.000,0.000
102974.000,57.000,481313.000,64.000,0.000,0.000,0.000,0.000,0.000
102984.000,59.000,481372.000,64.000,0.000,0.000,0.000,0.000,0.000
102994.000,58.000,481430.000,64.000,720.000,0.000,0.000,0.000,0.000
103004.000,58.000,481488.000,64.000,720.000,0.000,0.000,0.000,0.000
103014.000,57.000,481545.000,64.000,720.000,0.000,0.000,0.000,0.000
103024.000,57.000,481602.000,64.000,0.000,0.000,0.000,0.000,0.000
103034.000,58.000,481660.000,64.000,0.000,0.000,0.000,0.000,0.000
103044.000,58.000,481718.000,64.000,720.000,0.000,0.000,0.000,0.000
103054.000,58.000,481776.000,64.000,720.000,0.000,0.000,0.000,0.000
103064.000,57.000,481833.000,64.000,720.000,0.000,0.000,0.000,0.000
103074.000,57.000,481890.000,64.000,0.000,0.000,0.000,0.000,0.000
103084.000,58.000,481948.000,64.000,0.000,0.000,0.000,0.000,0.000
103094.000,58.000,482006.000,64.000,720.000,0.000,0.000,0.000,0.000
103104.000,58.000,482064.000,64.000,720.000,0.000,0.000,0.000,0.000
103114.000,57.000,482121.000,64.000,720.000,0.000,0.000,0.000,0.000
103124.000,57.000,482178.000,64.000,0.000,0.000,0.000,0.000,0.000
103134.000,58.000,482236.000,64.000,0.000,0.000,0.000,0.000,0.000
103144.000,57.000,482293.000,64.000,720.000,0.000,0.000,0.000,0.000
103154.000,58.000,482351.000,64.000,0.000,0.000,0.000,0.000,0.000
103164.000,58.000,482409.000,64.000,720.000,0.000,0.000,0.000,0.000
103174.000,57.000,482466.000,64.000,720.000,0.000,0.000,0.000,0.000
103184.000,58.000,482524.000,64.000,0.000,0.000,0.000,0.000,0.000
103194.000,58.000,482582.000,64.000,720.000,0.000,0.000,0.000,0.000
103204.000,56.000,482638.000,64.000,720.000,0.000,0.000,0.000,0.000
103214.000,58.000,482696.000,64.000,0.000,0.000,0.000,0.000,0.000
103224.000,57.000,482753.000,64.000,720.000,0.000,0.000,0.000,0.000
103234.000,59.000,482812.000,64.000,0.000,0.000,0.000,0.000,0.000
103244.000,57.000,482869.000,64.000,720.000,0.000,0.000,0.000,0.000
103254.000,58.000,482927.000,64.000,0.000,0.000,0.000,0.000,0.000
103264.000,58.000,482985.000,64.000,720.000,0.000,0.000,0.000,0.000
103274.000,57.000,483042.000,64.000,720.000,0.000,0.000,0.000,0.000
103284.000,58.000,483100.000,64.000,0.000,0.000,0.000,0.000,0.000
103294.000,58.000,483158.000,64.000,720.000,0.000,0.000,0.000,0.000
103304.000,56.000,483214.000,64.000,720.000,0.000,0.000,0.000,0.000
103314.000,58.000,483272.000,64.000,0.000,0.000,0.000,0.000,0.000
103324.000,57.000,483329.000,64.000,720.000,0.000,0.000,0.000,0.000
103334.000,57.000,483386.000,64.000,0.000,0.000,0.000,0.000,0.000
103344.000,58.000,483444.000,64.000,0.000,0.000,0.000,0.000,0.000
103354.000,59.000,483503.000,64.000,0.000,0.000,0.000,0.000,0.000
103364.000,58.000,483561.000,64.000,720.000,0.000,0.000,0.000,0.000
103374.000,59.000,483620.000,64.000,720.000,0.000,0.000,0.000,0.000
103384.000,57.000,483677.000,64.000,720.000,0.000,0.000,0.000,0.000
103394.000,58.000,483735.000,64.000,0.000,0.000,0.000,0.000,0.000
103404.000,58.000,483793.000,64.000,720.000,0.000,0.000,0.000,0.000
103414.000,57.000,483850.000,64.000,720.000,0.000,0.000,0.000,0.000
103424.000,58.000,483908.000,64.000,0.000,0.000,0.000,0.000,0.000
103434.000,57.000,483965.000,64.000,720.000,0.000,0.000,0.000,0.000
103444.000,57.000,484022.000,64.000,0.000,0.000,0.000,0.000,0.000
103454.000,58.000,484080.000,64.000,0.000,0.000,0.000,0.000,0.000
103464.000,58.000,484138.000,64.000,720.000,0.000,0.000,0.000,0.000
103474.000,58.000,484196.000,64.000,720.000,0.000,0.000,0.000,0.000
103484.000,57.000,484253.000,64.000,720.000,0.000,0.000,0.000,0.000
103494.000,57.000,484310.000,64.000,0.000,0.000,0.000,0.000,0.000
103504.000,58.000,484368.000,64.000,0.000,0.000,0.000,0.000,0.000
103514.000,58.000,484426.000,64.000,720.000,0.000,0.000,0.000,0.000
103524.000,58.000,484484.000,64.000,720.000,0.000,0.000,0.000,0.000
103534.000,57.000,484541.000,64.000,720.000,0.000,0.000,0.000,0.000
103544.000,57.000,484598.000,64.000,0.000,0.000,0.000,0.000,0.000
103554.000,58.000,484656.000,64.000,0.000,0.000,0.000,0.000,0.000
103564.000,58.000,484714.000,64.000,720.000,0.000,0.000,0.000,0.000
103574.000,57.000,484771.000,64.000,720.000,0.000,0.000,0.000,0.000
103584.000,58.000,484829.000,64.000,0.000,0.000,0.000,0.000,0.000
103594.000,57.000,484886.000,64.000,720.000,0.000,0.000,0.000,0.000
103604.000,58.000,484944.000,64.000,0.000,0.000,0.000,0.000,0.000
103614.000,58.000,485002.000,64.000,720.000,0.000,0.000,0.000,0.000
103624.000,56.000,485058.000,64.000,720.000,0.000,0.000,0.000,0.000
103634.000,58.000,485116.000,64.000,0.000,0.000,0.000,0.000,0.000
103644.000,58.000,485174.000,64.000,720.000,0.000,0.000,0.000,0.000
103654.000,57.000,485231.000,64.000,720.000,0.000,0.000,0.000,0.000
103664.000,57.000,485288.000,64.000,0.000,0.000,0.000,0.000,0.000
103674.000,58.000,485346.000,64.000,0.000,0.000,0.000,0.000,0.000
103684.000,58.000,485404.000,64.000,720.000,0.000,0.000,0.000,0.000
103694.000,58.000,485462.000,64.000,720.000,0.000,0.000,0.000,0.000
103704.000,57.000,485519.000,64.000,720.000,0.000,0.000,0.000,0.000
103714.000,57.000,485576.000,64.000,0.000,0.000,0.000,0.000,0.000
103724.000,58.000,485634.000,64.000,0.000,0.000,0.000,0.000,0.000
103734.000,58.000,485692.000,64.000,720.000,0.000,0.000,0.000,0.000
103744.000,58.000,485750.000,64.000,720.000,0.000,0.000,0.000,0.000
103754.000,57.000,485807.000,64.000,720.000,0.000,0.000,0.000,0.000
103764.000,57.000,485864.000,64.000,0.000,0.000,0.000,0.000,0.000
103774.000,57.000,485921.000,64.000,0.000,0.000,0.000,0.000,0.000
103784.000,59.000,485980.000,64.000,0.000,0.000,0.000,0.000,0.000
103794.000,58.000,486038.000,64.000,720.000,0.000,0.000,0.000,0.000
103804.000,58.000,486096.000,64.000,720.000,0.000,0.000,0.000,0.000
103814.000,57.000,486153.000,64.000,720.000,0.000,0.000,0.000,0.000
103824.000,57.000,486210.000,64.000,0.000,0.000,0.000,0.000,0.000
103834.000,58.000,486268.000,64.000,0.000,0.000,0.000,0.000,0.000
103844.000,58.000,486326.000,64.000,720.000,0.000,0.000,0.000,0.000
103854.000,58.000,486384.000,64.000,720.000,0.000,0.000,0.000,0.000
103864.000,57.000,486441.000,64.000,720.000,0.000,0.000,0.000,0.000
103874.000,57.000,486498.000,64.000,0.000,0.000,0.000,0.000,0.000
103884.000,59.000,486557.000,64.000,0.000,0.000,0.000,0.000,0.000
103894.000,57.000,486614.000,64.000,720.000,0.000,0.000,0.000,0.000
103904.000,58.000,486672.000,64.000,0.000,0.000,0.000,0.000,0.000
103914.000,58.000,486730.000,64.000,720.000,0.000,0.000,0.000,0.000
103924.000,57.000,486787.000,64.000,720.000,0.000,0.000,0.000,0.000
103934.000,58.000,486845.000,64.000,0.000,0.000,0.000,0.000,0.000
103944.000,57.000,486902.000,64.000,720.000,0.000,0.000,0.000,0.000
103954.000,58.000,486960.000,64.000,0.000,0.000,0.000,0.000,0.000
103964.000,57.000,487017.000,64.000,720.000,0.000,0.000,0.000,0.000
103974.000,58.000,487075.000,64.000,0.000,0.000,0.000,0.000,0.000
103984.000,58.000,487133.000,64.000,720.000,0.000,0.000,0.000,0.000
103994.000,57.000,487190.000,64.000,720.000,0.000,0.000,0.000,0.000
104004.000,58.000,487248.000,64.000,0.000,0.000,0.000,0.000,0.000
104014.000,57.000,487305.000,64.000,720.000,0.000,0.000,0.000,0.000
104024.000,58.000,487363.000,64.000,0.000,0.000,0.000,0.000,0.000
104034.000,58.000,487421.000,64.000,720.000,0.000,0.000,0.000,0.000
104044.000,57.000,487478.000,64.000,720.000,0.000,0.000,0.000,0.000
104054.000,58.000,487536.000,64.000,0.000,0.000,0.000,0.000,0.000
104064.000,57.000,487593.000,64.000,720.000,0.000,0.000,0.000,0.000
104074.000,57.000,487650.000,64.000,0.000,0.000,0.000,0.000,0.000
104084.000,59.000,487709.000,64.000,0.000,0.000,0.000,0.000,0.000
104094.000,57.000,487766.000,64.000,720.000,0.000,0.000,0.000,0.000
104104.000,59.000,487825.000,64.000,0.000,0.000,0.000,0.000,0.000
104114.000,57.000,487882.000,64.000,720.000,0.000,0.000,0.000,0.000
104124.000,59.000,487941.000,64.000,0.000,0.000,0.000,0.000,0.000
104134.000,59.000,488000.000,64.000,720.000,0.000,0.000,0.000,0.000
104144.000,57.000,488057.000,64.000,720.000,0.000,0.000,0.000,0.000
104154.000,57.000,488114.000,64.000,720.000,0.000,0.000,0.000,0.000
104164.000,58.000,488172.000,64.000,720.000,0.000,0.000,0.000,0.000
104174.000,57.000,488229.000,64.000,720.000,0.000,0.000,0.000,0.000
104184.000,56.000,488285.000,64.000,720.000,0.000,0.000,0.000,0.000
104194.000,57.000,488342.000,64.000,0.000,0.000,0.000,0.000,0.000
104204.000,58.000,488400.000,64.000,0.000,0.000,0.000,0.000,0.000
104214.000,57.000,488457.000,64.000,720.000,0.000,0.000,0.000,0.000
104224.000,57.000,488514.000,64.000,0.000,0.000,0.000,0.000,0.000
104234.000,58.000,488572.000,64.000,0.000,0.000,0.000,0.000,0.000
104244.000,58.000,488630.000,64.000,720.000,0.000,0.000,0.000,0.000
104254.000,58.000,488688.000,64.000,720.000,0.000,0.000,0.000,0.000
104264.000,56.000,488744.000,64.000,720.000,0.000,0.000,0.000,0.000
104274.000,57.000,488801.000,64.000,0.000,0.000,0.000,0.000,0.000
104284.000,59.000,488860.000,64.000,0.000,0.000,0.000,0.000,0.000
104294.000,57.000,488917.000,64.000,720.000,0.000,0.000,0.000,0.000
104304.000,58.000,488975.000,64.000,0.000,0.000,0.000,0.000,0.000
104314.000,58.000,489033.000,64.000,720.000,0.000,0.000,0.000,0.000
104324.000,57.000,489090.000,64.000,720.000,0.000,0.000,0.000,0.000
104334.000,58.000,489148.000,64.000,0.000,0.000,0.000,0.000,0.000
104344.000,58.000,489206.000,64.000,720.000,0.000,0.000,0.000,0.000
104354.000,56.000,489262.000,64.000,720.000,0.000,0.000,0.000,0.000
104364.000,58.000,489320.000,64.000,0.000,0.000,0.000,0.000,0.000
104374.000,57.000,489377.000,64.000,720.000,0.000,0.000,0.000,0.000
104384.000,58.000,489435.000,64.000,0.000,0.000,0.000,0.000,0.000
104394.000,57.000,489492.000,64.000,720.000,0.000,0.000,0.000,0.000
104404.000,58.000,489550.000,64.000,0.000,0.000,0.000,0.000,0.000
104414.000,58.000,489608.000,64.000,720.000,0.000,0.000,0.000,0.000
104424.000,57.000,489665.000,64.000,720.000,0.000,0.000,0.000,0.000
104434.000,57.000,489722.000,64.000,0.000,0.000,0.000,0.000,0.000
104444.000,58.000,489780.000,64.000,0.000,0.000,0.000,0.000,0.000
104454.000,58.000,489838.000,64.000,0.000,0.000,0.000,0.000,0.000
104464.000,58.000,489896.000,64.000,720.000,0.000,0.000,0.000,0.000
104474.000,58.000,489954.000,64.000,720.000,0.000,0.000,0.000,0.000
104484.000,58.000,490012.000,64.000,720.000,0.000,0.000,0.000,0.000
104494.000,58.000,490070.000,64.000,720.000,0.000,0.000,0.000,0.000
104504.000,56.000,490126.000,64.000,720.000,0.000,0.000,0.000,0.000
104514.000,58.000,490184.000,64.000,0.000,0.000,0.000,0.000,0.000
104524.000,57.000,490241.000,64.000,720.000,0.000,0.000,0.000,0.000
104534.000,57.000,490298.000,64.000,0.000,0.000,0.000,0.000,0.000
104544.000,58.000,490356.000,64.000,0.000,0.000,0.000,0.000,0.000
104554.000,58.000,490414.000,64.000,0.000,0.000,0.000,0.000,0.000
104564.000,58.000,490472.000,64.000,720.000,0.000,0.000,0.000,0.000
104574.000,58.000,490530.000,64.000,720.000,0.000,0.000,0.000,0.000
104584.000,58.000,490588.000,64.000,720.000,0.000,0.000,0.000,0.000
104594.000,56.000,490644.000,64.000,720.000,0.000,0.000,0.000,0.000
104604.000,58.000,490702.000,64.000,0.000,0.000,0.000,0.000,0.000
104614.000,56.000,490758.000,64.000,720.000,0.000,0.000,0.000,0.000
104624.000,58.000,490816.000,64.000,0.000,0.000,0.000,0.000,0.000
104634.000,58.000,490874.000,64.000,0.000,0.000,0.000,0.000,0.000
104644.000,59.000,490933.000,64.000,0.000,0.000,0.000,0.000,0.000
104654.000,58.000,490991.000,64.000,720.000,0.000,0.000,0.000,0.000
104664.000,58.000,491049.000,64.000,720.000,0.000,0.000,0.000,0.000
104674.000,57.000,491106.000,64.000,720.000,0.000,0.000,0.000,0.000
104684.000,58.000,491164.000,64.000,0.000,0.000,0.000,0.000,0.000
104694.000,58.000,491222.000,64.000,720.000,0.000,0.000,0.000,0.000
104704.000,57.000,491279.000,64.000,720.000,0.000,0.000,0.000,0.000
104714.000,57.000,491336.000,64.000,0.000,0.000,0.000,0.000,0.000
104724.000,58.000,491394.000,64.000,0.000,0.000,0.000,0.000,0.000
104734.000,58.000,491452.000,64.000,720.000,0.000,0.000,0.000,0.000
104744.000,57.000,491509.000,64.000,720.000,0.000,0.000,0.000,0.000
104754.000,57.000,491566.000,64.000,0.000,0.000,0.000,0.000,0.000
104764.000,58.000,491624.000,64.000,0.000,0.000,0.000,0.000,0.000
104774.000,58.000,491682.000,64.000,720.000,0.000,0.000,0.000,0.000
104784.000,58.000,491740.000,64.000,720.000,0.000,0.000,0.000,0.000
104794.000,57.000,491797.000,64.000,720.000,0.000,0.000,0.000,0.000
104804.000,57.000,491854.000,64.000,0.000,0.000,0.000,0.000,0.000
104814.000,58.000,491912.000,64.000,0.000,0.000,0.000,0.000,0.000
104824.000,58.000,491970.000,64.000,720.000,0.000,0.000,0.000,0.000
104834.000,58.000,492028.000,64.000,720.000,0.000,0.000,0.000,0.000
104844.000,57.000,492085.000,64.000,720.000,0.000,0.000,0.000,0.000
104854.000,57.000,492142.000,64.000,0.000,0.000,0.000,0.000,0.000
104864.000,58.000,492200.000,64.000,0.000,0.000,0.000,0.000,0.000
104874.000,57.000,492257.000,64.000,720.000,0.000,0.000,0.000,0.000
104884.000,59.000,492316.000,64.000,0.000,0.000,0.000,0.000,0.000
104894.000,57.000,492373.000,64.000,720.000,0.000,0.000,0.000,0.000
104904.000,58.000,492431.000,64.000,0.000,0.000,0.000,0.000,0.000
104914.000,58.000,492489.000,64.000,720.000,0.000,0.000,0.000,0.000
104924.000,57.000,492546.000,64.000,720.000,0.000,0.000,0.000,0.000
104934.000,58.000,492604.000,64.000,0.000,0.000,0.000,0.000,0.000
104944.000,58.000,492662.000,64.000,720.000,0.000,0.000,0.000,0.000
104954.000,58.000,492720.000,64.000,720.000,0.000,0.000,0.000,0.000
104964.000,57.000,492777.000,64.000,720.000,0.000,0.000,0.000,0.000
104974.000,57.000,492834.000,64.000,0.000,0.000,0.000,0.000,0.000
104984.000,58.000,492892.000,64.000,0.000,0.000,0.000,0.000,0.000
104994.000,58.000,492950.000,64.000,720.000,0.000,0.000,0.000,0.000
105004.000,57.000,493007.000,64.000,720.000,0.000,0.000,0.000,0.000
105014.000,58.000,493065.000,64.000,0.000,0.000,0.000,0.000,0.000
105024.000,57.000,493122.000,64.000,720.000,0.000,0.000,0.000,0.000
105034.000,58.000,493180.000,64.000,0.000,0.000,0.000,0.000,0.000
105044.000,58.000,493238.000,64.000,720.000,0.000,0.000,0.000,0.000
105054.000,56.000,493294.000,64.000,720.000,0.000,0.000,0.000,0.000
105064.000,58.000,493352.000,64.000,0.000,0.000,0.000,0.000,0.000
105074.000,57.000,493409.000,64.000,720.000,0.000,0.000,0.000,0.000
105084.000,58.000,493467.000,64.000,0.000,0.000,0.000,0.000,0.000
105094.000,57.000,493524.000,64.000,720.000,0.000,0.000,0.000,0.000
105104.000,58.000,493582.000,64.000,0.000,0.000,0.000,0.000,0.000
105114.000,58.000,493640.000,64.000,720.000,0.000,0.000,0.000,0.000
105124.000,57.000,493697.000,64.000,720.000,0.000,0.000,0.000,0.000
105134.000,57.000,493754.000,64.000,0.000,0.000,0.000,0.000,0.000
105144.000,58.000,493812.000,64.000,0.000,0.000,0.000,0.000,0.000
105154.000,58.000,493870.000,64.000,0.000,0.000,0.000,0.000,0.000
105164.000,59.000,493929.000,64.000,720.000,0.000,0.000,0.000,0.000
105174.000,57.000,493986.000,64.000,720.000,0.000,0.000,0.000,0.000
105184.000,58.000,494044.000,64.000,0.000,0.000,0.000,0.000,0.000
105194.000,58.000,494102.000,64.000,720.000,0.000,0.000,0.000,0.000
105204.000,58.000,494160.000,64.000,720.000,0.000,0.000,0.000,0.000
105214.000,56.000,494216.000,64.000,720.000,0.000,0.000,0.000,0.000
105224.000,57.000,494273.000,64.000,0.000,0.000,0.000,0.000,0.000
105234.000,59.000,494332.000,64.000,0.000,0.000,0.000,0.000,0.000
105244.000,57.000,494389.000,64.000,720.000,0.000,0.000,0.000,0.000
105254.000,58.000,494447.000,64.000,0.000,0.000,0.000,0.000,0.000
105264.000,58.000,494505.000,64.000,720.000,0.000,0.000,0.000,0.000
105274.000,57.000,494562.000,64.000,720.000,0.000,0.000,0.000,0.000
105284.000,58.000,494620.000,64.000,0.000,0.000,0.000,0.000,0.000
105294.000,58.000,494678.000,64.000,720.000,0.000,0.000,0.000,0.000
105304.000,57.000,494735.000,64.000,720.000,0.000,0.000,0.000,0.000
105314.000,58.000,494793.000,64.000,0.000,0.000,0.000,0.000,0.000
105324.000,57.000,494850.000,64.000,720.000,0.000,0.000,0.000,0.000
105334.000,58.000,494908.000,64.000,0.000,0.000,0.000,0.000,0.000
105344.000,58.000,494966.000,64.000,720.000,0.000,0.000,0.000,0.000
105354.000,56.000,495022.000,64.000,720.000,0.000,0.000,0.000,0.000
105364.000,58.000,495080.000,64.000,0.000,0.000,0.000,0.000,0.000
105374.000,57.000,495137.000,64.000,720.000,0.000,0.000,0.000,0.000
105384.000,58.000,495195.000,64.000,0.000,0.000,0.000,0.000,0.000
105394.000,58.000,495253.000,64.000,720.000,0.000,0.000,0.000,0.000
105404.000,57.000,495310.000,64.000,720.000,0.000,0.000,0.000,0.000
105414.000,58.000,495368.000,64.000,0.000,0.000,0.000,0.000,0.000
105424.000,57.000,495425.000,64.000,720.000,0.000,0.000,0.000,0.000
105434.000,57.000,495482.000,64.000,0.000,0.000,0.000,0.000,0.000
105444.000,59.000,495541.000,64.000,0.000,0.000,0.000,0.000,0.000
105454.000,57.000,495598.000,64.000,720.000,0.000,0.000,0.000,0.000
105464.000,59.000,495657.000,64.000,0.000,0.000,0.000,0.000,0.000
105474.000,57.000,495714.000,64.000,720.000,0.000,0.000,0.000,0.000
105484.000,59.000,495773.000,64.000,0.000,0.000,0.000,0.000,0.000
105494.000,58.000,495831.000,64.000,720.000,0.000,0.000,0.000,0.000
105504.000,57.000,495888.000,64.000,720.000,0.000,0.000,0.000,0.000
105514.000,58.000,495946.000,64.000,0.000,0.000,0.000,0.000,0.000
105524.000,58.000,496004.000,64.000,720.000,0.000,0.000,0.000,0.000
105534.000,57.000,496061.000,64.000,720.000,0.000,0.000,0.000,0.000
105544.000,57.000,496118.000,64.000,0.000,0.000,0.000,0.000,0.000
105554.000,58.000,496176.000,64.000,0.000,0.000,0.000,0.000,0.000
105564.000,58.000,496234.000,64.000,720.000,0.000,0.000,0.000,0.000
105574.000,58.000,496292.000,64.000,720.000,0.000,0.000,0.000,0.000
105584.000,57.000,496349.000,64.000,720.000,0.000,0.000,0.000,0.000
105594.000,57.000,496406.000,64.000,0.000,0.000,0.000,0.000,0.000
105604.000,58.000,496464.000,64.000,0.000,0.000,0.000,0.000,0.000
105614.000,58.000,496522.000,64.000,720.000,0.000,0.000,0.000,0.000
105624.000,57.000,496579.000,64.000,720.000,0.000,0.000,0.000,0.000
105634.000,58.000,496637.000,64.000,0.000,0.000,0.000,0.000,0.000
105644.000,57.000,496694.000,64.000,720.000,0.000,0.000,0.000,0.000
105654.000,58.000,496752.000,64.000,0.000,0.000,0.000,0.000,0.000
105664.000,57.000,496809.000,64.000,720.000,0.000,0.000,0.000,0.000
105674.000,58.000,496867.000,64.000,0.000,0.000,0.000,0.000,0.000
105684.000,58.000,496925.000,64.000,720.000,0.000,0.000,0.000,0.000
105694.000,57.000,496982.000,64.000,720.000,0.000,0.000,0.000,0.000
105704.000,58.000,497040.000,64.000,0.000,0.000,0.000,0.000,0.000
105714.000,57.000,497097.000,64.000,720.000,0.000,0.000,0.000,0.000
105724.000,57.000,497154.000,64.000,0.000,0.000,0.000,0.000,0.000
105734.000,59.000,497213.000,64.000,0.000,0.000,0.000,0.000,0.000
105744.000,58.000,497271.000,64.000,720.000,0.000,0.000,0.000,0.000
105754.000,58.000,497329.000,64.000,720.000,0.000,0.000,0.000,0.000
105764.000,57.000,497386.000,64.000,720.000,0.000,0.000,0.000,0.000
105774.000,58.000,497444.000,64.000,0.000,0.000,0.000,0.000,0.000
105784.000,57.000,497501.000,64.000,720.000,0.000,0.000,0.000,0.000
105794.000,58.000,497559.000,64.000,0.000,0.000,0.000,0.000,0.000
105804.000,58.000,497617.000,64.000,720.000,0.000,0.000,0.000,0.000
105814.000,57.000,497674.000,64.000,720.000,0.000,0.000,0.000,0.000
105824.000,58.000,497732.000,64.000,0.000,0.000,0.000,0.000,0.000
105834.000,57.000,497789.000,64.000,720.000,0.000,0.000,0.000,0.000
105844.000,57.000,497846.000,64.000,0.000,0.000,0.000,0.000,0.000
105854.000,58.000,497904.000,64.000,0.000,0.000,0.000,0.000,0.000
105864.000,58.000,497962.000,64.000,720.000,0.000,0.000,0.000,0.000
105874.000,58.000,498020.000,64.000,720.000,0.000,0.000,0.000,0.000
105884.000,57.000,498077.000,64.000,720.000,0.000,0.000,0.000,0.000
105894.000,57.000,498134.000,64.000,0.000,0.000,0.000,0.000,0.000
105904.000,58.000,498192.000,64.000,0.000,0.000,0.000,0.000,0.000
105914.000,58.000,498250.000,64.000,720.000,0.000,0.000,0.000,0.000
105924.000,58.000,498308.000,64.000,720.000,0.000,0.000,0.000,0.000
105934.000,57.000,498365.000,64.000,720.000,0.000,0.000,0.000,0.000
105944.000,57.000,498422.000,64.000,0.000,0.000,0.000,0.000,0.000
105954.000,58.000,498480.000,64.000,0.000,0.000,0.000,0.000,0.000
105964.000,57.000,498537.000,64.000,720.000,0.000,0.000,0.000,0.000
105974.000,58.000,498595.000,64.000,0.000,0.000,0.000,0.000,0.000
105984.000,58.000,498653.000,64.000,720.000,0.000,0.000,0.000,0.000
105994.000,57.000,498710.000,64.000,720.000,0.000,0.000,0.000,0.000
106004.000,58.000,498768.000,64.000,0.000,0.000,0.000,0.000,0.000
106014.000,57.000,498825.000,64.000,720.000,0.000,0.000,0.000,0.000
106024.000,57.000,498882.000,64.000,0.000,0.000,0.000,0.000,0.000
106034.000,59.000,498941.000,64.000,0.000,0.000,0.000,0.000,0.000
106044.000,57.000,498998.000,64.000,720.000,0.000,0.000,0.000,0.000
106054.000,58.000,499056.000,64.000,0.000,0.000,0.000,0.000,0.000
106064.000,58.000,499114.000,64.000,720.000,0.000,0.000,0.000,0.000
106074.000,58.000,499172.000,64.000,720.000,0.000,0.000,0.000,0.000
106084.000,58.000,499230.000,64.000,720.000,0.000,0.000,0.000,0.000
106094.000,56.000,499286.000,64.000,720.000,0.000,0.000,0.000,0.000
106104.000,58.000,499344.000,64.000,0.000,0.000,0.000,0.000,0.000
106114.000,57.000,499401.000,64.000,720.000,0.000,0.000,0.000,0.000
106124.000,57.000,499458.000,64.000,0.000,0.000,0.000,0.000,0.000
106134.000,58.000,499516.000,64.000,0.000,0.000,0.000,0.000,0.000
106144.000,58.000,499574.000,64.000,720.000,0.000,0.000,0.000,0.000
106154.000,57.000,499631.000,64.000,720.000,0.000,0.000,0.000,0.000
106164.000,58.000,499689.000,64.000,0.000,0.000,0.000,0.000,0.000
106174.000,57.000,499746.000,64.000,720.000,0.000,0.000,0.000,0.000
106184.000,58.000,499804.000,64.000,0.000,0.000,0.000,0.000,0.000
106194.000,58.000,499862.000,64.000,720.000,0.000,0.000,0.000,0.000
106204.000,58.000,499920.000,64.000,720.000,0.000,0.000,0.000,0.000
106214.000,57.000,499977.000,64.000,720.000,0.000,0.000,0.000,0.000
106224.000,57.000,500034.000,64.000,0.000,0.000,0.000,0.000,0.000
106234.000,58.000,500092.000,64.000,0.000,0.000,0.000,0.000,0.000
106244.000,58.000,500150.000,64.000,720.000,0.000,0.000,0.000,0.000
106254.000,57.000,500207.000,64.000,720.000,0.000,0.000,0.000,0.000
106264.000,57.000,500264.000,64.000,0.000,0.000,0.000,0.000,0.000
106274.000,58.000,500322.000,64.000,0.000,0.000,0.000,0.000,0.000
106284.000,58.000,500380.000,64.000,720.000,0.000,0.000,0.000,0.000
106294.000,58.000,500438.000,64.000,720.000,0.000,0.000,0.000,0.000
106304.000,57.000,500495.000,64.000,720.000,0.000,0.000,0.000,0.000
106314.000,57.000,500552.000,64.000,0.000,0.000,0.000,0.000,0.000
106324.000,58.000,500610.000,64.000,0.000,0.000,0.000,0.000,0.000
106334.000,58.000,500668.000,64.000,720.000,0.000,0.000,0.000,0.000
106344.000,57.000,500725.000,64.000,720.000,0.000,0.000,0.000,0.000
106354.000,57.000,500782.000,64.000,0.000,0.000,0.000,0.000,0.000
106364.000,58.000,500840.000,64.000,0.000,0.000,0.000,0.000,0.000
106374.000,58.000,500898.000,64.000,720.000,0.000,0.000,0.000,0.000
106384.000,58.000,500956.000,64.000,720.000,0.000,0.000,0.000,0.000
106394.000,57.000,501013.000,64.000,720.000,0.000,0.000,0.000,0.000
106404.000,57.000,501070.000,64.000,0.000,0.000,0.000,0.000,0.000
106414.000,58.000,501128.000,64.000,0.000,0.000,0.000,0.000,0.000
106424.000,58.000,501186.000,64.000,720.000,0.000,0.000,0.000,0.000
106434.000,58.000,501244.000,64.000,720.000,0.000,0.000,0.000,0.000
106444.000,57.000,501301.000,64.000,720.000,0.000,0.000,0.000,0.000
106454.000,57.000,501358.000,64.000,0.000,0.000,0.000,0.000,0.000
106464.000,58.000,501416.000,64.000,0.000,0.000,0.000,0.000,0.000
106474.000,57.000,501473.000,64.000,720.000,0.000,0.000,0.000,0.000
106484.000,58.000,501531.000,64.000,0.000,0.000,0.000,0.000,0.000
106494.000,58.000,501589.000,64.000,720.000,0.000,0.000,0.000,0.000
106504.000,57.000,501646.000,64.000,720.000,0.000,0.000,0.000,0.000
106514.000,58.000,501704.000,64.000,0.000,0.000,0.000,0.000,0.000
106524.000,57.000,501761.000,64.000,720.000,0.000,0.000,0.000,0.000
106534.000,58.000,501819.000,64.000,0.000,0.000,0.000,0.000,0.000
106544.000,57.000,501876.000,64.000,720.000,0.000,0.000,0.000,0.000
106554.000,58.000,501934.000,64.000,0.000,0.000,0.000,0.000,0.000
106564.000,58.000,501992.000,64.000,720.000,0.000,0.000,0.000,0.000
106574.000,57.000,502049.000,64.000,720.000,0.000,0.000,0.000,0.000
106584.000,58.000,502107.000,64.000,0.000,0.000,0.000,0.000,0.000
106594.000,58.000,502165.000,64.000,720.000,0.000,0.000,0.000,0.000
106604.000,57.000,502222.000,64.000,720.000,0.000,0.000,0.000,0.000
106614.000,58.000,502280.000,64.000,0.000,0.000,0.000,0.000,0.000
106624.000,57.000,502337.000,64.000,720.000,0.000,0.000,0.000,0.000
106634.000,58.000,502395.000,64.000,0.000,0.000,0.000,0.000,0.000
106644.000,57.000,502452.000,64.000,720.000,0.000,0.000,0.000,0.000
106654.000,58.000,502510.000,64.000,0.000,0.000,0.000,0.000,0.000
106664.000,58.000,502568.000,64.000,720.000,0.000,0.000,0.000,0.000
106674.000,57.000,502625.000,64.000,720.000,0.000,0.000,0.000,0.000
106684.000,58.000,502683.000,64.000,0.000,0.000,0.000,0.000,0.000
106694.000,57.000,502740.000,64.000,720.000,0.000,0.000,0.000,0.000
106704.000,58.000,502798.000,64.000,0.000,0.000,0.000,0.000,0.000
106714.000,58.000,502856.000,64.000,720.000,0.000,0.000,0.000,0.000
106724.000,57.000,502913.000,64.000,720.000,0.000,0.000,0.000,0.000
106734.000,57.000,502970.000,64.000,0.000,0.000,0.000,0.000,0.000
106744.000,58.000,503028.000,64.000,0.000,0.000,0.000,0.000,0.000
106754.000,58.000,503086.000,64.000,0.000,0.000,0.000,0.000,0.000
106764.000,58.000,503144.000,64.000,720.000,0.000,0.000,0.000,0.000
106774.000,58.000,503202.000,64.000,720.000,0.000,0.000,0.000,0.000
106784.000,58.000,503260.000,64.000,720.000,0.000,0.000,0.000,0.000
106794.000,56.000,503316.000,64.000,720.000,0.000,0.000,0.000,0.000
106804.000,57.000,503373.000,64.000,0.000,0.000,0.000,0.000,0.000
106814.000,58.000,503431.000,64.000,0.000,0.000,0.000,0.000,0.000
106824.000,58.000,503489.000,64.000,0.000,0.000,0.000,0.000,0.000
106834.000,59.000,503548.000,64.000,0.000,0.000,0.000,0.000,0.000
106844.000,58.000,503606.000,64.000,720.000,0.000,0.000,0.000,0.000
106854.000,58.000,503664.000,64.000,720.000,0.000,0.000,0.000,0.000
106864.000,58.000,503722.000,64.000,720.000,0.000,0.000,0.000,0.000
106874.000,57.000,503779.000,64.000,720.000,0.000,0.000,0.000,0.000
106884.000,58.000,503837.000,64.000,0.000,0.000,0.000,0.000,0.000
106894.000,57.000,503894.000,64.000,720.000,0.000,0.000,0.000,0.000
106904.000,58.000,503952.000,64.000,0.000,0.000,0.000,0.000,0.000
106914.000,57.000,504009.000,64.000,720.000,0.000,0.000,0.000,0.000
106924.000,57.000,504066.000,64.000,0.000,0.000,0.000,0.000,0.000
106934.000,59.000,504125.000,64.000,0.000,0.000,0.000,0.000,0.000
106944.000,57.000,504182.000,64.000,720.000,0.000,0.000,0.000,0.000
106954.000,59.000,504241.000,64.000,0.000,0.000,0.000,0.000,0.000
106964.000,58.000,504299.000,64.000,720.000,0.000,0.000,0.000,0.000
106974.000,58.000,504357.000,64.000,720.000,0.000,0.000,0.000,0.000
106984.000,57.000,504414.000,64.000,720.000,0.000,0.000,0.000,0.000
106994.000,58.000,504472.000,64.000,720.000,0.000,0.000,0.000,0.000
107004.000,56.000,504528.000,64.000,720.000,0.000,0.000,0.000,0.000
107014.000,57.000,504585.000,64.000,0.000,0.000,0.000,0.000,0.000
107024.000,57.000,504642.000,64.000,0.000,0.000,0.000,0.000,0.000
107034.000,59.000,504701.000,64.000,0.000,0.000,0.000,0.000,0.000
107044.000,57.000,504758.000,64.000,720.000,0.000,0.000,0.000,0.000
107054.000,59.000,504817.000,64.000,0.000,0.000,0.000,0.000,0.000
107064.000,57.000,504874.000,64.000,720.000,0.000,0.000,0.000,0.000
107074.000,59.000,504933.000,64.000,0.000,0.000,0.000,0.000,0.000
107084.000,57.000,504990.000,64.000,720.000,0.000,0.000,0.000,0.000
107094.000,58.000,505048.000,64.000,720.000,0.000,0.000,0.000,0.000
107104.000,58.000,505106.000,64.000,720.000,0.000,0.000,0.000,0.000
107114.000,56.000,505162.000,64.000,720.000,0.000,0.000,0.000,0.000
107124.000,58.000,505220.000,64.000,0.000,0.000,0.000,0.000,0.000
107134.000,57.000,505277.000,64.000,720.000,0.000,0.000,0.000,0.000
107144.000,57.000,505334.000,64.000,0.000,0.000,0.000,0.000,0.000
107154.000,58.000,505392.000,64.000,0.000,0.000,0.000,0.000,0.000
107164.000,58.000,505450.000,64.000,720.000,0.000,0.000,0.000,0.000
107174.000,57.000,505507.000,64.000,720.000,0.000,0.000,0.000,0.000
107184.000,58.000,505565.000,64.000,0.000,0.000,0.000,0.000,0.000
107194.000,57.000,505622.000,64.000,720.000,0.000,0.000,0.000,0.000
107204.000,58.000,505680.000,64.000,0.000,0.000,0.000,0.000,0.000
107214.000,57.000,505737.000,64.000,720.000,0.000,0.000,0.000,0.000
107224.000,57.000,505794.000,64.000,0.000,0.000,0.000,0.000,0.000
107234.000,59.000,505853.000,64.000,0.000,0.000,0.000,0.000,0.000
107244.000,57.000,505910.000,64.000,720.000,0.000,0.000,0.000,0.000
107254.000,59.000,505969.000,64.000,0.000,0.000,0.000,0.000,0.000
107264.000,57.000,506026.000,64.000,720.000,0.000,0.000,0.000,0.000
107274.000,59.000,506085.000,64.000,0.000,0.000,0.000,0.000,0.000
107284.000,59.000,506144.000,64.000,720.000,0.000,0.000,0.000,0.000
107294.000,57.000,506201.000,64.000,720.000,0.000,0.000,0.000,0.000
107304.000,57.000,506258.000,64.000,720.000,0.000,0.000,0.000,0.000
107314.000,57.000,506315.000,64.000,720.000,0.000,0.000,0.000,0.000
107324.000,57.000,506372.000,64.000,720.000,0.000,0.000,0.000,0.000
107334.000,57.000,506429.000,64.000,0.000,0.000,0.000,0.000,0.000
107344.000,57.000,506486.000,64.000,0.000,0.000,0.000,0.000,0.000
107354.000,58.000,506544.000,64.000,0.000,0.000,0.000,0.000,0.000
107364.000,58.000,506602.000,64.000,720.000,0.000,0.000,0.000,0.000
107374.000,57.000,506659.000,64.000,720.000,0.000,0.000,0.000,0.000
107384.000,58.000,506717.000,64.000,0.000,0.000,0.000,0.000,0.000
107394.000,57.000,506774.000,64.000,720.000,0.000,0.000,0.000,0.000
107404.000,58.000,506832.000,64.000,0.000,0.000,0.000,0.000,0.000
107414.000,58.000,506890.000,64.000,720.000,0.000,0.000,0.000,0.000
107424.000,58.000,506948.000,64.000,720.000,0.000,0.000,0.000,0.000
107434.000,57.000,507005.000,64.000,720.000,0.000,0.000,0.000,0.000
107444.000,57.000,507062.000,64.000,0.000,0.000,0.000,0.000,0.000
107454.000,58.000,507120.000,64.000,0.000,0.000,0.000,0.000,0.000
107464.000,58.000,507178.000,64.000,720.000,0.000,0.000,0.000,0.000
107474.000,58.000,507236.000,64.000,720.000,0.000,0.000,0.000,0.000
107484.000,57.000,507293.000,64.000,720.000,0.000,0.000,0.000,0.000
107494.000,57.000,507350.000,64.000,0.000,0.000,0.000,0.000,0.000
107504.000,58.000,507408.000,64.000,0.000,0.000,0.000,0.000,0.000
107514.000,57.000,507465.000,64.000,720.000,0.000,0.000,0.000,0.000
107524.000,57.000,507522.000,64.000,0.000,0.000,0.000,0.000,0.000
107534.000,59.000,507581.000,64.000,0.000,0.000,0.000,0.000,0.000
107544.000,58.000,507639.000,64.000,720.000,0.000,0.000,0.000,0.000
107554.000,58.000,507697.000,64.000,720.000,0.000,0.000,0.000,0.000
107564.000,57.000,507754.000,64.000,720.000,0.000,0.000,0.000,0.000
107574.000,58.000,507812.000,64.000,0.000,0.000,0.000,0.000,0.000
107584.000,57.000,507869.000,64.000,720.000,0.000,0.000,0.000,0.000
107594.000,57.000,507926.000,64.000,0.000,0.000,0.000,0.000,0.000
107604.000,58.000,507984.000,64.000,0.000,0.000,0.000,0.000,0.000
107614.000,58.000,508042.000,64.000,720.000,0.000,0.000,0.000,0.000
107624.000,58.000,508100.000,64.000,720.000,0.000,0.000,0.000,0.000
107634.000,57.000,508157.000,64.000,720.000,0.000,0.000,0.000,0.000
107644.000,57.000,508214.000,64.000,0.000,0.000,0.000,0.000,0.000
107654.000,58.000,508272.000,64.000,0.000,0.000,0.000,0.000,0.000
107664.000,58.000,508330.000,64.000,720.000,0.000,0.000,0.000,0.000
107674.000,58.000,508388.000,64.000,720.000,0.000,0.000,0.000,0.000
107684.000,57.000,508445.000,64.000,720.000,0.000,0.000,0.000,0.000
107694.000,57.000,508502.000,64.000,0.000,0.000,0.000,0.000,0.000
107704.000,58.000,508560.000,64.000,0.000,0.000,0.000,0.000,0.000
107714.000,57.000,508617.000,64.000,720.000,0.000,0.000,0.000,0.000
107724.000,57.000,508674.000,64.000,0.000,0.000,0.000,0.000,0.000
107734.000,59.000,508733.000,64.000,0.000,0.000,0.000,0.000,0.000
107744.000,59.000,508792.000,64.000,720.000,0.000,0.000,0.000,0.000
107754.000,57.000,508849.000,64.000,720.000,0.000,0.000,0.000,0.000
107764.000,57.000,508906.000,64.000,0.000,0.000,0.000,0.000,0.000
107774.000,59.000,508965.000,64.000,0.000,0.000,0.000,0.000,0.000
107784.000,59.000,509024.000,64.000,720.000,0.000,0.000,0.000,0.000
107794.000,57.000,509081.000,64.000,720.000,0.000,0.000,0.000,0.000
107804.000,58.000,509139.000,64.000,720.000,0.000,0.000,0.000,0.000
107814.000,57.000,509196.000,64.000,720.000,0.000,0.000,0.000,0.000
107824.000,57.000,509253.000,64.000,720.000,0.000,0.000,0.000,0.000
107834.000,56.000,509309.000,64.000,720.000,0.000,0.000,0.000,0.000
107844.000,57.000,509366.000,64.000,0.000,0.000,0.000,0.000,0.000
107854.000,57.000,509423.000,64.000,0.000,0.000,0.000,0.000,0.000
107864.000,58.000,509481.000,64.000,0.000,0.000,0.000,0.000,0.000
107874.000,57.000,509538.000,64.000,720.000,0.000,0.000,0.000,0.000
107884.000,59.000,509597.000,64.000,0.000,0.000,0.000,0.000,0.000
107894.000,57.000,509654.000,64.000,720.000,0.000,0.000,0.000,0.000
107904.000,59.000,509713.000,64.000,0.000,0.000,0.000,0.000,0.000
107914.000,57.000,509770.000,64.000,720.000,0.000,0.000,0.000,0.000
107924.000,59.000,509829.000,64.000,0.000,0.000,0.000,0.000,0.000
107934.000,57.000,509886.000,64.000,720.000,0.000,0.000,0.000,0.000
107944.000,58.000,509944.000,64.000,720.000,0.000,0.000,0.000,0.000
107954.000,58.000,510002.000,64.000,720.000,0.000,0.000,0.000,0.000
107964.000,56.000,510058.000,64.000,720.000,0.000,0.000,0.000,0.000
107974.000,58.000,510116.000,64.000,0.000,0.000,0.000,0.000,0.000
107984.000,57.000,510173.000,64.000,720.000,0.000,0.000,0.000,0.000
107994.000,57.000,510230.000,64.000,0.000,0.000,0.000,0.000,0.000
108004.000,57.000,510287.000,64.000,0.000,0.000,0.000,0.000,0.000
108014.000,58.000,510345.000,64.000,0.000,0.000,0.000,0.000,0.000
108024.000,59.000,510404.000,64.000,720.000,0.000,0.000,0.000,0.000
108034.000,57.000,510461.000,64.000,720.000,0.000,0.000,0.000,0.000
108044.000,57.000,510518.000,64.000,0.000,0.000,0.000,0.000,0.000
108054.000,59.000,510577.000,64.000,0.000,0.000,0.000,0.000,0.000
108064.000,58.000,510635.000,64.000,720.000,0.000,0.000,0.000,0.000
108074.000,58.000,510693.000,64.000,720.000,0.000,0.000,0.000,0.000
108084.000,57.000,510750.000,64.000,720.000,0.000,0.000,0.000,0.000
108094.000,58.000,510808.000,64.000,720.000,0.000,0.000,0.000,0.000
108104.000,56.000,510864.000,64.000,720.000,0.000,0.000,0.000,0.000
108114.000,57.000,510921.000,64.000,0.000,0.000,0.000,0.000,0.000
108124.000,57.000,510978.000,64.000,0.000,0.000,0.000,0.000,0.000
108134.000,58.000,511036.000,64.000,0.000,0.000,0.000,0.000,0.000
108144.000,58.000,511094.000,64.000,720.000,0.000,0.000,0.000,0.000
108154.000,58.000,511152.000,64.000,720.000,0.000,0.000,0.000,0.000
108164.000,57.000,511209.000,64.000,720.000,0.000,0.000,0.000,0.000
108174.000,57.000,511266.000,64.000,0.000,0.000,0.000,0.000,0.000
108184.000,58.000,511324.000,64.000,0.000,0.000,0.000,0.000,0.000
108194.000,58.000,511382.000,64.000,720.000,0.000,0.000,0.000,0.000
108204.000,58.000,511440.000,64.000,720.000,0.000,0.000,0.000,0.000
108214.000,57.000,511497.000,64.000,720.000,0.000,0.000,0.000,0.000
108224.000,57.000,511554.000,64.000,0.000,0.000,0.000,0.000,0.000
108234.000,58.000,511612.000,64.000,0.000,0.000,0.000,0.000,0.000
108244.000,58.000,511670.000,64.000,720.000,0.000,0.000,0.000,0.000
108254.000,58.000,511728.000,64.000,720.000,0.000,0.000,0.000,0.000
108264.000,57.000,511785.000,64.000,720.000,0.000,0.000,0.000,0.000
108274.000,57.000,511842.000,64.000,0.000,0.000,0.000,0.000,0.000
108284.000,59.000,511901.000,64.000,0.000,0.000,0.000,0.000,0.000
108294.000,57.000,511958.000,64.000,720.000,0.000,0.000,0.000,0.000
108304.000,58.000,512016.000,64.000,0.000,0.000,0.000,0.000,0.000
108314.000,58.000,512074.000,64.000,720.000,0.000,0.000,0.000,0.000
108324.000,58.000,512132.000,64.000,720.000,0.000,0.000,0.000,0.000
108334.000,57.000,512189.000,64.000,720.000,0.000,0.000,0.000,0.000
108344.000,57.000,512246.000,64.000,0.000,0.000,0.000,0.000,0.000
108354.000,58.000,512304.000,64.000,0.000,0.000,0.000,0.000,0.000
108364.000,57.000,512361.000,64.000,720.000,0.000,0.000,0.000,0.000
108374.000,58.000,512419.000,64.000,0.000,0.000,0.000,0.000,0.000
108384.000,58.000,512477.000,64.000,720.000,0.000,0.000,0.000,0.000
108394.000,57.000,512534.000,64.000,720.000,0.000,0.000,0.000,0.000
108404.000,58.000,512592.000,64.000,0.000,0.000,0.000,0.000,0.000
108414.000,58.000,512650.000,64.000,720.000,0.000,0.000,0.000,0.000
108424.000,57.000,512707.000,64.000,720.000,0.000,0.000,0.000,0.000
108434.000,58.000,512765.000,64.000,0.000,0.000,0.000,0.000,0.000
108444.000,57.000,512822.000,64.000,720.000,0.000,0.000,0.000,0.000
108454.000,58.000,512880.000,64.000,0.000,0.000,0.000,0.000,0.000
108464.000,57.000,512937.000,64.000,720.000,0.000,0.000,0.000,0.000
108474.000,57.000,512994.000,64.000,0.000,0.000,0.000,0.000,0.000
108484.000,59.000,513053.000,64.000,0.000,0.000,0.000,0.000,0.000
108494.000,57.000,513110.000,64.000,720.000,0.000,0.000,0.000,0.000
108504.000,58.000,513168.000,64.000,0.000,0.000,0.000,0.000,0.000
108514.000,58.000,513226.000,64.000,720.000,0.000,0.000,0.000,0.000
108524.000,59.000,513285.000,64.000,720.000,0.000,0.000,0.000,0.000
108534.000,57.000,513342.000,64.000,720.000,0.000,0.000,0.000,0.000
108544.000,57.000,513399.000,64.000,720.000,0.000,0.000,0.000,0.000
108554.000,57.000,513456.000,64.000,0.000,0.000,0.000,0.000,0.000
108564.000,58.000,513514.000,64.000,0.000,0.000,0.000,0.000,0.000
108574.000,58.000,513572.000,64.000,720.000,0.000,0.000,0.000,0.000
108584.000,57.000,513629.000,64.000,720.000,0.000,0.000,0.000,0.000
108594.000,57.000,513686.000,64.000,0.000,0.000,0.000,0.000,0.000
108604.000,58.000,513744.000,64.000,0.000,0.000,0.000,0.000,0.000
108614.000,58.000,513802.000,64.000,720.000,0.000,0.000,0.000,0.000
108624.000,58.000,513860.000,64.000,720.000,0.000,0.000,0.000,0.000
108634.000,57.000,513917.000,64.000,720.000,0.000,0.000,0.000,0.000
108644.000,57.000,513974.000,64.000,0.000,0.000,0.000,0.000,0.000
108654.000,58.000,514032.000,64.000,0.000,0.000,0.000,0.000,0.000
108664.000,58.000,514090.000,64.000,720.000,0.000,0.000,0.000,0.000
108674.000,58.000,514148.000,64.000,720.000,0.000,0.000,0.000,0.000
108684.000,57.000,514205.000,64.000,720.000,0.000,0.000,0.000,0.000
108694.000,57.000,514262.000,64.000,0.000,0.000,0.000,0.000,0.000
108704.000,58.000,514320.000,64.000,0.000,0.000,0.000,0.000,0.000
108714.000,58.000,514378.000,64.000,720.000,0.000,0.000,0.000,0.000
108724.000,58.000,514436.000,64.000,720.000,0.000,0.000,0.000,0.000
108734.000,57.000,514493.000,64.000,720.000,0.000,0.000,0.000,0.000
108744.000,57.000,514550.000,64.000,0.000,0.000,0.000,0.000,0.000
108754.000,58.000,514608.000,64.000,0.000,0.000,0.000,0.000,0.000
108764.000,58.000,514666.000,64.000,720.000,0.000,0.000,0.000,0.000
108774.000,57.000,514723.000,64.000,720.000,0.000,0.000,0.000,0.000
108784.000,58.000,514781.000,64.000,0.000,0.000,0.000,0.000,0.000
108794.000,57.000,514838.000,64.000,720.000,0.000,0.000,0.000,0.000
108804.000,58.000,514896.000,64.000,0.000,0.000,0.000,0.000,0.000
108814.000,57.000,514953.000,64.000,720.000,0.000,0.000,0.000,0.000
108824.000,58.000,515011.000,64.000,0.000,0.000,0.000,0.000,0.000
108834.000,58.000,515069.000,64.000,720.000,0.000,0.000,0.000,0.000
108844.000,57.000,515126.000,64.000,720.000,0.000,0.000,0.000,0.000
108854.000,58.000,515184.000,64.000,0.000,0.000,0.000,0.000,0.000
108864.000,57.000,515241.000,64.000,720.000,0.000,0.000,0.000,0.000
108874.000,58.000,515299.000,64.000,0.000,0.000,0.000,0.000,0.000
108884.000,58.000,515357.000,64.000,720.000,0.000,0.000,0.000,0.000
108894.000,57.000,515414.000,64.000,720.000,0.000,0.000,0.000,0.000
108904.000,58.000,515472.000,64.000,0.000,0.000,0.000,0.000,0.000
108914.000,57.000,515529.000,64.000,720.000,0.000,0.000,0.000,0.000
108924.000,57.000,515586.000,64.000,0.000,0.000,0.000,0.000,0.000
108934.000,58.000,515644.000,64.000,0.000,0.000,0.000,0.000,0.000
108944.000,58.000,515702.000,64.000,720.000,0.000,0.000,0.000,0.000
108954.000,58.000,515760.000,64.000,720.000,0.000,0.000,0.000,0.000
108964.000,57.000,515817.000,64.000,720.000,0.000,0.000,0.000,0.000
108974.000,57.000,515874.000,64.000,0.000,0.000,0.000,0.000,0.000
108984.000,58.000,515932.000,64.000,0.000,0.000,0.000,0.000,0.000
108994.000,58.000,515990.000,64.000,720.000,0.000,0.000,0.000,0.000
109004.000,58.000,516048.000,64.000,720.000,0.000,0.000,0.000,0.000
109014.000,57.000,516105.000,64.000,720.000,0.000,0.000,0.000,0.000
109024.000,57.000,516162.000,64.000,0.000,0.000,0.000,0.000,0.000
109034.000,58.000,516220.000,64.000,0.000,0.000,0.000,0.000,0.000
109044.000,58.000,516278.000,64.000,720.000,0.000,0.000,0.000,0.000
109054.000,58.000,516336.000,64.000,720.000,0.000,0.000,0.000,0.000
109064.000,57.000,516393.000,64.000,720.000,0.000,0.000,0.000,0.000
109074.000,57.000,516450.000,64.000,0.000,0.000,0.000,0.000,0.000
109084.000,58.000,516508.000,64.000,0.000,0.000,0.000,0.000,0.000
109094.000,58.000,516566.000,64.000,720.000,0.000,0.000,0.000,0.000
109104.000,57.000,516623.000,64.000,720.000,0.000,0.000,0.000,0.000
109114.000,58.000,516681.000,64.000,0.000,0.000,0.000,0.000,0.000
109124.000,57.000,516738.000,64.000,720.000,0.000,0.000,0.000,0.000
109134.000,58.000,516796.000,64.000,0.000,0.000,0.000,0.000,0.000
109144.000,58.000,516854.000,64.000,720.000,0.000,0.000,0.000,0.000
109154.000,57.000,516911.000,64.000,720.000,0.000,0.000,0.000,0.000
109164.000,57.000,516968.000,64.000,0.000,0.000,0.000,0.000,0.000
109174.000,58.000,517026.000,64.000,0.000,0.000,0.000,0.000,0.000
109184.000,59.000,517085.000,64.000,720.000,0.000,0.000,0.000,0.000
109194.000,57.000,517142.000,64.000,720.000,0.000,0.000,0.000,0.000
109204.000,58.000,517200.000,64.000,0.000,0.000,0.000,0.000,0.000
109214.000,57.000,517257.000,64.000,720.000,0.000,0.000,0.000,0.000
109224.000,58.000,517315.000,64.000,0.000,0.000,0.000,0.000,0.000
109234.000,58.000,517373.000,64.000,720.000,0.000,0.000,0.000,0.000
109244.000,57.000,517430.000,64.000,720.000,0.000,0.000,0.000,0.000
109254.000,57.000,517487.000,64.000,0.000,0.000,0.000,0.000,0.000
109264.000,58.000,517545.000,64.000,0.000,0.000,0.000,0.000,0.000
109274.000,57.000,517602.000,64.000,720.000,0.000,0.000,0.000,0.000
109284.000,59.000,517661.000,64.000,0.000,0.000,0.000,0.000,0.000
109294.000,57.000,517718.000,64.000,720.000,0.000,0.000,0.000,0.000
109304.000,58.000,517776.000,64.000,0.000,0.000,0.000,0.000,0.000
109314.000,58.000,517834.000,64.000,720.000,0.000,0.000,0.000,0.000
109324.000,58.000,517892.000,64.000,720.000,0.000,0.000,0.000,0.000
109334.000,58.000,517950.000,64.000,720.000,0.000,0.000,0.000,0.000
109344.000,56.000,518006.000,64.000,720.000,0.000,0.000,0.000,0.000
109354.000,58.000,518064.000,64.000,0.000,0.000,0.000,0.000,0.000
109364.000,57.000,518121.000,64.000,720.000,0.000,0.000,0.000,0.000
109374.000,57.000,518178.000,64.000,0.000,0.000,0.000,0.000,0.000
109384.000,58.000,518236.000,64.000,0.000,0.000,0.000,0.000,0.000
109394.000,58.000,518294.000,64.000,720.000,0.000,0.000,0.000,0.000
109404.000,57.000,518351.000,64.000,720.000,0.000,0.000,0.000,0.000
109414.000,57.000,518408.000,64.000,0.000,0.000,0.000,0.000,0.000
109424.000,58.000,518466.000,64.000,0.000,0.000,0.000,0.000,0.000
109434.000,59.000,518525.000,64.000,720.000,0.000,0.000,0.000,0.000
109444.000,57.000,518582.000,64.000,720.000,0.000,0.000,0.000,0.000
109454.000,58.000,518640.000,64.000,0.000,0.000,0.000,0.000,0.000
109464.000,58.000,518698.000,64.000,720.000,0.000,0.000,0.000,0.000
109474.000,58.000,518756.000,64.000,720.000,0.000,0.000,0.000,0.000
109484.000,57.000,518813.000,64.000,720.000,0.000,0.000,0.000,0.000
109494.000,57.000,518870.000,64.000,0.000,0.000,0.000,0.000,0.000
109504.000,58.000,518928.000,64.000,0.000,0.000,0.000,0.000,0.000
109514.000,58.000,518986.000,64.000,720.000,0.000,0.000,0.000,0.000
109524.000,57.000,519043.000,64.000,720.000,0.000,0.000,0.000,0.000
109534.000,58.000,519101.000,64.000,0.000,0.000,0.000,0.000,0.000
109544.000,57.000,519158.000,64.000,720.000,0.000,0.000,0.000,0.000
109554.000,58.000,519216.000,64.000,0.000,0.000,0.000,0.000,0.000
109564.000,58.000,519274.000,64.000,720.000,0.000,0.000,0.000,0.000
109574.000,57.000,519331.000,64.000,720.000,0.000,0.000,0.000,0.000
109584.000,58.000,519389.000,64.000,0.000,0.000,0.000,0.000,0.000
109594.000,57.000,519446.000,64.000,720.000,0.000,0.000,0.000,0.000
109604.000,58.000,519504.000,64.000,0.000,0.000,0.000,0.000,0.000
109614.000,58.000,519562.000,64.000,720.000,0.000,0.000,0.000,0.000
109624.000,57.000,519619.000,64.000,720.000,0.000,0.000,0.000,0.000
109634.000,58.000,519677.000,64.000,0.000,0.000,0.000,0.000,0.000
109644.000,57.000,519734.000,64.000,720.000,0.000,0.000,0.000,0.000
109654.000,58.000,519792.000,64.000,0.000,0.000,0.000,0.000,0.000
109664.000,57.000,519849.000,64.000,720.000,0.000,0.000,0.000,0.000
109674.000,58.000,519907.000,64.000,0.000,0.000,0.000,0.000,0.000
109684.000,58.000,519965.000,64.000,720.000,0.000,0.000,0.000,0.000
109694.000,57.000,520022.000,64.000,720.000,0.000,0.000,0.000,0.000
109704.000,58.000,520080.000,64.000,0.000,0.000,0.000,0.000,0.000
109714.000,57.000,520137.000,64.000,720.000,0.000,0.000,0.000,0.000
109724.000,57.000,520194.000,64.000,0.000,0.000,0.000,0.000,0.000
109734.000,59.000,520253.000,64.000,0.000,0.000,0.000,0.000,0.000
109744.000,57.000,520310.000,64.000,720.000,0.000,0.000,0.000,0.000
109754.000,59.000,520369.000,64.000,0.000,0.000,0.000,0.000,0.000
109764.000,57.000,520426.000,64.000,720.000,0.000,0.000,0.000,0.000
109774.000,59.000,520485.000,64.000,0.000,0.000,0.000,0.000,0.000
109784.000,59.000,520544.000,64.000,720.000,0.000,0.000,0.000,0.000
109794.000,57.000,520601.000,64.000,720.000,0.000,0.000,0.000,0.000
109804.000,57.000,520658.000,64.000,720.000,0.000,0.000,0.000,0.000
109814.000,58.000,520716.000,64.000,720.000,0.000,0.000,0.000,0.000
109824.000,57.000,520773.000,64.000,720.000,0.000,0.000,0.000,0.000
109834.000,56.000,520829.000,64.000,720.000,0.000,0.000,0.000,0.000
109844.000,57.000,520886.000,64.000,0.000,0.000,0.000,0.000,0.000
109854.000,58.000,520944.000,64.000,0.000,0.000,0.000,0.000,0.000
109864.000,57.000,521001.000,64.000,720.000,0.000,0.000,0.000,0.000
109874.000,57.000,521058.000,64.000,0.000,0.000,0.000,0.000,0.000
109884.000,58.000,521116.000,64.000,0.000,0.000,0.000,0.000,0.000
109894.000,58.000,521174.000,64.000,720.000,0.000,0.000,0.000,0.000
109904.000,58.000,521232.000,64.000,720.000,0.000,0.000,0.000,0.000
109914.000,57.000,521289.000,64.000,720.000,0.000,0.000,0.000,0.000
109924.000,57.000,521346.000,64.000,0.000,0.000,0.000,0.000,0.000
109934.000,59.000,521405.000,64.000,0.000,0.000,0.000,0.000,0.000
109944.000,57.000,521462.000,64.000,720.000,0.000,0.000,0.000,0.000
109954.000,59.000,521521.000,64.000,0.000,0.000,0.000,0.000,0.000
109964.000,57.000,521578.000,64.000,720.000,0.000,0.000,0.000,0.000
109974.000,59.000,521637.000,64.000,0.000,0.000,0.000,0.000,0.000
109984.000,58.000,521695.000,64.000,720.000,0.000,0.000,0.000,0.000
109994.000,58.000,521753.000,64.000,720.000,0.000,0.000,0.000,0.000
110004.000,57.000,521810.000,64.000,720.000,0.000,0.000,0.000,0.000
110014.000,56.000,521866.000,64.000,720.000,0.000,0.000,0.000,0.000
110024.000,58.000,521924.000,64.000,0.000,0.000,0.000,0.000,0.000
110034.000,57.000,521981.000,64.000,720.000,0.000,0.000,0.000,0.000
110044.000,57.000,522038.000,64.000,0.000,0.000,0.000,0.000,0.000
110054.000,58.000,522096.000,64.000,0.000,0.000,0.000,0.000,0.000
110064.000,58.000,522154.000,64.000,720.000,0.000,0.000,0.000,0.000
110074.000,58.000,522212.000,64.000,720.000,0.000,0.000,0.000,0.000
110084.000,57.000,522269.000,64.000,720.000,0.000,0.000,0.000,0.000
110094.000,57.000,522326.000,64.000,0.000,0.000,0.000,0.000,0.000
110104.000,58.000,522384.000,64.000,0.000,0.000,0.000,0.000,0.000
110114.000,58.000,522442.000,64.000,720.000,0.000,0.000,0.000,0.000
110124.000,57.000,522499.000,64.000,720.000,0.000,0.000,0.000,0.000
110134.000,58.000,522557.000,64.000,0.000,0.000,0.000,0.000,0.000
110144.000,57.000,522614.000,64.000,720.000,0.000,0.000,0.000,0.000
110154.000,58.000,522672.000,64.000,0.000,0.000,0.000,0.000,0.000
110164.000,57.000,522729.000,64.000,720.000,0.000,0.000,0.000,0.000
110174.000,58.000,522787.000,64.000,0.000,0.000,0.000,0.000,0.000
110184.000,58.000,522845.000,64.000,720.000,0.000,0.000,0.000,0.000
110194.000,57.000,522902.000,64.000,720.000,0.000,0.000,0.000,0.000
110204.000,58.000,522960.000,64.000,0.000,0.000,0.000,0.000,0.000
110214.000,57.000,523017.000,64.000,720.000,0.000,0.000,0.000,0.000
110224.000,57.000,523074.000,64.000,0.000,0.000,0.000,0.000,0.000
110234.000,59.000,523133.000,64.000,0.000,0.000,0.000,0.000,0.000
110244.000,57.000,523190.000,64.000,720.000,0.000,0.000,0.000,0.000
110254.000,58.000,523248.000,64.000,0.000,0.000,0.000,0.000,0.000
110264.000,58.000,523306.000,64.000,720.000,0.000,0.000,0.000,0.000
110274.000,59.000,523365.000,64.000,720.000,0.000,0.000,0.000,0.000
110284.000,57.000,523422.000,64.000,720.000,0.000,0.000,0.000,0.000
110294.000,57.000,523479.000,64.000,720.000,0.000,0.000,0.000,0.000
110304.000,57.000,523536.000,64.000,0.000,0.000,0.000,0.000,0.000
110314.000,58.000,523594.000,64.000,0.000,0.000,0.000,0.000,0.000
110324.000,58.000,523652.000,64.000,720.000,0.000,0.000,0.000,0.000
110334.000,57.000,523709.000,64.000,720.000,0.000,0.000,0.000,0.000
110344.000,57.000,523766.000,64.000,0.000,0.000,0.000,0.000,0.000
110354.000,58.000,523824.000,64.000,0.000,0.000,0.000,0.000,0.000
110364.000,58.000,523882.000,64.000,720.000,0.000,0.000,0.000,0.000
110374.000,58.000,523940.000,64.000,720.000,0.000,0.000,0.000,0.000
110384.000,57.000,523997.000,64.000,720.000,0.000,0.000,0.000,0.000
110394.000,57.000,524054.000,64.000,0.000,0.000,0.000,0.000,0.000
110404.000,58.000,524112.000,64.000,0.000,0.000,0.000,0.000,0.000
110414.000,58.000,524170.000,64.000,720.000,0.000,0.000,0.000,0.000
110424.000,58.000,524228.000,64.000,720.000,0.000,0.000,0.000,0.000
110434.000,57.000,524285.000,64.000,720.000,0.000,0.000,0.000,0.000
110444.000,57.000,524342.000,64.000,0.000,0.000,0.000,0.000,0.000
110454.000,58.000,524400.000,64.000,0.000,0.000,0.000,0.000,0.000
110464.000,58.000,524458.000,64.000,720.000,0.000,0.000,0.000,0.000
110474.000,58.000,524516.000,64.000,720.000,0.000,0.000,0.000,0.000
110484.000,57.000,524573.000,64.000,720.000,0.000,0.000,0.000,0.000
110494.000,57.000,524630.000,64.000,0.000,0.000,0.000,0.000,0.000
110504.000,58.000,524688.000,64.000,0.000,0.000,0.000,0.000,0.000
110514.000,58.000,524746.000,64.000,720.000,0.000,0.000,0.000,0.000
110524.000,57.000,524803.000,64.000,720.000,0.000,0.000,0.000,0.000
110534.000,57.000,524860.000,64.000,0.000,0.000,0.000,0.000,0.000
110544.000,58.000,524918.000,64.000,0.000,0.000,0.000,0.000,0.000
110554.000,58.000,524976.000,64.000,720.000,0.000,0.000,0.000,0.000
110564.000,58.000,525034.000,64.000,720.000,0.000,0.000,0.000,0.000
110574.000,57.000,525091.000,64.000,720.000,0.000,0.000,0.000,0.000
110584.000,58.000,525149.000,64.000,0.000,0.000,0.000,0.000,0.000
110594.000,57.000,525206.000,64.000,720.000,0.000,0.000,0.000,0.000
110604.000,58.000,525264.000,64.000,0.000,0.000,0.000,0.000,0.000
110614.000,58.000,525322.000,64.000,720.000,0.000,0.000,0.000,0.000
110624.000,56.000,525378.000,64.000,720.000,0.000,0.000,0.000,0.000
110634.000,58.000,525436.000,64.000,0.000,0.000,0.000,0.000,0.000
110644.000,58.000,525494.000,64.000,720.000,0.000,0.000,0.000,0.000
110654.000,57.000,525551.000,64.000,720.000,0.000,0.000,0.000,0.000
110664.000,57.000,525608.000,64.000,0.000,0.000,0.000,0.000,0.000
110674.000,58.000,525666.000,64.000,0.000,0.000,0.000,0.000,0.000
110684.000,58.000,525724.000,64.000,720.000,0.000,0.000,0.000,0.000
110694.000,58.000,525782.000,64.000,720.000,0.000,0.000,0.000,0.000
110704.000,56.000,525838.000,64.000,720.000,0.000,0.000,0.000,0.000
110714.000,58.000,525896.000,64.000,0.000,0.000,0.000,0.000,0.000
110724.000,57.000,525953.000,64.000,720.000,0.000,0.000,0.000,0.000
110734.000,58.000,526011.000,64.000,0.000,0.000,0.000,0.000,0.000
110744.000,58.000,526069.000,64.000,720.000,0.000,0.000,0.000,0.000
110754.000,57.000,526126.000,64.000,720.000,0.000,0.000,0.000,0.000
110764.000,58.000,526184.000,64.000,0.000,0.000,0.000,0.000,0.000
110774.000,57.000,526241.000,64.000,720.000,0.000,0.000,0.000,0.000
110784.000,57.000,526298.000,64.000,0.000,0.000,0.000,0.000,0.000
110794.000,59.000,526357.000,64.000,0.000,0.000,0.000,0.000,0.000
110804.000,57.000,526414.000,64.000,720.000,0.000,0.000,0.000,0.000
110814.000,59.000,526473.000,64.000,0.000,0.000,0.000,0.000,0.000
110824.000,57.000,526530.000,64.000,720.000,0.000,0.000,0.000,0.000
110834.000,59.000,526589.000,64.000,0.000,0.000,0.000,0.000,0.000
110844.000,58.000,526647.000,64.000,720.000,0.000,0.000,0.000,0.000
110854.000,58.000,526705.000,64.000,720.000,0.000,0.000,0.000,0.000
110864.000,57.000,526762.000,64.000,720.000,0.000,0.000,0.000,0.000
110874.000,58.000,526820.000,64.000,0.000,0.000,0.000,0.000,0.000
110884.000,57.000,526877.000,64.000,720.000,0.000,0.000,0.000,0.000
110894.000,58.000,526935.000,64.000,0.000,0.000,0.000,0.000,0.000
110904.000,58.000,526993.000,64.000,720.000,0.000,0.000,0.000,0.000
110914.000,57.000,527050.000,64.000,720.000,0.000,0.000,0.000,0.000
110924.000,58.000,527108.000,64.000,0.000,0.000,0.000,0.000,0.000
110934.000,57.000,527165.000,64.000,720.000,0.000,0.000,0.000,0.000
110944.000,57.000,527222.000,64.000,0.000,0.000,0.000,0.000,0.000
110954.000,59.000,527281.000,64.000,0.000,0.000,0.000,0.000,0.000
110964.000,57.000,527338.000,64.000,720.000,0.000,0.000,0.000,0.000
110974.000,59.000,527397.000,64.000,0.000,0.000,0.000,0.000,0.000
110984.000,58.000,527455.000,64.000,720.000,0.000,0.000,0.000,0.000
110994.000,57.000,527512.000,64.000,720.000,0.000,0.000,0.000,0.000
111004.000,58.000,527570.000,64.000,720.000,0.000,0.000,0.000,0.000
111014.000,56.000,527626.000,64.000,720.000,0.000,0.000,0.000,0.000
111024.000,58.000,527684.000,64.000,0.000,0.000,0.000,0.000,0.000
111034.000,57.000,527741.000,64.000,720.000,0.000,0.000,0.000,0.000
111044.000,57.000,527798.000,64.000,0.000,0.000,0.000,0.000,0.000
111054.000,58.000,527856.000,64.000,0.000,0.000,0.000,0.000,0.000
111064.000,58.000,527914.000,64.000,720.000,0.000,0.000,0.000,0.000
111074.000,58.000,527972.000,64.000,720.000,0.000,0.000,0.000,0.000
111084.000,57.000,528029.000,64.000,720.000,0.000,0.000,0.000,0.000
111094.000,58.000,528087.000,64.000,0.000,0.000,0.000,0.000,0.000
111104.000,57.000,528144.000,64.000,720.000,0.000,0.000,0.000,0.000
111114.000,58.000,528202.000,64.000,0.000,0.000,0.000,0.000,0.000
111124.000,58.000,528260.000,64.000,720.000,0.000,0.000,0.000,0.000
111134.000,57.000,528317.000,64.000,720.000,0.000,0.000,0.000,0.000
111144.000,57.000,528374.000,64.000,0.000,0.000,0.000,0.000,0.000
111154.000,58.000,528432.000,64.000,0.000,0.000,0.000,0.000,0.000
111164.000,58.000,528490.000,64.000,720.000,0.000,0.000,0.000,0.000
111174.000,58.000,528548.000,64.000,720.000,0.000,0.000,0.000,0.000
111184.000,57.000,528605.000,64.000,720.000,0.000,0.000,0.000,0.000
111194.000,57.000,528662.000,64.000,0.000,0.000,0.000,0.000,0.000
111204.000,58.000,528720.000,64.000,0.000,0.000,0.000,0.000,0.000
111214.000,58.000,528778.000,64.000,720.000,0.000,0.000,0.000,0.000
111224.000,58.000,528836.000,64.000,720.000,0.000,0.000,0.000,0.000
111234.000,57.000,528893.000,64.000,720.000,0.000,0.000,0.000,0.000
111244.000,58.000,528951.000,64.000,0.000,0.000,0.000,0.000,0.000
111254.000,57.000,529008.000,64.000,720.000,0.000,0.000,0.000,0.000
111264.000,58.000,529066.000,64.000,0.000,0.000,0.000,0.000,0.000
111274.000,58.000,529124.000,64.000,720.000,0.000,0.000,0.000,0.000
111284.000,57.000,529181.000,64.000,720.000,0.000,0.000,0.000,0.000
111294.000,57.000,529238.000,64.000,0.000,0.000,0.000,0.000,0.000
111304.000,58.000,529296.000,64.000,0.000,0.000,0.000,0.000,0.000
111314.000,58.000,529354.000,64.000,720.000,0.000,0.000,0.000,0.000
111324.000,58.000,529412.000,64.000,720.000,0.000,0.000,0.000,0.000
111334.000,57.000,529469.000,64.000,720.000,0.000,0.000,0.000,0.000
111344.000,57.000,529526.000,64.000,0.000,0.000,0.000,0.000,0.000
111354.000,58.000,529584.000,64.000,0.000,0.000,0.000,0.000,0.000
111364.000,58.000,529642.000,64.000,720.000,0.000,0.000,0.000,0.000
111374.000,57.000,529699.000,64.000,720.000,0.000,0.000,0.000,0.000
111384.000,58.000,529757.000,64.000,0.000,0.000,0.000,0.000,0.000
111394.000,57.000,529814.000,64.000,720.000,0.000,0.000,0.000,0.000
111404.000,58.000,529872.000,64.000,0.000,0.000,0.000,0.000,0.000
111414.000,58.000,529930.000,64.000,720.000,0.000,0.000,0.000,0.000
111424.000,58.000,529988.000,64.000,720.000,0.000,0.000,0.000,0.000
111434.000,57.000,530045.000,64.000,720.000,0.000,0.000,0.000,0.000
111444.000,57.000,530102.000,64.000,0.000,0.000,0.000,0.000,0.000
111454.000,58.000,530160.000,64.000,0.000,0.000,0.000,0.000,0.000
111464.000,57.000,530217.000,64.000,720.000,0.000,0.000,0.000,0.000
111474.000,58.000,530275.000,64.000,0.000,0.000,0.000,0.000,0.000
111484.000,58.000,530333.000,64.000,720.000,0.000,0.000,0.000,0.000
111494.000,57.000,530390.000,64.000,720.000,0.000,0.000,0.000,0.000
111504.000,58.000,530448.000,64.000,0.000,0.000,0.000,0.000,0.000
111514.000,58.000,530506.000,64.000,720.000,0.000,0.000,0.000,0.000
111524.000,58.000,530564.000,64.000,720.000,0.000,0.000,0.000,0.000
111534.000,57.000,530621.000,64.000,720.000,0.000,0.000,0.000,0.000
111544.000,57.000,530678.000,64.000,0.000,0.000,0.000,0.000,0.000
111554.000,58.000,530736.000,64.000,0.000,0.000,0.000,0.000,0.000
111564.000,57.000,530793.000,64.000,720.000,0.000,0.000,0.000,0.000
111574.000,58.000,530851.000,64.000,0.000,0.000,0.000,0.000,0.000
111584.000,58.000,530909.000,64.000,720.000,0.000,0.000,0.000,0.000
111594.000,57.000,530966.000,64.000,720.000,0.000,0.000,0.000,0.000
111604.000,58.000,531024.000,64.000,0.000,0.000,0.000,0.000,0.000
111614.000,58.000,531082.000,64.000,720.000,0.000,0.000,0.000,0.000
111624.000,57.000,531139.000,64.000,720.000,0.000,0.000,0.000,0.000
111634.000,58.000,531197.000,64.000,0.000,0.000,0.000,0.000,0.000
111644.000,57.000,531254.000,64.000,720.000,0.000,0.000,0.000,0.000
111654.000,58.000,531312.000,64.000,0.000,0.000,0.000,0.000,0.000
111664.000,58.000,531370.000,64.000,720.000,0.000,0.000,0.000,0.000
111674.000,57.000,531427.000,64.000,720.000,0.000,0.000,0.000,0.000
111684.000,58.000,531485.000,64.000,0.000,0.000,0.000,0.000,0.000
111694.000,57.000,531542.000,64.000,720.000,0.000,0.000,0.000,0.000
111704.000,58.000,531600.000,64.000,0.000,0.000,0.000,0.000,0.000
111714.000,58.000,531658.000,64.000,720.000,0.000,0.000,0.000,0.000
111724.000,57.000,531715.000,64.000,720.000,0.000,0.000,0.000,0.000
111734.000,58.000,531773.000,64.000,0.000,0.000,0.000,0.000,0.000
111744.000,57.000,531830.000,64.000,720.000,0.000,0.000,0.000,0.000
111754.000,58.000,531888.000,64.000,0.000,0.000,0.000,0.000,0.000
111764.000,57.000,531945.000,64.000,720.000,0.000,0.000,0.000,0.000
111774.000,57.000,532002.000,64.000,0.000,0.000,0.000,0.000,0.000
111784.000,59.000,532061.000,64.000,0.000,0.000,0.000,0.000,0.000
111794.000,58.000,532119.000,64.000,720.000,0.000,0.000,0.000,0.000
111804.000,58.000,532177.000,64.000,720.000,0.000,0.000,0.000,0.000
111814.000,57.000,532234.000,64.000,720.000,0.000,0.000,0.000,0.000
111824.000,58.000,532292.000,64.000,0.000,0.000,0.000,0.000,0.000
111834.000,57.000,532349.000,64.000,720.000,0.000,0.000,0.000,0.000
111844.000,58.000,532407.000,64.000,0.000,0.000,0.000,0.000,0.000
111854.000,58.000,532465.000,64.000,720.000,0.000,0.000,0.000,0.000
111864.000,57.000,532522.000,64.000,720.000,0.000,0.000,0.000,0.000
111874.000,58.000,532580.000,64.000,0.000,0.000,0.000,0.000,0.000
111884.000,57.000,532637.000,64.000,720.000,0.000,0.000,0.000,0.000
111894.000,57.000,532694.000,64.000,0.000,0.000,0.000,0.000,0.000
111904.000,59.000,532753.000,64.000,0.000,0.000,0.000,0.000,0.000
111914.000,57.000,532810.000,64.000,720.000,0.000,0.000,0.000,0.000
111924.000,59.000,532869.000,64.000,0.000,0.000,0.000,0.000,0.000
111934.000,59.000,532928.000,64.000,720.000,0.000,0.000,0.000,0.000
111944.000,57.000,532985.000,64.000,720.000,0.000,0.000,0.000,0.000
111954.000,57.000,533042.000,64.000,720.000,0.000,0.000,0.000,0.000
111964.000,58.000,533100.000,64.000,720.000,0.000,0.000,0.000,0.000
111974.000,57.000,533157.000,64.000,720.000,0.000,0.000,0.000,0.000
111984.000,56.000,533213.000,64.000,720.000,0.000,0.000,0.000,0.000
111994.000,57.000,533270.000,64.000,0.000,0.000,0.000,0.000,0.000
112004.000,58.000,533328.000,64.000,0.000,0.000,0.000,0.000,0.000
112014.000,57.000,533385.000,64.000,720.000,0.000,0.000,0.000,0.000
112024.000,57.000,533442.000,64.000,0.000,0.000,0.000,0.000,0.000
112034.000,59.000,533501.000,64.000,0.000,0.000,0.000,0.000,0.000
112044.000,57.000,533558.000,64.000,720.000,0.000,0.000,0.000,0.000
112054.000,59.000,533617.000,64.000,0.000,0.000,0.000,0.000,0.000
112064.000,57.000,533674.000,64.000,720.000,0.000,0.000,0.000,0.000
112074.000,59.000,533733.000,64.000,0.000,0.000,0.000,0.000,0.000
112084.000,59.000,533792.000,64.000,720.000,0.000,0.000,0.000,0.000
112094.000,57.000,533849.000,64.000,720.000,0.000,0.000,0.000,0.000
112104.000,57.000,533906.000,64.000,720.000,0.000,0.000,0.000,0.000
112114.000,58.000,533964.000,64.000,720.000,0.000,0.000,0.000,0.000
112124.000,57.000,534021.000,64.000,720.000,0.000,0.000,0.000,0.000
112134.000,56.000,534077.000,64.000,720.000,0.000,0.000,0.000,0.000
112144.000,57.000,534134.000,64.000,0.000,0.000,0.000,0.000,0.000
112154.000,57.000,534191.000,64.000,0.000,0.000,0.000,0.000,0.000
112164.000,58.000,534249.000,64.000,0.000,0.000,0.000,0.000,0.000
112174.000,57.000,534306.000,64.000,720.000,0.000,0.000,0.000,0.000
112184.000,59.000,534365.000,64.000,0.000,0.000,0.000,0.000,0.000
112194.000,57.000,534422.000,64.000,720.000,0.000,0.000,0.000,0.000
112204.000,58.000,534480.000,64.000,0.000,0.000,0.000,0.000,0.000
112214.000,58.000,534538.000,64.000,720.000,0.000,0.000,0.000,0.000
112224.000,58.000,534596.000,64.000,720.000,0.000,0.000,0.000,0.000
112234.000,57.000,534653.000,64.000,720.000,0.000,0.000,0.000,0.000
112244.000,57.000,534710.000,64.000,0.000,0.000,0.000,0.000,0.000
112254.000,58.000,534768.000,64.000,0.000,0.000,0.000,0.000,0.000
112264.000,58.000,534826.000,64.000,720.000,0.000,0.000,0.000,0.000
112274.000,58.000,534884.000,64.000,720.000,0.000,0.000,0.000,0.000
112284.000,57.000,534941.000,64.000,720.000,0.000,0.000,0.000,0.000
112294.000,57.000,534998.000,64.000,0.000,0.000,0.000,0.000,0.000
112304.000,58.000,535056.000,64.000,0.000,0.000,0.000,0.000,0.000
112314.000,58.000,535114.000,64.000,720.000,0.000,0.000,0.000,0.000
112324.000,58.000,535172.000,64.000,720.000,0.000,0.000,0.000,0.000
112334.000,57.000,535229.000,64.000,720.000,0.000,0.000,0.000,0.000
112344.000,57.000,535286.000,64.000,0.000,0.000,0.000,0.000,0.000
112354.000,58.000,535344.000,64.000,0.000,0.000,0.000,0.000,0.000
112364.000,58.000,535402.000,64.000,720.000,0.000,0.000,0.000,0.000
112374.000,58.000,535460.000,64.000,720.000,0.000,0.000,0.000,0.000
112384.000,57.000,535517.000,64.000,720.000,0.000,0.000,0.000,0.000
112394.000,57.000,535574.000,64.000,0.000,0.000,0.000,0.000,0.000
112404.000,58.000,535632.000,64.000,0.000,0.000,0.000,0.000,0.000
112414.000,58.000,535690.000,64.000,720.000,0.000,0.000,0.000,0.000
112424.000,58.000,535748.000,64.000,720.000,0.000,0.000,0.000,0.000
112434.000,57.000,535805.000,64.000,720.000,0.000,0.000,0.000,0.000
112444.000,57.000,535862.000,64.000,0.000,0.000,0.000,0.000,0.000
112454.000,58.000,535920.000,64.000,0.000,0.000,0.000,0.000,0.000
112464.000,58.000,535978.000,64.000,720.000,0.000,0.000,0.000,0.000
112474.000,58.000,536036.000,64.000,720.000,0.000,0.000,0.000,0.000
112484.000,57.000,536093.000,64.000,720.000,0.000,0.000,0.000,0.000
112494.000,57.000,536150.000,64.000,0.000,0.000,0.000,0.000,0.000
112504.000,58.000,536208.000,64.000,0.000,0.000,0.000,0.000,0.000
112514.000,58.000,536266.000,64.000,720.000,0.000,0.000,0.000,0.000
112524.000,58.000,536324.000,64.000,720.000,0.000,0.000,0.000,0.000
112534.000,57.000,536381.000,64.000,720.000,0.000,0.000,0.000,0.000
112544.000,57.000,536438.000,64.000,0.000,0.000,0.000,0.000,0.000
112554.000,58.000,536496.000,64.000,0.000,0.000,0.000,0.000,0.000
112564.000,58.000,536554.000,64.000,720.000,0.000,0.000,0.000,0.000
112574.000,57.000,536611.000,64.000,720.000,0.000,0.000,0.000,0.000
112584.000,58.000,536669.000,64.000,0.000,0.000,0.000,0.000,0.000
112594.000,57.000,536726.000,64.000,720.000,0.000,0.000,0.000,0.000
112604.000,58.000,536784.000,64.000,0.000,0.000,0.000,0.000,0.000
112614.000,58.000,536842.000,64.000,720.000,0.000,0.000,0.000,0.000
112624.000,58.000,536900.000,64.000,720.000,0.000,0.000,0.000,0.000
112634.000,57.000,536957.000,64.000,720.000,0.000,0.000,0.000,0.000
112644.000,57.000,537014.000,64.000,0.000,0.000,0.000,0.000,0.000
112654.000,58.000,537072.000,64.000,0.000,0.000,0.000,0.000,0.000
112664.000,57.000,537129.000,64.000,720.000,0.000,0.000,0.000,0.000
112674.000,58.000,537187.000,64.000,0.000,0.000,0.000,0.000,0.000
112684.000,58.000,537245.000,64.000,720.000,0.000,0.000,0.000,0.000
112694.000,57.000,537302.000,64.000,720.000,0.000,0.000,0.000,0.000
112704.000,58.000,537360.000,64.000,0.000,0.000,0.000,0.000,0.000
112714.000,58.000,537418.000,64.000,720.000,0.000,0.000,0.000,0.000
112724.000,57.000,537475.000,64.000,720.000,0.000,0.000,0.000,0.000
112734.000,58.000,537533.000,64.000,0.000,0.000,0.000,0.000,0.000
112744.000,57.000,537590.000,64.000,720.000,0.000,0.000,0.000,0.000
112754.000,58.000,537648.000,64.000,0.000,0.000,0.000,0.000,0.000
112764.000,57.000,537705.000,64.000,720.000,0.000,0.000,0.000,0.000
112774.000,58.000,537763.000,64.000,0.000,0.000,0.000,0.000,0.000
112784.000,58.000,537821.000,64.000,720.000,0.000,0.000,0.000,0.000
112794.000,57.000,537878.000,64.000,720.000,0.000,0.000,0.000,0.000
112804.000,58.000,537936.000,64.000,0.000,0.000,0.000,0.000,0.000
112814.000,58.000,537994.000,64.000,720.000,0.000,0.000,0.000,0.000
112824.000,57.000,538051.000,64.000,720.000,0.000,0.000,0.000,0.000
112834.000,58.000,538109.000,64.000,0.000,0.000,0.000,0.000,0.000
112844.000,57.000,538166.000,64.000,720.000,0.000,0.000,0.000,0.000
112854.000,58.000,538224.000,64.000,0.000,0.000,0.000,0.000,0.000
112864.000,57.000,538281.000,64.000,720.000,0.000,0.000,0.000,0.000
112874.000,57.000,538338.000,64.000,0.000,0.000,0.000,0.000,0.000
112884.000,59.000,538397.000,64.000,0.000,0.000,0.000,0.000,0.000
112894.000,59.000,538456.000,64.000,720.000,0.000,0.000,0.000,0.000
112904.000,57.000,538513.000,64.000,720.000,0.000,0.000,0.000,0.000
112914.000,58.000,538571.000,64.000,0.000,0.000,0.000,0.000,0.000
112924.000,58.000,538629.000,64.000,720.000,0.000,0.000,0.000,0.000
112934.000,57.000,538686.000,64.000,720.000,0.000,0.000,0.000,0.000
112944.000,58.000,538744.000,64.000,720.000,0.000,0.000,0.000,0.000
112954.000,57.000,538801.000,64.000,720.000,0.000,0.000,0.000,0.000
112964.000,57.000,538858.000,64.000,720.000,0.000,0.000,0.000,0.000
112974.000,56.000,538914.000,64.000,0.000,0.000,0.000,0.000,0.000
112984.000,58.000,538972.000,64.000,0.000,0.000,0.000,0.000,0.000
112994.000,57.000,539029.000,64.000,720.000,0.000,0.000,0.000,0.000
113004.000,57.000,539086.000,64.000,0.000,0.000,0.000,0.000,0.000
113014.000,58.000,539144.000,64.000,0.000,0.000,0.000,0.000,0.000
113024.000,58.000,539202.000,64.000,720.000,0.000,0.000,0.000,0.000
113034.000,58.000,539260.000,64.000,720.000,0.000,0.000,0.000,0.000
113044.000,58.000,539318.000,64.000,720.000,0.000,0.000,0.000,0.000
113054.000,56.000,539374.000,64.000,720.000,0.000,0.000,0.000,0.000
113064.000,58.000,539432.000,64.000,0.000,0.000,0.000,0.000,0.000
113074.000,57.000,539489.000,64.000,720.000,0.000,0.000,0.000,0.000
113084.000,57.000,539546.000,64.000,0.000,0.000,0.000,0.000,0.000
113094.000,58.000,539604.000,64.000,0.000,0.000,0.000,0.000,0.000
113104.000,58.000,539662.000,64.000,0.000,0.000,0.000,0.000,0.000
113114.000,59.000,539721.000,64.000,720.000,0.000,0.000,0.000,0.000
113124.000,58.000,539779.000,64.000,720.000,0.000,0.000,0.000,0.000
113134.000,58.000,539837.000,64.000,720.000,0.000,0.000,0.000,0.000
113144.000,57.000,539894.000,64.000,720.000,0.000,0.000,0.000,0.000
113154.000,56.000,539950.000,64.000,0.000,0.000,0.000,0.000,0.000
113164.000,58.000,540008.000,64.000,0.000,0.000,0.000,0.000,0.000
113174.000,58.000,540066.000,64.000,720.000,0.000,0.000,0.000,0.000
113184.000,58.000,540124.000,64.000,720.000,0.000,0.000,0.000,0.000
113194.000,57.000,540181.000,64.000,720.000,0.000,0.000,0.000,0.000
113204.000,57.000,540238.000,64.000,0.000,0.000,0.000,0.000,0.000
113214.000,58.000,540296.000,64.000,0.000,0.000,0.000,0.000,0.000
113224.000,57.000,540353.000,64.000,720.000,0.000,0.000,0.000,0.000
113234.000,59.000,540412.000,64.000,0.000,0.000,0.000,0.000,0.000
113244.000,58.000,540470.000,64.000,720.000,0.000,0.000,0.000,0.000
113254.000,57.000,540527.000,64.000,720.000,0.000,0.000,0.000,0.000
113264.000,58.000,540585.000,64.000,0.000,0.000,0.000,0.000,0.000
113274.000,57.000,540642.000,64.000,720.000,0.000,0.000,0.000,0.000
113284.000,59.000,540701.000,64.000,0.000,0.000,0.000,0.000,0.000
113294.000,57.000,540758.000,64.000,720.000,0.000,0.000,0.000,0.000
113304.000,58.000,540816.000,64.000,0.000,0.000,0.000,0.000,0.000
113314.000,58.000,540874.000,64.000,720.000,0.000,0.000,0.000,0.000
113324.000,58.000,540932.000,64.000,720.000,0.000,0.000,0.000,0.000
113334.000,57.000,540989.000,64.000,720.000,0.000,0.000,0.000,0.000
113344.000,57.000,541046.000,64.000,0.000,0.000,0.000,0.000,0.000
113354.000,58.000,541104.000,64.000,0.000,0.000,0.000,0.000,0.000
113364.000,58.000,541162.000,64.000,720.000,0.000,0.000,0.000,0.000
113374.000,58.000,541220.000,64.000,720.000,0.000,0.000,0.000,0.000
113384.000,57.000,541277.000,64.000,720.000,0.000,0.000,0.000,0.000
113394.000,57.000,541334.000,64.000,0.000,0.000,0.000,0.000,0.000
113404.000,58.000,541392.000,64.000,0.000,0.000,0.000,0.000,0.000
113414.000,58.000,541450.000,64.000,720.000,0.000,0.000,0.000,0.000
113424.000,58.000,541508.000,64.000,720.000,0.000,0.000,0.000,0.000
113434.000,57.000,541565.000,64.000,720.000,0.000,0.000,0.000,0.000
113444.000,57.000,541622.000,64.000,0.000,0.000,0.000,0.000,0.000
113454.000,58.000,541680.000,64.000,0.000,0.000,0.000,0.000,0.000
113464.000,57.000,541737.000,64.000,720.000,0.000,0.000,0.000,0.000
113474.000,57.000,541794.000,64.000,0.000,0.000,0.000,0.000,0.000
113484.000,59.000,541853.000,64.000,0.000,0.000,0.000,0.000,0.000
113494.000,59.000,541912.000,64.000,720.000,0.000,0.000,0.000,0.000
113504.000,57.000,541969.000,64.000,720.000,0.000,0.000,0.000,0.000
113514.000,58.000,542027.000,64.000,0.000,0.000,0.000,0.000,0.000
113524.000,58.000,542085.000,64.000,720.000,0.000,0.000,0.000,0.000
113534.000,57.000,542142.000,64.000,720.000,0.000,0.000,0.000,0.000
113544.000,58.000,542200.000,64.000,720.000,0.000,0.000,0.000,0.000
113554.000,57.000,542257.000,64.000,720.000,0.000,0.000,0.000,0.000
113564.000,57.000,542314.000,64.000,720.000,0.000,0.000,0.000,0.000
113574.000,56.000,542370.000,64.000,0.000,0.000,0.000,0.000,0.000
113584.000,58.000,542428.000,64.000,0.000,0.000,0.000,0.000,0.000
113594.000,57.000,542485.000,64.000,720.000,0.000,0.000,0.000,0.000
113604.000,57.000,542542.000,64.000,0.000,0.000,0.000,0.000,0.000
113614.000,59.000,542601.000,64.000,0.000,0.000,0.000,0.000,0.000
113624.000,57.000,542658.000,64.000,720.000,0.000,0.000,0.000,0.000
113634.000,59.000,542717.000,64.000,0.000,0.000,0.000,0.000,0.000
113644.000,57.000,542774.000,64.000,720.000,0.000,0.000,0.000,0.000
113654.000,59.000,542833.000,64.000,0.000,0.000,0.000,0.000,0.000
113664.000,57.000,542890.000,64.000,720.000,0.000,0.000,0.000,0.000
113674.000,59.000,542949.000,64.000,0.000,0.000,0.000,0.000,0.000
113684.000,59.000,543008.000,64.000,720.000,0.000,0.000,0.000,0.000
113694.000,57.000,543065.000,64.000,720.000,0.000,0.000,0.000,0.000
113704.000,58.000,543123.000,64.000,720.000,0.000,0.000,0.000,0.000
113714.000,57.000,543180.000,64.000,720.000,0.000,0.000,0.000,0.000
113724.000,57.000,543237.000,64.000,720.000,0.000,0.000,0.000,0.000
113734.000,56.000,543293.000,64.000,720.000,0.000,0.000,0.000,0.000
113744.000,57.000,543350.000,64.000,0.000,0.000,0.000,0.000,0.000
113754.000,58.000,543408.000,64.000,0.000,0.000,0.000,0.000,0.000
113764.000,57.000,543465.000,64.000,720.000,0.000,0.000,0.000,0.000
113774.000,57.000,543522.000,64.000,0.000,0.000,0.000,0.000,0.000
113784.000,58.000,543580.000,64.000,0.000,0.000,0.000,0.000,0.000
113794.000,58.000,543638.000,64.000,720.000,0.000,0.000,0.000,0.000
113804.000,58.000,543696.000,64.000,720.000,0.000,0.000,0.000,0.000
113814.000,56.000,543752.000,64.000,720.000,0.000,0.000,0.000,0.000
113824.000,57.000,543809.000,64.000,0.000,0.000,0.000,0.000,0.000
113834.000,59.000,543868.000,64.000,0.000,0.000,0.000,0.000,0.000
113844.000,58.000,543926.000,64.000,720.000,0.000,0.000,0.000,0.000
113854.000,57.000,543983.000,64.000,720.000,0.000,0.000,0.000,0.000
113864.000,58.000,544041.000,64.000,0.000,0.000,0.000,0.000,0.000
113874.000,57.000,544098.000,64.000,720.000,0.000,0.000,0.000,0.000
113884.000,58.000,544156.000,64.000,0.000,0.000,0.000,0.000,0.000
113894.000,58.000,544214.000,64.000,720.000,0.000,0.000,0.000,0.000
113904.000,58.000,544272.000,64.000,720.000,0.000,0.000,0.000,0.000
113914.000,56.000,544328.000,64.000,720.000,0.000,0.000,0.000,0.000
113924.000,57.000,544385.000,64.000,0.000,0.000,0.000,0.000,0.000
113934.000,58.000,544443.000,64.000,0.000,0.000,0.000,0.000,0.000
113944.000,58.000,544501.000,64.000,720.000,0.000,0.000,0.000,0.000
113954.000,57.000,544558.000,64.000,720.000,0.000,0.000,0.000,0.000
113964.000,58.000,544616.000,64.000,0.000,0.000,0.000,0.000,0.000
113974.000,57.000,544673.000,64.000,720.000,0.000,0.000,0.000,0.000
113984.000,57.000,544730.000,64.000,0.000,0.000,0.000,0.000,0.000
113994.000,59.000,544789.000,64.000,0.000,0.000,0.000,0.000,0.000
114004.000,57.000,544846.000,64.000,720.000,0.000,0.000,0.000,0.000
114014.000,59.000,544905.000,64.000,0.000,0.000,0.000,0.000,0.000
114024.000,57.000,544962.000,64.000,720.000,0.000,0.000,0.000,0.000
114034.000,59.000,545021.000,64.000,0.000,0.000,0.000,0.000,0.000
114044.000,58.000,545079.000,64.000,720.000,0.000,0.000,0.000,0.000
114054.000,58.000,545137.000,64.000,720.000,0.000,0.000,0.000,0.000
114064.000,57.000,545194.000,64.000,720.000,0.000,0.000,0.000,0.000
114074.000,58.000,545252.000,64.000,0.000,0.000,0.000,0.000,0.000
114084.000,57.000,545309.000,64.000,720.000,0.000,0.000,0.000,0.000
114094.000,57.000,545366.000,64.000,0.000,0.000,0.000,0.000,0.000
114104.000,59.000,545425.000,64.000,0.000,0.000,0.000,0.000,0.000
114114.000,57.000,545482.000,64.000,720.000,0.000,0.000,0.000,0.000
114124.000,59.000,545541.000,64.000,0.000,0.000,0.000,0.000,0.000
114134.000,59.000,545600.000,64.000,720.000,0.000,0.000,0.000,0.000
114144.000,57.000,545657.000,64.000,720.000,0.000,0.000,0.000,0.000
114154.000,57.000,545714.000,64.000,720.000,0.000,0.000,0.000,0.000
114164.000,58.000,545772.000,64.000,720.000,0.000,0.000,0.000,0.000
114174.000,57.000,545829.000,64.000,720.000,0.000,0.000,0.000,0.000
114184.000,56.000,545885.000,64.000,720.000,0.000,0.000,0.000,0.000
114194.000,57.000,545942.000,64.000,0.000,0.000,0.000,0.000,0.000
114204.000,57.000,545999.000,64.000,0.000,0.000,0.000,0.000,0.000
114214.000,58.000,546057.000,64.000,0.000,0.000,0.000,0.000,0.000
114224.000,57.000,546114.000,64.000,720.000,0.000,0.000,0.000,0.000
114234.000,59.000,546173.000,64.000,0.000,0.000,0.000,0.000,0.000
114244.000,57.000,546230.000,64.000,720.000,0.000,0.000,0.000,0.000
114254.000,58.000,546288.000,64.000,0.000,0.000,0.000,0.000,0.000
114264.000,58.000,546346.000,64.000,720.000,0.000,0.000,0.000,0.000
114274.000,58.000,546404.000,64.000,720.000,0.000,0.000,0.000,0.000
114284.000,57.000,546461.000,64.000,720.000,0.000,0.000,0.000,0.000
114294.000,57.000,546518.000,64.000,0.000,0.000,0.000,0.000,0.000
114304.000,58.000,546576.000,64.000,0.000,0.000,0.000,0.000,0.000
114314.000,57.000,546633.000,64.000,720.000,0.000,0.000,0.000,0.000
114324.000,58.000,546691.000,64.000,0.000,0.000,0.000,0.000,0.000
114334.000,58.000,546749.000,64.000,720.000,0.000,0.000,0.000,0.000
114344.000,57.000,546806.000,64.000,720.000,0.000,0.000,0.000,0.000
114354.000,58.000,546864.000,64.000,0.000,0.000,0.000,0.000,0.000
114364.000,58.000,546922.000,64.000,720.000,0.000,0.000,0.000,0.000
114374.000,57.000,546979.000,64.000,720.000,0.000,0.000,0.000,0.000
114384.000,58.000,547037.000,64.000,0.000,0.000,0.000,0.000,0.000
114394.000,57.000,547094.000,64.000,720.000,0.000,0.000,0.000,0.000
114404.000,57.000,547151.000,64.000,0.000,0.000,0.000,0.000,0.000
114414.000,58.000,547209.000,64.000,0.000,0.000,0.000,0.000,0.000
114424.000,58.000,547267.000,64.000,720.000,0.000,0.000,0.000,0.000
114434.000,58.000,547325.000,64.000,720.000,0.000,0.000,0.000,0.000
114444.000,57.000,547382.000,64.000,720.000,0.000,0.000,0.000,0.000
114454.000,58.000,547440.000,64.000,0.000,0.000,0.000,0.000,0.000
114464.000,57.000,547497.000,64.000,720.000,0.000,0.000,0.000,0.000
114474.000,57.000,547554.000,64.000,0.000,0.000,0.000,0.000,0.000
114484.000,59.000,547613.000,64.000,0.000,0.000,0.000,0.000,0.000
114494.000,57.000,547670.000,64.000,720.000,0.000,0.000,0.000,0.000
114504.000,59.000,547729.000,64.000,0.000,0.000,0.000,0.000,0.000
114514.000,57.000,547786.000,64.000,720.000,0.000,0.000,0.000,0.000
114524.000,59.000,547845.000,64.000,0.000,0.000,0.000,0.000,0.000
114534.000,59.000,547904.000,64.000,720.000,0.000,0.000,0.000,0.000
114544.000,57.000,547961.000,64.000,720.000,0.000,0.000,0.000,0.000
114554.000,57.000,548018.000,64.000,720.000,0.000,0.000,0.000,0.000
114564.000,57.000,548075.000,64.000,720.000,0.000,0.000,0.000,0.000
114574.000,57.000,548132.000,64.000,720.000,0.000,0.000,0.000,0.000
114584.000,57.000,548189.000,64.000,0.000,0.000,0.000,0.000,0.000
114594.000,57.000,548246.000,64.000,0.000,0.000,0.000,0.000,0.000
114604.000,58.000,548304.000,64.000,0.000,0.000,0.000,0.000,0.000
114614.000,58.000,548362.000,64.000,720.000,0.000,0.000,0.000,0.000
114624.000,58.000,548420.000,64.000,720.000,0.000,0.000,0.000,0.000
114634.000,57.000,548477.000,64.000,720.000,0.000,0.000,0.000,0.000
114644.000,57.000,548534.000,64.000,0.000,0.000,0.000,0.000,0.000
114654.000,58.000,548592.000,64.000,0.000,0.000,0.000,0.000,0.000
114664.000,58.000,548650.000,64.000,720.000,0.000,0.000,0.000,0.000
114674.000,58.000,548708.000,64.000,720.000,0.000,0.000,0.000,0.000
114684.000,57.000,548765.000,64.000,720.000,0.000,0.000,0.000,0.000
114694.000,57.000,548822.000,64.000,0.000,0.000,0.000,0.000,0.000
114704.000,58.000,548880.000,64.000,0.000,0.000,0.000,0.000,0.000
114714.000,58.000,548938.000,64.000,720.000,0.000,0.000,0.000,0.000
114724.000,57.000,548995.000,64.000,720.000,0.000,0.000,0.000,0.000
114734.000,58.000,549053.000,64.000,0.000,0.000,0.000,0.000,0.000
114744.000,57.000,549110.000,64.000,720.000,0.000,0.000,0.000,0.000
114754.000,58.000,549168.000,64.000,0.000,0.000,0.000,0.000,0.000
114764.000,57.000,549225.000,64.000,720.000,0.000,0.000,0.000,0.000
114774.000,57.000,549282.000,64.000,0.000,0.000,0.000,0.000,0.000
114784.000,59.000,549341.000,64.000,0.000,0.000,0.000,0.000,0.000
114794.000,59.000,549400.000,64.000,720.000,0.000,0.000,0.000,0.000
114804.000,57.000,549457.000,64.000,720.000,0.000,0.000,0.000,0.000
114814.000,57.000,549514.000,64.000,0.000,0.000,0.000,0.000,0.000
114824.000,59.000,549573.000,64.000,0.000,0.000,0.000,0.000,0.000
114834.000,59.000,549632.000,64.000,720.000,0.000,0.000,0.000,0.000
114844.000,57.000,549689.000,64.000,720.000,0.000,0.000,0.000,0.000
114854.000,57.000,549746.000,64.000,720.000,0.000,0.000,0.000,0.000
114864.000,58.000,549804.000,64.000,720.000,0.000,0.000,0.000,0.000
114874.000,56.000,549860.000,64.000,720.000,0.000,0.000,0.000,0.000
114884.000,57.000,549917.000,64.000,0.000,0.000,0.000,0.000,0.000
114894.000,57.000,549974.000,64.000,0.000,0.000,0.000,0.000,0.000
114904.000,58.000,550032.000,64.000,0.000,0.000,0.000,0.000,0.000
114914.000,58.000,550090.000,64.000,720.000,0.000,0.000,0.000,0.000
114924.000,59.000,550149.000,64.000,720.000,0.000,0.000,0.000,0.000
114934.000,57.000,550206.000,64.000,720.000,0.000,0.000,0.000,0.000
114944.000,57.000,550263.000,64.000,720.000,0.000,0.000,0.000,0.000
114954.000,57.000,550320.000,64.000,0.000,0.000,0.000,0.000,0.000
114964.000,58.000,550378.000,64.000,0.000,0.000,0.000,0.000,0.000
114974.000,58.000,550436.000,64.000,720.000,0.000,0.000,0.000,0.000
114984.000,57.000,550493.000,64.000,720.000,0.000,0.000,0.000,0.000
114994.000,57.000,550550.000,64.000,0.000,0.000,0.000,0.000,0.000
115004.000,59.000,550609.000,64.000,0.000,0.000,0.000,0.000,0.000
115014.000,57.000,550666.000,64.000,720.000,0.000,0.000,0.000,0.000
115024.000,59.000,550725.000,64.000,0.000,0.000,0.000,0.000,0.000
115034.000,57.000,550782.000,64.000,720.000,0.000,0.000,0.000,0.000
115044.000,58.000,550840.000,64.000,720.000,0.000,0.000,0.000,0.000
115054.000,57.000,550897.000,64.000,720.000,0.000,0.000,0.000,0.000
115064.000,57.000,550954.000,64.000,720.000,0.000,0.000,0.000,0.000
115074.000,56.000,551010.000,64.000,0.000,0.000,0.000,0.000,0.000
115084.000,59.000,551069.000,64.000,0.000,0.000,0.000,0.000,0.000
115094.000,57.000,551126.000,64.000,720.000,0.000,0.000,0.000,0.000
115104.000,58.000,551184.000,64.000,0.000,0.000,0.000,0.000,0.000
115114.000,58.000,551242.000,64.000,720.000,0.000,0.000,0.000,0.000
115124.000,57.000,551299.000,64.000,720.000,0.000,0.000,0.000,0.000
115134.000,58.000,551357.000,64.000,0.000,0.000,0.000,0.000,0.000
115144.000,57.000,551414.000,64.000,720.000,0.000,0.000,0.000,0.000
115154.000,58.000,551472.000,64.000,0.000,0.000,0.000,0.000,0.000
115164.000,57.000,551529.000,64.000,720.000,0.000,0.000,0.000,0.000
115174.000,57.000,551586.000,64.000,0.000,0.000,0.000,0.000,0.000
115184.000,59.000,551645.000,64.000,0.000,0.000,0.000,0.000,0.000
115194.000,57.000,551702.000,64.000,720.000,0.000,0.000,0.000,0.000
115204.000,59.000,551761.000,64.000,0.000,0.000,0.000,0.000,0.000
115214.000,57.000,551818.000,64.000,720.000,0.000,0.000,0.000,0.000
115224.000,59.000,551877.000,64.000,0.000,0.000,0.000,0.000,0.000
115234.000,58.000,551935.000,64.000,720.000,0.000,0.000,0.000,0.000
115244.000,58.000,551993.000,64.000,720.000,0.000,0.000,0.000,0.000
115254.000,57.000,552050.000,64.000,720.000,0.000,0.000,0.000,0.000
115264.000,57.000,552107.000,64.000,720.000,0.000,0.000,0.000,0.000
115274.000,57.000,552164.000,64.000,720.000,0.000,0.000,0.000,0.000
115284.000,57.000,552221.000,64.000,0.000,0.000,0.000,0.000,0.000
115294.000,57.000,552278.000,64.000,0.000,0.000,0.000,0.000,0.000
115304.000,58.000,552336.000,64.000,0.000,0.000,0.000,0.000,0.000
115314.000,58.000,552394.000,64.000,720.000,0.000,0.000,0.000,0.000
115324.000,58.000,552452.000,64.000,720.000,0.000,0.000,0.000,0.000
115334.000,57.000,552509.000,64.000,720.000,0.000,0.000,0.000,0.000
115344.000,57.000,552566.000,64.000,0.000,0.000,0.000,0.000,0.000
115354.000,58.000,552624.000,64.000,0.000,0.000,0.000,0.000,0.000
115364.000,58.000,552682.000,64.000,720.000,0.000,0.000,0.000,0.000
115374.000,57.000,552739.000,64.000,720.000,0.000,0.000,0.000,0.000
115384.000,58.000,552797.000,64.000,0.000,0.000,0.000,0.000,0.000
115394.000,57.000,552854.000,64.000,720.000,0.000,0.000,0.000,0.000
115404.000,58.000,552912.000,64.000,0.000,0.000,0.000,0.000,0.000
115414.000,58.000,552970.000,64.000,720.000,0.000,0.000,0.000,0.000
115424.000,58.000,553028.000,64.000,720.000,0.000,0.000,0.000,0.000
115434.000,57.000,553085.000,64.000,720.000,0.000,0.000,0.000,0.000
115444.000,57.000,553142.000,64.000,0.000,0.000,0.000,0.000,0.000
115454.000,58.000,553200.000,64.000,0.000,0.000,0.000,0.000,0.000
115464.000,57.000,553257.000,64.000,720.000,0.000,0.000,0.000,0.000
115474.000,58.000,553315.000,64.000,0.000,0.000,0.000,0.000,0.000
115484.000,58.000,553373.000,64.000,720.000,0.000,0.000,0.000,0.000
115494.000,57.000,553430.000,64.000,720.000,0.000,0.000,0.000,0.000
115504.000,58.000,553488.000,64.000,0.000,0.000,0.000,0.000,0.000
115514.000,57.000,553545.000,64.000,720.000,0.000,0.000,0.000,0.000
115524.000,58.000,553603.000,64.000,0.000,0.000,0.000,0.000,0.000
115534.000,58.000,553661.000,64.000,720.000,0.000,0.000,0.000,0.000
115544.000,57.000,553718.000,64.000,720.000,0.000,0.000,0.000,0.000
115554.000,58.000,553776.000,64.000,0.000,0.000,0.000,0.000,0.000
115564.000,57.000,553833.000,64.000,720.000,0.000,0.000,0.000,0.000
115574.000,57.000,553890.000,64.000,0.000,0.000,0.000,0.000,0.000
115584.000,59.000,553949.000,64.000,0.000,0.000,0.000,0.000,0.000
115594.000,57.000,554006.000,64.000,720.000,0.000,0.000,0.000,0.000
115604.000,59.000,554065.000,64.000,0.000,0.000,0.000,0.000,0.000
115614.000,57.000,554122.000,64.000,720.000,0.000,0.000,0.000,0.000
115624.000,59.000,554181.000,64.000,0.000,0.000,0.000,0.000,0.000
115634.000,57.000,554238.000,64.000,720.000,0.000,0.000,0.000,0.000
115644.000,58.000,554296.000,64.000,720.000,0.000,0.000,0.000,0.000
115654.000,58.000,554354.000,64.000,720.000,0.000,0.000,0.000,0.000
115664.000,56.000,554410.000,64.000,720.000,0.000,0.000,0.000,0.000
115674.000,58.000,554468.000,64.000,0.000,0.000,0.000,0.000,0.000
115684.000,57.000,554525.000,64.000,720.000,0.000,0.000,0.000,0.000
115694.000,57.000,554582.000,64.000,0.000,0.000,0.000,0.000,0.000
115704.000,58.000,554640.000,64.000,0.000,0.000,0.000,0.000,0.000
115714.000,58.000,554698.000,64.000,720.000,0.000,0.000,0.000,0.000
115724.000,58.000,554756.000,64.000,720.000,0.000,0.000,0.000,0.000
115734.000,57.000,554813.000,64.000,720.000,0.000,0.000,0.000,0.000
115744.000,57.000,554870.000,64.000,0.000,0.000,0.000,0.000,0.000
115754.000,58.000,554928.000,64.000,0.000,0.000,0.000,0.000,0.000
115764.000,58.000,554986.000,64.000,720.000,0.000,0.000,0.000,0.000
115774.000,58.000,555044.000,64.000,720.000,0.000,0.000,0.000,0.000
115784.000,57.000,555101.000,64.000,720.000,0.000,0.000,0.000,0.000
115794.000,57.000,555158.000,64.000,0.000,0.000,0.000,0.000,0.000
115804.000,58.000,555216.000,64.000,0.000,0.000,0.000,0.000,0.000
115814.000,58.000,555274.000,64.000,720.000,0.000,0.000,0.000,0.000
115824.000,57.000,555331.000,64.000,720.000,0.000,0.000,0.000,0.000
115834.000,58.000,555389.000,64.000,0.000,0.000,0.000,0.000,0.000
115844.000,57.000,555446.000,64.000,720.000,0.000,0.000,0.000,0.000
115854.000,58.000,555504.000,64.000,0.000,0.000,0.000,0.000,0.000
115864.000,58.000,555562.000,64.000,720.000,0.000,0.000,0.000,0.000
115874.000,57.000,555619.000,64.000,720.000,0.000,0.000,0.000,0.000
115884.000,58.000,555677.000,64.000,0.000,0.000,0.000,0.000,0.000
115894.000,57.000,555734.000,64.000,720.000,0.000,0.000,0.000,0.000
115904.000,58.000,555792.000,64.000,0.000,0.000,0.000,0.000,0.000
115914.000,57.000,555849.000,64.000,720.000,0.000,0.000,0.000,0.000
115924.000,58.000,555907.000,64.000,0.000,0.000,0.000,0.000,0.000
115934.000,58.000,555965.000,64.000,720.000,0.000,0.000,0.000,0.000
115944.000,57.000,556022.000,64.000,720.000,0.000,0.000,0.000,0.000
115954.000,58.000,556080.000,64.000,0.000,0.000,0.000,0.000,0.000
115964.000,57.000,556137.000,64.000,720.000,0.000,0.000,0.000,0.000
115974.000,57.000,556194.000,64.000,0.000,0.000,0.000,0.000,0.000
115984.000,58.000,556252.000,64.000,0.000,0.000,0.000,0.000,0.000
115994.000,58.000,556310.000,64.000,720.000,0.000,0.000,0.000,0.000
116004.000,58.000,556368.000,64.000,720.000,0.000,0.000,0.000,0.000
116014.000,57.000,556425.000,64.000,720.000,0.000,0.000,0.000,0.000
116024.000,57.000,556482.000,64.000,0.000,0.000,0.000,0.000,0.000
116034.000,58.000,556540.000,64.000,0.000,0.000,0.000,0.000,0.000
116044.000,58.000,556598.000,64.000,720.000,0.000,0.000,0.000,0.000
116054.000,58.000,556656.000,64.000,720.000,0.000,0.000,0.000,0.000
116064.000,57.000,556713.000,64.000,720.000,0.000,0.000,0.000,0.000
116074.000,57.000,556770.000,64.000,0.000,0.000,0.000,0.000,0.000
116084.000,58.000,556828.000,64.000,0.000,0.000,0.000,0.000,0.000
116094.000,58.000,556886.000,64.000,720.000,0.000,0.000,0.000,0.000
116104.000,57.000,556943.000,64.000,720.000,0.000,0.000,0.000,0.000
116114.000,58.000,557001.000,64.000,0.000,0.000,0.000,0.000,0.000
116124.000,57.000,557058.000,64.000,720.000,0.000,0.000,0.000,0.000
116134.000,58.000,557116.000,64.000,0.000,0.000,0.000,0.000,0.000
116144.000,58.000,557174.000,64.000,720.000,0.000,0.000,0.000,0.000
116154.000,56.000,557230.000,64.000,720.000,0.000,0.000,0.000,0.000
116164.000,58.000,557288.000,64.000,0.000,0.000,0.000,0.000,0.000
116174.000,58.000,557346.000,64.000,720.000,0.000,0.000,0.000,0.000
116184.000,57.000,557403.000,64.000,720.000,0.000,0.000,0.000,0.000
116194.000,57.000,557460.000,64.000,0.000,0.000,0.000,0.000,0.000
116204.000,58.000,557518.000,64.000,0.000,0.000,0.000,0.000,0.000
116214.000,58.000,557576.000,64.000,720.000,0.000,0.000,0.000,0.000
116224.000,58.000,557634.000,64.000,720.000,0.000,0.000,0.000,0.000
116234.000,57.000,557691.000,64.000,720.000,0.000,0.000,0.000,0.000
116244.000,57.000,557748.000,64.000,0.000,0.000,0.000,0.000,0.000
116254.000,58.000,557806.000,64.000,0.000,0.000,0.000,0.000,0.000
116264.000,58.000,557864.000,64.000,720.000,0.000,0.000,0.000,0.000
116274.000,57.000,557921.000,64.000,720.000,0.000,0.000,0.000,0.000
116284.000,58.000,557979.000,64.000,0.000,0.000,0.000,0.000,0.000
116294.000,58.000,558037.000,64.000,720.000,0.000,0.000,0.000,0.000
116304.000,57.000,558094.000,64.000,720.000,0.000,0.000,0.000,0.000
116314.000,57.000,558151.000,64.000,0.000,0.000,0.000,0.000,0.000
116324.000,58.000,558209.000,64.000,0.000,0.000,0.000,0.000,0.000
116334.000,58.000,558267.000,64.000,720.000,0.000,0.000,0.000,0.000
116344.000,57.000,558324.000,64.000,720.000,0.000,0.000,0.000,0.000
116354.000,58.000,558382.000,64.000,0.000,0.000,0.000,0.000,0.000
116364.000,58.000,558440.000,64.000,720.000,0.000,0.000,0.000,0.000
116374.000,57.000,558497.000,64.000,720.000,0.000,0.000,0.000,0.000
116384.000,57.000,558554.000,64.000,0.000,0.000,0.000,0.000,0.000
116394.000,58.000,558612.000,64.000,0.000,0.000,0.000,0.000,0.000
116404.000,58.000,558670.000,64.000,0.000,0.000,0.000,0.000,0.000
116414.000,58.000,558728.000,64.000,720.000,0.000,0.000,0.000,0.000
116424.000,58.000,558786.000,64.000,720.000,0.000,0.000,0.000,0.000
116434.000,58.000,558844.000,64.000,720.000,0.000,0.000,0.000,0.000
116444.000,57.000,558901.000,64.000,720.000,0.000,0.000,0.000,0.000
116454.000,57.000,558958.000,64.000,0.000,0.000,0.000,0.000,0.000
116464.000,58.000,559016.000,64.000,0.000,0.000,0.000,0.000,0.000
116474.000,57.000,559073.000,64.000,720.000,0.000,0.000,0.000,0.000
116484.000,58.000,559131.000,64.000,0.000,0.000,0.000,0.000,0.000
116494.000,58.000,559189.000,64.000,720.000,0.000,0.000,0.000,0.000
116504.000,57.000,559246.000,64.000,720.000,0.000,0.000,0.000,0.000
116514.000,58.000,559304.000,64.000,0.000,0.000,0.000,0.000,0.000
116524.000,57.000,559361.000,64.000,720.000,0.000,0.000,0.000,0.000
116534.000,58.000,559419.000,64.000,0.000,0.000,0.000,0.000,0.000
116544.000,58.000,559477.000,64.000,720.000,0.000,0.000,0.000,0.000
116554.000,57.000,559534.000,64.000,720.000,0.000,0.000,0.000,0.000
116564.000,58.000,559592.000,64.000,0.000,0.000,0.000,0.000,0.000
116574.000,57.000,559649.000,64.000,720.000,0.000,0.000,0.000,0.000
116584.000,58.000,559707.000,64.000,0.000,0.000,0.000,0.000,0.000
116594.000,58.000,559765.000,64.000,720.000,0.000,0.000,0.000,0.000
116604.000,57.000,559822.000,64.000,720.000,0.000,0.000,0.000,0.000
116614.000,58.000,559880.000,64.000,0.000,0.000,0.000,0.000,0.000
116624.000,57.000,559937.000,64.000,720.000,0.000,0.000,0.000,0.000
116634.000,58.000,559995.000,64.000,0.000,0.000,0.000,0.000,0.000
116644.000,57.000,560052.000,64.000,720.000,0.000,0.000,0.000,0.000
116654.000,58.000,560110.000,64.000,0.000,0.000,0.000,0.000,0.000
116664.000,58.000,560168.000,64.000,720.000,0.000,0.000,0.000,0.000
116674.000,57.000,560225.000,64.000,720.000,0.000,0.000,0.000,0.000
116684.000,58.000,560283.000,64.000,0.000,0.000,0.000,0.000,0.000
116694.000,57.000,560340.000,64.000,720.000,0.000,0.000,0.000,0.000
116704.000,58.000,560398.000,64.000,0.000,0.000,0.000,0.000,0.000
116714.000,58.000,560456.000,64.000,720.000,0.000,0.000,0.000,0.000
116724.000,57.000,560513.000,64.000,720.000,0.000,0.000,0.000,0.000
116734.000,57.000,560570.000,64.000,0.000,0.000,0.000,0.000,0.000
116744.000,58.000,560628.000,64.000,0.000,0.000,0.000,0.000,0.000
116754.000,58.000,560686.000,64.000,0.000,0.000,0.000,0.000,0.000
116764.000,59.000,560745.000,64.000,720.000,0.000,0.000,0.000,0.000
116774.000,57.000,560802.000,64.000,720.000,0.000,0.000,0.000,0.000
116784.000,58.000,560860.000,64.000,0.000,0.000,0.000,0.000,0.000
116794.000,58.000,560918.000,64.000,720.000,0.000,0.000,0.000,0.000
116804.000,58.000,560976.000,64.000,720.000,0.000,0.000,0.000,0.000
116814.000,56.000,561032.000,64.000,720.000,0.000,0.000,0.000,0.000
116824.000,58.000,561090.000,64.000,0.000,0.000,0.000,0.000,0.000
116834.000,57.000,561147.000,64.000,720.000,0.000,0.000,0.000,0.000
116844.000,58.000,561205.000,64.000,0.000,0.000,0.000,0.000,0.000
116854.000,57.000,561262.000,64.000,720.000,0.000,0.000,0.000,0.000
116864.000,58.000,561320.000,64.000,0.000,0.000,0.000,0.000,0.000
116874.000,57.000,561377.000,64.000,720.000,0.000,0.000,0.000,0.000
116884.000,58.000,561435.000,64.000,0.000,0.000,0.000,0.000,0.000
116894.000,57.000,561492.000,64.000,720.000,0.000,0.000,0.000,0.000
116904.000,58.000,561550.000,64.000,0.000,0.000,0.000,0.000,0.000
116914.000,58.000,561608.000,64.000,720.000,0.000,0.000,0.000,0.000
116924.000,57.000,561665.000,64.000,720.000,0.000,0.000,0.000,0.000
116934.000,57.000,561722.000,64.000,0.000,0.000,0.000,0.000,0.000
116944.000,58.000,561780.000,64.000,0.000,0.000,0.000,0.000,0.000
116954.000,58.000,561838.000,64.000,0.000,0.000,0.000,0.000,0.000
116964.000,59.000,561897.000,64.000,720.000,0.000,0.000,0.000,0.000
116974.000,58.000,561955.000,64.000,720.000,0.000,0.000,0.000,0.000
116984.000,58.000,562013.000,64.000,720.000,0.000,0.000,0.000,0.000
116994.000,57.000,562070.000,64.000,720.000,0.000,0.000,0.000,0.000
117004.000,57.000,562127.000,64.000,0.000,0.000,0.000,0.000,0.000
117014.000,58.000,562185.000,64.000,0.000,0.000,0.000,0.000,0.000
117024.000,57.000,562242.000,64.000,720.000,0.000,0.000,0.000,0.000
117034.000,59.000,562301.000,64.000,0.000,0.000,0.000,0.000,0.000
117044.000,57.000,562358.000,64.000,720.000,0.000,0.000,0.000,0.000
117054.000,59.000,562417.000,64.000,0.000,0.000,0.000,0.000,0.000
117064.000,57.000,562474.000,64.000,720.000,0.000,0.000,0.000,0.000
117074.000,59.000,562533.000,64.000,0.000,0.000,0.000,0.000,0.000
117084.000,57.000,562590.000,64.000,720.000,0.000,0.000,0.000,0.000
117094.000,58.000,562648.000,64.000,720.000,0.000,0.000,0.000,0.000
117104.000,58.000,562706.000,64.000,720.000,0.000,0.000,0.000,0.000
117114.000,56.000,562762.000,64.000,720.000,0.000,0.000,0.000,0.000
117124.000,58.000,562820.000,64.000,0.000,0.000,0.000,0.000,0.000
117134.000,57.000,562877.000,64.000,720.000,0.000,0.000,0.000,0.000
117144.000,57.000,562934.000,64.000,0.000,0.000,0.000,0.000,0.000
117154.000,58.000,562992.000,64.000,0.000,0.000,0.000,0.000,0.000
117164.000,58.000,563050.000,64.000,720.000,0.000,0.000,0.000,0.000
117174.000,58.000,563108.000,64.000,720.000,0.000,0.000,0.000,0.000
117184.000,57.000,563165.000,64.000,720.000,0.000,0.000,0.000,0.000
117194.000,57.000,563222.000,64.000,0.000,0.000,0.000,0.000,0.000
117204.000,58.000,563280.000,64.000,0.000,0.000,0.000,0.000,0.000
117214.000,57.000,563337.000,64.000,720.000,0.000,0.000,0.000,0.000
117224.000,57.000,563394.000,64.000,0.000,0.000,0.000,0.000,0.000
117234.000,59.000,563453.000,64.000,0.000,0.000,0.000,0.000,0.000
117244.000,57.000,563510.000,64.000,720.000,0.000,0.000,0.000,0.000
117254.000,59.000,563569.000,64.000,0.000,0.000,0.000,0.000,0.000
117264.000,57.000,563626.000,64.000,720.000,0.000,0.000,0.000,0.000
117274.000,59.000,563685.000,64.000,0.000,0.000,0.000,0.000,0.000
117284.000,59.000,563744.000,64.000,720.000,0.000,0.000,0.000,0.000
117294.000,57.000,563801.000,64.000,720.000,0.000,0.000,0.000,0.000
117304.000,57.000,563858.000,64.000,720.000,0.000,0.000,0.000,0.000
117314.000,57.000,563915.000,64.000,720.000,0.000,0.000,0.000,0.000
117324.000,57.000,563972.000,64.000,720.000,0.000,0.000,0.000,0.000
117334.000,57.000,564029.000,64.000,0.000,0.000,0.000,0.000,0.000
117344.000,57.000,564086.000,64.000,0.000,0.000,0.000,0.000,0.000
117354.000,58.000,564144.000,64.000,0.000,0.000,0.000,0.000,0.000
117364.000,58.000,564202.000,64.000,720.000,0.000,0.000,0.000,0.000
117374.000,58.000,564260.000,64.000,720.000,0.000,0.000,0.000,0.000
117384.000,57.000,564317.000,64.000,720.000,0.000,0.000,0.000,0.000
117394.000,57.000,564374.000,64.000,0.000,0.000,0.000,0.000,0.000
117404.000,58.000,564432.000,64.000,0.000,0.000,0.000,0.000,0.000
117414.000,58.000,564490.000,64.000,720.000,0.000,0.000,0.000,0.000
117424.000,58.000,564548.000,64.000,720.000,0.000,0.000,0.000,0.000
117434.000,57.000,564605.000,64.000,720.000,0.000,0.000,0.000,0.000
117444.000,57.000,564662.000,64.000,0.000,0.000,0.000,0.000,0.000
117454.000,58.000,564720.000,64.000,0.000,0.000,0.000,0.000,0.000
117464.000,58.000,564778.000,64.000,720.000,0.000,0.000,0.000,0.000
117474.000,58.000,564836.000,64.000,720.000,0.000,0.000,0.000,0.000
117484.000,57.000,564893.000,64.000,720.000,0.000,0.000,0.000,0.000
117494.000,57.000,564950.000,64.000,0.000,0.000,0.000,0.000,0.000
117504.000,58.000,565008.000,64.000,0.000,0.000,0.000,0.000,0.000
117514.000,57.000,565065.000,64.000,720.000,0.000,0.000,0.000,0.000
117524.000,58.000,565123.000,64.000,0.000,0.000,0.000,0.000,0.000
117534.000,58.000,565181.000,64.000,720.000,0.000,0.000,0.000,0.000
117544.000,57.000,565238.000,64.000,720.000,0.000,0.000,0.000,0.000
117554.000,58.000,565296.000,64.000,0.000,0.000,0.000,0.000,0.000
117564.000,57.000,565353.000,64.000,720.000,0.000,0.000,0.000,0.000
117574.000,58.000,565411.000,64.000,0.000,0.000,0.000,0.000,0.000
117584.000,58.000,565469.000,64.000,720.000,0.000,0.000,0.000,0.000
117594.000,57.000,565526.000,64.000,720.000,0.000,0.000,0.000,0.000
117604.000,58.000,565584.000,64.000,0.000,0.000,0.000,0.000,0.000
117614.000,57.000,565641.000,64.000,720.000,0.000,0.000,0.000,0.000
117624.000,57.000,565698.000,64.000,0.000,0.000,0.000,0.000,0.000
117634.000,59.000,565757.000,64.000,0.000,0.000,0.000,0.000,0.000
117644.000,57.000,565814.000,64.000,720.000,0.000,0.000,0.000,0.000
117654.000,58.000,565872.000,64.000,0.000,0.000,0.000,0.000,0.000
117664.000,58.000,565930.000,64.000,720.000,0.000,0.000,0.000,0.000
117674.000,58.000,565988.000,64.000,720.000,0.000,0.000,0.000,0.000
117684.000,57.000,566045.000,64.000,720.000,0.000,0.000,0.000,0.000
117694.000,57.000,566102.000,64.000,0.000,0.000,0.000,0.000,0.000
117704.000,58.000,566160.000,64.000,0.000,0.000,0.000,0.000,0.000
117714.000,58.000,566218.000,64.000,720.000,0.000,0.000,0.000,0.000
117724.000,58.000,566276.000,64.000,720.000,0.000,0.000,0.000,0.000
117734.000,57.000,566333.000,64.000,720.000,0.000,0.000,0.000,0.000
117744.000,57.000,566390.000,64.000,0.000,0.000,0.000,0.000,0.000
117754.000,58.000,566448.000,64.000,0.000,0.000,0.000,0.000,0.000
117764.000,57.000,566505.000,64.000,720.000,0.000,0.000,0.000,0.000
117774.000,58.000,566563.000,64.000,0.000,0.000,0.000,0.000,0.000
117784.000,58.000,566621.000,64.000,720.000,0.000,0.000,0.000,0.000
117794.000,57.000,566678.000,64.000,720.000,0.000,0.000,0.000,0.000
117804.000,58.000,566736.000,64.000,0.000,0.000,0.000,0.000,0.000
117814.000,58.000,566794.000,64.000,720.000,0.000,0.000,0.000,0.000
117824.000,57.000,566851.000,64.000,720.000,0.000,0.000,0.000,0.000
117834.000,57.000,566908.000,64.000,0.000,0.000,0.000,0.000,0.000
117844.000,58.000,566966.000,64.000,0.000,0.000,0.000,0.000,0.000
117854.000,58.000,567024.000,64.000,720.000,0.000,0.000,0.000,0.000
117864.000,58.000,567082.000,64.000,720.000,0.000,0.000,0.000,0.000
117874.000,56.000,567138.000,64.000,720.000,0.000,0.000,0.000,0.000
117884.000,58.000,567196.000,64.000,0.000,0.000,0.000,0.000,0.000
117894.000,58.000,567254.000,64.000,720.000,0.000,0.000,0.000,0.000
117904.000,56.000,567310.000,64.000,720.000,0.000,0.000,0.000,0.000
117914.000,58.000,567368.000,64.000,0.000,0.000,0.000,0.000,0.000
117924.000,57.000,567425.000,64.000,720.000,0.000,0.000,0.000,0.000
117934.000,58.000,567483.000,64.000,0.000,0.000,0.000,0.000,0.000
117944.000,57.000,567540.000,64.000,720.000,0.000,0.000,0.000,0.000
117954.000,58.000,567598.000,64.000,0.000,0.000,0.000,0.000,0.000
117964.000,58.000,567656.000,64.000,720.000,0.000,0.000,0.000,0.000
117974.000,57.000,567713.000,64.000,720.000,0.000,0.000,0.000,0.000
117984.000,57.000,567770.000,64.000,0.000,0.000,0.000,0.000,0.000
117994.000,58.000,567828.000,64.000,0.000,0.000,0.000,0.000,0.000
118004.000,58.000,567886.000,64.000,0.000,0.000,0.000,0.000,0.000
118014.000,58.000,567944.000,64.000,720.000,0.000,0.000,0.000,0.000
118024.000,57.000,568001.000,64.000,720.000,0.000,0.000,0.000,0.000
118034.000,58.000,568059.000,64.000,0.000,0.000,0.000,0.000,0.000
118044.000,58.000,568117.000,64.000,720.000,0.000,0.000,0.000,0.000
118054.000,57.000,568174.000,64.000,720.000,0.000,0.000,0.000,0.000
118064.000,58.000,568232.000,64.000,0.000,0.000,0.000,0.000,0.000
118074.000,57.000,568289.000,64.000,720.000,0.000,0.000,0.000,0.000
118084.000,58.000,568347.000,64.000,0.000,0.000,0.000,0.000,0.000
118094.000,57.000,568404.000,64.000,720.000,0.000,0.000,0.000,0.000
118104.000,58.000,568462.000,64.000,0.000,0.000,0.000,0.000,0.000
118114.000,58.000,568520.000,64.000,720.000,0.000,0.000,0.000,0.000
118124.000,57.000,568577.000,64.000,720.000,0.000,0.000,0.000,0.000
118134.000,57.000,568634.000,64.000,0.000,0.000,0.000,0.000,0.000
118144.000,58.000,568692.000,64.000,0.000,0.000,0.000,0.000,0.000
118154.000,58.000,568750.000,64.000,0.000,0.000,0.000,0.000,0.000
118164.000,59.000,568809.000,64.000,720.000,0.000,0.000,0.000,0.000
118174.000,57.000,568866.000,64.000,720.000,0.000,0.000,0.000,0.000
118184.000,59.000,568925.000,64.000,0.000,0.000,0.000,0.000,0.000
118194.000,57.000,568982.000,64.000,720.000,0.000,0.000,0.000,0.000
118204.000,58.000,569040.000,64.000,0.000,0.000,0.000,0.000,0.000
118214.000,58.000,569098.000,64.000,720.000,0.000,0.000,0.000,0.000
118224.000,58.000,569156.000,64.000,720.000,0.000,0.000,0.000,0.000
118234.000,57.000,569213.000,64.000,720.000,0.000,0.000,0.000,0.000
118244.000,57.000,569270.000,64.000,0.000,0.000,0.000,0.000,0.000
118254.000,58.000,569328.000,64.000,0.000,0.000,0.000,0.000,0.000
118264.000,58.000,569386.000,64.000,720.000,0.000,0.000,0.000,0.000
118274.000,58.000,569444.000,64.000,720.000,0.000,0.000,0.000,0.000
118284.000,57.000,569501.000,64.000,720.000,0.000,0.000,0.000,0.000
118294.000,57.000,569558.000,64.000,0.000,0.000,0.000,0.000,0.000
118304.000,58.000,569616.000,64.000,0.000,0.000,0.000,0.000,0.000
118314.000,58.000,569674.000,64.000,720.000,0.000,0.000,0.000,0.000
118324.000,57.000,569731.000,64.000,720.000,0.000,0.000,0.000,0.000
118334.000,58.000,569789.000,64.000,0.000,0.000,0.000,0.000,0.000
118344.000,57.000,569846.000,64.000,720.000,0.000,0.000,0.000,0.000
118354.000,58.000,569904.000,64.000,0.000,0.000,0.000,0.000,0.000
118364.000,58.000,569962.000,64.000,720.000,0.000,0.000,0.000,0.000
118374.000,56.000,570018.000,64.000,720.000,0.000,0.000,0.000,0.000
118384.000,58.000,570076.000,64.000,0.000,0.000,0.000,0.000,0.000
118394.000,58.000,570134.000,64.000,720.000,0.000,0.000,0.000,0.000
118404.000,57.000,570191.000,64.000,720.000,0.000,0.000,0.000,0.000
118414.000,57.000,570248.000,64.000,0.000,0.000,0.000,0.000,0.000
118424.000,58.000,570306.000,64.000,0.000,0.000,0.000,0.000,0.000
118434.000,58.000,570364.000,64.000,720.000,0.000,0.000,0.000,0.000
118444.000,57.000,570421.000,64.000,720.000,0.000,0.000,0.000,0.000
118454.000,57.000,570478.000,64.000,0.000,0.000,0.000,0.000,0.000
118464.000,58.000,570536.000,64.000,0.000,0.000,0.000,0.000,0.000
118474.000,58.000,570594.000,64.000,720.000,0.000,0.000,0.000,0.000
118484.000,58.000,570652.000,64.000,720.000,0.000,0.000,0.000,0.000
118494.000,56.000,570708.000,64.000,720.000,0.000,0.000,0.000,0.000
118504.000,58.000,570766.000,64.000,0.000,0.000,0.000,0.000,0.000
118514.000,56.000,570822.000,64.000,720.000,0.000,0.000,0.000,0.000
118524.000,59.000,570881.000,64.000,0.000,0.000,0.000,0.000,0.000
118534.000,57.000,570938.000,64.000,720.000,0.000,0.000,0.000,0.000
118544.000,58.000,570996.000,64.000,0.000,0.000,0.000,0.000,0.000
118554.000,58.000,571054.000,64.000,0.000,0.000,0.000,0.000,0.000
118564.000,58.000,571112.000,64.000,720.000,0.000,0.000,0.000,0.000
118574.000,57.000,571169.000,64.000,720.000,0.000,0.000,0.000,0.000
118584.000,58.000,571227.000,64.000,0.000,0.000,0.000,0.000,0.000
118594.000,58.000,571285.000,64.000,720.000,0.000,0.000,0.000,0.000
118604.000,57.000,571342.000,64.000,720.000,0.000,0.000,0.000,0.000
118614.000,58.000,571400.000,64.000,0.000,0.000,0.000,0.000,0.000
118624.000,57.000,571457.000,64.000,720.000,0.000,0.000,0.000,0.000
118634.000,58.000,571515.000,64.000,0.000,0.000,0.000,0.000,0.000
118644.000,57.000,571572.000,64.000,720.000,0.000,0.000,0.000,0.000
118654.000,58.000,571630.000,64.000,0.000,0.000,0.000,0.000,0.000
118664.000,58.000,571688.000,64.000,720.000,0.000,0.000,0.000,0.000
118674.000,57.000,571745.000,64.000,720.000,0.000,0.000,0.000,0.000
118684.000,58.000,571803.000,64.000,0.000,0.000,0.000,0.000,0.000
118694.000,58.000,571861.000,64.000,720.000,0.000,0.000,0.000,0.000
118704.000,57.000,571918.000,64.000,720.000,0.000,0.000,0.000,0.000
118714.000,58.000,571976.000,64.000,0.000,0.000,0.000,0.000,0.000
118724.000,57.000,572033.000,64.000,720.000,0.000,0.000,0.000,0.000
118734.000,57.000,572090.000,64.000,0.000,0.000,0.000,0.000,0.000
118744.000,59.000,572149.000,64.000,0.000,0.000,0.000,0.000,0.000
118754.000,57.000,572206.000,64.000,720.000,0.000,0.000,0.000,0.000
118764.000,58.000,572264.000,64.000,0.000,0.000,0.000,0.000,0.000
118774.000,58.000,572322.000,64.000,720.000,0.000,0.000,0.000,0.000
118784.000,58.000,572380.000,64.000,720.000,0.000,0.000,0.000,0.000
118794.000,57.000,572437.000,64.000,720.000,0.000,0.000,0.000,0.000
118804.000,57.000,572494.000,64.000,0.000,0.000,0.000,0.000,0.000
118814.000,58.000,572552.000,64.000,0.000,0.000,0.000,0.000,0.000
118824.000,57.000,572609.000,64.000,720.000,0.000,0.000,0.000,0.000
118834.000,58.000,572667.000,64.000,0.000,0.000,0.000,0.000,0.000
118844.000,58.000,572725.000,64.000,720.000,0.000,0.000,0.000,0.000
118854.000,57.000,572782.000,64.000,720.000,0.000,0.000,0.000,0.000
118864.000,58.000,572840.000,64.000,0.000,0.000,0.000,0.000,0.000
118874.000,57.000,572897.000,64.000,720.000,0.000,0.000,0.000,0.000
118884.000,58.000,572955.000,64.000,0.000,0.000,0.000,0.000,0.000
118894.000,57.000,573012.000,64.000,720.000,0.000,0.000,0.000,0.000
118904.000,58.000,573070.000,64.000,0.000,0.000,0.000,0.000,0.000
118914.000,58.000,573128.000,64.000,720.000,0.000,0.000,0.000,0.000
118924.000,57.000,573185.000,64.000,720.000,0.000,0.000,0.000,0.000
118934.000,57.000,573242.000,64.000,0.000,0.000,0.000,0.000,0.000
118944.000,58.000,573300.000,64.000,0.000,0.000,0.000,0.000,0.000
118954.000,58.000,573358.000,64.000,0.000,0.000,0.000,0.000,0.000
118964.000,59.000,573417.000,64.000,720.000,0.000,0.000,0.000,0.000
118974.000,57.000,573474.000,64.000,720.000,0.000,0.000,0.000,0.000
118984.000,58.000,573532.000,64.000,0.000,0.000,0.000,0.000,0.000
118994.000,58.000,573590.000,64.000,720.000,0.000,0.000,0.000,0.000
119004.000,58.000,573648.000,64.000,720.000,0.000,0.000,0.000,0.000
119014.000,57.000,573705.000,64.000,720.000,0.000,0.000,0.000,0.000
119024.000,57.000,573762.000,64.000,0.000,0.000,0.000,0.000,0.000
119034.000,58.000,573820.000,64.000,0.000,0.000,0.000,0.000,0.000
119044.000,58.000,573878.000,64.000,720.000,0.000,0.000,0.000,0.000
119054.000,57.000,573935.000,64.000,720.000,0.000,0.000,0.000,0.000
119064.000,58.000,573993.000,64.000,0.000,0.000,0.000,0.000,0.000
119074.000,57.000,574050.000,64.000,720.000,0.000,0.000,0.000,0.000
119084.000,58.000,574108.000,64.000,0.000,0.000,0.000,0.000,0.000
119094.000,58.000,574166.000,64.000,720.000,0.000,0.000,0.000,0.000
119104.000,57.000,574223.000,64.000,720.000,0.000,0.000,0.000,0.000
119114.000,57.000,574280.000,64.000,0.000,0.000,0.000,0.000,0.000
119124.000,58.000,574338.000,64.000,0.000,0.000,0.000,0.000,0.000
119134.000,58.000,574396.000,64.000,720.000,0.000,0.000,0.000,0.000
119144.000,58.000,574454.000,64.000,720.000,0.000,0.000,0.000,0.000
119154.000,57.000,574511.000,64.000,720.000,0.000,0.000,0.000,0.000
119164.000,57.000,574568.000,64.000,0.000,0.000,0.000,0.000,0.000
119174.000,58.000,574626.000,64.000,0.000,0.000,0.000,0.000,0.000
119184.000,58.000,574684.000,64.000,720.000,0.000,0.000,0.000,0.000
119194.000,58.000,574742.000,64.000,720.000,0.000,0.000,0.000,0.000
119204.000,57.000,574799.000,64.000,720.000,0.000,0.000,0.000,0.000
119214.000,57.000,574856.000,64.000,0.000,0.000,0.000,0.000,0.000
119224.000,58.000,574914.000,64.000,0.000,0.000,0.000,0.000,0.000
119234.000,58.000,574972.000,64.000,720.000,0.000,0.000,0.000,0.000
119244.000,57.000,575029.000,64.000,720.000,0.000,0.000,0.000,0.000
119254.000,57.000,575086.000,64.000,0.000,0.000,0.000,0.000,0.000
119264.000,58.000,575144.000,64.000,0.000,0.000,0.000,0.000,0.000
119274.000,58.000,575202.000,64.000,720.000,0.000,0.000,0.000,0.000
119284.000,58.000,575260.000,64.000,720.000,0.000,0.000,0.000,0.000
119294.000,57.000,575317.000,64.000,720.000,0.000,0.000,0.000,0.000
119304.000,57.000,575374.000,64.000,0.000,0.000,0.000,0.000,0.000
119314.000,58.000,575432.000,64.000,0.000,0.000,0.000,0.000,0.000
119324.000,57.000,575489.000,64.000,720.000,0.000,0.000,0.000,0.000
119334.000,59.000,575548.000,64.000,0.000,0.000,0.000,0.000,0.000
119344.000,57.000,575605.000,64.000,720.000,0.000,0.000,0.000,0.000
119354.000,58.000,575663.000,64.000,0.000,0.000,0.000,0.000,0.000
119364.000,58.000,575721.000,64.000,720.000,0.000,0.000,0.000,0.000
119374.000,57.000,575778.000,64.000,720.000,0.000,0.000,0.000,0.000
119384.000,58.000,575836.000,64.000,0.000,0.000,0.000,0.000,0.000
119394.000,58.000,575894.000,64.000,720.000,0.000,0.000,0.000,0.000
119404.000,56.000,575950.000,64.000,720.000,0.000,0.000,0.000,0.000
119414.000,58.000,576008.000,64.000,0.000,0.000,0.000,0.000,0.000
119424.000,57.000,576065.000,64.000,720.000,0.000,0.000,0.000,0.000
119434.000,58.000,576123.000,64.000,0.000,0.000,0.000,0.000,0.000
119444.000,57.000,576180.000,64.000,720.000,0.000,0.000,0.000,0.000
119454.000,58.000,576238.000,64.000,0.000,0.000,0.000,0.000,0.000
119464.000,58.000,576296.000,64.000,720.000,0.000,0.000,0.000,0.000
119474.000,57.000,576353.000,64.000,720.000,0.000,0.000,0.000,0.000
119484.000,58.000,576411.000,64.000,0.000,0.000,0.000,0.000,0.000
119494.000,57.000,576468.000,64.000,720.000,0.000,0.000,0.000,0.000
119504.000,58.000,576526.000,64.000,0.000,0.000,0.000,0.000,0.000
119514.000,58.000,576584.000,64.000,720.000,0.000,0.000,0.000,0.000
119524.000,57.000,576641.000,64.000,720.000,0.000,0.000,0.000,0.000
119534.000,58.000,576699.000,64.000,0.000,0.000,0.000,0.000,0.000
119544.000,57.000,576756.000,64.000,720.000,0.000,0.000,0.000,0.000
119554.000,58.000,576814.000,64.000,0.000,0.000,0.000,0.000,0.000
119564.000,58.000,576872.000,64.000,720.000,0.000,0.000,0.000,0.000
119574.000,57.000,576929.000,64.000,720.000,0.000,0.000,0.000,0.000
119584.000,57.000,576986.000,64.000,0.000,0.000,0.000,0.000,0.000
119594.000,58.000,577044.000,64.000,0.000,0.000,0.000,0.000,0.000
119604.000,58.000,577102.000,64.000,0.000,0.000,0.000,0.000,0.000
119614.000,58.000,577160.000,64.000,720.000,0.000,0.000,0.000,0.000
119624.000,58.000,577218.000,64.000,720.000,0.000,0.000,0.000,0.000
119634.000,57.000,577275.000,64.000,720.000,0.000,0.000,0.000,0.000
119644.000,58.000,577333.000,64.000,0.000,0.000,0.000,0.000,0.000
119654.000,57.000,577390.000,64.000,720.000,0.000,0.000,0.000,0.000
119664.000,58.000,577448.000,64.000,0.000,0.000,0.000,0.000,0.000
119674.000,57.000,577505.000,64.000,720.000,0.000,0.000,0.000,0.000
119684.000,58.000,577563.000,64.000,0.000,0.000,0.000,0.000,0.000
119694.000,58.000,577621.000,64.000,720.000,0.000,0.000,0.000,0.000
119704.000,57.000,577678.000,64.000,720.000,0.000,0.000,0.000,0.000
119714.000,57.000,577735.000,64.000,0.000,0.000,0.000,0.000,0.000
119724.000,58.000,577793.000,64.000,0.000,0.000,0.000,0.000,0.000
119734.000,58.000,577851.000,64.000,720.000,0.000,0.000,0.000,0.000
119744.000,57.000,577908.000,64.000,720.000,0.000,0.000,0.000,0.000
119754.000,58.000,577966.000,64.000,0.000,0.000,0.000,0.000,0.000
119764.000,58.000,578024.000,64.000,720.000,0.000,0.000,0.000,0.000
119774.000,57.000,578081.000,64.000,720.000,0.000,0.000,0.000,0.000
119784.000,57.000,578138.000,64.000,0.000,0.000,0.000,0.000,0.000
119794.000,58.000,578196.000,64.000,0.000,0.000,0.000,0.000,0.000
119804.000,58.000,578254.000,64.000,0.000,0.000,0.000,0.000,0.000
119814.000,58.000,578312.000,64.000,720.000,0.000,0.000,0.000,0.000
119824.000,58.000,578370.000,64.000,720.000,0.000,0.000,0.000,0.000
119834.000,58.000,578428.000,64.000,720.000,0.000,0.000,0.000,0.000
119844.000,57.000,578485.000,64.000,720.000,0.000,0.000,0.000,0.000
119854.000,57.000,578542.000,64.000,0.000,0.000,0.000,0.000,0.000
119864.000,58.000,578600.000,64.000,0.000,0.000,0.000,0.000,0.000
119874.000,57.000,578657.000,64.000,720.000,0.000,0.000,0.000,0.000
119884.000,58.000,578715.000,64.000,0.000,0.000,0.000,0.000,0.000
119894.000,58.000,578773.000,64.000,720.000,0.000,0.000,0.000,0.000
119904.000,57.000,578830.000,64.000,720.000,0.000,0.000,0.000,0.000
119914.000,58.000,578888.000,64.000,0.000,0.000,0.000,0.000,0.000
119924.000,57.000,578945.000,64.000,720.000,0.000,0.000,0.000,0.000
119934.000,58.000,579003.000,64.000,0.000,0.000,0.000,0.000,0.000
119944.000,58.000,579061.000,64.000,720.000,0.000,0.000,0.000,0.000
119954.000,57.000,579118.000,64.000,720.000,0.000,0.000,0.000,0.000
119964.000,58.000,579176.000,64.000,0.000,0.000,0.000,0.000,0.000
119974.000,57.000,579233.000,64.000,720.000,0.000,0.000,0.000,0.000
119984.000,58.000,579291.000,64.000,0.000,0.000,0.000,0.000,0.000
119994.000,58.000,579349.000,64.000,720.000,0.000,0.000,0.000,0.000
120004.000,57.000,579406.000,64.000,720.000,0.000,0.000,0.000,0.000
120014.000,57.000,579463.000,64.000,0.000,0.000,0.000,0.000,0.000
120024.000,58.000,579521.000,64.000,0.000,0.000,0.000,0.000,0.000
120034.000,58.000,579579.000,64.000,720.000,0.000,0.000,0.000,0.000
120044.000,57.000,579636.000,64.000,720.000,0.000,0.000,0.000,0.000
120054.000,58.000,579694.000,64.000,0.000,0.000,0.000,0.000,0.000
120064.000,57.000,579751.000,64.000,720.000,0.000,0.000,0.000,0.000
120074.000,58.000,579809.000,64.000,0.000,0.000,0.000,0.000,0.000
120084.000,58.000,579867.000,64.000,0.000,0.000,0.000,0.000,0.000
120094.000,58.000,579925.000,64.000,720.000,0.000,0.000,0.000,0.000
120104.000,57.000,579982.000,64.000,720.000,0.000,0.000,0.000,0.000
120114.000,58.000,580040.000,64.000,0.000,0.000,0.000,0.000,0.000
120124.000,57.000,580097.000,64.000,720.000,0.000,0.000,0.000,0.000
120134.000,59.000,580156.000,64.000,0.000,0.000,0.000,0.000,0.000
120144.000,57.000,580213.000,64.000,720.000,0.000,0.000,0.000,0.000
120154.000,58.000,580271.000,64.000,0.000,0.000,0.000,0.000,0.000
120164.000,58.000,580329.000,64.000,720.000,0.000,0.000,0.000,0.000
120174.000,57.000,580386.000,64.000,720.000,0.000,0.000,0.000,0.000
120184.000,58.000,580444.000,64.000,0.000,0.000,0.000,0.000,0.000
120194.000,57.000,580501.000,64.000,720.000,0.000,0.000,0.000,0.000
120204.000,57.000,580558.000,64.000,0.000,0.000,0.000,0.000,0.000
120214.000,58.000,580616.000,64.000,0.000,0.000,0.000,0.000,0.000
120224.000,58.000,580674.000,64.000,720.000,0.000,0.000,0.000,0.000
120234.000,58.000,580732.000,64.000,720.000,0.000,0.000,0.000,0.000
120244.000,57.000,580789.000,64.000,720.000,0.000,0.000,0.000,0.000
120254.000,57.000,580846.000,64.000,0.000,0.000,0.000,0.000,0.000
120264.000,58.000,580904.000,64.000,0.000,0.000,0.000,0.000,0.000
120274.000,58.000,580962.000,64.000,720.000,0.000,0.000,0.000,0.000
120284.000,58.000,581020.000,64.000,720.000,0.000,0.000,0.000,0.000
120294.000,57.000,581077.000,64.000,720.000,0.000,0.000,0.000,0.000
120304.000,57.000,581134.000,64.000,0.000,0.000,0.000,0.000,0.000
120314.000,58.000,581192.000,64.000,0.000,0.000,0.000,0.000,0.000
120324.000,57.000,581249.000,64.000,720.000,0.000,0.000,0.000,0.000
120334.000,59.000,581308.000,64.000,0.000,0.000,0.000,0.000,0.000
120344.000,58.000,581366.000,64.000,720.000,0.000,0.000,0.000,0.000
120354.000,57.000,581423.000,64.000,720.000,0.000,0.000,0.000,0.000
120364.000,57.000,581480.000,64.000,0.000,0.000,0.000,0.000,0.000
120374.000,58.000,581538.000,64.000,0.000,0.000,0.000,0.000,0.000
120384.000,59.000,581597.000,64.000,720.000,0.000,0.000,0.000,0.000
120394.000,57.000,581654.000,64.000,720.000,0.000,0.000,0.000,0.000
120404.000,58.000,581712.000,64.000,0.000,0.000,0.000,0.000,0.000
120414.000,58.000,581770.000,64.000,720.000,0.000,0.000,0.000,0.000
120424.000,57.000,581827.000,64.000,720.000,0.000,0.000,0.000,0.000
120434.000,58.000,581885.000,64.000,0.000,0.000,0.000,0.000,0.000
120444.000,57.000,581942.000,64.000,720.000,0.000,0.000,0.000,0.000
120454.000,58.000,582000.000,64.000,0.000,0.000,0.000,0.000,0.000
120464.000,57.000,582057.000,64.000,720.000,0.000,0.000,0.000,0.000
120474.000,57.000,582114.000,64.000,0.000,0.000,0.000,0.000,0.000
120484.000,59.000,582173.000,64.000,0.000,0.000,0.000,0.000,0.000
120494.000,57.000,582230.000,64.000,720.000,0.000,0.000,0.000,0.000
120504.000,58.000,582288.000,64.000,0.000,0.000,0.000,0.000,0.000
120514.000,58.000,582346.000,64.000,720.000,0.000,0.000,0.000,0.000
120524.000,58.000,582404.000,64.000,720.000,0.000,0.000,0.000,0.000
120534.000,57.000,582461.000,64.000,720.000,0.000,0.000,0.000,0.000
120544.000,57.000,582518.000,64.000,0.000,0.000,0.000,0.000,0.000
120554.000,58.000,582576.000,64.000,0.000,0.000,0.000,0.000,0.000
120564.000,58.000,582634.000,64.000,720.000,0.000,0.000,0.000,0.000
120574.000,58.000,582692.000,64.000,720.000,0.000,0.000,0.000,0.000
120584.000,57.000,582749.000,64.000,720.000,0.000,0.000,0.000,0.000
120594.000,57.000,582806.000,64.000,0.000,0.000,0.000,0.000,0.000
120604.000,58.000,582864.000,64.000,0.000,0.000,0.000,0.000,0.000
120614.000,57.000,582921.000,64.000,720.000,0.000,0.000,0.000,0.000
120624.000,58.000,582979.000,64.000,0.000,0.000,0.000,0.000,0.000
120634.000,58.000,583037.000,64.000,720.000,0.000,0.000,0.000,0.000
120644.000,57.000,583094.000,64.000,720.000,0.000,0.000,0.000,0.000
120654.000,58.000,583152.000,64.000,0.000,0.000,0.000,0.000,0.000
120664.000,57.000,583209.000,64.000,720.000,0.000,0.000,0.000,0.000
120674.000,57.000,583266.000,64.000,0.000,0.000,0.000,0.000,0.000
120684.000,59.000,583325.000,64.000,0.000,0.000,0.000,0.000,0.000
120694.000,57.000,583382.000,64.000,720.000,0.000,0.000,0.000,0.000
120704.000,58.000,583440.000,64.000,0.000,0.000,0.000,0.000,0.000
120714.000,58.000,583498.000,64.000,720.000,0.000,0.000,0.000,0.000
120724.000,58.000,583556.000,64.000,720.000,0.000,0.000,0.000,0.000
120734.000,58.000,583614.000,64.000,720.000,0.000,0.000,0.000,0.000
120744.000,56.000,583670.000,64.000,720.000,0.000,0.000,0.000,0.000
120754.000,58.000,583728.000,64.000,0.000,0.000,0.000,0.000,0.000
120764.000,57.000,583785.000,64.000,720.000,0.000,0.000,0.000,0.000
120774.000,57.000,583842.000,64.000,0.000,0.000,0.000,0.000,0.000
120784.000,58.000,583900.000,64.000,0.000,0.000,0.000,0.000,0.000
120794.000,58.000,583958.000,64.000,720.000,0.000,0.000,0.000,0.000
120804.000,58.000,584016.000,64.000,720.000,0.000,0.000,0.000,0.000
120814.000,57.000,584073.000,64.000,720.000,0.000,0.000,0.000,0.000
120824.000,57.000,584130.000,64.000,0.000,0.000,0.000,0.000,0.000
120834.000,58.000,584188.000,64.000,0.000,0.000,0.000,0.000,0.000
120844.000,57.000,584245.000,64.000,720.000,0.000,0.000,0.000,0.000
120854.000,58.000,584303.000,64.000,0.000,0.000,0.000,0.000,0.000
120864.000,58.000,584361.000,64.000,720.000,0.000,0.000,0.000,0.000
120874.000,57.000,584418.000,64.000,720.000,0.000,0.000,0.000,0.000
120884.000,58.000,584476.000,64.000,0.000,0.000,0.000,0.000,0.000
120894.000,57.000,584533.000,64.000,720.000,0.000,0.000,0.000,0.000
120904.000,57.000,584590.000,64.000,0.000,0.000,0.000,0.000,0.000
120914.000,59.000,584649.000,64.000,0.000,0.000,0.000,0.000,0.000
120924.000,57.000,584706.000,64.000,720.000,0.000,0.000,0.000,0.000
120934.000,59.000,584765.000,64.000,0.000,0.000,0.000,0.000,0.000
120944.000,57.000,584822.000,64.000,720.000,0.000,0.000,0.000,0.000
120954.000,58.000,584880.000,64.000,0.000,0.000,0.000,0.000,0.000
120964.000,58.000,584938.000,64.000,720.000,0.000,0.000,0.000,0.000
120974.000,58.000,584996.000,64.000,720.000,0.000,0.000,0.000,0.000
120984.000,57.000,585053.000,64.000,720.000,0.000,0.000,0.000,0.000
120994.000,57.000,585110.000,64.000,0.000,0.000,0.000,0.000,0.000
121004.000,58.000,585168.000,64.000,0.000,0.000,0.000,0.000,0.000
121014.000,58.000,585226.000,64.000,720.000,0.000,0.000,0.000,0.000
121024.000,57.000,585283.000,64.000,720.000,0.000,0.000,0.000,0.000
121034.000,58.000,585341.000,64.000,0.000,0.000,0.000,0.000,0.000
121044.000,57.000,585398.000,64.000,720.000,0.000,0.000,0.000,0.000
121054.000,58.000,585456.000,64.000,0.000,0.000,0.000,0.000,0.000
121064.000,58.000,585514.000,64.000,720.000,0.000,0.000,0.000,0.000
121074.000,56.000,585570.000,64.000,720.000,0.000,0.000,0.000,0.000
121084.000,58.000,585628.000,64.000,0.000,0.000,0.000,0.000,0.000
121094.000,58.000,585686.000,64.000,720.000,0.000,0.000,0.000,0.000
121104.000,56.000,585742.000,64.000,720.000,0.000,0.000,0.000,0.000
121114.000,58.000,585800.000,64.000,0.000,0.000,0.000,0.000,0.000
121124.000,57.000,585857.000,64.000,720.000,0.000,0.000,0.000,0.000
121134.000,58.000,585915.000,64.000,0.000,0.000,0.000,0.000,0.000
121144.000,57.000,585972.000,64.000,720.000,0.000,0.000,0.000,0.000
121154.000,58.000,586030.000,64.000,0.000,0.000,0.000,0.000,0.000
121164.000,58.000,586088.000,64.000,720.000,0.000,0.000,0.000,0.000
121174.000,57.000,586145.000,64.000,720.000,0.000,0.000,0.000,0.000
121184.000,57.000,586202.000,64.000,0.000,0.000,0.000,0.000,0.000
121194.000,58.000,586260.000,64.000,0.000,0.000,0.000,0.000,0.000
121204.000,58.000,586318.000,64.000,0.000,0.000,0.000,0.000,0.000
121214.000,59.000,586377.000,64.000,720.000,0.000,0.000,0.000,0.000
121224.000,57.000,586434.000,64.000,720.000,0.000,0.000,0.000,0.000
121234.000,59.000,586493.000,64.000,0.000,0.000,0.000,0.000,0.000
121244.000,57.000,586550.000,64.000,720.000,0.000,0.000,0.000,0.000
121254.000,58.000,586608.000,64.000,0.000,0.000,0.000,0.000,0.000
121264.000,58.000,586666.000,64.000,720.000,0.000,0.000,0.000,0.000
121274.000,58.000,586724.000,64.000,720.000,0.000,0.000,0.000,0.000
121284.000,57.000,586781.000,64.000,720.000,0.000,0.000,0.000,0.000
121294.000,57.000,586838.000,64.000,0.000,0.000,0.000,0.000,0.000
121304.000,58.000,586896.000,64.000,0.000,0.000,0.000,0.000,0.000
121314.000,57.000,586953.000,64.000,720.000,0.000,0.000,0.000,0.000
121324.000,57.000,587010.000,64.000,0.000,0.000,0.000,0.000,0.000
121334.000,59.000,587069.000,64.000,0.000,0.000,0.000,0.000,0.000
121344.000,58.000,587127.000,64.000,720.000,0.000,0.000,0.000,0.000
121354.000,58.000,587185.000,64.000,720.000,0.000,0.000,0.000,0.000
121364.000,57.000,587242.000,64.000,720.000,0.000,0.000,0.000,0.000
121374.000,58.000,587300.000,64.000,0.000,0.000,0.000,0.000,0.000
121384.000,57.000,587357.000,64.000,720.000,0.000,0.000,0.000,0.000
121394.000,57.000,587414.000,64.000,0.000,0.000,0.000,0.000,0.000
121404.000,58.000,587472.000,64.000,0.000,0.000,0.000,0.000,0.000
121414.000,58.000,587530.000,64.000,720.000,0.000,0.000,0.000,0.000
121424.000,58.000,587588.000,64.000,720.000,0.000,0.000,0.000,0.000
121434.000,57.000,587645.000,64.000,720.000,0.000,0.000,0.000,0.000
121444.000,57.000,587702.000,64.000,0.000,0.000,0.000,0.000,0.000
121454.000,58.000,587760.000,64.000,0.000,0.000,0.000,0.000,0.000
121464.000,58.000,587818.000,64.000,720.000,0.000,0.000,0.000,0.000
121474.000,57.000,587875.000,64.000,720.000,0.000,0.000,0.000,0.000
121484.000,58.000,587933.000,64.000,0.000,0.000,0.000,0.000,0.000
121494.000,57.000,587990.000,64.000,720.000,0.000,0.000,0.000,0.000
121504.000,58.000,588048.000,64.000,0.000,0.000,0.000,0.000,0.000
121514.000,57.000,588105.000,64.000,720.000,0.000,0.000,0.000,0.000
121524.000,58.000,588163.000,64.000,0.000,0.000,0.000,0.000,0.000
121534.000,58.000,588221.000,64.000,720.000,0.000,0.000,0.000,0.000
121544.000,57.000,588278.000,64.000,720.000,0.000,0.000,0.000,0.000
121554.000,58.000,588336.000,64.000,0.000,0.000,0.000,0.000,0.000
121564.000,57.000,588393.000,64.000,720.000,0.000,0.000,0.000,0.000
121574.000,57.000,588450.000,64.000,0.000,0.000,0.000,0.000,0.000
121584.000,59.000,588509.000,64.000,0.000,0.000,0.000,0.000,0.000
121594.000,57.000,588566.000,64.000,720.000,0.000,0.000,0.000,0.000
121604.000,59.000,588625.000,64.000,0.000,0.000,0.000,0.000,0.000
121614.000,57.000,588682.000,64.000,720.000,0.000,0.000,0.000,0.000
121624.000,59.000,588741.000,64.000,0.000,0.000,0.000,0.000,0.000
121634.000,59.000,588800.000,64.000,720.000,0.000,0.000,0.000,0.000
121644.000,57.000,588857.000,64.000,720.000,0.000,0.000,0.000,0.000
121654.000,57.000,588914.000,64.000,720.000,0.000,0.000,0.000,0.000
121664.000,57.000,588971.000,64.000,720.000,0.000,0.000,0.000,0.000
121674.000,57.000,589028.000,64.000,720.000,0.000,0.000,0.000,0.000
121684.000,57.000,589085.000,64.000,0.000,0.000,0.000,0.000,0.000
121694.000,57.000,589142.000,64.000,0.000,0.000,0.000,0.000,0.000
121704.000,58.000,589200.000,64.000,0.000,0.000,0.000,0.000,0.000
121714.000,58.000,589258.000,64.000,720.000,0.000,0.000,0.000,0.000
121724.000,58.000,589316.000,64.000,720.000,0.000,0.000,0.000,0.000
121734.000,57.000,589373.000,64.000,720.000,0.000,0.000,0.000,0.000
121744.000,57.000,589430.000,64.000,0.000,0.000,0.000,0.000,0.000
121754.000,58.000,589488.000,64.000,0.000,0.000,0.000,0.000,0.000
121764.000,57.000,589545.000,64.000,720.000,0.000,0.000,0.000,0.000
121774.000,57.000,589602.000,64.000,0.000,0.000,0.000,0.000,0.000
121784.000,59.000,589661.000,64.000,0.000,0.000,0.000,0.000,0.000
121794.000,57.000,589718.000,64.000,720.000,0.000,0.000,0.000,0.000
121804.000,59.000,589777.000,64.000,0.000,0.000,0.000,0.000,0.000
121814.000,58.000,589835.000,64.000,720.000,0.000,0.000,0.000,0.000
121824.000,58.000,589893.000,64.000,720.000,0.000,0.000,0.000,0.000
121834.000,57.000,589950.000,64.000,720.000,0.000,0.000,0.000,0.000
121844.000,58.000,590008.000,64.000,720.000,0.000,0.000,0.000,0.000
121854.000,56.000,590064.000,64.000,720.000,0.000,0.000,0.000,0.000
121864.000,57.000,590121.000,64.000,0.000,0.000,0.000,0.000,0.000
121874.000,57.000,590178.000,64.000,0.000,0.000,0.000,0.000,0.000
121884.000,58.000,590236.000,64.000,0.000,0.000,0.000,0.000,0.000
121894.000,58.000,590294.000,64.000,720.000,0.000,0.000,0.000,0.000
121904.000,57.000,590351.000,64.000,720.000,0.000,0.000,0.000,0.000
121914.000,58.000,590409.000,64.000,0.000,0.000,0.000,0.000,0.000
121924.000,57.000,590466.000,64.000,720.000,0.000,0.000,0.000,0.000
121934.000,58.000,590524.000,64.000,0.000,0.000,0.000,0.000,0.000
121944.000,58.000,590582.000,64.000,720.000,0.000,0.000,0.000,0.000
121954.000,57.000,590639.000,64.000,720.000,0.000,0.000,0.000,0.000
121964.000,58.000,590697.000,64.000,0.000,0.000,0.000,0.000,0.000
121974.000,57.000,590754.000,64.000,720.000,0.000,0.000,0.000,0.000
121984.000,58.000,590812.000,64.000,0.000,0.000,0.000,0.000,0.000
121994.000,58.000,590870.000,64.000,720.000,0.000,0.000,0.000,0.000
122004.000,58.000,590928.000,64.000,720.000,0.000,0.000,0.000,0.000
122014.000,56.000,590984.000,64.000,720.000,0.000,0.000,0.000,0.000
122024.000,57.000,591041.000,64.000,0.000,0.000,0.000,0.000,0.000
122034.000,58.000,591099.000,64.000,0.000,0.000,0.000,0.000,0.000
122044.000,58.000,591157.000,64.000,720.000,0.000,0.000,0.000,0.000
122054.000,57.000,591214.000,64.000,720.000,0.000,0.000,0.000,0.000
122064.000,58.000,591272.000,64.000,0.000,0.000,0.000,0.000,0.000
122074.000,57.000,591329.000,64.000,720.000,0.000,0.000,0.000,0.000
122084.000,57.000,591386.000,64.000,0.000,0.000,0.000,0.000,0.000
122094.000,58.000,591444.000,64.000,0.000,0.000,0.000,0.000,0.000
122104.000,58.000,591502.000,64.000,0.000,0.000,0.000,0.000,0.000
122114.000,59.000,591561.000,64.000,720.000,0.000,0.000,0.000,0.000
122124.000,58.000,591619.000,64.000,720.000,0.000,0.000,0.000,0.000
122134.000,58.000,591677.000,64.000,720.000,0.000,0.000,0.000,0.000
122144.000,57.000,591734.000,64.000,720.000,0.000,0.000,0.000,0.000
122154.000,57.000,591791.000,64.000,0.000,0.000,0.000,0.000,0.000
122164.000,58.000,591849.000,64.000,0.000,0.000,0.000,0.000,0.000
122174.000,57.000,591906.000,64.000,720.000,0.000,0.000,0.000,0.000
122184.000,59.000,591965.000,64.000,0.000,0.000,0.000,0.000,0.000
122194.000,57.000,592022.000,64.000,720.000,0.000,0.000,0.000,0.000
122204.000,58.000,592080.000,64.000,0.000,0.000,0.000,0.000,0.000
122214.000,58.000,592138.000,64.000,720.000,0.000,0.000,0.000,0.000
122224.000,57.000,592195.000,64.000,720.000,0.000,0.000,0.000,0.000
122234.000,58.000,592253.000,64.000,0.000,0.000,0.000,0.000,0.000
122244.000,57.000,592310.000,64.000,720.000,0.000,0.000,0.000,0.000
122254.000,58.000,592368.000,64.000,0.000,0.000,0.000,0.000,0.000
122264.000,57.000,592425.000,64.000,720.000,0.000,0.000,0.000,0.000
122274.000,58.000,592483.000,64.000,0.000,0.000,0.000,0.000,0.000
122284.000,55.000,592538.000,0.000,4608.000,0.000,0.000,0.000,0.000
122294.000,51.000,592589.000,0.000,4392.000,0.000,0.000,0.000,0.000
122304.000,48.000,592637.000,0.000,4032.000,0.000,0.000,0.000,0.000
122314.000,46.000,592683.000,0.000,3816.000,0.000,0.000,0.000,0.000
122324.000,45.000,592728.000,0.000,3672.000,0.000,0.000,0.000,0.000
122334.000,42.000,592770.000,0.000,3600.000,0.000,0.000,0.000,0.000
122344.000,43.000,592813.000,0.000,3312.000,0.000,0.000,0.000,0.000
122354.000,41.000,592854.000,0.000,3384.000,0.000,0.000,0.000,0.000
122364.000,39.000,592893.000,0.000,3240.000,0.000,0.000,0.000,0.000
122374.000,40.000,592933.000,0.000,3096.000,0.000,0.000,0.000,0.000
122384.000,38.000,592971.000,0.000,3168.000,0.000,0.000,0.000,0.000
122394.000,38.000,593009.000,0.000,3024.000,0.000,0.000,0.000,0.000
122404.000,37.000,593046.000,0.000,3024.000,0.000,0.000,0.000,0.000
122414.000,37.000,593083.000,0.000,2952.000,0.000,0.000,0.000,0.000
122424.000,37.000,593120.000,0.000,2952.000,0.000,0.000,0.000,0.000
122434.000,36.000,593156.000,0.000,2952.000,0.000,0.000,0.000,0.000
122444.000,36.000,593192.000,0.000,2880.000,0.000,0.000,0.000,0.000
122454.000,36.000,593228.000,0.000,2880.000,0.000,0.000,0.000,0.000
122464.000,36.000,593264.000,0.000,2880.000,0.000,0.000,0.000,0.000
122474.000,34.000,593298.000,0.000,2880.000,0.000,0.000,0.000,0.000
122484.000,36.000,593334.000,0.000,2664.000,0.000,0.000,0.000,0.000
122494.000,36.000,593370.000,0.000,2880.000,0.000,0.000,0.000,0.000
122504.000,36.000,593406.000,0.000,2880.000,0.000,0.000,0.000,0.000
122514.000,35.000,593441.000,0.000,2880.000,0.000,0.000,0.000,0.000
122524.000,36.000,593477.000,0.000,2736.000,0.000,0.000,0.000,0.000
122534.000,35.000,593512.000,0.000,2880.000,0.000,0.000,0.000,0.000
122544.000,36.000,593548.000,0.000,2736.000,0.000,0.000,0.000,0.000
122554.000,34.000,593582.000,0.000,2880.000,0.000,0.000,0.000,0.000
122564.000,36.000,593618.000,0.000,2664.000,0.000,0.000,0.000,0.000
122574.000,36.000,593654.000,0.000,2880.000,0.000,0.000,0.000,0.000
122584.000,35.000,593689.000,0.000,2880.000,0.000,0.000,0.000,0.000
122594.000,35.000,593724.000,0.000,2736.000,0.000,0.000,0.000,0.000
122604.000,36.000,593760.000,0.000,2736.000,0.000,0.000,0.000,0.000
122614.000,34.000,593794.000,0.000,2880.000,0.000,0.000,0.000,0.000
122624.000,36.000,593830.000,0.000,2664.000,0.000,0.000,0.000,0.000
122634.000,35.000,593865.000,0.000,2880.000,0.000,0.000,0.000,0.000
122644.000,35.000,593900.000,0.000,2736.000,0.000,0.000,0.000,0.000
122654.000,36.000,593936.000,0.000,2736.000,0.000,0.000,0.000,0.000
122664.000,35.000,593971.000,0.000,2880.000,0.000,0.000,0.000,0.000
122674.000,35.000,594006.000,0.000,2736.000,0.000,0.000,0.000,0.000
122684.000,35.000,594041.000,0.000,2736.000,0.000,0.000,0.000,0.000
122694.000,36.000,594077.000,0.000,2736.000,0.000,0.000,0.000,0.000
122704.000,35.000,594112.000,0.000,2880.000,0.000,0.000,0.000,0.000
122714.000,36.000,594148.000,0.000,2736.000,0.000,0.000,0.000,0.000
122724.000,35.000,594183.000,0.000,2880.000,0.000,0.000,0.000,0.000
122734.000,35.000,594218.000,0.000,2736.000,0.000,0.000,0.000,0.000
122744.000,36.000,594254.000,0.000,2736.000,0.000,0.000,0.000,0.000
122754.000,35.000,594289.000,0.000,2880.000,0.000,0.000,0.000,0.000
122764.000,36.000,594325.000,0.000,2736.000,0.000,0.000,0.000,0.000
122774.000,35.000,594360.000,0.000,2880.000,0.000,0.000,0.000,0.000
122784.000,36.000,594396.000,0.000,2736.000,0.000,0.000,0.000,0.000
122794.000,35.000,594431.000,0.000,2880.000,0.000,0.000,0.000,0.000
122804.000,35.000,594466.000,0.000,2736.000,0.000,0.000,0.000,0.000
122814.000,36.000,594502.000,0.000,2736.000,0.000,0.000,0.000,0.000
122824.000,35.000,594537.000,0.000,2880.000,0.000,0.000,0.000,0.000
122834.000,36.000,594573.000,0.000,2736.000,0.000,0.000,0.000,0.000
122844.000,35.000,594608.000,0.000,2880.000,0.000,0.000,0.000,0.000
122854.000,36.000,594644.000,0.000,2736.000,0.000,0.000,0.000,0.000
122864.000,34.000,594678.000,0.000,2880.000,0.000,0.000,0.000,0.000
122874.000,36.000,594714.000,0.000,2664.000,0.000,0.000,0.000,0.000
122884.000,35.000,594749.000,0.000,2880.000,0.000,0.000,0.000,0.000
122894.000,35.000,594784.000,0.000,2736.000,0.000,0.000,0.000,0.000
122904.000,36.000,594820.000,0.000,2736.000,0.000,0.000,0.000,0.000
122914.000,35.000,594855.000,0.000,2880.000,0.000,0.000,0.000,0.000
122924.000,35.000,594890.000,0.000,2736.000,0.000,0.000,0.000,0.000
122934.000,36.000,594926.000,0.000,2736.000,0.000,0.000,0.000,0.000
122944.000,35.000,594961.000,0.000,2880.000,0.000,0.000,0.000,0.000
122954.000,35.000,594996.000,0.000,2736.000,0.000,0.000,0.000,0.000
122964.000,36.000,595032.000,0.000,2736.000,0.000,0.000,0.000,0.000
122974.000,35.000,595067.000,0.000,2880.000,0.000,0.000,0.000,0.000
122984.000,35.000,595102.000,0.000,2736.000,0.000,0.000,0.000,0.000
122994.000,36.000,595138.000,0.000,2736.000,0.000,0.000,0.000,0.000
123004.000,35.000,595173.000,0.000,2880.000,0.000,0.000,0.000,0.000
123014.000,36.000,595209.000,0.000,2736.000,0.000,0.000,0.000,0.000
123024.000,36.000,595245.000,0.000,2880.000,0.000,0.000,0.000,0.000
123034.000,35.000,595280.000,0.000,2880.000,0.000,0.000,0.000,0.000
123044.000,36.000,595316.000,0.000,2736.000,0.000,0.000,0.000,0.000
123054.000,35.000,595351.000,0.000,2880.000,0.000,0.000,0.000,0.000
123064.000,35.000,595386.000,0.000,2736.000,0.000,0.000,0.000,0.000
123074.000,36.000,595422.000,0.000,2736.000,0.000,0.000,0.000,0.000
123084.000,35.000,595457.000,0.000,2880.000,0.000,0.000,0.000,0.000
123094.000,36.000,595493.000,0.000,2736.000,0.000,0.000,0.000,0.000
123104.000,35.000,595528.000,0.000,2880.000,0.000,0.000,0.000,0.000
123114.000,36.000,595564.000,0.000,2736.000,0.000,0.000,0.000,0.000
123124.000,36.000,595600.000,0.000,2880.000,0.000,0.000,0.000,0.000
123134.000,34.000,595634.000,0.000,2880.000,0.000,0.000,0.000,0.000
123144.000,36.000,595670.000,0.000,2664.000,0.000,0.000,0.000,0.000
123154.000,35.000,595705.000,0.000,2880.000,0.000,0.000,0.000,0.000
123164.000,35.000,595740.000,0.000,2736.000,0.000,0.000,0.000,0.000
123174.000,36.000,595776.000,0.000,2736.000,0.000,0.000,0.000,0.000
123184.000,35.000,595811.000,0.000,2880.000,0.000,0.000,0.000,0.000
123194.000,35.000,595846.000,0.000,2736.000,0.000,0.000,0.000,0.000
123204.000,36.000,595882.000,0.000,2736.000,0.000,0.000,0.000,0.000
123214.000,35.000,595917.000,0.000,2880.000,0.000,0.000,0.000,0.000
123224.000,35.000,595952.000,0.000,2736.000,0.000,0.000,0.000,0.000
123234.000,36.000,595988.000,0.000,2736.000,0.000,0.000,0.000,0.000
123244.000,36.000,596024.000,0.000,2880.000,0.000,0.000,0.000,0.000
123254.000,34.000,596058.000,0.000,2880.000,0.000,0.000,0.000,0.000
123264.000,36.000,596094.000,0.000,2664.000,0.000,0.000,0.000,0.000
123274.000,35.000,596129.000,0.000,2880.000,0.000,0.000,0.000,0.000
123284.000,36.000,596165.000,0.000,2736.000,0.000,0.000,0.000,0.000
123294.000,35.000,596200.000,0.000,2880.000,0.000,0.000,0.000,0.000
123304.000,36.000,596236.000,0.000,2736.000,0.000,0.000,0.000,0.000
123314.000,36.000,596272.000,0.000,2880.000,0.000,0.000,0.000,0.000
123324.000,34.000,596306.000,0.000,2880.000,0.000,0.000,0.000,0.000
123334.000,36.000,596342.000,0.000,2664.000,0.000,0.000,0.000,0.000
123344.000,35.000,596377.000,0.000,2880.000,0.000,0.000,0.000,0.000
123354.000,36.000,596413.000,0.000,2736.000,0.000,0.000,0.000,0.000
123364.000,35.000,596448.000,0.000,2880.000,0.000,0.000,0.000,0.000
123374.000,36.000,596484.000,0.000,2736.000,0.000,0.000,0.000,0.000
123384.000,34.000,596518.000,0.000,2880.000,0.000,0.000,0.000,0.000
123394.000,36.000,596554.000,0.000,2664.000,0.000,0.000,0.000,0.000
123404.000,35.000,596589.000,0.000,2880.000,0.000,0.000,0.000,0.000
123414.000,35.000,596624.000,0.000,2736.000,0.000,0.000,0.000,0.000
123424.000,36.000,596660.000,0.000,2736.000,0.000,0.000,0.000,0.000
123434.000,34.000,596694.000,0.000,2880.000,0.000,0.000,0.000,0.000
123444.000,36.000,596730.000,0.000,2664.000,0.000,0.000,0.000,0.000
123454.000,35.000,596765.000,0.000,2880.000,0.000,0.000,0.000,0.000
123464.000,35.000,596800.000,0.000,2736.000,0.000,0.000,0.000,0.000
123474.000,36.000,596836.000,0.000,2736.000,0.000,0.000,0.000,0.000
123484.000,35.000,596871.000,0.000,2880.000,0.000,0.000,0.000,0.000
123494.000,35.000,596906.000,0.000,2736.000,0.000,0.000,0.000,0.000
123504.000,36.000,596942.000,0.000,2736.000,0.000,0.000,0.000,0.000
123514.000,35.000,596977.000,0.000,2880.000,0.000,0.000,0.000,0.000
123524.000,35.000,597012.000,0.000,2736.000,0.000,0.000,0.000,0.000
123534.000,36.000,597048.000,0.000,2736.000,0.000,0.000,0.000,0.000
123544.000,35.000,597083.000,0.000,2880.000,0.000,0.000,0.000,0.000
123554.000,36.000,597119.000,0.000,2736.000,0.000,0.000,0.000,0.000
123564.000,35.000,597154.000,0.000,2880.000,0.000,0.000,0.000,0.000
123574.000,35.000,597189.000,0.000,2736.000,0.000,0.000,0.000,0.000
123584.000,36.000,597225.000,0.000,2736.000,0.000,0.000,0.000,0.000
123594.000,35.000,597260.000,0.000,2880.000,0.000,0.000,0.000,0.000
123604.000,36.000,597296.000,0.000,2736.000,0.000,0.000,0.000,0.000
123614.000,35.000,597331.000,0.000,2880.000,0.000,0.000,0.000,0.000
123624.000,35.000,597366.000,0.000,2736.000,0.000,0.000,0.000,0.000
123634.000,36.000,597402.000,0.000,2736.000,0.000,0.000,0.000,0.000
123644.000,35.000,597437.000,0.000,2880.000,0.000,0.000,0.000,0.000
123654.000,35.000,597472.000,0.000,2736.000,0.000,0.000,0.000,0.000
123664.000,36.000,597508.000,0.000,2736.000,0.000,0.000,0.000,0.000
123674.000,35.000,597543.000,0.000,2880.000,0.000,0.000,0.000,0.000
123684.000,35.000,597578.000,0.000,2736.000,0.000,0.000,0.000,0.000
123694.000,36.000,597614.000,0.000,2736.000,0.000,0.000,0.000,0.000
123704.000,35.000,597649.000,0.000,2880.000,0.000,0.000,0.000,0.000
123714.000,35.000,597684.000,0.000,2736.000,0.000,0.000,0.000,0.000
123724.000,36.000,597720.000,0.000,2736.000,0.000,0.000,0.000,0.000
123734.000,34.000,597754.000,0.000,2880.000,0.000,0.000,0.000,0.000
123744.000,36.000,597790.000,0.000,2664.000,0.000,0.000,0.000,0.000
123754.000,36.000,597826.000,0.000,2880.000,0.000,0.000,0.000,0.000
123764.000,35.000,597861.000,0.000,2880.000,0.000,0.000,0.000,0.000
123774.000,36.000,597897.000,0.000,2736.000,0.000,0.000,0.000,0.000
123784.000,35.000,597932.000,0.000,2880.000,0.000,0.000,0.000,0.000
123794.000,36.000,597968.000,0.000,2736.000,0.000,0.000,0.000,0.000
123804.000,35.000,598003.000,0.000,2880.000,0.000,0.000,0.000,0.000
123814.000,35.000,598038.000,0.000,2736.000,0.000,0.000,0.000,0.000
123824.000,36.000,598074.000,0.000,2736.000,0.000,0.000,0.000,0.000
123834.000,35.000,598109.000,0.000,2880.000,0.000,0.000,0.000,0.000
123844.000,36.000,598145.000,0.000,2736.000,0.000,0.000,0.000,0.000
123854.000,35.000,598180.000,0.000,2880.000,0.000,0.000,0.000,0.000
123864.000,36.000,598216.000,0.000,2736.000,0.000,0.000,0.000,0.000
123874.000,35.000,598251.000,0.000,2880.000,0.000,0.000,0.000,0.000
123884.000,35.000,598286.000,0.000,2736.000,0.000,0.000,0.000,0.000
123894.000,35.000,598321.000,0.000,2736.000,0.000,0.000,0.000,0.000
123904.000,36.000,598357.000,0.000,2736.000,0.000,0.000,0.000,0.000
123914.000,35.000,598392.000,0.000,2880.000,0.000,0.000,0.000,0.000
123924.000,35.000,598427.000,0.000,2736.000,0.000,0.000,0.000,0.000
123934.000,35.000,598462.000,0.000,2736.000,0.000,0.000,0.000,0.000
123944.000,36.000,598498.000,0.000,2736.000,0.000,0.000,0.000,0.000
123954.000,35.000,598533.000,0.000,2880.000,0.000,0.000,0.000,0.000
123964.000,35.000,598568.000,0.000,2736.000,0.000,0.000,0.000,0.000
123974.000,36.000,598604.000,0.000,2736.000,0.000,0.000,0.000,0.000
123984.000,35.000,598639.000,0.000,2880.000,0.000,0.000,0.000,0.000
123994.000,35.000,598674.000,0.000,2736.000,0.000,0.000,0.000,0.000
124004.000,36.000,598710.000,0.000,2736.000,0.000,0.000,0.000,0.000
124014.000,35.000,598745.000,0.000,2880.000,0.000,0.000,0.000,0.000
124024.000,36.000,598781.000,0.000,2736.000,0.000,0.000,0.000,0.000
124034.000,35.000,598816.000,0.000,2880.000,0.000,0.000,0.000,0.000
124044.000,35.000,598851.000,0.000,2736.000,0.000,0.000,0.000,0.000
124054.000,35.000,598886.000,0.000,2736.000,0.000,0.000,0.000,0.000
124064.000,36.000,598922.000,0.000,2736.000,0.000,0.000,0.000,0.000
124074.000,36.000,598958.000,0.000,2880.000,0.000,0.000,0.000,0.000
124084.000,35.000,598993.000,0.000,2880.000,0.000,0.000,0.000,0.000
124094.000,35.000,599028.000,0.000,2736.000,0.000,0.000,0.000,0.000
124104.000,36.000,599064.000,0.000,2736.000,0.000,0.000,0.000,0.000
124114.000,34.000,599098.000,0.000,2880.000,0.000,0.000,0.000,0.000
124124.000,36.000,599134.000,0.000,2664.000,0.000,0.000,0.000,0.000
124134.000,35.000,599169.000,0.000,2880.000,0.000,0.000,0.000,0.000
124144.000,35.000,599204.000,0.000,2736.000,0.000,0.000,0.000,0.000
124154.000,36.000,599240.000,0.000,2736.000,0.000,0.000,0.000,0.000
124164.000,34.000,599274.000,0.000,2880.000,0.000,0.000,0.000,0.000
124174.000,36.000,599310.000,0.000,2664.000,0.000,0.000,0.000,0.000
124184.000,35.000,599345.000,0.000,2880.000,0.000,0.000,0.000,0.000
124194.000,35.000,599380.000,0.000,2736.000,0.000,0.000,0.000,0.000
124204.000,36.000,599416.000,0.000,2736.000,0.000,0.000,0.000,0.000
124214.000,34.000,599450.000,0.000,2880.000,0.000,0.000,0.000,0.000
124224.000,36.000,599486.000,0.000,2664.000,0.000,0.000,0.000,0.000
124234.000,35.000,599521.000,0.000,2880.000,0.000,0.000,0.000,0.000
124244.000,35.000,599556.000,0.000,2736.000,0.000,0.000,0.000,0.000
124254.000,35.000,599591.000,0.000,2736.000,0.000,0.000,0.000,0.000
124264.000,35.000,599626.000,0.000,2736.000,0.000,0.000,0.000,0.000
124274.000,36.000,599662.000,0.000,2736.000,0.000,0.000,0.000,0.000
124284.000,36.000,599698.000,0.000,2880.000,0.000,0.000,0.000,0.000
124294.000,35.000,599733.000,0.000,2880.000,0.000,0.000,0.000,0.000
124304.000,35.000,599768.000,0.000,2736.000,0.000,0.000,0.000,0.000
124314.000,36.000,599804.000,0.000,2736.000,0.000,0.000,0.000,0.000
124324.000,36.000,599840.000,0.000,2880.000,0.000,0.000,0.000,0.000
124334.000,34.000,599874.000,0.000,2880.000,0.000,0.000,0.000,0.000
124344.000,36.000,599910.000,0.000,2664.000,0.000,0.000,0.000,0.000
124354.000,35.000,599945.000,0.000,2880.000,0.000,0.000,0.000,0.000
124364.000,36.000,599981.000,0.000,2736.000,0.000,0.000,0.000,0.000
124374.000,35.000,600016.000,0.000,2880.000,0.000,0.000,0.000,0.000
124384.000,35.000,600051.000,0.000,2736.000,0.000,0.000,0.000,0.000
124394.000,35.000,600086.000,0.000,2736.000,0.000,0.000,0.000,0.000
124404.000,36.000,600122.000,0.000,2736.000,0.000,0.000,0.000,0.000
124414.000,35.000,600157.000,0.000,2880.000,0.000,0.000,0.000,0.000
124424.000,35.000,600192.000,0.000,2736.000,0.000,0.000,0.000,0.000
124434.000,36.000,600228.000,0.000,2736.000,0.000,0.000,0.000,0.000
124444.000,34.000,600262.000,0.000,2880.000,0.000,0.000,0.000,0.000
124454.000,36.000,600298.000,0.000,2664.000,0.000,0.000,0.000,0.000
124464.000,35.000,600333.000,0.000,2880.000,0.000,0.000,0.000,0.000
124474.000,36.000,600369.000,0.000,2736.000,0.000,0.000,0.000,0.000
124484.000,35.000,600404.000,0.000,2880.000,0.000,0.000,0.000,0.000
124494.000,34.000,600438.000,0.000,2736.000,0.000,0.000,0.000,0.000
124504.000,36.000,600474.000,0.000,2664.000,0.000,0.000,0.000,0.000
124514.000,36.000,600510.000,0.000,2880.000,0.000,0.000,0.000,0.000
124524.000,35.000,600545.000,0.000,2880.000,0.000,0.000,0.000,0.000
124534.000,35.000,600580.000,0.000,2736.000,0.000,0.000,0.000,0.000
124544.000,36.000,600616.000,0.000,2736.000,0.000,0.000,0.000,0.000
124554.000,35.000,600651.000,0.000,2880.000,0.000,0.000,0.000,0.000
124564.000,35.000,600686.000,0.000,2736.000,0.000,0.000,0.000,0.000
124574.000,36.000,600722.000,0.000,2736.000,0.000,0.000,0.000,0.000
124584.000,36.000,600758.000,0.000,2880.000,0.000,0.000,0.000,0.000
124594.000,35.000,600793.000,0.000,2880.000,0.000,0.000,0.000,0.000
124604.000,35.000,600828.000,0.000,2736.000,0.000,0.000,0.000,0.000
124614.000,35.000,600863.000,0.000,2736.000,0.000,0.000,0.000,0.000
124624.000,35.000,600898.000,0.000,2736.000,0.000,0.000,0.000,0.000
124634.000,36.000,600934.000,0.000,2736.000,0.000,0.000,0.000,0.000
124644.000,35.000,600969.000,0.000,2880.000,0.000,0.000,0.000,0.000
124654.000,36.000,601005.000,0.000,2736.000,0.000,0.000,0.000,0.000
124664.000,35.000,601040.000,0.000,2880.000,0.000,0.000,0.000,0.000
124674.000,35.000,601075.000,0.000,2736.000,0.000,0.000,0.000,0.000
124684.000,35.000,601110.000,0.000,2736.000,0.000,0.000,0.000,0.000
124694.000,36.000,601146.000,0.000,2736.000,0.000,0.000,0.000,0.000
124704.000,35.000,601181.000,0.000,2880.000,0.000,0.000,0.000,0.000
124714.000,35.000,601216.000,0.000,2736.000,0.000,0.000,0.000,0.000
124724.000,35.000,601251.000,0.000,2736.000,0.000,0.000,0.000,0.000
124734.000,35.000,601286.000,0.000,2736.000,0.000,0.000,0.000,0.000
124744.000,36.000,601322.000,0.000,2736.000,0.000,0.000,0.000,0.000
124754.000,35.000,601357.000,0.000,2880.000,0.000,0.000,0.000,0.000
124764.000,35.000,601392.000,0.000,2736.000,0.000,0.000,0.000,0.000
124774.000,36.000,601428.000,0.000,2736.000,0.000,0.000,0.000,0.000
124784.000,35.000,601463.000,0.000,2880.000,0.000,0.000,0.000,0.000
124794.000,35.000,601498.000,0.000,2736.000,0.000,0.000,0.000,0.000
124804.000,36.000,601534.000,0.000,2736.000,0.000,0.000,0.000,0.000
124814.000,35.000,601569.000,0.000,2880.000,0.000,0.000,0.000,0.000
124824.000,36.000,601605.000,0.000,2736.000,0.000,0.000,0.000,0.000
124834.000,35.000,601640.000,0.000,2880.000,0.000,0.000,0.000,0.000
124844.000,35.000,601675.000,0.000,2736.000,0.000,0.000,0.000,0.000
124854.000,35.000,601710.000,0.000,2736.000,0.000,0.000,0.000,0.000
124864.000,36.000,601746.000,0.000,2736.000,0.000,0.000,0.000,0.000
124874.000,35.000,601781.000,0.000,2880.000,0.000,0.000,0.000,0.000
124884.000,35.000,601816.000,0.000,2736.000,0.000,0.000,0.000,0.000
124894.000,36.000,601852.000,0.000,2736.000,0.000,0.000,0.000,0.000
124904.000,35.000,601887.000,0.000,2880.000,0.000,0.000,0.000,0.000
124914.000,35.000,601922.000,0.000,2736.000,0.000,0.000,0.000,0.000
124924.000,36.000,601958.000,0.000,2736.000,0.000,0.000,0.000,0.000
124934.000,35.000,601993.000,0.000,2880.000,0.000,0.000,0.000,0.000
124944.000,35.000,602028.000,0.000,2736.000,0.000,0.000,0.000,0.000
124954.000,35.000,602063.000,0.000,2736.000,0.000,0.000,0.000,0.000
124964.000,35.000,602098.000,0.000,2736.000,0.000,0.000,0.000,0.000
124974.000,36.000,602134.000,0.000,2736.000,0.000,0.000,0.000,0.000
124984.000,35.000,602169.000,0.000,2880.000,0.000,0.000,0.000,0.000
124994.000,35.000,602204.000,0.000,2736.000,0.000,0.000,0.000,0.000
125004.000,36.000,602240.000,0.000,2736.000,0.000,0.000,0.000,0.000
125014.000,35.000,602275.000,0.000,2880.000,0.000,0.000,0.000,0.000
125024.000,35.000,602310.000,0.000,2736.000,0.000,0.000,0.000,0.000
125034.000,36.000,602346.000,0.000,2736.000,0.000,0.000,0.000,0.000
125044.000,35.000,602381.000,0.000,2880.000,0.000,0.000,0.000,0.000
125054.000,35.000,602416.000,0.000,2736.000,0.000,0.000,0.000,0.000
125064.000,36.000,602452.000,0.000,2736.000,0.000,0.000,0.000,0.000
125074.000,36.000,602488.000,0.000,2880.000,0.000,0.000,0.000,0.000
125084.000,34.000,602522.000,0.000,2880.000,0.000,0.000,0.000,0.000
125094.000,36.000,602558.000,0.000,2664.000,0.000,0.000,0.000,0.000
125104.000,35.000,602593.000,0.000,2880.000,0.000,0.000,0.000,0.000
125114.000,35.000,602628.000,0.000,2736.000,0.000,0.000,0.000,0.000
125124.000,36.000,602664.000,0.000,2736.000,0.000,0.000,0.000,0.000
125134.000,35.000,602699.000,0.000,2880.000,0.000,0.000,0.000,0.000
125144.000,35.000,602734.000,0.000,2736.000,0.000,0.000,0.000,0.000
125154.000,36.000,602770.000,0.000,2736.000,0.000,0.000,0.000,0.000
125164.000,35.000,602805.000,0.000,2880.000,0.000,0.000,0.000,0.000
125174.000,36.000,602841.000,0.000,2736.000,0.000,0.000,0.000,0.000
125184.000,35.000,602876.000,0.000,2880.000,0.000,0.000,0.000,0.000
125194.000,35.000,602911.000,0.000,2736.000,0.000,0.000,0.000,0.000
125204.000,35.000,602946.000,0.000,2736.000,0.000,0.000,0.000,0.000
125214.000,36.000,602982.000,0.000,2736.000,0.000,0.000,0.000,0.000
125224.000,35.000,603017.000,0.000,2880.000,0.000,0.000,0.000,0.000
125234.000,35.000,603052.000,0.000,2736.000,0.000,0.000,0.000,0.000
125244.000,36.000,603088.000,0.000,2736.000,0.000,0.000,0.000,0.000
125254.000,34.000,603122.000,0.000,2880.000,0.000,0.000,0.000,0.000
125264.000,36.000,603158.000,0.000,2664.000,0.000,0.000,0.000,0.000
125274.000,35.000,603193.000,0.000,2880.000,0.000,0.000,0.000,0.000
125284.000,36.000,603229.000,0.000,2736.000,0.000,0.000,0.000,0.000
125294.000,35.000,603264.000,0.000,2880.000,0.000,0.000,0.000,0.000
125304.000,36.000,603300.000,0.000,2736.000,0.000,0.000,0.000,0.000
125314.000,34.000,603334.000,0.000,2880.000,0.000,0.000,0.000,0.000
125324.000,36.000,603370.000,0.000,2664.000,0.000,0.000,0.000,0.000
125334.000,35.000,603405.000,0.000,2880.000,0.000,0.000,0.000,0.000
125344.000,36.000,603441.000,0.000,2736.000,0.000,0.000,0.000,0.000
125354.000,35.000,603476.000,0.000,2880.000,0.000,0.000,0.000,0.000
125364.000,35.000,603511.000,0.000,2736.000,0.000,0.000,0.000,0.000
125374.000,35.000,603546.000,0.000,2736.000,0.000,0.000,0.000,0.000
125384.000,36.000,603582.000,0.000,2736.000,0.000,0.000,0.000,0.000
125394.000,35.000,603617.000,0.000,2880.000,0.000,0.000,0.000,0.000
125404.000,35.000,603652.000,0.000,2736.000,0.000,0.000,0.000,0.000
125414.000,36.000,603688.000,0.000,2736.000,0.000,0.000,0.000,0.000
125424.000,35.000,603723.000,0.000,2880.000,0.000,0.000,0.000,0.000
125434.000,35.000,603758.000,0.000,2736.000,0.000,0.000,0.000,0.000
125444.000,35.000,603793.000,0.000,2736.000,0.000,0.000,0.000,0.000
125454.000,36.000,603829.000,0.000,2736.000,0.000,0.000,0.000,0.000
125464.000,35.000,603864.000,0.000,2880.000,0.000,0.000,0.000,0.000
125474.000,34.000,603898.000,0.000,2736.000,0.000,0.000,0.000,0.000
125484.000,36.000,603934.000,0.000,2664.000,0.000,0.000,0.000,0.000
125494.000,35.000,603969.000,0.000,2880.000,0.000,0.000,0.000,0.000
125504.000,36.000,604005.000,0.000,2736.000,0.000,0.000,0.000,0.000
125514.000,35.000,604040.000,0.000,2880.000,0.000,0.000,0.000,0.000
125524.000,34.000,604074.000,0.000,2736.000,0.000,0.000,0.000,0.000
125534.000,36.000,604110.000,0.000,2664.000,0.000,0.000,0.000,0.000
125544.000,35.000,604145.000,0.000,2880.000,0.000,0.000,0.000,0.000
125554.000,35.000,604180.000,0.000,2736.000,0.000,0.000,0.000,0.000
125564.000,36.000,604216.000,0.000,2736.000,0.000,0.000,0.000,0.000
125574.000,35.000,604251.000,0.000,2880.000,0.000,0.000,0.000,0.000
125584.000,35.000,604286.000,0.000,2736.000,0.000,0.000,0.000,0.000
125594.000,36.000,604322.000,0.000,2736.000,0.000,0.000,0.000,0.000
125604.000,35.000,604357.000,0.000,2880.000,0.000,0.000,0.000,0.000
125614.000,36.000,604393.000,0.000,2736.000,0.000,0.000,0.000,0.000
125624.000,35.000,604428.000,0.000,2880.000,0.000,0.000,0.000,0.000
125634.000,36.000,604464.000,0.000,2736.000,0.000,0.000,0.000,0.000
125644.000,34.000,604498.000,0.000,2880.000,0.000,0.000,0.000,0.000
125654.000,36.000,604534.000,0.000,2664.000,0.000,0.000,0.000,0.000
125664.000,35.000,604569.000,0.000,2880.000,0.000,0.000,0.000,0.000
125674.000,36.000,604605.000,0.000,2736.000,0.000,0.000,0.000,0.000
125684.000,35.000,604640.000,0.000,2880.000,0.000,0.000,0.000,0.000
125694.000,36.000,604676.000,0.000,2736.000,0.000,0.000,0.000,0.000
125704.000,34.000,604710.000,0.000,2880.000,0.000,0.000,0.000,0.000
125714.000,36.000,604746.000,0.000,2664.000,0.000,0.000,0.000,0.000
125724.000,35.000,604781.000,0.000,2880.000,0.000,0.000,0.000,0.000
125734.000,35.000,604816.000,0.000,2736.000,0.000,0.000,0.000,0.000
125744.000,35.000,604851.000,0.000,2736.000,0.000,0.000,0.000,0.000
125754.000,35.000,604886.000,0.000,2736.000,0.000,0.000,0.000,0.000
125764.000,36.000,604922.000,0.000,2736.000,0.000,0.000,0.000,0.000
125774.000,35.000,604957.000,0.000,2880.000,0.000,0.000,0.000,0.000
125784.000,36.000,604993.000,0.000,2736.000,0.000,0.000,0.000,0.000
125794.000,35.000,605028.000,0.000,2880.000,0.000,0.000,0.000,0.000
125804.000,36.000,605064.000,0.000,2736.000,0.000,0.000,0.000,0.000
125814.000,34.000,605098.000,0.000,2880.000,0.000,0.000,0.000,0.000
125824.000,36.000,605134.000,0.000,2664.000,0.000,0.000,0.000,0.000
125834.000,36.000,605170.000,0.000,2880.000,0.000,0.000,0.000,0.000
125844.000,35.000,605205.000,0.000,2880.000,0.000,0.000,0.000,0.000
125854.000,35.000,605240.000,0.000,2736.000,0.000,0.000,0.000,0.000
125864.000,36.000,605276.000,0.000,2736.000,0.000,0.000,0.000,0.000
125874.000,34.000,605310.000,0.000,2880.000,0.000,0.000,0.000,0.000
125884.000,36.000,605346.000,0.000,2664.000,0.000,0.000,0.000,0.000
125894.000,36.000,605382.000,0.000,2880.000,0.000,0.000,0.000,0.000
125904.000,35.000,605417.000,0.000,2880.000,0.000,0.000,0.000,0.000
125914.000,35.000,605452.000,0.000,2736.000,0.000,0.000,0.000,0.000
125924.000,36.000,605488.000,0.000,2736.000,0.000,0.000,0.000,0.000
125934.000,35.000,605523.000,0.000,2880.000,0.000,0.000,0.000,0.000
125944.000,35.000,605558.000,0.000,2736.000,0.000,0.000,0.000,0.000
125954.000,35.000,605593.000,0.000,2736.000,0.000,0.000,0.000,0.000
125964.000,36.000,605629.000,0.000,2736.000,0.000,0.000,0.000,0.000
125974.000,35.000,605664.000,0.000,2880.000,0.000,0.000,0.000,0.000
125984.000,36.000,605700.000,0.000,2736.000,0.000,0.000,0.000,0.000
125994.000,35.000,605735.000,0.000,2880.000,0.000,0.000,0.000,0.000
126004.000,35.000,605770.000,0.000,2736.000,0.000,0.000,0.000,0.000
126014.000,35.000,605805.000,0.000,2736.000,0.000,0.000,0.000,0.000
126024.000,36.000,605841.000,0.000,2736.000,0.000,0.000,0.000,0.000
126034.000,35.000,605876.000,0.000,2880.000,0.000,0.000,0.000,0.000
126044.000,36.000,605912.000,0.000,2736.000,0.000,0.000,0.000,0.000
126054.000,35.000,605947.000,0.000,2880.000,0.000,0.000,0.000,0.000
126064.000,35.000,605982.000,0.000,2736.000,0.000,0.000,0.000,0.000
126074.000,36.000,606018.000,0.000,2736.000,0.000,0.000,0.000,0.000
126084.000,35.000,606053.000,0.000,2880.000,0.000,0.000,0.000,0.000
126094.000,36.000,606089.000,0.000,2736.000,0.000,0.000,0.000,0.000
126104.000,35.000,606124.000,0.000,2880.000,0.000,0.000,0.000,0.000
126114.000,36.000,606160.000,0.000,2736.000,0.000,0.000,0.000,0.000
126124.000,34.000,606194.000,0.000,2880.000,0.000,0.000,0.000,0.000
126134.000,36.000,606230.000,0.000,2664.000,0.000,0.000,0.000,0.000
126144.000,35.000,606265.000,0.000,2880.000,0.000,0.000,0.000,0.000
126154.000,35.000,606300.000,0.000,2736.000,0.000,0.000,0.000,0.000
126164.000,36.000,606336.000,0.000,2736.000,0.000,0.000,0.000,0.000
126174.000,35.000,606371.000,0.000,2880.000,0.000,0.000,0.000,0.000
126184.000,35.000,606406.000,0.000,2736.000,0.000,0.000,0.000,0.000
126194.000,35.000,606441.000,0.000,2736.000,0.000,0.000,0.000,0.000
126204.000,36.000,606477.000,0.000,2736.000,0.000,0.000,0.000,0.000
126214.000,35.000,606512.000,0.000,2880.000,0.000,0.000,0.000,0.000
126224.000,35.000,606547.000,0.000,2736.000,0.000,0.000,0.000,0.000
126234.000,35.000,606582.000,0.000,2736.000,0.000,0.000,0.000,0.000
126244.000,36.000,606618.000,0.000,2736.000,0.000,0.000,0.000,0.000
126254.000,35.000,606653.000,0.000,2880.000,0.000,0.000,0.000,0.000
126264.000,35.000,606688.000,0.000,2736.000,0.000,0.000,0.000,0.000
126274.000,36.000,606724.000,0.000,2736.000,0.000,0.000,0.000,0.000
126284.000,35.000,606759.000,0.000,2880.000,0.000,0.000,0.000,0.000
126294.000,35.000,606794.000,0.000,2736.000,0.000,0.000,0.000,0.000
126304.000,36.000,606830.000,0.000,2736.000,0.000,0.000,0.000,0.000
126314.000,35.000,606865.000,0.000,2880.000,0.000,0.000,0.000,0.000
126324.000,35.000,606900.000,0.000,2736.000,0.000,0.000,0.000,0.000
126334.000,36.000,606936.000,0.000,2736.000,0.000,0.000,0.000,0.000
126344.000,35.000,606971.000,0.000,2880.000,0.000,0.000,0.000,0.000
126354.000,35.000,607006.000,0.000,2736.000,0.000,0.000,0.000,0.000
126364.000,36.000,607042.000,0.000,2736.000,0.000,0.000,0.000,0.000
126374.000,35.000,607077.000,0.000,2880.000,0.000,0.000,0.000,0.000
126384.000,36.000,607113.000,0.000,2736.000,0.000,0.000,0.000,0.000
126394.000,35.000,607148.000,0.000,2880.000,0.000,0.000,0.000,0.000
126404.000,36.000,607184.000,0.000,2736.000,0.000,0.000,0.000,0.000
126414.000,34.000,607218.000,0.000,2880.000,0.000,0.000,0.000,0.000
126424.000,36.000,607254.000,0.000,2664.000,0.000,0.000,0.000,0.000
126434.000,35.000,607289.000,0.000,2880.000,0.000,0.000,0.000,0.000
126444.000,36.000,607325.000,0.000,2736.000,0.000,0.000,0.000,0.000
126454.000,35.000,607360.000,0.000,2880.000,0.000,0.000,0.000,0.000
126464.000,35.000,607395.000,0.000,2736.000,0.000,0.000,0.000,0.000
126474.000,35.000,607430.000,0.000,2736.000,0.000,0.000,0.000,0.000
126484.000,36.000,607466.000,0.000,2736.000,0.000,0.000,0.000,0.000
126494.000,35.000,607501.000,0.000,2880.000,0.000,0.000,0.000,0.000
126504.000,35.000,607536.000,0.000,2736.000,0.000,0.000,0.000,0.000
126514.000,36.000,607572.000,0.000,2736.000,0.000,0.000,0.000,0.000
126524.000,36.000,607608.000,0.000,2880.000,0.000,0.000,0.000,0.000
126534.000,34.000,607642.000,0.000,2880.000,0.000,0.000,0.000,0.000
126544.000,36.000,607678.000,0.000,2664.000,0.000,0.000,0.000,0.000
126554.000,36.000,607714.000,0.000,2880.000,0.000,0.000,0.000,0.000
126564.000,35.000,607749.000,0.000,2880.000,0.000,0.000,0.000,0.000
126574.000,35.000,607784.000,0.000,2736.000,0.000,0.000,0.000,0.000
126584.000,36.000,607820.000,0.000,2736.000,0.000,0.000,0.000,0.000
126594.000,34.000,607854.000,0.000,2880.000,0.000,0.000,0.000,0.000
126604.000,36.000,607890.000,0.000,2664.000,0.000,0.000,0.000,0.000
126614.000,36.000,607926.000,0.000,2880.000,0.000,0.000,0.000,0.000
126624.000,35.000,607961.000,0.000,2880.000,0.000,0.000,0.000,0.000
126634.000,35.000,607996.000,0.000,2736.000,0.000,0.000,0.000,0.000
126644.000,36.000,608032.000,0.000,2736.000,0.000,0.000,0.000,0.000
126654.000,35.000,608067.000,0.000,2880.000,0.000,0.000,0.000,0.000
126664.000,35.000,608102.000,0.000,2736.000,0.000,0.000,0.000,0.000
126674.000,35.000,608137.000,0.000,2736.000,0.000,0.000,0.000,0.000
126684.000,36.000,608173.000,0.000,2736.000,0.000,0.000,0.000,0.000
126694.000,35.000,608208.000,0.000,2880.000,0.000,0.000,0.000,0.000
126704.000,36.000,608244.000,0.000,2736.000,0.000,0.000,0.000,0.000
126714.000,35.000,608279.000,0.000,2880.000,0.000,0.000,0.000,0.000
126724.000,35.000,608314.000,0.000,2736.000,0.000,0.000,0.000,0.000
126734.000,35.000,608349.000,0.000,2736.000,0.000,0.000,0.000,0.000
126744.000,36.000,608385.000,0.000,2736.000,0.000,0.000,0.000,0.000
126754.000,35.000,608420.000,0.000,2880.000,0.000,0.000,0.000,0.000
126764.000,34.000,608454.000,0.000,2736.000,0.000,0.000,0.000,0.000
126774.000,36.000,608490.000,0.000,2664.000,0.000,0.000,0.000,0.000
126784.000,36.000,608526.000,0.000,2880.000,0.000,0.000,0.000,0.000
126794.000,35.000,608561.000,0.000,2880.000,0.000,0.000,0.000,0.000
126804.000,35.000,608596.000,0.000,2736.000,0.000,0.000,0.000,0.000
126814.000,36.000,608632.000,0.000,2736.000,0.000,0.000,0.000,0.000
126824.000,35.000,608667.000,0.000,2880.000,0.000,0.000,0.000,0.000
126834.000,35.000,608702.000,0.000,2736.000,0.000,0.000,0.000,0.000
126844.000,35.000,608737.000,0.000,2736.000,0.000,0.000,0.000,0.000
126854.000,36.000,608773.000,0.000,2736.000,0.000,0.000,0.000,0.000
126864.000,35.000,608808.000,0.000,2880.000,0.000,0.000,0.000,0.000
126874.000,35.000,608843.000,0.000,2736.000,0.000,0.000,0.000,0.000
126884.000,35.000,608878.000,0.000,2736.000,0.000,0.000,0.000,0.000
126894.000,36.000,608914.000,0.000,2736.000,0.000,0.000,0.000,0.000
126904.000,35.000,608949.000,0.000,2880.000,0.000,0.000,0.000,0.000
126914.000,36.000,608985.000,0.000,2736.000,0.000,0.000,0.000,0.000
126924.000,35.000,609020.000,0.000,2880.000,0.000,0.000,0.000,0.000
126934.000,36.000,609056.000,0.000,2736.000,0.000,0.000,0.000,0.000
126944.000,34.000,609090.000,0.000,2880.000,0.000,0.000,0.000,0.000
126954.000,36.000,609126.000,0.000,2664.000,0.000,0.000,0.000,0.000
126964.000,35.000,609161.000,0.000,2880.000,0.000,0.000,0.000,0.000
126974.000,36.000,609197.000,0.000,2736.000,0.000,0.000,0.000,0.000
126984.000,35.000,609232.000,0.000,2880.000,0.000,0.000,0.000,0.000
126994.000,36.000,609268.000,0.000,2736.000,0.000,0.000,0.000,0.000
127004.000,34.000,609302.000,0.000,2880.000,0.000,0.000,0.000,0.000
127014.000,36.000,609338.000,0.000,2664.000,0.000,0.000,0.000,0.000
127024.000,35.000,609373.000,0.000,2880.000,0.000,0.000,0.000,0.000
127034.000,35.000,609408.000,0.000,2736.000,0.000,0.000,0.000,0.000
127044.000,36.000,609444.000,0.000,2736.000,0.000,0.000,0.000,0.000
127054.000,36.000,609480.000,0.000,2880.000,0.000,0.000,0.000,0.000
127064.000,34.000,609514.000,0.000,2880.000,0.000,0.000,0.000,0.000
127074.000,36.000,609550.000,0.000,2664.000,0.000,0.000,0.000,0.000
127084.000,35.000,609585.000,0.000,2880.000,0.000,0.000,0.000,0.000
127094.000,35.000,609620.000,0.000,2736.000,0.000,0.000,0.000,0.000
127104.000,36.000,609656.000,0.000,2736.000,0.000,0.000,0.000,0.000
127114.000,35.000,609691.000,0.000,2880.000,0.000,0.000,0.000,0.000
127124.000,35.000,609726.000,0.000,2736.000,0.000,0.000,0.000,0.000
127134.000,35.000,609761.000,0.000,2736.000,0.000,0.000,0.000,0.000
127144.000,36.000,609797.000,0.000,2736.000,0.000,0.000,0.000,0.000
127154.000,35.000,609832.000,0.000,2880.000,0.000,0.000,0.000,0.000
127164.000,36.000,609868.000,0.000,2736.000,0.000,0.000,0.000,0.000
127174.000,35.000,609903.000,0.000,2880.000,0.000,0.000,0.000,0.000
127184.000,35.000,609938.000,0.000,2736.000,0.000,0.000,0.000,0.000
127194.000,36.000,609974.000,0.000,2736.000,0.000,0.000,0.000,0.000
127204.000,35.000,610009.000,0.000,2880.000,0.000,0.000,0.000,0.000
127214.000,36.000,610045.000,0.000,2736.000,0.000,0.000,0.000,0.000
127224.000,35.000,610080.000,0.000,2880.000,0.000,0.000,0.000,0.000
127234.000,36.000,610116.000,0.000,2736.000,0.000,0.000,0.000,0.000
127244.000,34.000,610150.000,0.000,2880.000,0.000,0.000,0.000,0.000
127254.000,36.000,610186.000,0.000,2664.000,0.000,0.000,0.000,0.000
127264.000,35.000,610221.000,0.000,2880.000,0.000,0.000,0.000,0.000
127274.000,36.000,610257.000,0.000,2736.000,0.000,0.000,0.000,0.000
127284.000,35.000,610292.000,0.000,2880.000,0.000,0.000,0.000,0.000
127294.000,36.000,610328.000,0.000,2736.000,0.000,0.000,0.000,0.000
127304.000,35.000,610363.000,0.000,2880.000,0.000,0.000,0.000,0.000
127314.000,35.000,610398.000,0.000,2736.000,0.000,0.000,0.000,0.000
127324.000,35.000,610433.000,0.000,2736.000,0.000,0.000,0.000,0.000
127334.000,36.000,610469.000,0.000,2736.000,0.000,0.000,0.000,0.000
127344.000,35.000,610504.000,0.000,2880.000,0.000,0.000,0.000,0.000
127354.000,36.000,610540.000,0.000,2736.000,0.000,0.000,0.000,0.000
127364.000,36.000,610576.000,0.000,2880.000,0.000,0.000,0.000,0.000
127374.000,35.000,610611.000,0.000,2880.000,0.000,0.000,0.000,0.000
127384.000,35.000,610646.000,0.000,2736.000,0.000,0.000,0.000,0.000
127394.000,35.000,610681.000,0.000,2736.000,0.000,0.000,0.000,0.000
127404.000,36.000,610717.000,0.000,2736.000,0.000,0.000,0.000,0.000
127414.000,35.000,610752.000,0.000,2880.000,0.000,0.000,0.000,0.000
127424.000,36.000,610788.000,0.000,2736.000,0.000,0.000,0.000,0.000
127434.000,35.000,610823.000,0.000,2880.000,0.000,0.000,0.000,0.000
127444.000,35.000,610858.000,0.000,2736.000,0.000,0.000,0.000,0.000
127454.000,35.000,610893.000,0.000,2736.000,0.000,0.000,0.000,0.000
127464.000,36.000,610929.000,0.000,2736.000,0.000,0.000,0.000,0.000
127474.000,35.000,610964.000,0.000,2880.000,0.000,0.000,0.000,0.000
127484.000,36.000,611000.000,0.000,2736.000,0.000,0.000,0.000,0.000
127494.000,34.000,611034.000,0.000,2880.000,0.000,0.000,0.000,0.000
127504.000,36.000,611070.000,0.000,2664.000,0.000,0.000,0.000,0.000
127514.000,35.000,611105.000,0.000,2880.000,0.000,0.000,0.000,0.000
127524.000,35.000,611140.000,0.000,2736.000,0.000,0.000,0.000,0.000
127534.000,36.000,611176.000,0.000,2736.000,0.000,0.000,0.000,0.000
127544.000,35.000,611211.000,0.000,2880.000,0.000,0.000,0.000,0.000
127554.000,35.000,611246.000,0.000,2736.000,0.000,0.000,0.000,0.000
127564.000,36.000,611282.000,0.000,2736.000,0.000,0.000,0.000,0.000
127574.000,35.000,611317.000,0.000,2880.000,0.000,0.000,0.000,0.000
127584.000,36.000,611353.000,0.000,2736.000,0.000,0.000,0.000,0.000
127594.000,35.000,611388.000,0.000,2880.000,0.000,0.000,0.000,0.000
127604.000,35.000,611423.000,0.000,2736.000,0.000,0.000,0.000,0.000
127614.000,35.000,611458.000,0.000,2736.000,0.000,0.000,0.000,0.000
127624.000,36.000,611494.000,0.000,2736.000,0.000,0.000,0.000,0.000
127634.000,35.000,611529.000,0.000,2880.000,0.000,0.000,0.000,0.000
127644.000,36.000,611565.000,0.000,2736.000,0.000,0.000,0.000,0.000
127654.000,35.000,611600.000,0.000,2880.000,0.000,0.000,0.000,0.000
127664.000,36.000,611636.000,0.000,2736.000,0.000,0.000,0.000,0.000
127674.000,34.000,611670.000,0.000,2880.000,0.000,0.000,0.000,0.000
127684.000,36.000,611706.000,0.000,2664.000,0.000,0.000,0.000,0.000
127694.000,35.000,611741.000,0.000,2880.000,0.000,0.000,0.000,0.000
127704.000,36.000,611777.000,0.000,2736.000,0.000,0.000,0.000,0.000
127714.000,35.000,611812.000,0.000,2880.000,0.000,0.000,0.000,0.000
127724.000,35.000,611847.000,0.000,2736.000,0.000,0.000,0.000,0.000
127734.000,35.000,611882.000,0.000,2736.000,0.000,0.000,0.000,0.000
127744.000,36.000,611918.000,0.000,2736.000,0.000,0.000,0.000,0.000
127754.000,35.000,611953.000,0.000,2880.000,0.000,0.000,0.000,0.000
127764.000,36.000,611989.000,0.000,2736.000,0.000,0.000,0.000,0.000
127774.000,35.000,612024.000,0.000,2880.000,0.000,0.000,0.000,0.000
127784.000,35.000,612059.000,0.000,2736.000,0.000,0.000,0.000,0.000
127794.000,35.000,612094.000,0.000,2736.000,0.000,0.000,0.000,0.000
127804.000,36.000,612130.000,0.000,2736.000,0.000,0.000,0.000,0.000
127814.000,35.000,612165.000,0.000,2880.000,0.000,0.000,0.000,0.000
127824.000,36.000,612201.000,0.000,2736.000,0.000,0.000,0.000,0.000
127834.000,35.000,612236.000,0.000,2880.000,0.000,0.000,0.000,0.000
127844.000,36.000,612272.000,0.000,2736.000,0.000,0.000,0.000,0.000
127854.000,35.000,612307.000,0.000,2880.000,0.000,0.000,0.000,0.000
127864.000,35.000,612342.000,0.000,2736.000,0.000,0.000,0.000,0.000
127874.000,36.000,612378.000,0.000,2736.000,0.000,0.000,0.000,0.000
127884.000,35.000,612413.000,0.000,2880.000,0.000,0.000,0.000,0.000
127894.000,36.000,612449.000,0.000,2736.000,0.000,0.000,0.000,0.000
127904.000,35.000,612484.000,0.000,2880.000,0.000,0.000,0.000,0.000
127914.000,36.000,612520.000,0.000,2736.000,0.000,0.000,0.000,0.000
127924.000,35.000,612555.000,0.000,2880.000,0.000,0.000,0.000,0.000
127934.000,35.000,612590.000,0.000,2736.000,0.000,0.000,0.000,0.000
127944.000,35.000,612625.000,0.000,2736.000,0.000,0.000,0.000,0.000
127954.000,36.000,612661.000,0.000,2736.000,0.000,0.000,0.000,0.000
127964.000,36.000,612697.000,0.000,2880.000,0.000,0.000,0.000,0.000
127974.000,35.000,612732.000,0.000,2880.000,0.000,0.000,0.000,0.000
127984.000,35.000,612767.000,0.000,2736.000,0.000,0.000,0.000,0.000
127994.000,35.000,612802.000,0.000,2736.000,0.000,0.000,0.000,0.000
128004.000,35.000,612837.000,0.000,2736.000,0.000,0.000,0.000,0.000
128014.000,36.000,612873.000,0.000,2736.000,0.000,0.000,0.000,0.000
128024.000,35.000,612908.000,0.000,2880.000,0.000,0.000,0.000,0.000
128034.000,36.000,612944.000,0.000,2736.000,0.000,0.000,0.000,0.000
128044.000,35.000,612979.000,0.000,2880.000,0.000,0.000,0.000,0.000
128054.000,35.000,613014.000,0.000,2736.000,0.000,0.000,0.000,0.000
128064.000,36.000,613050.000,0.000,2736.000,0.000,0.000,0.000,0.000
128074.000,35.000,613085.000,0.000,2880.000,0.000,0.000,0.000,0.000
128084.000,36.000,613121.000,0.000,2736.000,0.000,0.000,0.000,0.000
128094.000,35.000,613156.000,0.000,2880.000,0.000,0.000,0.000,0.000
128104.000,36.000,613192.000,0.000,2736.000,0.000,0.000,0.000,0.000
128114.000,35.000,613227.000,0.000,2880.000,0.000,0.000,0.000,0.000
128124.000,35.000,613262.000,0.000,2736.000,0.000,0.000,0.000,0.000
128134.000,36.000,613298.000,0.000,2736.000,0.000,0.000,0.000,0.000
128144.000,35.000,613333.000,0.000,2880.000,0.000,0.000,0.000,0.000
128154.000,36.000,613369.000,0.000,2736.000,0.000,0.000,0.000,0.000
128164.000,35.000,613404.000,0.000,2880.000,0.000,0.000,0.000,0.000
128174.000,35.000,613439.000,0.000,2736.000,0.000,0.000,0.000,0.000
128184.000,35.000,613474.000,0.000,2736.000,0.000,0.000,0.000,0.000
128194.000,36.000,613510.000,0.000,2736.000,0.000,0.000,0.000,0.000
128204.000,35.000,613545.000,0.000,2880.000,0.000,0.000,0.000,0.000
128214.000,36.000,613581.000,0.000,2736.000,0.000,0.000,0.000,0.000
128224.000,35.000,613616.000,0.000,2880.000,0.000,0.000,0.000,0.000
128234.000,35.000,613651.000,0.000,2736.000,0.000,0.000,0.000,0.000
128244.000,35.000,613686.000,0.000,2736.000,0.000,0.000,0.000,0.000
128254.000,36.000,613722.000,0.000,2736.000,0.000,0.000,0.000,0.000
128264.000,35.000,613757.000,0.000,2880.000,0.000,0.000,0.000,0.000
128274.000,36.000,613793.000,0.000,2736.000,0.000,0.000,0.000,0.000
128284.000,35.000,613828.000,0.000,2880.000,0.000,0.000,0.000,0.000
128294.000,36.000,613864.000,0.000,2736.000,0.000,0.000,0.000,0.000
128304.000,35.000,613899.000,0.000,2880.000,0.000,0.000,0.000,0.000
128314.000,35.000,613934.000,0.000,2736.000,0.000,0.000,0.000,0.000
128324.000,36.000,613970.000,0.000,2736.000,0.000,0.000,0.000,0.000
128334.000,35.000,614005.000,0.000,2880.000,0.000,0.000,0.000,0.000
128344.000,36.000,614041.000,0.000,2736.000,0.000,0.000,0.000,0.000
128354.000,35.000,614076.000,0.000,2880.000,0.000,0.000,0.000,0.000
128364.000,35.000,614111.000,0.000,2736.000,0.000,0.000,0.000,0.000
128374.000,35.000,614146.000,0.000,2736.000,0.000,0.000,0.000,0.000
128384.000,36.000,614182.000,0.000,2736.000,0.000,0.000,0.000,0.000
128394.000,35.000,614217.000,0.000,2880.000,0.000,0.000,0.000,0.000
128404.000,36.000,614253.000,0.000,2736.000,0.000,0.000,0.000,0.000
128414.000,35.000,614288.000,0.000,2880.000,0.000,0.000,0.000,0.000
128424.000,35.000,614323.000,0.000,2736.000,0.000,0.000,0.000,0.000
128434.000,35.000,614358.000,0.000,2736.000,0.000,0.000,0.000,0.000
128444.000,36.000,614394.000,0.000,2736.000,0.000,0.000,0.000,0.000
128454.000,35.000,614429.000,0.000,2880.000,0.000,0.000,0.000,0.000
128464.000,35.000,614464.000,0.000,2736.000,0.000,0.000,0.000,0.000
128474.000,36.000,614500.000,0.000,2736.000,0.000,0.000,0.000,0.000
128484.000,35.000,614535.000,0.000,2880.000,0.000,0.000,0.000,0.000
128494.000,35.000,614570.000,0.000,2736.000,0.000,0.000,0.000,0.000
128504.000,36.000,614606.000,0.000,2736.000,0.000,0.000,0.000,0.000
128514.000,35.000,614641.000,0.000,2880.000,0.000,0.000,0.000,0.000
128524.000,35.000,614676.000,0.000,2736.000,0.000,0.000,0.000,0.000
128534.000,36.000,614712.000,0.000,2736.000,0.000,0.000,0.000,0.000
128544.000,35.000,614747.000,0.000,2880.000,0.000,0.000,0.000,0.000
128554.000,36.000,614783.000,0.000,2736.000,0.000,0.000,0.000,0.000
128564.000,35.000,614818.000,0.000,2880.000,0.000,0.000,0.000,0.000
128574.000,36.000,614854.000,0.000,2736.000,0.000,0.000,0.000,0.000
128584.000,35.000,614889.000,0.000,2880.000,0.000,0.000,0.000,0.000
128594.000,36.000,614925.000,0.000,2736.000,0.000,0.000,0.000,0.000
128604.000,36.000,614961.000,0.000,2880.000,0.000,0.000,0.000,0.000
128614.000,35.000,614996.000,0.000,2880.000,0.000,0.000,0.000,0.000
128624.000,36.000,615032.000,0.000,2736.000,0.000,0.000,0.000,0.000
128634.000,34.000,615066.000,0.000,2880.000,0.000,0.000,0.000,0.000
128644.000,36.000,615102.000,0.000,2664.000,0.000,0.000,0.000,0.000
128654.000,35.000,615137.000,0.000,2880.000,0.000,0.000,0.000,0.000
128664.000,36.000,615173.000,0.000,2736.000,0.000,0.000,0.000,0.000
128674.000,35.000,615208.000,0.000,2880.000,0.000,0.000,0.000,0.000
128684.000,36.000,615244.000,0.000,2736.000,0.000,0.000,0.000,0.000
128694.000,35.000,615279.000,0.000,2880.000,0.000,0.000,0.000,0.000
128704.000,35.000,615314.000,0.000,2736.000,0.000,0.000,0.000,0.000
128714.000,36.000,615350.000,0.000,2736.000,0.000,0.000,0.000,0.000
128724.000,35.000,615385.000,0.000,2880.000,0.000,0.000,0.000,0.000
128734.000,36.000,615421.000,0.000,2736.000,0.000,0.000,0.000,0.000
128744.000,35.000,615456.000,0.000,2880.000,0.000,0.000,0.000,0.000
128754.000,36.000,615492.000,0.000,2736.000,0.000,0.000,0.000,0.000
128764.000,34.000,615526.000,0.000,2880.000,0.000,0.000,0.000,0.000
128774.000,36.000,615562.000,0.000,2664.000,0.000,0.000,0.000,0.000
128784.000,35.000,615597.000,0.000,2880.000,0.000,0.000,0.000,0.000
128794.000,36.000,615633.000,0.000,2736.000,0.000,0.000,0.000,0.000
128804.000,35.000,615668.000,0.000,2880.000,0.000,0.000,0.000,0.000
128814.000,34.000,615702.000,0.000,2736.000,0.000,0.000,0.000,0.000
128824.000,36.000,615738.000,0.000,2664.000,0.000,0.000,0.000,0.000
128834.000,36.000,615774.000,0.000,2880.000,0.000,0.000,0.000,0.000
128844.000,35.000,615809.000,0.000,2880.000,0.000,0.000,0.000,0.000
128854.000,36.000,615845.000,0.000,2736.000,0.000,0.000,0.000,0.000
128864.000,35.000,615880.000,0.000,2880.000,0.000,0.000,0.000,0.000
128874.000,36.000,615916.000,0.000,2736.000,0.000,0.000,0.000,0.000
128884.000,34.000,615950.000,0.000,2880.000,0.000,0.000,0.000,0.000
128894.000,36.000,615986.000,0.000,2664.000,0.000,0.000,0.000,0.000
128904.000,36.000,616022.000,0.000,2880.000,0.000,0.000,0.000,0.000
128914.000,35.000,616057.000,0.000,2880.000,0.000,0.000,0.000,0.000
128924.000,35.000,616092.000,0.000,2736.000,0.000,0.000,0.000,0.000
128934.000,36.000,616128.000,0.000,2736.000,0.000,0.000,0.000,0.000
128944.000,34.000,616162.000,0.000,2880.000,0.000,0.000,0.000,0.000
128954.000,36.000,616198.000,0.000,2664.000,0.000,0.000,0.000,0.000
128964.000,36.000,616234.000,0.000,2880.000,0.000,0.000,0.000,0.000
128974.000,35.000,616269.000,0.000,2880.000,0.000,0.000,0.000,0.000
128984.000,35.000,616304.000,0.000,2736.000,0.000,0.000,0.000,0.000
128994.000,35.000,616339.000,0.000,2736.000,0.000,0.000,0.000,0.000
129004.000,35.000,616374.000,0.000,2736.000,0.000,0.000,0.000,0.000
129014.000,36.000,616410.000,0.000,2736.000,0.000,0.000,0.000,0.000
129024.000,35.000,616445.000,0.000,2880.000,0.000,0.000,0.000,0.000
129034.000,36.000,616481.000,0.000,2736.000,0.000,0.000,0.000,0.000
129044.000,35.000,616516.000,0.000,2880.000,0.000,0.000,0.000,0.000
129054.000,36.000,616552.000,0.000,2736.000,0.000,0.000,0.000,0.000
129064.000,35.000,616587.000,0.000,2880.000,0.000,0.000,0.000,0.000
129074.000,35.000,616622.000,0.000,2736.000,0.000,0.000,0.000,0.000
129084.000,36.000,616658.000,0.000,2736.000,0.000,0.000,0.000,0.000
129094.000,35.000,616693.000,0.000,2880.000,0.000,0.000,0.000,0.000
129104.000,36.000,616729.000,0.000,2736.000,0.000,0.000,0.000,0.000
129114.000,35.000,616764.000,0.000,2880.000,0.000,0.000,0.000,0.000
129124.000,36.000,616800.000,0.000,2736.000,0.000,0.000,0.000,0.000
129134.000,35.000,616835.000,0.000,2880.000,0.000,0.000,0.000,0.000
129144.000,35.000,616870.000,0.000,2736.000,0.000,0.000,0.000,0.000
129154.000,36.000,616906.000,0.000,2736.000,0.000,0.000,0.000,0.000
129164.000,35.000,616941.000,0.000,2880.000,0.000,0.000,0.000,0.000
129174.000,36.000,616977.000,0.000,2736.000,0.000,0.000,0.000,0.000
129184.000,35.000,617012.000,0.000,2880.000,0.000,0.000,0.000,0.000
129194.000,36.000,617048.000,0.000,2736.000,0.000,0.000,0.000,0.000
129204.000,35.000,617083.000,0.000,2880.000,0.000,0.000,0.000,0.000
129214.000,35.000,617118.000,0.000,2736.000,0.000,0.000,0.000,0.000
129224.000,36.000,617154.000,0.000,2736.000,0.000,0.000,0.000,0.000
129234.000,35.000,617189.000,0.000,2880.000,0.000,0.000,0.000,0.000
129244.000,35.000,617224.000,0.000,2736.000,0.000,0.000,0.000,0.000
129254.000,36.000,617260.000,0.000,2736.000,0.000,0.000,0.000,0.000
129264.000,36.000,617296.000,0.000,2880.000,0.000,0.000,0.000,0.000
129274.000,35.000,617331.000,0.000,2880.000,0.000,0.000,0.000,0.000
129284.000,35.000,617366.000,0.000,2736.000,0.000,0.000,0.000,0.000
129294.000,35.000,617401.000,0.000,2736.000,0.000,0.000,0.000,0.000
129304.000,36.000,617437.000,0.000,2736.000,0.000,0.000,0.000,0.000
129314.000,35.000,617472.000,0.000,2880.000,0.000,0.000,0.000,0.000
129324.000,36.000,617508.000,0.000,2736.000,0.000,0.000,0.000,0.000
129334.000,36.000,617544.000,0.000,2880.000,0.000,0.000,0.000,0.000
129344.000,34.000,617578.000,0.000,2880.000,0.000,0.000,0.000,0.000
129354.000,36.000,617614.000,0.000,2664.000,0.000,0.000,0.000,0.000
129364.000,36.000,617650.000,0.000,2880.000,0.000,0.000,0.000,0.000
129374.000,35.000,617685.000,0.000,2880.000,0.000,0.000,0.000,0.000
129384.000,36.000,617721.000,0.000,2736.000,0.000,0.000,0.000,0.000
129394.000,35.000,617756.000,0.000,2880.000,0.000,0.000,0.000,0.000
129404.000,36.000,617792.000,0.000,2736.000,0.000,0.000,0.000,0.000
129414.000,35.000,617827.000,0.000,2880.000,0.000,0.000,0.000,0.000
129424.000,35.000,617862.000,0.000,2736.000,0.000,0.000,0.000,0.000
129434.000,36.000,617898.000,0.000,2736.000,0.000,0.000,0.000,0.000
129444.000,35.000,617933.000,0.000,2880.000,0.000,0.000,0.000,0.000
129454.000,36.000,617969.000,0.000,2736.000,0.000,0.000,0.000,0.000
129464.000,35.000,618004.000,0.000,2880.000,0.000,0.000,0.000,0.000
129474.000,35.000,618039.000,0.000,2736.000,0.000,0.000,0.000,0.000
129484.000,35.000,618074.000,0.000,2736.000,0.000,0.000,0.000,0.000
129494.000,36.000,618110.000,0.000,2736.000,0.000,0.000,0.000,0.000
129504.000,35.000,618145.000,0.000,2880.000,0.000,0.000,0.000,0.000
129514.000,35.000,618180.000,0.000,2736.000,0.000,0.000,0.000,0.000
129524.000,36.000,618216.000,0.000,2736.000,0.000,0.000,0.000,0.000
129534.000,34.000,618250.000,0.000,2880.000,0.000,0.000,0.000,0.000
129544.000,36.000,618286.000,0.000,2664.000,0.000,0.000,0.000,0.000
129554.000,36.000,618322.000,0.000,2880.000,0.000,0.000,0.000,0.000
129564.000,35.000,618357.000,0.000,2880.000,0.000,0.000,0.000,0.000
129574.000,35.000,618392.000,0.000,2736.000,0.000,0.000,0.000,0.000
129584.000,36.000,618428.000,0.000,2736.000,0.000,0.000,0.000,0.000
129594.000,36.000,618464.000,0.000,2880.000,0.000,0.000,0.000,0.000
129604.000,34.000,618498.000,0.000,2880.000,0.000,0.000,0.000,0.000
129614.000,36.000,618534.000,0.000,2664.000,0.000,0.000,0.000,0.000
129624.000,35.000,618569.000,0.000,2880.000,0.000,0.000,0.000,0.000
129634.000,36.000,618605.000,0.000,2736.000,0.000,0.000,0.000,0.000
129644.000,36.000,618641.000,0.000,2880.000,0.000,0.000,0.000,0.000
129654.000,35.000,618676.000,0.000,2880.000,0.000,0.000,0.000,0.000
129664.000,36.000,618712.000,0.000,2736.000,0.000,0.000,0.000,0.000
129674.000,34.000,618746.000,0.000,2880.000,0.000,0.000,0.000,0.000
129684.000,36.000,618782.000,0.000,2664.000,0.000,0.000,0.000,0.000
129694.000,35.000,618817.000,0.000,2880.000,0.000,0.000,0.000,0.000
129704.000,35.000,618852.000,0.000,2736.000,0.000,0.000,0.000,0.000
129714.000,36.000,618888.000,0.000,2736.000,0.000,0.000,0.000,0.000
129724.000,34.000,618922.000,0.000,2880.000,0.000,0.000,0.000,0.000
129734.000,36.000,618958.000,0.000,2664.000,0.000,0.000,0.000,0.000
129744.000,36.000,618994.000,0.000,2880.000,0.000,0.000,0.000,0.000
129754.000,35.000,619029.000,0.000,2880.000,0.000,0.000,0.000,0.000
129764.000,35.000,619064.000,0.000,2736.000,0.000,0.000,0.000,0.000
129774.000,35.000,619099.000,0.000,2736.000,0.000,0.000,0.000,0.000
129784.000,35.000,619134.000,0.000,2736.000,0.000,0.000,0.000,0.000
129794.000,35.000,619169.000,0.000,2736.000,0.000,0.000,0.000,0.000
129804.000,36.000,619205.000,0.000,2736.000,0.000,0.000,0.000,0.000
129814.000,35.000,619240.000,0.000,2880.000,0.000,0.000,0.000,0.000
129824.000,36.000,619276.000,0.000,2736.000,0.000,0.000,0.000,0.000
129834.000,35.000,619311.000,0.000,2880.000,0.000,0.000,0.000,0.000
129844.000,35.000,619346.000,0.000,2736.000,0.000,0.000,0.000,0.000
129854.000,36.000,619382.000,0.000,2736.000,0.000,0.000,0.000,0.000
129864.000,36.000,619418.000,0.000,2880.000,0.000,0.000,0.000,0.000
129874.000,35.000,619453.000,0.000,2880.000,0.000,0.000,0.000,0.000
129884.000,36.000,619489.000,0.000,2736.000,0.000,0.000,0.000,0.000
129894.000,35.000,619524.000,0.000,2880.000,0.000,0.000,0.000,0.000
129904.000,36.000,619560.000,0.000,2736.000,0.000,0.000,0.000,0.000
129914.000,35.000,619595.000,0.000,2880.000,0.000,0.000,0.000,0.000
129924.000,35.000,619630.000,0.000,2736.000,0.000,0.000,0.000,0.000
129934.000,36.000,619666.000,0.000,2736.000,0.000,0.000,0.000,0.000
129944.000,35.000,619701.000,0.000,2880.000,0.000,0.000,0.000,0.000
129954.000,36.000,619737.000,0.000,2736.000,0.000,0.000,0.000,0.000
129964.000,35.000,619772.000,0.000,2880.000,0.000,0.000,0.000,0.000
129974.000,36.000,619808.000,0.000,2736.000,0.000,0.000,0.000,0.000
129984.000,35.000,619843.000,0.000,2880.000,0.000,0.000,0.000,0.000
129994.000,35.000,619878.000,0.000,2736.000,0.000,0.000,0.000,0.000
130004.000,36.000,619914.000,0.000,2736.000,0.000,0.000,0.000,0.000
130014.000,35.000,619949.000,0.000,2880.000,0.000,0.000,0.000,0.000
130024.000,36.000,619985.000,0.000,2736.000,0.000,0.000,0.000,0.000
130034.000,35.000,620020.000,0.000,2880.000,0.000,0.000,0.000,0.000
130044.000,35.000,620055.000,0.000,2736.000,0.000,0.000,0.000,0.000
130054.000,35.000,620090.000,0.000,2736.000,0.000,0.000,0.000,0.000
130064.000,36.000,620126.000,0.000,2736.000,0.000,0.000,0.000,0.000
130074.000,35.000,620161.000,0.000,2880.000,0.000,0.000,0.000,0.000
130084.000,36.000,620197.000,0.000,2736.000,0.000,0.000,0.000,0.000
130094.000,35.000,620232.000,0.000,2880.000,0.000,0.000,0.000,0.000
130104.000,36.000,620268.000,0.000,2736.000,0.000,0.000,0.000,0.000
130114.000,35.000,620303.000,0.000,2880.000,0.000,0.000,0.000,0.000
130124.000,35.000,620338.000,0.000,2736.000,0.000,0.000,0.000,0.000
130134.000,36.000,620374.000,0.000,2736.000,0.000,0.000,0.000,0.000
130144.000,35.000,620409.000,0.000,2880.000,0.000,0.000,0.000,0.000
130154.000,36.000,620445.000,0.000,2736.000,0.000,0.000,0.000,0.000
130164.000,35.000,620480.000,0.000,2880.000,0.000,0.000,0.000,0.000
130174.000,36.000,620516.000,0.000,2736.000,0.000,0.000,0.000,0.000
130184.000,34.000,620550.000,0.000,2880.000,0.000,0.000,0.000,0.000
130194.000,36.000,620586.000,0.000,2664.000,0.000,0.000,0.000,0.000
130204.000,36.000,620622.000,0.000,2880.000,0.000,0.000,0.000,0.000
130214.000,35.000,620657.000,0.000,2880.000,0.000,0.000,0.000,0.000
130224.000,35.000,620692.000,0.000,2736.000,0.000,0.000,0.000,0.000
130234.000,36.000,620728.000,0.000,2736.000,0.000,0.000,0.000,0.000
130244.000,35.000,620763.000,0.000,2880.000,0.000,0.000,0.000,0.000
130254.000,35.000,620798.000,0.000,2736.000,0.000,0.000,0.000,0.000
130264.000,35.000,620833.000,0.000,2736.000,0.000,0.000,0.000,0.000
130274.000,36.000,620869.000,0.000,2736.000,0.000,0.000,0.000,0.000
130284.000,35.000,620904.000,0.000,2880.000,0.000,0.000,0.000,0.000
130294.000,35.000,620939.000,0.000,2736.000,0.000,0.000,0.000,0.000
130304.000,35.000,620974.000,0.000,2736.000,0.000,0.000,0.000,0.000
130314.000,36.000,621010.000,0.000,2736.000,0.000,0.000,0.000,0.000
130324.000,35.000,621045.000,0.000,2880.000,0.000,0.000,0.000,0.000
130334.000,35.000,621080.000,0.000,2736.000,0.000,0.000,0.000,0.000
130344.000,36.000,621116.000,0.000,2736.000,0.000,0.000,0.000,0.000
130354.000,36.000,621152.000,0.000,2880.000,0.000,0.000,0.000,0.000
130364.000,34.000,621186.000,0.000,2880.000,0.000,0.000,0.000,0.000
130374.000,36.000,621222.000,0.000,2664.000,0.000,0.000,0.000,0.000
130384.000,35.000,621257.000,0.000,2880.000,0.000,0.000,0.000,0.000
130394.000,36.000,621293.000,0.000,2736.000,0.000,0.000,0.000,0.000
130404.000,35.000,621328.000,0.000,2880.000,0.000,0.000,0.000,0.000
130414.000,36.000,621364.000,0.000,2736.000,0.000,0.000,0.000,0.000
130424.000,35.000,621399.000,0.000,2880.000,0.000,0.000,0.000,0.000
130434.000,35.000,621434.000,0.000,2736.000,0.000,0.000,0.000,0.000
130444.000,36.000,621470.000,0.000,2736.000,0.000,0.000,0.000,0.000
130454.000,35.000,621505.000,0.000,2880.000,0.000,0.000,0.000,0.000
130464.000,36.000,621541.000,0.000,2736.000,0.000,0.000,0.000,0.000
130474.000,35.000,621576.000,0.000,2880.000,0.000,0.000,0.000,0.000
130484.000,34.000,621610.000,0.000,2736.000,0.000,0.000,0.000,0.000
130494.000,36.000,621646.000,0.000,2664.000,0.000,0.000,0.000,0.000
130504.000,36.000,621682.000,0.000,2880.000,0.000,0.000,0.000,0.000
130514.000,35.000,621717.000,0.000,2880.000,0.000,0.000,0.000,0.000
130524.000,35.000,621752.000,0.000,2736.000,0.000,0.000,0.000,0.000
130534.000,36.000,621788.000,0.000,2736.000,0.000,0.000,0.000,0.000
130544.000,34.000,621822.000,0.000,2880.000,0.000,0.000,0.000,0.000
130554.000,36.000,621858.000,0.000,2664.000,0.000,0.000,0.000,0.000
130564.000,35.000,621893.000,0.000,2880.000,0.000,0.000,0.000,0.000
130574.000,36.000,621929.000,0.000,2736.000,0.000,0.000,0.000,0.000
130584.000,35.000,621964.000,0.000,2880.000,0.000,0.000,0.000,0.000
130594.000,36.000,622000.000,0.000,2736.000,0.000,0.000,0.000,0.000
130604.000,35.000,622035.000,0.000,2880.000,0.000,0.000,0.000,0.000
130614.000,35.000,622070.000,0.000,2736.000,0.000,0.000,0.000,0.000
130624.000,36.000,622106.000,0.000,2736.000,0.000,0.000,0.000,0.000
130634.000,35.000,622141.000,0.000,2880.000,0.000,0.000,0.000,0.000
130644.000,36.000,622177.000,0.000,2736.000,0.000,0.000,0.000,0.000
130654.000,36.000,622213.000,0.000,2880.000,0.000,0.000,0.000,0.000
130664.000,35.000,622248.000,0.000,2880.000,0.000,0.000,0.000,0.000
130674.000,36.000,622284.000,0.000,2736.000,0.000,0.000,0.000,0.000
130684.000,35.000,622319.000,0.000,2880.000,0.000,0.000,0.000,0.000
130694.000,35.000,622354.000,0.000,2736.000,0.000,0.000,0.000,0.000
130704.000,36.000,622390.000,0.000,2736.000,0.000,0.000,0.000,0.000
130714.000,35.000,622425.000,0.000,2880.000,0.000,0.000,0.000,0.000
130724.000,36.000,622461.000,0.000,2736.000,0.000,0.000,0.000,0.000
130734.000,35.000,622496.000,0.000,2880.000,0.000,0.000,0.000,0.000
130744.000,36.000,622532.000,0.000,2736.000,0.000,0.000,0.000,0.000
130754.000,34.000,622566.000,0.000,2880.000,0.000,0.000,0.000,0.000
130764.000,36.000,622602.000,0.000,2664.000,0.000,0.000,0.000,0.000
130774.000,35.000,622637.000,0.000,2880.000,0.000,0.000,0.000,0.000
130784.000,36.000,622673.000,0.000,2736.000,0.000,0.000,0.000,0.000
130794.000,35.000,622708.000,0.000,2880.000,0.000,0.000,0.000,0.000
130804.000,36.000,622744.000,0.000,2736.000,0.000,0.000,0.000,0.000
130814.000,34.000,622778.000,0.000,2880.000,0.000,0.000,0.000,0.000
130824.000,36.000,622814.000,0.000,2664.000,0.000,0.000,0.000,0.000
130834.000,35.000,622849.000,0.000,2880.000,0.000,0.000,0.000,0.000
130844.000,35.000,622884.000,0.000,2736.000,0.000,0.000,0.000,0.000
130854.000,36.000,622920.000,0.000,2736.000,0.000,0.000,0.000,0.000
130864.000,35.000,622955.000,0.000,2880.000,0.000,0.000,0.000,0.000
130874.000,35.000,622990.000,0.000,2736.000,0.000,0.000,0.000,0.000
130884.000,36.000,623026.000,0.000,2736.000,0.000,0.000,0.000,0.000
130894.000,36.000,623062.000,0.000,2880.000,0.000,0.000,0.000,0.000
130904.000,35.000,623097.000,0.000,2880.000,0.000,0.000,0.000,0.000
130914.000,36.000,623133.000,0.000,2736.000,0.000,0.000,0.000,0.000
130924.000,35.000,623168.000,0.000,2880.000,0.000,0.000,0.000,0.000
130934.000,36.000,623204.000,0.000,2736.000,0.000,0.000,0.000,0.000
130944.000,35.000,623239.000,0.000,2880.000,0.000,0.000,0.000,0.000
130954.000,35.000,623274.000,0.000,2736.000,0.000,0.000,0.000,0.000
130964.000,36.000,623310.000,0.000,2736.000,0.000,0.000,0.000,0.000
130974.000,35.000,623345.000,0.000,2880.000,0.000,0.000,0.000,0.000
130984.000,36.000,623381.000,0.000,2736.000,0.000,0.000,0.000,0.000
130994.000,35.000,623416.000,0.000,2880.000,0.000,0.000,0.000,0.000
131004.000,36.000,623452.000,0.000,2736.000,0.000,0.000,0.000,0.000
131014.000,34.000,623486.000,0.000,2880.000,0.000,0.000,0.000,0.000
131024.000,36.000,623522.000,0.000,2664.000,0.000,0.000,0.000,0.000
131034.000,36.000,623558.000,0.000,2880.000,0.000,0.000,0.000,0.000
131044.000,35.000,623593.000,0.000,2880.000,0.000,0.000,0.000,0.000
131054.000,35.000,623628.000,0.000,2736.000,0.000,0.000,0.000,0.000
131064.000,35.000,623663.000,0.000,2736.000,0.000,0.000,0.000,0.000
131074.000,35.000,623698.000,0.000,2736.000,0.000,0.000,0.000,0.000
131084.000,35.000,623733.000,0.000,2736.000,0.000,0.000,0.000,0.000
131094.000,36.000,623769.000,0.000,2736.000,0.000,0.000,0.000,0.000
131104.000,35.000,623804.000,0.000,2880.000,0.000,0.000,0.000,0.000
131114.000,36.000,623840.000,0.000,2736.000,0.000,0.000,0.000,0.000
131124.000,35.000,623875.000,0.000,2880.000,0.000,0.000,0.000,0.000
131134.000,35.000,623910.000,0.000,2736.000,0.000,0.000,0.000,0.000
131144.000,36.000,623946.000,0.000,2736.000,0.000,0.000,0.000,0.000
131154.000,36.000,623982.000,0.000,2880.000,0.000,0.000,0.000,0.000
131164.000,35.000,624017.000,0.000,2880.000,0.000,0.000,0.000,0.000
131174.000,36.000,624053.000,0.000,2736.000,0.000,0.000,0.000,0.000
131184.000,35.000,624088.000,0.000,2880.000,0.000,0.000,0.000,0.000
131194.000,36.000,624124.000,0.000,2736.000,0.000,0.000,0.000,0.000
131204.000,35.000,624159.000,0.000,2880.000,0.000,0.000,0.000,0.000
131214.000,35.000,624194.000,0.000,2736.000,0.000,0.000,0.000,0.000
131224.000,36.000,624230.000,0.000,2736.000,0.000,0.000,0.000,0.000
131234.000,35.000,624265.000,0.000,2880.000,0.000,0.000,0.000,0.000
131244.000,36.000,624301.000,0.000,2736.000,0.000,0.000,0.000,0.000
131254.000,35.000,624336.000,0.000,2880.000,0.000,0.000,0.000,0.000
131264.000,36.000,624372.000,0.000,2736.000,0.000,0.000,0.000,0.000
131274.000,36.000,624408.000,0.000,2880.000,0.000,0.000,0.000,0.000
131284.000,34.000,624442.000,0.000,2880.000,0.000,0.000,0.000,0.000
131294.000,36.000,624478.000,0.000,2664.000,0.000,0.000,0.000,0.000
131304.000,35.000,624513.000,0.000,2880.000,0.000,0.000,0.000,0.000
131314.000,36.000,624549.000,0.000,2736.000,0.000,0.000,0.000,0.000
131324.000,35.000,624584.000,0.000,2880.000,0.000,0.000,0.000,0.000
131334.000,36.000,624620.000,0.000,2736.000,0.000,0.000,0.000,0.000
131344.000,35.000,624655.000,0.000,2880.000,0.000,0.000,0.000,0.000
131354.000,35.000,624690.000,0.000,2736.000,0.000,0.000,0.000,0.000
131364.000,36.000,624726.000,0.000,2736.000,0.000,0.000,0.000,0.000
131374.000,35.000,624761.000,0.000,2880.000,0.000,0.000,0.000,0.000
131384.000,36.000,624797.000,0.000,2736.000,0.000,0.000,0.000,0.000
131394.000,36.000,624833.000,0.000,2880.000,0.000,0.000,0.000,0.000
131404.000,35.000,624868.000,0.000,2880.000,0.000,0.000,0.000,0.000
131414.000,36.000,624904.000,0.000,2736.000,0.000,0.000,0.000,0.000
131424.000,35.000,624939.000,0.000,2880.000,0.000,0.000,0.000,0.000
131434.000,35.000,624974.000,0.000,2736.000,0.000,0.000,0.000,0.000
131444.000,36.000,625010.000,0.000,2736.000,0.000,0.000,0.000,0.000
131454.000,36.000,625046.000,0.000,2880.000,0.000,0.000,0.000,0.000
131464.000,35.000,625081.000,0.000,2880.000,0.000,0.000,0.000,0.000
131474.000,35.000,625116.000,0.000,2736.000,0.000,0.000,0.000,0.000
131484.000,36.000,625152.000,0.000,2736.000,0.000,0.000,0.000,0.000
131494.000,36.000,625188.000,0.000,2880.000,0.000,0.000,0.000,0.000
131504.000,34.000,625222.000,0.000,2880.000,0.000,0.000,0.000,0.000
131514.000,36.000,625258.000,0.000,2664.000,0.000,0.000,0.000,0.000
131524.000,35.000,625293.000,0.000,2880.000,0.000,0.000,0.000,0.000
131534.000,36.000,625329.000,0.000,2736.000,0.000,0.000,0.000,0.000
131544.000,35.000,625364.000,0.000,2880.000,0.000,0.000,0.000,0.000
131554.000,35.000,625399.000,0.000,2736.000,0.000,0.000,0.000,0.000
131564.000,35.000,625434.000,0.000,2736.000,0.000,0.000,0.000,0.000
131574.000,36.000,625470.000,0.000,2736.000,0.000,0.000,0.000,0.000
131584.000,35.000,625505.000,0.000,2880.000,0.000,0.000,0.000,0.000
131594.000,35.000,625540.000,0.000,2736.000,0.000,0.000,0.000,0.000
131604.000,36.000,625576.000,0.000,2736.000,0.000,0.000,0.000,0.000
131614.000,35.000,625611.000,0.000,2880.000,0.000,0.000,0.000,0.000
131624.000,35.000,625646.000,0.000,2736.000,0.000,0.000,0.000,0.000
131634.000,36.000,625682.000,0.000,2736.000,0.000,0.000,0.000,0.000
131644.000,36.000,625718.000,0.000,2880.000,0.000,0.000,0.000,0.000
131654.000,35.000,625753.000,0.000,2880.000,0.000,0.000,0.000,0.000
131664.000,35.000,625788.000,0.000,2736.000,0.000,0.000,0.000,0.000
131674.000,36.000,625824.000,0.000,2736.000,0.000,0.000,0.000,0.000
131684.000,36.000,625860.000,0.000,2880.000,0.000,0.000,0.000,0.000
131694.000,35.000,625895.000,0.000,2880.000,0.000,0.000,0.000,0.000
131704.000,35.000,625930.000,0.000,2736.000,0.000,0.000,0.000,0.000
131714.000,36.000,625966.000,0.000,2736.000,0.000,0.000,0.000,0.000
131724.000,36.000,626002.000,0.000,2880.000,0.000,0.000,0.000,0.000
131734.000,35.000,626037.000,0.000,2880.000,0.000,0.000,0.000,0.000
131744.000,35.000,626072.000,0.000,2736.000,0.000,0.000,0.000,0.000
131754.000,36.000,626108.000,0.000,2736.000,0.000,0.000,0.000,0.000
131764.000,35.000,626143.000,0.000,2880.000,0.000,0.000,0.000,0.000
131774.000,35.000,626178.000,0.000,2736.000,0.000,0.000,0.000,0.000
131784.000,36.000,626214.000,0.000,2736.000,0.000,0.000,0.000,0.000
131794.000,35.000,626249.000,0.000,2880.000,0.000,0.000,0.000,0.000
131804.000,35.000,626284.000,0.000,2736.000,0.000,0.000,0.000,0.000
131814.000,36.000,626320.000,0.000,2736.000,0.000,0.000,0.000,0.000
131824.000,35.000,626355.000,0.000,2880.000,0.000,0.000,0.000,0.000
131834.000,35.000,626390.000,0.000,2736.000,0.000,0.000,0.000,0.000
131844.000,35.000,626425.000,0.000,2736.000,0.000,0.000,0.000,0.000
131854.000,36.000,626461.000,0.000,2736.000,0.000,0.000,0.000,0.000
131864.000,35.000,626496.000,0.000,2880.000,0.000,0.000,0.000,0.000
131874.000,36.000,626532.000,0.000,2736.000,0.000,0.000,0.000,0.000
131884.000,35.000,626567.000,0.000,2880.000,0.000,0.000,0.000,0.000
131894.000,35.000,626602.000,0.000,2736.000,0.000,0.000,0.000,0.000
131904.000,36.000,626638.000,0.000,2736.000,0.000,0.000,0.000,0.000
131914.000,36.000,626674.000,0.000,2880.000,0.000,0.000,0.000,0.000
131924.000,35.000,626709.000,0.000,2880.000,0.000,0.000,0.000,0.000
131934.000,36.000,626745.000,0.000,2736.000,0.000,0.000,0.000,0.000
131944.000,35.000,626780.000,0.000,2880.000,0.000,0.000,0.000,0.000
131954.000,36.000,626816.000,0.000,2736.000,0.000,0.000,0.000,0.000
131964.000,36.000,626852.000,0.000,2880.000,0.000,0.000,0.000,0.000
131974.000,34.000,626886.000,0.000,2880.000,0.000,0.000,0.000,0.000
131984.000,36.000,626922.000,0.000,2664.000,0.000,0.000,0.000,0.000
131994.000,36.000,626958.000,0.000,2880.000,0.000,0.000,0.000,0.000
132004.000,35.000,626993.000,0.000,2880.000,0.000,0.000,0.000,0.000
132014.000,36.000,627029.000,0.000,2736.000,0.000,0.000,0.000,0.000
132024.000,35.000,627064.000,0.000,2880.000,0.000,0.000,0.000,0.000
132034.000,36.000,627100.000,0.000,2736.000,0.000,0.000,0.000,0.000
132044.000,34.000,627134.000,0.000,2880.000,0.000,0.000,0.000,0.000
132054.000,36.000,627170.000,0.000,2664.000,0.000,0.000,0.000,0.000
132064.000,35.000,627205.000,0.000,2880.000,0.000,0.000,0.000,0.000
132074.000,36.000,627241.000,0.000,2736.000,0.000,0.000,0.000,0.000
132084.000,35.000,627276.000,0.000,2880.000,0.000,0.000,0.000,0.000
132094.000,35.000,627311.000,0.000,2736.000,0.000,0.000,0.000,0.000
132104.000,35.000,627346.000,0.000,2736.000,0.000,0.000,0.000,0.000
132114.000,36.000,627382.000,0.000,2736.000,0.000,0.000,0.000,0.000
132124.000,35.000,627417.000,0.000,2880.000,0.000,0.000,0.000,0.000
132134.000,36.000,627453.000,0.000,2736.000,0.000,0.000,0.000,0.000
132144.000,35.000,627488.000,0.000,2880.000,0.000,0.000,0.000,0.000
132154.000,36.000,627524.000,0.000,2736.000,0.000,0.000,0.000,0.000
132164.000,35.000,627559.000,0.000,2880.000,0.000,0.000,0.000,0.000
132174.000,35.000,627594.000,0.000,2736.000,0.000,0.000,0.000,0.000
132184.000,36.000,627630.000,0.000,2736.000,0.000,0.000,0.000,0.000
132194.000,36.000,627666.000,0.000,2880.000,0.000,0.000,0.000,0.000
132204.000,36.000,627702.000,0.000,2880.000,0.000,0.000,0.000,0.000
132214.000,35.000,627737.000,0.000,2880.000,0.000,0.000,0.000,0.000
132224.000,36.000,627773.000,0.000,2736.000,0.000,0.000,0.000,0.000
132234.000,35.000,627808.000,0.000,2880.000,0.000,0.000,0.000,0.000
132244.000,36.000,627844.000,0.000,2736.000,0.000,0.000,0.000,0.000
132254.000,35.000,627879.000,0.000,2880.000,0.000,0.000,0.000,0.000
132264.000,35.000,627914.000,0.000,2736.000,0.000,0.000,0.000,0.000
132274.000,36.000,627950.000,0.000,2736.000,0.000,0.000,0.000,0.000
132284.000,35.000,627985.000,0.000,2880.000,0.000,0.000,0.000,0.000
132294.000,36.000,628021.000,0.000,2736.000,0.000,0.000,0.000,0.000
132304.000,35.000,628056.000,0.000,2880.000,0.000,0.000,0.000,0.000
132314.000,35.000,628091.000,0.000,2736.000,0.000,0.000,0.000,0.000
132324.000,35.000,628126.000,0.000,2736.000,0.000,0.000,0.000,0.000
132334.000,36.000,628162.000,0.000,2736.000,0.000,0.000,0.000,0.000
132344.000,35.000,628197.000,0.000,2880.000,0.000,0.000,0.000,0.000
132354.000,35.000,628232.000,0.000,2736.000,0.000,0.000,0.000,0.000
132364.000,36.000,628268.000,0.000,2736.000,0.000,0.000,0.000,0.000
132374.000,35.000,628303.000,0.000,2880.000,0.000,0.000,0.000,0.000
132384.000,35.000,628338.000,0.000,2736.000,0.000,0.000,0.000,0.000
132394.000,36.000,628374.000,0.000,2736.000,0.000,0.000,0.000,0.000
132404.000,35.000,628409.000,0.000,2880.000,0.000,0.000,0.000,0.000
132414.000,36.000,628445.000,0.000,2736.000,0.000,0.000,0.000,0.000
132424.000,35.000,628480.000,0.000,2880.000,0.000,0.000,0.000,0.000
132434.000,36.000,628516.000,0.000,2736.000,0.000,0.000,0.000,0.000
132444.000,36.000,628552.000,0.000,2880.000,0.000,0.000,0.000,0.000
132454.000,35.000,628587.000,0.000,2880.000,0.000,0.000,0.000,0.000
132464.000,35.000,628622.000,0.000,2736.000,0.000,0.000,0.000,0.000
132474.000,36.000,628658.000,0.000,2736.000,0.000,0.000,0.000,0.000
132484.000,35.000,628693.000,0.000,2880.000,0.000,0.000,0.000,0.000
132494.000,36.000,628729.000,0.000,2736.000,0.000,0.000,0.000,0.000
132504.000,35.000,628764.000,0.000,2880.000,0.000,0.000,0.000,0.000
132514.000,36.000,628800.000,0.000,2736.000,0.000,0.000,0.000,0.000
132524.000,35.000,628835.000,0.000,2880.000,0.000,0.000,0.000,0.000
132534.000,35.000,628870.000,0.000,2736.000,0.000,0.000,0.000,0.000
132544.000,36.000,628906.000,0.000,2736.000,0.000,0.000,0.000,0.000
132554.000,35.000,628941.000,0.000,2880.000,0.000,0.000,0.000,0.000
132564.000,36.000,628977.000,0.000,2736.000,0.000,0.000,0.000,0.000
132574.000,36.000,629013.000,0.000,2880.000,0.000,0.000,0.000,0.000
132584.000,35.000,629048.000,0.000,2880.000,0.000,0.000,0.000,0.000
132594.000,35.000,629083.000,0.000,2736.000,0.000,0.000,0.000,0.000
132604.000,35.000,629118.000,0.000,2736.000,0.000,0.000,0.000,0.000
132614.000,36.000,629154.000,0.000,2736.000,0.000,0.000,0.000,0.000
132624.000,36.000,629190.000,0.000,2880.000,0.000,0.000,0.000,0.000
132634.000,35.000,629225.000,0.000,2880.000,0.000,0.000,0.000,0.000
132644.000,36.000,629261.000,0.000,2736.000,0.000,0.000,0.000,0.000
132654.000,35.000,629296.000,0.000,2880.000,0.000,0.000,0.000,0.000
132664.000,36.000,629332.000,0.000,2736.000,0.000,0.000,0.000,0.000
132674.000,36.000,629368.000,0.000,2880.000,0.000,0.000,0.000,0.000
132684.000,35.000,629403.000,0.000,2880.000,0.000,0.000,0.000,0.000
132694.000,35.000,629438.000,0.000,2736.000,0.000,0.000,0.000,0.000
132704.000,36.000,629474.000,0.000,2736.000,0.000,0.000,0.000,0.000
132714.000,36.000,629510.000,0.000,2880.000,0.000,0.000,0.000,0.000
132724.000,35.000,629545.000,0.000,2880.000,0.000,0.000,0.000,0.000
132734.000,36.000,629581.000,0.000,2736.000,0.000,0.000,0.000,0.000
132744.000,35.000,629616.000,0.000,2880.000,0.000,0.000,0.000,0.000
132754.000,36.000,629652.000,0.000,2736.000,0.000,0.000,0.000,0.000
132764.000,36.000,629688.000,0.000,2880.000,0.000,0.000,0.000,0.000
132774.000,35.000,629723.000,0.000,2880.000,0.000,0.000,0.000,0.000
132784.000,35.000,629758.000,0.000,2736.000,0.000,0.000,0.000,0.000
132794.000,36.000,629794.000,0.000,2736.000,0.000,0.000,0.000,0.000
132804.000,35.000,629829.000,0.000,2880.000,0.000,0.000,0.000,0.000
132814.000,36.000,629865.000,0.000,2736.000,0.000,0.000,0.000,0.000
132824.000,35.000,629900.000,0.000,2880.000,0.000,0.000,0.000,0.000
132834.000,36.000,629936.000,0.000,2736.000,0.000,0.000,0.000,0.000
132844.000,34.000,629970.000,0.000,2880.000,0.000,0.000,0.000,0.000
132854.000,36.000,630006.000,0.000,2664.000,0.000,0.000,0.000,0.000
132864.000,35.000,630041.000,0.000,2880.000,0.000,0.000,0.000,0.000
132874.000,36.000,630077.000,0.000,2736.000,0.000,0.000,0.000,0.000
132884.000,35.000,630112.000,0.000,2880.000,0.000,0.000,0.000,0.000
132894.000,36.000,630148.000,0.000,2736.000,0.000,0.000,0.000,0.000
132904.000,35.000,630183.000,0.000,2880.000,0.000,0.000,0.000,0.000
132914.000,35.000,630218.000,0.000,2736.000,0.000,0.000,0.000,0.000
132924.000,36.000,630254.000,0.000,2736.000,0.000,0.000,0.000,0.000
132934.000,36.000,630290.000,0.000,2880.000,0.000,0.000,0.000,0.000
132944.000,35.000,630325.000,0.000,2880.000,0.000,0.000,0.000,0.000
132954.000,36.000,630361.000,0.000,2736.000,0.000,0.000,0.000,0.000
132964.000,35.000,630396.000,0.000,2880.000,0.000,0.000,0.000,0.000
132974.000,36.000,630432.000,0.000,2736.000,0.000,0.000,0.000,0.000
132984.000,36.000,630468.000,0.000,2880.000,0.000,0.000,0.000,0.000
132994.000,35.000,630503.000,0.000,2880.000,0.000,0.000,0.000,0.000
133004.000,35.000,630538.000,0.000,2736.000,0.000,0.000,0.000,0.000
133014.000,36.000,630574.000,0.000,2736.000,0.000,0.000,0.000,0.000
133024.000,35.000,630609.000,0.000,2880.000,0.000,0.000,0.000,0.000
133034.000,36.000,630645.000,0.000,2736.000,0.000,0.000,0.000,0.000
133044.000,35.000,630680.000,0.000,2880.000,0.000,0.000,0.000,0.000
133054.000,36.000,630716.000,0.000,2736.000,0.000,0.000,0.000,0.000
133064.000,35.000,630751.000,0.000,2880.000,0.000,0.000,0.000,0.000
133074.000,35.000,630786.000,0.000,2736.000,0.000,0.000,0.000,0.000
133084.000,36.000,630822.000,0.000,2736.000,0.000,0.000,0.000,0.000
133094.000,35.000,630857.000,0.000,2880.000,0.000,0.000,0.000,0.000
133104.000,36.000,630893.000,0.000,2736.000,0.000,0.000,0.000,0.000
133114.000,35.000,630928.000,0.000,2880.000,0.000,0.000,0.000,0.000
133124.000,35.000,630963.000,0.000,2736.000,0.000,0.000,0.000,0.000
133134.000,35.000,630998.000,0.000,2736.000,0.000,0.000,0.000,0.000
133144.000,36.000,631034.000,0.000,2736.000,0.000,0.000,0.000,0.000
133154.000,36.000,631070.000,0.000,2880.000,0.000,0.000,0.000,0.000
133164.000,35.000,631105.000,0.000,2880.000,0.000,0.000,0.000,0.000
133174.000,36.000,631141.000,0.000,2736.000,0.000,0.000,0.000,0.000
133184.000,35.000,631176.000,0.000,2880.000,0.000,0.000,0.000,0.000
133194.000,36.000,631212.000,0.000,2736.000,0.000,0.000,0.000,0.000
133204.000,35.000,631247.000,0.000,2880.000,0.000,0.000,0.000,0.000
133214.000,35.000,631282.000,0.000,2736.000,0.000,0.000,0.000,0.000
133224.000,36.000,631318.000,0.000,2736.000,0.000,0.000,0.000,0.000
133234.000,36.000,631354.000,0.000,2880.000,0.000,0.000,0.000,0.000
133244.000,36.000,631390.000,0.000,2880.000,0.000,0.000,0.000,0.000
133254.000,35.000,631425.000,0.000,2880.000,0.000,0.000,0.000,0.000
133264.000,36.000,631461.000,0.000,2736.000,0.000,0.000,0.000,0.000
133274.000,35.000,631496.000,0.000,2880.000,0.000,0.000,0.000,0.000
133284.000,36.000,631532.000,0.000,2736.000,0.000,0.000,0.000,0.000
133294.000,36.000,631568.000,0.000,2880.000,0.000,0.000,0.000,0.000
133304.000,34.000,631602.000,0.000,2880.000,0.000,0.000,0.000,0.000
133314.000,36.000,631638.000,0.000,2664.000,0.000,0.000,0.000,0.000
133324.000,36.000,631674.000,0.000,2880.000,0.000,0.000,0.000,0.000
133334.000,35.000,631709.000,0.000,2880.000,0.000,0.000,0.000,0.000
133344.000,35.000,631744.000,0.000,2736.000,0.000,0.000,0.000,0.000
133354.000,36.000,631780.000,0.000,2736.000,0.000,0.000,0.000,0.000
133364.000,36.000,631816.000,0.000,2880.000,0.000,0.000,0.000,0.000
133374.000,35.000,631851.000,0.000,2880.000,0.000,0.000,0.000,0.000
133384.000,35.000,631886.000,0.000,2736.000,0.000,0.000,0.000,0.000
133394.000,35.000,631921.000,0.000,2736.000,0.000,0.000,0.000,0.000
133404.000,36.000,631957.000,0.000,2736.000,0.000,0.000,0.000,0.000
133414.000,36.000,631993.000,0.000,2880.000,0.000,0.000,0.000,0.000
133424.000,35.000,632028.000,0.000,2880.000,0.000,0.000,0.000,0.000
133434.000,36.000,632064.000,0.000,2736.000,0.000,0.000,0.000,0.000
133444.000,36.000,632100.000,0.000,2880.000,0.000,0.000,0.000,0.000
133454.000,35.000,632135.000,0.000,2880.000,0.000,0.000,0.000,0.000
133464.000,35.000,632170.000,0.000,2736.000,0.000,0.000,0.000,0.000
133474.000,36.000,632206.000,0.000,2736.000,0.000,0.000,0.000,0.000
133484.000,36.000,632242.000,0.000,2880.000,0.000,0.000,0.000,0.000
133494.000,35.000,632277.000,0.000,2880.000,0.000,0.000,0.000,0.000
133504.000,36.000,632313.000,0.000,2736.000,0.000,0.000,0.000,0.000
133514.000,35.000,632348.000,0.000,2880.000,0.000,0.000,0.000,0.000
133524.000,36.000,632384.000,0.000,2736.000,0.000,0.000,0.000,0.000
133534.000,36.000,632420.000,0.000,2880.000,0.000,0.000,0.000,0.000
133544.000,35.000,632455.000,0.000,2880.000,0.000,0.000,0.000,0.000
133554.000,35.000,632490.000,0.000,2736.000,0.000,0.000,0.000,0.000
133564.000,36.000,632526.000,0.000,2736.000,0.000,0.000,0.000,0.000
133574.000,36.000,632562.000,0.000,2880.000,0.000,0.000,0.000,0.000
133584.000,35.000,632597.000,0.000,2880.000,0.000,0.000,0.000,0.000
133594.000,35.000,632632.000,0.000,2736.000,0.000,0.000,0.000,0.000
133604.000,36.000,632668.000,0.000,2736.000,0.000,0.000,0.000,0.000
133614.000,36.000,632704.000,0.000,2880.000,0.000,0.000,0.000,0.000
133624.000,34.000,632738.000,0.000,2880.000,0.000,0.000,0.000,0.000
133634.000,36.000,632774.000,0.000,2664.000,0.000,0.000,0.000,0.000
133644.000,35.000,632809.000,0.000,2880.000,0.000,0.000,0.000,0.000
133654.000,36.000,632845.000,0.000,2736.000,0.000,0.000,0.000,0.000
133664.000,35.000,632880.000,0.000,2880.000,0.000,0.000,0.000,0.000
133674.000,36.000,632916.000,0.000,2736.000,0.000,0.000,0.000,0.000
133684.000,34.000,632950.000,0.000,2880.000,0.000,0.000,0.000,0.000
133694.000,36.000,632986.000,0.000,2664.000,0.000,0.000,0.000,0.000
133704.000,36.000,633022.000,0.000,2880.000,0.000,0.000,0.000,0.000
133714.000,35.000,633057.000,0.000,2880.000,0.000,0.000,0.000,0.000
133724.000,36.000,633093.000,0.000,2736.000,0.000,0.000,0.000,0.000
133734.000,35.000,633128.000,0.000,2880.000,0.000,0.000,0.000,0.000
133744.000,36.000,633164.000,0.000,2736.000,0.000,0.000,0.000,0.000
133754.000,35.000,633199.000,0.000,2880.000,0.000,0.000,0.000,0.000
133764.000,35.000,633234.000,0.000,2736.000,0.000,0.000,0.000,0.000
133774.000,36.000,633270.000,0.000,2736.000,0.000,0.000,0.000,0.000
133784.000,36.000,633306.000,0.000,2880.000,0.000,0.000,0.000,0.000
133794.000,35.000,633341.000,0.000,2880.000,0.000,0.000,0.000,0.000
133804.000,36.000,633377.000,0.000,2736.000,0.000,0.000,0.000,0.000
133814.000,35.000,633412.000,0.000,2880.000,0.000,0.000,0.000,0.000
133824.000,36.000,633448.000,0.000,2736.000,0.000,0.000,0.000,0.000
133834.000,35.000,633483.000,0.000,2880.000,0.000,0.000,0.000,0.000
133844.000,35.000,633518.000,0.000,2736.000,0.000,0.000,0.000,0.000
133854.000,36.000,633554.000,0.000,2736.000,0.000,0.000,0.000,0.000
133864.000,36.000,633590.000,0.000,2880.000,0.000,0.000,0.000,0.000
133874.000,35.000,633625.000,0.000,2880.000,0.000,0.000,0.000,0.000
133884.000,35.000,633660.000,0.000,2736.000,0.000,0.000,0.000,0.000
133894.000,36.000,633696.000,0.000,2736.000,0.000,0.000,0.000,0.000
133904.000,36.000,633732.000,0.000,2880.000,0.000,0.000,0.000,0.000
133914.000,35.000,633767.000,0.000,2880.000,0.000,0.000,0.000,0.000
133924.000,35.000,633802.000,0.000,2736.000,0.000,0.000,0.000,0.000
133934.000,36.000,633838.000,0.000,2736.000,0.000,0.000,0.000,0.000
133944.000,36.000,633874.000,0.000,2880.000,0.000,0.000,0.000,0.000
133954.000,36.000,633910.000,0.000,2880.000,0.000,0.000,0.000,0.000
133964.000,35.000,633945.000,0.000,2880.000,0.000,0.000,0.000,0.000
133974.000,36.000,633981.000,0.000,2736.000,0.000,0.000,0.000,0.000
133984.000,36.000,634017.000,0.000,2880.000,0.000,0.000,0.000,0.000
133994.000,35.000,634052.000,0.000,2880.000,0.000,0.000,0.000,0.000
134004.000,36.000,634088.000,0.000,2736.000,0.000,0.000,0.000,0.000
134014.000,36.000,634124.000,0.000,2880.000,0.000,0.000,0.000,0.000
134024.000,36.000,634160.000,0.000,2880.000,0.000,0.000,0.000,0.000
134034.000,34.000,634194.000,0.000,2880.000,0.000,0.000,0.000,0.000
134044.000,36.000,634230.000,0.000,2664.000,0.000,0.000,0.000,0.000
134054.000,36.000,634266.000,0.000,2880.000,0.000,0.000,0.000,0.000
134064.000,35.000,634301.000,0.000,2880.000,0.000,0.000,0.000,0.000
134074.000,36.000,634337.000,0.000,2736.000,0.000,0.000,0.000,0.000
134084.000,35.000,634372.000,0.000,2880.000,0.000,0.000,0.000,0.000
134094.000,36.000,634408.000,0.000,2736.000,0.000,0.000,0.000,0.000
134104.000,35.000,634443.000,0.000,2880.000,0.000,0.000,0.000,0.000
134114.000,35.000,634478.000,0.000,2736.000,0.000,0.000,0.000,0.000
134124.000,36.000,634514.000,0.000,2736.000,0.000,0.000,0.000,0.000
134134.000,36.000,634550.000,0.000,2880.000,0.000,0.000,0.000,0.000
134144.000,35.000,634585.000,0.000,2880.000,0.000,0.000,0.000,0.000
134154.000,35.000,634620.000,0.000,2736.000,0.000,0.000,0.000,0.000
134164.000,36.000,634656.000,0.000,2736.000,0.000,0.000,0.000,0.000
134174.000,36.000,634692.000,0.000,2880.000,0.000,0.000,0.000,0.000
134184.000,35.000,634727.000,0.000,2880.000,0.000,0.000,0.000,0.000
134194.000,35.000,634762.000,0.000,2736.000,0.000,0.000,0.000,0.000
134204.000,36.000,634798.000,0.000,2736.000,0.000,0.000,0.000,0.000
134214.000,36.000,634834.000,0.000,2880.000,0.000,0.000,0.000,0.000
134224.000,35.000,634869.000,0.000,2880.000,0.000,0.000,0.000,0.000
134234.000,36.000,634905.000,0.000,2736.000,0.000,0.000,0.000,0.000
134244.000,35.000,634940.000,0.000,2880.000,0.000,0.000,0.000,0.000
134254.000,36.000,634976.000,0.000,2736.000,0.000,0.000,0.000,0.000
134264.000,36.000,635012.000,0.000,2880.000,0.000,0.000,0.000,0.000
134274.000,34.000,635046.000,0.000,2880.000,0.000,0.000,0.000,0.000
134284.000,36.000,635082.000,0.000,2664.000,0.000,0.000,0.000,0.000
134294.000,36.000,635118.000,0.000,2880.000,0.000,0.000,0.000,0.000
134304.000,35.000,635153.000,0.000,2880.000,0.000,0.000,0.000,0.000
134314.000,36.000,635189.000,0.000,2736.000,0.000,0.000,0.000,0.000
134324.000,35.000,635224.000,0.000,2880.000,0.000,0.000,0.000,0.000
134334.000,36.000,635260.000,0.000,2736.000,0.000,0.000,0.000,0.000
134344.000,34.000,635294.000,0.000,2880.000,0.000,0.000,0.000,0.000
134354.000,36.000,635330.000,0.000,2664.000,0.000,0.000,0.000,0.000
134364.000,36.000,635366.000,0.000,2880.000,0.000,0.000,0.000,0.000
134374.000,35.000,635401.000,0.000,2880.000,0.000,0.000,0.000,0.000
134384.000,35.000,635436.000,0.000,2736.000,0.000,0.000,0.000,0.000
134394.000,36.000,635472.000,0.000,2736.000,0.000,0.000,0.000,0.000
134404.000,35.000,635507.000,0.000,2880.000,0.000,0.000,0.000,0.000
134414.000,35.000,635542.000,0.000,2736.000,0.000,0.000,0.000,0.000
134424.000,36.000,635578.000,0.000,2736.000,0.000,0.000,0.000,0.000
134434.000,35.000,635613.000,0.000,2880.000,0.000,0.000,0.000,0.000
134444.000,36.000,635649.000,0.000,2736.000,0.000,0.000,0.000,0.000
134454.000,36.000,635685.000,0.000,2880.000,0.000,0.000,0.000,0.000
134464.000,35.000,635720.000,0.000,2880.000,0.000,0.000,0.000,0.000
134474.000,36.000,635756.000,0.000,2736.000,0.000,0.000,0.000,0.000
134484.000,34.000,635790.000,0.000,2880.000,0.000,0.000,0.000,0.000
134494.000,36.000,635826.000,0.000,2664.000,0.000,0.000,0.000,0.000
134504.000,36.000,635862.000,0.000,2880.000,0.000,0.000,0.000,0.000
134514.000,35.000,635897.000,0.000,2880.000,0.000,0.000,0.000,0.000
134524.000,36.000,635933.000,0.000,2736.000,0.000,0.000,0.000,0.000
134534.000,36.000,635969.000,0.000,2880.000,0.000,0.000,0.000,0.000
134544.000,35.000,636004.000,0.000,2880.000,0.000,0.000,0.000,0.000
134554.000,36.000,636040.000,0.000,2736.000,0.000,0.000,0.000,0.000
134564.000,35.000,636075.000,0.000,2880.000,0.000,0.000,0.000,0.000
134574.000,35.000,636110.000,0.000,2736.000,0.000,0.000,0.000,0.000
134584.000,36.000,636146.000,0.000,2736.000,0.000,0.000,0.000,0.000
134594.000,36.000,636182.000,0.000,2880.000,0.000,0.000,0.000,0.000
134604.000,35.000,636217.000,0.000,2880.000,0.000,0.000,0.000,0.000
134614.000,36.000,636253.000,0.000,2736.000,0.000,0.000,0.000,0.000
134624.000,35.000,636288.000,0.000,2880.000,0.000,0.000,0.000,0.000
134634.000,36.000,636324.000,0.000,2736.000,0.000,0.000,0.000,0.000
134644.000,36.000,636360.000,0.000,2880.000,0.000,0.000,0.000,0.000
134654.000,34.000,636394.000,0.000,2880.000,0.000,0.000,0.000,0.000
134664.000,36.000,636430.000,0.000,2664.000,0.000,0.000,0.000,0.000
134674.000,36.000,636466.000,0.000,2880.000,0.000,0.000,0.000,0.000
134684.000,36.000,636502.000,0.000,2880.000,0.000,0.000,0.000,0.000
134694.000,35.000,636537.000,0.000,2880.000,0.000,0.000,0.000,0.000
134704.000,36.000,636573.000,0.000,2736.000,0.000,0.000,0.000,0.000
134714.000,36.000,636609.000,0.000,2880.000,0.000,0.000,0.000,0.000
134724.000,35.000,636644.000,0.000,2880.000,0.000,0.000,0.000,0.000
134734.000,36.000,636680.000,0.000,2736.000,0.000,0.000,0.000,0.000
134744.000,36.000,636716.000,0.000,2880.000,0.000,0.000,0.000,0.000
134754.000,34.000,636750.000,0.000,2880.000,0.000,0.000,0.000,0.000
134764.000,36.000,636786.000,0.000,2664.000,0.000,0.000,0.000,0.000
134774.000,36.000,636822.000,0.000,2880.000,0.000,0.000,0.000,0.000
134784.000,36.000,636858.000,0.000,2880.000,0.000,0.000,0.000,0.000
134794.000,35.000,636893.000,0.000,2880.000,0.000,0.000,0.000,0.000
134804.000,36.000,636929.000,0.000,2736.000,0.000,0.000,0.000,0.000
134814.000,35.000,636964.000,0.000,2880.000,0.000,0.000,0.000,0.000
134824.000,36.000,637000.000,0.000,2736.000,0.000,0.000,0.000,0.000
134834.000,36.000,637036.000,0.000,2880.000,0.000,0.000,0.000,0.000
134844.000,35.000,637071.000,0.000,2880.000,0.000,0.000,0.000,0.000
134854.000,35.000,637106.000,0.000,2736.000,0.000,0.000,0.000,0.000
134864.000,36.000,637142.000,0.000,2736.000,0.000,0.000,0.000,0.000
134874.000,36.000,637178.000,0.000,2880.000,0.000,0.000,0.000,0.000
134884.000,35.000,637213.000,0.000,2880.000,0.000,0.000,0.000,0.000
134894.000,36.000,637249.000,0.000,2736.000,0.000,0.000,0.000,0.000
134904.000,35.000,637284.000,0.000,2880.000,0.000,0.000,0.000,0.000
134914.000,36.000,637320.000,0.000,2736.000,0.000,0.000,0.000,0.000
134924.000,35.000,637355.000,0.000,2880.000,0.000,0.000,0.000,0.000
134934.000,35.000,637390.000,0.000,2736.000,0.000,0.000,0.000,0.000
134944.000,36.000,637426.000,0.000,2736.000,0.000,0.000,0.000,0.000
134954.000,36.000,637462.000,0.000,2880.000,0.000,0.000,0.000,0.000
134964.000,35.000,637497.000,0.000,2880.000,0.000,0.000,0.000,0.000
134974.000,36.000,637533.000,0.000,2736.000,0.000,0.000,0.000,0.000
134984.000,36.000,637569.000,0.000,2880.000,0.000,0.000,0.000,0.000
134994.000,35.000,637604.000,0.000,2880.000,0.000,0.000,0.000,0.000
135004.000,36.000,637640.000,0.000,2736.000,0.000,0.000,0.000,0.000
135014.000,34.000,637674.000,0.000,2880.000,0.000,0.000,0.000,0.000
135024.000,36.000,637710.000,0.000,2664.000,0.000,0.000,0.000,0.000
135034.000,36.000,637746.000,0.000,2880.000,0.000,0.000,0.000,0.000
135044.000,35.000,637781.000,0.000,2880.000,0.000,0.000,0.000,0.000
135054.000,36.000,637817.000,0.000,2736.000,0.000,0.000,0.000,0.000
135064.000,35.000,637852.000,0.000,2880.000,0.000,0.000,0.000,0.000
135074.000,36.000,637888.000,0.000,2736.000,0.000,0.000,0.000,0.000
135084.000,35.000,637923.000,0.000,2880.000,0.000,0.000,0.000,0.000
135094.000,35.000,637958.000,0.000,2736.000,0.000,0.000,0.000,0.000
135104.000,36.000,637994.000,0.000,2736.000,0.000,0.000,0.000,0.000
135114.000,36.000,638030.000,0.000,2880.000,0.000,0.000,0.000,0.000
135124.000,35.000,638065.000,0.000,2880.000,0.000,0.000,0.000,0.000
135134.000,36.000,638101.000,0.000,2736.000,0.000,0.000,0.000,0.000
135144.000,36.000,638137.000,0.000,2880.000,0.000,0.000,0.000,0.000
135154.000,35.000,638172.000,0.000,2880.000,0.000,0.000,0.000,0.000
135164.000,35.000,638207.000,0.000,2736.000,0.000,0.000,0.000,0.000
135174.000,35.000,638242.000,0.000,2736.000,0.000,0.000,0.000,0.000
135184.000,36.000,638278.000,0.000,2736.000,0.000,0.000,0.000,0.000
135194.000,36.000,638314.000,0.000,2880.000,0.000,0.000,0.000,0.000
135204.000,36.000,638350.000,0.000,2880.000,0.000,0.000,0.000,0.000
135214.000,35.000,638385.000,0.000,2880.000,0.000,0.000,0.000,0.000
135224.000,36.000,638421.000,0.000,2736.000,0.000,0.000,0.000,0.000
