I0,I1,I2,I3,I4,I5,I6,I7,I8
27104.000,0.000,-48546.000,16.000,7200.000,0.000,-2.000,0.000,0.000
27114.000,0.000,-48546.000,16.000,7200.000,0.000,-2.000,0.000,0.000
27124.000,0.000,-48546.000,16.000,7200.000,0.000,-2.000,0.000,0.000
27134.000,0.000,-48546.000,16.000,7200.000,0.000,-2.000,0.000,0.000
27144.000,0.000,-48546.000,16.000,7200.000,0.000,-2.000,0.000,0.000
27154.000,0.000,-48546.000,16.000,7200.000,0.000,-2.000,0.000,0.000
27164.000,0.000,-48546.000,16.000,7200.000,0.000,-2.000,0.000,0.000
27174.000,0.000,-48546.000,16.000,7200.000,0.000,-2.000,0.000,0.000
27184.000,0.000,-48546.000,16.000,7200.000,0.000,-2.000,0.000,0.000
27194.000,0.000,-48546.000,16.000,7200.000,0.000,-2.000,0.000,0.000
27204.000,0.000,-48546.000,16.000,7200.000,0.000,-2.000,0.000,0.000
27214.000,0.000,-48546.000,16.000,7200.000,0.000,-2.000,0.000,0.000
27224.000,0.000,-48546.000,16.000,7200.000,0.000,-2.000,0.000,0.000
27234.000,0.000,-48546.000,16.000,7200.000,0.000,-2.000,0.000,0.000
27244.000,0.000,-48546.000,16.000,7200.000,0.000,-2.000,0.000,0.000
27254.000,0.000,-48546.000,16.000,7200.000,0.000,-2.000,0.000,0.000
27264.000,0.000,-48546.000,16.000,7200.000,0.000,-2.000,0.000,0.000
27274.000,0.000,-48546.000,16.000,7200.000,0.000,-2.000,0.000,0.000
27284.000,0.000,-48546.000,16.000,7200.000,0.000,-2.000,0.000,0.000
27294.000,0.000,-48546.000,16.000,7200.000,0.000,-2.000,0.000,0.000
27304.000,0.000,-48546.000,16.000,7200.000,0.000,-2.000,0.000,0.000
27314.000,0.000,-48546.000,16.000,7200.000,0.000,-2.000,0.000,0.000
27324.000,0.000,-48546.000,16.000,7200.000,0.000,-2.000,0.000,0.000
27334.000,0.000,-48546.000,16.000,7200.000,0.000,-2.000,0.000,0.000
27344.000,0.000,-48546.000,16.000,7200.000,0.000,-2.000,0.000,0.000
27354.000,0.000,-48546.000,16.000,7200.000,0.000,-2.000,0.000,0.000
27364.000,0.000,-48546.000,16.000,7200.000,0.000,-2.000,0.000,0.000
27374.000,0.000,-48546.000,16.000,7200.000,0.000,-2.000,0.000,0.000
27384.000,0.000,-48546.000,16.000,7200.000,0.000,-2.000,0.000,0.000
27394.000,0.000,-48546.000,16.000,7200.000,0.000,-2.000,0.000,0.000
27404.000,0.000,-48546.000,16.000,7200.000,0.000,-2.000,0.000,0.000
27414.000,0.000,-48546.000,16.000,7200.000,0.000,-2.000,0.000,0.000
27424.000,0.000,-48546.000,16.000,7200.000,0.000,-2.000,0.000,0.000
27434.000,0.000,-48546.000,16.000,7200.000,0.000,-2.000,0.000,0.000
27444.000,0.000,-48546.000,16.000,7200.000,0.000,-2.000,0.000,0.000
27454.000,0.000,-48546.000,16.000,7200.000,0.000,-2.000,0.000,0.000
27464.000,0.000,-48546.000,16.000,7200.000,0.000,-2.000,0.000,0.000
27474.000,0.000,-48546.000,16.000,7200.000,0.000,-2.000,0.000,0.000
27484.000,0.000,-48546.000,16.000,7200.000,0.000,-2.000,0.000,0.000
27494.000,0.000,-48546.000,16.000,7200.000,0.000,-2.000,0.000,0.000
27504.000,0.000,-48546.000,16.000,7200.000,0.000,-2.000,0.000,0.000
27514.000,0.000,-48546.000,16.000,7200.000,0.000,-2.000,0.000,0.000
27524.000,0.000,-48546.000,16.000,7200.000,0.000,-2.000,0.000,0.000
27534.000,0.000,-48546.000,16.000,7200.000,0.000,-2.000,0.000,0.000
27544.000,0.000,-48546.000,16.000,7200.000,0.000,-2.000,0.000,0.000
27554.000,0.000,-48546.000,16.000,7200.000,0.000,-2.000,0.000,0.000
27564.000,0.000,-48546.000,16.000,7200.000,0.000,-2.000,0.000,0.000
27574.000,0.000,-48546.000,16.000,7200.000,0.000,-2.000,0.000,0.000
27584.000,0.000,-48546.000,16.000,7200.000,0.000,-2.000,0.000,0.000
27594.000,0.000,-48546.000,16.000,7200.000,0.000,-2.000,0.000,0.000
27604.000,0.000,-48546.000,16.000,7200.000,0.000,-2.000,0.000,0.000
27614.000,0.000,-48546.000,16.000,7200.000,0.000,-2.000,0.000,0.000
27624.000,0.000,-48546.000,16.000,7200.000,0.000,-2.000,0.000,0.000
27634.000,0.000,-48546.000,16.000,7200.000,0.000,-2.000,0.000,0.000
27644.000,0.000,-48546.000,16.000,7200.000,0.000,-2.000,0.000,0.000
27654.000,0.000,-48546.000,16.000,7200.000,0.000,-2.000,0.000,0.000
27664.000,0.000,-48546.000,16.000,7200.000,0.000,-2.000,0.000,0.000
27674.000,0.000,-48546.000,16.000,7200.000,0.000,-2.000,0.000,0.000
27684.000,0.000,-48546.000,16.000,7200.000,0.000,-2.000,0.000,0.000
27694.000,0.000,-48546.000,16.000,7200.000,0.000,-2.000,0.000,0.000
27704.000,0.000,-48546.000,16.000,7200.000,0.000,-2.000,0.000,0.000
27714.000,0.000,-48546.000,16.000,7200.000,0.000,-2.000,0.000,0.000
27724.000,0.000,-48546.000,16.000,7200.000,0.000,-2.000,0.000,0.000
27734.000,0.000,-48546.000,16.000,7200.000,0.000,-2.000,0.000,0.000
27744.000,0.000,-48546.000,16.000,7200.000,0.000,-2.000,0.000,0.000
27754.000,0.000,-48546.000,16.000,7200.000,0.000,-2.000,0.000,0.000
27764.000,0.000,-48546.000,16.000,7200.000,0.000,-2.000,0.000,0.000
27774.000,0.000,-48546.000,16.000,7200.000,0.000,-2.000,0.000,0.000
27784.000,0.000,-48546.000,16.000,7200.000,0.000,-2.000,0.000,0.000
27794.000,0.000,-48546.000,16.000,7200.000,0.000,-2.000,0.000,0.000
27804.000,0.000,-48546.000,16.000,7200.000,0.000,-2.000,0.000,0.000
27814.000,0.000,-48546.000,16.000,7200.000,0.000,-2.000,0.000,0.000
27824.000,0.000,-48546.000,16.000,7200.000,0.000,-2.000,0.000,0.000
27834.000,0.000,-48546.000,16.000,7200.000,0.000,-2.000,0.000,0.000
27844.000,0.000,-48546.000,16.000,7200.000,0.000,-2.000,0.000,0.000
27854.000,0.000,-48546.000,16.000,7200.000,0.000,-2.000,0.000,0.000
27864.000,0.000,-48546.000,16.000,7200.000,0.000,-2.000,0.000,0.000
27874.000,0.000,-48546.000,16.000,7200.000,0.000,-2.000,0.000,0.000
27884.000,0.000,-48546.000,16.000,7200.000,0.000,-2.000,0.000,0.000
27894.000,0.000,-48546.000,16.000,7200.000,0.000,-2.000,0.000,0.000
27904.000,0.000,-48546.000,16.000,7200.000,0.000,-2.000,0.000,0.000
27914.000,0.000,-48546.000,16.000,7200.000,0.000,-2.000,0.000,0.000
27924.000,0.000,-48546.000,16.000,7200.000,0.000,-2.000,0.000,0.000
27934.000,0.000,-48546.000,16.000,7200.000,0.000,-2.000,0.000,0.000
27944.000,0.000,-48546.000,16.000,7200.000,0.000,-2.000,0.000,0.000
27954.000,0.000,-48546.000,16.000,7200.000,0.000,-2.000,0.000,0.000
27964.000,0.000,-48546.000,16.000,7200.000,0.000,-2.000,0.000,0.000
27974.000,0.000,-48546.000,16.000,7200.000,0.000,-2.000,0.000,0.000
27984.000,0.000,-48546.000,16.000,7200.000,0.000,-2.000,0.000,0.000
27994.000,0.000,-48546.000,16.000,7200.000,0.000,-2.000,0.000,0.000
28004.000,0.000,-48546.000,16.000,7200.000,0.000,-2.000,0.000,0.000
28014.000,0.000,-48546.000,16.000,7200.000,0.000,-2.000,0.000,0.000
28024.000,0.000,-48546.000,16.000,7200.000,0.000,-2.000,0.000,0.000
28034.000,0.000,-48546.000,16.000,7200.000,0.000,-2.000,0.000,0.000
28044.000,0.000,-48546.000,16.000,7200.000,0.000,-2.000,0.000,0.000
28054.000,0.000,-48546.000,16.000,7200.000,0.000,-2.000,0.000,0.000
28064.000,0.000,-48546.000,16.000,7200.000,0.000,-2.000,0.000,0.000
28074.000,0.000,-48546.000,16.000,7200.000,0.000,-2.000,0.000,0.000
28084.000,0.000,-48546.000,16.000,7200.000,0.000,-2.000,0.000,0.000
28094.000,0.000,-48546.000,16.000,7200.000,0.000,-2.000,0.000,0.000
28104.000,0.000,-48546.000,16.000,7200.000,0.000,-2.000,0.000,0.000
28114.000,0.000,-48546.000,16.000,7200.000,0.000,-2.000,0.000,0.000
28124.000,0.000,-48546.000,16.000,7200.000,0.000,-2.000,0.000,0.000
28134.000,0.000,-48546.000,16.000,7200.000,0.000,-2.000,0.000,0.000
28144.000,0.000,-48546.000,16.000,7200.000,0.000,-2.000,0.000,0.000
28154.000,0.000,-48546.000,16.000,7200.000,0.000,-2.000,0.000,0.000
28164.000,0.000,-48546.000,16.000,7200.000,0.000,-2.000,0.000,0.000
28174.000,0.000,-48546.000,16.000,7200.000,0.000,-2.000,0.000,0.000
28184.000,0.000,-48546.000,16.000,7200.000,0.000,-2.000,0.000,0.000
28194.000,0.000,-48546.000,16.000,7200.000,0.000,-2.000,0.000,0.000
28204.000,0.000,-48546.000,16.000,7200.000,0.000,-2.000,0.000,0.000
28214.000,0.000,-48546.000,16.000,7200.000,0.000,-2.000,0.000,0.000
28224.000,0.000,-48546.000,16.000,7200.000,0.000,-2.000,0.000,0.000
28234.000,0.000,-48546.000,16.000,7200.000,0.000,-2.000,0.000,0.000
28244.000,0.000,-48546.000,16.000,7200.000,0.000,-2.000,0.000,0.000
28254.000,0.000,-48546.000,16.000,7200.000,0.000,-2.000,0.000,0.000
28264.000,0.000,-48546.000,16.000,7200.000,0.000,-2.000,0.000,0.000
28274.000,0.000,-48546.000,16.000,7200.000,0.000,-2.000,0.000,0.000
28284.000,0.000,-48546.000,16.000,7200.000,0.000,-2.000,0.000,0.000
28294.000,0.000,-48546.000,16.000,7200.000,0.000,-2.000,0.000,0.000
28304.000,0.000,-48546.000,16.000,7200.000,0.000,-2.000,0.000,0.000
28314.000,0.000,-48546.000,16.000,7200.000,0.000,-2.000,0.000,0.000
28324.000,0.000,-48546.000,16.000,7200.000,0.000,-2.000,0.000,0.000
28334.000,0.000,-48546.000,16.000,7200.000,0.000,-2.000,0.000,0.000
28344.000,0.000,-48546.000,16.000,7200.000,0.000,-2.000,0.000,0.000
28354.000,0.000,-48546.000,16.000,7200.000,0.000,-2.000,0.000,0.000
28364.000,0.000,-48546.000,16.000,7200.000,0.000,-2.000,0.000,0.000
28374.000,0.000,-48546.000,16.000,7200.000,0.000,-2.000,0.000,0.000
28384.000,0.000,-48546.000,16.000,7200.000,0.000,-2.000,0.000,0.000
28394.000,0.000,-48546.000,16.000,7200.000,0.000,-2.000,0.000,0.000
28404.000,0.000,-48546.000,16.000,7200.000,0.000,-2.000,0.000,0.000
28414.000,0.000,-48546.000,16.000,7200.000,0.000,-2.000,0.000,0.000
28424.000,0.000,-48546.000,16.000,7200.000,0.000,-2.000,0.000,0.000
28434.000,0.000,-48546.000,16.000,7200.000,0.000,-2.000,0.000,0.000
28444.000,0.000,-48546.000,16.000,7200.000,0.000,-2.000,0.000,0.000
28454.000,0.000,-48546.000,16.000,7200.000,0.000,-2.000,0.000,0.000
28464.000,0.000,-48546.000,16.000,7200.000,0.000,-2.000,0.000,0.000
28474.000,0.000,-48546.000,16.000,7200.000,0.000,-2.000,0.000,0.000
28484.000,0.000,-48546.000,16.000,7200.000,0.000,-2.000,0.000,0.000
28494.000,0.000,-48546.000,16.000,7200.000,0.000,-2.000,0.000,0.000
28504.000,0.000,-48546.000,16.000,7200.000,0.000,-2.000,0.000,0.000
28514.000,0.000,-48546.000,16.000,7200.000,0.000,-2.000,0.000,0.000
28524.000,0.000,-48546.000,16.000,7200.000,0.000,-2.000,0.000,0.000
28534.000,0.000,-48546.000,16.000,7200.000,0.000,-2.000,0.000,0.000
28544.000,0.000,-48546.000,16.000,7200.000,0.000,-2.000,0.000,0.000
28554.000,0.000,-48546.000,16.000,7200.000,0.000,-2.000,0.000,0.000
28564.000,0.000,-48546.000,16.000,7200.000,0.000,-2.000,0.000,0.000
28574.000,0.000,-48546.000,16.000,7200.000,0.000,-2.000,0.000,0.000
28584.000,0.000,-48546.000,16.000,7200.000,0.000,-2.000,0.000,0.000
28594.000,0.000,-48546.000,16.000,7200.000,0.000,-2.000,0.000,0.000
28604.000,0.000,-48546.000,16.000,7200.000,0.000,-2.000,0.000,0.000
28614.000,0.000,-48546.000,16.000,7200.000,0.000,-2.000,0.000,0.000
28624.000,0.000,-48546.000,16.000,7200.000,0.000,-2.000,0.000,0.000
28634.000,0.000,-48546.000,16.000,7200.000,0.000,-2.000,0.000,0.000
28644.000,0.000,-48546.000,16.000,7200.000,0.000,-2.000,0.000,0.000
28654.000,0.000,-48546.000,16.000,7200.000,0.000,-2.000,0.000,0.000
28664.000,0.000,-48546.000,16.000,7200.000,0.000,-2.000,0.000,0.000
28674.000,0.000,-48546.000,16.000,7200.000,0.000,-2.000,0.000,0.000
28684.000,0.000,-48546.000,16.000,7200.000,0.000,-2.000,0.000,0.000
28694.000,0.000,-48546.000,16.000,7200.000,0.000,-2.000,0.000,0.000
28704.000,0.000,-48546.000,16.000,7200.000,0.000,-2.000,0.000,0.000
28714.000,0.000,-48546.000,16.000,7200.000,0.000,-2.000,0.000,0.000
28724.000,0.000,-48546.000,16.000,7200.000,0.000,-2.000,0.000,0.000
28734.000,0.000,-48546.000,16.000,7200.000,0.000,-2.000,0.000,0.000
28744.000,0.000,-48546.000,16.000,7200.000,0.000,-2.000,0.000,0.000
28754.000,0.000,-48546.000,16.000,7200.000,0.000,-2.000,0.000,0.000
28764.000,0.000,-48546.000,16.000,7200.000,0.000,-2.000,0.000,0.000
28774.000,0.000,-48546.000,16.000,7200.000,0.000,-2.000,0.000,0.000
28784.000,0.000,-48546.000,16.000,7200.000,0.000,-2.000,0.000,0.000
28794.000,0.000,-48546.000,16.000,7200.000,0.000,-2.000,0.000,0.000
28804.000,0.000,-48546.000,16.000,7200.000,0.000,-2.000,0.000,0.000
28814.000,0.000,-48546.000,16.000,7200.000,0.000,-2.000,0.000,0.000
28824.000,0.000,-48546.000,16.000,7200.000,0.000,-2.000,0.000,0.000
28834.000,0.000,-48546.000,16.000,7200.000,0.000,-2.000,0.000,0.000
28844.000,0.000,-48546.000,16.000,7200.000,0.000,-2.000,0.000,0.000
28854.000,0.000,-48546.000,16.000,7200.000,0.000,-2.000,0.000,0.000
28864.000,0.000,-48546.000,16.000,7200.000,0.000,-2.000,0.000,0.000
28874.000,0.000,-48546.000,16.000,7200.000,0.000,-2.000,0.000,0.000
28884.000,0.000,-48546.000,16.000,7200.000,0.000,-2.000,0.000,0.000
28894.000,0.000,-48546.000,16.000,7200.000,0.000,-2.000,0.000,0.000
28904.000,0.000,-48546.000,16.000,7200.000,0.000,-2.000,0.000,0.000
28914.000,0.000,-48546.000,16.000,7200.000,0.000,-2.000,0.000,0.000
28924.000,0.000,-48546.000,16.000,7200.000,0.000,-2.000,0.000,0.000
28934.000,0.000,-48546.000,16.000,7200.000,0.000,-2.000,0.000,0.000
28944.000,0.000,-48546.000,16.000,7200.000,0.000,-2.000,0.000,0.000
28954.000,0.000,-48546.000,16.000,7200.000,0.000,-2.000,0.000,0.000
28964.000,0.000,-48546.000,16.000,7200.000,0.000,-2.000,0.000,0.000
28974.000,0.000,-48546.000,16.000,7200.000,0.000,-2.000,0.000,0.000
28984.000,0.000,-48546.000,16.000,7200.000,0.000,-2.000,0.000,0.000
28994.000,0.000,-48546.000,16.000,7200.000,0.000,-2.000,0.000,0.000
29004.000,0.000,-48546.000,16.000,7200.000,0.000,-2.000,0.000,0.000
29014.000,0.000,-48546.000,16.000,7200.000,0.000,-2.000,0.000,0.000
29024.000,0.000,-48546.000,16.000,7200.000,0.000,-2.000,0.000,0.000
29034.000,0.000,-48546.000,16.000,7200.000,0.000,-2.000,0.000,0.000
29044.000,0.000,-48546.000,16.000,7200.000,0.000,-2.000,0.000,0.000
29054.000,0.000,-48546.000,16.000,7200.000,0.000,-2.000,0.000,0.000
29064.000,0.000,-48546.000,16.000,7200.000,0.000,-2.000,0.000,0.000
29074.000,0.000,-48546.000,16.000,7200.000,0.000,-2.000,0.000,0.000
29084.000,0.000,-48546.000,16.000,7200.000,0.000,-2.000,0.000,0.000
29094.000,0.000,-48546.000,16.000,7200.000,0.000,-2.000,0.000,0.000
29104.000,0.000,-48546.000,16.000,7200.000,0.000,-2.000,0.000,0.000
29114.000,0.000,-48546.000,16.000,7200.000,0.000,-2.000,0.000,0.000
29124.000,0.000,-48546.000,16.000,7200.000,0.000,-2.000,0.000,0.000
29134.000,0.000,-48546.000,16.000,7200.000,0.000,-2.000,0.000,0.000
29144.000,0.000,-48546.000,16.000,7200.000,0.000,-2.000,0.000,0.000
29154.000,0.000,-48546.000,16.000,7200.000,0.000,-2.000,0.000,0.000
29164.000,0.000,-48546.000,16.000,7200.000,0.000,-2.000,0.000,0.000
29174.000,0.000,-48546.000,16.000,7200.000,0.000,-2.000,0.000,0.000
29184.000,0.000,-48546.000,16.000,7200.000,0.000,-2.000,0.000,0.000
29194.000,0.000,-48546.000,16.000,7200.000,0.000,-2.000,0.000,0.000
29204.000,0.000,-48546.000,16.000,7200.000,0.000,-2.000,0.000,0.000
29214.000,0.000,-48546.000,16.000,7200.000,0.000,-2.000,0.000,0.000
29224.000,0.000,-48546.000,16.000,7200.000,0.000,-2.000,0.000,0.000
29234.000,0.000,-48546.000,16.000,7200.000,0.000,-2.000,0.000,0.000
29244.000,0.000,-48546.000,16.000,7200.000,0.000,-2.000,0.000,0.000
29254.000,0.000,-48546.000,16.000,7200.000,0.000,-2.000,0.000,0.000
29264.000,0.000,-48546.000,16.000,7200.000,0.000,-2.000,0.000,0.000
29274.000,0.000,-48546.000,16.000,7200.000,0.000,-2.000,0.000,0.000
29284.000,0.000,-48546.000,16.000,7200.000,0.000,-2.000,0.000,0.000
29294.000,0.000,-48546.000,16.000,7200.000,0.000,-2.000,0.000,0.000
29304.000,0.000,-48546.000,16.000,7200.000,0.000,-2.000,0.000,0.000
29314.000,0.000,-48546.000,16.000,7200.000,0.000,-2.000,0.000,0.000
29324.000,0.000,-48546.000,16.000,7200.000,0.000,-2.000,0.000,0.000
29334.000,0.000,-48546.000,16.000,7200.000,0.000,-2.000,0.000,0.000
29344.000,0.000,-48546.000,16.000,7200.000,0.000,-2.000,0.000,0.000
29354.000,0.000,-48546.000,16.000,7200.000,0.000,-2.000,0.000,0.000
29364.000,0.000,-48546.000,16.000,7200.000,0.000,-2.000,0.000,0.000
29374.000,0.000,-48546.000,16.000,7200.000,0.000,-2.000,0.000,0.000
29384.000,0.000,-48546.000,16.000,7200.000,0.000,-2.000,0.000,0.000
29394.000,0.000,-48546.000,16.000,7200.000,0.000,-2.000,0.000,0.000
29404.000,0.000,-48546.000,16.000,7200.000,0.000,-2.000,0.000,0.000
29414.000,0.000,-48546.000,16.000,7200.000,0.000,-2.000,0.000,0.000
29424.000,0.000,-48546.000,16.000,7200.000,0.000,-2.000,0.000,0.000
29434.000,0.000,-48546.000,16.000,7200.000,0.000,-2.000,0.000,0.000
29444.000,0.000,-48546.000,16.000,7200.000,0.000,-2.000,0.000,0.000
29454.000,0.000,-48546.000,16.000,7200.000,0.000,-2.000,0.000,0.000
29464.000,0.000,-48546.000,16.000,7200.000,0.000,-2.000,0.000,0.000
29474.000,0.000,-48546.000,16.000,7200.000,0.000,-2.000,0.000,0.000
29484.000,0.000,-48546.000,16.000,7200.000,0.000,-2.000,0.000,0.000
29494.000,0.000,-48546.000,16.000,7200.000,0.000,-2.000,0.000,0.000
29504.000,0.000,-48546.000,16.000,7200.000,0.000,-2.000,0.000,0.000
29514.000,0.000,-48546.000,16.000,7200.000,0.000,-2.000,0.000,0.000
29524.000,0.000,-48546.000,16.000,7200.000,0.000,-2.000,0.000,0.000
29534.000,0.000,-48546.000,16.000,7200.000,0.000,-2.000,0.000,0.000
29544.000,0.000,-48546.000,16.000,7200.000,0.000,-2.000,0.000,0.000
29554.000,0.000,-48546.000,16.000,7200.000,0.000,-2.000,0.000,0.000
29564.000,0.000,-48546.000,16.000,7200.000,0.000,-2.000,0.000,0.000
29574.000,0.000,-48546.000,16.000,7200.000,0.000,-2.000,0.000,0.000
29584.000,0.000,-48546.000,16.000,7200.000,0.000,-2.000,0.000,0.000
29594.000,0.000,-48546.000,16.000,7200.000,0.000,-2.000,0.000,0.000
29604.000,0.000,-48546.000,16.000,7200.000,0.000,-2.000,0.000,0.000
29614.000,0.000,-48546.000,16.000,7200.000,0.000,-2.000,0.000,0.000
29624.000,0.000,-48546.000,16.000,7200.000,0.000,-2.000,0.000,0.000
29634.000,0.000,-48546.000,16.000,7200.000,0.000,-2.000,0.000,0.000
29644.000,0.000,-48546.000,16.000,7200.000,0.000,-2.000,0.000,0.000
29654.000,0.000,-48546.000,16.000,7200.000,0.000,-2.000,0.000,0.000
29664.000,0.000,-48546.000,16.000,7200.000,0.000,-2.000,0.000,0.000
29674.000,0.000,-48546.000,16.000,7200.000,0.000,-2.000,0.000,0.000
29684.000,0.000,-48546.000,16.000,7200.000,0.000,-2.000,0.000,0.000
29694.000,0.000,-48546.000,16.000,7200.000,0.000,-2.000,0.000,0.000
29704.000,0.000,-48546.000,16.000,7200.000,0.000,-2.000,0.000,0.000
29714.000,0.000,-48546.000,16.000,7200.000,0.000,-2.000,0.000,0.000
29724.000,0.000,-48546.000,16.000,7200.000,0.000,-2.000,0.000,0.000
29734.000,0.000,-48546.000,16.000,7200.000,0.000,-2.000,0.000,0.000
29744.000,0.000,-48546.000,16.000,7200.000,0.000,-2.000,0.000,0.000
29754.000,0.000,-48546.000,16.000,7200.000,0.000,-2.000,0.000,0.000
29764.000,0.000,-48546.000,16.000,7200.000,0.000,-2.000,0.000,0.000
29774.000,0.000,-48546.000,16.000,7200.000,0.000,-2.000,0.000,0.000
29784.000,0.000,-48546.000,16.000,7200.000,0.000,-2.000,0.000,0.000
29794.000,0.000,-48546.000,16.000,7200.000,0.000,-2.000,0.000,0.000
29804.000,0.000,-48546.000,16.000,7200.000,0.000,-2.000,0.000,0.000
29814.000,0.000,-48546.000,16.000,7200.000,0.000,-2.000,0.000,0.000
29824.000,0.000,-48546.000,16.000,7200.000,0.000,-2.000,0.000,0.000
29834.000,0.000,-48546.000,16.000,7200.000,0.000,-2.000,0.000,0.000
29844.000,0.000,-48546.000,16.000,7200.000,0.000,-2.000,0.000,0.000
29854.000,0.000,-48546.000,16.000,7200.000,0.000,-2.000,0.000,0.000
29864.000,0.000,-48546.000,16.000,7200.000,0.000,-2.000,0.000,0.000
29874.000,0.000,-48546.000,16.000,7200.000,0.000,-2.000,0.000,0.000
29884.000,0.000,-48546.000,16.000,7200.000,0.000,-2.000,0.000,0.000
29894.000,0.000,-48546.000,16.000,7200.000,0.000,-2.000,0.000,0.000
29904.000,0.000,-48546.000,16.000,7200.000,0.000,-2.000,0.000,0.000
29914.000,0.000,-48546.000,16.000,7200.000,0.000,-2.000,0.000,0.000
29924.000,0.000,-48546.000,16.000,7200.000,0.000,-2.000,0.000,0.000
29934.000,0.000,-48546.000,16.000,7200.000,0.000,-2.000,0.000,0.000
29944.000,0.000,-48546.000,16.000,7200.000,0.000,-2.000,0.000,0.000
29954.000,0.000,-48546.000,16.000,7200.000,0.000,-2.000,0.000,0.000
29964.000,0.000,-48546.000,16.000,7200.000,0.000,-2.000,0.000,0.000
29974.000,0.000,-48546.000,16.000,7200.000,0.000,-2.000,0.000,0.000
29984.000,0.000,-48546.000,16.000,7200.000,0.000,-2.000,0.000,0.000
29994.000,0.000,-48546.000,16.000,7200.000,0.000,-2.000,0.000,0.000
30004.000,0.000,-48546.000,16.000,7200.000,0.000,-2.000,0.000,0.000
30014.000,0.000,-48546.000,16.000,7200.000,0.000,-2.000,0.000,0.000
30024.000,0.000,-48546.000,16.000,7200.000,0.000,-2.000,0.000,0.000
30034.000,0.000,-48546.000,16.000,7200.000,0.000,-2.000,0.000,0.000
30044.000,0.000,-48546.000,16.000,7200.000,0.000,-2.000,0.000,0.000
30054.000,0.000,-48546.000,16.000,7200.000,0.000,-2.000,0.000,0.000
30064.000,0.000,-48546.000,16.000,7200.000,0.000,-2.000,0.000,0.000
30074.000,0.000,-48546.000,16.000,7200.000,0.000,-2.000,0.000,0.000
30084.000,0.000,-48546.000,16.000,7200.000,0.000,-2.000,0.000,0.000
30094.000,0.000,-48546.000,16.000,7200.000,0.000,-2.000,0.000,0.000
30104.000,0.000,-48546.000,16.000,7200.000,0.000,-2.000,0.000,0.000
30114.000,0.000,-48546.000,16.000,7200.000,0.000,-2.000,0.000,0.000
30124.000,0.000,-48546.000,16.000,7200.000,0.000,-2.000,0.000,0.000
30134.000,0.000,-48546.000,16.000,7200.000,0.000,-2.000,0.000,0.000
30144.000,0.000,-48546.000,16.000,7200.000,0.000,-2.000,0.000,0.000
30154.000,0.000,-48546.000,16.000,7200.000,0.000,-2.000,0.000,0.000
30164.000,0.000,-48546.000,16.000,7200.000,0.000,-2.000,0.000,0.000
30174.000,0.000,-48546.000,16.000,7200.000,0.000,-2.000,0.000,0.000
30184.000,0.000,-48546.000,16.000,7200.000,0.000,-2.000,0.000,0.000
30194.000,0.000,-48546.000,16.000,7200.000,0.000,-2.000,0.000,0.000
30204.000,0.000,-48546.000,16.000,7200.000,0.000,-2.000,0.000,0.000
30214.000,0.000,-48546.000,16.000,7200.000,0.000,-2.000,0.000,0.000
30224.000,0.000,-48546.000,16.000,7200.000,0.000,-2.000,0.000,0.000
30234.000,0.000,-48546.000,16.000,7200.000,0.000,-2.000,0.000,0.000
30244.000,0.000,-48546.000,16.000,7200.000,0.000,-2.000,0.000,0.000
30254.000,0.000,-48546.000,16.000,7200.000,0.000,-2.000,0.000,0.000
30264.000,0.000,-48546.000,16.000,7200.000,0.000,-2.000,0.000,0.000
30274.000,0.000,-48546.000,16.000,7200.000,0.000,-2.000,0.000,0.000
30284.000,0.000,-48546.000,16.000,7200.000,0.000,-2.000,0.000,0.000
30294.000,0.000,-48546.000,16.000,7200.000,0.000,-2.000,0.000,0.000
30304.000,0.000,-48546.000,16.000,7200.000,0.000,-2.000,0.000,0.000
30314.000,0.000,-48546.000,16.000,7200.000,0.000,-2.000,0.000,0.000
30324.000,0.000,-48546.000,16.000,7200.000,0.000,-2.000,0.000,0.000
30334.000,0.000,-48546.000,16.000,7200.000,0.000,-2.000,0.000,0.000
30344.000,0.000,-48546.000,16.000,7200.000,0.000,-2.000,0.000,0.000
30354.000,0.000,-48546.000,16.000,7200.000,0.000,-2.000,0.000,0.000
30364.000,0.000,-48546.000,16.000,7200.000,0.000,-2.000,0.000,0.000
30374.000,0.000,-48546.000,16.000,7200.000,0.000,-2.000,0.000,0.000
30384.000,0.000,-48546.000,16.000,7200.000,0.000,-2.000,0.000,0.000
30394.000,0.000,-48546.000,16.000,7200.000,0.000,-2.000,0.000,0.000
30404.000,0.000,-48546.000,16.000,7200.000,0.000,-2.000,0.000,0.000
30414.000,0.000,-48546.000,16.000,7200.000,0.000,-2.000,0.000,0.000
30424.000,0.000,-48546.000,16.000,7200.000,0.000,-2.000,0.000,0.000
30434.000,0.000,-48546.000,16.000,7200.000,0.000,-2.000,0.000,0.000
30444.000,0.000,-48546.000,16.000,7200.000,0.000,-2.000,0.000,0.000
30454.000,0.000,-48546.000,16.000,7200.000,0.000,-2.000,0.000,0.000
30464.000,0.000,-48546.000,16.000,7200.000,0.000,-2.000,0.000,0.000
30474.000,0.000,-48546.000,16.000,7200.000,0.000,-2.000,0.000,0.000
30484.000,0.000,-48546.000,16.000,7200.000,0.000,-2.000,0.000,0.000
30494.000,0.000,-48546.000,16.000,7200.000,0.000,-2.000,0.000,0.000
30504.000,0.000,-48546.000,16.000,7200.000,0.000,-2.000,0.000,0.000
30514.000,0.000,-48546.000,16.000,7200.000,0.000,-2.000,0.000,0.000
30524.000,0.000,-48546.000,16.000,7200.000,0.000,-2.000,0.000,0.000
30534.000,0.000,-48546.000,16.000,7200.000,0.000,-2.000,0.000,0.000
30544.000,0.000,-48546.000,16.000,7200.000,0.000,-2.000,0.000,0.000
30554.000,0.000,-48546.000,16.000,7200.000,0.000,-2.000,0.000,0.000
30564.000,0.000,-48546.000,16.000,7200.000,0.000,-2.000,0.000,0.000
30574.000,0.000,-48546.000,16.000,7200.000,0.000,-2.000,0.000,0.000
30584.000,0.000,-48546.000,16.000,7200.000,0.000,-2.000,0.000,0.000
30594.000,0.000,-48546.000,16.000,7200.000,0.000,-2.000,0.000,0.000
30604.000,0.000,-48546.000,16.000,7200.000,0.000,-2.000,0.000,0.000
30614.000,0.000,-48546.000,16.000,7200.000,0.000,-2.000,0.000,0.000
30624.000,0.000,-48546.000,16.000,7200.000,0.000,-2.000,0.000,0.000
30634.000,0.000,-48546.000,16.000,7200.000,0.000,-2.000,0.000,0.000
30644.000,0.000,-48546.000,16.000,7200.000,0.000,-2.000,0.000,0.000
30654.000,0.000,-48546.000,16.000,7200.000,0.000,-2.000,0.000,0.000
30664.000,0.000,-48546.000,16.000,7200.000,0.000,-2.000,0.000,0.000
30674.000,0.000,-48546.000,16.000,7200.000,0.000,-2.000,0.000,0.000
30684.000,0.000,-48546.000,16.000,7200.000,0.000,-2.000,0.000,0.000
30694.000,0.000,-48546.000,16.000,7200.000,0.000,-2.000,0.000,0.000
30704.000,0.000,-48546.000,16.000,7200.000,0.000,-2.000,0.000,0.000
30714.000,0.000,-48546.000,16.000,7200.000,0.000,-2.000,0.000,0.000
30724.000,0.000,-48546.000,16.000,7200.000,0.000,-2.000,0.000,0.000
30734.000,0.000,-48546.000,16.000,7200.000,0.000,-2.000,0.000,0.000
30744.000,0.000,-48546.000,16.000,7200.000,0.000,-2.000,0.000,0.000
30754.000,0.000,-48546.000,16.000,7200.000,0.000,-2.000,0.000,0.000
30764.000,0.000,-48546.000,16.000,7200.000,0.000,-2.000,0.000,0.000
30774.000,0.000,-48546.000,16.000,7200.000,0.000,-2.000,0.000,0.000
30784.000,0.000,-48546.000,16.000,7200.000,0.000,-2.000,0.000,0.000
30794.000,0.000,-48546.000,16.000,7200.000,0.000,-2.000,0.000,0.000
30804.000,0.000,-48546.000,16.000,7200.000,0.000,-2.000,0.000,0.000
30814.000,0.000,-48546.000,16.000,7200.000,0.000,-2.000,0.000,0.000
30824.000,0.000,-48546.000,16.000,7200.000,0.000,-2.000,0.000,0.000
30834.000,0.000,-48546.000,16.000,7200.000,0.000,-2.000,0.000,0.000
30844.000,0.000,-48546.000,16.000,7200.000,0.000,-2.000,0.000,0.000
30854.000,0.000,-48546.000,16.000,7200.000,0.000,-2.000,0.000,0.000
30864.000,0.000,-48546.000,16.000,7200.000,0.000,-2.000,0.000,0.000
30874.000,0.000,-48546.000,16.000,7200.000,0.000,-2.000,0.000,0.000
30884.000,0.000,-48546.000,16.000,7200.000,0.000,-2.000,0.000,0.000
30894.000,0.000,-48546.000,16.000,7200.000,0.000,-2.000,0.000,0.000
30904.000,0.000,-48546.000,16.000,7200.000,0.000,-2.000,0.000,0.000
30914.000,0.000,-48546.000,16.000,7200.000,0.000,-2.000,0.000,0.000
30924.000,0.000,-48546.000,16.000,7200.000,0.000,-2.000,0.000,0.000
30934.000,0.000,-48546.000,16.000,7200.000,0.000,-2.000,0.000,0.000
30944.000,0.000,-48546.000,16.000,7200.000,0.000,-2.000,0.000,0.000
30954.000,0.000,-48546.000,16.000,7200.000,0.000,-2.000,0.000,0.000
30964.000,0.000,-48546.000,16.000,7200.000,0.000,-2.000,0.000,0.000
30974.000,0.000,-48546.000,16.000,7200.000,0.000,-2.000,0.000,0.000
30984.000,0.000,-48546.000,16.000,7200.000,0.000,-2.000,0.000,0.000
30994.000,0.000,-48546.000,16.000,7200.000,0.000,-2.000,0.000,0.000
31004.000,0.000,-48546.000,16.000,7200.000,0.000,-2.000,0.000,0.000
31014.000,0.000,-48546.000,16.000,7200.000,0.000,-2.000,0.000,0.000
31024.000,0.000,-48546.000,16.000,7200.000,0.000,-2.000,0.000,0.000
31034.000,0.000,-48546.000,16.000,7200.000,0.000,-2.000,0.000,0.000
31044.000,0.000,-48546.000,16.000,7200.000,0.000,-2.000,0.000,0.000
31054.000,0.000,-48546.000,16.000,7200.000,0.000,-2.000,0.000,0.000
31064.000,0.000,-48546.000,16.000,7200.000,0.000,-2.000,0.000,0.000
31074.000,0.000,-48546.000,16.000,7200.000,0.000,-2.000,0.000,0.000
31084.000,0.000,-48546.000,16.000,7200.000,0.000,-2.000,0.000,0.000
31094.000,0.000,-48546.000,16.000,7200.000,0.000,-2.000,0.000,0.000
31104.000,0.000,-48546.000,16.000,7200.000,0.000,-2.000,0.000,0.000
31114.000,0.000,-48546.000,16.000,7200.000,0.000,-2.000,0.000,0.000
31124.000,0.000,-48546.000,16.000,7200.000,0.000,-2.000,0.000,0.000
31134.000,0.000,-48546.000,16.000,7200.000,0.000,-2.000,0.000,0.000
31144.000,0.000,-48546.000,16.000,7200.000,0.000,-2.000,0.000,0.000
31154.000,0.000,-48546.000,16.000,7200.000,0.000,-2.000,0.000,0.000
31164.000,0.000,-48546.000,16.000,7200.000,0.000,-2.000,0.000,0.000
31174.000,0.000,-48546.000,16.000,7200.000,0.000,-2.000,0.000,0.000
31184.000,0.000,-48546.000,16.000,7200.000,0.000,-2.000,0.000,0.000
31194.000,0.000,-48546.000,16.000,7200.000,0.000,-2.000,0.000,0.000
31204.000,0.000,-48546.000,16.000,7200.000,0.000,-2.000,0.000,0.000
31214.000,0.000,-48546.000,16.000,7200.000,0.000,-2.000,0.000,0.000
31224.000,0.000,-48546.000,16.000,7200.000,0.000,-2.000,0.000,0.000
31234.000,0.000,-48546.000,16.000,7200.000,0.000,-2.000,0.000,0.000
31244.000,0.000,-48546.000,16.000,7200.000,0.000,-2.000,0.000,0.000
31254.000,0.000,-48546.000,16.000,7200.000,0.000,-2.000,0.000,0.000
31264.000,0.000,-48546.000,16.000,7200.000,0.000,-2.000,0.000,0.000
31274.000,0.000,-48546.000,16.000,7200.000,0.000,-2.000,0.000,0.000
31284.000,0.000,-48546.000,16.000,7200.000,0.000,-2.000,0.000,0.000
31294.000,0.000,-48546.000,16.000,7200.000,0.000,-2.000,0.000,0.000
31304.000,0.000,-48546.000,16.000,7200.000,0.000,-2.000,0.000,0.000
31314.000,0.000,-48546.000,16.000,7200.000,0.000,-2.000,0.000,0.000
31324.000,0.000,-48546.000,16.000,7200.000,0.000,-2.000,0.000,0.000
31334.000,0.000,-48546.000,16.000,7200.000,0.000,-2.000,0.000,0.000
31344.000,0.000,-48546.000,16.000,7200.000,0.000,-2.000,0.000,0.000
31354.000,0.000,-48546.000,16.000,7200.000,0.000,-2.000,0.000,0.000
31364.000,0.000,-48546.000,16.000,7200.000,0.000,-2.000,0.000,0.000
31374.000,0.000,-48546.000,16.000,7200.000,0.000,-2.000,0.000,0.000
31384.000,0.000,-48546.000,16.000,7200.000,0.000,-2.000,0.000,0.000
31394.000,0.000,-48546.000,16.000,7200.000,0.000,-2.000,0.000,0.000
31404.000,0.000,-48546.000,16.000,7200.000,0.000,-2.000,0.000,0.000
31414.000,0.000,-48546.000,16.000,7200.000,0.000,-2.000,0.000,0.000
31424.000,0.000,-48546.000,16.000,7200.000,0.000,-2.000,0.000,0.000
31434.000,0.000,-48546.000,16.000,7200.000,0.000,-2.000,0.000,0.000
31444.000,0.000,-48546.000,16.000,7200.000,0.000,-2.000,0.000,0.000
31454.000,0.000,-48546.000,16.000,7200.000,0.000,-2.000,0.000,0.000
31464.000,0.000,-48546.000,16.000,7200.000,0.000,-2.000,0.000,0.000
31474.000,0.000,-48546.000,16.000,7200.000,0.000,-2.000,0.000,0.000
31484.000,0.000,-48546.000,16.000,7200.000,0.000,-2.000,0.000,0.000
31494.000,0.000,-48546.000,16.000,7200.000,0.000,-2.000,0.000,0.000
31504.000,0.000,-48546.000,16.000,7200.000,0.000,-2.000,0.000,0.000
31514.000,0.000,-48546.000,16.000,7200.000,0.000,-2.000,0.000,0.000
31524.000,0.000,-48546.000,16.000,7200.000,0.000,-2.000,0.000,0.000
31534.000,0.000,-48546.000,16.000,7200.000,0.000,-2.000,0.000,0.000
31544.000,0.000,-48546.000,16.000,7200.000,0.000,-2.000,0.000,0.000
31554.000,0.000,-48546.000,16.000,7200.000,0.000,-2.000,0.000,0.000
31564.000,0.000,-48546.000,16.000,7200.000,0.000,-2.000,0.000,0.000
31574.000,0.000,-48546.000,16.000,7200.000,0.000,-2.000,0.000,0.000
31584.000,0.000,-48546.000,16.000,7200.000,0.000,-2.000,0.000,0.000
31594.000,0.000,-48546.000,16.000,7200.000,0.000,-2.000,0.000,0.000
31604.000,0.000,-48546.000,16.000,7200.000,0.000,-2.000,0.000,0.000
31614.000,0.000,-48546.000,16.000,7200.000,0.000,-2.000,0.000,0.000
31624.000,0.000,-48546.000,16.000,7200.000,0.000,-2.000,0.000,0.000
31634.000,0.000,-48546.000,16.000,7200.000,0.000,-2.000,0.000,0.000
31644.000,0.000,-48546.000,16.000,7200.000,0.000,-2.000,0.000,0.000
31654.000,0.000,-48546.000,16.000,7200.000,0.000,-2.000,0.000,0.000
31664.000,0.000,-48546.000,16.000,7200.000,0.000,-2.000,0.000,0.000
31674.000,0.000,-48546.000,16.000,7200.000,0.000,-2.000,0.000,0.000
31684.000,0.000,-48546.000,16.000,7200.000,0.000,-2.000,0.000,0.000
31694.000,0.000,-48546.000,16.000,7200.000,0.000,-2.000,0.000,0.000
31704.000,0.000,-48546.000,16.000,7200.000,0.000,-2.000,0.000,0.000
31714.000,0.000,-48546.000,16.000,7200.000,0.000,-2.000,0.000,0.000
31724.000,0.000,-48546.000,16.000,7200.000,0.000,-2.000,0.000,0.000
31734.000,0.000,-48546.000,16.000,7200.000,0.000,-2.000,0.000,0.000
31744.000,0.000,-48546.000,16.000,7200.000,0.000,-2.000,0.000,0.000
31754.000,0.000,-48546.000,16.000,7200.000,0.000,-2.000,0.000,0.000
31764.000,0.000,-48546.000,16.000,7200.000,0.000,-2.000,0.000,0.000
31774.000,0.000,-48546.000,16.000,7200.000,0.000,-2.000,0.000,0.000
31784.000,0.000,-48546.000,16.000,7200.000,0.000,-2.000,0.000,0.000
31794.000,0.000,-48546.000,16.000,7200.000,0.000,-2.000,0.000,0.000
31804.000,0.000,-48546.000,16.000,7200.000,0.000,-2.000,0.000,0.000
31814.000,0.000,-48546.000,16.000,7200.000,0.000,-2.000,0.000,0.000
31824.000,0.000,-48546.000,16.000,7200.000,0.000,-2.000,0.000,0.000
31834.000,0.000,-48546.000,16.000,7200.000,0.000,-2.000,0.000,0.000
31844.000,0.000,-48546.000,16.000,7200.000,0.000,-2.000,0.000,0.000
31854.000,0.000,-48546.000,16.000,7200.000,0.000,-2.000,0.000,0.000
31864.000,0.000,-48546.000,16.000,7200.000,0.000,-2.000,0.000,0.000
31874.000,0.000,-48546.000,16.000,7200.000,0.000,-2.000,0.000,0.000
31884.000,0.000,-48546.000,16.000,7200.000,0.000,-2.000,0.000,0.000
31894.000,0.000,-48546.000,16.000,7200.000,0.000,-2.000,0.000,0.000
31904.000,0.000,-48546.000,16.000,7200.000,0.000,-2.000,0.000,0.000
31914.000,0.000,-48546.000,16.000,7200.000,0.000,-2.000,0.000,0.000
31924.000,0.000,-48546.000,16.000,7200.000,0.000,-2.000,0.000,0.000
31934.000,0.000,-48546.000,16.000,7200.000,0.000,-2.000,0.000,0.000
31944.000,0.000,-48546.000,16.000,7200.000,0.000,-2.000,0.000,0.000
31954.000,0.000,-48546.000,16.000,7200.000,0.000,-2.000,0.000,0.000
31964.000,0.000,-48546.000,16.000,7200.000,0.000,-2.000,0.000,0.000
31974.000,0.000,-48546.000,16.000,7200.000,0.000,-2.000,0.000,0.000
31984.000,0.000,-48546.000,16.000,7200.000,0.000,-2.000,0.000,0.000
31994.000,0.000,-48546.000,16.000,7200.000,0.000,-2.000,0.000,0.000
32004.000,0.000,-48546.000,16.000,7200.000,0.000,-2.000,0.000,0.000
32014.000,0.000,-48546.000,16.000,7200.000,0.000,-2.000,0.000,0.000
32024.000,0.000,-48546.000,16.000,7200.000,0.000,-2.000,0.000,0.000
32034.000,0.000,-48546.000,16.000,7200.000,0.000,-2.000,0.000,0.000
32044.000,0.000,-48546.000,16.000,7200.000,0.000,-2.000,0.000,0.000
32054.000,0.000,-48546.000,16.000,7200.000,0.000,-2.000,0.000,0.000
32064.000,0.000,-48546.000,16.000,7200.000,0.000,-2.000,0.000,0.000
32074.000,0.000,-48546.000,16.000,7200.000,0.000,-2.000,0.000,0.000
32084.000,0.000,-48546.000,16.000,7200.000,0.000,-2.000,0.000,0.000
32094.000,0.000,-48546.000,16.000,7200.000,0.000,-2.000,0.000,0.000
32104.000,0.000,-48546.000,16.000,7200.000,0.000,-2.000,0.000,0.000
32114.000,0.000,-48546.000,16.000,7200.000,0.000,-2.000,0.000,0.000
32124.000,0.000,-48546.000,16.000,7200.000,0.000,-2.000,0.000,0.000
32134.000,0.000,-48546.000,16.000,7200.000,0.000,-2.000,0.000,0.000
32144.000,0.000,-48546.000,16.000,7200.000,0.000,-2.000,0.000,0.000
32154.000,0.000,-48546.000,16.000,7200.000,0.000,-2.000,0.000,0.000
32164.000,0.000,-48546.000,16.000,7200.000,0.000,-2.000,0.000,0.000
32174.000,0.000,-48546.000,16.000,7200.000,0.000,-2.000,0.000,0.000
32184.000,0.000,-48546.000,16.000,7200.000,0.000,-2.000,0.000,0.000
32194.000,0.000,-48546.000,16.000,7200.000,0.000,-2.000,0.000,0.000
32204.000,0.000,-48546.000,16.000,7200.000,0.000,-2.000,0.000,0.000
32214.000,0.000,-48546.000,16.000,7200.000,0.000,-2.000,0.000,0.000
32224.000,0.000,-48546.000,16.000,7200.000,0.000,-2.000,0.000,0.000
32234.000,0.000,-48546.000,16.000,7200.000,0.000,-2.000,0.000,0.000
32244.000,0.000,-48546.000,16.000,7200.000,0.000,-2.000,0.000,0.000
32254.000,0.000,-48546.000,16.000,7200.000,0.000,-2.000,0.000,0.000
32264.000,0.000,-48546.000,16.000,7200.000,0.000,-2.000,0.000,0.000
32274.000,0.000,-48546.000,16.000,7200.000,0.000,-2.000,0.000,0.000
32284.000,0.000,-48546.000,16.000,7200.000,0.000,-2.000,0.000,0.000
32294.000,0.000,-48546.000,16.000,7200.000,0.000,-2.000,0.000,0.000
32304.000,0.000,-48546.000,16.000,7200.000,0.000,-2.000,0.000,0.000
32314.000,0.000,-48546.000,16.000,7200.000,0.000,-2.000,0.000,0.000
32324.000,0.000,-48546.000,16.000,7200.000,0.000,-2.000,0.000,0.000
32334.000,0.000,-48546.000,16.000,7200.000,0.000,-2.000,0.000,0.000
32344.000,0.000,-48546.000,16.000,7200.000,0.000,-2.000,0.000,0.000
32354.000,0.000,-48546.000,16.000,7200.000,0.000,-2.000,0.000,0.000
32364.000,0.000,-48546.000,16.000,7200.000,0.000,-2.000,0.000,0.000
32374.000,0.000,-48546.000,16.000,7200.000,0.000,-2.000,0.000,0.000
32384.000,0.000,-48546.000,16.000,7200.000,0.000,-2.000,0.000,0.000
32394.000,0.000,-48546.000,16.000,7200.000,0.000,-2.000,0.000,0.000
32404.000,0.000,-48546.000,16.000,7200.000,0.000,-2.000,0.000,0.000
32414.000,0.000,-48546.000,16.000,7200.000,0.000,-2.000,0.000,0.000
32424.000,0.000,-48546.000,16.000,7200.000,0.000,-2.000,0.000,0.000
32434.000,0.000,-48546.000,16.000,7200.000,0.000,-2.000,0.000,0.000
32444.000,0.000,-48546.000,16.000,7200.000,0.000,-2.000,0.000,0.000
32454.000,0.000,-48546.000,16.000,7200.000,0.000,-2.000,0.000,0.000
32464.000,0.000,-48546.000,16.000,7200.000,0.000,-2.000,0.000,0.000
32474.000,0.000,-48546.000,16.000,7200.000,0.000,-2.000,0.000,0.000
32484.000,0.000,-48546.000,16.000,7200.000,0.000,-2.000,0.000,0.000
32494.000,0.000,-48546.000,16.000,7200.000,0.000,-2.000,0.000,0.000
32504.000,0.000,-48546.000,16.000,7200.000,0.000,-2.000,0.000,0.000
32514.000,0.000,-48546.000,16.000,7200.000,0.000,-2.000,0.000,0.000
32524.000,0.000,-48546.000,16.000,7200.000,0.000,-2.000,0.000,0.000
32534.000,0.000,-48546.000,16.000,7200.000,0.000,-2.000,0.000,0.000
32544.000,0.000,-48546.000,16.000,7200.000,0.000,-2.000,0.000,0.000
32554.000,0.000,-48546.000,16.000,7200.000,0.000,-2.000,0.000,0.000
32564.000,0.000,-48546.000,16.000,7200.000,0.000,-2.000,0.000,0.000
32574.000,0.000,-48546.000,16.000,7200.000,0.000,-2.000,0.000,0.000
32584.000,0.000,-48546.000,16.000,7200.000,0.000,-2.000,0.000,0.000
32594.000,0.000,-48546.000,16.000,7200.000,0.000,-2.000,0.000,0.000
32604.000,0.000,-48546.000,16.000,7200.000,0.000,-2.000,0.000,0.000
32614.000,0.000,-48546.000,16.000,7200.000,0.000,-2.000,0.000,0.000
32624.000,0.000,-48546.000,16.000,7200.000,0.000,-2.000,0.000,0.000
32634.000,0.000,-48546.000,16.000,7200.000,0.000,-2.000,0.000,0.000
32644.000,0.000,-48546.000,16.000,7200.000,0.000,-2.000,0.000,0.000
32654.000,0.000,-48546.000,16.000,7200.000,0.000,-2.000,0.000,0.000
32664.000,0.000,-48546.000,16.000,7200.000,0.000,-2.000,0.000,0.000
32674.000,0.000,-48546.000,16.000,7200.000,0.000,-2.000,0.000,0.000
32684.000,0.000,-48546.000,16.000,7200.000,0.000,-2.000,0.000,0.000
32694.000,0.000,-48546.000,16.000,7200.000,0.000,-2.000,0.000,0.000
32704.000,0.000,-48546.000,16.000,7200.000,0.000,-2.000,0.000,0.000
32714.000,0.000,-48546.000,16.000,7200.000,0.000,-2.000,0.000,0.000
32724.000,0.000,-48546.000,16.000,7200.000,0.000,-2.000,0.000,0.000
32734.000,0.000,-48546.000,16.000,7200.000,0.000,-2.000,0.000,0.000
32744.000,0.000,-48546.000,16.000,7200.000,0.000,-2.000,0.000,0.000
32754.000,0.000,-48546.000,16.000,7200.000,0.000,-2.000,0.000,0.000
32764.000,0.000,-48546.000,16.000,7200.000,0.000,-2.000,0.000,0.000
32774.000,0.000,-48546.000,16.000,7200.000,0.000,-2.000,0.000,0.000
32784.000,0.000,-48546.000,16.000,7200.000,0.000,-2.000,0.000,0.000
32794.000,0.000,-48546.000,16.000,7200.000,0.000,-2.000,0.000,0.000
32804.000,0.000,-48546.000,16.000,7200.000,0.000,-2.000,0.000,0.000
32814.000,0.000,-48546.000,16.000,7200.000,0.000,-2.000,0.000,0.000
32824.000,0.000,-48546.000,16.000,7200.000,0.000,-2.000,0.000,0.000
32834.000,0.000,-48546.000,16.000,7200.000,0.000,-2.000,0.000,0.000
32844.000,0.000,-48546.000,16.000,7200.000,0.000,-2.000,0.000,0.000
32854.000,0.000,-48546.000,16.000,7200.000,0.000,-2.000,0.000,0.000
32864.000,0.000,-48546.000,16.000,7200.000,0.000,-2.000,0.000,0.000
32874.000,0.000,-48546.000,16.000,7200.000,0.000,-2.000,0.000,0.000
32884.000,0.000,-48546.000,16.000,7200.000,0.000,-2.000,0.000,0.000
32894.000,0.000,-48546.000,16.000,7200.000,0.000,-2.000,0.000,0.000
32904.000,0.000,-48546.000,16.000,7200.000,0.000,-2.000,0.000,0.000
32914.000,0.000,-48546.000,16.000,7200.000,0.000,-2.000,0.000,0.000
32924.000,0.000,-48546.000,16.000,7200.000,0.000,-2.000,0.000,0.000
32934.000,0.000,-48546.000,16.000,7200.000,0.000,-2.000,0.000,0.000
32944.000,0.000,-48546.000,16.000,7200.000,0.000,-2.000,0.000,0.000
32954.000,0.000,-48546.000,16.000,7200.000,0.000,-2.000,0.000,0.000
32964.000,0.000,-48546.000,16.000,7200.000,0.000,-2.000,0.000,0.000
32974.000,0.000,-48546.000,16.000,7200.000,0.000,-2.000,0.000,0.000
32984.000,0.000,-48546.000,16.000,7200.000,0.000,-2.000,0.000,0.000
32994.000,0.000,-48546.000,16.000,7200.000,0.000,-2.000,0.000,0.000
33004.000,0.000,-48546.000,16.000,7200.000,0.000,-2.000,0.000,0.000
33014.000,0.000,-48546.000,16.000,7200.000,0.000,-2.000,0.000,0.000
33024.000,0.000,-48546.000,16.000,7200.000,0.000,-2.000,0.000,0.000
33034.000,0.000,-48546.000,16.000,7200.000,0.000,-2.000,0.000,0.000
33044.000,0.000,-48546.000,16.000,7200.000,0.000,-2.000,0.000,0.000
33054.000,0.000,-48546.000,16.000,7200.000,0.000,-2.000,0.000,0.000
33064.000,0.000,-48546.000,16.000,7200.000,0.000,-2.000,0.000,0.000
33074.000,0.000,-48546.000,16.000,7200.000,0.000,-2.000,0.000,0.000
33084.000,0.000,-48546.000,16.000,7200.000,0.000,-2.000,0.000,0.000
33094.000,0.000,-48546.000,16.000,7200.000,0.000,-2.000,0.000,0.000
33104.000,0.000,-48546.000,16.000,7200.000,0.000,-2.000,0.000,0.000
33114.000,0.000,-48546.000,16.000,7200.000,0.000,-2.000,0.000,0.000
33124.000,0.000,-48546.000,16.000,7200.000,0.000,-2.000,0.000,0.000
33134.000,0.000,-48546.000,16.000,7200.000,0.000,-2.000,0.000,0.000
33144.000,0.000,-48546.000,16.000,7200.000,0.000,-2.000,0.000,0.000
33154.000,0.000,-48546.000,16.000,7200.000,0.000,-2.000,0.000,0.000
33164.000,0.000,-48546.000,16.000,7200.000,0.000,-2.000,0.000,0.000
33174.000,0.000,-48546.000,16.000,7200.000,0.000,-2.000,0.000,0.000
33184.000,0.000,-48546.000,16.000,7200.000,0.000,-2.000,0.000,0.000
33194.000,0.000,-48546.000,16.000,7200.000,0.000,-2.000,0.000,0.000
33204.000,0.000,-48546.000,16.000,7200.000,0.000,-2.000,0.000,0.000
33214.000,0.000,-48546.000,16.000,7200.000,0.000,-2.000,0.000,0.000
33224.000,0.000,-48546.000,16.000,7200.000,0.000,-2.000,0.000,0.000
33234.000,0.000,-48546.000,16.000,7200.000,0.000,-2.000,0.000,0.000
33244.000,0.000,-48546.000,16.000,7200.000,0.000,-2.000,0.000,0.000
33254.000,0.000,-48546.000,16.000,7200.000,0.000,-2.000,0.000,0.000
33264.000,0.000,-48546.000,16.000,7200.000,0.000,-2.000,0.000,0.000
33274.000,0.000,-48546.000,16.000,7200.000,0.000,-2.000,0.000,0.000
33284.000,0.000,-48546.000,16.000,7200.000,0.000,-2.000,0.000,0.000
33294.000,0.000,-48546.000,16.000,7200.000,0.000,-2.000,0.000,0.000
33304.000,0.000,-48546.000,16.000,7200.000,0.000,-2.000,0.000,0.000
33314.000,0.000,-48546.000,16.000,7200.000,0.000,-2.000,0.000,0.000
33324.000,0.000,-48546.000,16.000,7200.000,0.000,-2.000,0.000,0.000
33334.000,0.000,-48546.000,16.000,7200.000,0.000,-2.000,0.000,0.000
33344.000,0.000,-48546.000,16.000,7200.000,0.000,-2.000,0.000,0.000
33354.000,0.000,-48546.000,16.000,7200.000,0.000,-2.000,0.000,0.000
33364.000,0.000,-48546.000,16.000,7200.000,0.000,-2.000,0.000,0.000
33374.000,0.000,-48546.000,16.000,7200.000,0.000,-2.000,0.000,0.000
33384.000,0.000,-48546.000,16.000,7200.000,0.000,-2.000,0.000,0.000
33394.000,0.000,-48546.000,16.000,7200.000,0.000,-2.000,0.000,0.000
33404.000,0.000,-48546.000,16.000,7200.000,0.000,-2.000,0.000,0.000
33414.000,0.000,-48546.000,16.000,7200.000,0.000,-2.000,0.000,0.000
33424.000,0.000,-48546.000,16.000,7200.000,0.000,-2.000,0.000,0.000
33434.000,0.000,-48546.000,16.000,7200.000,0.000,-2.000,0.000,0.000
33444.000,0.000,-48546.000,16.000,7200.000,0.000,-2.000,0.000,0.000
33454.000,0.000,-48546.000,16.000,7200.000,0.000,-2.000,0.000,0.000
33464.000,0.000,-48546.000,16.000,7200.000,0.000,-2.000,0.000,0.000
33474.000,0.000,-48546.000,16.000,7200.000,0.000,-2.000,0.000,0.000
33484.000,0.000,-48546.000,16.000,7200.000,0.000,-2.000,0.000,0.000
33494.000,0.000,-48546.000,16.000,7200.000,0.000,-2.000,0.000,0.000
33504.000,0.000,-48546.000,16.000,7200.000,0.000,-2.000,0.000,0.000
33514.000,0.000,-48546.000,16.000,7200.000,0.000,-2.000,0.000,0.000
33524.000,0.000,-48546.000,16.000,7200.000,0.000,-2.000,0.000,0.000
33534.000,0.000,-48546.000,16.000,7200.000,0.000,-2.000,0.000,0.000
33544.000,0.000,-48546.000,16.000,7200.000,0.000,-2.000,0.000,0.000
33554.000,0.000,-48546.000,16.000,7200.000,0.000,-2.000,0.000,0.000
33564.000,0.000,-48546.000,16.000,7200.000,0.000,-2.000,0.000,0.000
33574.000,0.000,-48546.000,16.000,7200.000,0.000,-2.000,0.000,0.000
33584.000,0.000,-48546.000,16.000,7200.000,0.000,-2.000,0.000,0.000
33594.000,0.000,-48546.000,16.000,7200.000,0.000,-2.000,0.000,0.000
33604.000,0.000,-48546.000,16.000,7200.000,0.000,-2.000,0.000,0.000
33614.000,0.000,-48546.000,16.000,7200.000,0.000,-2.000,0.000,0.000
33624.000,0.000,-48546.000,16.000,7200.000,0.000,-2.000,0.000,0.000
33634.000,0.000,-48546.000,16.000,7200.000,0.000,-2.000,0.000,0.000
33644.000,0.000,-48546.000,16.000,7200.000,0.000,-2.000,0.000,0.000
33654.000,0.000,-48546.000,16.000,7200.000,0.000,-2.000,0.000,0.000
33664.000,0.000,-48546.000,16.000,7200.000,0.000,-2.000,0.000,0.000
33674.000,0.000,-48546.000,16.000,7200.000,0.000,-2.000,0.000,0.000
33684.000,0.000,-48546.000,16.000,7200.000,0.000,-2.000,0.000,0.000
33694.000,0.000,-48546.000,16.000,7200.000,0.000,-2.000,0.000,0.000
33704.000,0.000,-48546.000,16.000,7200.000,0.000,-2.000,0.000,0.000
33714.000,0.000,-48546.000,16.000,7200.000,0.000,-2.000,0.000,0.000
33724.000,0.000,-48546.000,16.000,7200.000,0.000,-2.000,0.000,0.000
33734.000,0.000,-48546.000,16.000,7200.000,0.000,-2.000,0.000,0.000
33744.000,0.000,-48546.000,16.000,7200.000,0.000,-2.000,0.000,0.000
33754.000,0.000,-48546.000,16.000,7200.000,0.000,-2.000,0.000,0.000
33764.000,0.000,-48546.000,16.000,7200.000,0.000,-2.000,0.000,0.000
33774.000,0.000,-48546.000,16.000,7200.000,0.000,-2.000,0.000,0.000
33784.000,0.000,-48546.000,16.000,7200.000,0.000,-2.000,0.000,0.000
33794.000,0.000,-48546.000,16.000,7200.000,0.000,-2.000,0.000,0.000
33804.000,0.000,-48546.000,16.000,7200.000,0.000,-2.000,0.000,0.000
33814.000,0.000,-48546.000,16.000,7200.000,0.000,-2.000,0.000,0.000
33824.000,0.000,-48546.000,16.000,7200.000,0.000,-2.000,0.000,0.000
33834.000,0.000,-48546.000,16.000,7200.000,0.000,-2.000,0.000,0.000
33844.000,0.000,-48546.000,16.000,7200.000,0.000,-2.000,0.000,0.000
33854.000,0.000,-48546.000,16.000,7200.000,0.000,-2.000,0.000,0.000
33864.000,0.000,-48546.000,16.000,7200.000,0.000,-2.000,0.000,0.000
33874.000,0.000,-48546.000,16.000,7200.000,0.000,-2.000,0.000,0.000
33884.000,0.000,-48546.000,16.000,7200.000,0.000,-2.000,0.000,0.000
33894.000,0.000,-48546.000,16.000,7200.000,0.000,-2.000,0.000,0.000
33904.000,0.000,-48546.000,16.000,7200.000,0.000,-2.000,0.000,0.000
33914.000,0.000,-48546.000,16.000,7200.000,0.000,-2.000,0.000,0.000
33924.000,0.000,-48546.000,16.000,7200.000,0.000,-2.000,0.000,0.000
33934.000,0.000,-48546.000,16.000,7200.000,0.000,-2.000,0.000,0.000
33944.000,0.000,-48546.000,16.000,7200.000,0.000,-2.000,0.000,0.000
33954.000,0.000,-48546.000,16.000,7200.000,0.000,-2.000,0.000,0.000
33964.000,0.000,-48546.000,16.000,7200.000,0.000,-2.000,0.000,0.000
33974.000,0.000,-48546.000,16.000,7200.000,0.000,-2.000,0.000,0.000
33984.000,0.000,-48546.000,16.000,7200.000,0.000,-2.000,0.000,0.000
33994.000,0.000,-48546.000,16.000,7200.000,0.000,-2.000,0.000,0.000
34004.000,0.000,-48546.000,16.000,7200.000,0.000,-2.000,0.000,0.000
34014.000,0.000,-48546.000,16.000,7200.000,0.000,-2.000,0.000,0.000
34024.000,0.000,-48546.000,16.000,7200.000,0.000,-2.000,0.000,0.000
34034.000,0.000,-48546.000,16.000,7200.000,0.000,-2.000,0.000,0.000
34044.000,0.000,-48546.000,16.000,7200.000,0.000,-2.000,0.000,0.000
34054.000,0.000,-48546.000,16.000,7200.000,0.000,-2.000,0.000,0.000
34064.000,0.000,-48546.000,16.000,7200.000,0.000,-2.000,0.000,0.000
34074.000,0.000,-48546.000,16.000,7200.000,0.000,-2.000,0.000,0.000
34084.000,0.000,-48546.000,16.000,7200.000,0.000,-2.000,0.000,0.000
34094.000,0.000,-48546.000,16.000,7200.000,0.000,-2.000,0.000,0.000
34104.000,0.000,-48546.000,16.000,7200.000,0.000,-2.000,0.000,0.000
34114.000,0.000,-48546.000,16.000,7200.000,0.000,-2.000,0.000,0.000
34124.000,0.000,-48546.000,16.000,7200.000,0.000,-2.000,0.000,0.000
34134.000,0.000,-48546.000,16.000,7200.000,0.000,-2.000,0.000,0.000
34144.000,0.000,-48546.000,16.000,7200.000,0.000,-2.000,0.000,0.000
34154.000,0.000,-48546.000,16.000,7200.000,0.000,-2.000,0.000,0.000
34164.000,0.000,-48546.000,16.000,7200.000,0.000,-2.000,0.000,0.000
34174.000,0.000,-48546.000,16.000,7200.000,0.000,-2.000,0.000,0.000
34184.000,0.000,-48546.000,16.000,7200.000,0.000,-2.000,0.000,0.000
34194.000,0.000,-48546.000,16.000,7200.000,0.000,-2.000,0.000,0.000
34204.000,0.000,-48546.000,16.000,7200.000,0.000,-2.000,0.000,0.000
34214.000,0.000,-48546.000,16.000,7200.000,0.000,-2.000,0.000,0.000
34224.000,0.000,-48546.000,16.000,7200.000,0.000,-2.000,0.000,0.000
34234.000,0.000,-48546.000,16.000,7200.000,0.000,-2.000,0.000,0.000
34244.000,0.000,-48546.000,16.000,7200.000,0.000,-2.000,0.000,0.000
34254.000,0.000,-48546.000,16.000,7200.000,0.000,-2.000,0.000,0.000
34264.000,0.000,-48546.000,16.000,7200.000,0.000,-2.000,0.000,0.000
34274.000,0.000,-48546.000,16.000,7200.000,0.000,-2.000,0.000,0.000
34284.000,0.000,-48546.000,16.000,7200.000,0.000,-2.000,0.000,0.000
34294.000,0.000,-48546.000,16.000,7200.000,0.000,-2.000,0.000,0.000
34304.000,0.000,-48546.000,16.000,7200.000,0.000,-2.000,0.000,0.000
34314.000,0.000,-48546.000,16.000,7200.000,0.000,-2.000,0.000,0.000
34324.000,0.000,-48546.000,16.000,7200.000,0.000,-2.000,0.000,0.000
34334.000,0.000,-48546.000,16.000,7200.000,0.000,-2.000,0.000,0.000
34344.000,0.000,-48546.000,16.000,7200.000,0.000,-2.000,0.000,0.000
34354.000,0.000,-48546.000,16.000,7200.000,0.000,-2.000,0.000,0.000
34364.000,0.000,-48546.000,16.000,7200.000,0.000,-2.000,0.000,0.000
34374.000,0.000,-48546.000,16.000,7200.000,0.000,-2.000,0.000,0.000
34384.000,0.000,-48546.000,16.000,7200.000,0.000,-2.000,0.000,0.000
34394.000,0.000,-48546.000,16.000,7200.000,0.000,-2.000,0.000,0.000
34404.000,0.000,-48546.000,16.000,7200.000,0.000,-2.000,0.000,0.000
34414.000,0.000,-48546.000,16.000,7200.000,0.000,-2.000,0.000,0.000
34424.000,0.000,-48546.000,16.000,7200.000,0.000,-2.000,0.000,0.000
34434.000,0.000,-48546.000,16.000,7200.000,0.000,-2.000,0.000,0.000
34444.000,0.000,-48546.000,16.000,7200.000,0.000,-2.000,0.000,0.000
34454.000,0.000,-48546.000,16.000,7200.000,0.000,-2.000,0.000,0.000
34464.000,0.000,-48546.000,16.000,7200.000,0.000,-2.000,0.000,0.000
34474.000,0.000,-48546.000,16.000,7200.000,0.000,-2.000,0.000,0.000
34484.000,0.000,-48546.000,16.000,7200.000,0.000,-2.000,0.000,0.000
34494.000,0.000,-48546.000,16.000,7200.000,0.000,-2.000,0.000,0.000
34504.000,0.000,-48546.000,16.000,7200.000,0.000,-2.000,0.000,0.000
34514.000,0.000,-48546.000,16.000,7200.000,0.000,-2.000,0.000,0.000
34524.000,0.000,-48546.000,16.000,7200.000,0.000,-2.000,0.000,0.000
34534.000,0.000,-48546.000,16.000,7200.000,0.000,-2.000,0.000,0.000
34544.000,0.000,-48546.000,16.000,7200.000,0.000,-2.000,0.000,0.000
34554.000,0.000,-48546.000,16.000,7200.000,0.000,-2.000,0.000,0.000
34564.000,0.000,-48546.000,16.000,7200.000,0.000,-2.000,0.000,0.000
34574.000,0.000,-48546.000,16.000,7200.000,0.000,-2.000,0.000,0.000
34584.000,0.000,-48546.000,16.000,7200.000,0.000,-2.000,0.000,0.000
34594.000,0.000,-48546.000,16.000,7200.000,0.000,-2.000,0.000,0.000
34604.000,0.000,-48546.000,16.000,7200.000,0.000,-2.000,0.000,0.000
34614.000,0.000,-48546.000,16.000,7200.000,0.000,-2.000,0.000,0.000
34624.000,0.000,-48546.000,16.000,7200.000,0.000,-2.000,0.000,0.000
34634.000,0.000,-48546.000,16.000,7200.000,0.000,-2.000,0.000,0.000
34644.000,0.000,-48546.000,16.000,7200.000,0.000,-2.000,0.000,0.000
34654.000,0.000,-48546.000,16.000,7200.000,0.000,-2.000,0.000,0.000
34664.000,0.000,-48546.000,16.000,7200.000,0.000,-2.000,0.000,0.000
34674.000,0.000,-48546.000,16.000,7200.000,0.000,-2.000,0.000,0.000
34684.000,0.000,-48546.000,16.000,7200.000,0.000,-2.000,0.000,0.000
34694.000,0.000,-48546.000,16.000,7200.000,0.000,-2.000,0.000,0.000
34704.000,0.000,-48546.000,16.000,7200.000,0.000,-2.000,0.000,0.000
34714.000,0.000,-48546.000,16.000,7200.000,0.000,-2.000,0.000,0.000
34724.000,0.000,-48546.000,16.000,7200.000,0.000,-2.000,0.000,0.000
34734.000,0.000,-48546.000,16.000,7200.000,0.000,-2.000,0.000,0.000
34744.000,0.000,-48546.000,16.000,7200.000,0.000,-2.000,0.000,0.000
34754.000,0.000,-48546.000,16.000,7200.000,0.000,-2.000,0.000,0.000
34764.000,0.000,-48546.000,16.000,7200.000,0.000,-2.000,0.000,0.000
34774.000,0.000,-48546.000,16.000,7200.000,0.000,-2.000,0.000,0.000
34784.000,0.000,-48546.000,16.000,7200.000,0.000,-2.000,0.000,0.000
34794.000,0.000,-48546.000,16.000,7200.000,0.000,-2.000,0.000,0.000
34804.000,0.000,-48546.000,16.000,7200.000,0.000,-2.000,0.000,0.000
34814.000,0.000,-48546.000,16.000,7200.000,0.000,-2.000,0.000,0.000
34824.000,0.000,-48546.000,16.000,7200.000,0.000,-2.000,0.000,0.000
34834.000,0.000,-48546.000,16.000,7200.000,0.000,-2.000,0.000,0.000
34844.000,0.000,-48546.000,16.000,7200.000,0.000,-2.000,0.000,0.000
34854.000,0.000,-48546.000,16.000,7200.000,0.000,-2.000,0.000,0.000
34864.000,0.000,-48546.000,16.000,7200.000,0.000,-2.000,0.000,0.000
34874.000,0.000,-48546.000,16.000,7200.000,0.000,-2.000,0.000,0.000
34884.000,0.000,-48546.000,16.000,7200.000,0.000,-2.000,0.000,0.000
34894.000,0.000,-48546.000,16.000,7200.000,0.000,-2.000,0.000,0.000
34904.000,0.000,-48546.000,16.000,7200.000,0.000,-2.000,0.000,0.000
34914.000,0.000,-48546.000,16.000,7200.000,0.000,-2.000,0.000,0.000
34924.000,0.000,-48546.000,16.000,7200.000,0.000,-2.000,0.000,0.000
34934.000,0.000,-48546.000,16.000,7200.000,0.000,-2.000,0.000,0.000
34944.000,0.000,-48546.000,16.000,7200.000,0.000,-2.000,0.000,0.000
34954.000,0.000,-48546.000,16.000,7200.000,0.000,-2.000,0.000,0.000
34964.000,0.000,-48546.000,16.000,7200.000,0.000,-2.000,0.000,0.000
34974.000,0.000,-48546.000,16.000,7200.000,0.000,-2.000,0.000,0.000
34984.000,0.000,-48546.000,16.000,7200.000,0.000,-2.000,0.000,0.000
34994.000,0.000,-48546.000,16.000,7200.000,0.000,-2.000,0.000,0.000
35004.000,0.000,-48546.000,16.000,7200.000,0.000,-2.000,0.000,0.000
35014.000,0.000,-48546.000,16.000,7200.000,0.000,-2.000,0.000,0.000
35024.000,0.000,-48546.000,16.000,7200.000,0.000,-2.000,0.000,0.000
35034.000,0.000,-48546.000,16.000,7200.000,0.000,-2.000,0.000,0.000
35044.000,0.000,-48546.000,16.000,7200.000,0.000,-2.000,0.000,0.000
35054.000,0.000,-48546.000,16.000,7200.000,0.000,-2.000,0.000,0.000
35064.000,0.000,-48546.000,16.000,7200.000,0.000,-2.000,0.000,0.000
35074.000,0.000,-48546.000,16.000,7200.000,0.000,-2.000,0.000,0.000
35084.000,0.000,-48546.000,16.000,7200.000,0.000,-2.000,0.000,0.000
35094.000,0.000,-48546.000,16.000,7200.000,0.000,-2.000,0.000,0.000
35104.000,0.000,-48546.000,16.000,7200.000,0.000,-2.000,0.000,0.000
35114.000,0.000,-48546.000,16.000,7200.000,0.000,-2.000,0.000,0.000
35124.000,0.000,-48546.000,16.000,7200.000,0.000,-2.000,0.000,0.000
35134.000,0.000,-48546.000,16.000,7200.000,0.000,-2.000,0.000,0.000
35144.000,0.000,-48546.000,16.000,7200.000,0.000,-2.000,0.000,0.000
35154.000,0.000,-48546.000,16.000,7200.000,0.000,-2.000,0.000,0.000
35164.000,0.000,-48546.000,16.000,7200.000,0.000,-2.000,0.000,0.000
35174.000,0.000,-48546.000,16.000,7200.000,0.000,-2.000,0.000,0.000
35184.000,0.000,-48546.000,16.000,7200.000,0.000,-2.000,0.000,0.000
35194.000,0.000,-48546.000,16.000,7200.000,0.000,-2.000,0.000,0.000
35204.000,0.000,-48546.000,16.000,7200.000,0.000,-2.000,0.000,0.000
35214.000,0.000,-48546.000,16.000,7200.000,0.000,-2.000,0.000,0.000
35224.000,0.000,-48546.000,16.000,7200.000,0.000,-2.000,0.000,0.000
35234.000,0.000,-48546.000,16.000,7200.000,0.000,-2.000,0.000,0.000
35244.000,0.000,-48546.000,16.000,7200.000,0.000,-2.000,0.000,0.000
35254.000,0.000,-48546.000,16.000,7200.000,0.000,-2.000,0.000,0.000
35264.000,0.000,-48546.000,16.000,7200.000,0.000,-2.000,0.000,0.000
35274.000,0.000,-48546.000,16.000,7200.000,0.000,-2.000,0.000,0.000
35284.000,0.000,-48546.000,16.000,7200.000,0.000,-2.000,0.000,0.000
35294.000,0.000,-48546.000,16.000,7200.000,0.000,-2.000,0.000,0.000
35304.000,0.000,-48546.000,16.000,7200.000,0.000,-2.000,0.000,0.000
35314.000,0.000,-48546.000,16.000,7200.000,0.000,-2.000,0.000,0.000
35324.000,0.000,-48546.000,16.000,7200.000,0.000,-2.000,0.000,0.000
35334.000,0.000,-48546.000,16.000,7200.000,0.000,-2.000,0.000,0.000
35344.000,0.000,-48546.000,16.000,7200.000,0.000,-2.000,0.000,0.000
35354.000,0.000,-48546.000,16.000,7200.000,0.000,-2.000,0.000,0.000
35364.000,0.000,-48546.000,16.000,7200.000,0.000,-2.000,0.000,0.000
35374.000,0.000,-48546.000,16.000,7200.000,0.000,-2.000,0.000,0.000
35384.000,0.000,-48546.000,16.000,7200.000,0.000,-2.000,0.000,0.000
35394.000,0.000,-48546.000,16.000,7200.000,0.000,-2.000,0.000,0.000
35404.000,0.000,-48546.000,16.000,7200.000,0.000,-2.000,0.000,0.000
35414.000,0.000,-48546.000,16.000,7200.000,0.000,-2.000,0.000,0.000
35424.000,0.000,-48546.000,16.000,7200.000,0.000,-2.000,0.000,0.000
35434.000,0.000,-48546.000,16.000,7200.000,0.000,-2.000,0.000,0.000
35444.000,0.000,-48546.000,16.000,7200.000,0.000,-2.000,0.000,0.000
35454.000,0.000,-48546.000,16.000,7200.000,0.000,-2.000,0.000,0.000
35464.000,0.000,-48546.000,16.000,7200.000,0.000,-2.000,0.000,0.000
35474.000,0.000,-48546.000,16.000,7200.000,0.000,-2.000,0.000,0.000
35484.000,0.000,-48546.000,16.000,7200.000,0.000,-2.000,0.000,0.000
35494.000,0.000,-48546.000,16.000,7200.000,0.000,-2.000,0.000,0.000
35504.000,0.000,-48546.000,16.000,7200.000,0.000,-2.000,0.000,0.000
35514.000,0.000,-48546.000,16.000,7200.000,0.000,-2.000,0.000,0.000
35524.000,0.000,-48546.000,16.000,7200.000,0.000,-2.000,0.000,0.000
35534.000,0.000,-48546.000,16.000,7200.000,0.000,-2.000,0.000,0.000
35544.000,0.000,-48546.000,16.000,7200.000,0.000,-2.000,0.000,0.000
35554.000,0.000,-48546.000,16.000,7200.000,0.000,-2.000,0.000,0.000
35564.000,0.000,-48546.000,16.000,7200.000,0.000,-2.000,0.000,0.000
35574.000,0.000,-48546.000,16.000,7200.000,0.000,-2.000,0.000,0.000
35584.000,0.000,-48546.000,16.000,7200.000,0.000,-2.000,0.000,0.000
35594.000,0.000,-48546.000,16.000,7200.000,0.000,-2.000,0.000,0.000
35604.000,0.000,-48546.000,16.000,7200.000,0.000,-2.000,0.000,0.000
35614.000,0.000,-48546.000,16.000,7200.000,0.000,-2.000,0.000,0.000
35624.000,0.000,-48546.000,16.000,7200.000,0.000,-2.000,0.000,0.000
35634.000,0.000,-48546.000,16.000,7200.000,0.000,-2.000,0.000,0.000
35644.000,0.000,-48546.000,16.000,7200.000,0.000,-2.000,0.000,0.000
35654.000,0.000,-48546.000,16.000,7200.000,0.000,-2.000,0.000,0.000
35664.000,0.000,-48546.000,16.000,7200.000,0.000,-2.000,0.000,0.000
35674.000,0.000,-48546.000,16.000,7200.000,0.000,-2.000,0.000,0.000
35684.000,0.000,-48546.000,16.000,7200.000,0.000,-2.000,0.000,0.000
35694.000,0.000,-48546.000,16.000,7200.000,0.000,-2.000,0.000,0.000
35704.000,0.000,-48546.000,16.000,7200.000,0.000,-2.000,0.000,0.000
35714.000,0.000,-48546.000,16.000,7200.000,0.000,-2.000,0.000,0.000
35724.000,0.000,-48546.000,16.000,7200.000,0.000,-2.000,0.000,0.000
35734.000,0.000,-48546.000,16.000,7200.000,0.000,-2.000,0.000,0.000
35744.000,0.000,-48546.000,16.000,7200.000,0.000,-2.000,0.000,0.000
35754.000,0.000,-48546.000,16.000,7200.000,0.000,-2.000,0.000,0.000
35764.000,0.000,-48546.000,16.000,7200.000,0.000,-2.000,0.000,0.000
35774.000,0.000,-48546.000,16.000,7200.000,0.000,-2.000,0.000,0.000
35784.000,0.000,-48546.000,16.000,7200.000,0.000,-2.000,0.000,0.000
35794.000,0.000,-48546.000,16.000,7200.000,0.000,-2.000,0.000,0.000
35804.000,0.000,-48546.000,16.000,7200.000,0.000,-2.000,0.000,0.000
35814.000,0.000,-48546.000,16.000,7200.000,0.000,-2.000,0.000,0.000
35824.000,0.000,-48546.000,16.000,7200.000,0.000,-2.000,0.000,0.000
35834.000,0.000,-48546.000,16.000,7200.000,0.000,-2.000,0.000,0.000
35844.000,0.000,-48546.000,16.000,7200.000,0.000,-2.000,0.000,0.000
35854.000,0.000,-48546.000,16.000,7200.000,0.000,-2.000,0.000,0.000
35864.000,0.000,-48546.000,16.000,7200.000,0.000,-2.000,0.000,0.000
35874.000,0.000,-48546.000,16.000,7200.000,0.000,-2.000,0.000,0.000
35884.000,0.000,-48546.000,16.000,7200.000,0.000,-2.000,0.000,0.000
35894.000,0.000,-48546.000,16.000,7200.000,0.000,-2.000,0.000,0.000
35904.000,0.000,-48546.000,16.000,7200.000,0.000,-2.000,0.000,0.000
35914.000,0.000,-48546.000,16.000,7200.000,0.000,-2.000,0.000,0.000
35924.000,0.000,-48546.000,16.000,7200.000,0.000,-2.000,0.000,0.000
35934.000,0.000,-48546.000,16.000,7200.000,0.000,-2.000,0.000,0.000
35944.000,0.000,-48546.000,16.000,7200.000,0.000,-2.000,0.000,0.000
35954.000,0.000,-48546.000,16.000,7200.000,0.000,-2.000,0.000,0.000
35964.000,0.000,-48546.000,16.000,7200.000,0.000,-2.000,0.000,0.000
35974.000,0.000,-48546.000,16.000,7200.000,0.000,-2.000,0.000,0.000
35984.000,0.000,-48546.000,16.000,7200.000,0.000,-2.000,0.000,0.000
35994.000,0.000,-48546.000,16.000,7200.000,0.000,-2.000,0.000,0.000
36004.000,0.000,-48546.000,16.000,7200.000,0.000,-2.000,0.000,0.000
36014.000,0.000,-48546.000,16.000,7200.000,0.000,-2.000,0.000,0.000
36024.000,0.000,-48546.000,16.000,7200.000,0.000,-2.000,0.000,0.000
36034.000,0.000,-48546.000,16.000,7200.000,0.000,-2.000,0.000,0.000
36044.000,0.000,-48546.000,16.000,7200.000,0.000,-2.000,0.000,0.000
36054.000,0.000,-48546.000,16.000,7200.000,0.000,-2.000,0.000,0.000
36064.000,0.000,-48546.000,16.000,7200.000,0.000,-2.000,0.000,0.000
36074.000,0.000,-48546.000,16.000,7200.000,0.000,-2.000,0.000,0.000
36084.000,0.000,-48546.000,16.000,7200.000,0.000,-2.000,0.000,0.000
36094.000,0.000,-48546.000,16.000,7200.000,0.000,-2.000,0.000,0.000
36104.000,0.000,-48546.000,16.000,7200.000,0.000,-2.000,0.000,0.000
36114.000,0.000,-48546.000,16.000,7200.000,0.000,-2.000,0.000,0.000
36124.000,0.000,-48546.000,16.000,7200.000,0.000,-2.000,0.000,0.000
36134.000,0.000,-48546.000,16.000,7200.000,0.000,-2.000,0.000,0.000
36144.000,0.000,-48546.000,16.000,7200.000,0.000,-2.000,0.000,0.000
36154.000,0.000,-48546.000,16.000,7200.000,0.000,-2.000,0.000,0.000
36164.000,0.000,-48546.000,16.000,7200.000,0.000,-2.000,0.000,0.000
36174.000,0.000,-48546.000,16.000,7200.000,0.000,-2.000,0.000,0.000
36184.000,0.000,-48546.000,16.000,7200.000,0.000,-2.000,0.000,0.000
36194.000,0.000,-48546.000,16.000,7200.000,0.000,-2.000,0.000,0.000
36204.000,0.000,-48546.000,16.000,7200.000,0.000,-2.000,0.000,0.000
36214.000,0.000,-48546.000,16.000,7200.000,0.000,-2.000,0.000,0.000
36224.000,0.000,-48546.000,16.000,7200.000,0.000,-2.000,0.000,0.000
36234.000,0.000,-48546.000,16.000,7200.000,0.000,-2.000,0.000,0.000
36244.000,0.000,-48546.000,16.000,7200.000,0.000,-2.000,0.000,0.000
36254.000,0.000,-48546.000,16.000,7200.000,0.000,-2.000,0.000,0.000
36264.000,0.000,-48546.000,16.000,7200.000,0.000,-2.000,0.000,0.000
36274.000,0.000,-48546.000,16.000,7200.000,0.000,-2.000,0.000,0.000
36284.000,0.000,-48546.000,16.000,7200.000,0.000,-2.000,0.000,0.000
36294.000,0.000,-48546.000,16.000,7200.000,0.000,-2.000,0.000,0.000
36304.000,0.000,-48546.000,16.000,7200.000,0.000,-2.000,0.000,0.000
36314.000,0.000,-48546.000,16.000,7200.000,0.000,-2.000,0.000,0.000
36324.000,0.000,-48546.000,16.000,7200.000,0.000,-2.000,0.000,0.000
36334.000,0.000,-48546.000,16.000,7200.000,0.000,-2.000,0.000,0.000
36344.000,0.000,-48546.000,16.000,7200.000,0.000,-2.000,0.000,0.000
36354.000,0.000,-48546.000,16.000,7200.000,0.000,-2.000,0.000,0.000
36364.000,0.000,-48546.000,16.000,7200.000,0.000,-2.000,0.000,0.000
36374.000,0.000,-48546.000,16.000,7200.000,0.000,-2.000,0.000,0.000
36384.000,0.000,-48546.000,16.000,7200.000,0.000,-2.000,0.000,0.000
36394.000,0.000,-48546.000,16.000,7200.000,0.000,-2.000,0.000,0.000
36404.000,0.000,-48546.000,16.000,7200.000,0.000,-2.000,0.000,0.000
36414.000,0.000,-48546.000,16.000,7200.000,0.000,-2.000,0.000,0.000
36424.000,0.000,-48546.000,16.000,7200.000,0.000,-2.000,0.000,0.000
36434.000,0.000,-48546.000,16.000,7200.000,0.000,-2.000,0.000,0.000
36444.000,0.000,-48546.000,16.000,7200.000,0.000,-2.000,0.000,0.000
36454.000,0.000,-48546.000,16.000,7200.000,0.000,-2.000,0.000,0.000
36464.000,0.000,-48546.000,16.000,7200.000,0.000,-2.000,0.000,0.000
36474.000,0.000,-48546.000,16.000,7200.000,0.000,-2.000,0.000,0.000
36484.000,0.000,-48546.000,16.000,7200.000,0.000,-2.000,0.000,0.000
36494.000,0.000,-48546.000,16.000,7200.000,0.000,-2.000,0.000,0.000
36504.000,0.000,-48546.000,16.000,7200.000,0.000,-2.000,0.000,0.000
36514.000,0.000,-48546.000,16.000,7200.000,0.000,-2.000,0.000,0.000
36524.000,0.000,-48546.000,16.000,7200.000,0.000,-2.000,0.000,0.000
36534.000,0.000,-48546.000,16.000,7200.000,0.000,-2.000,0.000,0.000
36544.000,0.000,-48546.000,16.000,7200.000,0.000,-2.000,0.000,0.000
36554.000,0.000,-48546.000,16.000,7200.000,0.000,-2.000,0.000,0.000
36564.000,0.000,-48546.000,16.000,7200.000,0.000,-2.000,0.000,0.000
36574.000,0.000,-48546.000,16.000,7200.000,0.000,-2.000,0.000,0.000
36584.000,0.000,-48546.000,16.000,7200.000,0.000,-2.000,0.000,0.000
36594.000,0.000,-48546.000,16.000,7200.000,0.000,-2.000,0.000,0.000
36604.000,0.000,-48546.000,16.000,7200.000,0.000,-2.000,0.000,0.000
36614.000,0.000,-48546.000,16.000,7200.000,0.000,-2.000,0.000,0.000
36624.000,0.000,-48546.000,16.000,7200.000,0.000,-2.000,0.000,0.000
36634.000,0.000,-48546.000,16.000,7200.000,0.000,-2.000,0.000,0.000
36644.000,0.000,-48546.000,16.000,7200.000,0.000,-2.000,0.000,0.000
36654.000,0.000,-48546.000,16.000,7200.000,0.000,-2.000,0.000,0.000
36664.000,0.000,-48546.000,16.000,7200.000,0.000,-2.000,0.000,0.000
36674.000,0.000,-48546.000,16.000,7200.000,0.000,-2.000,0.000,0.000
36684.000,0.000,-48546.000,16.000,7200.000,0.000,-2.000,0.000,0.000
36694.000,0.000,-48546.000,16.000,7200.000,0.000,-2.000,0.000,0.000
36704.000,0.000,-48546.000,16.000,7200.000,0.000,-2.000,0.000,0.000
36714.000,0.000,-48546.000,16.000,7200.000,0.000,-2.000,0.000,0.000
36724.000,0.000,-48546.000,16.000,7200.000,0.000,-2.000,0.000,0.000
36734.000,0.000,-48546.000,16.000,7200.000,0.000,-2.000,0.000,0.000
36744.000,0.000,-48546.000,16.000,7200.000,0.000,-2.000,0.000,0.000
36754.000,0.000,-48546.000,16.000,7200.000,0.000,-2.000,0.000,0.000
36764.000,0.000,-48546.000,16.000,7200.000,0.000,-2.000,0.000,0.000
36774.000,0.000,-48546.000,16.000,7200.000,0.000,-2.000,0.000,0.000
36784.000,0.000,-48546.000,16.000,7200.000,0.000,-2.000,0.000,0.000
36794.000,0.000,-48546.000,16.000,7200.000,0.000,-2.000,0.000,0.000
36804.000,0.000,-48546.000,16.000,7200.000,0.000,-2.000,0.000,0.000
36814.000,0.000,-48546.000,16.000,7200.000,0.000,-2.000,0.000,0.000
36824.000,0.000,-48546.000,16.000,7200.000,0.000,-2.000,0.000,0.000
36834.000,0.000,-48546.000,16.000,7200.000,0.000,-2.000,0.000,0.000
36844.000,0.000,-48546.000,16.000,7200.000,0.000,-2.000,0.000,0.000
36854.000,0.000,-48546.000,16.000,7200.000,0.000,-2.000,0.000,0.000
36864.000,0.000,-48546.000,16.000,7200.000,0.000,-2.000,0.000,0.000
36874.000,0.000,-48546.000,16.000,7200.000,0.000,-2.000,0.000,0.000
36884.000,0.000,-48546.000,16.000,7200.000,0.000,-2.000,0.000,0.000
36894.000,0.000,-48546.000,16.000,7200.000,0.000,-2.000,0.000,0.000
36904.000,0.000,-48546.000,16.000,7200.000,0.000,-2.000,0.000,0.000
36914.000,0.000,-48546.000,16.000,7200.000,0.000,-2.000,0.000,0.000
36924.000,0.000,-48546.000,16.000,7200.000,0.000,-2.000,0.000,0.000
36934.000,0.000,-48546.000,16.000,7200.000,0.000,-2.000,0.000,0.000
36944.000,0.000,-48546.000,16.000,7200.000,0.000,-2.000,0.000,0.000
36954.000,0.000,-48546.000,16.000,7200.000,0.000,-2.000,0.000,0.000
36964.000,0.000,-48546.000,16.000,7200.000,0.000,-2.000,0.000,0.000
36974.000,0.000,-48546.000,16.000,7200.000,0.000,-2.000,0.000,0.000
36984.000,0.000,-48546.000,16.000,7200.000,0.000,-2.000,0.000,0.000
36994.000,0.000,-48546.000,16.000,7200.000,0.000,-2.000,0.000,0.000
37004.000,0.000,-48546.000,16.000,7200.000,0.000,-2.000,0.000,0.000
37014.000,0.000,-48546.000,16.000,7200.000,0.000,-2.000,0.000,0.000
37024.000,0.000,-48546.000,16.000,7200.000,0.000,-2.000,0.000,0.000
37034.000,0.000,-48546.000,16.000,7200.000,0.000,-2.000,0.000,0.000
37044.000,0.000,-48546.000,16.000,7200.000,0.000,-2.000,0.000,0.000
37054.000,0.000,-48546.000,16.000,7200.000,0.000,-2.000,0.000,0.000
37064.000,0.000,-48546.000,16.000,7200.000,0.000,-2.000,0.000,0.000
37074.000,0.000,-48546.000,16.000,7200.000,0.000,-2.000,0.000,0.000
37084.000,0.000,-48546.000,16.000,7200.000,0.000,-2.000,0.000,0.000
37094.000,0.000,-48546.000,16.000,7200.000,0.000,-2.000,0.000,0.000
37104.000,0.000,-48546.000,16.000,7200.000,0.000,-2.000,0.000,0.000
37114.000,0.000,-48546.000,16.000,7200.000,0.000,-2.000,0.000,0.000
37124.000,0.000,-48546.000,16.000,7200.000,0.000,-2.000,0.000,0.000
37134.000,0.000,-48546.000,16.000,7200.000,0.000,-2.000,0.000,0.000
37144.000,0.000,-48546.000,16.000,7200.000,0.000,-2.000,0.000,0.000
37154.000,0.000,-48546.000,16.000,7200.000,0.000,-2.000,0.000,0.000
37164.000,0.000,-48546.000,16.000,7200.000,0.000,-2.000,0.000,0.000
37174.000,0.000,-48546.000,16.000,7200.000,0.000,-2.000,0.000,0.000
37184.000,0.000,-48546.000,16.000,7200.000,0.000,-2.000,0.000,0.000
37194.000,0.000,-48546.000,16.000,7200.000,0.000,-2.000,0.000,0.000
37204.000,0.000,-48546.000,16.000,7200.000,0.000,-2.000,0.000,0.000
37214.000,0.000,-48546.000,16.000,7200.000,0.000,-2.000,0.000,0.000
37224.000,0.000,-48546.000,16.000,7200.000,0.000,-2.000,0.000,0.000
37234.000,0.000,-48546.000,16.000,7200.000,0.000,-2.000,0.000,0.000
37244.000,0.000,-48546.000,16.000,7200.000,0.000,-2.000,0.000,0.000
37254.000,0.000,-48546.000,16.000,7200.000,0.000,-2.000,0.000,0.000
37264.000,0.000,-48546.000,16.000,7200.000,0.000,-2.000,0.000,0.000
37274.000,0.000,-48546.000,16.000,7200.000,0.000,-2.000,0.000,0.000
37284.000,0.000,-48546.000,16.000,7200.000,0.000,-2.000,0.000,0.000
37294.000,0.000,-48546.000,16.000,7200.000,0.000,-2.000,0.000,0.000
37304.000,0.000,-48546.000,16.000,7200.000,0.000,-2.000,0.000,0.000
37314.000,0.000,-48546.000,16.000,7200.000,0.000,-2.000,0.000,0.000
37324.000,0.000,-48546.000,16.000,7200.000,0.000,-2.000,0.000,0.000
37334.000,0.000,-48546.000,16.000,7200.000,0.000,-2.000,0.000,0.000
37344.000,0.000,-48546.000,16.000,7200.000,0.000,-2.000,0.000,0.000
37354.000,0.000,-48546.000,16.000,7200.000,0.000,-2.000,0.000,0.000
37364.000,0.000,-48546.000,16.000,7200.000,0.000,-2.000,0.000,0.000
37374.000,0.000,-48546.000,16.000,7200.000,0.000,-2.000,0.000,0.000
37384.000,0.000,-48546.000,16.000,7200.000,0.000,-2.000,0.000,0.000
37394.000,0.000,-48546.000,16.000,7200.000,0.000,-2.000,0.000,0.000
37404.000,0.000,-48546.000,16.000,7200.000,0.000,-2.000,0.000,0.000
37414.000,0.000,-48546.000,16.000,7200.000,0.000,-2.000,0.000,0.000
37424.000,0.000,-48546.000,16.000,7200.000,0.000,-2.000,0.000,0.000
37434.000,0.000,-48546.000,16.000,7200.000,0.000,-2.000,0.000,0.000
37444.000,0.000,-48546.000,16.000,7200.000,0.000,-2.000,0.000,0.000
37454.000,0.000,-48546.000,16.000,7200.000,0.000,-2.000,0.000,0.000
37464.000,0.000,-48546.000,16.000,7200.000,0.000,-2.000,0.000,0.000
37474.000,0.000,-48546.000,16.000,7200.000,0.000,-2.000,0.000,0.000
37484.000,0.000,-48546.000,16.000,7200.000,0.000,-2.000,0.000,0.000
37494.000,0.000,-48546.000,16.000,7200.000,0.000,-2.000,0.000,0.000
37504.000,0.000,-48546.000,16.000,7200.000,0.000,-2.000,0.000,0.000
37514.000,0.000,-48546.000,16.000,7200.000,0.000,-2.000,0.000,0.000
37524.000,0.000,-48546.000,16.000,7200.000,0.000,-2.000,0.000,0.000
37534.000,0.000,-48546.000,16.000,7200.000,0.000,-2.000,0.000,0.000
37544.000,0.000,-48546.000,16.000,7200.000,0.000,-2.000,0.000,0.000
37554.000,0.000,-48546.000,16.000,7200.000,0.000,-2.000,0.000,0.000
37564.000,0.000,-48546.000,16.000,7200.000,0.000,-2.000,0.000,0.000
37574.000,0.000,-48546.000,16.000,7200.000,0.000,-2.000,0.000,0.000
37584.000,0.000,-48546.000,16.000,7200.000,0.000,-2.000,0.000,0.000
37594.000,0.000,-48546.000,16.000,7200.000,0.000,-2.000,0.000,0.000
37604.000,0.000,-48546.000,16.000,7200.000,0.000,-2.000,0.000,0.000
37614.000,0.000,-48546.000,16.000,7200.000,0.000,-2.000,0.000,0.000
37624.000,0.000,-48546.000,16.000,7200.000,0.000,-2.000,0.000,0.000
37634.000,0.000,-48546.000,16.000,7200.000,0.000,-2.000,0.000,0.000
37644.000,0.000,-48546.000,16.000,7200.000,0.000,-2.000,0.000,0.000
37654.000,0.000,-48546.000,16.000,7200.000,0.000,-2.000,0.000,0.000
37664.000,0.000,-48546.000,16.000,7200.000,0.000,-2.000,0.000,0.000
37674.000,0.000,-48546.000,16.000,7200.000,0.000,-2.000,0.000,0.000
37684.000,0.000,-48546.000,16.000,7200.000,0.000,-2.000,0.000,0.000
37694.000,0.000,-48546.000,16.000,7200.000,0.000,-2.000,0.000,0.000
37704.000,0.000,-48546.000,16.000,7200.000,0.000,-2.000,0.000,0.000
37714.000,0.000,-48546.000,16.000,7200.000,0.000,-2.000,0.000,0.000
37724.000,0.000,-48546.000,16.000,7200.000,0.000,-2.000,0.000,0.000
37734.000,0.000,-48546.000,16.000,7200.000,0.000,-2.000,0.000,0.000
37744.000,0.000,-48546.000,16.000,7200.000,0.000,-2.000,0.000,0.000
37754.000,0.000,-48546.000,16.000,7200.000,0.000,-2.000,0.000,0.000
37764.000,0.000,-48546.000,16.000,7200.000,0.000,-2.000,0.000,0.000
37774.000,0.000,-48546.000,16.000,7200.000,0.000,-2.000,0.000,0.000
37784.000,0.000,-48546.000,16.000,7200.000,0.000,-2.000,0.000,0.000
37794.000,0.000,-48546.000,16.000,7200.000,0.000,-2.000,0.000,0.000
37804.000,0.000,-48546.000,16.000,7200.000,0.000,-2.000,0.000,0.000
37814.000,0.000,-48546.000,16.000,7200.000,0.000,-2.000,0.000,0.000
37824.000,0.000,-48546.000,16.000,7200.000,0.000,-2.000,0.000,0.000
37834.000,0.000,-48546.000,16.000,7200.000,0.000,-2.000,0.000,0.000
37844.000,0.000,-48546.000,16.000,7200.000,0.000,-2.000,0.000,0.000
37854.000,0.000,-48546.000,16.000,7200.000,0.000,-2.000,0.000,0.000
37864.000,0.000,-48546.000,16.000,7200.000,0.000,-2.000,0.000,0.000
37874.000,0.000,-48546.000,16.000,7200.000,0.000,-2.000,0.000,0.000
37884.000,0.000,-48546.000,16.000,7200.000,0.000,-2.000,0.000,0.000
37894.000,0.000,-48546.000,16.000,7200.000,0.000,-2.000,0.000,0.000
37904.000,0.000,-48546.000,16.000,7200.000,0.000,-2.000,0.000,0.000
37914.000,0.000,-48546.000,16.000,7200.000,0.000,-2.000,0.000,0.000
37924.000,0.000,-48546.000,16.000,7200.000,0.000,-2.000,0.000,0.000
37934.000,0.000,-48546.000,16.000,7200.000,0.000,-2.000,0.000,0.000
37944.000,0.000,-48546.000,16.000,7200.000,0.000,-2.000,0.000,0.000
37954.000,0.000,-48546.000,16.000,7200.000,0.000,-2.000,0.000,0.000
37964.000,0.000,-48546.000,16.000,7200.000,0.000,-2.000,0.000,0.000
37974.000,0.000,-48546.000,16.000,7200.000,0.000,-2.000,0.000,0.000
37984.000,0.000,-48546.000,16.000,7200.000,0.000,-2.000,0.000,0.000
37994.000,0.000,-48546.000,16.000,7200.000,0.000,-2.000,0.000,0.000
38004.000,0.000,-48546.000,16.000,7200.000,0.000,-2.000,0.000,0.000
38014.000,0.000,-48546.000,16.000,7200.000,0.000,-2.000,0.000,0.000
38024.000,0.000,-48546.000,16.000,7200.000,0.000,-2.000,0.000,0.000
38034.000,0.000,-48546.000,16.000,7200.000,0.000,-2.000,0.000,0.000
38044.000,0.000,-48546.000,16.000,7200.000,0.000,-2.000,0.000,0.000
38054.000,0.000,-48546.000,16.000,7200.000,0.000,-2.000,0.000,0.000
38064.000,0.000,-48546.000,16.000,7200.000,0.000,-2.000,0.000,0.000
38074.000,0.000,-48546.000,16.000,7200.000,0.000,-2.000,0.000,0.000
38084.000,0.000,-48546.000,16.000,7200.000,0.000,-2.000,0.000,0.000
38094.000,0.000,-48546.000,16.000,7200.000,0.000,-2.000,0.000,0.000
38104.000,0.000,-48546.000,16.000,7200.000,0.000,-2.000,0.000,0.000
38114.000,0.000,-48546.000,16.000,7200.000,0.000,-2.000,0.000,0.000
38124.000,0.000,-48546.000,16.000,7200.000,0.000,-2.000,0.000,0.000
38134.000,0.000,-48546.000,16.000,7200.000,0.000,-2.000,0.000,0.000
38144.000,0.000,-48546.000,16.000,7200.000,0.000,-2.000,0.000,0.000
38154.000,0.000,-48546.000,16.000,7200.000,0.000,-2.000,0.000,0.000
38164.000,0.000,-48546.000,16.000,7200.000,0.000,-2.000,0.000,0.000
38174.000,0.000,-48546.000,16.000,7200.000,0.000,-2.000,0.000,0.000
38184.000,0.000,-48546.000,16.000,7200.000,0.000,-2.000,0.000,0.000
38194.000,0.000,-48546.000,16.000,7200.000,0.000,-2.000,0.000,0.000
38204.000,0.000,-48546.000,16.000,7200.000,0.000,-2.000,0.000,0.000
38214.000,0.000,-48546.000,16.000,7200.000,0.000,-2.000,0.000,0.000
38224.000,0.000,-48546.000,16.000,7200.000,0.000,-2.000,0.000,0.000
38234.000,0.000,-48546.000,16.000,7200.000,0.000,-2.000,0.000,0.000
38244.000,0.000,-48546.000,16.000,7200.000,0.000,-2.000,0.000,0.000
38254.000,0.000,-48546.000,16.000,7200.000,0.000,-2.000,0.000,0.000
38264.000,0.000,-48546.000,16.000,7200.000,0.000,-2.000,0.000,0.000
38274.000,0.000,-48546.000,16.000,7200.000,0.000,-2.000,0.000,0.000
38284.000,0.000,-48546.000,16.000,7200.000,0.000,-2.000,0.000,0.000
38294.000,0.000,-48546.000,16.000,7200.000,0.000,-2.000,0.000,0.000
38304.000,0.000,-48546.000,16.000,7200.000,0.000,-2.000,0.000,0.000
38314.000,0.000,-48546.000,16.000,7200.000,0.000,-2.000,0.000,0.000
38324.000,0.000,-48546.000,16.000,7200.000,0.000,-2.000,0.000,0.000
38334.000,0.000,-48546.000,16.000,7200.000,0.000,-2.000,0.000,0.000
38344.000,0.000,-48546.000,16.000,7200.000,0.000,-2.000,0.000,0.000
38354.000,0.000,-48546.000,16.000,7200.000,0.000,-2.000,0.000,0.000
38364.000,0.000,-48546.000,16.000,7200.000,0.000,-2.000,0.000,0.000
38374.000,0.000,-48546.000,16.000,7200.000,0.000,-2.000,0.000,0.000
38384.000,0.000,-48546.000,16.000,7200.000,0.000,-2.000,0.000,0.000
38394.000,0.000,-48546.000,16.000,7200.000,0.000,-2.000,0.000,0.000
38404.000,0.000,-48546.000,16.000,7200.000,0.000,-2.000,0.000,0.000
38414.000,0.000,-48546.000,16.000,7200.000,0.000,-2.000,0.000,0.000
38424.000,0.000,-48546.000,16.000,7200.000,0.000,-2.000,0.000,0.000
38434.000,0.000,-48546.000,16.000,7200.000,0.000,-2.000,0.000,0.000
38444.000,0.000,-48546.000,16.000,7200.000,0.000,-2.000,0.000,0.000
38454.000,0.000,-48546.000,16.000,7200.000,0.000,-2.000,0.000,0.000
38464.000,0.000,-48546.000,16.000,7200.000,0.000,-2.000,0.000,0.000
38474.000,0.000,-48546.000,16.000,7200.000,0.000,-2.000,0.000,0.000
38484.000,0.000,-48546.000,16.000,7200.000,0.000,-2.000,0.000,0.000
38494.000,0.000,-48546.000,16.000,7200.000,0.000,-2.000,0.000,0.000
38504.000,0.000,-48546.000,16.000,7200.000,0.000,-2.000,0.000,0.000
38514.000,0.000,-48546.000,16.000,7200.000,0.000,-2.000,0.000,0.000
38524.000,0.000,-48546.000,16.000,7200.000,0.000,-2.000,0.000,0.000
38534.000,0.000,-48546.000,16.000,7200.000,0.000,-2.000,0.000,0.000
38544.000,0.000,-48546.000,16.000,7200.000,0.000,-2.000,0.000,0.000
38554.000,0.000,-48546.000,16.000,7200.000,0.000,-2.000,0.000,0.000
38564.000,0.000,-48546.000,16.000,7200.000,0.000,-2.000,0.000,0.000
38574.000,0.000,-48546.000,16.000,7200.000,0.000,-2.000,0.000,0.000
38584.000,0.000,-48546.000,16.000,7200.000,0.000,-2.000,0.000,0.000
38594.000,0.000,-48546.000,16.000,7200.000,0.000,-2.000,0.000,0.000
38604.000,0.000,-48546.000,16.000,7200.000,0.000,-2.000,0.000,0.000
38614.000,0.000,-48546.000,16.000,7200.000,0.000,-2.000,0.000,0.000
38624.000,0.000,-48546.000,16.000,7200.000,0.000,-2.000,0.000,0.000
38634.000,0.000,-48546.000,16.000,7200.000,0.000,-2.000,0.000,0.000
38644.000,0.000,-48546.000,16.000,7200.000,0.000,-2.000,0.000,0.000
38654.000,0.000,-48546.000,16.000,7200.000,0.000,-2.000,0.000,0.000
38664.000,0.000,-48546.000,16.000,7200.000,0.000,-2.000,0.000,0.000
38674.000,0.000,-48546.000,16.000,7200.000,0.000,-2.000,0.000,0.000
38684.000,0.000,-48546.000,16.000,7200.000,0.000,-2.000,0.000,0.000
38694.000,0.000,-48546.000,16.000,7200.000,0.000,-2.000,0.000,0.000
38704.000,0.000,-48546.000,16.000,7200.000,0.000,-2.000,0.000,0.000
38714.000,0.000,-48546.000,16.000,7200.000,0.000,-2.000,0.000,0.000
38724.000,0.000,-48546.000,16.000,7200.000,0.000,-2.000,0.000,0.000
38734.000,0.000,-48546.000,16.000,7200.000,0.000,-2.000,0.000,0.000
38744.000,0.000,-48546.000,16.000,7200.000,0.000,-2.000,0.000,0.000
38754.000,0.000,-48546.000,16.000,7200.000,0.000,-2.000,0.000,0.000
38764.000,0.000,-48546.000,16.000,7200.000,0.000,-2.000,0.000,0.000
38774.000,0.000,-48546.000,16.000,7200.000,0.000,-2.000,0.000,0.000
38784.000,0.000,-48546.000,16.000,7200.000,0.000,-2.000,0.000,0.000
38794.000,0.000,-48546.000,16.000,7200.000,0.000,-2.000,0.000,0.000
38804.000,0.000,-48546.000,16.000,7200.000,0.000,-2.000,0.000,0.000
38814.000,0.000,-48546.000,16.000,7200.000,0.000,-2.000,0.000,0.000
38824.000,0.000,-48546.000,16.000,7200.000,0.000,-2.000,0.000,0.000
38834.000,0.000,-48546.000,16.000,7200.000,0.000,-2.000,0.000,0.000
38844.000,0.000,-48546.000,16.000,7200.000,0.000,-2.000,0.000,0.000
38854.000,0.000,-48546.000,16.000,7200.000,0.000,-2.000,0.000,0.000
38864.000,0.000,-48546.000,16.000,7200.000,0.000,-2.000,0.000,0.000
38874.000,0.000,-48546.000,16.000,7200.000,0.000,-2.000,0.000,0.000
38884.000,0.000,-48546.000,16.000,7200.000,0.000,-2.000,0.000,0.000
38894.000,0.000,-48546.000,16.000,7200.000,0.000,-2.000,0.000,0.000
38904.000,0.000,-48546.000,16.000,7200.000,0.000,-2.000,0.000,0.000
38914.000,0.000,-48546.000,16.000,7200.000,0.000,-2.000,0.000,0.000
38924.000,0.000,-48546.000,16.000,7200.000,0.000,-2.000,0.000,0.000
38934.000,0.000,-48546.000,16.000,7200.000,0.000,-2.000,0.000,0.000
38944.000,0.000,-48546.000,16.000,7200.000,0.000,-2.000,0.000,0.000
38954.000,0.000,-48546.000,16.000,7200.000,0.000,-2.000,0.000,0.000
38964.000,0.000,-48546.000,16.000,7200.000,0.000,-2.000,0.000,0.000
38974.000,0.000,-48546.000,16.000,7200.000,0.000,-2.000,0.000,0.000
38984.000,0.000,-48546.000,16.000,7200.000,0.000,-2.000,0.000,0.000
38994.000,0.000,-48546.000,16.000,7200.000,0.000,-2.000,0.000,0.000
39004.000,0.000,-48546.000,16.000,7200.000,0.000,-2.000,0.000,0.000
39014.000,0.000,-48546.000,16.000,7200.000,0.000,-2.000,0.000,0.000
39024.000,0.000,-48546.000,16.000,7200.000,0.000,-2.000,0.000,0.000
39034.000,0.000,-48546.000,16.000,7200.000,0.000,-2.000,0.000,0.000
39044.000,0.000,-48546.000,16.000,7200.000,0.000,-2.000,0.000,0.000
39054.000,0.000,-48546.000,16.000,7200.000,0.000,-2.000,0.000,0.000
39064.000,0.000,-48546.000,16.000,7200.000,0.000,-2.000,0.000,0.000
39074.000,0.000,-48546.000,16.000,7200.000,0.000,-2.000,0.000,0.000
39084.000,0.000,-48546.000,16.000,7200.000,0.000,-2.000,0.000,0.000
39094.000,0.000,-48546.000,16.000,7200.000,0.000,-2.000,0.000,0.000
39104.000,0.000,-48546.000,16.000,7200.000,0.000,-2.000,0.000,0.000
39114.000,0.000,-48546.000,16.000,7200.000,0.000,-2.000,0.000,0.000
39124.000,0.000,-48546.000,16.000,7200.000,0.000,-2.000,0.000,0.000
39134.000,0.000,-48546.000,16.000,7200.000,0.000,-2.000,0.000,0.000
39144.000,0.000,-48546.000,16.000,7200.000,0.000,-2.000,0.000,0.000
39154.000,0.000,-48546.000,16.000,7200.000,0.000,-2.000,0.000,0.000
39164.000,0.000,-48546.000,16.000,7200.000,0.000,-2.000,0.000,0.000
39174.000,0.000,-48546.000,16.000,7200.000,0.000,-2.000,0.000,0.000
39184.000,0.000,-48546.000,16.000,7200.000,0.000,-2.000,0.000,0.000
39194.000,0.000,-48546.000,16.000,7200.000,0.000,-2.000,0.000,0.000
39204.000,0.000,-48546.000,16.000,7200.000,0.000,-2.000,0.000,0.000
39214.000,0.000,-48546.000,16.000,7200.000,0.000,-2.000,0.000,0.000
39224.000,0.000,-48546.000,16.000,7200.000,0.000,-2.000,0.000,0.000
39234.000,0.000,-48546.000,16.000,7200.000,0.000,-2.000,0.000,0.000
39244.000,0.000,-48546.000,16.000,7200.000,0.000,-2.000,0.000,0.000
39254.000,0.000,-48546.000,16.000,7200.000,0.000,-2.000,0.000,0.000
39264.000,0.000,-48546.000,16.000,7200.000,0.000,-2.000,0.000,0.000
39274.000,0.000,-48546.000,16.000,7200.000,0.000,-2.000,0.000,0.000
39284.000,0.000,-48546.000,16.000,7200.000,0.000,-2.000,0.000,0.000
39294.000,0.000,-48546.000,16.000,7200.000,0.000,-2.000,0.000,0.000
39304.000,0.000,-48546.000,16.000,7200.000,0.000,-2.000,0.000,0.000
39314.000,0.000,-48546.000,16.000,7200.000,0.000,-2.000,0.000,0.000
39324.000,0.000,-48546.000,16.000,7200.000,0.000,-2.000,0.000,0.000
39334.000,0.000,-48546.000,16.000,7200.000,0.000,-2.000,0.000,0.000
39344.000,0.000,-48546.000,16.000,7200.000,0.000,-2.000,0.000,0.000
39354.000,0.000,-48546.000,16.000,7200.000,0.000,-2.000,0.000,0.000
39364.000,0.000,-48546.000,16.000,7200.000,0.000,-2.000,0.000,0.000
39374.000,0.000,-48546.000,16.000,7200.000,0.000,-2.000,0.000,0.000
39384.000,0.000,-48546.000,16.000,7200.000,0.000,-2.000,0.000,0.000
39394.000,0.000,-48546.000,16.000,7200.000,0.000,-2.000,0.000,0.000
39404.000,0.000,-48546.000,16.000,7200.000,0.000,-2.000,0.000,0.000
39414.000,0.000,-48546.000,16.000,7200.000,0.000,-2.000,0.000,0.000
39424.000,0.000,-48546.000,16.000,7200.000,0.000,-2.000,0.000,0.000
39434.000,0.000,-48546.000,16.000,7200.000,0.000,-2.000,0.000,0.000
39444.000,0.000,-48546.000,16.000,7200.000,0.000,-2.000,0.000,0.000
39454.000,0.000,-48546.000,16.000,7200.000,0.000,-2.000,0.000,0.000
39464.000,0.000,-48546.000,16.000,7200.000,0.000,-2.000,0.000,0.000
39474.000,0.000,-48546.000,16.000,7200.000,0.000,-2.000,0.000,0.000
39484.000,0.000,-48546.000,16.000,7200.000,0.000,-2.000,0.000,0.000
39494.000,0.000,-48546.000,16.000,7200.000,0.000,-2.000,0.000,0.000
39504.000,0.000,-48546.000,16.000,7200.000,0.000,-2.000,0.000,0.000
39514.000,0.000,-48546.000,16.000,7200.000,0.000,-2.000,0.000,0.000
39524.000,0.000,-48546.000,16.000,7200.000,0.000,-2.000,0.000,0.000
39534.000,0.000,-48546.000,16.000,7200.000,0.000,-2.000,0.000,0.000
39544.000,0.000,-48546.000,16.000,7200.000,0.000,-2.000,0.000,0.000
39554.000,0.000,-48546.000,16.000,7200.000,0.000,-2.000,0.000,0.000
39564.000,0.000,-48546.000,16.000,7200.000,0.000,-2.000,0.000,0.000
39574.000,0.000,-48546.000,16.000,7200.000,0.000,-2.000,0.000,0.000
39584.000,0.000,-48546.000,16.000,7200.000,0.000,-2.000,0.000,0.000
39594.000,0.000,-48546.000,16.000,7200.000,0.000,-2.000,0.000,0.000
39604.000,0.000,-48546.000,16.000,7200.000,0.000,-2.000,0.000,0.000
39614.000,0.000,-48546.000,16.000,7200.000,0.000,-2.000,0.000,0.000
39624.000,0.000,-48546.000,16.000,7200.000,0.000,-2.000,0.000,0.000
39634.000,0.000,-48546.000,16.000,7200.000,0.000,-2.000,0.000,0.000
39644.000,0.000,-48546.000,16.000,7200.000,0.000,-2.000,0.000,0.000
39654.000,0.000,-48546.000,16.000,7200.000,0.000,-2.000,0.000,0.000
39664.000,0.000,-48546.000,16.000,7200.000,0.000,-2.000,0.000,0.000
39674.000,0.000,-48546.000,16.000,7200.000,0.000,-2.000,0.000,0.000
39684.000,0.000,-48546.000,16.000,7200.000,0.000,-2.000,0.000,0.000
39694.000,0.000,-48546.000,16.000,7200.000,0.000,-2.000,0.000,0.000
39704.000,0.000,-48546.000,16.000,7200.000,0.000,-2.000,0.000,0.000
39714.000,0.000,-48546.000,16.000,7200.000,0.000,-2.000,0.000,0.000
39724.000,0.000,-48546.000,16.000,7200.000,0.000,-2.000,0.000,0.000
39734.000,0.000,-48546.000,16.000,7200.000,0.000,-2.000,0.000,0.000
39744.000,0.000,-48546.000,16.000,7200.000,0.000,-2.000,0.000,0.000
39754.000,0.000,-48546.000,16.000,7200.000,0.000,-2.000,0.000,0.000
39764.000,0.000,-48546.000,16.000,7200.000,0.000,-2.000,0.000,0.000
39774.000,0.000,-48546.000,16.000,7200.000,0.000,-2.000,0.000,0.000
39784.000,0.000,-48546.000,16.000,7200.000,0.000,-2.000,0.000,0.000
39794.000,0.000,-48546.000,16.000,7200.000,0.000,-2.000,0.000,0.000
39804.000,0.000,-48546.000,16.000,7200.000,0.000,-2.000,0.000,0.000
39814.000,0.000,-48546.000,16.000,7200.000,0.000,-2.000,0.000,0.000
39824.000,0.000,-48546.000,16.000,7200.000,0.000,-2.000,0.000,0.000
39834.000,0.000,-48546.000,16.000,7200.000,0.000,-2.000,0.000,0.000
39844.000,0.000,-48546.000,16.000,7200.000,0.000,-2.000,0.000,0.000
39854.000,0.000,-48546.000,16.000,7200.000,0.000,-2.000,0.000,0.000
39864.000,0.000,-48546.000,16.000,7200.000,0.000,-2.000,0.000,0.000
39874.000,0.000,-48546.000,16.000,7200.000,0.000,-2.000,0.000,0.000
39884.000,0.000,-48546.000,16.000,7200.000,0.000,-2.000,0.000,0.000
39894.000,0.000,-48546.000,16.000,7200.000,0.000,-2.000,0.000,0.000
39904.000,0.000,-48546.000,16.000,7200.000,0.000,-2.000,0.000,0.000
39914.000,0.000,-48546.000,16.000,7200.000,0.000,-2.000,0.000,0.000
39924.000,0.000,-48546.000,16.000,7200.000,0.000,-2.000,0.000,0.000
39934.000,0.000,-48546.000,16.000,7200.000,0.000,-2.000,0.000,0.000
39944.000,0.000,-48546.000,16.000,7200.000,0.000,-2.000,0.000,0.000
39954.000,0.000,-48546.000,16.000,7200.000,0.000,-2.000,0.000,0.000
39964.000,0.000,-48546.000,16.000,7200.000,0.000,-2.000,0.000,0.000
39974.000,0.000,-48546.000,16.000,7200.000,0.000,-2.000,0.000,0.000
39984.000,0.000,-48546.000,16.000,7200.000,0.000,-2.000,0.000,0.000
39994.000,0.000,-48546.000,16.000,7200.000,0.000,-2.000,0.000,0.000
40004.000,0.000,-48546.000,16.000,7200.000,0.000,-2.000,0.000,0.000
40014.000,0.000,-48546.000,16.000,7200.000,0.000,-2.000,0.000,0.000
40024.000,0.000,-48546.000,16.000,7200.000,0.000,-2.000,0.000,0.000
40034.000,0.000,-48546.000,16.000,7200.000,0.000,-2.000,0.000,0.000
40044.000,0.000,-48546.000,16.000,7200.000,0.000,-2.000,0.000,0.000
40054.000,0.000,-48546.000,16.000,7200.000,0.000,-2.000,0.000,0.000
40064.000,0.000,-48546.000,16.000,7200.000,0.000,-2.000,0.000,0.000
40074.000,0.000,-48546.000,16.000,7200.000,0.000,-2.000,0.000,0.000
40084.000,0.000,-48546.000,16.000,7200.000,0.000,-2.000,0.000,0.000
40094.000,0.000,-48546.000,16.000,7200.000,0.000,-2.000,0.000,0.000
40104.000,0.000,-48546.000,16.000,7200.000,0.000,-2.000,0.000,0.000
40114.000,0.000,-48546.000,16.000,7200.000,0.000,-2.000,0.000,0.000
40124.000,0.000,-48546.000,16.000,7200.000,0.000,-2.000,0.000,0.000
40134.000,0.000,-48546.000,16.000,7200.000,0.000,-2.000,0.000,0.000
40144.000,0.000,-48546.000,16.000,7200.000,0.000,-2.000,0.000,0.000
40154.000,0.000,-48546.000,16.000,7200.000,0.000,-2.000,0.000,0.000
40164.000,0.000,-48546.000,16.000,7200.000,0.000,-2.000,0.000,0.000
40174.000,0.000,-48546.000,16.000,7200.000,0.000,-2.000,0.000,0.000
40184.000,0.000,-48546.000,16.000,7200.000,0.000,-2.000,0.000,0.000
40194.000,0.000,-48546.000,16.000,7200.000,0.000,-2.000,0.000,0.000
40204.000,0.000,-48546.000,16.000,7200.000,0.000,-2.000,0.000,0.000
40214.000,0.000,-48546.000,16.000,7200.000,0.000,-2.000,0.000,0.000
40224.000,0.000,-48546.000,16.000,7200.000,0.000,-2.000,0.000,0.000
40234.000,0.000,-48546.000,16.000,7200.000,0.000,-2.000,0.000,0.000
40244.000,0.000,-48546.000,16.000,7200.000,0.000,-2.000,0.000,0.000
40254.000,0.000,-48546.000,16.000,7200.000,0.000,-2.000,0.000,0.000
40264.000,0.000,-48546.000,16.000,7200.000,0.000,-2.000,0.000,0.000
40274.000,0.000,-48546.000,16.000,7200.000,0.000,-2.000,0.000,0.000
40284.000,0.000,-48546.000,16.000,7200.000,0.000,-2.000,0.000,0.000
40294.000,0.000,-48546.000,16.000,7200.000,0.000,-2.000,0.000,0.000
40304.000,0.000,-48546.000,16.000,7200.000,0.000,-2.000,0.000,0.000
40314.000,0.000,-48546.000,16.000,7200.000,0.000,-2.000,0.000,0.000
40324.000,0.000,-48546.000,16.000,7200.000,0.000,-2.000,0.000,0.000
40334.000,0.000,-48546.000,16.000,7200.000,0.000,-2.000,0.000,0.000
40344.000,0.000,-48546.000,16.000,7200.000,0.000,-2.000,0.000,0.000
40354.000,0.000,-48546.000,16.000,7200.000,0.000,-2.000,0.000,0.000
40364.000,0.000,-48546.000,16.000,7200.000,0.000,-2.000,0.000,0.000
40374.000,0.000,-48546.000,16.000,7200.000,0.000,-2.000,0.000,0.000
40384.000,0.000,-48546.000,16.000,7200.000,0.000,-2.000,0.000,0.000
40394.000,0.000,-48546.000,16.000,7200.000,0.000,-2.000,0.000,0.000
40404.000,0.000,-48546.000,16.000,7200.000,0.000,-2.000,0.000,0.000
40414.000,0.000,-48546.000,16.000,7200.000,0.000,-2.000,0.000,0.000
40424.000,0.000,-48546.000,16.000,7200.000,0.000,-2.000,0.000,0.000
40434.000,0.000,-48546.000,16.000,7200.000,0.000,-2.000,0.000,0.000
40444.000,0.000,-48546.000,16.000,7200.000,0.000,-2.000,0.000,0.000
40454.000,0.000,-48546.000,16.000,7200.000,0.000,-2.000,0.000,0.000
40464.000,0.000,-48546.000,16.000,7200.000,0.000,-2.000,0.000,0.000
40474.000,0.000,-48546.000,16.000,7200.000,0.000,-2.000,0.000,0.000
40484.000,0.000,-48546.000,16.000,7200.000,0.000,-2.000,0.000,0.000
40494.000,0.000,-48546.000,16.000,7200.000,0.000,-2.000,0.000,0.000
40504.000,0.000,-48546.000,16.000,7200.000,0.000,-2.000,0.000,0.000
40514.000,0.000,-48546.000,16.000,7200.000,0.000,-2.000,0.000,0.000
40524.000,0.000,-48546.000,16.000,7200.000,0.000,-2.000,0.000,0.000
40534.000,0.000,-48546.000,16.000,7200.000,0.000,-2.000,0.000,0.000
40544.000,0.000,-48546.000,16.000,7200.000,0.000,-2.000,0.000,0.000
40554.000,0.000,-48546.000,16.000,7200.000,0.000,-2.000,0.000,0.000
40564.000,0.000,-48546.000,16.000,7200.000,0.000,-2.000,0.000,0.000
40574.000,0.000,-48546.000,16.000,7200.000,0.000,-2.000,0.000,0.000
40584.000,0.000,-48546.000,16.000,7200.000,0.000,-2.000,0.000,0.000
40594.000,0.000,-48546.000,16.000,7200.000,0.000,-2.000,0.000,0.000
40604.000,0.000,-48546.000,16.000,7200.000,0.000,-2.000,0.000,0.000
40614.000,0.000,-48546.000,16.000,7200.000,0.000,-2.000,0.000,0.000
40624.000,0.000,-48546.000,16.000,7200.000,0.000,-2.000,0.000,0.000
40634.000,0.000,-48546.000,16.000,7200.000,0.000,-2.000,0.000,0.000
40644.000,0.000,-48546.000,16.000,7200.000,0.000,-2.000,0.000,0.000
40654.000,0.000,-48546.000,16.000,7200.000,0.000,-2.000,0.000,0.000
40664.000,0.000,-48546.000,16.000,7200.000,0.000,-2.000,0.000,0.000
40674.000,0.000,-48546.000,16.000,7200.000,0.000,-2.000,0.000,0.000
40684.000,0.000,-48546.000,16.000,7200.000,0.000,-2.000,0.000,0.000
40694.000,0.000,-48546.000,16.000,7200.000,0.000,-2.000,0.000,0.000
40704.000,0.000,-48546.000,16.000,7200.000,0.000,-2.000,0.000,0.000
40714.000,0.000,-48546.000,16.000,7200.000,0.000,-2.000,0.000,0.000
40724.000,0.000,-48546.000,16.000,7200.000,0.000,-2.000,0.000,0.000
40734.000,0.000,-48546.000,16.000,7200.000,0.000,-2.000,0.000,0.000
40744.000,0.000,-48546.000,16.000,7200.000,0.000,-2.000,0.000,0.000
40754.000,0.000,-48546.000,16.000,7200.000,0.000,-2.000,0.000,0.000
40764.000,0.000,-48546.000,16.000,7200.000,0.000,-2.000,0.000,0.000
40774.000,0.000,-48546.000,16.000,7200.000,0.000,-2.000,0.000,0.000
40784.000,0.000,-48546.000,16.000,7200.000,0.000,-2.000,0.000,0.000
40794.000,0.000,-48546.000,16.000,7200.000,0.000,-2.000,0.000,0.000
40804.000,0.000,-48546.000,16.000,7200.000,0.000,-2.000,0.000,0.000
40814.000,0.000,-48546.000,16.000,7200.000,0.000,-2.000,0.000,0.000
40824.000,0.000,-48546.000,16.000,7200.000,0.000,-2.000,0.000,0.000
40834.000,0.000,-48546.000,16.000,7200.000,0.000,-2.000,0.000,0.000
40844.000,0.000,-48546.000,16.000,7200.000,0.000,-2.000,0.000,0.000
40854.000,0.000,-48546.000,16.000,7200.000,0.000,-2.000,0.000,0.000
40864.000,0.000,-48546.000,16.000,7200.000,0.000,-2.000,0.000,0.000
40874.000,0.000,-48546.000,16.000,7200.000,0.000,-2.000,0.000,0.000
40884.000,0.000,-48546.000,16.000,7200.000,0.000,-2.000,0.000,0.000
40894.000,0.000,-48546.000,16.000,7200.000,0.000,-2.000,0.000,0.000
40904.000,0.000,-48546.000,16.000,7200.000,0.000,-2.000,0.000,0.000
40914.000,0.000,-48546.000,16.000,7200.000,0.000,-2.000,0.000,0.000
40924.000,0.000,-48546.000,16.000,7200.000,0.000,-2.000,0.000,0.000
40934.000,0.000,-48546.000,16.000,7200.000,0.000,-2.000,0.000,0.000
40944.000,0.000,-48546.000,16.000,7200.000,0.000,-2.000,0.000,0.000
40954.000,0.000,-48546.000,16.000,7200.000,0.000,-2.000,0.000,0.000
40964.000,0.000,-48546.000,16.000,7200.000,0.000,-2.000,0.000,0.000
40974.000,0.000,-48546.000,16.000,7200.000,0.000,-2.000,0.000,0.000
40984.000,0.000,-48546.000,16.000,7200.000,0.000,-2.000,0.000,0.000
40994.000,0.000,-48546.000,16.000,7200.000,0.000,-2.000,0.000,0.000
41004.000,0.000,-48546.000,16.000,7200.000,0.000,-2.000,0.000,0.000
41014.000,0.000,-48546.000,16.000,7200.000,0.000,-2.000,0.000,0.000
41024.000,0.000,-48546.000,16.000,7200.000,0.000,-2.000,0.000,0.000
41034.000,0.000,-48546.000,16.000,7200.000,0.000,-2.000,0.000,0.000
41044.000,0.000,-48546.000,16.000,7200.000,0.000,-2.000,0.000,0.000
41054.000,0.000,-48546.000,16.000,7200.000,0.000,-2.000,0.000,0.000
41064.000,0.000,-48546.000,16.000,7200.000,0.000,-2.000,0.000,0.000
41074.000,0.000,-48546.000,16.000,7200.000,0.000,-2.000,0.000,0.000
41084.000,0.000,-48546.000,16.000,7200.000,0.000,-2.000,0.000,0.000
41094.000,0.000,-48546.000,16.000,7200.000,0.000,-2.000,0.000,0.000
41104.000,0.000,-48546.000,16.000,7200.000,0.000,-2.000,0.000,0.000
41114.000,0.000,-48546.000,16.000,7200.000,0.000,-2.000,0.000,0.000
41124.000,0.000,-48546.000,16.000,7200.000,0.000,-2.000,0.000,0.000
41134.000,0.000,-48546.000,16.000,7200.000,0.000,-2.000,0.000,0.000
41144.000,0.000,-48546.000,16.000,7200.000,0.000,-2.000,0.000,0.000
41154.000,0.000,-48546.000,16.000,7200.000,0.000,-2.000,0.000,0.000
41164.000,0.000,-48546.000,16.000,7200.000,0.000,-2.000,0.000,0.000
41174.000,0.000,-48546.000,16.000,7200.000,0.000,-2.000,0.000,0.000
41184.000,0.000,-48546.000,16.000,7200.000,0.000,-2.000,0.000,0.000
41194.000,0.000,-48546.000,16.000,7200.000,0.000,-2.000,0.000,0.000
41204.000,0.000,-48546.000,16.000,7200.000,0.000,-2.000,0.000,0.000
41214.000,0.000,-48546.000,16.000,7200.000,0.000,-2.000,0.000,0.000
41224.000,0.000,-48546.000,16.000,7200.000,0.000,-2.000,0.000,0.000
41234.000,0.000,-48546.000,16.000,7200.000,0.000,-2.000,0.000,0.000
41244.000,0.000,-48546.000,16.000,7200.000,0.000,-2.000,0.000,0.000
41254.000,0.000,-48546.000,16.000,7200.000,0.000,-2.000,0.000,0.000
41264.000,0.000,-48546.000,16.000,7200.000,0.000,-2.000,0.000,0.000
41274.000,0.000,-48546.000,16.000,7200.000,0.000,-2.000,0.000,0.000
41284.000,0.000,-48546.000,16.000,7200.000,0.000,-2.000,0.000,0.000
41294.000,0.000,-48546.000,16.000,7200.000,0.000,-2.000,0.000,0.000
41304.000,0.000,-48546.000,16.000,7200.000,0.000,-2.000,0.000,0.000
41314.000,0.000,-48546.000,16.000,7200.000,0.000,-2.000,0.000,0.000
41324.000,0.000,-48546.000,16.000,7200.000,0.000,-2.000,0.000,0.000
41334.000,0.000,-48546.000,16.000,7200.000,0.000,-2.000,0.000,0.000
41344.000,0.000,-48546.000,16.000,7200.000,0.000,-2.000,0.000,0.000
41354.000,0.000,-48546.000,16.000,7200.000,0.000,-2.000,0.000,0.000
41364.000,0.000,-48546.000,16.000,7200.000,0.000,-2.000,0.000,0.000
41374.000,0.000,-48546.000,16.000,7200.000,0.000,-2.000,0.000,0.000
41384.000,0.000,-48546.000,16.000,7200.000,0.000,-2.000,0.000,0.000
41394.000,0.000,-48546.000,16.000,7200.000,0.000,-2.000,0.000,0.000
41404.000,0.000,-48546.000,16.000,7200.000,0.000,-2.000,0.000,0.000
41414.000,0.000,-48546.000,16.000,7200.000,0.000,-2.000,0.000,0.000
41424.000,0.000,-48546.000,16.000,7200.000,0.000,-2.000,0.000,0.000
41434.000,0.000,-48546.000,16.000,7200.000,0.000,-2.000,0.000,0.000
41444.000,0.000,-48546.000,16.000,7200.000,0.000,-2.000,0.000,0.000
41454.000,0.000,-48546.000,16.000,7200.000,0.000,-2.000,0.000,0.000
41464.000,0.000,-48546.000,16.000,7200.000,0.000,-2.000,0.000,0.000
41474.000,0.000,-48546.000,16.000,7200.000,0.000,-2.000,0.000,0.000
41484.000,0.000,-48546.000,16.000,7200.000,0.000,-2.000,0.000,0.000
41494.000,0.000,-48546.000,16.000,7200.000,0.000,-2.000,0.000,0.000
41504.000,0.000,-48546.000,16.000,7200.000,0.000,-2.000,0.000,0.000
41514.000,0.000,-48546.000,16.000,7200.000,0.000,-2.000,0.000,0.000
41524.000,0.000,-48546.000,16.000,7200.000,0.000,-2.000,0.000,0.000
41534.000,0.000,-48546.000,16.000,7200.000,0.000,-2.000,0.000,0.000
41544.000,0.000,-48546.000,16.000,7200.000,0.000,-2.000,0.000,0.000
41554.000,0.000,-48546.000,16.000,7200.000,0.000,-2.000,0.000,0.000
41564.000,0.000,-48546.000,16.000,7200.000,0.000,-2.000,0.000,0.000
41574.000,0.000,-48546.000,16.000,7200.000,0.000,-2.000,0.000,0.000
41584.000,0.000,-48546.000,16.000,7200.000,0.000,-2.000,0.000,0.000
41594.000,0.000,-48546.000,16.000,7200.000,0.000,-2.000,0.000,0.000
41604.000,0.000,-48546.000,16.000,7200.000,0.000,-2.000,0.000,0.000
41614.000,0.000,-48546.000,16.000,7200.000,0.000,-2.000,0.000,0.000
41624.000,0.000,-48546.000,16.000,7200.000,0.000,-2.000,0.000,0.000
41634.000,0.000,-48546.000,16.000,7200.000,0.000,-2.000,0.000,0.000
41644.000,0.000,-48546.000,16.000,7200.000,0.000,-2.000,0.000,0.000
41654.000,0.000,-48546.000,16.000,7200.000,0.000,-2.000,0.000,0.000
41664.000,0.000,-48546.000,16.000,7200.000,0.000,-2.000,0.000,0.000
41674.000,0.000,-48546.000,16.000,7200.000,0.000,-2.000,0.000,0.000
41684.000,0.000,-48546.000,16.000,7200.000,0.000,-2.000,0.000,0.000
41694.000,0.000,-48546.000,16.000,7200.000,0.000,-2.000,0.000,0.000
41704.000,0.000,-48546.000,16.000,7200.000,0.000,-2.000,0.000,0.000
41714.000,0.000,-48546.000,16.000,7200.000,0.000,-2.000,0.000,0.000
41724.000,0.000,-48546.000,16.000,7200.000,0.000,-2.000,0.000,0.000
41734.000,0.000,-48546.000,16.000,7200.000,0.000,-2.000,0.000,0.000
41744.000,0.000,-48546.000,16.000,7200.000,0.000,-2.000,0.000,0.000
41754.000,0.000,-48546.000,16.000,7200.000,0.000,-2.000,0.000,0.000
41764.000,0.000,-48546.000,16.000,7200.000,0.000,-2.000,0.000,0.000
41774.000,0.000,-48546.000,16.000,7200.000,0.000,-2.000,0.000,0.000
41784.000,0.000,-48546.000,16.000,7200.000,0.000,-2.000,0.000,0.000
41794.000,0.000,-48546.000,16.000,7200.000,0.000,-2.000,0.000,0.000
41804.000,0.000,-48546.000,16.000,7200.000,0.000,-2.000,0.000,0.000
41814.000,0.000,-48546.000,16.000,7200.000,0.000,-2.000,0.000,0.000
41824.000,0.000,-48546.000,16.000,7200.000,0.000,-2.000,0.000,0.000
41834.000,0.000,-48546.000,16.000,7200.000,0.000,-2.000,0.000,0.000
41844.000,0.000,-48546.000,16.000,7200.000,0.000,-2.000,0.000,0.000
41854.000,0.000,-48546.000,16.000,7200.000,0.000,-2.000,0.000,0.000
41864.000,0.000,-48546.000,16.000,7200.000,0.000,-2.000,0.000,0.000
41874.000,0.000,-48546.000,16.000,7200.000,0.000,-2.000,0.000,0.000
41884.000,0.000,-48546.000,16.000,7200.000,0.000,-2.000,0.000,0.000
41894.000,0.000,-48546.000,16.000,7200.000,0.000,-2.000,0.000,0.000
41904.000,0.000,-48546.000,16.000,7200.000,0.000,-2.000,0.000,0.000
41914.000,0.000,-48546.000,16.000,7200.000,0.000,-2.000,0.000,0.000
41924.000,0.000,-48546.000,16.000,7200.000,0.000,-2.000,0.000,0.000
41934.000,0.000,-48546.000,16.000,7200.000,0.000,-2.000,0.000,0.000
41944.000,0.000,-48546.000,16.000,7200.000,0.000,-2.000,0.000,0.000
41954.000,0.000,-48546.000,16.000,7200.000,0.000,-2.000,0.000,0.000
41964.000,0.000,-48546.000,16.000,7200.000,0.000,-2.000,0.000,0.000
41974.000,0.000,-48546.000,16.000,7200.000,0.000,-2.000,0.000,0.000
41984.000,0.000,-48546.000,16.000,7200.000,0.000,-2.000,0.000,0.000
41994.000,0.000,-48546.000,16.000,7200.000,0.000,-2.000,0.000,0.000
42004.000,0.000,-48546.000,16.000,7200.000,0.000,-2.000,0.000,0.000
42014.000,0.000,-48546.000,16.000,7200.000,0.000,-2.000,0.000,0.000
42024.000,0.000,-48546.000,16.000,7200.000,0.000,-2.000,0.000,0.000
42034.000,0.000,-48546.000,16.000,7200.000,0.000,-2.000,0.000,0.000
42044.000,0.000,-48546.000,16.000,7200.000,0.000,-2.000,0.000,0.000
42054.000,0.000,-48546.000,16.000,7200.000,0.000,-2.000,0.000,0.000
42064.000,0.000,-48546.000,16.000,7200.000,0.000,-2.000,0.000,0.000
42074.000,0.000,-48546.000,16.000,7200.000,0.000,-2.000,0.000,0.000
42084.000,0.000,-48546.000,16.000,7200.000,0.000,-2.000,0.000,0.000
42094.000,0.000,-48546.000,16.000,7200.000,0.000,-2.000,0.000,0.000
42104.000,0.000,-48546.000,16.000,7200.000,0.000,-2.000,0.000,0.000
42114.000,0.000,-48546.000,16.000,7200.000,0.000,-2.000,0.000,0.000
42124.000,0.000,-48546.000,16.000,7200.000,0.000,-2.000,0.000,0.000
42134.000,0.000,-48546.000,16.000,7200.000,0.000,-2.000,0.000,0.000
42144.000,0.000,-48546.000,16.000,7200.000,0.000,-2.000,0.000,0.000
42154.000,0.000,-48546.000,16.000,7200.000,0.000,-2.000,0.000,0.000
42164.000,0.000,-48546.000,16.000,7200.000,0.000,-2.000,0.000,0.000
42174.000,0.000,-48546.000,16.000,7200.000,0.000,-2.000,0.000,0.000
42184.000,0.000,-48546.000,16.000,7200.000,0.000,-2.000,0.000,0.000
42194.000,0.000,-48546.000,16.000,7200.000,0.000,-2.000,0.000,0.000
42204.000,0.000,-48546.000,16.000,7200.000,0.000,-2.000,0.000,0.000
42214.000,0.000,-48546.000,16.000,7200.000,0.000,-2.000,0.000,0.000
42224.000,0.000,-48546.000,16.000,7200.000,0.000,-2.000,0.000,0.000
42234.000,0.000,-48546.000,16.000,7200.000,0.000,-2.000,0.000,0.000
42244.000,0.000,-48546.000,16.000,7200.000,0.000,-2.000,0.000,0.000
42254.000,0.000,-48546.000,16.000,7200.000,0.000,-2.000,0.000,0.000
42264.000,0.000,-48546.000,16.000,7200.000,0.000,-2.000,0.000,0.000
42274.000,0.000,-48546.000,16.000,7200.000,0.000,-2.000,0.000,0.000
42284.000,0.000,-48546.000,16.000,7200.000,0.000,-2.000,0.000,0.000
42294.000,0.000,-48546.000,16.000,7200.000,0.000,-2.000,0.000,0.000
42304.000,0.000,-48546.000,16.000,7200.000,0.000,-2.000,0.000,0.000
42314.000,0.000,-48546.000,16.000,7200.000,0.000,-2.000,0.000,0.000
42324.000,0.000,-48546.000,16.000,7200.000,0.000,-2.000,0.000,0.000
42334.000,0.000,-48546.000,16.000,7200.000,0.000,-2.000,0.000,0.000
42344.000,0.000,-48546.000,16.000,7200.000,0.000,-2.000,0.000,0.000
42354.000,0.000,-48546.000,16.000,7200.000,0.000,-2.000,0.000,0.000
42364.000,0.000,-48546.000,16.000,7200.000,0.000,-2.000,0.000,0.000
42374.000,0.000,-48546.000,16.000,7200.000,0.000,-2.000,0.000,0.000
42384.000,0.000,-48546.000,16.000,7200.000,0.000,-2.000,0.000,0.000
42394.000,0.000,-48546.000,16.000,7200.000,0.000,-2.000,0.000,0.000
42404.000,0.000,-48546.000,16.000,7200.000,0.000,-2.000,0.000,0.000
42414.000,0.000,-48546.000,16.000,7200.000,0.000,-2.000,0.000,0.000
42424.000,0.000,-48546.000,16.000,7200.000,0.000,-2.000,0.000,0.000
42434.000,0.000,-48546.000,16.000,7200.000,0.000,-2.000,0.000,0.000
42444.000,0.000,-48546.000,16.000,7200.000,0.000,-2.000,0.000,0.000
42454.000,0.000,-48546.000,16.000,7200.000,0.000,-2.000,0.000,0.000
42464.000,0.000,-48546.000,16.000,7200.000,0.000,-2.000,0.000,0.000
42474.000,0.000,-48546.000,16.000,7200.000,0.000,-2.000,0.000,0.000
42484.000,0.000,-48546.000,16.000,7200.000,0.000,-2.000,0.000,0.000
42494.000,0.000,-48546.000,16.000,7200.000,0.000,-2.000,0.000,0.000
42504.000,0.000,-48546.000,16.000,7200.000,0.000,-2.000,0.000,0.000
42514.000,0.000,-48546.000,16.000,7200.000,0.000,-2.000,0.000,0.000
42524.000,0.000,-48546.000,16.000,7200.000,0.000,-2.000,0.000,0.000
42534.000,0.000,-48546.000,16.000,7200.000,0.000,-2.000,0.000,0.000
42544.000,0.000,-48546.000,16.000,7200.000,0.000,-2.000,0.000,0.000
42554.000,0.000,-48546.000,16.000,7200.000,0.000,-2.000,0.000,0.000
42564.000,0.000,-48546.000,16.000,7200.000,0.000,-2.000,0.000,0.000
42574.000,0.000,-48546.000,16.000,7200.000,0.000,-2.000,0.000,0.000
42584.000,0.000,-48546.000,16.000,7200.000,0.000,-2.000,0.000,0.000
42594.000,0.000,-48546.000,16.000,7200.000,0.000,-2.000,0.000,0.000
42604.000,0.000,-48546.000,16.000,7200.000,0.000,-2.000,0.000,0.000
42614.000,0.000,-48546.000,16.000,7200.000,0.000,-2.000,0.000,0.000
42624.000,0.000,-48546.000,16.000,7200.000,0.000,-2.000,0.000,0.000
42634.000,0.000,-48546.000,16.000,7200.000,0.000,-2.000,0.000,0.000
42644.000,0.000,-48546.000,16.000,7200.000,0.000,-2.000,0.000,0.000
42654.000,0.000,-48546.000,16.000,7200.000,0.000,-2.000,0.000,0.000
42664.000,0.000,-48546.000,16.000,7200.000,0.000,-2.000,0.000,0.000
42674.000,0.000,-48546.000,16.000,7200.000,0.000,-2.000,0.000,0.000
42684.000,0.000,-48546.000,16.000,7200.000,0.000,-2.000,0.000,0.000
42694.000,0.000,-48546.000,16.000,7200.000,0.000,-2.000,0.000,0.000
42704.000,0.000,-48546.000,16.000,7200.000,0.000,-2.000,0.000,0.000
42714.000,0.000,-48546.000,16.000,7200.000,0.000,-2.000,0.000,0.000
42724.000,0.000,-48546.000,16.000,7200.000,0.000,-2.000,0.000,0.000
42734.000,0.000,-48546.000,16.000,7200.000,0.000,-2.000,0.000,0.000
42744.000,0.000,-48546.000,16.000,7200.000,0.000,-2.000,0.000,0.000
42754.000,0.000,-48546.000,16.000,7200.000,0.000,-2.000,0.000,0.000
42764.000,0.000,-48546.000,16.000,7200.000,0.000,-2.000,0.000,0.000
42774.000,0.000,-48546.000,16.000,7200.000,0.000,-2.000,0.000,0.000
42784.000,0.000,-48546.000,16.000,7200.000,0.000,-2.000,0.000,0.000
42794.000,0.000,-48546.000,16.000,7200.000,0.000,-2.000,0.000,0.000
42804.000,0.000,-48546.000,16.000,7200.000,0.000,-2.000,0.000,0.000
42814.000,0.000,-48546.000,16.000,7200.000,0.000,-2.000,0.000,0.000
42824.000,0.000,-48546.000,16.000,7200.000,0.000,-2.000,0.000,0.000
42834.000,0.000,-48546.000,16.000,7200.000,0.000,-2.000,0.000,0.000
42844.000,0.000,-48546.000,16.000,7200.000,0.000,-2.000,0.000,0.000
42854.000,0.000,-48546.000,16.000,7200.000,0.000,-2.000,0.000,0.000
42864.000,0.000,-48546.000,16.000,7200.000,0.000,-2.000,0.000,0.000
42874.000,0.000,-48546.000,16.000,7200.000,0.000,-2.000,0.000,0.000
42884.000,0.000,-48546.000,16.000,7200.000,0.000,-2.000,0.000,0.000
42894.000,0.000,-48546.000,16.000,7200.000,0.000,-2.000,0.000,0.000
42904.000,0.000,-48546.000,16.000,7200.000,0.000,-2.000,0.000,0.000
42914.000,0.000,-48546.000,16.000,7200.000,0.000,-2.000,0.000,0.000
42924.000,0.000,-48546.000,16.000,7200.000,0.000,-2.000,0.000,0.000
42934.000,0.000,-48546.000,16.000,7200.000,0.000,-2.000,0.000,0.000
42944.000,0.000,-48546.000,16.000,7200.000,0.000,-2.000,0.000,0.000
42954.000,0.000,-48546.000,16.000,7200.000,0.000,-2.000,0.000,0.000
42964.000,0.000,-48546.000,16.000,7200.000,0.000,-2.000,0.000,0.000
42974.000,0.000,-48546.000,16.000,7200.000,0.000,-2.000,0.000,0.000
42984.000,0.000,-48546.000,16.000,7200.000,0.000,-2.000,0.000,0.000
42994.000,0.000,-48546.000,16.000,7200.000,0.000,-2.000,0.000,0.000
43004.000,0.000,-48546.000,16.000,7200.000,0.000,-2.000,0.000,0.000
43014.000,0.000,-48546.000,16.000,7200.000,0.000,-2.000,0.000,0.000
43024.000,0.000,-48546.000,16.000,7200.000,0.000,-2.000,0.000,0.000
43034.000,0.000,-48546.000,16.000,7200.000,0.000,-2.000,0.000,0.000
43044.000,0.000,-48546.000,16.000,7200.000,0.000,-2.000,0.000,0.000
43054.000,0.000,-48546.000,16.000,7200.000,0.000,-2.000,0.000,0.000
43064.000,0.000,-48546.000,16.000,7200.000,0.000,-2.000,0.000,0.000
43074.000,0.000,-48546.000,16.000,7200.000,0.000,-2.000,0.000,0.000
43084.000,0.000,-48546.000,16.000,7200.000,0.000,-2.000,0.000,0.000
43094.000,0.000,-48546.000,16.000,7200.000,0.000,-2.000,0.000,0.000
43104.000,0.000,-48546.000,16.000,7200.000,0.000,-2.000,0.000,0.000
43114.000,0.000,-48546.000,16.000,7200.000,0.000,-2.000,0.000,0.000
43124.000,0.000,-48546.000,16.000,7200.000,0.000,-2.000,0.000,0.000
43134.000,0.000,-48546.000,16.000,7200.000,0.000,-2.000,0.000,0.000
43144.000,0.000,-48546.000,16.000,7200.000,0.000,-2.000,0.000,0.000
43154.000,0.000,-48546.000,16.000,7200.000,0.000,-2.000,0.000,0.000
43164.000,0.000,-48546.000,16.000,7200.000,0.000,-2.000,0.000,0.000
43174.000,0.000,-48546.000,16.000,7200.000,0.000,-2.000,0.000,0.000
43184.000,0.000,-48546.000,16.000,7200.000,0.000,-2.000,0.000,0.000
43194.000,0.000,-48546.000,16.000,7200.000,0.000,-2.000,0.000,0.000
43204.000,0.000,-48546.000,16.000,7200.000,0.000,-2.000,0.000,0.000
43214.000,0.000,-48546.000,16.000,7200.000,0.000,-2.000,0.000,0.000
43224.000,0.000,-48546.000,16.000,7200.000,0.000,-2.000,0.000,0.000
43234.000,0.000,-48546.000,16.000,7200.000,0.000,-2.000,0.000,0.000
43244.000,0.000,-48546.000,16.000,7200.000,0.000,-2.000,0.000,0.000
43254.000,0.000,-48546.000,16.000,7200.000,0.000,-2.000,0.000,0.000
43264.000,0.000,-48546.000,16.000,7200.000,0.000,-2.000,0.000,0.000
43274.000,0.000,-48546.000,16.000,7200.000,0.000,-2.000,0.000,0.000
43284.000,0.000,-48546.000,16.000,7200.000,0.000,-2.000,0.000,0.000
43294.000,0.000,-48546.000,16.000,7200.000,0.000,-2.000,0.000,0.000
43304.000,0.000,-48546.000,16.000,7200.000,0.000,-2.000,0.000,0.000
43314.000,0.000,-48546.000,16.000,7200.000,0.000,-2.000,0.000,0.000
43324.000,0.000,-48546.000,16.000,7200.000,0.000,-2.000,0.000,0.000
43334.000,0.000,-48546.000,16.000,7200.000,0.000,-2.000,0.000,0.000
43344.000,0.000,-48546.000,16.000,7200.000,0.000,-2.000,0.000,0.000
43354.000,0.000,-48546.000,16.000,7200.000,0.000,-2.000,0.000,0.000
43364.000,0.000,-48546.000,16.000,7200.000,0.000,-2.000,0.000,0.000
43374.000,0.000,-48546.000,16.000,7200.000,0.000,-2.000,0.000,0.000
43384.000,0.000,-48546.000,16.000,7200.000,0.000,-2.000,0.000,0.000
43394.000,0.000,-48546.000,16.000,7200.000,0.000,-2.000,0.000,0.000
43404.000,0.000,-48546.000,16.000,7200.000,0.000,-2.000,0.000,0.000
43414.000,0.000,-48546.000,16.000,7200.000,0.000,-2.000,0.000,0.000
43424.000,0.000,-48546.000,16.000,7200.000,0.000,-2.000,0.000,0.000
43434.000,0.000,-48546.000,16.000,7200.000,0.000,-2.000,0.000,0.000
43444.000,0.000,-48546.000,16.000,7200.000,0.000,-2.000,0.000,0.000
43454.000,0.000,-48546.000,16.000,7200.000,0.000,-2.000,0.000,0.000
43464.000,0.000,-48546.000,16.000,7200.000,0.000,-2.000,0.000,0.000
43474.000,0.000,-48546.000,16.000,7200.000,0.000,-2.000,0.000,0.000
43484.000,0.000,-48546.000,16.000,7200.000,0.000,-2.000,0.000,0.000
43494.000,0.000,-48546.000,16.000,7200.000,0.000,-2.000,0.000,0.000
43504.000,0.000,-48546.000,16.000,7200.000,0.000,-2.000,0.000,0.000
43514.000,0.000,-48546.000,16.000,7200.000,0.000,-2.000,0.000,0.000
43524.000,0.000,-48546.000,16.000,7200.000,0.000,-2.000,0.000,0.000
43534.000,0.000,-48546.000,16.000,7200.000,0.000,-2.000,0.000,0.000
43544.000,0.000,-48546.000,16.000,7200.000,0.000,-2.000,0.000,0.000
43554.000,0.000,-48546.000,16.000,7200.000,0.000,-2.000,0.000,0.000
43564.000,0.000,-48546.000,16.000,7200.000,0.000,-2.000,0.000,0.000
43574.000,0.000,-48546.000,16.000,7200.000,0.000,-2.000,0.000,0.000
43584.000,0.000,-48546.000,16.000,7200.000,0.000,-2.000,0.000,0.000
43594.000,0.000,-48546.000,16.000,7200.000,0.000,-2.000,0.000,0.000
43604.000,0.000,-48546.000,16.000,7200.000,0.000,-2.000,0.000,0.000
43614.000,0.000,-48546.000,16.000,7200.000,0.000,-2.000,0.000,0.000
43624.000,0.000,-48546.000,16.000,7200.000,0.000,-2.000,0.000,0.000
43634.000,0.000,-48546.000,16.000,7200.000,0.000,-2.000,0.000,0.000
43644.000,0.000,-48546.000,16.000,7200.000,0.000,-2.000,0.000,0.000
43654.000,0.000,-48546.000,16.000,7200.000,0.000,-2.000,0.000,0.000
43664.000,0.000,-48546.000,16.000,7200.000,0.000,-2.000,0.000,0.000
43674.000,0.000,-48546.000,16.000,7200.000,0.000,-2.000,0.000,0.000
43684.000,0.000,-48546.000,16.000,7200.000,0.000,-2.000,0.000,0.000
43694.000,0.000,-48546.000,16.000,7200.000,0.000,-2.000,0.000,0.000
43704.000,0.000,-48546.000,16.000,7200.000,0.000,-2.000,0.000,0.000
43714.000,0.000,-48546.000,16.000,7200.000,0.000,-2.000,0.000,0.000
43724.000,0.000,-48546.000,16.000,7200.000,0.000,-2.000,0.000,0.000
43734.000,0.000,-48546.000,16.000,7200.000,0.000,-2.000,0.000,0.000
43744.000,0.000,-48546.000,16.000,7200.000,0.000,-2.000,0.000,0.000
43754.000,0.000,-48546.000,16.000,7200.000,0.000,-2.000,0.000,0.000
43764.000,0.000,-48546.000,16.000,7200.000,0.000,-2.000,0.000,0.000
43774.000,0.000,-48546.000,16.000,7200.000,0.000,-2.000,0.000,0.000
43784.000,0.000,-48546.000,16.000,7200.000,0.000,-2.000,0.000,0.000
43794.000,0.000,-48546.000,16.000,7200.000,0.000,-2.000,0.000,0.000
43804.000,0.000,-48546.000,16.000,7200.000,0.000,-2.000,0.000,0.000
43814.000,0.000,-48546.000,16.000,7200.000,0.000,-2.000,0.000,0.000
43824.000,0.000,-48546.000,16.000,7200.000,0.000,-2.000,0.000,0.000
43834.000,0.000,-48546.000,16.000,7200.000,0.000,-2.000,0.000,0.000
43844.000,0.000,-48546.000,16.000,7200.000,0.000,-2.000,0.000,0.000
43854.000,0.000,-48546.000,16.000,7200.000,0.000,-2.000,0.000,0.000
43864.000,0.000,-48546.000,16.000,7200.000,0.000,-2.000,0.000,0.000
43874.000,0.000,-48546.000,16.000,7200.000,0.000,-2.000,0.000,0.000
43884.000,0.000,-48546.000,16.000,7200.000,0.000,-2.000,0.000,0.000
43894.000,0.000,-48546.000,16.000,7200.000,0.000,-2.000,0.000,0.000
43904.000,0.000,-48546.000,16.000,7200.000,0.000,-2.000,0.000,0.000
43914.000,0.000,-48546.000,16.000,7200.000,0.000,-2.000,0.000,0.000
43924.000,0.000,-48546.000,16.000,7200.000,0.000,-2.000,0.000,0.000
43934.000,0.000,-48546.000,16.000,7200.000,0.000,-2.000,0.000,0.000
43944.000,0.000,-48546.000,16.000,7200.000,0.000,-2.000,0.000,0.000
43954.000,0.000,-48546.000,16.000,7200.000,0.000,-2.000,0.000,0.000
43964.000,0.000,-48546.000,16.000,7200.000,0.000,-2.000,0.000,0.000
43974.000,0.000,-48546.000,16.000,7200.000,0.000,-2.000,0.000,0.000
43984.000,0.000,-48546.000,16.000,7200.000,0.000,-2.000,0.000,0.000
43994.000,0.000,-48546.000,16.000,7200.000,0.000,-2.000,0.000,0.000
44004.000,0.000,-48546.000,16.000,7200.000,0.000,-2.000,0.000,0.000
44014.000,0.000,-48546.000,16.000,7200.000,0.000,-2.000,0.000,0.000
44024.000,0.000,-48546.000,16.000,7200.000,0.000,-2.000,0.000,0.000
44034.000,0.000,-48546.000,16.000,7200.000,0.000,-2.000,0.000,0.000
44044.000,0.000,-48546.000,16.000,7200.000,0.000,-2.000,0.000,0.000
44054.000,0.000,-48546.000,16.000,7200.000,0.000,-2.000,0.000,0.000
44064.000,0.000,-48546.000,16.000,7200.000,0.000,-2.000,0.000,0.000
44074.000,0.000,-48546.000,16.000,7200.000,0.000,-2.000,0.000,0.000
44084.000,0.000,-48546.000,16.000,7200.000,0.000,-2.000,0.000,0.000
44094.000,0.000,-48546.000,16.000,7200.000,0.000,-2.000,0.000,0.000
44104.000,0.000,-48546.000,16.000,7200.000,0.000,-2.000,0.000,0.000
44114.000,0.000,-48546.000,16.000,7200.000,0.000,-2.000,0.000,0.000
44124.000,0.000,-48546.000,16.000,7200.000,0.000,-2.000,0.000,0.000
44134.000,0.000,-48546.000,16.000,7200.000,0.000,-2.000,0.000,0.000
44144.000,0.000,-48546.000,16.000,7200.000,0.000,-2.000,0.000,0.000
44154.000,0.000,-48546.000,16.000,7200.000,0.000,-2.000,0.000,0.000
44164.000,0.000,-48546.000,16.000,7200.000,0.000,-2.000,0.000,0.000
44174.000,0.000,-48546.000,16.000,7200.000,0.000,-2.000,0.000,0.000
44184.000,0.000,-48546.000,16.000,7200.000,0.000,-2.000,0.000,0.000
44194.000,0.000,-48546.000,16.000,7200.000,0.000,-2.000,0.000,0.000
44204.000,0.000,-48546.000,16.000,7200.000,0.000,-2.000,0.000,0.000
44214.000,0.000,-48546.000,16.000,7200.000,0.000,-2.000,0.000,0.000
44224.000,0.000,-48546.000,16.000,7200.000,0.000,-2.000,0.000,0.000
44234.000,0.000,-48546.000,16.000,7200.000,0.000,-2.000,0.000,0.000
44244.000,0.000,-48546.000,16.000,7200.000,0.000,-2.000,0.000,0.000
44254.000,0.000,-48546.000,16.000,7200.000,0.000,-2.000,0.000,0.000
44264.000,0.000,-48546.000,16.000,7200.000,0.000,-2.000,0.000,0.000
44274.000,0.000,-48546.000,16.000,7200.000,0.000,-2.000,0.000,0.000
44284.000,0.000,-48546.000,16.000,7200.000,0.000,-2.000,0.000,0.000
44294.000,0.000,-48546.000,16.000,7200.000,0.000,-2.000,0.000,0.000
44304.000,0.000,-48546.000,16.000,7200.000,0.000,-2.000,0.000,0.000
44314.000,0.000,-48546.000,16.000,7200.000,0.000,-2.000,0.000,0.000
44324.000,0.000,-48546.000,16.000,7200.000,0.000,-2.000,0.000,0.000
44334.000,0.000,-48546.000,16.000,7200.000,0.000,-2.000,0.000,0.000
44344.000,0.000,-48546.000,16.000,7200.000,0.000,-2.000,0.000,0.000
44354.000,0.000,-48546.000,16.000,7200.000,0.000,-2.000,0.000,0.000
44364.000,0.000,-48546.000,16.000,7200.000,0.000,-2.000,0.000,0.000
44374.000,0.000,-48546.000,16.000,7200.000,0.000,-2.000,0.000,0.000
44384.000,0.000,-48546.000,16.000,7200.000,0.000,-2.000,0.000,0.000
44394.000,0.000,-48546.000,16.000,7200.000,0.000,-2.000,0.000,0.000
44404.000,0.000,-48546.000,16.000,7200.000,0.000,-2.000,0.000,0.000
44414.000,0.000,-48546.000,16.000,7200.000,0.000,-2.000,0.000,0.000
44424.000,0.000,-48546.000,16.000,7200.000,0.000,-2.000,0.000,0.000
44434.000,0.000,-48546.000,16.000,7200.000,0.000,-2.000,0.000,0.000
44444.000,0.000,-48546.000,16.000,7200.000,0.000,-2.000,0.000,0.000
44454.000,0.000,-48546.000,16.000,7200.000,0.000,-2.000,0.000,0.000
44464.000,0.000,-48546.000,16.000,7200.000,0.000,-2.000,0.000,0.000
44474.000,0.000,-48546.000,16.000,7200.000,0.000,-2.000,0.000,0.000
44484.000,0.000,-48546.000,16.000,7200.000,0.000,-2.000,0.000,0.000
44494.000,0.000,-48546.000,16.000,7200.000,0.000,-2.000,0.000,0.000
44504.000,0.000,-48546.000,16.000,7200.000,0.000,-2.000,0.000,0.000
44514.000,0.000,-48546.000,16.000,7200.000,0.000,-2.000,0.000,0.000
44524.000,0.000,-48546.000,16.000,7200.000,0.000,-2.000,0.000,0.000
44534.000,0.000,-48546.000,16.000,7200.000,0.000,-2.000,0.000,0.000
44544.000,0.000,-48546.000,16.000,7200.000,0.000,-2.000,0.000,0.000
44554.000,0.000,-48546.000,16.000,7200.000,0.000,-2.000,0.000,0.000
44564.000,0.000,-48546.000,16.000,7200.000,0.000,-2.000,0.000,0.000
44574.000,0.000,-48546.000,16.000,7200.000,0.000,-2.000,0.000,0.000
44584.000,0.000,-48546.000,16.000,7200.000,0.000,-2.000,0.000,0.000
44594.000,0.000,-48546.000,16.000,7200.000,0.000,-2.000,0.000,0.000
44604.000,0.000,-48546.000,16.000,7200.000,0.000,-2.000,0.000,0.000
44614.000,0.000,-48546.000,16.000,7200.000,0.000,-2.000,0.000,0.000
44624.000,0.000,-48546.000,16.000,7200.000,0.000,-2.000,0.000,0.000
44634.000,0.000,-48546.000,16.000,7200.000,0.000,-2.000,0.000,0.000
44644.000,0.000,-48546.000,16.000,7200.000,0.000,-2.000,0.000,0.000
44654.000,0.000,-48546.000,16.000,7200.000,0.000,-2.000,0.000,0.000
44664.000,0.000,-48546.000,16.000,7200.000,0.000,-2.000,0.000,0.000
44674.000,0.000,-48546.000,16.000,7200.000,0.000,-2.000,0.000,0.000
44684.000,0.000,-48546.000,16.000,7200.000,0.000,-2.000,0.000,0.000
44694.000,0.000,-48546.000,16.000,7200.000,0.000,-2.000,0.000,0.000
44704.000,0.000,-48546.000,16.000,7200.000,0.000,-2.000,0.000,0.000
44714.000,0.000,-48546.000,16.000,7200.000,0.000,-2.000,0.000,0.000
44724.000,0.000,-48546.000,16.000,7200.000,0.000,-2.000,0.000,0.000
44734.000,0.000,-48546.000,16.000,7200.000,0.000,-2.000,0.000,0.000
44744.000,0.000,-48546.000,16.000,7200.000,0.000,-2.000,0.000,0.000
44754.000,0.000,-48546.000,16.000,7200.000,0.000,-2.000,0.000,0.000
44764.000,0.000,-48546.000,16.000,7200.000,0.000,-2.000,0.000,0.000
44774.000,0.000,-48546.000,16.000,7200.000,0.000,-2.000,0.000,0.000
44784.000,0.000,-48546.000,16.000,7200.000,0.000,-2.000,0.000,0.000
44794.000,0.000,-48546.000,16.000,7200.000,0.000,-2.000,0.000,0.000
44804.000,0.000,-48546.000,16.000,7200.000,0.000,-2.000,0.000,0.000
44814.000,0.000,-48546.000,16.000,7200.000,0.000,-2.000,0.000,0.000
44824.000,0.000,-48546.000,16.000,7200.000,0.000,-2.000,0.000,0.000
44834.000,0.000,-48546.000,16.000,7200.000,0.000,-2.000,0.000,0.000
44844.000,0.000,-48546.000,16.000,7200.000,0.000,-2.000,0.000,0.000
44854.000,0.000,-48546.000,16.000,7200.000,0.000,-2.000,0.000,0.000
44864.000,0.000,-48546.000,16.000,7200.000,0.000,-2.000,0.000,0.000
44874.000,0.000,-48546.000,16.000,7200.000,0.000,-2.000,0.000,0.000
44884.000,0.000,-48546.000,16.000,7200.000,0.000,-2.000,0.000,0.000
44894.000,0.000,-48546.000,16.000,7200.000,0.000,-2.000,0.000,0.000
44904.000,0.000,-48546.000,16.000,7200.000,0.000,-2.000,0.000,0.000
44914.000,0.000,-48546.000,16.000,7200.000,0.000,-2.000,0.000,0.000
44924.000,0.000,-48546.000,16.000,7200.000,0.000,-2.000,0.000,0.000
44934.000,0.000,-48546.000,16.000,7200.000,0.000,-2.000,0.000,0.000
44944.000,0.000,-48546.000,16.000,7200.000,0.000,-2.000,0.000,0.000
44954.000,0.000,-48546.000,16.000,7200.000,0.000,-2.000,0.000,0.000
44964.000,0.000,-48546.000,16.000,7200.000,0.000,-2.000,0.000,0.000
44974.000,0.000,-48546.000,16.000,7200.000,0.000,-2.000,0.000,0.000
44984.000,0.000,-48546.000,16.000,7200.000,0.000,-2.000,0.000,0.000
44994.000,0.000,-48546.000,16.000,7200.000,0.000,-2.000,0.000,0.000
45004.000,0.000,-48546.000,16.000,7200.000,0.000,-2.000,0.000,0.000
45014.000,0.000,-48546.000,16.000,7200.000,0.000,-2.000,0.000,0.000
45024.000,0.000,-48546.000,16.000,7200.000,0.000,-2.000,0.000,0.000
45034.000,0.000,-48546.000,16.000,7200.000,0.000,-2.000,0.000,0.000
45044.000,0.000,-48546.000,16.000,7200.000,0.000,-2.000,0.000,0.000
45054.000,0.000,-48546.000,16.000,7200.000,0.000,-2.000,0.000,0.000
45064.000,0.000,-48546.000,16.000,7200.000,0.000,-2.000,0.000,0.000
45074.000,0.000,-48546.000,16.000,7200.000,0.000,-2.000,0.000,0.000
45084.000,0.000,-48546.000,16.000,7200.000,0.000,-2.000,0.000,0.000
45094.000,0.000,-48546.000,16.000,7200.000,0.000,-2.000,0.000,0.000
45104.000,0.000,-48546.000,16.000,7200.000,0.000,-2.000,0.000,0.000
45114.000,0.000,-48546.000,16.000,7200.000,0.000,-2.000,0.000,0.000
45124.000,0.000,-48546.000,16.000,7200.000,0.000,-2.000,0.000,0.000
45134.000,0.000,-48546.000,16.000,7200.000,0.000,-2.000,0.000,0.000
45144.000,0.000,-48546.000,16.000,7200.000,0.000,-2.000,0.000,0.000
45154.000,0.000,-48546.000,16.000,7200.000,0.000,-2.000,0.000,0.000
45164.000,0.000,-48546.000,16.000,7200.000,0.000,-2.000,0.000,0.000
45174.000,0.000,-48546.000,16.000,7200.000,0.000,-2.000,0.000,0.000
45184.000,0.000,-48546.000,16.000,7200.000,0.000,-2.000,0.000,0.000
45194.000,0.000,-48546.000,16.000,7200.000,0.000,-2.000,0.000,0.000
45204.000,0.000,-48546.000,16.000,7200.000,0.000,-2.000,0.000,0.000
45214.000,0.000,-48546.000,16.000,7200.000,0.000,-2.000,0.000,0.000
45224.000,0.000,-48546.000,16.000,7200.000,0.000,-2.000,0.000,0.000
45234.000,0.000,-48546.000,16.000,7200.000,0.000,-2.000,0.000,0.000
45244.000,0.000,-48546.000,16.000,7200.000,0.000,-2.000,0.000,0.000
45254.000,0.000,-48546.000,16.000,7200.000,0.000,-2.000,0.000,0.000
45264.000,0.000,-48546.000,16.000,7200.000,0.000,-2.000,0.000,0.000
45274.000,0.000,-48546.000,16.000,7200.000,0.000,-2.000,0.000,0.000
45284.000,0.000,-48546.000,16.000,7200.000,0.000,-2.000,0.000,0.000
45294.000,0.000,-48546.000,16.000,7200.000,0.000,-2.000,0.000,0.000
45304.000,0.000,-48546.000,16.000,7200.000,0.000,-2.000,0.000,0.000
45314.000,0.000,-48546.000,16.000,7200.000,0.000,-2.000,0.000,0.000
45324.000,0.000,-48546.000,16.000,7200.000,0.000,-2.000,0.000,0.000
45334.000,0.000,-48546.000,16.000,7200.000,0.000,-2.000,0.000,0.000
45344.000,0.000,-48546.000,16.000,7200.000,0.000,-2.000,0.000,0.000
45354.000,0.000,-48546.000,16.000,7200.000,0.000,-2.000,0.000,0.000
45364.000,0.000,-48546.000,16.000,7200.000,0.000,-2.000,0.000,0.000
45374.000,0.000,-48546.000,16.000,7200.000,0.000,-2.000,0.000,0.000
45384.000,0.000,-48546.000,16.000,7200.000,0.000,-2.000,0.000,0.000
45394.000,0.000,-48546.000,16.000,7200.000,0.000,-2.000,0.000,0.000
45404.000,0.000,-48546.000,16.000,7200.000,0.000,-2.000,0.000,0.000
45414.000,0.000,-48546.000,16.000,7200.000,0.000,-2.000,0.000,0.000
45424.000,0.000,-48546.000,16.000,7200.000,0.000,-2.000,0.000,0.000
45434.000,0.000,-48546.000,16.000,7200.000,0.000,-2.000,0.000,0.000
45444.000,0.000,-48546.000,16.000,7200.000,0.000,-2.000,0.000,0.000
45454.000,0.000,-48546.000,16.000,7200.000,0.000,-2.000,0.000,0.000
45464.000,0.000,-48546.000,16.000,7200.000,0.000,-2.000,0.000,0.000
45474.000,0.000,-48546.000,16.000,7200.000,0.000,-2.000,0.000,0.000
45484.000,0.000,-48546.000,16.000,7200.000,0.000,-2.000,0.000,0.000
45494.000,0.000,-48546.000,16.000,7200.000,0.000,-2.000,0.000,0.000
45504.000,0.000,-48546.000,16.000,7200.000,0.000,-2.000,0.000,0.000
45514.000,0.000,-48546.000,16.000,7200.000,0.000,-2.000,0.000,0.000
45524.000,0.000,-48546.000,16.000,7200.000,0.000,-2.000,0.000,0.000
45534.000,0.000,-48546.000,16.000,7200.000,0.000,-2.000,0.000,0.000
45544.000,0.000,-48546.000,16.000,7200.000,0.000,-2.000,0.000,0.000
45554.000,0.000,-48546.000,16.000,7200.000,0.000,-2.000,0.000,0.000
45564.000,0.000,-48546.000,16.000,7200.000,0.000,-2.000,0.000,0.000
45574.000,0.000,-48546.000,16.000,7200.000,0.000,-2.000,0.000,0.000
45584.000,0.000,-48546.000,16.000,7200.000,0.000,-2.000,0.000,0.000
45594.000,0.000,-48546.000,16.000,7200.000,0.000,-2.000,0.000,0.000
45604.000,0.000,-48546.000,16.000,7200.000,0.000,-2.000,0.000,0.000
45614.000,0.000,-48546.000,16.000,7200.000,0.000,-2.000,0.000,0.000
45624.000,0.000,-48546.000,16.000,7200.000,0.000,-2.000,0.000,0.000
45634.000,0.000,-48546.000,16.000,7200.000,0.000,-2.000,0.000,0.000
45644.000,0.000,-48546.000,16.000,7200.000,0.000,-2.000,0.000,0.000
45654.000,0.000,-48546.000,16.000,7200.000,0.000,-2.000,0.000,0.000
45664.000,0.000,-48546.000,16.000,7200.000,0.000,-2.000,0.000,0.000
45674.000,0.000,-48546.000,16.000,7200.000,0.000,-2.000,0.000,0.000
45684.000,0.000,-48546.000,16.000,7200.000,0.000,-2.000,0.000,0.000
45694.000,0.000,-48546.000,16.000,7200.000,0.000,-2.000,0.000,0.000
45704.000,0.000,-48546.000,16.000,7200.000,0.000,-2.000,0.000,0.000
45714.000,0.000,-48546.000,16.000,7200.000,0.000,-2.000,0.000,0.000
45724.000,0.000,-48546.000,16.000,7200.000,0.000,-2.000,0.000,0.000
45734.000,0.000,-48546.000,16.000,7200.000,0.000,-2.000,0.000,0.000
45744.000,0.000,-48546.000,16.000,7200.000,0.000,-2.000,0.000,0.000
45754.000,0.000,-48546.000,16.000,7200.000,0.000,-2.000,0.000,0.000
45764.000,0.000,-48546.000,16.000,7200.000,0.000,-2.000,0.000,0.000
45774.000,0.000,-48546.000,16.000,7200.000,0.000,-2.000,0.000,0.000
45784.000,0.000,-48546.000,16.000,7200.000,0.000,-2.000,0.000,0.000
45794.000,0.000,-48546.000,16.000,7200.000,0.000,-2.000,0.000,0.000
45804.000,0.000,-48546.000,16.000,7200.000,0.000,-2.000,0.000,0.000
45814.000,0.000,-48546.000,16.000,7200.000,0.000,-2.000,0.000,0.000
45824.000,0.000,-48546.000,16.000,7200.000,0.000,-2.000,0.000,0.000
45834.000,0.000,-48546.000,16.000,7200.000,0.000,-2.000,0.000,0.000
45844.000,0.000,-48546.000,16.000,7200.000,0.000,-2.000,0.000,0.000
45854.000,0.000,-48546.000,16.000,7200.000,0.000,-2.000,0.000,0.000
45864.000,0.000,-48546.000,16.000,7200.000,0.000,-2.000,0.000,0.000
45874.000,0.000,-48546.000,16.000,7200.000,0.000,-2.000,0.000,0.000
45884.000,0.000,-48546.000,16.000,7200.000,0.000,-2.000,0.000,0.000
45894.000,0.000,-48546.000,16.000,7200.000,0.000,-2.000,0.000,0.000
45904.000,0.000,-48546.000,16.000,7200.000,0.000,-2.000,0.000,0.000
45914.000,0.000,-48546.000,16.000,7200.000,0.000,-2.000,0.000,0.000
45924.000,0.000,-48546.000,16.000,7200.000,0.000,-2.000,0.000,0.000
45934.000,0.000,-48546.000,16.000,7200.000,0.000,-2.000,0.000,0.000
45944.000,0.000,-48546.000,16.000,7200.000,0.000,-2.000,0.000,0.000
45954.000,0.000,-48546.000,16.000,7200.000,0.000,-2.000,0.000,0.000
45964.000,0.000,-48546.000,16.000,7200.000,0.000,-2.000,0.000,0.000
45974.000,0.000,-48546.000,16.000,7200.000,0.000,-2.000,0.000,0.000
45984.000,0.000,-48546.000,16.000,7200.000,0.000,-2.000,0.000,0.000
45994.000,0.000,-48546.000,16.000,7200.000,0.000,-2.000,0.000,0.000
46004.000,0.000,-48546.000,16.000,7200.000,0.000,-2.000,0.000,0.000
46014.000,0.000,-48546.000,16.000,7200.000,0.000,-2.000,0.000,0.000
46024.000,0.000,-48546.000,16.000,7200.000,0.000,-2.000,0.000,0.000
46034.000,0.000,-48546.000,16.000,7200.000,0.000,-2.000,0.000,0.000
46044.000,0.000,-48546.000,16.000,7200.000,0.000,-2.000,0.000,0.000
46054.000,0.000,-48546.000,16.000,7200.000,0.000,-2.000,0.000,0.000
46064.000,0.000,-48546.000,16.000,7200.000,0.000,-2.000,0.000,0.000
46074.000,0.000,-48546.000,16.000,7200.000,0.000,-2.000,0.000,0.000
46084.000,0.000,-48546.000,16.000,7200.000,0.000,-2.000,0.000,0.000
46094.000,0.000,-48546.000,16.000,7200.000,0.000,-2.000,0.000,0.000
46104.000,0.000,-48546.000,16.000,7200.000,0.000,-2.000,0.000,0.000
46114.000,0.000,-48546.000,16.000,7200.000,0.000,-2.000,0.000,0.000
46124.000,0.000,-48546.000,16.000,7200.000,0.000,-2.000,0.000,0.000
46134.000,0.000,-48546.000,16.000,7200.000,0.000,-2.000,0.000,0.000
46144.000,0.000,-48546.000,16.000,7200.000,0.000,-2.000,0.000,0.000
46154.000,0.000,-48546.000,16.000,7200.000,0.000,-2.000,0.000,0.000
46164.000,0.000,-48546.000,16.000,7200.000,0.000,-2.000,0.000,0.000
46174.000,0.000,-48546.000,16.000,7200.000,0.000,-2.000,0.000,0.000
46184.000,0.000,-48546.000,16.000,7200.000,0.000,-2.000,0.000,0.000
46194.000,0.000,-48546.000,16.000,7200.000,0.000,-2.000,0.000,0.000
46204.000,0.000,-48546.000,16.000,7200.000,0.000,-2.000,0.000,0.000
46214.000,0.000,-48546.000,16.000,7200.000,0.000,-2.000,0.000,0.000
46224.000,0.000,-48546.000,16.000,7200.000,0.000,-2.000,0.000,0.000
46234.000,0.000,-48546.000,16.000,7200.000,0.000,-2.000,0.000,0.000
46244.000,0.000,-48546.000,16.000,7200.000,0.000,-2.000,0.000,0.000
46254.000,0.000,-48546.000,16.000,7200.000,0.000,-2.000,0.000,0.000
46264.000,0.000,-48546.000,16.000,7200.000,0.000,-2.000,0.000,0.000
46274.000,0.000,-48546.000,16.000,7200.000,0.000,-2.000,0.000,0.000
46284.000,0.000,-48546.000,16.000,7200.000,0.000,-2.000,0.000,0.000
46294.000,0.000,-48546.000,16.000,7200.000,0.000,-2.000,0.000,0.000
46304.000,0.000,-48546.000,16.000,7200.000,0.000,-2.000,0.000,0.000
46314.000,0.000,-48546.000,16.000,7200.000,0.000,-2.000,0.000,0.000
46324.000,0.000,-48546.000,16.000,7200.000,0.000,-2.000,0.000,0.000
46334.000,0.000,-48546.000,16.000,7200.000,0.000,-2.000,0.000,0.000
46344.000,0.000,-48546.000,16.000,7200.000,0.000,-2.000,0.000,0.000
46354.000,0.000,-48546.000,16.000,7200.000,0.000,-2.000,0.000,0.000
46364.000,0.000,-48546.000,16.000,7200.000,0.000,-2.000,0.000,0.000
46374.000,0.000,-48546.000,16.000,7200.000,0.000,-2.000,0.000,0.000
46384.000,0.000,-48546.000,16.000,7200.000,0.000,-2.000,0.000,0.000
46394.000,0.000,-48546.000,16.000,7200.000,0.000,-2.000,0.000,0.000
46404.000,0.000,-48546.000,16.000,7200.000,0.000,-2.000,0.000,0.000
46414.000,0.000,-48546.000,16.000,7200.000,0.000,-2.000,0.000,0.000
46424.000,0.000,-48546.000,16.000,7200.000,0.000,-2.000,0.000,0.000
46434.000,0.000,-48546.000,16.000,7200.000,0.000,-2.000,0.000,0.000
46444.000,0.000,-48546.000,16.000,7200.000,0.000,-2.000,0.000,0.000
46454.000,0.000,-48546.000,16.000,7200.000,0.000,-2.000,0.000,0.000
46464.000,0.000,-48546.000,16.000,7200.000,0.000,-2.000,0.000,0.000
46474.000,0.000,-48546.000,16.000,7200.000,0.000,-2.000,0.000,0.000
46484.000,0.000,-48546.000,16.000,7200.000,0.000,-2.000,0.000,0.000
46494.000,0.000,-48546.000,16.000,7200.000,0.000,-2.000,0.000,0.000
46504.000,0.000,-48546.000,16.000,7200.000,0.000,-2.000,0.000,0.000
46514.000,0.000,-48546.000,16.000,7200.000,0.000,-2.000,0.000,0.000
46524.000,0.000,-48546.000,16.000,7200.000,0.000,-2.000,0.000,0.000
46534.000,0.000,-48546.000,16.000,7200.000,0.000,-2.000,0.000,0.000
46544.000,0.000,-48546.000,16.000,7200.000,0.000,-2.000,0.000,0.000
46554.000,0.000,-48546.000,16.000,7200.000,0.000,-2.000,0.000,0.000
46564.000,0.000,-48546.000,16.000,7200.000,0.000,-2.000,0.000,0.000
46574.000,0.000,-48546.000,16.000,7200.000,0.000,-2.000,0.000,0.000
46584.000,0.000,-48546.000,16.000,7200.000,0.000,-2.000,0.000,0.000
46594.000,0.000,-48546.000,16.000,7200.000,0.000,-2.000,0.000,0.000
46604.000,0.000,-48546.000,16.000,7200.000,0.000,-2.000,0.000,0.000
46614.000,0.000,-48546.000,16.000,7200.000,0.000,-2.000,0.000,0.000
46624.000,0.000,-48546.000,16.000,7200.000,0.000,-2.000,0.000,0.000
46634.000,0.000,-48546.000,16.000,7200.000,0.000,-2.000,0.000,0.000
46644.000,0.000,-48546.000,16.000,7200.000,0.000,-2.000,0.000,0.000
46654.000,0.000,-48546.000,16.000,7200.000,0.000,-2.000,0.000,0.000
46664.000,0.000,-48546.000,16.000,7200.000,0.000,-2.000,0.000,0.000
46674.000,0.000,-48546.000,16.000,7200.000,0.000,-2.000,0.000,0.000
46684.000,0.000,-48546.000,16.000,7200.000,0.000,-2.000,0.000,0.000
46694.000,0.000,-48546.000,16.000,7200.000,0.000,-2.000,0.000,0.000
46704.000,0.000,-48546.000,16.000,7200.000,0.000,-2.000,0.000,0.000
46714.000,0.000,-48546.000,16.000,7200.000,0.000,-2.000,0.000,0.000
46724.000,0.000,-48546.000,16.000,7200.000,0.000,-2.000,0.000,0.000
46734.000,0.000,-48546.000,16.000,7200.000,0.000,-2.000,0.000,0.000
46744.000,0.000,-48546.000,16.000,7200.000,0.000,-2.000,0.000,0.000
46754.000,0.000,-48546.000,16.000,7200.000,0.000,-2.000,0.000,0.000
46764.000,0.000,-48546.000,16.000,7200.000,0.000,-2.000,0.000,0.000
46774.000,0.000,-48546.000,16.000,7200.000,0.000,-2.000,0.000,0.000
46784.000,0.000,-48546.000,16.000,7200.000,0.000,-2.000,0.000,0.000
46794.000,0.000,-48546.000,16.000,7200.000,0.000,-2.000,0.000,0.000
46804.000,0.000,-48546.000,16.000,7200.000,0.000,-2.000,0.000,0.000
46814.000,0.000,-48546.000,16.000,7200.000,0.000,-2.000,0.000,0.000
46824.000,0.000,-48546.000,16.000,7200.000,0.000,-2.000,0.000,0.000
46834.000,0.000,-48546.000,16.000,7200.000,0.000,-2.000,0.000,0.000
46844.000,0.000,-48546.000,16.000,7200.000,0.000,-2.000,0.000,0.000
46854.000,0.000,-48546.000,16.000,7200.000,0.000,-2.000,0.000,0.000
46864.000,0.000,-48546.000,16.000,7200.000,0.000,-2.000,0.000,0.000
46874.000,0.000,-48546.000,16.000,7200.000,0.000,-2.000,0.000,0.000
46884.000,0.000,-48546.000,16.000,7200.000,0.000,-2.000,0.000,0.000
46894.000,0.000,-48546.000,16.000,7200.000,0.000,-2.000,0.000,0.000
46904.000,0.000,-48546.000,16.000,7200.000,0.000,-2.000,0.000,0.000
46914.000,0.000,-48546.000,16.000,7200.000,0.000,-2.000,0.000,0.000
46924.000,0.000,-48546.000,16.000,7200.000,0.000,-2.000,0.000,0.000
46934.000,0.000,-48546.000,16.000,7200.000,0.000,-2.000,0.000,0.000
46944.000,0.000,-48546.000,16.000,7200.000,0.000,-2.000,0.000,0.000
46954.000,0.000,-48546.000,16.000,7200.000,0.000,-2.000,0.000,0.000
46964.000,0.000,-48546.000,16.000,7200.000,0.000,-2.000,0.000,0.000
46974.000,0.000,-48546.000,16.000,7200.000,0.000,-2.000,0.000,0.000
46984.000,0.000,-48546.000,16.000,7200.000,0.000,-2.000,0.000,0.000
46994.000,0.000,-48546.000,16.000,7200.000,0.000,-2.000,0.000,0.000
47004.000,0.000,-48546.000,16.000,7200.000,0.000,-2.000,0.000,0.000
47014.000,0.000,-48546.000,16.000,7200.000,0.000,-2.000,0.000,0.000
47024.000,0.000,-48546.000,16.000,7200.000,0.000,-2.000,0.000,0.000
47034.000,0.000,-48546.000,16.000,7200.000,0.000,-2.000,0.000,0.000
47044.000,0.000,-48546.000,16.000,7200.000,0.000,-2.000,0.000,0.000
47054.000,0.000,-48546.000,16.000,7200.000,0.000,-2.000,0.000,0.000
47064.000,0.000,-48546.000,16.000,7200.000,0.000,-2.000,0.000,0.000
47074.000,0.000,-48546.000,16.000,7200.000,0.000,-2.000,0.000,0.000
47084.000,0.000,-48546.000,16.000,7200.000,0.000,-2.000,0.000,0.000
47094.000,0.000,-48546.000,16.000,7200.000,0.000,-2.000,0.000,0.000
47104.000,0.000,-48546.000,16.000,7200.000,0.000,-2.000,0.000,0.000
47114.000,0.000,-48546.000,16.000,7200.000,0.000,-2.000,0.000,0.000
47124.000,0.000,-48546.000,16.000,7200.000,0.000,-2.000,0.000,0.000
47134.000,0.000,-48546.000,16.000,7200.000,0.000,-2.000,0.000,0.000
47144.000,0.000,-48546.000,16.000,7200.000,0.000,-2.000,0.000,0.000
47154.000,0.000,-48546.000,16.000,7200.000,0.000,-2.000,0.000,0.000
47164.000,0.000,-48546.000,16.000,7200.000,0.000,-2.000,0.000,0.000
47174.000,0.000,-48546.000,16.000,7200.000,0.000,-2.000,0.000,0.000
47184.000,0.000,-48546.000,16.000,7200.000,0.000,-2.000,0.000,0.000
47194.000,0.000,-48546.000,16.000,7200.000,0.000,-2.000,0.000,0.000
47204.000,0.000,-48546.000,16.000,7200.000,0.000,-2.000,0.000,0.000
47214.000,0.000,-48546.000,16.000,7200.000,0.000,-2.000,0.000,0.000
47224.000,0.000,-48546.000,16.000,7200.000,0.000,-2.000,0.000,0.000
47234.000,0.000,-48546.000,16.000,7200.000,0.000,-2.000,0.000,0.000
47244.000,0.000,-48546.000,16.000,7200.000,0.000,-2.000,0.000,0.000
47254.000,0.000,-48546.000,16.000,7200.000,0.000,-2.000,0.000,0.000
47264.000,0.000,-48546.000,16.000,7200.000,0.000,-2.000,0.000,0.000
47274.000,0.000,-48546.000,16.000,7200.000,0.000,-2.000,0.000,0.000
47284.000,0.000,-48546.000,16.000,7200.000,0.000,-2.000,0.000,0.000
47294.000,0.000,-48546.000,16.000,7200.000,0.000,-2.000,0.000,0.000
47304.000,0.000,-48546.000,16.000,7200.000,0.000,-2.000,0.000,0.000
47314.000,0.000,-48546.000,16.000,7200.000,0.000,-2.000,0.000,0.000
47324.000,0.000,-48546.000,16.000,7200.000,0.000,-2.000,0.000,0.000
47334.000,0.000,-48546.000,16.000,7200.000,0.000,-2.000,0.000,0.000
47344.000,0.000,-48546.000,16.000,7200.000,0.000,-2.000,0.000,0.000
47354.000,0.000,-48546.000,16.000,7200.000,0.000,-2.000,0.000,0.000
47364.000,0.000,-48546.000,16.000,7200.000,0.000,-2.000,0.000,0.000
47374.000,0.000,-48546.000,16.000,7200.000,0.000,-2.000,0.000,0.000
47384.000,0.000,-48546.000,16.000,7200.000,0.000,-2.000,0.000,0.000
47394.000,0.000,-48546.000,16.000,7200.000,0.000,-2.000,0.000,0.000
47404.000,0.000,-48546.000,16.000,7200.000,0.000,-2.000,0.000,0.000
47414.000,0.000,-48546.000,16.000,7200.000,0.000,-2.000,0.000,0.000
47424.000,0.000,-48546.000,16.000,7200.000,0.000,-2.000,0.000,0.000
47434.000,0.000,-48546.000,16.000,7200.000,0.000,-2.000,0.000,0.000
47444.000,0.000,-48546.000,16.000,7200.000,0.000,-2.000,0.000,0.000
47454.000,0.000,-48546.000,16.000,7200.000,0.000,-2.000,0.000,0.000
47464.000,0.000,-48546.000,16.000,7200.000,0.000,-2.000,0.000,0.000
47474.000,0.000,-48546.000,16.000,7200.000,0.000,-2.000,0.000,0.000
47484.000,0.000,-48546.000,16.000,7200.000,0.000,-2.000,0.000,0.000
47494.000,0.000,-48546.000,16.000,7200.000,0.000,-2.000,0.000,0.000
47504.000,0.000,-48546.000,16.000,7200.000,0.000,-2.000,0.000,0.000
47514.000,0.000,-48546.000,16.000,7200.000,0.000,-2.000,0.000,0.000
47524.000,0.000,-48546.000,16.000,7200.000,0.000,-2.000,0.000,0.000
47534.000,0.000,-48546.000,16.000,7200.000,0.000,-2.000,0.000,0.000
47544.000,0.000,-48546.000,16.000,7200.000,0.000,-2.000,0.000,0.000
47554.000,0.000,-48546.000,16.000,7200.000,0.000,-2.000,0.000,0.000
47564.000,0.000,-48546.000,16.000,7200.000,0.000,-2.000,0.000,0.000
47574.000,0.000,-48546.000,16.000,7200.000,0.000,-2.000,0.000,0.000
47584.000,0.000,-48546.000,16.000,7200.000,0.000,-2.000,0.000,0.000
47594.000,0.000,-48546.000,16.000,7200.000,0.000,-2.000,0.000,0.000
47604.000,0.000,-48546.000,16.000,7200.000,0.000,-2.000,0.000,0.000
47614.000,0.000,-48546.000,16.000,7200.000,0.000,-2.000,0.000,0.000
47624.000,0.000,-48546.000,16.000,7200.000,0.000,-2.000,0.000,0.000
47634.000,0.000,-48546.000,16.000,7200.000,0.000,-2.000,0.000,0.000
47644.000,0.000,-48546.000,16.000,7200.000,0.000,-2.000,0.000,0.000
47654.000,0.000,-48546.000,16.000,7200.000,0.000,-2.000,0.000,0.000
47664.000,0.000,-48546.000,16.000,7200.000,0.000,-2.000,0.000,0.000
47674.000,0.000,-48546.000,16.000,7200.000,0.000,-2.000,0.000,0.000
47684.000,0.000,-48546.000,16.000,7200.000,0.000,-2.000,0.000,0.000
47694.000,0.000,-48546.000,16.000,7200.000,0.000,-2.000,0.000,0.000
47704.000,0.000,-48546.000,16.000,7200.000,0.000,-2.000,0.000,0.000
47714.000,0.000,-48546.000,16.000,7200.000,0.000,-2.000,0.000,0.000
47724.000,0.000,-48546.000,16.000,7200.000,0.000,-2.000,0.000,0.000
47734.000,0.000,-48546.000,16.000,7200.000,0.000,-2.000,0.000,0.000
47744.000,0.000,-48546.000,16.000,7200.000,0.000,-2.000,0.000,0.000
47754.000,0.000,-48546.000,16.000,7200.000,0.000,-2.000,0.000,0.000
47764.000,0.000,-48546.000,16.000,7200.000,0.000,-2.000,0.000,0.000
47774.000,0.000,-48546.000,16.000,7200.000,0.000,-2.000,0.000,0.000
47784.000,0.000,-48546.000,16.000,7200.000,0.000,-2.000,0.000,0.000
47794.000,0.000,-48546.000,16.000,7200.000,0.000,-2.000,0.000,0.000
47804.000,0.000,-48546.000,16.000,7200.000,0.000,-2.000,0.000,0.000
47814.000,0.000,-48546.000,16.000,7200.000,0.000,-2.000,0.000,0.000
47824.000,0.000,-48546.000,16.000,7200.000,0.000,-2.000,0.000,0.000
47834.000,0.000,-48546.000,16.000,7200.000,0.000,-2.000,0.000,0.000
47844.000,0.000,-48546.000,16.000,7200.000,0.000,-2.000,0.000,0.000
47854.000,0.000,-48546.000,16.000,7200.000,0.000,-2.000,0.000,0.000
47864.000,0.000,-48546.000,16.000,7200.000,0.000,-2.000,0.000,0.000
47874.000,0.000,-48546.000,16.000,7200.000,0.000,-2.000,0.000,0.000
47884.000,0.000,-48546.000,16.000,7200.000,0.000,-2.000,0.000,0.000
47894.000,0.000,-48546.000,16.000,7200.000,0.000,-2.000,0.000,0.000
47904.000,0.000,-48546.000,16.000,7200.000,0.000,-2.000,0.000,0.000
47914.000,0.000,-48546.000,16.000,7200.000,0.000,-2.000,0.000,0.000
47924.000,0.000,-48546.000,16.000,7200.000,0.000,-2.000,0.000,0.000
47934.000,0.000,-48546.000,16.000,7200.000,0.000,-2.000,0.000,0.000
47944.000,0.000,-48546.000,16.000,7200.000,0.000,-2.000,0.000,0.000
47954.000,0.000,-48546.000,16.000,7200.000,0.000,-2.000,0.000,0.000
47964.000,0.000,-48546.000,16.000,7200.000,0.000,-2.000,0.000,0.000
47974.000,0.000,-48546.000,16.000,7200.000,0.000,-2.000,0.000,0.000
47984.000,0.000,-48546.000,16.000,7200.000,0.000,-2.000,0.000,0.000
47994.000,0.000,-48546.000,16.000,7200.000,0.000,-2.000,0.000,0.000
48004.000,0.000,-48546.000,16.000,7200.000,0.000,-2.000,0.000,0.000
48014.000,0.000,-48546.000,16.000,7200.000,0.000,-2.000,0.000,0.000
48024.000,0.000,-48546.000,16.000,7200.000,0.000,-2.000,0.000,0.000
48034.000,0.000,-48546.000,16.000,7200.000,0.000,-2.000,0.000,0.000
48044.000,0.000,-48546.000,16.000,7200.000,0.000,-2.000,0.000,0.000
48054.000,0.000,-48546.000,16.000,7200.000,0.000,-2.000,0.000,0.000
48064.000,0.000,-48546.000,16.000,7200.000,0.000,-2.000,0.000,0.000
48074.000,0.000,-48546.000,16.000,7200.000,0.000,-2.000,0.000,0.000
48084.000,0.000,-48546.000,16.000,7200.000,0.000,-2.000,0.000,0.000
48094.000,0.000,-48546.000,16.000,7200.000,0.000,-2.000,0.000,0.000
48104.000,0.000,-48546.000,16.000,7200.000,0.000,-2.000,0.000,0.000
48114.000,0.000,-48546.000,16.000,7200.000,0.000,-2.000,0.000,0.000
48124.000,0.000,-48546.000,16.000,7200.000,0.000,-2.000,0.000,0.000
48134.000,0.000,-48546.000,16.000,7200.000,0.000,-2.000,0.000,0.000
48144.000,0.000,-48546.000,16.000,7200.000,0.000,-2.000,0.000,0.000
48154.000,0.000,-48546.000,16.000,7200.000,0.000,-2.000,0.000,0.000
48164.000,0.000,-48546.000,16.000,7200.000,0.000,-2.000,0.000,0.000
48174.000,0.000,-48546.000,16.000,7200.000,0.000,-2.000,0.000,0.000
48184.000,0.000,-48546.000,16.000,7200.000,0.000,-2.000,0.000,0.000
48194.000,0.000,-48546.000,16.000,7200.000,0.000,-2.000,0.000,0.000
48204.000,0.000,-48546.000,16.000,7200.000,0.000,-2.000,0.000,0.000
48214.000,0.000,-48546.000,16.000,7200.000,0.000,-2.000,0.000,0.000
48224.000,0.000,-48546.000,16.000,7200.000,0.000,-2.000,0.000,0.000
48234.000,0.000,-48546.000,16.000,7200.000,0.000,-2.000,0.000,0.000
48244.000,0.000,-48546.000,16.000,7200.000,0.000,-2.000,0.000,0.000
48254.000,0.000,-48546.000,16.000,7200.000,0.000,-2.000,0.000,0.000
48264.000,0.000,-48546.000,16.000,7200.000,0.000,-2.000,0.000,0.000
48274.000,0.000,-48546.000,16.000,7200.000,0.000,-2.000,0.000,0.000
48284.000,0.000,-48546.000,16.000,7200.000,0.000,-2.000,0.000,0.000
48294.000,0.000,-48546.000,16.000,7200.000,0.000,-2.000,0.000,0.000
48304.000,0.000,-48546.000,16.000,7200.000,0.000,-2.000,0.000,0.000
48314.000,0.000,-48546.000,16.000,7200.000,0.000,-2.000,0.000,0.000
48324.000,0.000,-48546.000,16.000,7200.000,0.000,-2.000,0.000,0.000
48334.000,0.000,-48546.000,16.000,7200.000,0.000,-2.000,0.000,0.000
48344.000,0.000,-48546.000,16.000,7200.000,0.000,-2.000,0.000,0.000
48354.000,0.000,-48546.000,16.000,7200.000,0.000,-2.000,0.000,0.000
48364.000,0.000,-48546.000,16.000,7200.000,0.000,-2.000,0.000,0.000
48374.000,0.000,-48546.000,16.000,7200.000,0.000,-2.000,0.000,0.000
48384.000,0.000,-48546.000,16.000,7200.000,0.000,-2.000,0.000,0.000
48394.000,0.000,-48546.000,16.000,7200.000,0.000,-2.000,0.000,0.000
48404.000,0.000,-48546.000,16.000,7200.000,0.000,-2.000,0.000,0.000
48414.000,0.000,-48546.000,16.000,7200.000,0.000,-2.000,0.000,0.000
48424.000,0.000,-48546.000,16.000,7200.000,0.000,-2.000,0.000,0.000
48434.000,0.000,-48546.000,16.000,7200.000,0.000,-2.000,0.000,0.000
48444.000,0.000,-48546.000,16.000,7200.000,0.000,-2.000,0.000,0.000
48454.000,0.000,-48546.000,16.000,7200.000,0.000,-2.000,0.000,0.000
48464.000,0.000,-48546.000,16.000,7200.000,0.000,-2.000,0.000,0.000
48474.000,0.000,-48546.000,16.000,7200.000,0.000,-2.000,0.000,0.000
48484.000,0.000,-48546.000,16.000,7200.000,0.000,-2.000,0.000,0.000
48494.000,0.000,-48546.000,16.000,7200.000,0.000,-2.000,0.000,0.000
48504.000,0.000,-48546.000,16.000,7200.000,0.000,-2.000,0.000,0.000
48514.000,0.000,-48546.000,16.000,7200.000,0.000,-2.000,0.000,0.000
48524.000,0.000,-48546.000,16.000,7200.000,0.000,-2.000,0.000,0.000
48534.000,0.000,-48546.000,16.000,7200.000,0.000,-2.000,0.000,0.000
48544.000,0.000,-48546.000,16.000,7200.000,0.000,-2.000,0.000,0.000
48554.000,0.000,-48546.000,16.000,7200.000,0.000,-2.000,0.000,0.000
48564.000,0.000,-48546.000,16.000,7200.000,0.000,-2.000,0.000,0.000
48574.000,0.000,-48546.000,16.000,7200.000,0.000,-2.000,0.000,0.000
48584.000,0.000,-48546.000,16.000,7200.000,0.000,-2.000,0.000,0.000
48594.000,0.000,-48546.000,16.000,7200.000,0.000,-2.000,0.000,0.000
48604.000,0.000,-48546.000,16.000,7200.000,0.000,-2.000,0.000,0.000
48614.000,0.000,-48546.000,16.000,7200.000,0.000,-2.000,0.000,0.000
48624.000,0.000,-48546.000,16.000,7200.000,0.000,-2.000,0.000,0.000
48634.000,0.000,-48546.000,16.000,7200.000,0.000,-2.000,0.000,0.000
48644.000,0.000,-48546.000,16.000,7200.000,0.000,-2.000,0.000,0.000
48654.000,0.000,-48546.000,16.000,7200.000,0.000,-2.000,0.000,0.000
48664.000,0.000,-48546.000,16.000,7200.000,0.000,-2.000,0.000,0.000
48674.000,0.000,-48546.000,16.000,7200.000,0.000,-2.000,0.000,0.000
48684.000,0.000,-48546.000,16.000,7200.000,0.000,-2.000,0.000,0.000
48694.000,0.000,-48546.000,16.000,7200.000,0.000,-2.000,0.000,0.000
48704.000,0.000,-48546.000,16.000,7200.000,0.000,-2.000,0.000,0.000
48714.000,0.000,-48546.000,16.000,7200.000,0.000,-2.000,0.000,0.000
48724.000,0.000,-48546.000,16.000,7200.000,0.000,-2.000,0.000,0.000
48734.000,0.000,-48546.000,16.000,7200.000,0.000,-2.000,0.000,0.000
48744.000,0.000,-48546.000,16.000,7200.000,0.000,-2.000,0.000,0.000
48754.000,0.000,-48546.000,16.000,7200.000,0.000,-2.000,0.000,0.000
48764.000,0.000,-48546.000,16.000,7200.000,0.000,-2.000,0.000,0.000
48774.000,0.000,-48546.000,16.000,7200.000,0.000,-2.000,0.000,0.000
48784.000,0.000,-48546.000,16.000,7200.000,0.000,-2.000,0.000,0.000
48794.000,0.000,-48546.000,16.000,7200.000,0.000,-2.000,0.000,0.000
48804.000,0.000,-48546.000,16.000,7200.000,0.000,-2.000,0.000,0.000
48814.000,0.000,-48546.000,16.000,7200.000,0.000,-2.000,0.000,0.000
48824.000,0.000,-48546.000,16.000,7200.000,0.000,-2.000,0.000,0.000
48834.000,0.000,-48546.000,16.000,7200.000,0.000,-2.000,0.000,0.000
48844.000,0.000,-48546.000,16.000,7200.000,0.000,-2.000,0.000,0.000
48854.000,0.000,-48546.000,16.000,7200.000,0.000,-2.000,0.000,0.000
48864.000,0.000,-48546.000,16.000,7200.000,0.000,-2.000,0.000,0.000
48874.000,0.000,-48546.000,16.000,7200.000,0.000,-2.000,0.000,0.000
48884.000,0.000,-48546.000,16.000,7200.000,0.000,-2.000,0.000,0.000
48894.000,0.000,-48546.000,16.000,7200.000,0.000,-2.000,0.000,0.000
48904.000,0.000,-48546.000,16.000,7200.000,0.000,-2.000,0.000,0.000
48914.000,0.000,-48546.000,16.000,7200.000,0.000,-2.000,0.000,0.000
48924.000,0.000,-48546.000,16.000,7200.000,0.000,-2.000,0.000,0.000
48934.000,0.000,-48546.000,16.000,7200.000,0.000,-2.000,0.000,0.000
48944.000,0.000,-48546.000,16.000,7200.000,0.000,-2.000,0.000,0.000
48954.000,0.000,-48546.000,16.000,7200.000,0.000,-2.000,0.000,0.000
48964.000,0.000,-48546.000,16.000,7200.000,0.000,-2.000,0.000,0.000
48974.000,0.000,-48546.000,16.000,7200.000,0.000,-2.000,0.000,0.000
48984.000,0.000,-48546.000,16.000,7200.000,0.000,-2.000,0.000,0.000
48994.000,0.000,-48546.000,16.000,7200.000,0.000,-2.000,0.000,0.000
49004.000,0.000,-48546.000,16.000,7200.000,0.000,-2.000,0.000,0.000
49014.000,0.000,-48546.000,16.000,7200.000,0.000,-2.000,0.000,0.000
49024.000,0.000,-48546.000,16.000,7200.000,0.000,-2.000,0.000,0.000
49034.000,0.000,-48546.000,16.000,7200.000,0.000,-2.000,0.000,0.000
49044.000,0.000,-48546.000,16.000,7200.000,0.000,-2.000,0.000,0.000
49054.000,0.000,-48546.000,16.000,7200.000,0.000,-2.000,0.000,0.000
49064.000,0.000,-48546.000,16.000,7200.000,0.000,-2.000,0.000,0.000
49074.000,0.000,-48546.000,16.000,7200.000,0.000,-2.000,0.000,0.000
49084.000,0.000,-48546.000,16.000,7200.000,0.000,-2.000,0.000,0.000
49094.000,0.000,-48546.000,16.000,7200.000,0.000,-2.000,0.000,0.000
49104.000,0.000,-48546.000,16.000,7200.000,0.000,-2.000,0.000,0.000
49114.000,0.000,-48546.000,16.000,7200.000,0.000,-2.000,0.000,0.000
49124.000,0.000,-48546.000,16.000,7200.000,0.000,-2.000,0.000,0.000
49134.000,0.000,-48546.000,16.000,7200.000,0.000,-2.000,0.000,0.000
49144.000,0.000,-48546.000,16.000,7200.000,0.000,-2.000,0.000,0.000
49154.000,0.000,-48546.000,16.000,7200.000,0.000,-2.000,0.000,0.000
49164.000,0.000,-48546.000,16.000,7200.000,0.000,-2.000,0.000,0.000
49174.000,0.000,-48546.000,16.000,7200.000,0.000,-2.000,0.000,0.000
49184.000,0.000,-48546.000,16.000,7200.000,0.000,-2.000,0.000,0.000
49194.000,0.000,-48546.000,16.000,7200.000,0.000,-2.000,0.000,0.000
49204.000,0.000,-48546.000,16.000,7200.000,0.000,-2.000,0.000,0.000
49214.000,0.000,-48546.000,16.000,7200.000,0.000,-2.000,0.000,0.000
49224.000,0.000,-48546.000,16.000,7200.000,0.000,-2.000,0.000,0.000
49234.000,0.000,-48546.000,16.000,7200.000,0.000,-2.000,0.000,0.000
49244.000,0.000,-48546.000,16.000,7200.000,0.000,-2.000,0.000,0.000
49254.000,0.000,-48546.000,16.000,7200.000,0.000,-2.000,0.000,0.000
49264.000,0.000,-48546.000,16.000,7200.000,0.000,-2.000,0.000,0.000
49274.000,0.000,-48546.000,16.000,7200.000,0.000,-2.000,0.000,0.000
49284.000,0.000,-48546.000,16.000,7200.000,0.000,-2.000,0.000,0.000
49294.000,0.000,-48546.000,16.000,7200.000,0.000,-2.000,0.000,0.000
49304.000,0.000,-48546.000,16.000,7200.000,0.000,-2.000,0.000,0.000
49314.000,0.000,-48546.000,16.000,7200.000,0.000,-2.000,0.000,0.000
49324.000,0.000,-48546.000,16.000,7200.000,0.000,-2.000,0.000,0.000
49334.000,0.000,-48546.000,16.000,7200.000,0.000,-2.000,0.000,0.000
49344.000,0.000,-48546.000,16.000,7200.000,0.000,-2.000,0.000,0.000
49354.000,0.000,-48546.000,16.000,7200.000,0.000,-2.000,0.000,0.000
49364.000,0.000,-48546.000,16.000,7200.000,0.000,-2.000,0.000,0.000
49374.000,0.000,-48546.000,16.000,7200.000,0.000,-2.000,0.000,0.000
49384.000,0.000,-48546.000,16.000,7200.000,0.000,-2.000,0.000,0.000
49394.000,0.000,-48546.000,16.000,7200.000,0.000,-2.000,0.000,0.000
49404.000,0.000,-48546.000,16.000,7200.000,0.000,-2.000,0.000,0.000
49414.000,0.000,-48546.000,16.000,7200.000,0.000,-2.000,0.000,0.000
49424.000,0.000,-48546.000,16.000,7200.000,0.000,-2.000,0.000,0.000
49434.000,0.000,-48546.000,16.000,7200.000,0.000,-2.000,0.000,0.000
49444.000,0.000,-48546.000,16.000,7200.000,0.000,-2.000,0.000,0.000
49454.000,0.000,-48546.000,16.000,7200.000,0.000,-2.000,0.000,0.000
49464.000,0.000,-48546.000,16.000,7200.000,0.000,-2.000,0.000,0.000
49474.000,0.000,-48546.000,16.000,7200.000,0.000,-2.000,0.000,0.000
49484.000,0.000,-48546.000,16.000,7200.000,0.000,-2.000,0.000,0.000
49494.000,0.000,-48546.000,16.000,7200.000,0.000,-2.000,0.000,0.000
49504.000,0.000,-48546.000,16.000,7200.000,0.000,-2.000,0.000,0.000
49514.000,0.000,-48546.000,16.000,7200.000,0.000,-2.000,0.000,0.000
49524.000,0.000,-48546.000,16.000,7200.000,0.000,-2.000,0.000,0.000
49534.000,0.000,-48546.000,16.000,7200.000,0.000,-2.000,0.000,0.000
49544.000,0.000,-48546.000,16.000,7200.000,0.000,-2.000,0.000,0.000
49554.000,0.000,-48546.000,16.000,7200.000,0.000,-2.000,0.000,0.000
49564.000,0.000,-48546.000,16.000,7200.000,0.000,-2.000,0.000,0.000
49574.000,0.000,-48546.000,16.000,7200.000,0.000,-2.000,0.000,0.000
49584.000,0.000,-48546.000,16.000,7200.000,0.000,-2.000,0.000,0.000
49594.000,0.000,-48546.000,16.000,7200.000,0.000,-2.000,0.000,0.000
49604.000,0.000,-48546.000,16.000,7200.000,0.000,-2.000,0.000,0.000
49614.000,0.000,-48546.000,16.000,7200.000,0.000,-2.000,0.000,0.000
49624.000,0.000,-48546.000,16.000,7200.000,0.000,-2.000,0.000,0.000
49634.000,0.000,-48546.000,16.000,7200.000,0.000,-2.000,0.000,0.000
49644.000,0.000,-48546.000,16.000,7200.000,0.000,-2.000,0.000,0.000
49654.000,0.000,-48546.000,16.000,7200.000,0.000,-2.000,0.000,0.000
49664.000,0.000,-48546.000,16.000,7200.000,0.000,-2.000,0.000,0.000
49674.000,0.000,-48546.000,16.000,7200.000,0.000,-2.000,0.000,0.000
49684.000,0.000,-48546.000,16.000,7200.000,0.000,-2.000,0.000,0.000
49694.000,0.000,-48546.000,16.000,7200.000,0.000,-2.000,0.000,0.000
49704.000,0.000,-48546.000,16.000,7200.000,0.000,-2.000,0.000,0.000
49714.000,0.000,-48546.000,16.000,7200.000,0.000,-2.000,0.000,0.000
49724.000,0.000,-48546.000,16.000,7200.000,0.000,-2.000,0.000,0.000
49734.000,0.000,-48546.000,16.000,7200.000,0.000,-2.000,0.000,0.000
49744.000,0.000,-48546.000,16.000,7200.000,0.000,-2.000,0.000,0.000
49754.000,0.000,-48546.000,16.000,7200.000,0.000,-2.000,0.000,0.000
49764.000,0.000,-48546.000,16.000,7200.000,0.000,-2.000,0.000,0.000
49774.000,0.000,-48546.000,16.000,7200.000,0.000,-2.000,0.000,0.000
49784.000,0.000,-48546.000,16.000,7200.000,0.000,-2.000,0.000,0.000
49794.000,0.000,-48546.000,16.000,7200.000,0.000,-2.000,0.000,0.000
49804.000,0.000,-48546.000,16.000,7200.000,0.000,-2.000,0.000,0.000
49814.000,0.000,-48546.000,16.000,7200.000,0.000,-2.000,0.000,0.000
49824.000,0.000,-48546.000,16.000,7200.000,0.000,-2.000,0.000,0.000
49834.000,0.000,-48546.000,16.000,7200.000,0.000,-2.000,0.000,0.000
49844.000,0.000,-48546.000,16.000,7200.000,0.000,-2.000,0.000,0.000
49854.000,0.000,-48546.000,16.000,7200.000,0.000,-2.000,0.000,0.000
49864.000,0.000,-48546.000,16.000,7200.000,0.000,-2.000,0.000,0.000
49874.000,0.000,-48546.000,16.000,7200.000,0.000,-2.000,0.000,0.000
49884.000,0.000,-48546.000,16.000,7200.000,0.000,-2.000,0.000,0.000
49894.000,0.000,-48546.000,16.000,7200.000,0.000,-2.000,0.000,0.000
49904.000,0.000,-48546.000,16.000,7200.000,0.000,-2.000,0.000,0.000
49914.000,0.000,-48546.000,16.000,7200.000,0.000,-2.000,0.000,0.000
49924.000,0.000,-48546.000,16.000,7200.000,0.000,-2.000,0.000,0.000
49934.000,0.000,-48546.000,16.000,7200.000,0.000,-2.000,0.000,0.000
49944.000,0.000,-48546.000,16.000,7200.000,0.000,-2.000,0.000,0.000
49954.000,0.000,-48546.000,16.000,7200.000,0.000,-2.000,0.000,0.000
49964.000,0.000,-48546.000,16.000,7200.000,0.000,-2.000,0.000,0.000
49974.000,0.000,-48546.000,16.000,7200.000,0.000,-2.000,0.000,0.000
49984.000,0.000,-48546.000,16.000,7200.000,0.000,-2.000,0.000,0.000
49994.000,0.000,-48546.000,16.000,7200.000,0.000,-2.000,0.000,0.000
50004.000,0.000,-48546.000,16.000,7200.000,0.000,-2.000,0.000,0.000
50014.000,0.000,-48546.000,16.000,7200.000,0.000,-2.000,0.000,0.000
50024.000,0.000,-48546.000,16.000,7200.000,0.000,-2.000,0.000,0.000
50034.000,0.000,-48546.000,16.000,7200.000,0.000,-2.000,0.000,0.000
50044.000,0.000,-48546.000,16.000,7200.000,0.000,-2.000,0.000,0.000
50054.000,0.000,-48546.000,16.000,7200.000,0.000,-2.000,0.000,0.000
50064.000,0.000,-48546.000,16.000,7200.000,0.000,-2.000,0.000,0.000
50074.000,0.000,-48546.000,16.000,7200.000,0.000,-2.000,0.000,0.000
50084.000,0.000,-48546.000,16.000,7200.000,0.000,-2.000,0.000,0.000
50094.000,0.000,-48546.000,16.000,7200.000,0.000,-2.000,0.000,0.000
50104.000,0.000,-48546.000,16.000,7200.000,0.000,-2.000,0.000,0.000
50114.000,0.000,-48546.000,16.000,7200.000,0.000,-2.000,0.000,0.000
50124.000,0.000,-48546.000,16.000,7200.000,0.000,-2.000,0.000,0.000
50134.000,0.000,-48546.000,16.000,7200.000,0.000,-2.000,0.000,0.000
50144.000,0.000,-48546.000,16.000,7200.000,0.000,-2.000,0.000,0.000
50154.000,0.000,-48546.000,16.000,7200.000,0.000,-2.000,0.000,0.000
50164.000,0.000,-48546.000,16.000,7200.000,0.000,-2.000,0.000,0.000
50174.000,0.000,-48546.000,16.000,7200.000,0.000,-2.000,0.000,0.000
50184.000,0.000,-48546.000,16.000,7200.000,0.000,-2.000,0.000,0.000
50194.000,0.000,-48546.000,16.000,7200.000,0.000,-2.000,0.000,0.000
50204.000,0.000,-48546.000,16.000,7200.000,0.000,-2.000,0.000,0.000
50214.000,0.000,-48546.000,16.000,7200.000,0.000,-2.000,0.000,0.000
50224.000,0.000,-48546.000,16.000,7200.000,0.000,-2.000,0.000,0.000
50234.000,0.000,-48546.000,16.000,7200.000,0.000,-2.000,0.000,0.000
50244.000,0.000,-48546.000,16.000,7200.000,0.000,-2.000,0.000,0.000
50255.000,0.000,-48546.000,16.000,7200.000,0.000,-2.000,0.000,0.000
50265.000,0.000,-48546.000,16.000,7200.000,0.000,-2.000,0.000,0.000
50275.000,0.000,-48546.000,16.000,7200.000,0.000,-2.000,0.000,0.000
50285.000,0.000,-48546.000,16.000,7200.000,0.000,-2.000,0.000,0.000
50295.000,0.000,-48546.000,16.000,7200.000,0.000,-2.000,0.000,0.000
50305.000,0.000,-48546.000,16.000,7200.000,0.000,-2.000,0.000,0.000
7544.000,-60.000,-45056.000,16.000,7200.000,0.000,0.000,0.000,0.000
7554.000,-61.000,-45117.000,16.000,7200.000,0.000,0.000,0.000,0.000
7564.000,-60.000,-45177.000,16.000,7200.000,0.000,0.000,0.000,0.000
7574.000,-60.000,-45237.000,16.000,7200.000,0.000,0.000,0.000,0.000
7584.000,-62.000,-45299.000,16.000,7200.000,0.000,0.000,0.000,0.000
7594.000,-60.000,-45359.000,16.000,7200.000,0.000,0.000,0.000,0.000
7604.000,-61.000,-45420.000,16.000,7200.000,0.000,0.000,0.000,0.000
7614.000,-60.000,-45480.000,16.000,7200.000,0.000,0.000,0.000,0.000
7624.000,-61.000,-45541.000,16.000,7200.000,0.000,0.000,0.000,0.000
7634.000,-60.000,-45601.000,16.000,7200.000,0.000,0.000,0.000,0.000
7644.000,-60.000,-45661.000,16.000,7200.000,0.000,0.000,0.000,0.000
7654.000,-61.000,-45722.000,16.000,7200.000,0.000,0.000,0.000,0.000
7664.000,-61.000,-45783.000,16.000,7200.000,0.000,0.000,0.000,0.000
7674.000,-60.000,-45843.000,16.000,7200.000,0.000,0.000,0.000,0.000
7684.000,-61.000,-45904.000,16.000,7200.000,0.000,0.000,0.000,0.000
7694.000,-60.000,-45964.000,16.000,7200.000,0.000,0.000,0.000,0.000
7704.000,-60.000,-46024.000,16.000,7200.000,0.000,0.000,0.000,0.000
7714.000,-61.000,-46085.000,16.000,7200.000,0.000,0.000,0.000,0.000
7724.000,-60.000,-46145.000,16.000,7200.000,0.000,0.000,0.000,0.000
7734.000,-60.000,-46205.000,16.000,7200.000,0.000,0.000,0.000,0.000
7744.000,-61.000,-46266.000,16.000,7200.000,0.000,0.000,0.000,0.000
7754.000,-61.000,-46327.000,16.000,7200.000,0.000,0.000,0.000,0.000
7764.000,-60.000,-46387.000,16.000,7200.000,0.000,0.000,0.000,0.000
7774.000,-60.000,-46447.000,16.000,7200.000,0.000,0.000,0.000,0.000
7784.000,-61.000,-46508.000,16.000,7200.000,0.000,0.000,0.000,0.000
7794.000,-60.000,-46568.000,16.000,7200.000,0.000,0.000,0.000,0.000
7804.000,-61.000,-46629.000,16.000,7200.000,0.000,0.000,0.000,0.000
7814.000,-60.000,-46689.000,16.000,7200.000,0.000,0.000,0.000,0.000
7824.000,-60.000,-46749.000,16.000,7200.000,0.000,0.000,0.000,0.000
7834.000,-60.000,-46809.000,16.000,7200.000,0.000,0.000,0.000,0.000
7844.000,-61.000,-46870.000,16.000,7200.000,0.000,0.000,0.000,0.000
7854.000,-61.000,-46931.000,16.000,7200.000,0.000,0.000,0.000,0.000
7864.000,-60.000,-46991.000,16.000,7200.000,0.000,0.000,0.000,0.000
7874.000,-61.000,-47052.000,16.000,7200.000,0.000,0.000,0.000,0.000
7884.000,-60.000,-47112.000,16.000,7200.000,0.000,0.000,0.000,0.000
7894.000,-60.000,-47172.000,16.000,7200.000,0.000,0.000,0.000,0.000
7904.000,-61.000,-47233.000,16.000,7200.000,0.000,0.000,0.000,0.000
7914.000,-60.000,-47293.000,16.000,7200.000,0.000,0.000,0.000,0.000
7924.000,-60.000,-47353.000,16.000,7200.000,0.000,0.000,0.000,0.000
7934.000,-60.000,-47413.000,16.000,7200.000,0.000,0.000,0.000,0.000
7944.000,-60.000,-47473.000,16.000,7200.000,0.000,0.000,0.000,0.000
7954.000,-62.000,-47535.000,16.000,7200.000,0.000,0.000,0.000,0.000
7964.000,-60.000,-47595.000,16.000,7200.000,0.000,0.000,0.000,0.000
7974.000,-60.000,-47655.000,16.000,7200.000,0.000,0.000,0.000,0.000
7984.000,-60.000,-47715.000,16.000,7200.000,0.000,0.000,0.000,0.000
7994.000,-61.000,-47776.000,16.000,7200.000,0.000,0.000,0.000,0.000
8004.000,-60.000,-47836.000,16.000,7200.000,0.000,0.000,0.000,0.000
8014.000,-61.000,-47897.000,16.000,7200.000,0.000,0.000,0.000,0.000
8024.000,-60.000,-47957.000,16.000,7200.000,0.000,0.000,0.000,0.000
8034.000,-61.000,-48018.000,16.000,7200.000,0.000,0.000,0.000,0.000
8044.000,-61.000,-48079.000,16.000,7200.000,0.000,0.000,0.000,0.000
8054.000,-60.000,-48139.000,16.000,7200.000,0.000,0.000,0.000,0.000
8064.000,-60.000,-48199.000,16.000,7200.000,0.000,0.000,0.000,0.000
8074.000,-61.000,-48260.000,16.000,7200.000,0.000,0.000,0.000,0.000
8084.000,-60.000,-48320.000,16.000,7200.000,0.000,0.000,0.000,0.000
8094.000,-61.000,-48381.000,16.000,7200.000,0.000,0.000,0.000,0.000
8104.000,-60.000,-48441.000,16.000,7200.000,0.000,0.000,0.000,0.000
8114.000,-60.000,-48501.000,16.000,7200.000,0.000,0.000,0.000,0.000
8124.000,-61.000,-48562.000,16.000,7200.000,0.000,0.000,0.000,0.000
8134.000,-60.000,-48622.000,16.000,7200.000,0.000,0.000,0.000,0.000
8144.000,-61.000,-48683.000,16.000,7200.000,0.000,0.000,0.000,0.000
8154.000,-60.000,-48743.000,16.000,7200.000,0.000,0.000,0.000,0.000
8164.000,-61.000,-48804.000,16.000,7200.000,0.000,0.000,0.000,0.000
8174.000,-60.000,-48864.000,16.000,7200.000,0.000,0.000,0.000,0.000
8184.000,-60.000,-48924.000,16.000,7200.000,0.000,0.000,0.000,0.000
8194.000,-61.000,-48985.000,16.000,7200.000,0.000,0.000,0.000,0.000
8204.000,-60.000,-49045.000,16.000,7200.000,0.000,0.000,0.000,0.000
8214.000,-61.000,-49106.000,16.000,7200.000,0.000,0.000,0.000,0.000
8224.000,-61.000,-49167.000,16.000,7200.000,0.000,0.000,0.000,0.000
8234.000,-60.000,-49227.000,16.000,7200.000,0.000,0.000,0.000,0.000
8244.000,-60.000,-49287.000,16.000,7200.000,0.000,0.000,0.000,0.000
8254.000,-61.000,-49348.000,16.000,7200.000,0.000,0.000,0.000,0.000
8264.000,-60.000,-49408.000,16.000,7200.000,0.000,0.000,0.000,0.000
8274.000,-61.000,-49469.000,16.000,7200.000,0.000,0.000,0.000,0.000
8284.000,-60.000,-49529.000,16.000,7200.000,0.000,0.000,0.000,0.000
8294.000,-60.000,-49589.000,16.000,7200.000,0.000,0.000,0.000,0.000
8304.000,-60.000,-49649.000,16.000,7200.000,0.000,0.000,0.000,0.000
8314.000,-61.000,-49710.000,16.000,7200.000,0.000,0.000,0.000,0.000
8324.000,-61.000,-49771.000,16.000,7200.000,0.000,0.000,0.000,0.000
8334.000,-60.000,-49831.000,16.000,7200.000,0.000,0.000,0.000,0.000
8344.000,-60.000,-49891.000,16.000,7200.000,0.000,0.000,0.000,0.000
8354.000,-61.000,-49952.000,16.000,7200.000,0.000,0.000,0.000,0.000
8364.000,-60.000,-50012.000,16.000,7200.000,0.000,0.000,0.000,0.000
8374.000,-60.000,-50072.000,16.000,7200.000,0.000,0.000,0.000,0.000
8384.000,-61.000,-50133.000,16.000,7200.000,0.000,0.000,0.000,0.000
8394.000,-60.000,-50193.000,16.000,7200.000,0.000,0.000,0.000,0.000
8404.000,-60.000,-50253.000,16.000,7200.000,0.000,0.000,0.000,0.000
8414.000,-62.000,-50315.000,16.000,7200.000,0.000,0.000,0.000,0.000
8424.000,-60.000,-50375.000,16.000,7200.000,0.000,0.000,0.000,0.000
8434.000,-60.000,-50435.000,16.000,7200.000,0.000,0.000,0.000,0.000
8444.000,-61.000,-50496.000,16.000,7200.000,0.000,0.000,0.000,0.000
8454.000,-60.000,-50556.000,16.000,7200.000,0.000,0.000,0.000,0.000
8464.000,-61.000,-50617.000,16.000,7200.000,0.000,0.000,0.000,0.000
8474.000,-60.000,-50677.000,16.000,7200.000,0.000,0.000,0.000,0.000
8484.000,-60.000,-50737.000,16.000,7200.000,0.000,0.000,0.000,0.000
8494.000,-62.000,-50799.000,16.000,7200.000,0.000,0.000,0.000,0.000
8504.000,-60.000,-50859.000,16.000,7200.000,0.000,0.000,0.000,0.000
8514.000,-60.000,-50919.000,16.000,7200.000,0.000,0.000,0.000,0.000
8524.000,-61.000,-50980.000,16.000,7200.000,0.000,0.000,0.000,0.000
8534.000,-60.000,-51040.000,16.000,7200.000,0.000,0.000,0.000,0.000
8544.000,-61.000,-51101.000,16.000,7200.000,0.000,0.000,0.000,0.000
8554.000,-60.000,-51161.000,16.000,7200.000,0.000,0.000,0.000,0.000
8564.000,-60.000,-51221.000,16.000,7200.000,0.000,0.000,0.000,0.000
8574.000,-60.000,-51281.000,16.000,7200.000,0.000,0.000,0.000,0.000
8584.000,-60.000,-51341.000,16.000,7200.000,0.000,0.000,0.000,0.000
8594.000,-61.000,-51402.000,16.000,7200.000,0.000,0.000,0.000,0.000
8604.000,-61.000,-51463.000,16.000,7200.000,0.000,0.000,0.000,0.000
8614.000,-60.000,-51523.000,16.000,7200.000,0.000,0.000,0.000,0.000
8624.000,-60.000,-51583.000,16.000,7200.000,0.000,0.000,0.000,0.000
8634.000,-61.000,-51644.000,16.000,7200.000,0.000,0.000,0.000,0.000
8644.000,-60.000,-51704.000,16.000,7200.000,0.000,0.000,0.000,0.000
8654.000,-61.000,-51765.000,16.000,7200.000,0.000,0.000,0.000,0.000
8664.000,-60.000,-51825.000,16.000,7200.000,0.000,0.000,0.000,0.000
8674.000,-60.000,-51885.000,16.000,7200.000,0.000,0.000,0.000,0.000
8684.000,-60.000,-51945.000,16.000,7200.000,0.000,0.000,0.000,0.000
8694.000,-62.000,-52007.000,16.000,7200.000,0.000,0.000,0.000,0.000
8704.000,-60.000,-52067.000,16.000,7200.000,0.000,0.000,0.000,0.000
8714.000,-60.000,-52127.000,16.000,7200.000,0.000,0.000,0.000,0.000
8724.000,-60.000,-52187.000,16.000,7200.000,0.000,0.000,0.000,0.000
8734.000,-60.000,-52247.000,16.000,7200.000,0.000,0.000,0.000,0.000
8744.000,-61.000,-52308.000,16.000,7200.000,0.000,0.000,0.000,0.000
8754.000,-60.000,-52368.000,16.000,7200.000,0.000,0.000,0.000,0.000
8764.000,-60.000,-52428.000,16.000,7200.000,0.000,0.000,0.000,0.000
8774.000,-61.000,-52489.000,16.000,7200.000,0.000,0.000,0.000,0.000
8784.000,-60.000,-52549.000,16.000,7200.000,0.000,0.000,0.000,0.000
8794.000,-60.000,-52609.000,16.000,7200.000,0.000,0.000,0.000,0.000
8804.000,-62.000,-52671.000,16.000,7200.000,0.000,0.000,0.000,0.000
8814.000,-60.000,-52731.000,16.000,7200.000,0.000,0.000,0.000,0.000
8824.000,-60.000,-52791.000,16.000,7200.000,0.000,0.000,0.000,0.000
8834.000,-61.000,-52852.000,16.000,7200.000,0.000,0.000,0.000,0.000
8844.000,-60.000,-52912.000,16.000,7200.000,0.000,0.000,0.000,0.000
8854.000,-61.000,-52973.000,16.000,7200.000,0.000,0.000,0.000,0.000
8864.000,-60.000,-53033.000,16.000,7200.000,0.000,0.000,0.000,0.000
8874.000,-60.000,-53093.000,16.000,7200.000,0.000,0.000,0.000,0.000
8884.000,-61.000,-53154.000,16.000,7200.000,0.000,0.000,0.000,0.000
8894.000,-61.000,-53215.000,16.000,7200.000,0.000,0.000,0.000,0.000
8904.000,-60.000,-53275.000,16.000,7200.000,0.000,0.000,0.000,0.000
8914.000,-60.000,-53335.000,16.000,7200.000,0.000,0.000,0.000,0.000
8924.000,-61.000,-53396.000,16.000,7200.000,0.000,0.000,0.000,0.000
8934.000,-60.000,-53456.000,16.000,7200.000,0.000,0.000,0.000,0.000
8944.000,-61.000,-53517.000,16.000,7200.000,0.000,0.000,0.000,0.000
8954.000,-60.000,-53577.000,16.000,7200.000,0.000,0.000,0.000,0.000
8964.000,-61.000,-53638.000,16.000,7200.000,0.000,0.000,0.000,0.000
8974.000,-61.000,-53699.000,16.000,7200.000,0.000,0.000,0.000,0.000
8984.000,-60.000,-53759.000,16.000,7200.000,0.000,0.000,0.000,0.000
8994.000,-60.000,-53819.000,16.000,7200.000,0.000,0.000,0.000,0.000
9004.000,-61.000,-53880.000,16.000,7200.000,0.000,0.000,0.000,0.000
9014.000,-60.000,-53940.000,16.000,7200.000,0.000,0.000,0.000,0.000
9024.000,-60.000,-54000.000,16.000,7200.000,0.000,0.000,0.000,0.000
9034.000,-60.000,-54060.000,16.000,7200.000,0.000,0.000,0.000,0.000
9044.000,-61.000,-54121.000,16.000,7200.000,0.000,0.000,0.000,0.000
9054.000,-60.000,-54181.000,16.000,7200.000,0.000,0.000,0.000,0.000
9064.000,-60.000,-54241.000,16.000,7200.000,0.000,0.000,0.000,0.000
9074.000,-62.000,-54303.000,16.000,7200.000,0.000,0.000,0.000,0.000
9084.000,-60.000,-54363.000,16.000,7200.000,0.000,0.000,0.000,0.000
9094.000,-60.000,-54423.000,16.000,7200.000,0.000,0.000,0.000,0.000
9104.000,-61.000,-54484.000,16.000,7200.000,0.000,0.000,0.000,0.000
9114.000,-60.000,-54544.000,16.000,7200.000,0.000,0.000,0.000,0.000
9124.000,-61.000,-54605.000,16.000,7200.000,0.000,0.000,0.000,0.000
9134.000,-60.000,-54665.000,16.000,7200.000,0.000,0.000,0.000,0.000
9144.000,-60.000,-54725.000,16.000,7200.000,0.000,0.000,0.000,0.000
9154.000,-61.000,-54786.000,16.000,7200.000,0.000,0.000,0.000,0.000
9164.000,-61.000,-54847.000,16.000,7200.000,0.000,0.000,0.000,0.000
9174.000,-60.000,-54907.000,16.000,7200.000,0.000,0.000,0.000,0.000
9184.000,-60.000,-54967.000,16.000,7200.000,0.000,0.000,0.000,0.000
9194.000,-61.000,-55028.000,16.000,7200.000,0.000,0.000,0.000,0.000
9204.000,-60.000,-55088.000,16.000,7200.000,0.000,0.000,0.000,0.000
9214.000,-61.000,-55149.000,16.000,7200.000,0.000,0.000,0.000,0.000
9224.000,-60.000,-55209.000,16.000,7200.000,0.000,0.000,0.000,0.000
9234.000,-62.000,-55271.000,16.000,7200.000,0.000,0.000,0.000,0.000
9244.000,-60.000,-55331.000,16.000,7200.000,0.000,0.000,0.000,0.000
9254.000,-60.000,-55391.000,16.000,7200.000,0.000,0.000,0.000,0.000
9264.000,-61.000,-55452.000,16.000,7200.000,0.000,0.000,0.000,0.000
9274.000,-61.000,-55513.000,16.000,7200.000,0.000,0.000,0.000,0.000
9284.000,-60.000,-55573.000,16.000,7200.000,0.000,0.000,0.000,0.000
9294.000,-60.000,-55633.000,16.000,7200.000,0.000,0.000,0.000,0.000
9304.000,-61.000,-55694.000,16.000,7200.000,0.000,0.000,0.000,0.000
9314.000,-61.000,-55755.000,16.000,7200.000,0.000,0.000,0.000,0.000
9324.000,-60.000,-55815.000,16.000,7200.000,0.000,0.000,0.000,0.000
9334.000,-60.000,-55875.000,16.000,7200.000,0.000,0.000,0.000,0.000
9344.000,-61.000,-55936.000,16.000,7200.000,0.000,0.000,0.000,0.000
9354.000,-61.000,-55997.000,16.000,7200.000,0.000,0.000,0.000,0.000
9364.000,-60.000,-56057.000,16.000,7200.000,0.000,0.000,0.000,0.000
9374.000,-60.000,-56117.000,16.000,7200.000,0.000,0.000,0.000,0.000
9384.000,-61.000,-56178.000,16.000,7200.000,0.000,0.000,0.000,0.000
9394.000,-61.000,-56239.000,16.000,7200.000,0.000,0.000,0.000,0.000
9404.000,-60.000,-56299.000,16.000,7200.000,0.000,0.000,0.000,0.000
9414.000,-61.000,-56360.000,16.000,7200.000,0.000,0.000,0.000,0.000
9424.000,-60.000,-56420.000,16.000,7200.000,0.000,0.000,0.000,0.000
9434.000,-60.000,-56480.000,16.000,7200.000,0.000,0.000,0.000,0.000
9444.000,-61.000,-56541.000,16.000,7200.000,0.000,0.000,0.000,0.000
9454.000,-60.000,-56601.000,16.000,7200.000,0.000,0.000,0.000,0.000
9464.000,-60.000,-56661.000,16.000,7200.000,0.000,0.000,0.000,0.000
9474.000,-61.000,-56722.000,16.000,7200.000,0.000,0.000,0.000,0.000
9484.000,-61.000,-56783.000,16.000,7200.000,0.000,0.000,0.000,0.000
9494.000,-60.000,-56843.000,16.000,7200.000,0.000,0.000,0.000,0.000
9504.000,-60.000,-56903.000,16.000,7200.000,0.000,0.000,0.000,0.000
9514.000,-61.000,-56964.000,16.000,7200.000,0.000,0.000,0.000,0.000
9524.000,-60.000,-57024.000,16.000,7200.000,0.000,0.000,0.000,0.000
9534.000,-60.000,-57084.000,16.000,7200.000,0.000,0.000,0.000,0.000
9544.000,-61.000,-57145.000,16.000,7200.000,0.000,0.000,0.000,0.000
9554.000,-60.000,-57205.000,16.000,7200.000,0.000,0.000,0.000,0.000
9564.000,-61.000,-57266.000,16.000,7200.000,0.000,0.000,0.000,0.000
9574.000,-61.000,-57327.000,16.000,7200.000,0.000,0.000,0.000,0.000
9584.000,-60.000,-57387.000,16.000,7200.000,0.000,0.000,0.000,0.000
9594.000,-61.000,-57448.000,16.000,7200.000,0.000,0.000,0.000,0.000
9604.000,-60.000,-57508.000,16.000,7200.000,0.000,0.000,0.000,0.000
9614.000,-60.000,-57568.000,16.000,7200.000,0.000,0.000,0.000,0.000
9624.000,-61.000,-57629.000,16.000,7200.000,0.000,0.000,0.000,0.000
9634.000,-60.000,-57689.000,16.000,7200.000,0.000,0.000,0.000,0.000
9644.000,-60.000,-57749.000,16.000,7200.000,0.000,0.000,0.000,0.000
9654.000,-62.000,-57811.000,16.000,7200.000,0.000,0.000,0.000,0.000
9664.000,-60.000,-57871.000,16.000,7200.000,0.000,0.000,0.000,0.000
9674.000,-61.000,-57932.000,16.000,7200.000,0.000,0.000,0.000,0.000
9684.000,-60.000,-57992.000,16.000,7200.000,0.000,0.000,0.000,0.000
9694.000,-61.000,-58053.000,16.000,7200.000,0.000,0.000,0.000,0.000
9704.000,-60.000,-58113.000,16.000,7200.000,0.000,0.000,0.000,0.000
9714.000,-60.000,-58173.000,16.000,7200.000,0.000,0.000,0.000,0.000
9724.000,-62.000,-58235.000,16.000,7200.000,0.000,0.000,0.000,0.000
9734.000,-60.000,-58295.000,16.000,7200.000,0.000,0.000,0.000,0.000
9744.000,-61.000,-58356.000,16.000,7200.000,0.000,0.000,0.000,0.000
9754.000,-60.000,-58416.000,16.000,7200.000,0.000,0.000,0.000,0.000
9764.000,-60.000,-58476.000,16.000,7200.000,0.000,0.000,0.000,0.000
9774.000,-61.000,-58537.000,16.000,7200.000,0.000,0.000,0.000,0.000
9784.000,-60.000,-58597.000,16.000,7200.000,0.000,0.000,0.000,0.000
9794.000,-60.000,-58657.000,16.000,7200.000,0.000,0.000,0.000,0.000
9804.000,-62.000,-58719.000,16.000,7200.000,0.000,0.000,0.000,0.000
9814.000,-60.000,-58779.000,16.000,7200.000,0.000,0.000,0.000,0.000
9824.000,-60.000,-58839.000,16.000,7200.000,0.000,0.000,0.000,0.000
9834.000,-61.000,-58900.000,16.000,7200.000,0.000,0.000,0.000,0.000
9844.000,-60.000,-58960.000,16.000,7200.000,0.000,0.000,0.000,0.000
9854.000,-61.000,-59021.000,16.000,7200.000,0.000,0.000,0.000,0.000
9864.000,-60.000,-59081.000,16.000,7200.000,0.000,0.000,0.000,0.000
9874.000,-60.000,-59141.000,16.000,7200.000,0.000,0.000,0.000,0.000
9884.000,-62.000,-59203.000,16.000,7200.000,0.000,0.000,0.000,0.000
9894.000,-60.000,-59263.000,16.000,7200.000,0.000,0.000,0.000,0.000
9904.000,-60.000,-59323.000,16.000,7200.000,0.000,0.000,0.000,0.000
9914.000,-61.000,-59384.000,16.000,7200.000,0.000,0.000,0.000,0.000
9924.000,-60.000,-59444.000,16.000,7200.000,0.000,0.000,0.000,0.000
9934.000,-61.000,-59505.000,16.000,7200.000,0.000,0.000,0.000,0.000
9944.000,-60.000,-59565.000,16.000,7200.000,0.000,0.000,0.000,0.000
9954.000,-61.000,-59626.000,16.000,7200.000,0.000,0.000,0.000,0.000
9964.000,-61.000,-59687.000,16.000,7200.000,0.000,0.000,0.000,0.000
9974.000,-60.000,-59747.000,16.000,7200.000,0.000,0.000,0.000,0.000
9984.000,-61.000,-59808.000,16.000,7200.000,0.000,0.000,0.000,0.000
9994.000,-60.000,-59868.000,16.000,7200.000,0.000,0.000,0.000,0.000
10004.000,-61.000,-59929.000,16.000,7200.000,0.000,0.000,0.000,0.000
10014.000,-60.000,-59989.000,16.000,7200.000,0.000,0.000,0.000,0.000
10024.000,-60.000,-60049.000,16.000,7200.000,0.000,0.000,0.000,0.000
10034.000,-62.000,-60111.000,16.000,7200.000,0.000,0.000,0.000,0.000
10044.000,-60.000,-60171.000,16.000,7200.000,0.000,0.000,0.000,0.000
10054.000,-60.000,-60231.000,16.000,7200.000,0.000,0.000,0.000,0.000
10064.000,-61.000,-60292.000,16.000,7200.000,0.000,0.000,0.000,0.000
10074.000,-60.000,-60352.000,16.000,7200.000,0.000,0.000,0.000,0.000
10084.000,-61.000,-60413.000,16.000,7200.000,0.000,0.000,0.000,0.000
10094.000,-60.000,-60473.000,16.000,7200.000,0.000,0.000,0.000,0.000
10104.000,-62.000,-60535.000,16.000,7200.000,0.000,0.000,0.000,0.000
10114.000,-60.000,-60595.000,16.000,7200.000,0.000,0.000,0.000,0.000
10124.000,-60.000,-60655.000,16.000,7200.000,0.000,0.000,0.000,0.000
10134.000,-61.000,-60716.000,16.000,7200.000,0.000,0.000,0.000,0.000
10144.000,-60.000,-60776.000,16.000,7200.000,0.000,0.000,0.000,0.000
10154.000,-61.000,-60837.000,16.000,7200.000,0.000,0.000,0.000,0.000
10164.000,-60.000,-60897.000,16.000,7200.000,0.000,0.000,0.000,0.000
10174.000,-60.000,-60957.000,16.000,7200.000,0.000,0.000,0.000,0.000
10184.000,-62.000,-61019.000,16.000,7200.000,0.000,0.000,0.000,0.000
10194.000,-60.000,-61079.000,16.000,7200.000,0.000,0.000,0.000,0.000
10204.000,-60.000,-61139.000,16.000,7200.000,0.000,0.000,0.000,0.000
10214.000,-61.000,-61200.000,16.000,7200.000,0.000,0.000,0.000,0.000
10224.000,-60.000,-61260.000,16.000,7200.000,0.000,0.000,0.000,0.000
10234.000,-61.000,-61321.000,16.000,7200.000,0.000,0.000,0.000,0.000
10244.000,-60.000,-61381.000,16.000,7200.000,0.000,0.000,0.000,0.000
10254.000,-60.000,-61441.000,16.000,7200.000,0.000,0.000,0.000,0.000
10264.000,-61.000,-61502.000,16.000,7200.000,0.000,0.000,0.000,0.000
10274.000,-61.000,-61563.000,16.000,7200.000,0.000,0.000,0.000,0.000
10284.000,-60.000,-61623.000,16.000,7200.000,0.000,0.000,0.000,0.000
10294.000,-60.000,-61683.000,16.000,7200.000,0.000,0.000,0.000,0.000
10304.000,-61.000,-61744.000,16.000,7200.000,0.000,0.000,0.000,0.000
10314.000,-61.000,-61805.000,16.000,7200.000,0.000,0.000,0.000,0.000
10324.000,-60.000,-61865.000,16.000,7200.000,0.000,0.000,0.000,0.000
10334.000,-60.000,-61925.000,16.000,7200.000,0.000,0.000,0.000,0.000
10344.000,-61.000,-61986.000,16.000,7200.000,0.000,0.000,0.000,0.000
10354.000,-61.000,-62047.000,16.000,7200.000,0.000,0.000,0.000,0.000
10364.000,-60.000,-62107.000,16.000,7200.000,0.000,0.000,0.000,0.000
10374.000,-61.000,-62168.000,16.000,7200.000,0.000,0.000,0.000,0.000
10384.000,-60.000,-62228.000,16.000,7200.000,0.000,0.000,0.000,0.000
10394.000,-61.000,-62289.000,16.000,7200.000,0.000,0.000,0.000,0.000
10404.000,-60.000,-62349.000,16.000,7200.000,0.000,0.000,0.000,0.000
10414.000,-60.000,-62409.000,16.000,7200.000,0.000,0.000,0.000,0.000
10424.000,-62.000,-62471.000,16.000,7200.000,0.000,0.000,0.000,0.000
10434.000,-60.000,-62531.000,16.000,7200.000,0.000,0.000,0.000,0.000
10444.000,-61.000,-62592.000,16.000,7200.000,0.000,0.000,0.000,0.000
10454.000,-60.000,-62652.000,16.000,7200.000,0.000,0.000,0.000,0.000
10464.000,-61.000,-62713.000,16.000,7200.000,0.000,0.000,0.000,0.000
10474.000,-60.000,-62773.000,16.000,7200.000,0.000,0.000,0.000,0.000
10484.000,-61.000,-62834.000,16.000,7200.000,0.000,0.000,0.000,0.000
10494.000,-61.000,-62895.000,16.000,7200.000,0.000,0.000,0.000,0.000
10504.000,-60.000,-62955.000,16.000,7200.000,0.000,0.000,0.000,0.000
10514.000,-61.000,-63016.000,16.000,7200.000,0.000,0.000,0.000,0.000
10524.000,-61.000,-63077.000,16.000,7200.000,0.000,0.000,0.000,0.000
10534.000,-60.000,-63137.000,16.000,7200.000,0.000,0.000,0.000,0.000
10544.000,-60.000,-63197.000,16.000,7200.000,0.000,0.000,0.000,0.000
10554.000,-61.000,-63258.000,16.000,7200.000,0.000,0.000,0.000,0.000
10564.000,-61.000,-63319.000,16.000,7200.000,0.000,0.000,0.000,0.000
10574.000,-61.000,-63380.000,16.000,7200.000,0.000,0.000,0.000,0.000
10584.000,-60.000,-63440.000,16.000,7200.000,0.000,0.000,0.000,0.000
10594.000,-60.000,-63500.000,16.000,7200.000,0.000,0.000,0.000,0.000
10604.000,-61.000,-63561.000,16.000,7200.000,0.000,0.000,0.000,0.000
10614.000,-60.000,-63621.000,16.000,7200.000,0.000,0.000,0.000,0.000
10624.000,-61.000,-63682.000,16.000,7200.000,0.000,0.000,0.000,0.000
10634.000,-61.000,-63743.000,16.000,7200.000,0.000,0.000,0.000,0.000
10644.000,-60.000,-63803.000,16.000,7200.000,0.000,0.000,0.000,0.000
10654.000,-61.000,-63864.000,16.000,7200.000,0.000,0.000,0.000,0.000
10664.000,-60.000,-63924.000,16.000,7200.000,0.000,0.000,0.000,0.000
10674.000,-61.000,-63985.000,16.000,7200.000,0.000,0.000,0.000,0.000
10684.000,-60.000,-64045.000,16.000,7200.000,0.000,0.000,0.000,0.000
10694.000,-60.000,-64105.000,16.000,7200.000,0.000,0.000,0.000,0.000
10704.000,-61.000,-64166.000,16.000,7200.000,0.000,0.000,0.000,0.000
10714.000,-61.000,-64227.000,16.000,7200.000,0.000,0.000,0.000,0.000
10724.000,-61.000,-64288.000,16.000,7200.000,0.000,0.000,0.000,0.000
10734.000,-60.000,-64348.000,16.000,7200.000,0.000,0.000,0.000,0.000
10744.000,-60.000,-64408.000,16.000,7200.000,0.000,0.000,0.000,0.000
10754.000,-61.000,-64469.000,16.000,7200.000,0.000,0.000,0.000,0.000
10764.000,-61.000,-64530.000,16.000,7200.000,0.000,0.000,0.000,0.000
10774.000,-61.000,-64591.000,16.000,7200.000,0.000,0.000,0.000,0.000
10784.000,-60.000,-64651.000,16.000,7200.000,0.000,0.000,0.000,0.000
10794.000,-60.000,-64711.000,16.000,7200.000,0.000,0.000,0.000,0.000
10804.000,-61.000,-64772.000,16.000,7200.000,0.000,0.000,0.000,0.000
10814.000,-60.000,-64832.000,16.000,7200.000,0.000,0.000,0.000,0.000
10824.000,-61.000,-64893.000,16.000,7200.000,0.000,0.000,0.000,0.000
10834.000,-60.000,-64953.000,16.000,7200.000,0.000,0.000,0.000,0.000
10844.000,-62.000,-65015.000,16.000,7200.000,0.000,0.000,0.000,0.000
10854.000,-60.000,-65075.000,16.000,7200.000,0.000,0.000,0.000,0.000
10864.000,-61.000,-65136.000,16.000,7200.000,0.000,0.000,0.000,0.000
10874.000,-60.000,-65196.000,16.000,7200.000,0.000,0.000,0.000,0.000
10884.000,-61.000,-65257.000,16.000,7200.000,0.000,0.000,0.000,0.000
10894.000,-60.000,-65317.000,16.000,7200.000,0.000,0.000,0.000,0.000
10904.000,-61.000,-65378.000,16.000,7200.000,0.000,0.000,0.000,0.000
10914.000,-61.000,-65439.000,16.000,7200.000,0.000,0.000,0.000,0.000
10924.000,-60.000,-65499.000,16.000,7200.000,0.000,0.000,0.000,0.000
10934.000,-61.000,-65560.000,16.000,7200.000,0.000,0.000,0.000,0.000
10944.000,-61.000,-65621.000,16.000,7200.000,0.000,0.000,0.000,0.000
10954.000,-60.000,-65681.000,16.000,7200.000,0.000,0.000,0.000,0.000
10964.000,-60.000,-65741.000,16.000,7200.000,0.000,0.000,0.000,0.000
10974.000,-61.000,-65802.000,16.000,7200.000,0.000,0.000,0.000,0.000
10984.000,-61.000,-65863.000,16.000,7200.000,0.000,0.000,0.000,0.000
10994.000,-60.000,-65923.000,16.000,7200.000,0.000,0.000,0.000,0.000
11004.000,-61.000,-65984.000,16.000,7200.000,0.000,0.000,0.000,0.000
11014.000,-60.000,-66044.000,16.000,7200.000,0.000,0.000,0.000,0.000
11024.000,-61.000,-66105.000,16.000,7200.000,0.000,0.000,0.000,0.000
11034.000,-60.000,-66165.000,16.000,7200.000,0.000,0.000,0.000,0.000
11044.000,-61.000,-66226.000,16.000,7200.000,0.000,0.000,0.000,0.000
11054.000,-61.000,-66287.000,16.000,7200.000,0.000,0.000,0.000,0.000
11064.000,-60.000,-66347.000,16.000,7200.000,0.000,0.000,0.000,0.000
11074.000,-61.000,-66408.000,16.000,7200.000,0.000,0.000,0.000,0.000
11084.000,-60.000,-66468.000,16.000,7200.000,0.000,0.000,0.000,0.000
11094.000,-61.000,-66529.000,16.000,7200.000,0.000,0.000,0.000,0.000
11104.000,-60.000,-66589.000,16.000,7200.000,0.000,0.000,0.000,0.000
11114.000,-60.000,-66649.000,16.000,7200.000,0.000,0.000,0.000,0.000
11124.000,-61.000,-66710.000,16.000,7200.000,0.000,0.000,0.000,0.000
11134.000,-61.000,-66771.000,16.000,7200.000,0.000,0.000,0.000,0.000
11144.000,-60.000,-66831.000,16.000,7200.000,0.000,0.000,0.000,0.000
11154.000,-61.000,-66892.000,16.000,7200.000,0.000,0.000,0.000,0.000
11164.000,-60.000,-66952.000,16.000,7200.000,0.000,0.000,0.000,0.000
11174.000,-61.000,-67013.000,16.000,7200.000,0.000,0.000,0.000,0.000
11184.000,-60.000,-67073.000,16.000,7200.000,0.000,0.000,0.000,0.000
11194.000,-62.000,-67135.000,16.000,7200.000,0.000,0.000,0.000,0.000
11204.000,-60.000,-67195.000,16.000,7200.000,0.000,0.000,0.000,0.000
11214.000,-60.000,-67255.000,16.000,7200.000,0.000,0.000,0.000,0.000
11224.000,-61.000,-67316.000,16.000,7200.000,0.000,0.000,0.000,0.000
11234.000,-60.000,-67376.000,16.000,7200.000,0.000,0.000,0.000,0.000
11244.000,-61.000,-67437.000,16.000,7200.000,0.000,0.000,0.000,0.000
11254.000,-60.000,-67497.000,16.000,7200.000,0.000,0.000,0.000,0.000
11264.000,-62.000,-67559.000,16.000,7200.000,0.000,0.000,0.000,0.000
11274.000,-60.000,-67619.000,16.000,7200.000,0.000,0.000,0.000,0.000
11284.000,-61.000,-67680.000,16.000,7200.000,0.000,0.000,0.000,0.000
11294.000,-60.000,-67740.000,16.000,7200.000,0.000,0.000,0.000,0.000
11304.000,-61.000,-67801.000,16.000,7200.000,0.000,0.000,0.000,0.000
11314.000,-60.000,-67861.000,16.000,7200.000,0.000,0.000,0.000,0.000
11324.000,-61.000,-67922.000,16.000,7200.000,0.000,0.000,0.000,0.000
11334.000,-61.000,-67983.000,16.000,7200.000,0.000,0.000,0.000,0.000
11344.000,-60.000,-68043.000,16.000,7200.000,0.000,0.000,0.000,0.000
11354.000,-61.000,-68104.000,16.000,7200.000,0.000,0.000,0.000,0.000
11364.000,-60.000,-68164.000,16.000,7200.000,0.000,0.000,0.000,0.000
11374.000,-61.000,-68225.000,16.000,7200.000,0.000,0.000,0.000,0.000
11384.000,-60.000,-68285.000,16.000,7200.000,0.000,0.000,0.000,0.000
11394.000,-60.000,-68345.000,16.000,7200.000,0.000,0.000,0.000,0.000
11404.000,-60.000,-68405.000,16.000,7200.000,0.000,0.000,0.000,0.000
11414.000,-62.000,-68467.000,16.000,7200.000,0.000,0.000,0.000,0.000
11424.000,-60.000,-68527.000,16.000,7200.000,0.000,0.000,0.000,0.000
11434.000,-61.000,-68588.000,16.000,7200.000,0.000,0.000,0.000,0.000
11444.000,-60.000,-68648.000,16.000,7200.000,0.000,0.000,0.000,0.000
11454.000,-60.000,-68708.000,16.000,7200.000,0.000,0.000,0.000,0.000
11464.000,-61.000,-68769.000,16.000,7200.000,0.000,0.000,0.000,0.000
11474.000,-60.000,-68829.000,16.000,7200.000,0.000,0.000,0.000,0.000
11484.000,-61.000,-68890.000,16.000,7200.000,0.000,0.000,0.000,0.000
11494.000,-61.000,-68951.000,16.000,7200.000,0.000,0.000,0.000,0.000
11504.000,-60.000,-69011.000,16.000,7200.000,0.000,0.000,0.000,0.000
11514.000,-60.000,-69071.000,16.000,7200.000,0.000,0.000,0.000,0.000
11524.000,-61.000,-69132.000,16.000,7200.000,0.000,0.000,0.000,0.000
11534.000,-61.000,-69193.000,16.000,7200.000,0.000,0.000,0.000,0.000
11544.000,-60.000,-69253.000,16.000,7200.000,0.000,0.000,0.000,0.000
11554.000,-60.000,-69313.000,16.000,7200.000,0.000,0.000,0.000,0.000
11564.000,-61.000,-69374.000,16.000,7200.000,0.000,0.000,0.000,0.000
11574.000,-61.000,-69435.000,16.000,7200.000,0.000,0.000,0.000,0.000
11584.000,-60.000,-69495.000,16.000,7200.000,0.000,0.000,0.000,0.000
11594.000,-61.000,-69556.000,16.000,7200.000,0.000,0.000,0.000,0.000
11604.000,-61.000,-69617.000,16.000,7200.000,0.000,0.000,0.000,0.000
11614.000,-60.000,-69677.000,16.000,7200.000,0.000,0.000,0.000,0.000
11624.000,-61.000,-69738.000,-50.000,720.000,0.000,0.000,0.000,0.000
11634.000,-61.000,-69799.000,-50.000,792.000,0.000,0.000,0.000,0.000
11644.000,-60.000,-69859.000,-50.000,936.000,0.000,0.000,0.000,0.000
11654.000,-61.000,-69920.000,-50.000,1080.000,0.000,0.000,0.000,0.000
11664.000,-60.000,-69980.000,-50.000,1296.000,0.000,0.000,0.000,0.000
11674.000,-61.000,-70041.000,-50.000,1368.000,0.000,0.000,0.000,0.000
11684.000,-60.000,-70101.000,-50.000,1584.000,0.000,0.000,0.000,0.000
11694.000,-61.000,-70162.000,-50.000,1728.000,0.000,0.000,0.000,0.000
11704.000,-61.000,-70223.000,-50.000,1944.000,0.000,0.000,0.000,0.000
11714.000,-60.000,-70283.000,-50.000,2088.000,0.000,0.000,0.000,0.000
11724.000,-61.000,-70344.000,-50.000,2232.000,0.000,0.000,0.000,0.000
11734.000,-60.000,-70404.000,-50.000,2448.000,0.000,0.000,0.000,0.000
11744.000,-61.000,-70465.000,-50.000,2520.000,0.000,0.000,0.000,0.000
11754.000,-60.000,-70525.000,-50.000,2736.000,0.000,0.000,0.000,0.000
11764.000,-61.000,-70586.000,-50.000,2880.000,0.000,0.000,0.000,0.000
11774.000,-61.000,-70647.000,-50.000,3096.000,0.000,0.000,0.000,0.000
11784.000,-60.000,-70707.000,-50.000,3240.000,0.000,0.000,0.000,0.000
11794.000,-61.000,-70768.000,-50.000,3384.000,0.000,0.000,0.000,0.000
11804.000,-60.000,-70828.000,-50.000,3600.000,0.000,0.000,0.000,0.000
11814.000,-60.000,-70888.000,-50.000,3672.000,0.000,0.000,0.000,0.000
11824.000,-61.000,-70949.000,-50.000,3888.000,0.000,0.000,0.000,0.000
11834.000,-60.000,-71009.000,-50.000,4104.000,0.000,0.000,0.000,0.000
11844.000,-60.000,-71069.000,-50.000,4176.000,0.000,0.000,0.000,0.000
11854.000,-61.000,-71130.000,-50.000,4320.000,0.000,0.000,0.000,0.000
11864.000,-61.000,-71191.000,-50.000,4536.000,0.000,0.000,0.000,0.000
11874.000,-60.000,-71251.000,-50.000,4752.000,0.000,0.000,0.000,0.000
11884.000,-60.000,-71311.000,-50.000,4824.000,0.000,0.000,0.000,0.000
11894.000,-61.000,-71372.000,-50.000,5040.000,0.000,0.000,0.000,0.000
11904.000,-60.000,-71432.000,-50.000,5256.000,0.000,0.000,0.000,0.000
11914.000,-61.000,-71493.000,-50.000,5328.000,0.000,0.000,0.000,0.000
11924.000,-60.000,-71553.000,-50.000,5544.000,0.000,0.000,0.000,0.000
11934.000,-60.000,-71613.000,-50.000,5688.000,0.000,0.000,0.000,0.000
11944.000,-62.000,-71675.000,-50.000,5832.000,0.000,0.000,0.000,0.000
11954.000,-60.000,-71735.000,-50.000,6120.000,0.000,0.000,0.000,0.000
11964.000,-60.000,-71795.000,-50.000,6192.000,0.000,0.000,0.000,0.000
11974.000,-61.000,-71856.000,-50.000,6336.000,0.000,0.000,0.000,0.000
11984.000,-60.000,-71916.000,-50.000,6552.000,0.000,0.000,0.000,0.000
11994.000,-61.000,-71977.000,-50.000,6696.000,0.000,0.000,0.000,0.000
12004.000,-60.000,-72037.000,-50.000,6912.000,0.000,0.000,0.000,0.000
12014.000,-60.000,-72097.000,-50.000,6984.000,0.000,0.000,0.000,0.000
12024.000,-62.000,-72159.000,-50.000,7128.000,0.000,0.000,0.000,0.000
12034.000,-60.000,-72219.000,-50.000,7200.000,0.000,0.000,0.000,0.000
12044.000,-60.000,-72279.000,-50.000,7200.000,0.000,0.000,0.000,0.000
12054.000,-61.000,-72340.000,-50.000,7200.000,0.000,0.000,0.000,0.000
12064.000,-60.000,-72400.000,-50.000,7200.000,0.000,0.000,0.000,0.000
12074.000,-61.000,-72461.000,-50.000,7200.000,0.000,0.000,0.000,0.000
12084.000,-60.000,-72521.000,-50.000,7200.000,0.000,0.000,0.000,0.000
12094.000,-61.000,-72582.000,-50.000,7200.000,0.000,0.000,0.000,0.000
12104.000,-61.000,-72643.000,-50.000,7200.000,0.000,0.000,0.000,0.000
12114.000,-60.000,-72703.000,-50.000,7200.000,0.000,0.000,0.000,0.000
12124.000,-60.000,-72763.000,-50.000,7200.000,0.000,0.000,0.000,0.000
12134.000,-61.000,-72824.000,-50.000,7200.000,0.000,0.000,0.000,0.000
12144.000,-60.000,-72884.000,-50.000,7200.000,0.000,0.000,0.000,0.000
12154.000,-60.000,-72944.000,-50.000,7200.000,0.000,0.000,0.000,0.000
12164.000,-61.000,-73005.000,-50.000,7200.000,0.000,0.000,0.000,0.000
12174.000,-60.000,-73065.000,-50.000,7200.000,0.000,0.000,0.000,0.000
12184.000,-60.000,-73125.000,-50.000,7200.000,0.000,0.000,0.000,0.000
12194.000,-62.000,-73187.000,-50.000,7200.000,0.000,0.000,0.000,0.000
12204.000,-60.000,-73247.000,-50.000,7200.000,0.000,0.000,0.000,0.000
12214.000,-60.000,-73307.000,-50.000,7200.000,0.000,0.000,0.000,0.000
12224.000,-61.000,-73368.000,-50.000,7200.000,0.000,0.000,0.000,0.000
12234.000,-60.000,-73428.000,-50.000,7200.000,0.000,0.000,0.000,0.000
12244.000,-60.000,-73488.000,-50.000,7200.000,0.000,0.000,0.000,0.000
12254.000,-60.000,-73548.000,-50.000,7200.000,0.000,0.000,0.000,0.000
12264.000,-61.000,-73609.000,-50.000,7200.000,0.000,0.000,0.000,0.000
12274.000,-60.000,-73669.000,-50.000,7200.000,0.000,0.000,0.000,0.000
12284.000,-60.000,-73729.000,-50.000,7200.000,0.000,0.000,0.000,0.000
12294.000,-61.000,-73790.000,-50.000,7200.000,0.000,0.000,0.000,0.000
12304.000,-61.000,-73851.000,-50.000,7200.000,0.000,0.000,0.000,0.000
12314.000,-60.000,-73911.000,-50.000,7200.000,0.000,0.000,0.000,0.000
12324.000,-60.000,-73971.000,-50.000,7200.000,0.000,0.000,0.000,0.000
12334.000,-61.000,-74032.000,-50.000,7200.000,0.000,0.000,0.000,0.000
12344.000,-61.000,-74093.000,-50.000,7200.000,0.000,0.000,0.000,0.000
12354.000,-60.000,-74153.000,-50.000,7200.000,0.000,0.000,0.000,0.000
12364.000,-60.000,-74213.000,-50.000,7200.000,0.000,0.000,0.000,0.000
12374.000,-61.000,-74274.000,-50.000,7200.000,0.000,0.000,0.000,0.000
12384.000,-61.000,-74335.000,-50.000,7200.000,0.000,0.000,0.000,0.000
12394.000,-60.000,-74395.000,-50.000,7200.000,0.000,0.000,0.000,0.000
12404.000,-61.000,-74456.000,-50.000,7200.000,0.000,0.000,0.000,0.000
12414.000,-60.000,-74516.000,-50.000,7200.000,0.000,0.000,0.000,0.000
12424.000,-60.000,-74576.000,-50.000,7200.000,0.000,0.000,0.000,0.000
12434.000,-61.000,-74637.000,-50.000,7200.000,0.000,0.000,0.000,0.000
12444.000,-60.000,-74697.000,-50.000,7200.000,0.000,0.000,0.000,0.000
12454.000,-61.000,-74758.000,-50.000,7200.000,0.000,0.000,0.000,0.000
12464.000,-61.000,-74819.000,-50.000,7200.000,0.000,0.000,0.000,0.000
12474.000,-60.000,-74879.000,-50.000,7200.000,0.000,0.000,0.000,0.000
12484.000,-61.000,-74940.000,-50.000,7200.000,0.000,0.000,0.000,0.000
12494.000,-60.000,-75000.000,-50.000,7200.000,0.000,0.000,0.000,0.000
12504.000,-61.000,-75061.000,-50.000,7200.000,0.000,0.000,0.000,0.000
12514.000,-60.000,-75121.000,-50.000,7200.000,0.000,0.000,0.000,0.000
12524.000,-60.000,-75181.000,-50.000,7200.000,0.000,0.000,0.000,0.000
12534.000,-62.000,-75243.000,-50.000,7200.000,0.000,0.000,0.000,0.000
12544.000,-60.000,-75303.000,-50.000,7200.000,0.000,0.000,0.000,0.000
12554.000,-60.000,-75363.000,-50.000,7200.000,0.000,0.000,0.000,0.000
12564.000,-60.000,-75423.000,-50.000,7200.000,0.000,0.000,0.000,0.000
12574.000,-61.000,-75484.000,-50.000,7200.000,0.000,0.000,0.000,0.000
12584.000,-60.000,-75544.000,-50.000,7200.000,0.000,0.000,0.000,0.000
12594.000,-60.000,-75604.000,-50.000,7200.000,0.000,0.000,0.000,0.000
12604.000,-61.000,-75665.000,-50.000,7200.000,0.000,0.000,0.000,0.000
12614.000,-60.000,-75725.000,-50.000,7200.000,0.000,0.000,0.000,0.000
12624.000,-60.000,-75785.000,-50.000,7200.000,0.000,0.000,0.000,0.000
12634.000,-61.000,-75846.000,-50.000,7200.000,0.000,0.000,0.000,0.000
12644.000,-61.000,-75907.000,-50.000,7200.000,0.000,0.000,0.000,0.000
12654.000,-60.000,-75967.000,-50.000,7200.000,0.000,0.000,0.000,0.000
12664.000,-61.000,-76028.000,-50.000,7200.000,0.000,0.000,0.000,0.000
12674.000,-60.000,-76088.000,-50.000,7200.000,0.000,0.000,0.000,0.000
12684.000,-60.000,-76148.000,-50.000,7200.000,0.000,0.000,0.000,0.000
12694.000,-61.000,-76209.000,-50.000,7200.000,0.000,0.000,0.000,0.000
12704.000,-60.000,-76269.000,-50.000,7200.000,0.000,0.000,0.000,0.000
12714.000,-60.000,-76329.000,-50.000,7200.000,0.000,0.000,0.000,0.000
12724.000,-60.000,-76389.000,-50.000,7200.000,0.000,0.000,0.000,0.000
12734.000,-62.000,-76451.000,-50.000,7200.000,0.000,0.000,0.000,0.000
12744.000,-60.000,-76511.000,-50.000,7200.000,0.000,0.000,0.000,0.000
12754.000,-61.000,-76572.000,-50.000,7200.000,0.000,0.000,0.000,0.000
12764.000,-60.000,-76632.000,-50.000,7200.000,0.000,0.000,0.000,0.000
12774.000,-60.000,-76692.000,-50.000,7200.000,0.000,0.000,0.000,0.000
12784.000,-61.000,-76753.000,-50.000,7200.000,0.000,0.000,0.000,0.000
12794.000,-60.000,-76813.000,-50.000,7200.000,0.000,0.000,0.000,0.000
12804.000,-62.000,-76875.000,-50.000,7200.000,0.000,0.000,0.000,0.000
12814.000,-60.000,-76935.000,-50.000,7200.000,0.000,0.000,0.000,0.000
12824.000,-60.000,-76995.000,-50.000,7200.000,0.000,0.000,0.000,0.000
12834.000,-61.000,-77056.000,-50.000,7200.000,0.000,0.000,0.000,0.000
12844.000,-60.000,-77116.000,-50.000,7200.000,0.000,0.000,0.000,0.000
12854.000,-61.000,-77177.000,-50.000,7200.000,0.000,0.000,0.000,0.000
12864.000,-60.000,-77237.000,-50.000,7200.000,0.000,0.000,0.000,0.000
12874.000,-60.000,-77297.000,-50.000,7200.000,0.000,0.000,0.000,0.000
12884.000,-60.000,-77357.000,-50.000,7200.000,0.000,0.000,0.000,0.000
12894.000,-61.000,-77418.000,-50.000,7200.000,0.000,0.000,0.000,0.000
12904.000,-61.000,-77479.000,-50.000,7200.000,0.000,0.000,0.000,0.000
12914.000,-60.000,-77539.000,-50.000,7200.000,0.000,0.000,0.000,0.000
12924.000,-60.000,-77599.000,-50.000,7200.000,0.000,0.000,0.000,0.000
12934.000,-61.000,-77660.000,-50.000,7200.000,0.000,0.000,0.000,0.000
12944.000,-60.000,-77720.000,-50.000,7200.000,0.000,0.000,0.000,0.000
12954.000,-61.000,-77781.000,-50.000,7200.000,0.000,0.000,0.000,0.000
12964.000,-60.000,-77841.000,-50.000,7200.000,0.000,0.000,0.000,0.000
12974.000,-60.000,-77901.000,-50.000,7200.000,0.000,0.000,0.000,0.000
12984.000,-61.000,-77962.000,-50.000,7200.000,0.000,0.000,0.000,0.000
12994.000,-61.000,-78023.000,-50.000,7200.000,0.000,0.000,0.000,0.000
13004.000,-60.000,-78083.000,-50.000,7200.000,0.000,0.000,0.000,0.000
13014.000,-60.000,-78143.000,-50.000,7200.000,0.000,0.000,0.000,0.000
13024.000,-61.000,-78204.000,-50.000,7200.000,0.000,0.000,0.000,0.000
13034.000,-60.000,-78264.000,-50.000,7200.000,0.000,0.000,0.000,0.000
13044.000,-60.000,-78324.000,-50.000,7200.000,0.000,0.000,0.000,0.000
13054.000,-61.000,-78385.000,-50.000,7200.000,0.000,0.000,0.000,0.000
13064.000,-60.000,-78445.000,-50.000,7200.000,0.000,0.000,0.000,0.000
13074.000,-60.000,-78505.000,-50.000,7200.000,0.000,0.000,0.000,0.000
13084.000,-61.000,-78566.000,-50.000,7200.000,0.000,0.000,0.000,0.000
13094.000,-60.000,-78626.000,-50.000,7200.000,0.000,0.000,0.000,0.000
13104.000,-61.000,-78687.000,-50.000,7200.000,0.000,0.000,0.000,0.000
13114.000,-60.000,-78747.000,-50.000,7200.000,0.000,0.000,0.000,0.000
13124.000,-61.000,-78808.000,-50.000,7200.000,0.000,0.000,0.000,0.000
13134.000,-60.000,-78868.000,-50.000,7200.000,0.000,0.000,0.000,0.000
13144.000,-61.000,-78929.000,-50.000,7200.000,0.000,0.000,0.000,0.000
13154.000,-60.000,-78989.000,-50.000,7200.000,0.000,0.000,0.000,0.000
13164.000,-60.000,-79049.000,-50.000,7200.000,0.000,0.000,0.000,0.000
13174.000,-60.000,-79109.000,-50.000,7200.000,0.000,0.000,0.000,0.000
13184.000,-62.000,-79171.000,-50.000,7200.000,0.000,0.000,0.000,0.000
13194.000,-60.000,-79231.000,-50.000,7200.000,0.000,0.000,0.000,0.000
13204.000,-61.000,-79292.000,-50.000,7200.000,0.000,0.000,0.000,0.000
13214.000,-60.000,-79352.000,-50.000,7200.000,0.000,0.000,0.000,0.000
13224.000,-61.000,-79413.000,-50.000,7200.000,0.000,0.000,0.000,0.000
13234.000,-60.000,-79473.000,-50.000,7200.000,0.000,0.000,0.000,0.000
13244.000,-60.000,-79533.000,-50.000,7200.000,0.000,0.000,0.000,0.000
13254.000,-62.000,-79595.000,-50.000,7200.000,0.000,0.000,0.000,0.000
13264.000,-60.000,-79655.000,-50.000,7200.000,0.000,0.000,0.000,0.000
13274.000,-61.000,-79716.000,-50.000,7200.000,0.000,0.000,0.000,0.000
13284.000,-60.000,-79776.000,-50.000,7200.000,0.000,0.000,0.000,0.000
13294.000,-60.000,-79836.000,-50.000,7200.000,0.000,0.000,0.000,0.000
13304.000,-61.000,-79897.000,-50.000,7200.000,0.000,0.000,0.000,0.000
13314.000,-60.000,-79957.000,-50.000,7200.000,0.000,0.000,0.000,0.000
13324.000,-60.000,-80017.000,-50.000,7200.000,0.000,0.000,0.000,0.000
13334.000,-61.000,-80078.000,-50.000,7200.000,0.000,0.000,0.000,0.000
13344.000,-61.000,-80139.000,-50.000,7200.000,0.000,0.000,0.000,0.000
13354.000,-60.000,-80199.000,-50.000,7200.000,0.000,0.000,0.000,0.000
13364.000,-61.000,-80260.000,-50.000,7200.000,0.000,0.000,0.000,0.000
13374.000,-60.000,-80320.000,-50.000,7200.000,0.000,0.000,0.000,0.000
13384.000,-61.000,-80381.000,-50.000,7200.000,0.000,0.000,0.000,0.000
13394.000,-60.000,-80441.000,-50.000,7200.000,0.000,0.000,0.000,0.000
13404.000,-60.000,-80501.000,-50.000,7200.000,0.000,0.000,0.000,0.000
13414.000,-62.000,-80563.000,-50.000,7200.000,0.000,0.000,0.000,0.000
13424.000,-60.000,-80623.000,-50.000,7200.000,0.000,0.000,0.000,0.000
13434.000,-60.000,-80683.000,-50.000,7200.000,0.000,0.000,0.000,0.000
13444.000,-61.000,-80744.000,-50.000,7200.000,0.000,0.000,0.000,0.000
13454.000,-60.000,-80804.000,-50.000,7200.000,0.000,0.000,0.000,0.000
13464.000,-60.000,-80864.000,-50.000,7200.000,0.000,0.000,0.000,0.000
13474.000,-61.000,-80925.000,-50.000,7200.000,0.000,0.000,0.000,0.000
13484.000,-60.000,-80985.000,-50.000,7200.000,0.000,0.000,0.000,0.000
13494.000,-60.000,-81045.000,-50.000,7200.000,0.000,0.000,0.000,0.000
13504.000,-61.000,-81106.000,-50.000,7200.000,0.000,0.000,0.000,0.000
13514.000,-61.000,-81167.000,-50.000,7200.000,0.000,0.000,0.000,0.000
13524.000,-60.000,-81227.000,-50.000,7200.000,0.000,0.000,0.000,0.000
13534.000,-61.000,-81288.000,-50.000,7200.000,0.000,0.000,0.000,0.000
13544.000,-60.000,-81348.000,-50.000,7200.000,0.000,0.000,0.000,0.000
13554.000,-61.000,-81409.000,-50.000,7200.000,0.000,0.000,0.000,0.000
13564.000,-60.000,-81469.000,-50.000,7200.000,0.000,0.000,0.000,0.000
13574.000,-62.000,-81531.000,-50.000,7200.000,0.000,0.000,0.000,0.000
13584.000,-60.000,-81591.000,-50.000,7200.000,0.000,0.000,0.000,0.000
13594.000,-60.000,-81651.000,-50.000,7200.000,0.000,0.000,0.000,0.000
13604.000,-61.000,-81712.000,-50.000,7200.000,0.000,0.000,0.000,0.000
13614.000,-61.000,-81773.000,-50.000,7200.000,0.000,0.000,0.000,0.000
13624.000,-60.000,-81833.000,-50.000,7200.000,0.000,0.000,0.000,0.000
13634.000,-60.000,-81893.000,-50.000,7200.000,0.000,0.000,0.000,0.000
13644.000,-61.000,-81954.000,-50.000,7200.000,0.000,0.000,0.000,0.000
13654.000,-61.000,-82015.000,-50.000,7200.000,0.000,0.000,0.000,0.000
13664.000,-60.000,-82075.000,-50.000,7200.000,0.000,0.000,0.000,0.000
13674.000,-61.000,-82136.000,-50.000,7200.000,0.000,0.000,0.000,0.000
13684.000,-60.000,-82196.000,-50.000,7200.000,0.000,0.000,0.000,0.000
13694.000,-61.000,-82257.000,-50.000,7200.000,0.000,0.000,0.000,0.000
13704.000,-60.000,-82317.000,-50.000,7200.000,0.000,0.000,0.000,0.000
13714.000,-60.000,-82377.000,-50.000,7200.000,0.000,0.000,0.000,0.000
13724.000,-62.000,-82439.000,-50.000,7200.000,0.000,0.000,0.000,0.000
13734.000,-60.000,-82499.000,-50.000,7200.000,0.000,0.000,0.000,0.000
13744.000,-60.000,-82559.000,-50.000,7200.000,0.000,0.000,0.000,0.000
13754.000,-61.000,-82620.000,-50.000,7200.000,0.000,0.000,0.000,0.000
13764.000,-60.000,-82680.000,-50.000,7200.000,0.000,0.000,0.000,0.000
13774.000,-60.000,-82740.000,-50.000,7200.000,0.000,0.000,0.000,0.000
13784.000,-61.000,-82801.000,-50.000,7200.000,0.000,0.000,0.000,0.000
13794.000,-60.000,-82861.000,-50.000,7200.000,0.000,0.000,0.000,0.000
13804.000,-60.000,-82921.000,-50.000,7200.000,0.000,0.000,0.000,0.000
13814.000,-61.000,-82982.000,-50.000,7200.000,0.000,0.000,0.000,0.000
13824.000,-61.000,-83043.000,-50.000,7200.000,0.000,0.000,0.000,0.000
13834.000,-60.000,-83103.000,0.000,0.000,0.000,0.000,0.000,0.000
13844.000,-61.000,-83164.000,0.000,0.000,0.000,0.000,0.000,0.000
13854.000,-60.000,-83224.000,0.000,0.000,0.000,0.000,0.000,0.000
13864.000,-61.000,-83285.000,0.000,0.000,0.000,0.000,0.000,0.000
13874.000,-60.000,-83345.000,0.000,0.000,0.000,0.000,0.000,0.000
13884.000,-60.000,-83405.000,0.000,0.000,0.000,0.000,0.000,0.000
13894.000,-61.000,-83466.000,0.000,0.000,0.000,0.000,0.000,0.000
13904.000,-61.000,-83527.000,0.000,0.000,0.000,0.000,0.000,0.000
13914.000,-60.000,-83587.000,0.000,0.000,0.000,0.000,0.000,0.000
13924.000,-60.000,-83647.000,0.000,0.000,0.000,0.000,0.000,0.000
13934.000,-61.000,-83708.000,0.000,0.000,0.000,0.000,0.000,0.000
13944.000,-60.000,-83768.000,0.000,0.000,0.000,0.000,0.000,0.000
13954.000,-61.000,-83829.000,0.000,0.000,0.000,0.000,0.000,0.000
13964.000,-60.000,-83889.000,0.000,0.000,0.000,0.000,0.000,0.000
13974.000,-60.000,-83949.000,0.000,0.000,0.000,0.000,0.000,0.000
13984.000,-62.000,-84011.000,0.000,0.000,0.000,0.000,0.000,0.000
13994.000,-60.000,-84071.000,0.000,0.000,0.000,0.000,0.000,0.000
14004.000,-61.000,-84132.000,0.000,0.000,0.000,0.000,0.000,0.000
14014.000,-60.000,-84192.000,0.000,0.000,0.000,0.000,0.000,0.000
14024.000,-61.000,-84253.000,0.000,0.000,0.000,0.000,0.000,0.000
14034.000,-60.000,-84313.000,0.000,0.000,0.000,0.000,0.000,0.000
14044.000,-61.000,-84374.000,0.000,0.000,0.000,0.000,0.000,0.000
14054.000,-61.000,-84435.000,0.000,0.000,0.000,0.000,0.000,0.000
14064.000,-60.000,-84495.000,0.000,0.000,0.000,0.000,0.000,0.000
14074.000,-60.000,-84555.000,0.000,0.000,0.000,0.000,0.000,0.000
14084.000,-61.000,-84616.000,0.000,0.000,0.000,0.000,0.000,0.000
14094.000,-60.000,-84676.000,0.000,0.000,0.000,0.000,0.000,0.000
14104.000,-60.000,-84736.000,0.000,0.000,0.000,0.000,0.000,0.000
14114.000,-61.000,-84797.000,0.000,0.000,0.000,0.000,0.000,0.000
14124.000,-60.000,-84857.000,0.000,0.000,0.000,0.000,0.000,0.000
14134.000,-61.000,-84918.000,0.000,0.000,0.000,0.000,0.000,0.000
14144.000,-61.000,-84979.000,0.000,0.000,0.000,0.000,0.000,0.000
14154.000,-60.000,-85039.000,0.000,0.000,0.000,0.000,0.000,0.000
14164.000,-61.000,-85100.000,0.000,0.000,0.000,0.000,0.000,0.000
14174.000,-60.000,-85160.000,0.000,0.000,0.000,0.000,0.000,0.000
14184.000,-61.000,-85221.000,0.000,0.000,0.000,0.000,0.000,0.000
14194.000,-60.000,-85281.000,0.000,0.000,0.000,0.000,0.000,0.000
14204.000,-60.000,-85341.000,0.000,0.000,0.000,0.000,0.000,0.000
14214.000,-61.000,-85402.000,0.000,0.000,0.000,0.000,0.000,0.000
14224.000,-61.000,-85463.000,0.000,0.000,0.000,0.000,0.000,0.000
14234.000,-60.000,-85523.000,0.000,0.000,0.000,0.000,0.000,0.000
14244.000,-60.000,-85583.000,0.000,0.000,0.000,0.000,0.000,0.000
14254.000,-61.000,-85644.000,0.000,0.000,0.000,0.000,0.000,0.000
14264.000,-60.000,-85704.000,0.000,0.000,0.000,0.000,0.000,0.000
14274.000,-61.000,-85765.000,0.000,0.000,0.000,0.000,0.000,0.000
14284.000,-60.000,-85825.000,0.000,0.000,0.000,0.000,0.000,0.000
14294.000,-61.000,-85886.000,0.000,0.000,0.000,0.000,0.000,0.000
14304.000,-61.000,-85947.000,0.000,0.000,0.000,0.000,0.000,0.000
14314.000,-60.000,-86007.000,0.000,0.000,0.000,0.000,0.000,0.000
14324.000,-61.000,-86068.000,0.000,0.000,0.000,0.000,0.000,0.000
14334.000,-60.000,-86128.000,0.000,0.000,0.000,0.000,0.000,0.000
14344.000,-61.000,-86189.000,0.000,0.000,0.000,0.000,0.000,0.000
14354.000,-60.000,-86249.000,0.000,0.000,0.000,0.000,0.000,0.000
14364.000,-60.000,-86309.000,0.000,0.000,0.000,0.000,0.000,0.000
14374.000,-62.000,-86371.000,0.000,0.000,0.000,0.000,0.000,0.000
14384.000,-60.000,-86431.000,0.000,0.000,0.000,0.000,0.000,0.000
14394.000,-61.000,-86492.000,0.000,0.000,0.000,0.000,0.000,0.000
14404.000,-60.000,-86552.000,0.000,0.000,0.000,0.000,0.000,0.000
14414.000,-61.000,-86613.000,0.000,0.000,0.000,0.000,0.000,0.000
14424.000,-60.000,-86673.000,0.000,0.000,0.000,0.000,0.000,0.000
14434.000,-60.000,-86733.000,0.000,0.000,0.000,0.000,0.000,0.000
14444.000,-62.000,-86795.000,0.000,0.000,0.000,0.000,0.000,0.000
14454.000,-60.000,-86855.000,0.000,0.000,0.000,0.000,0.000,0.000
14464.000,-61.000,-86916.000,0.000,0.000,0.000,0.000,0.000,0.000
14474.000,-60.000,-86976.000,0.000,0.000,0.000,0.000,0.000,0.000
14484.000,-61.000,-87037.000,0.000,0.000,0.000,0.000,0.000,0.000
14494.000,-60.000,-87097.000,0.000,0.000,0.000,0.000,0.000,0.000
14504.000,-61.000,-87158.000,0.000,0.000,0.000,0.000,0.000,0.000
14514.000,-60.000,-87218.000,0.000,0.000,0.000,0.000,0.000,0.000
14524.000,-61.000,-87279.000,0.000,0.000,0.000,0.000,0.000,0.000
14534.000,-60.000,-87339.000,0.000,0.000,0.000,0.000,0.000,0.000
14544.000,-61.000,-87400.000,0.000,0.000,0.000,0.000,0.000,0.000
14554.000,-60.000,-87460.000,0.000,0.000,0.000,0.000,0.000,0.000
14564.000,-61.000,-87521.000,0.000,0.000,0.000,0.000,0.000,0.000
14574.000,-60.000,-87581.000,0.000,0.000,0.000,0.000,0.000,0.000
14584.000,-61.000,-87642.000,0.000,0.000,0.000,0.000,0.000,0.000
14594.000,-61.000,-87703.000,0.000,0.000,0.000,0.000,0.000,0.000
14604.000,-60.000,-87763.000,0.000,0.000,0.000,0.000,0.000,0.000
14614.000,-61.000,-87824.000,0.000,0.000,0.000,0.000,0.000,0.000
14624.000,-60.000,-87884.000,0.000,0.000,0.000,0.000,0.000,0.000
14634.000,-60.000,-87944.000,0.000,0.000,0.000,0.000,0.000,0.000
14644.000,-61.000,-88005.000,0.000,0.000,0.000,0.000,0.000,0.000
14654.000,-60.000,-88065.000,0.000,0.000,0.000,0.000,0.000,0.000
14664.000,-60.000,-88125.000,0.000,0.000,0.000,0.000,0.000,0.000
14674.000,-62.000,-88187.000,0.000,0.000,0.000,0.000,0.000,0.000
14684.000,-60.000,-88247.000,0.000,0.000,0.000,0.000,0.000,0.000
14694.000,-60.000,-88307.000,0.000,0.000,0.000,0.000,0.000,0.000
14704.000,-61.000,-88368.000,0.000,0.000,0.000,0.000,0.000,0.000
14714.000,-60.000,-88428.000,0.000,0.000,0.000,0.000,0.000,0.000
14724.000,-61.000,-88489.000,0.000,0.000,0.000,0.000,0.000,0.000
14734.000,-60.000,-88549.000,0.000,0.000,0.000,0.000,0.000,0.000
14744.000,-61.000,-88610.000,0.000,0.000,0.000,0.000,0.000,0.000
14754.000,-61.000,-88671.000,0.000,0.000,0.000,0.000,0.000,0.000
14764.000,-61.000,-88732.000,0.000,0.000,0.000,0.000,0.000,0.000
14774.000,-60.000,-88792.000,0.000,0.000,0.000,0.000,0.000,0.000
14784.000,-61.000,-88853.000,0.000,0.000,0.000,0.000,0.000,0.000
14794.000,-60.000,-88913.000,0.000,0.000,0.000,0.000,0.000,0.000
14804.000,-61.000,-88974.000,0.000,0.000,0.000,0.000,0.000,0.000
14814.000,-61.000,-89035.000,0.000,0.000,0.000,0.000,0.000,0.000
14824.000,-60.000,-89095.000,0.000,0.000,0.000,0.000,0.000,0.000
14834.000,-61.000,-89156.000,0.000,0.000,0.000,0.000,0.000,0.000
14844.000,-60.000,-89216.000,0.000,0.000,0.000,0.000,0.000,0.000
14854.000,-61.000,-89277.000,0.000,0.000,0.000,0.000,0.000,0.000
14864.000,-60.000,-89337.000,0.000,0.000,0.000,0.000,0.000,0.000
14874.000,-60.000,-89397.000,0.000,0.000,0.000,0.000,0.000,0.000
14884.000,-62.000,-89459.000,0.000,0.000,0.000,0.000,0.000,0.000
14894.000,-60.000,-89519.000,0.000,0.000,0.000,0.000,0.000,0.000
14904.000,-61.000,-89580.000,0.000,0.000,0.000,0.000,0.000,0.000
14914.000,-60.000,-89640.000,0.000,0.000,0.000,0.000,0.000,0.000
14924.000,-61.000,-89701.000,0.000,0.000,0.000,0.000,0.000,0.000
14934.000,-60.000,-89761.000,0.000,0.000,0.000,0.000,0.000,0.000
14944.000,-60.000,-89821.000,0.000,0.000,0.000,0.000,0.000,0.000
14954.000,-61.000,-89882.000,0.000,0.000,0.000,0.000,0.000,0.000
14964.000,-61.000,-89943.000,0.000,0.000,0.000,0.000,0.000,0.000
14974.000,-60.000,-90003.000,0.000,0.000,0.000,0.000,0.000,0.000
14984.000,-60.000,-90063.000,0.000,0.000,0.000,0.000,0.000,0.000
14994.000,-61.000,-90124.000,0.000,0.000,0.000,0.000,0.000,0.000
15004.000,-60.000,-90184.000,0.000,0.000,0.000,0.000,0.000,0.000
15014.000,-61.000,-90245.000,0.000,0.000,0.000,0.000,0.000,0.000
15024.000,-60.000,-90305.000,0.000,0.000,0.000,0.000,0.000,0.000
15034.000,-60.000,-90365.000,0.000,0.000,0.000,0.000,0.000,0.000
15044.000,-61.000,-90426.000,0.000,0.000,0.000,0.000,0.000,0.000
15054.000,-61.000,-90487.000,0.000,0.000,0.000,0.000,0.000,0.000
15064.000,-60.000,-90547.000,0.000,0.000,0.000,0.000,0.000,0.000
15074.000,-61.000,-90608.000,0.000,0.000,0.000,0.000,0.000,0.000
15084.000,-60.000,-90668.000,0.000,0.000,0.000,0.000,0.000,0.000
15094.000,-60.000,-90728.000,0.000,0.000,0.000,0.000,0.000,0.000
15104.000,-61.000,-90789.000,0.000,0.000,0.000,0.000,0.000,0.000
15114.000,-60.000,-90849.000,0.000,0.000,0.000,0.000,0.000,0.000
15124.000,-61.000,-90910.000,0.000,0.000,0.000,0.000,0.000,0.000
15134.000,-61.000,-90971.000,0.000,0.000,0.000,0.000,0.000,0.000
15144.000,-60.000,-91031.000,0.000,0.000,0.000,0.000,0.000,0.000
15154.000,-61.000,-91092.000,0.000,0.000,0.000,0.000,0.000,0.000
15164.000,-61.000,-91153.000,0.000,0.000,0.000,0.000,0.000,0.000
15174.000,-60.000,-91213.000,0.000,0.000,0.000,0.000,0.000,0.000
15184.000,-60.000,-91273.000,0.000,0.000,0.000,0.000,0.000,0.000
15194.000,-62.000,-91335.000,0.000,0.000,0.000,0.000,0.000,0.000
15204.000,-60.000,-91395.000,0.000,0.000,0.000,0.000,0.000,0.000
15214.000,-61.000,-91456.000,0.000,0.000,0.000,0.000,0.000,0.000
15224.000,-60.000,-91516.000,0.000,0.000,0.000,0.000,0.000,0.000
15234.000,-61.000,-91577.000,0.000,0.000,0.000,0.000,0.000,0.000
15244.000,-60.000,-91637.000,0.000,0.000,0.000,0.000,0.000,0.000
15254.000,-60.000,-91697.000,0.000,0.000,0.000,0.000,0.000,0.000
15264.000,-61.000,-91758.000,0.000,0.000,0.000,0.000,0.000,0.000
15274.000,-61.000,-91819.000,0.000,0.000,0.000,0.000,0.000,0.000
15284.000,-60.000,-91879.000,0.000,0.000,0.000,0.000,0.000,0.000
15294.000,-61.000,-91940.000,0.000,0.000,0.000,0.000,0.000,0.000
15304.000,-60.000,-92000.000,0.000,0.000,0.000,0.000,0.000,0.000
15314.000,-60.000,-92060.000,0.000,0.000,0.000,0.000,0.000,0.000
15324.000,-61.000,-92121.000,0.000,0.000,0.000,0.000,0.000,0.000
15334.000,-60.000,-92181.000,0.000,0.000,0.000,0.000,0.000,0.000
15344.000,-61.000,-92242.000,0.000,0.000,0.000,0.000,0.000,0.000
15354.000,-61.000,-92303.000,0.000,0.000,0.000,0.000,0.000,0.000
15364.000,-60.000,-92363.000,0.000,0.000,0.000,0.000,0.000,0.000
15374.000,-60.000,-92423.000,0.000,0.000,0.000,0.000,0.000,0.000
15384.000,-61.000,-92484.000,0.000,0.000,0.000,0.000,0.000,0.000
15394.000,-60.000,-92544.000,0.000,0.000,0.000,0.000,0.000,0.000
15404.000,-60.000,-92604.000,0.000,0.000,0.000,0.000,0.000,0.000
15414.000,-61.000,-92665.000,0.000,0.000,0.000,0.000,0.000,0.000
15424.000,-60.000,-92725.000,0.000,0.000,0.000,0.000,0.000,0.000
15434.000,-60.000,-92785.000,0.000,0.000,0.000,0.000,0.000,0.000
15444.000,-61.000,-92846.000,0.000,0.000,0.000,0.000,0.000,0.000
15454.000,-61.000,-92907.000,0.000,0.000,0.000,0.000,0.000,0.000
15464.000,-60.000,-92967.000,0.000,0.000,0.000,0.000,0.000,0.000
15474.000,-61.000,-93028.000,0.000,0.000,0.000,0.000,0.000,0.000
15484.000,-60.000,-93088.000,0.000,0.000,0.000,0.000,0.000,0.000
15494.000,-61.000,-93149.000,0.000,0.000,0.000,0.000,0.000,0.000
15504.000,-60.000,-93209.000,0.000,0.000,0.000,0.000,0.000,0.000
15514.000,-60.000,-93269.000,0.000,0.000,0.000,0.000,0.000,0.000
15524.000,-62.000,-93331.000,0.000,0.000,0.000,0.000,0.000,0.000
15534.000,-60.000,-93391.000,0.000,0.000,0.000,0.000,0.000,0.000
15544.000,-61.000,-93452.000,0.000,0.000,0.000,0.000,0.000,0.000
15554.000,-60.000,-93512.000,0.000,0.000,0.000,0.000,0.000,0.000
15564.000,-60.000,-93572.000,0.000,0.000,0.000,0.000,0.000,0.000
15574.000,-61.000,-93633.000,0.000,0.000,0.000,0.000,0.000,0.000
15584.000,-60.000,-93693.000,0.000,0.000,0.000,0.000,0.000,0.000
15594.000,-61.000,-93754.000,0.000,0.000,0.000,0.000,0.000,0.000
15604.000,-61.000,-93815.000,0.000,0.000,0.000,0.000,0.000,0.000
15614.000,-60.000,-93875.000,0.000,0.000,0.000,0.000,0.000,0.000
15624.000,-61.000,-93936.000,0.000,0.000,0.000,0.000,0.000,0.000
15634.000,-60.000,-93996.000,0.000,0.000,0.000,0.000,0.000,0.000
15644.000,-61.000,-94057.000,0.000,0.000,0.000,0.000,0.000,0.000
15654.000,-60.000,-94117.000,0.000,0.000,0.000,0.000,0.000,0.000
15664.000,-60.000,-94177.000,0.000,0.000,0.000,0.000,0.000,0.000
15674.000,-61.000,-94238.000,0.000,0.000,0.000,0.000,0.000,0.000
15684.000,-61.000,-94299.000,0.000,0.000,0.000,0.000,0.000,0.000
15694.000,-60.000,-94359.000,0.000,0.000,0.000,0.000,0.000,0.000
15704.000,-61.000,-94420.000,0.000,0.000,0.000,0.000,0.000,0.000
15714.000,-60.000,-94480.000,0.000,0.000,0.000,0.000,0.000,0.000
15724.000,-61.000,-94541.000,0.000,0.000,0.000,0.000,0.000,0.000
15734.000,-60.000,-94601.000,0.000,0.000,0.000,0.000,0.000,0.000
15744.000,-60.000,-94661.000,0.000,0.000,0.000,0.000,0.000,0.000
15754.000,-61.000,-94722.000,0.000,0.000,0.000,0.000,0.000,0.000
15764.000,-60.000,-94782.000,0.000,0.000,0.000,0.000,0.000,0.000
15774.000,-61.000,-94843.000,0.000,0.000,0.000,0.000,0.000,0.000
15784.000,-60.000,-94903.000,0.000,0.000,0.000,0.000,0.000,0.000
15794.000,-61.000,-94964.000,0.000,0.000,0.000,0.000,0.000,0.000
15804.000,-60.000,-95024.000,0.000,0.000,0.000,0.000,0.000,0.000
15814.000,-60.000,-95084.000,0.000,0.000,0.000,0.000,0.000,0.000
15824.000,-60.000,-95144.000,0.000,0.000,0.000,0.000,0.000,0.000
15834.000,-61.000,-95205.000,0.000,0.000,0.000,0.000,0.000,0.000
15844.000,-60.000,-95265.000,0.000,0.000,0.000,0.000,0.000,0.000
15854.000,-60.000,-95325.000,0.000,0.000,0.000,0.000,0.000,0.000
15864.000,-61.000,-95386.000,0.000,0.000,0.000,0.000,0.000,0.000
15874.000,-61.000,-95447.000,0.000,0.000,0.000,0.000,0.000,0.000
15884.000,-60.000,-95507.000,0.000,0.000,0.000,0.000,0.000,0.000
15894.000,-60.000,-95567.000,0.000,0.000,0.000,0.000,0.000,0.000
15904.000,-61.000,-95628.000,0.000,0.000,0.000,0.000,0.000,0.000
15914.000,-60.000,-95688.000,0.000,0.000,0.000,0.000,0.000,0.000
15924.000,-61.000,-95749.000,0.000,0.000,0.000,0.000,0.000,0.000
15934.000,-60.000,-95809.000,0.000,0.000,0.000,0.000,0.000,0.000
15944.000,-61.000,-95870.000,0.000,0.000,0.000,0.000,0.000,0.000
15954.000,-61.000,-95931.000,0.000,0.000,0.000,0.000,0.000,0.000
15964.000,-60.000,-95991.000,0.000,0.000,0.000,0.000,0.000,0.000
15974.000,-60.000,-96051.000,0.000,0.000,0.000,0.000,0.000,0.000
15984.000,-61.000,-96112.000,0.000,0.000,0.000,0.000,0.000,0.000
15994.000,-60.000,-96172.000,0.000,0.000,0.000,0.000,0.000,0.000
16004.000,-60.000,-96232.000,0.000,0.000,0.000,0.000,0.000,0.000
16014.000,-61.000,-96293.000,0.000,0.000,0.000,0.000,0.000,0.000
16024.000,-60.000,-96353.000,0.000,0.000,0.000,0.000,0.000,0.000
16034.000,-60.000,-96413.000,0.000,0.000,0.000,0.000,0.000,0.000
16044.000,-61.000,-96474.000,0.000,0.000,0.000,0.000,0.000,0.000
16054.000,-61.000,-96535.000,0.000,0.000,0.000,0.000,0.000,0.000
16064.000,-60.000,-96595.000,0.000,0.000,0.000,0.000,0.000,0.000
16074.000,-61.000,-96656.000,0.000,0.000,0.000,0.000,0.000,0.000
16084.000,-60.000,-96716.000,0.000,0.000,0.000,0.000,0.000,0.000
16094.000,-60.000,-96776.000,0.000,0.000,0.000,0.000,0.000,0.000
16104.000,-61.000,-96837.000,0.000,0.000,0.000,0.000,0.000,0.000
16114.000,-60.000,-96897.000,0.000,0.000,0.000,0.000,0.000,0.000
16124.000,-60.000,-96957.000,0.000,0.000,0.000,0.000,0.000,0.000
16134.000,-61.000,-97018.000,0.000,0.000,0.000,0.000,0.000,0.000
16144.000,-61.000,-97079.000,0.000,0.000,0.000,0.000,0.000,0.000
16154.000,-60.000,-97139.000,0.000,0.000,0.000,0.000,0.000,0.000
16164.000,-60.000,-97199.000,0.000,0.000,0.000,0.000,0.000,0.000
16174.000,-61.000,-97260.000,0.000,0.000,0.000,0.000,0.000,0.000
16184.000,-60.000,-97320.000,0.000,0.000,0.000,0.000,0.000,0.000
16194.000,-60.000,-97380.000,0.000,0.000,0.000,0.000,0.000,0.000
16204.000,-61.000,-97441.000,0.000,0.000,0.000,0.000,0.000,0.000
16214.000,-60.000,-97501.000,0.000,0.000,0.000,0.000,0.000,0.000
16224.000,-60.000,-97561.000,0.000,0.000,0.000,0.000,0.000,0.000
16234.000,-61.000,-97622.000,0.000,0.000,0.000,0.000,0.000,0.000
16244.000,-61.000,-97683.000,0.000,0.000,0.000,0.000,0.000,0.000
16254.000,-60.000,-97743.000,0.000,0.000,0.000,0.000,0.000,0.000
16264.000,-61.000,-97804.000,0.000,0.000,0.000,0.000,0.000,0.000
16274.000,-60.000,-97864.000,0.000,0.000,0.000,0.000,0.000,0.000
16284.000,-61.000,-97925.000,0.000,0.000,0.000,0.000,0.000,0.000
16294.000,-60.000,-97985.000,0.000,0.000,0.000,0.000,0.000,0.000
16304.000,-60.000,-98045.000,0.000,0.000,0.000,0.000,0.000,0.000
16314.000,-61.000,-98106.000,0.000,0.000,0.000,0.000,0.000,0.000
16324.000,-61.000,-98167.000,0.000,0.000,0.000,0.000,0.000,0.000
16334.000,-60.000,-98227.000,0.000,0.000,0.000,0.000,0.000,0.000
16344.000,-60.000,-98287.000,0.000,0.000,0.000,0.000,0.000,0.000
16354.000,-61.000,-98348.000,0.000,0.000,0.000,0.000,0.000,0.000
16364.000,-60.000,-98408.000,0.000,0.000,0.000,0.000,0.000,0.000
16374.000,-61.000,-98469.000,0.000,0.000,0.000,0.000,0.000,0.000
16384.000,-60.000,-98529.000,0.000,0.000,0.000,0.000,0.000,0.000
16394.000,-60.000,-98589.000,0.000,0.000,0.000,0.000,0.000,0.000
16404.000,-61.000,-98650.000,0.000,0.000,0.000,0.000,0.000,0.000
16414.000,-61.000,-98711.000,0.000,0.000,0.000,0.000,0.000,0.000
16424.000,-60.000,-98771.000,0.000,0.000,0.000,0.000,0.000,0.000
16434.000,-60.000,-98831.000,0.000,0.000,0.000,0.000,0.000,0.000
16444.000,-61.000,-98892.000,0.000,0.000,0.000,0.000,0.000,0.000
16454.000,-60.000,-98952.000,0.000,0.000,0.000,0.000,0.000,0.000
16464.000,-61.000,-99013.000,0.000,0.000,0.000,0.000,0.000,0.000
16474.000,-60.000,-99073.000,0.000,0.000,0.000,0.000,0.000,0.000
16484.000,-60.000,-99133.000,0.000,0.000,0.000,0.000,0.000,0.000
16494.000,-61.000,-99194.000,0.000,0.000,0.000,0.000,0.000,0.000
16504.000,-61.000,-99255.000,0.000,0.000,0.000,0.000,0.000,0.000
16514.000,-60.000,-99315.000,0.000,0.000,0.000,0.000,0.000,0.000
16524.000,-61.000,-99376.000,0.000,0.000,0.000,0.000,0.000,0.000
16534.000,-60.000,-99436.000,0.000,0.000,0.000,0.000,0.000,0.000
16544.000,-60.000,-99496.000,0.000,0.000,0.000,0.000,0.000,0.000
16554.000,-61.000,-99557.000,0.000,0.000,0.000,0.000,0.000,0.000
16564.000,-60.000,-99617.000,0.000,0.000,0.000,0.000,0.000,0.000
16574.000,-60.000,-99677.000,0.000,0.000,0.000,0.000,0.000,0.000
16584.000,-61.000,-99738.000,0.000,0.000,0.000,0.000,0.000,0.000
16594.000,-61.000,-99799.000,0.000,0.000,0.000,0.000,0.000,0.000
16604.000,-60.000,-99859.000,0.000,0.000,0.000,0.000,0.000,0.000
16614.000,-60.000,-99919.000,0.000,0.000,0.000,0.000,0.000,0.000
16624.000,-61.000,-99980.000,0.000,0.000,0.000,0.000,0.000,0.000
16634.000,-60.000,-100040.000,0.000,0.000,0.000,0.000,0.000,0.000
16644.000,-61.000,-100101.000,0.000,0.000,0.000,0.000,0.000,0.000
16654.000,-60.000,-100161.000,0.000,0.000,0.000,0.000,0.000,0.000
16664.000,-60.000,-100221.000,0.000,0.000,0.000,0.000,0.000,0.000
16674.000,-61.000,-100282.000,0.000,0.000,0.000,0.000,0.000,0.000
16684.000,-61.000,-100343.000,0.000,0.000,0.000,0.000,0.000,0.000
16694.000,-60.000,-100403.000,0.000,0.000,0.000,0.000,0.000,0.000
16704.000,-61.000,-100464.000,0.000,0.000,0.000,0.000,0.000,0.000
16714.000,-60.000,-100524.000,0.000,0.000,0.000,0.000,0.000,0.000
16724.000,-61.000,-100585.000,0.000,0.000,0.000,0.000,0.000,0.000
16734.000,-60.000,-100645.000,0.000,0.000,0.000,0.000,0.000,0.000
16744.000,-60.000,-100705.000,0.000,0.000,0.000,0.000,0.000,0.000
16754.000,-61.000,-100766.000,0.000,0.000,0.000,0.000,0.000,0.000
16764.000,-61.000,-100827.000,0.000,0.000,0.000,0.000,0.000,0.000
16774.000,-60.000,-100887.000,0.000,0.000,0.000,0.000,0.000,0.000
16784.000,-60.000,-100947.000,0.000,0.000,0.000,0.000,0.000,0.000
16794.000,-61.000,-101008.000,0.000,0.000,0.000,0.000,0.000,0.000
16804.000,-61.000,-101069.000,0.000,0.000,0.000,0.000,0.000,0.000
16814.000,-60.000,-101129.000,0.000,0.000,0.000,0.000,0.000,0.000
16824.000,-60.000,-101189.000,0.000,0.000,0.000,0.000,0.000,0.000
16834.000,-61.000,-101250.000,0.000,0.000,0.000,0.000,0.000,0.000
16844.000,-61.000,-101311.000,0.000,0.000,0.000,0.000,0.000,0.000
16854.000,-60.000,-101371.000,0.000,0.000,0.000,0.000,0.000,0.000
16864.000,-60.000,-101431.000,0.000,0.000,0.000,0.000,0.000,0.000
16874.000,-61.000,-101492.000,0.000,0.000,0.000,0.000,0.000,0.000
16884.000,-60.000,-101552.000,0.000,0.000,0.000,0.000,0.000,0.000
16894.000,-60.000,-101612.000,0.000,0.000,0.000,0.000,0.000,0.000
16904.000,-60.000,-101672.000,0.000,0.000,0.000,0.000,0.000,0.000
16914.000,-61.000,-101733.000,0.000,0.000,0.000,0.000,0.000,0.000
16924.000,-60.000,-101793.000,0.000,0.000,0.000,0.000,0.000,0.000
16934.000,-60.000,-101853.000,0.000,0.000,0.000,0.000,0.000,0.000
16944.000,-62.000,-101915.000,0.000,0.000,0.000,0.000,0.000,0.000
16954.000,-60.000,-101975.000,0.000,0.000,0.000,0.000,0.000,0.000
16964.000,-60.000,-102035.000,0.000,0.000,0.000,0.000,0.000,0.000
16974.000,-61.000,-102096.000,0.000,0.000,0.000,0.000,0.000,0.000
16984.000,-60.000,-102156.000,0.000,0.000,0.000,0.000,0.000,0.000
16994.000,-60.000,-102216.000,0.000,0.000,0.000,0.000,0.000,0.000
17004.000,-61.000,-102277.000,0.000,0.000,0.000,0.000,0.000,0.000
17014.000,-60.000,-102337.000,0.000,0.000,0.000,0.000,0.000,0.000
17024.000,-60.000,-102397.000,0.000,0.000,0.000,0.000,0.000,0.000
17034.000,-61.000,-102458.000,0.000,0.000,0.000,0.000,0.000,0.000
17044.000,-61.000,-102519.000,0.000,0.000,0.000,0.000,0.000,0.000
17054.000,-60.000,-102579.000,0.000,0.000,0.000,0.000,0.000,0.000
17064.000,-60.000,-102639.000,0.000,0.000,0.000,0.000,0.000,0.000
17074.000,-61.000,-102700.000,0.000,0.000,0.000,0.000,0.000,0.000
17084.000,-60.000,-102760.000,0.000,0.000,0.000,0.000,0.000,0.000
17094.000,-61.000,-102821.000,0.000,0.000,0.000,0.000,0.000,0.000
17104.000,-60.000,-102881.000,0.000,0.000,0.000,0.000,0.000,0.000
17114.000,-60.000,-102941.000,0.000,0.000,0.000,0.000,0.000,0.000
17124.000,-61.000,-103002.000,0.000,0.000,0.000,0.000,0.000,0.000
17134.000,-61.000,-103063.000,0.000,0.000,0.000,0.000,0.000,0.000
17144.000,-61.000,-103124.000,0.000,0.000,0.000,0.000,0.000,0.000
17154.000,-60.000,-103184.000,0.000,0.000,0.000,0.000,0.000,0.000
17164.000,-60.000,-103244.000,0.000,0.000,0.000,0.000,0.000,0.000
17174.000,-61.000,-103305.000,0.000,0.000,0.000,0.000,0.000,0.000
17184.000,-60.000,-103365.000,0.000,0.000,0.000,0.000,0.000,0.000
17194.000,-60.000,-103425.000,0.000,0.000,0.000,0.000,0.000,0.000
17204.000,-61.000,-103486.000,0.000,0.000,0.000,0.000,0.000,0.000
17214.000,-61.000,-103547.000,0.000,0.000,0.000,0.000,0.000,0.000
17224.000,-60.000,-103607.000,0.000,0.000,0.000,0.000,0.000,0.000
17234.000,-61.000,-103668.000,0.000,0.000,0.000,0.000,0.000,0.000
17244.000,-60.000,-103728.000,0.000,0.000,0.000,0.000,0.000,0.000
17254.000,-61.000,-103789.000,0.000,0.000,0.000,0.000,0.000,0.000
17264.000,-60.000,-103849.000,0.000,0.000,0.000,0.000,0.000,0.000
17274.000,-60.000,-103909.000,0.000,0.000,0.000,0.000,0.000,0.000
17284.000,-60.000,-103969.000,0.000,0.000,0.000,0.000,0.000,0.000
17294.000,-62.000,-104031.000,0.000,0.000,0.000,0.000,0.000,0.000
17304.000,-60.000,-104091.000,0.000,0.000,0.000,0.000,0.000,0.000
17314.000,-60.000,-104151.000,0.000,0.000,0.000,0.000,0.000,0.000
17324.000,-60.000,-104211.000,0.000,0.000,0.000,0.000,0.000,0.000
17334.000,-61.000,-104272.000,0.000,0.000,0.000,0.000,0.000,0.000
17344.000,-60.000,-104332.000,0.000,0.000,0.000,0.000,0.000,0.000
17354.000,-60.000,-104392.000,0.000,0.000,0.000,0.000,0.000,0.000
17364.000,-61.000,-104453.000,0.000,0.000,0.000,0.000,0.000,0.000
17374.000,-60.000,-104513.000,0.000,0.000,0.000,0.000,0.000,0.000
17384.000,-60.000,-104573.000,0.000,0.000,0.000,0.000,0.000,0.000
17394.000,-60.000,-104633.000,0.000,0.000,0.000,0.000,0.000,0.000
17404.000,-60.000,-104693.000,0.000,0.000,0.000,0.000,0.000,0.000
17414.000,-62.000,-104755.000,0.000,0.000,0.000,0.000,0.000,0.000
17424.000,-60.000,-104815.000,0.000,0.000,0.000,0.000,0.000,0.000
17434.000,-60.000,-104875.000,0.000,0.000,0.000,0.000,0.000,0.000
17444.000,-61.000,-104936.000,0.000,0.000,0.000,0.000,0.000,0.000
17454.000,-60.000,-104996.000,0.000,0.000,0.000,0.000,0.000,0.000
17464.000,-60.000,-105056.000,0.000,0.000,0.000,0.000,0.000,0.000
17474.000,-61.000,-105117.000,0.000,0.000,0.000,0.000,0.000,0.000
17484.000,-60.000,-105177.000,0.000,0.000,0.000,0.000,0.000,0.000
17494.000,-60.000,-105237.000,0.000,0.000,0.000,0.000,0.000,0.000
17504.000,-60.000,-105297.000,0.000,0.000,0.000,0.000,0.000,0.000
17514.000,-60.000,-105357.000,0.000,0.000,0.000,0.000,0.000,0.000
17524.000,-62.000,-105419.000,0.000,0.000,0.000,0.000,0.000,0.000
17534.000,-60.000,-105479.000,0.000,0.000,0.000,0.000,0.000,0.000
17544.000,-60.000,-105539.000,0.000,0.000,0.000,0.000,0.000,0.000
17554.000,-61.000,-105600.000,0.000,0.000,0.000,0.000,0.000,0.000
17564.000,-60.000,-105660.000,0.000,0.000,0.000,0.000,0.000,0.000
17574.000,-61.000,-105721.000,0.000,0.000,0.000,0.000,0.000,0.000
17584.000,-60.000,-105781.000,0.000,0.000,0.000,0.000,0.000,0.000
17594.000,-60.000,-105841.000,0.000,0.000,0.000,0.000,0.000,0.000
17604.000,-61.000,-105902.000,0.000,0.000,0.000,0.000,0.000,0.000
17614.000,-61.000,-105963.000,0.000,0.000,0.000,0.000,0.000,0.000
17624.000,-60.000,-106023.000,0.000,0.000,0.000,0.000,0.000,0.000
17634.000,-60.000,-106083.000,0.000,0.000,0.000,0.000,0.000,0.000
17644.000,-61.000,-106144.000,0.000,0.000,0.000,0.000,0.000,0.000
17654.000,-60.000,-106204.000,0.000,0.000,0.000,0.000,0.000,0.000
17664.000,-61.000,-106265.000,0.000,0.000,0.000,0.000,0.000,0.000
17674.000,-60.000,-106325.000,0.000,0.000,0.000,0.000,0.000,0.000
17684.000,-60.000,-106385.000,0.000,0.000,0.000,0.000,0.000,0.000
17694.000,-61.000,-106446.000,0.000,0.000,0.000,0.000,0.000,0.000
17704.000,-61.000,-106507.000,0.000,0.000,0.000,0.000,0.000,0.000
17714.000,-60.000,-106567.000,0.000,0.000,0.000,0.000,0.000,0.000
17724.000,-60.000,-106627.000,0.000,0.000,0.000,0.000,0.000,0.000
17734.000,-61.000,-106688.000,0.000,0.000,0.000,0.000,0.000,0.000
17744.000,-60.000,-106748.000,0.000,0.000,0.000,0.000,0.000,0.000
17754.000,-60.000,-106808.000,0.000,0.000,0.000,0.000,0.000,0.000
17764.000,-61.000,-106869.000,0.000,0.000,0.000,0.000,0.000,0.000
17774.000,-60.000,-106929.000,0.000,0.000,0.000,0.000,0.000,0.000
17784.000,-60.000,-106989.000,0.000,0.000,0.000,0.000,0.000,0.000
17794.000,-61.000,-107050.000,0.000,0.000,0.000,0.000,0.000,0.000
17804.000,-61.000,-107111.000,0.000,0.000,0.000,0.000,0.000,0.000
17814.000,-60.000,-107171.000,0.000,0.000,0.000,0.000,0.000,0.000
17824.000,-60.000,-107231.000,0.000,0.000,0.000,0.000,0.000,0.000
17834.000,-61.000,-107292.000,0.000,0.000,0.000,0.000,0.000,0.000
17844.000,-60.000,-107352.000,0.000,0.000,0.000,0.000,0.000,0.000
17854.000,-60.000,-107412.000,0.000,0.000,0.000,0.000,0.000,0.000
17864.000,-61.000,-107473.000,0.000,0.000,0.000,0.000,0.000,0.000
17874.000,-60.000,-107533.000,0.000,0.000,0.000,0.000,0.000,0.000
17884.000,-60.000,-107593.000,0.000,0.000,0.000,0.000,0.000,0.000
17894.000,-61.000,-107654.000,0.000,0.000,0.000,0.000,0.000,0.000
17904.000,-61.000,-107715.000,0.000,0.000,0.000,0.000,0.000,0.000
17914.000,-60.000,-107775.000,0.000,0.000,0.000,0.000,0.000,0.000
17924.000,-60.000,-107835.000,0.000,0.000,0.000,0.000,0.000,0.000
17934.000,-60.000,-107895.000,0.000,0.000,0.000,0.000,0.000,0.000
17944.000,-61.000,-107956.000,0.000,0.000,0.000,0.000,0.000,0.000
17954.000,-60.000,-108016.000,0.000,0.000,0.000,0.000,0.000,0.000
17964.000,-61.000,-108077.000,0.000,0.000,0.000,0.000,0.000,0.000
17974.000,-60.000,-108137.000,0.000,0.000,0.000,0.000,0.000,0.000
17984.000,-60.000,-108197.000,0.000,0.000,0.000,0.000,0.000,0.000
17994.000,-62.000,-108259.000,0.000,0.000,0.000,0.000,0.000,0.000
18004.000,-60.000,-108319.000,0.000,0.000,0.000,0.000,0.000,0.000
18014.000,-60.000,-108379.000,0.000,0.000,0.000,0.000,0.000,0.000
18024.000,-61.000,-108440.000,0.000,0.000,0.000,0.000,0.000,0.000
18034.000,-60.000,-108500.000,0.000,0.000,0.000,0.000,0.000,0.000
18044.000,-61.000,-108561.000,0.000,0.000,0.000,0.000,0.000,0.000
18054.000,-60.000,-108621.000,0.000,0.000,0.000,0.000,0.000,0.000
18064.000,-60.000,-108681.000,0.000,0.000,0.000,0.000,0.000,0.000
18074.000,-60.000,-108741.000,0.000,0.000,0.000,0.000,0.000,0.000
18084.000,-61.000,-108802.000,0.000,0.000,0.000,0.000,0.000,0.000
18094.000,-61.000,-108863.000,0.000,0.000,0.000,0.000,0.000,0.000
18104.000,-60.000,-108923.000,0.000,0.000,0.000,0.000,0.000,0.000
18114.000,-60.000,-108983.000,0.000,0.000,0.000,0.000,0.000,0.000
18124.000,-61.000,-109044.000,0.000,0.000,0.000,0.000,0.000,0.000
18134.000,-60.000,-109104.000,0.000,0.000,0.000,0.000,0.000,0.000
18144.000,-60.000,-109164.000,0.000,0.000,0.000,0.000,0.000,0.000
18154.000,-61.000,-109225.000,0.000,0.000,0.000,0.000,0.000,0.000
18164.000,-60.000,-109285.000,0.000,0.000,0.000,0.000,0.000,0.000
18174.000,-60.000,-109345.000,0.000,0.000,0.000,0.000,0.000,0.000
18184.000,-61.000,-109406.000,0.000,0.000,0.000,0.000,0.000,0.000
18194.000,-61.000,-109467.000,0.000,0.000,0.000,0.000,0.000,0.000
18204.000,-60.000,-109527.000,0.000,0.000,0.000,0.000,0.000,0.000
18214.000,-60.000,-109587.000,0.000,0.000,0.000,0.000,0.000,0.000
18224.000,-61.000,-109648.000,0.000,0.000,0.000,0.000,0.000,0.000
18234.000,-60.000,-109708.000,0.000,0.000,0.000,0.000,0.000,0.000
18244.000,-60.000,-109768.000,0.000,0.000,0.000,0.000,0.000,0.000
18254.000,-61.000,-109829.000,0.000,0.000,0.000,0.000,0.000,0.000
18264.000,-60.000,-109889.000,0.000,0.000,0.000,0.000,0.000,0.000
18274.000,-60.000,-109949.000,0.000,0.000,0.000,0.000,0.000,0.000
18284.000,-61.000,-110010.000,0.000,0.000,0.000,0.000,0.000,0.000
18294.000,-61.000,-110071.000,0.000,0.000,0.000,0.000,0.000,0.000
18304.000,-60.000,-110131.000,0.000,0.000,0.000,0.000,0.000,0.000
18314.000,-60.000,-110191.000,0.000,0.000,0.000,0.000,0.000,0.000
18324.000,-61.000,-110252.000,0.000,0.000,0.000,0.000,0.000,0.000
18334.000,-60.000,-110312.000,0.000,0.000,0.000,0.000,0.000,0.000
18344.000,-61.000,-110373.000,0.000,0.000,0.000,0.000,0.000,0.000
18354.000,-60.000,-110433.000,0.000,0.000,0.000,0.000,0.000,0.000
18364.000,-60.000,-110493.000,0.000,0.000,0.000,0.000,0.000,0.000
18374.000,-61.000,-110554.000,0.000,0.000,0.000,0.000,0.000,0.000
18384.000,-61.000,-110615.000,0.000,0.000,0.000,0.000,0.000,0.000
18394.000,-60.000,-110675.000,0.000,0.000,0.000,0.000,0.000,0.000
18404.000,-60.000,-110735.000,0.000,0.000,0.000,0.000,0.000,0.000
18414.000,-61.000,-110796.000,0.000,0.000,0.000,0.000,0.000,0.000
18424.000,-61.000,-110857.000,0.000,0.000,0.000,0.000,0.000,0.000
18434.000,-60.000,-110917.000,0.000,0.000,0.000,0.000,0.000,0.000
18444.000,-60.000,-110977.000,0.000,0.000,0.000,0.000,0.000,0.000
18454.000,-61.000,-111038.000,0.000,0.000,0.000,0.000,0.000,0.000
18464.000,-61.000,-111099.000,0.000,0.000,0.000,0.000,0.000,0.000
18474.000,-60.000,-111159.000,0.000,0.000,0.000,0.000,0.000,0.000
18484.000,-60.000,-111219.000,0.000,0.000,0.000,0.000,0.000,0.000
18494.000,-61.000,-111280.000,0.000,0.000,0.000,0.000,0.000,0.000
18504.000,-60.000,-111340.000,0.000,0.000,0.000,0.000,0.000,0.000
18514.000,-61.000,-111401.000,0.000,0.000,0.000,0.000,0.000,0.000
18524.000,-60.000,-111461.000,0.000,0.000,0.000,0.000,0.000,0.000
18534.000,-60.000,-111521.000,0.000,0.000,0.000,0.000,0.000,0.000
18544.000,-60.000,-111581.000,0.000,0.000,0.000,0.000,0.000,0.000
18554.000,-61.000,-111642.000,0.000,0.000,0.000,0.000,0.000,0.000
18564.000,-61.000,-111703.000,0.000,0.000,0.000,0.000,0.000,0.000
18574.000,-60.000,-111763.000,0.000,0.000,0.000,0.000,0.000,0.000
18584.000,-60.000,-111823.000,0.000,0.000,0.000,0.000,0.000,0.000
18594.000,-61.000,-111884.000,0.000,0.000,0.000,0.000,0.000,0.000
18604.000,-60.000,-111944.000,0.000,0.000,0.000,0.000,0.000,0.000
18614.000,-61.000,-112005.000,0.000,0.000,0.000,0.000,0.000,0.000
18624.000,-60.000,-112065.000,0.000,0.000,0.000,0.000,0.000,0.000
18634.000,-60.000,-112125.000,0.000,0.000,0.000,0.000,0.000,0.000
18644.000,-61.000,-112186.000,0.000,0.000,0.000,0.000,0.000,0.000
18654.000,-61.000,-112247.000,0.000,0.000,0.000,0.000,0.000,0.000
18664.000,-60.000,-112307.000,0.000,0.000,0.000,0.000,0.000,0.000
18674.000,-60.000,-112367.000,0.000,0.000,0.000,0.000,0.000,0.000
18684.000,-61.000,-112428.000,0.000,0.000,0.000,0.000,0.000,0.000
18694.000,-60.000,-112488.000,0.000,0.000,0.000,0.000,0.000,0.000
18704.000,-60.000,-112548.000,0.000,0.000,0.000,0.000,0.000,0.000
18714.000,-61.000,-112609.000,0.000,0.000,0.000,0.000,0.000,0.000
18724.000,-60.000,-112669.000,0.000,0.000,0.000,0.000,0.000,0.000
18734.000,-61.000,-112730.000,0.000,0.000,0.000,0.000,0.000,0.000
18744.000,-61.000,-112791.000,0.000,0.000,0.000,0.000,0.000,0.000
18754.000,-60.000,-112851.000,0.000,0.000,0.000,0.000,0.000,0.000
18764.000,-61.000,-112912.000,0.000,0.000,0.000,0.000,0.000,0.000
18774.000,-60.000,-112972.000,0.000,0.000,0.000,0.000,0.000,0.000
18784.000,-61.000,-113033.000,0.000,0.000,0.000,0.000,0.000,0.000
18794.000,-60.000,-113093.000,0.000,0.000,0.000,0.000,0.000,0.000
18804.000,-61.000,-113154.000,0.000,0.000,0.000,0.000,0.000,0.000
18814.000,-60.000,-113214.000,0.000,0.000,0.000,0.000,0.000,0.000
18824.000,-61.000,-113275.000,0.000,0.000,0.000,0.000,0.000,0.000
18834.000,-60.000,-113335.000,0.000,0.000,0.000,0.000,0.000,0.000
18844.000,-60.000,-113395.000,0.000,0.000,0.000,0.000,0.000,0.000
18854.000,-61.000,-113456.000,0.000,0.000,0.000,0.000,0.000,0.000
18864.000,-60.000,-113516.000,0.000,0.000,0.000,0.000,0.000,0.000
18874.000,-60.000,-113576.000,0.000,0.000,0.000,0.000,0.000,0.000
18884.000,-61.000,-113637.000,0.000,0.000,0.000,0.000,0.000,0.000
18894.000,-60.000,-113697.000,0.000,0.000,0.000,0.000,0.000,0.000
18904.000,-60.000,-113757.000,0.000,0.000,0.000,0.000,0.000,0.000
18914.000,-61.000,-113818.000,0.000,0.000,0.000,0.000,0.000,0.000
18924.000,-61.000,-113879.000,0.000,0.000,0.000,0.000,0.000,0.000
18934.000,-60.000,-113939.000,0.000,0.000,0.000,0.000,0.000,0.000
18944.000,-61.000,-114000.000,0.000,0.000,0.000,0.000,0.000,0.000
18954.000,-60.000,-114060.000,0.000,0.000,0.000,0.000,0.000,0.000
18964.000,-60.000,-114120.000,0.000,0.000,0.000,0.000,0.000,0.000
18974.000,-61.000,-114181.000,0.000,0.000,0.000,0.000,0.000,0.000
18984.000,-60.000,-114241.000,0.000,0.000,0.000,0.000,0.000,0.000
18994.000,-60.000,-114301.000,0.000,0.000,0.000,0.000,0.000,0.000
19004.000,-60.000,-114361.000,0.000,0.000,0.000,0.000,0.000,0.000
19014.000,-61.000,-114422.000,0.000,0.000,0.000,0.000,0.000,0.000
19024.000,-61.000,-114483.000,0.000,0.000,0.000,0.000,0.000,0.000
19034.000,-60.000,-114543.000,0.000,0.000,0.000,0.000,0.000,0.000
19044.000,-61.000,-114604.000,0.000,0.000,0.000,0.000,0.000,0.000
19054.000,-60.000,-114664.000,0.000,0.000,0.000,0.000,0.000,0.000
19064.000,-61.000,-114725.000,0.000,0.000,0.000,0.000,0.000,0.000
19074.000,-60.000,-114785.000,0.000,0.000,0.000,0.000,0.000,0.000
19084.000,-60.000,-114845.000,0.000,0.000,0.000,0.000,0.000,0.000
19094.000,-61.000,-114906.000,0.000,0.000,0.000,0.000,0.000,0.000
19104.000,-60.000,-114966.000,0.000,0.000,0.000,0.000,0.000,0.000
19114.000,-61.000,-115027.000,0.000,0.000,0.000,0.000,0.000,0.000
19124.000,-60.000,-115087.000,0.000,0.000,0.000,0.000,0.000,0.000
19134.000,-60.000,-115147.000,0.000,0.000,0.000,0.000,0.000,0.000
19144.000,-61.000,-115208.000,0.000,0.000,0.000,0.000,0.000,0.000
19154.000,-60.000,-115268.000,0.000,0.000,0.000,0.000,0.000,0.000
19164.000,-61.000,-115329.000,0.000,0.000,0.000,0.000,0.000,0.000
19174.000,-60.000,-115389.000,0.000,0.000,0.000,0.000,0.000,0.000
19184.000,-60.000,-115449.000,0.000,0.000,0.000,0.000,0.000,0.000
19194.000,-62.000,-115511.000,0.000,0.000,0.000,0.000,0.000,0.000
19204.000,-60.000,-115571.000,0.000,0.000,0.000,0.000,0.000,0.000
19214.000,-60.000,-115631.000,0.000,0.000,0.000,0.000,0.000,0.000
19224.000,-61.000,-115692.000,0.000,0.000,0.000,0.000,0.000,0.000
19234.000,-60.000,-115752.000,0.000,0.000,0.000,0.000,0.000,0.000
19244.000,-61.000,-115813.000,0.000,0.000,0.000,0.000,0.000,0.000
19254.000,-60.000,-115873.000,0.000,0.000,0.000,0.000,0.000,0.000
19264.000,-60.000,-115933.000,0.000,0.000,0.000,0.000,0.000,0.000
19274.000,-60.000,-115993.000,0.000,0.000,0.000,0.000,0.000,0.000
19284.000,-61.000,-116054.000,0.000,0.000,0.000,0.000,0.000,0.000
19294.000,-60.000,-116114.000,0.000,0.000,0.000,0.000,0.000,0.000
19304.000,-61.000,-116175.000,0.000,0.000,0.000,0.000,0.000,0.000
19314.000,-60.000,-116235.000,0.000,0.000,0.000,0.000,0.000,0.000
19324.000,-60.000,-116295.000,0.000,0.000,0.000,0.000,0.000,0.000
19334.000,-61.000,-116356.000,0.000,0.000,0.000,0.000,0.000,0.000
19344.000,-60.000,-116416.000,0.000,0.000,0.000,0.000,0.000,0.000
19354.000,-61.000,-116477.000,0.000,0.000,0.000,0.000,0.000,0.000
19364.000,-60.000,-116537.000,0.000,0.000,0.000,0.000,0.000,0.000
19374.000,-60.000,-116597.000,0.000,0.000,0.000,0.000,0.000,0.000
19384.000,-61.000,-116658.000,0.000,0.000,0.000,0.000,0.000,0.000
19394.000,-61.000,-116719.000,0.000,0.000,0.000,0.000,0.000,0.000
19404.000,-60.000,-116779.000,0.000,0.000,0.000,0.000,0.000,0.000
19414.000,-60.000,-116839.000,0.000,0.000,0.000,0.000,0.000,0.000
19424.000,-61.000,-116900.000,0.000,0.000,0.000,0.000,0.000,0.000
19434.000,-60.000,-116960.000,0.000,0.000,0.000,0.000,0.000,0.000
19444.000,-60.000,-117020.000,0.000,0.000,0.000,0.000,0.000,0.000
19454.000,-60.000,-117080.000,0.000,0.000,0.000,0.000,0.000,0.000
19464.000,-61.000,-117141.000,0.000,0.000,0.000,0.000,0.000,0.000
19474.000,-60.000,-117201.000,0.000,0.000,0.000,0.000,0.000,0.000
19484.000,-60.000,-117261.000,0.000,0.000,0.000,0.000,0.000,0.000
19494.000,-61.000,-117322.000,0.000,0.000,0.000,0.000,0.000,0.000
19504.000,-61.000,-117383.000,0.000,0.000,0.000,0.000,0.000,0.000
19514.000,-60.000,-117443.000,0.000,0.000,0.000,0.000,0.000,0.000
19524.000,-60.000,-117503.000,0.000,0.000,0.000,0.000,0.000,0.000
19534.000,-61.000,-117564.000,0.000,0.000,0.000,0.000,0.000,0.000
19544.000,-60.000,-117624.000,0.000,0.000,0.000,0.000,0.000,0.000
19554.000,-61.000,-117685.000,0.000,0.000,0.000,0.000,0.000,0.000
19564.000,-60.000,-117745.000,0.000,0.000,0.000,0.000,0.000,0.000
19574.000,-60.000,-117805.000,0.000,0.000,0.000,0.000,0.000,0.000
19584.000,-60.000,-117865.000,0.000,0.000,0.000,0.000,0.000,0.000
19594.000,-61.000,-117926.000,0.000,0.000,0.000,0.000,0.000,0.000
19604.000,-61.000,-117987.000,0.000,0.000,0.000,0.000,0.000,0.000
19614.000,-60.000,-118047.000,0.000,0.000,0.000,0.000,0.000,0.000
19624.000,-61.000,-118108.000,0.000,0.000,0.000,0.000,0.000,0.000
19634.000,-60.000,-118168.000,0.000,0.000,0.000,0.000,0.000,0.000
19644.000,-60.000,-118228.000,0.000,0.000,0.000,0.000,0.000,0.000
19654.000,-61.000,-118289.000,0.000,0.000,0.000,0.000,0.000,0.000
19664.000,-60.000,-118349.000,0.000,0.000,0.000,0.000,0.000,0.000
19674.000,-60.000,-118409.000,0.000,0.000,0.000,0.000,0.000,0.000
19684.000,-60.000,-118469.000,0.000,0.000,0.000,0.000,0.000,0.000
19694.000,-62.000,-118531.000,0.000,0.000,0.000,0.000,0.000,0.000
19704.000,-60.000,-118591.000,0.000,0.000,0.000,0.000,0.000,0.000
19714.000,-60.000,-118651.000,0.000,0.000,0.000,0.000,0.000,0.000
19724.000,-60.000,-118711.000,0.000,0.000,0.000,0.000,0.000,0.000
19734.000,-61.000,-118772.000,0.000,0.000,0.000,0.000,0.000,0.000
19744.000,-60.000,-118832.000,0.000,0.000,0.000,0.000,0.000,0.000
19754.000,-61.000,-118893.000,0.000,0.000,0.000,0.000,0.000,0.000
19764.000,-60.000,-118953.000,0.000,0.000,0.000,0.000,0.000,0.000
19774.000,-60.000,-119013.000,0.000,0.000,0.000,0.000,0.000,0.000
19784.000,-60.000,-119073.000,0.000,0.000,0.000,0.000,0.000,0.000
19794.000,-60.000,-119133.000,0.000,0.000,0.000,0.000,0.000,0.000
19804.000,-62.000,-119195.000,0.000,0.000,0.000,0.000,0.000,0.000
19814.000,-60.000,-119255.000,0.000,0.000,0.000,0.000,0.000,0.000
19824.000,-60.000,-119315.000,0.000,0.000,0.000,0.000,0.000,0.000
19834.000,-61.000,-119376.000,0.000,0.000,0.000,0.000,0.000,0.000
19844.000,-60.000,-119436.000,0.000,0.000,0.000,0.000,0.000,0.000
19854.000,-60.000,-119496.000,0.000,0.000,0.000,0.000,0.000,0.000
19864.000,-61.000,-119557.000,0.000,0.000,0.000,0.000,0.000,0.000
19874.000,-60.000,-119617.000,0.000,0.000,0.000,0.000,0.000,0.000
19884.000,-60.000,-119677.000,0.000,0.000,0.000,0.000,0.000,0.000
19894.000,-61.000,-119738.000,0.000,0.000,0.000,0.000,0.000,0.000
19904.000,-61.000,-119799.000,0.000,0.000,0.000,0.000,0.000,0.000
19914.000,-60.000,-119859.000,0.000,0.000,0.000,0.000,0.000,0.000
19924.000,-61.000,-119920.000,0.000,0.000,0.000,0.000,0.000,0.000
19934.000,-60.000,-119980.000,0.000,0.000,0.000,0.000,0.000,0.000
19944.000,-60.000,-120040.000,0.000,0.000,0.000,0.000,0.000,0.000
19954.000,-61.000,-120101.000,0.000,0.000,0.000,0.000,0.000,0.000
19964.000,-60.000,-120161.000,0.000,0.000,0.000,0.000,0.000,0.000
19974.000,-60.000,-120221.000,0.000,0.000,0.000,0.000,0.000,0.000
19984.000,-61.000,-120282.000,0.000,0.000,0.000,0.000,0.000,0.000
19994.000,-61.000,-120343.000,0.000,0.000,0.000,0.000,0.000,0.000
20004.000,-60.000,-120403.000,0.000,0.000,0.000,0.000,0.000,0.000
20014.000,-60.000,-120463.000,0.000,0.000,0.000,0.000,0.000,0.000
20024.000,-61.000,-120524.000,0.000,0.000,0.000,0.000,0.000,0.000
20034.000,-60.000,-120584.000,0.000,0.000,0.000,0.000,0.000,0.000
20044.000,-60.000,-120644.000,0.000,0.000,0.000,0.000,0.000,0.000
20054.000,-61.000,-120705.000,0.000,0.000,0.000,0.000,0.000,0.000
20064.000,-60.000,-120765.000,0.000,0.000,0.000,0.000,0.000,0.000
20074.000,-60.000,-120825.000,0.000,0.000,0.000,0.000,0.000,0.000
20084.000,-62.000,-120887.000,0.000,0.000,0.000,0.000,0.000,0.000
20094.000,-60.000,-120947.000,0.000,0.000,0.000,0.000,0.000,0.000
20104.000,-60.000,-121007.000,0.000,0.000,0.000,0.000,0.000,0.000
20114.000,-61.000,-121068.000,0.000,0.000,0.000,0.000,0.000,0.000
20124.000,-60.000,-121128.000,0.000,0.000,0.000,0.000,0.000,0.000
20134.000,-60.000,-121188.000,0.000,0.000,0.000,0.000,0.000,0.000
20144.000,-61.000,-121249.000,0.000,0.000,0.000,0.000,0.000,0.000
20154.000,-60.000,-121309.000,0.000,0.000,0.000,0.000,0.000,0.000
20164.000,-60.000,-121369.000,0.000,0.000,0.000,0.000,0.000,0.000
20174.000,-61.000,-121430.000,0.000,0.000,0.000,0.000,0.000,0.000
20184.000,-60.000,-121490.000,0.000,0.000,0.000,0.000,0.000,0.000
20194.000,-61.000,-121551.000,0.000,0.000,0.000,0.000,0.000,0.000
20204.000,-60.000,-121611.000,0.000,0.000,0.000,0.000,0.000,0.000
20214.000,-60.000,-121671.000,0.000,0.000,0.000,0.000,0.000,0.000
20224.000,-61.000,-121732.000,0.000,0.000,0.000,0.000,0.000,0.000
20234.000,-60.000,-121792.000,0.000,0.000,0.000,0.000,0.000,0.000
20244.000,-61.000,-121853.000,0.000,0.000,0.000,0.000,0.000,0.000
20254.000,-60.000,-121913.000,0.000,0.000,0.000,0.000,0.000,0.000
20264.000,-60.000,-121973.000,0.000,0.000,0.000,0.000,0.000,0.000
20274.000,-62.000,-122035.000,0.000,0.000,0.000,0.000,0.000,0.000
20284.000,-60.000,-122095.000,0.000,0.000,0.000,0.000,0.000,0.000
20294.000,-60.000,-122155.000,0.000,0.000,0.000,0.000,0.000,0.000
20304.000,-61.000,-122216.000,0.000,0.000,0.000,0.000,0.000,0.000
20314.000,-60.000,-122276.000,0.000,0.000,0.000,0.000,0.000,0.000
20324.000,-61.000,-122337.000,0.000,0.000,0.000,0.000,0.000,0.000
20334.000,-60.000,-122397.000,0.000,0.000,0.000,0.000,0.000,0.000
20344.000,-60.000,-122457.000,0.000,0.000,0.000,0.000,0.000,0.000
20354.000,-62.000,-122519.000,0.000,0.000,0.000,0.000,0.000,0.000
20364.000,-60.000,-122579.000,0.000,0.000,0.000,0.000,0.000,0.000
20374.000,-60.000,-122639.000,0.000,0.000,0.000,0.000,0.000,0.000
20384.000,-61.000,-122700.000,0.000,0.000,0.000,0.000,0.000,0.000
20394.000,-60.000,-122760.000,0.000,0.000,0.000,0.000,0.000,0.000
20404.000,-61.000,-122821.000,0.000,0.000,0.000,0.000,0.000,0.000
20414.000,-60.000,-122881.000,0.000,0.000,0.000,0.000,0.000,0.000
20424.000,-61.000,-122942.000,0.000,0.000,0.000,0.000,0.000,0.000
20434.000,-61.000,-123003.000,0.000,0.000,0.000,0.000,0.000,0.000
20444.000,-60.000,-123063.000,0.000,0.000,0.000,0.000,0.000,0.000
20454.000,-60.000,-123123.000,0.000,0.000,0.000,0.000,0.000,0.000
20464.000,-61.000,-123184.000,0.000,0.000,0.000,0.000,0.000,0.000
20474.000,-60.000,-123244.000,0.000,0.000,0.000,0.000,0.000,0.000
20484.000,-60.000,-123304.000,0.000,0.000,0.000,0.000,0.000,0.000
20494.000,-61.000,-123365.000,0.000,0.000,0.000,0.000,0.000,0.000
20504.000,-60.000,-123425.000,0.000,0.000,0.000,0.000,0.000,0.000
20514.000,-60.000,-123485.000,0.000,0.000,0.000,0.000,0.000,0.000
20524.000,-61.000,-123546.000,0.000,0.000,0.000,0.000,0.000,0.000
20534.000,-61.000,-123607.000,0.000,0.000,0.000,0.000,0.000,0.000
20544.000,-60.000,-123667.000,0.000,0.000,0.000,0.000,0.000,0.000
20554.000,-61.000,-123728.000,0.000,0.000,0.000,0.000,0.000,0.000
20564.000,-60.000,-123788.000,0.000,0.000,0.000,0.000,0.000,0.000
20574.000,-61.000,-123849.000,0.000,0.000,0.000,0.000,0.000,0.000
20584.000,-60.000,-123909.000,0.000,0.000,0.000,0.000,0.000,0.000
20594.000,-60.000,-123969.000,0.000,0.000,0.000,0.000,0.000,0.000
20604.000,-60.000,-124029.000,0.000,0.000,0.000,0.000,0.000,0.000
20614.000,-62.000,-124091.000,0.000,0.000,0.000,0.000,0.000,0.000
20624.000,-60.000,-124151.000,0.000,0.000,0.000,0.000,0.000,0.000
20634.000,-60.000,-124211.000,0.000,0.000,0.000,0.000,0.000,0.000
20644.000,-61.000,-124272.000,0.000,0.000,0.000,0.000,0.000,0.000
20654.000,-60.000,-124332.000,0.000,0.000,0.000,0.000,0.000,0.000
20664.000,-61.000,-124393.000,0.000,0.000,0.000,0.000,0.000,0.000
20674.000,-60.000,-124453.000,0.000,0.000,0.000,0.000,0.000,0.000
20684.000,-60.000,-124513.000,0.000,0.000,0.000,0.000,0.000,0.000
20694.000,-62.000,-124575.000,0.000,0.000,0.000,0.000,0.000,0.000
20704.000,-60.000,-124635.000,0.000,0.000,0.000,0.000,0.000,0.000
20714.000,-60.000,-124695.000,0.000,0.000,0.000,0.000,0.000,0.000
20724.000,-61.000,-124756.000,0.000,0.000,0.000,0.000,0.000,0.000
20734.000,-60.000,-124816.000,0.000,0.000,0.000,0.000,0.000,0.000
20744.000,-61.000,-124877.000,0.000,0.000,0.000,0.000,0.000,0.000
20754.000,-61.000,-124938.000,0.000,0.000,0.000,0.000,0.000,0.000
20764.000,-61.000,-124999.000,0.000,0.000,0.000,0.000,0.000,0.000
20774.000,-60.000,-125059.000,0.000,0.000,0.000,0.000,0.000,0.000
20784.000,-60.000,-125119.000,0.000,0.000,0.000,0.000,0.000,0.000
20794.000,-61.000,-125180.000,0.000,0.000,0.000,0.000,0.000,0.000
20804.000,-60.000,-125240.000,0.000,0.000,0.000,0.000,0.000,0.000
20814.000,-61.000,-125301.000,0.000,0.000,0.000,0.000,0.000,0.000
20824.000,-60.000,-125361.000,0.000,0.000,0.000,0.000,0.000,0.000
20834.000,-60.000,-125421.000,0.000,0.000,0.000,0.000,0.000,0.000
20844.000,-62.000,-125483.000,0.000,0.000,0.000,0.000,0.000,0.000
20854.000,-60.000,-125543.000,0.000,0.000,0.000,0.000,0.000,0.000
20864.000,-61.000,-125604.000,0.000,0.000,0.000,0.000,0.000,0.000
20874.000,-60.000,-125664.000,0.000,0.000,0.000,0.000,0.000,0.000
20884.000,-61.000,-125725.000,0.000,0.000,0.000,0.000,0.000,0.000
20894.000,-60.000,-125785.000,0.000,0.000,0.000,0.000,0.000,0.000
20904.000,-60.000,-125845.000,0.000,0.000,0.000,0.000,0.000,0.000
20914.000,-61.000,-125906.000,0.000,0.000,0.000,0.000,0.000,0.000
20924.000,-61.000,-125967.000,0.000,0.000,0.000,0.000,0.000,0.000
20934.000,-60.000,-126027.000,0.000,0.000,0.000,0.000,0.000,0.000
20944.000,-60.000,-126087.000,0.000,0.000,0.000,0.000,0.000,0.000
20954.000,-61.000,-126148.000,0.000,0.000,0.000,0.000,0.000,0.000
20964.000,-60.000,-126208.000,0.000,0.000,0.000,0.000,0.000,0.000
20974.000,-61.000,-126269.000,0.000,0.000,0.000,0.000,0.000,0.000
20984.000,-60.000,-126329.000,0.000,0.000,0.000,0.000,0.000,0.000
20994.000,-60.000,-126389.000,0.000,0.000,0.000,0.000,0.000,0.000
21004.000,-62.000,-126451.000,0.000,0.000,0.000,0.000,0.000,0.000
21014.000,-60.000,-126511.000,0.000,0.000,0.000,0.000,0.000,0.000
21024.000,-60.000,-126571.000,0.000,0.000,0.000,0.000,0.000,0.000
21034.000,-61.000,-126632.000,0.000,0.000,0.000,0.000,0.000,0.000
21044.000,-60.000,-126692.000,0.000,0.000,0.000,0.000,0.000,0.000
21054.000,-61.000,-126753.000,0.000,0.000,0.000,0.000,0.000,0.000
21064.000,-60.000,-126813.000,0.000,0.000,0.000,0.000,0.000,0.000
21074.000,-60.000,-126873.000,0.000,0.000,0.000,0.000,0.000,0.000
21084.000,-62.000,-126935.000,0.000,0.000,0.000,0.000,0.000,0.000
21094.000,-60.000,-126995.000,0.000,0.000,0.000,0.000,0.000,0.000
21104.000,-61.000,-127056.000,0.000,0.000,0.000,0.000,0.000,0.000
21114.000,-60.000,-127116.000,0.000,0.000,0.000,0.000,0.000,0.000
21124.000,-61.000,-127177.000,0.000,0.000,0.000,0.000,0.000,0.000
21134.000,-60.000,-127237.000,0.000,0.000,0.000,0.000,0.000,0.000
21144.000,-60.000,-127297.000,0.000,0.000,0.000,0.000,0.000,0.000
21154.000,-62.000,-127359.000,0.000,0.000,0.000,0.000,0.000,0.000
21164.000,-60.000,-127419.000,0.000,0.000,0.000,0.000,0.000,0.000
21174.000,-61.000,-127480.000,0.000,0.000,0.000,0.000,0.000,0.000
21184.000,-60.000,-127540.000,0.000,0.000,0.000,0.000,0.000,0.000
21194.000,-61.000,-127601.000,0.000,0.000,0.000,0.000,0.000,0.000
21204.000,-60.000,-127661.000,0.000,0.000,0.000,0.000,0.000,0.000
21214.000,-61.000,-127722.000,0.000,0.000,0.000,0.000,0.000,0.000
21224.000,-61.000,-127783.000,0.000,0.000,0.000,0.000,0.000,0.000
21234.000,-60.000,-127843.000,0.000,0.000,0.000,0.000,0.000,0.000
21244.000,-60.000,-127903.000,0.000,0.000,0.000,0.000,0.000,0.000
21254.000,-61.000,-127964.000,0.000,0.000,0.000,0.000,0.000,0.000
21264.000,-60.000,-128024.000,0.000,0.000,0.000,0.000,0.000,0.000
21274.000,-61.000,-128085.000,0.000,0.000,0.000,0.000,0.000,0.000
21284.000,-60.000,-128145.000,0.000,0.000,0.000,0.000,0.000,0.000
21294.000,-60.000,-128205.000,0.000,0.000,0.000,0.000,0.000,0.000
21304.000,-62.000,-128267.000,0.000,0.000,0.000,0.000,0.000,0.000
21314.000,-60.000,-128327.000,0.000,0.000,0.000,0.000,0.000,0.000
21324.000,-60.000,-128387.000,0.000,0.000,0.000,0.000,0.000,0.000
21334.000,-61.000,-128448.000,0.000,0.000,0.000,0.000,0.000,0.000
21344.000,-60.000,-128508.000,0.000,0.000,0.000,0.000,0.000,0.000
21354.000,-61.000,-128569.000,0.000,0.000,0.000,0.000,0.000,0.000
21364.000,-60.000,-128629.000,0.000,0.000,0.000,0.000,0.000,0.000
21374.000,-60.000,-128689.000,0.000,0.000,0.000,0.000,0.000,0.000
21384.000,-61.000,-128750.000,0.000,0.000,0.000,0.000,0.000,0.000
21394.000,-61.000,-128811.000,0.000,0.000,0.000,0.000,0.000,0.000
21404.000,-60.000,-128871.000,0.000,0.000,0.000,0.000,0.000,0.000
21414.000,-61.000,-128932.000,0.000,0.000,0.000,0.000,0.000,0.000
21424.000,-60.000,-128992.000,0.000,0.000,0.000,0.000,0.000,0.000
21434.000,-61.000,-129053.000,0.000,0.000,0.000,0.000,0.000,0.000
21444.000,-60.000,-129113.000,0.000,0.000,0.000,0.000,0.000,0.000
21454.000,-60.000,-129173.000,0.000,0.000,0.000,0.000,0.000,0.000
21464.000,-62.000,-129235.000,0.000,0.000,0.000,0.000,0.000,0.000
21474.000,-60.000,-129295.000,0.000,0.000,0.000,0.000,0.000,0.000
21484.000,-61.000,-129356.000,0.000,0.000,0.000,0.000,0.000,0.000
21494.000,-60.000,-129416.000,0.000,0.000,0.000,0.000,0.000,0.000
21504.000,-61.000,-129477.000,0.000,0.000,0.000,0.000,0.000,0.000
21514.000,-60.000,-129537.000,0.000,0.000,0.000,0.000,0.000,0.000
21524.000,-60.000,-129597.000,0.000,0.000,0.000,0.000,0.000,0.000
21534.000,-61.000,-129658.000,0.000,0.000,0.000,0.000,0.000,0.000
21544.000,-61.000,-129719.000,0.000,0.000,0.000,0.000,0.000,0.000
21554.000,-60.000,-129779.000,0.000,0.000,0.000,0.000,0.000,0.000
21564.000,-61.000,-129840.000,0.000,0.000,0.000,0.000,0.000,0.000
21574.000,-60.000,-129900.000,0.000,0.000,0.000,0.000,0.000,0.000
21584.000,-61.000,-129961.000,0.000,0.000,0.000,0.000,0.000,0.000
21594.000,-60.000,-130021.000,0.000,0.000,0.000,0.000,0.000,0.000
21604.000,-61.000,-130082.000,0.000,0.000,0.000,0.000,0.000,0.000
21614.000,-61.000,-130143.000,0.000,0.000,0.000,0.000,0.000,0.000
21624.000,-60.000,-130203.000,0.000,0.000,0.000,0.000,0.000,0.000
21634.000,-61.000,-130264.000,0.000,0.000,0.000,0.000,0.000,0.000
21644.000,-60.000,-130324.000,0.000,0.000,0.000,0.000,0.000,0.000
21654.000,-61.000,-130385.000,0.000,0.000,0.000,0.000,0.000,0.000
21664.000,-60.000,-130445.000,0.000,0.000,0.000,0.000,0.000,0.000
21674.000,-60.000,-130505.000,0.000,0.000,0.000,0.000,0.000,0.000
21684.000,-61.000,-130566.000,0.000,0.000,0.000,0.000,0.000,0.000
21694.000,-61.000,-130627.000,0.000,0.000,0.000,0.000,0.000,0.000
21704.000,-60.000,-130687.000,0.000,0.000,0.000,0.000,0.000,0.000
21714.000,-61.000,-130748.000,0.000,0.000,0.000,0.000,0.000,0.000
21724.000,-60.000,-130808.000,0.000,0.000,0.000,0.000,0.000,0.000
21734.000,-60.000,-130868.000,0.000,0.000,0.000,0.000,0.000,0.000
21744.000,-61.000,-130929.000,0.000,0.000,0.000,0.000,0.000,0.000
21754.000,-60.000,-130989.000,0.000,0.000,0.000,0.000,0.000,0.000
21764.000,-60.000,-131049.000,0.000,0.000,0.000,0.000,0.000,0.000
21774.000,-62.000,-131111.000,0.000,0.000,0.000,0.000,0.000,0.000
21784.000,-60.000,-131171.000,0.000,0.000,0.000,0.000,0.000,0.000
21794.000,-60.000,-131231.000,0.000,0.000,0.000,0.000,0.000,0.000
21804.000,-61.000,-131292.000,0.000,0.000,0.000,0.000,0.000,0.000
21814.000,-60.000,-131352.000,0.000,0.000,0.000,0.000,0.000,0.000
21824.000,-60.000,-131412.000,0.000,0.000,0.000,0.000,0.000,0.000
21834.000,-61.000,-131473.000,0.000,0.000,0.000,0.000,0.000,0.000
21844.000,-60.000,-131533.000,0.000,0.000,0.000,0.000,0.000,0.000
21854.000,-60.000,-131593.000,0.000,0.000,0.000,0.000,0.000,0.000
21864.000,-61.000,-131654.000,0.000,0.000,0.000,0.000,0.000,0.000
21874.000,-61.000,-131715.000,0.000,0.000,0.000,0.000,0.000,0.000
21884.000,-60.000,-131775.000,0.000,0.000,0.000,0.000,0.000,0.000
21894.000,-60.000,-131835.000,0.000,0.000,0.000,0.000,0.000,0.000
21904.000,-61.000,-131896.000,0.000,0.000,0.000,0.000,0.000,0.000
21914.000,-61.000,-131957.000,0.000,0.000,0.000,0.000,0.000,0.000
21924.000,-60.000,-132017.000,0.000,0.000,0.000,0.000,0.000,0.000
21934.000,-60.000,-132077.000,0.000,0.000,0.000,0.000,0.000,0.000
21944.000,-61.000,-132138.000,0.000,0.000,0.000,0.000,0.000,0.000
21954.000,-61.000,-132199.000,0.000,0.000,0.000,0.000,0.000,0.000
21964.000,-60.000,-132259.000,0.000,0.000,0.000,0.000,0.000,0.000
21974.000,-60.000,-132319.000,0.000,0.000,0.000,0.000,0.000,0.000
21984.000,-61.000,-132380.000,0.000,0.000,0.000,0.000,0.000,0.000
21994.000,-60.000,-132440.000,0.000,0.000,0.000,0.000,0.000,0.000
22004.000,-61.000,-132501.000,0.000,0.000,0.000,0.000,0.000,0.000
22014.000,-60.000,-132561.000,0.000,0.000,0.000,0.000,0.000,0.000
22024.000,-60.000,-132621.000,0.000,0.000,0.000,0.000,0.000,0.000
22034.000,-62.000,-132683.000,0.000,0.000,0.000,0.000,0.000,0.000
22044.000,-60.000,-132743.000,0.000,0.000,0.000,0.000,0.000,0.000
22054.000,-61.000,-132804.000,0.000,0.000,0.000,0.000,0.000,0.000
22064.000,-60.000,-132864.000,0.000,0.000,0.000,0.000,0.000,0.000
22074.000,-60.000,-132924.000,0.000,0.000,0.000,0.000,0.000,0.000
22084.000,-61.000,-132985.000,0.000,0.000,0.000,0.000,0.000,0.000
22094.000,-60.000,-133045.000,32.000,7200.000,0.000,0.000,0.000,0.000
22104.000,-60.000,-133105.000,32.000,7200.000,0.000,0.000,0.000,0.000
22114.000,-61.000,-133166.000,32.000,7200.000,0.000,0.000,0.000,0.000
22124.000,-61.000,-133227.000,32.000,7200.000,0.000,0.000,0.000,0.000
22134.000,-60.000,-133287.000,32.000,7200.000,0.000,0.000,0.000,0.000
22144.000,-60.000,-133347.000,32.000,7200.000,0.000,0.000,0.000,0.000
22154.000,-61.000,-133408.000,32.000,7200.000,0.000,0.000,0.000,0.000
22164.000,-61.000,-133469.000,32.000,7200.000,0.000,0.000,0.000,0.000
22174.000,-60.000,-133529.000,32.000,7200.000,0.000,0.000,0.000,0.000
22184.000,-60.000,-133589.000,32.000,7200.000,0.000,0.000,0.000,0.000
22194.000,-61.000,-133650.000,32.000,7200.000,0.000,0.000,0.000,0.000
22204.000,-60.000,-133710.000,32.000,7200.000,0.000,0.000,0.000,0.000
22214.000,-61.000,-133771.000,32.000,7200.000,0.000,0.000,0.000,0.000
22224.000,-60.000,-133831.000,32.000,7200.000,0.000,0.000,0.000,0.000
22234.000,-61.000,-133892.000,32.000,7200.000,0.000,0.000,0.000,0.000
22244.000,-60.000,-133952.000,32.000,7200.000,0.000,0.000,0.000,0.000
22254.000,-60.000,-134012.000,32.000,7200.000,0.000,0.000,0.000,0.000
22264.000,-60.000,-134072.000,32.000,7200.000,0.000,0.000,0.000,0.000
22274.000,-61.000,-134133.000,32.000,7200.000,0.000,0.000,0.000,0.000
22284.000,-60.000,-134193.000,32.000,7200.000,0.000,0.000,0.000,0.000
22294.000,-61.000,-134254.000,32.000,7200.000,0.000,0.000,0.000,0.000
22304.000,-61.000,-134315.000,32.000,7200.000,0.000,0.000,0.000,0.000
22314.000,-60.000,-134375.000,32.000,7200.000,0.000,0.000,0.000,0.000
22324.000,-61.000,-134436.000,32.000,7200.000,0.000,0.000,0.000,0.000
22334.000,-60.000,-134496.000,32.000,7200.000,0.000,0.000,0.000,0.000
22344.000,-61.000,-134557.000,32.000,7200.000,0.000,0.000,0.000,0.000
22354.000,-60.000,-134617.000,32.000,7200.000,0.000,0.000,0.000,0.000
22364.000,-60.000,-134677.000,32.000,7200.000,0.000,0.000,0.000,0.000
22374.000,-61.000,-134738.000,32.000,7200.000,0.000,0.000,0.000,0.000
22384.000,-61.000,-134799.000,32.000,7200.000,0.000,0.000,0.000,0.000
22394.000,-60.000,-134859.000,32.000,7200.000,0.000,0.000,0.000,0.000
22404.000,-60.000,-134919.000,32.000,7200.000,0.000,0.000,0.000,0.000
22414.000,-61.000,-134980.000,32.000,7200.000,0.000,0.000,0.000,0.000
22424.000,-60.000,-135040.000,32.000,7200.000,0.000,0.000,0.000,0.000
22434.000,-61.000,-135101.000,32.000,7200.000,0.000,0.000,0.000,0.000
22444.000,-60.000,-135161.000,32.000,7200.000,0.000,0.000,0.000,0.000
22454.000,-60.000,-135221.000,32.000,7200.000,0.000,0.000,0.000,0.000
22464.000,-61.000,-135282.000,32.000,7200.000,0.000,0.000,0.000,0.000
22474.000,-61.000,-135343.000,32.000,7200.000,0.000,0.000,0.000,0.000
22484.000,-60.000,-135403.000,32.000,7200.000,0.000,0.000,0.000,0.000
22494.000,-60.000,-135463.000,32.000,7200.000,0.000,0.000,0.000,0.000
22504.000,-61.000,-135524.000,32.000,7200.000,0.000,0.000,0.000,0.000
22514.000,-60.000,-135584.000,32.000,7200.000,0.000,0.000,0.000,0.000
22524.000,-60.000,-135644.000,32.000,7200.000,0.000,0.000,0.000,0.000
22534.000,-60.000,-135704.000,32.000,7200.000,0.000,0.000,0.000,0.000
22544.000,-61.000,-135765.000,32.000,7200.000,0.000,0.000,0.000,0.000
22554.000,-60.000,-135825.000,32.000,7200.000,0.000,0.000,0.000,0.000
22564.000,-60.000,-135885.000,32.000,7200.000,0.000,0.000,0.000,0.000
22574.000,-61.000,-135946.000,32.000,7200.000,0.000,0.000,0.000,0.000
22584.000,-61.000,-136007.000,32.000,7200.000,0.000,0.000,0.000,0.000
22594.000,-60.000,-136067.000,32.000,7200.000,0.000,0.000,0.000,0.000
22604.000,-60.000,-136127.000,32.000,7200.000,0.000,0.000,0.000,0.000
22614.000,-61.000,-136188.000,32.000,7200.000,0.000,0.000,0.000,0.000
22624.000,-60.000,-136248.000,32.000,7200.000,0.000,0.000,0.000,0.000
22634.000,-61.000,-136309.000,32.000,7200.000,0.000,0.000,0.000,0.000
22644.000,-60.000,-136369.000,32.000,7200.000,0.000,0.000,0.000,0.000
22654.000,-60.000,-136429.000,32.000,7200.000,0.000,0.000,0.000,0.000
22664.000,-61.000,-136490.000,32.000,7200.000,0.000,0.000,0.000,0.000
22674.000,-61.000,-136551.000,32.000,7200.000,0.000,0.000,0.000,0.000
22684.000,-60.000,-136611.000,32.000,7200.000,0.000,0.000,0.000,0.000
22694.000,-61.000,-136672.000,32.000,7200.000,0.000,0.000,0.000,0.000
22704.000,-60.000,-136732.000,32.000,7200.000,0.000,0.000,0.000,0.000
22714.000,-60.000,-136792.000,32.000,7200.000,0.000,0.000,0.000,0.000
22724.000,-61.000,-136853.000,32.000,7200.000,0.000,0.000,0.000,0.000
22734.000,-60.000,-136913.000,32.000,7200.000,0.000,0.000,0.000,0.000
22744.000,-60.000,-136973.000,32.000,7200.000,0.000,0.000,0.000,0.000
22754.000,-61.000,-137034.000,32.000,7200.000,0.000,0.000,0.000,0.000
22764.000,-61.000,-137095.000,32.000,7200.000,0.000,0.000,0.000,0.000
22774.000,-61.000,-137156.000,32.000,7200.000,0.000,0.000,0.000,0.000
22784.000,-60.000,-137216.000,32.000,7200.000,0.000,0.000,0.000,0.000
22794.000,-60.000,-137276.000,32.000,7200.000,0.000,0.000,0.000,0.000
22804.000,-61.000,-137337.000,32.000,7200.000,0.000,0.000,0.000,0.000
22814.000,-60.000,-137397.000,32.000,7200.000,0.000,0.000,0.000,0.000
22824.000,-61.000,-137458.000,32.000,7200.000,0.000,0.000,0.000,0.000
22834.000,-61.000,-137519.000,32.000,7200.000,0.000,0.000,0.000,0.000
22844.000,-60.000,-137579.000,32.000,7200.000,0.000,0.000,0.000,0.000
22854.000,-60.000,-137639.000,32.000,7200.000,0.000,0.000,0.000,0.000
22864.000,-60.000,-137699.000,32.000,7200.000,0.000,0.000,0.000,0.000
22874.000,-61.000,-137760.000,32.000,7200.000,0.000,0.000,0.000,0.000
22884.000,-60.000,-137820.000,32.000,7200.000,0.000,0.000,0.000,0.000
22894.000,-61.000,-137881.000,32.000,7200.000,0.000,0.000,0.000,0.000
22904.000,-60.000,-137941.000,32.000,7200.000,0.000,0.000,0.000,0.000
22914.000,-60.000,-138001.000,32.000,7200.000,0.000,0.000,0.000,0.000
22924.000,-61.000,-138062.000,32.000,7200.000,0.000,0.000,0.000,0.000
22934.000,-61.000,-138123.000,32.000,7200.000,0.000,0.000,0.000,0.000
22944.000,-60.000,-138183.000,32.000,7200.000,0.000,0.000,0.000,0.000
22954.000,-60.000,-138243.000,32.000,7200.000,0.000,0.000,0.000,0.000
22964.000,-61.000,-138304.000,32.000,7200.000,0.000,0.000,0.000,0.000
22974.000,-60.000,-138364.000,32.000,7200.000,0.000,0.000,0.000,0.000
22984.000,-60.000,-138424.000,32.000,7200.000,0.000,0.000,0.000,0.000
22994.000,-60.000,-138484.000,32.000,7200.000,0.000,0.000,0.000,0.000
23004.000,-61.000,-138545.000,32.000,7200.000,0.000,0.000,0.000,0.000
23014.000,-60.000,-138605.000,32.000,7200.000,0.000,0.000,0.000,0.000
23024.000,-60.000,-138665.000,32.000,7200.000,0.000,0.000,0.000,0.000
23034.000,-60.000,-138725.000,32.000,7200.000,0.000,0.000,0.000,0.000
23044.000,-62.000,-138787.000,32.000,7200.000,0.000,0.000,0.000,0.000
23054.000,-60.000,-138847.000,32.000,7200.000,0.000,0.000,0.000,0.000
23064.000,-61.000,-138908.000,32.000,7200.000,0.000,0.000,0.000,0.000
23074.000,-60.000,-138968.000,32.000,7200.000,0.000,0.000,0.000,0.000
23084.000,-61.000,-139029.000,32.000,7200.000,0.000,0.000,0.000,0.000
23094.000,-60.000,-139089.000,32.000,7200.000,0.000,0.000,0.000,0.000
23104.000,-60.000,-139149.000,32.000,7200.000,0.000,0.000,0.000,0.000
23114.000,-61.000,-139210.000,32.000,7200.000,0.000,0.000,0.000,0.000
23124.000,-61.000,-139271.000,32.000,7200.000,0.000,0.000,0.000,0.000
23134.000,-60.000,-139331.000,32.000,7200.000,0.000,0.000,0.000,0.000
23144.000,-61.000,-139392.000,32.000,7200.000,0.000,0.000,0.000,0.000
23154.000,-60.000,-139452.000,32.000,7200.000,0.000,0.000,0.000,0.000
23164.000,-61.000,-139513.000,32.000,7200.000,0.000,0.000,0.000,0.000
23174.000,-60.000,-139573.000,32.000,7200.000,0.000,0.000,0.000,0.000
23184.000,-60.000,-139633.000,32.000,7200.000,0.000,0.000,0.000,0.000
23194.000,-61.000,-139694.000,32.000,7200.000,0.000,0.000,0.000,0.000
23204.000,-61.000,-139755.000,32.000,7200.000,0.000,0.000,0.000,0.000
23214.000,-60.000,-139815.000,32.000,7200.000,0.000,0.000,0.000,0.000
23224.000,-61.000,-139876.000,32.000,7200.000,0.000,0.000,0.000,0.000
23234.000,-60.000,-139936.000,32.000,7200.000,0.000,0.000,0.000,0.000
23244.000,-61.000,-139997.000,32.000,7200.000,0.000,0.000,0.000,0.000
23254.000,-60.000,-140057.000,32.000,7200.000,0.000,0.000,0.000,0.000
23264.000,-60.000,-140117.000,32.000,7200.000,0.000,0.000,0.000,0.000
23274.000,-61.000,-140178.000,32.000,7200.000,0.000,0.000,0.000,0.000
23284.000,-61.000,-140239.000,32.000,7200.000,0.000,0.000,0.000,0.000
23294.000,-60.000,-140299.000,32.000,7200.000,0.000,0.000,0.000,0.000
23304.000,-60.000,-140359.000,32.000,7200.000,0.000,0.000,0.000,0.000
23314.000,-60.000,-140419.000,32.000,7200.000,0.000,0.000,0.000,0.000
23324.000,-61.000,-140480.000,32.000,7200.000,0.000,0.000,0.000,0.000
23334.000,-60.000,-140540.000,32.000,7200.000,0.000,0.000,0.000,0.000
23344.000,-60.000,-140600.000,32.000,7200.000,0.000,0.000,0.000,0.000
23354.000,-61.000,-140661.000,32.000,7200.000,0.000,0.000,0.000,0.000
23364.000,-60.000,-140721.000,32.000,7200.000,0.000,0.000,0.000,0.000
23374.000,-60.000,-140781.000,32.000,7200.000,0.000,0.000,0.000,0.000
23384.000,-61.000,-140842.000,32.000,7200.000,0.000,0.000,0.000,0.000
23394.000,-61.000,-140903.000,32.000,7200.000,0.000,0.000,0.000,0.000
23404.000,-60.000,-140963.000,32.000,7200.000,0.000,0.000,0.000,0.000
23414.000,-60.000,-141023.000,32.000,7200.000,0.000,0.000,0.000,0.000
23424.000,-61.000,-141084.000,32.000,7200.000,0.000,0.000,0.000,0.000
23434.000,-60.000,-141144.000,32.000,7200.000,0.000,0.000,0.000,0.000
23444.000,-60.000,-141204.000,32.000,7200.000,0.000,0.000,0.000,0.000
23454.000,-60.000,-141264.000,32.000,7200.000,0.000,0.000,0.000,0.000
23464.000,-61.000,-141325.000,32.000,7200.000,0.000,0.000,0.000,0.000
23474.000,-60.000,-141385.000,32.000,7200.000,0.000,0.000,0.000,0.000
23484.000,-60.000,-141445.000,32.000,7200.000,0.000,0.000,0.000,0.000
23494.000,-61.000,-141506.000,32.000,7200.000,0.000,0.000,0.000,0.000
23504.000,-61.000,-141567.000,32.000,7200.000,0.000,0.000,0.000,0.000
23514.000,-60.000,-141627.000,32.000,7200.000,0.000,0.000,0.000,0.000
23524.000,-61.000,-141688.000,32.000,7200.000,0.000,0.000,0.000,0.000
23534.000,-60.000,-141748.000,32.000,7200.000,0.000,0.000,0.000,0.000
23544.000,-60.000,-141808.000,32.000,7200.000,0.000,0.000,0.000,0.000
23554.000,-61.000,-141869.000,32.000,7200.000,0.000,0.000,0.000,0.000
23564.000,-60.000,-141929.000,32.000,7200.000,0.000,0.000,0.000,0.000
23574.000,-60.000,-141989.000,32.000,7200.000,0.000,0.000,0.000,0.000
23584.000,-62.000,-142051.000,32.000,7200.000,0.000,0.000,0.000,0.000
23594.000,-60.000,-142111.000,32.000,7200.000,0.000,0.000,0.000,0.000
23604.000,-60.000,-142171.000,32.000,7200.000,0.000,0.000,0.000,0.000
23614.000,-61.000,-142232.000,32.000,7200.000,0.000,0.000,0.000,0.000
23624.000,-60.000,-142292.000,32.000,7200.000,0.000,0.000,0.000,0.000
23634.000,-60.000,-142352.000,32.000,7200.000,0.000,0.000,0.000,0.000
23644.000,-61.000,-142413.000,32.000,7200.000,0.000,0.000,0.000,0.000
23654.000,-60.000,-142473.000,32.000,7200.000,0.000,0.000,0.000,0.000
23664.000,-60.000,-142533.000,32.000,7200.000,0.000,0.000,0.000,0.000
23674.000,-62.000,-142595.000,32.000,7200.000,0.000,0.000,0.000,0.000
23684.000,-60.000,-142655.000,32.000,7200.000,0.000,0.000,0.000,0.000
23694.000,-60.000,-142715.000,32.000,7200.000,0.000,0.000,0.000,0.000
23704.000,-61.000,-142776.000,32.000,7200.000,0.000,0.000,0.000,0.000
23714.000,-60.000,-142836.000,32.000,7200.000,0.000,0.000,0.000,0.000
23724.000,-60.000,-142896.000,32.000,7200.000,0.000,0.000,0.000,0.000
23734.000,-60.000,-142956.000,32.000,7200.000,0.000,0.000,0.000,0.000
23744.000,-61.000,-143017.000,32.000,7200.000,0.000,0.000,0.000,0.000
23754.000,-60.000,-143077.000,32.000,7200.000,0.000,0.000,0.000,0.000
23764.000,-60.000,-143137.000,32.000,7200.000,0.000,0.000,0.000,0.000
23774.000,-61.000,-143198.000,32.000,7200.000,0.000,0.000,0.000,0.000
23784.000,-61.000,-143259.000,32.000,7200.000,0.000,0.000,0.000,0.000
23794.000,-60.000,-143319.000,32.000,7200.000,0.000,0.000,0.000,0.000
23804.000,-61.000,-143380.000,32.000,7200.000,0.000,0.000,0.000,0.000
23814.000,-60.000,-143440.000,32.000,7200.000,0.000,0.000,0.000,0.000
23824.000,-61.000,-143501.000,32.000,7200.000,0.000,0.000,0.000,0.000
23834.000,-60.000,-143561.000,32.000,7200.000,0.000,0.000,0.000,0.000
23844.000,-60.000,-143621.000,32.000,7200.000,0.000,0.000,0.000,0.000
23854.000,-61.000,-143682.000,32.000,7200.000,0.000,0.000,0.000,0.000
23864.000,-61.000,-143743.000,32.000,7200.000,0.000,0.000,0.000,0.000
23874.000,-60.000,-143803.000,32.000,7200.000,0.000,0.000,0.000,0.000
23884.000,-61.000,-143864.000,32.000,7200.000,0.000,0.000,0.000,0.000
23894.000,-60.000,-143924.000,32.000,7200.000,0.000,0.000,0.000,0.000
23904.000,-60.000,-143984.000,32.000,7200.000,0.000,0.000,0.000,0.000
23914.000,-61.000,-144045.000,32.000,7200.000,0.000,0.000,0.000,0.000
23924.000,-60.000,-144105.000,32.000,7200.000,0.000,0.000,0.000,0.000
23934.000,-62.000,-144167.000,32.000,7200.000,0.000,0.000,0.000,0.000
23944.000,-60.000,-144227.000,32.000,7200.000,0.000,0.000,0.000,0.000
23954.000,-60.000,-144287.000,32.000,7200.000,0.000,0.000,0.000,0.000
23964.000,-61.000,-144348.000,32.000,7200.000,0.000,0.000,0.000,0.000
23974.000,-61.000,-144409.000,32.000,7200.000,0.000,0.000,0.000,0.000
23984.000,-60.000,-144469.000,32.000,7200.000,0.000,0.000,0.000,0.000
23994.000,-60.000,-144529.000,32.000,7200.000,0.000,0.000,0.000,0.000
24004.000,-61.000,-144590.000,32.000,7200.000,0.000,0.000,0.000,0.000
24014.000,-61.000,-144651.000,32.000,7200.000,0.000,0.000,0.000,0.000
24024.000,-60.000,-144711.000,32.000,7200.000,0.000,0.000,0.000,0.000
24034.000,-61.000,-144772.000,32.000,7200.000,0.000,0.000,0.000,0.000
24044.000,-60.000,-144832.000,32.000,7200.000,0.000,0.000,0.000,0.000
24054.000,-61.000,-144893.000,32.000,7200.000,0.000,0.000,0.000,0.000
24064.000,-60.000,-144953.000,32.000,7200.000,0.000,0.000,0.000,0.000
24074.000,-60.000,-145013.000,32.000,7200.000,0.000,0.000,0.000,0.000
24084.000,-61.000,-145074.000,32.000,7200.000,0.000,0.000,0.000,0.000
24094.000,-60.000,-145134.000,32.000,7200.000,0.000,0.000,0.000,0.000
24104.000,-61.000,-145195.000,32.000,7200.000,0.000,0.000,0.000,0.000
24114.000,-60.000,-145255.000,32.000,7200.000,0.000,0.000,0.000,0.000
24124.000,-61.000,-145316.000,32.000,7200.000,0.000,0.000,0.000,0.000
24134.000,-60.000,-145376.000,32.000,7200.000,0.000,0.000,0.000,0.000
24144.000,-61.000,-145437.000,32.000,7200.000,0.000,0.000,0.000,0.000
24154.000,-60.000,-145497.000,32.000,7200.000,0.000,0.000,0.000,0.000
24164.000,-60.000,-145557.000,32.000,7200.000,0.000,0.000,0.000,0.000
24174.000,-60.000,-145617.000,32.000,7200.000,0.000,0.000,0.000,0.000
24184.000,-60.000,-145677.000,32.000,7200.000,0.000,0.000,0.000,0.000
24194.000,-61.000,-145738.000,32.000,7200.000,0.000,0.000,0.000,0.000
24204.000,-61.000,-145799.000,32.000,7200.000,0.000,0.000,0.000,0.000
24214.000,-60.000,-145859.000,32.000,7200.000,0.000,0.000,0.000,0.000
24224.000,-61.000,-145920.000,32.000,7200.000,0.000,0.000,0.000,0.000
24234.000,-60.000,-145980.000,32.000,7200.000,0.000,0.000,0.000,0.000
24244.000,-61.000,-146041.000,32.000,7200.000,0.000,0.000,0.000,0.000
24254.000,-60.000,-146101.000,32.000,7200.000,0.000,0.000,0.000,0.000
24264.000,-60.000,-146161.000,32.000,7200.000,0.000,0.000,0.000,0.000
24274.000,-61.000,-146222.000,32.000,7200.000,0.000,0.000,0.000,0.000
24284.000,-61.000,-146283.000,32.000,7200.000,0.000,0.000,0.000,0.000
24294.000,-60.000,-146343.000,32.000,7200.000,0.000,0.000,0.000,0.000
24304.000,-61.000,-146404.000,32.000,7200.000,0.000,0.000,0.000,0.000
24314.000,-60.000,-146464.000,32.000,7200.000,0.000,0.000,0.000,0.000
24324.000,-61.000,-146525.000,32.000,7200.000,0.000,0.000,0.000,0.000
24334.000,-60.000,-146585.000,32.000,7200.000,0.000,0.000,0.000,0.000
24344.000,-60.000,-146645.000,32.000,7200.000,0.000,0.000,0.000,0.000
24354.000,-62.000,-146707.000,32.000,7200.000,0.000,0.000,0.000,0.000
24364.000,-60.000,-146767.000,32.000,7200.000,0.000,0.000,0.000,0.000
24374.000,-60.000,-146827.000,32.000,7200.000,0.000,0.000,0.000,0.000
24384.000,-61.000,-146888.000,32.000,7200.000,0.000,0.000,0.000,0.000
24394.000,-60.000,-146948.000,32.000,7200.000,0.000,0.000,0.000,0.000
24404.000,-61.000,-147009.000,32.000,7200.000,0.000,0.000,0.000,0.000
24414.000,-60.000,-147069.000,32.000,7200.000,0.000,0.000,0.000,0.000
24424.000,-61.000,-147130.000,32.000,7200.000,0.000,0.000,0.000,0.000
24434.000,-61.000,-147191.000,32.000,7200.000,0.000,0.000,0.000,0.000
24444.000,-60.000,-147251.000,32.000,7200.000,0.000,0.000,0.000,0.000
24454.000,-61.000,-147312.000,32.000,7200.000,0.000,0.000,0.000,0.000
24464.000,-60.000,-147372.000,32.000,7200.000,0.000,0.000,0.000,0.000
24474.000,-60.000,-147432.000,32.000,7200.000,0.000,0.000,0.000,0.000
24484.000,-61.000,-147493.000,32.000,7200.000,0.000,0.000,0.000,0.000
24494.000,-60.000,-147553.000,32.000,7200.000,0.000,0.000,0.000,0.000
24504.000,-60.000,-147613.000,32.000,7200.000,0.000,0.000,0.000,0.000
24514.000,-61.000,-147674.000,32.000,7200.000,0.000,0.000,0.000,0.000
24524.000,-61.000,-147735.000,32.000,7200.000,0.000,0.000,0.000,0.000
24534.000,-60.000,-147795.000,32.000,7200.000,0.000,0.000,0.000,0.000
24544.000,-61.000,-147856.000,32.000,7200.000,0.000,0.000,0.000,0.000
24554.000,-60.000,-147916.000,32.000,7200.000,0.000,0.000,0.000,0.000
24564.000,-60.000,-147976.000,32.000,7200.000,0.000,0.000,0.000,0.000
24574.000,-61.000,-148037.000,32.000,7200.000,0.000,0.000,0.000,0.000
24584.000,-60.000,-148097.000,32.000,7200.000,0.000,0.000,0.000,0.000
24594.000,-61.000,-148158.000,32.000,7200.000,0.000,0.000,0.000,0.000
24604.000,-61.000,-148219.000,32.000,7200.000,0.000,0.000,0.000,0.000
24614.000,-60.000,-148279.000,32.000,7200.000,0.000,0.000,0.000,0.000
24624.000,-61.000,-148340.000,32.000,7200.000,0.000,0.000,0.000,0.000
24634.000,-60.000,-148400.000,32.000,7200.000,0.000,0.000,0.000,0.000
24644.000,-60.000,-148460.000,32.000,7200.000,0.000,0.000,0.000,0.000
24654.000,-61.000,-148521.000,32.000,7200.000,0.000,0.000,0.000,0.000
24664.000,-60.000,-148581.000,32.000,7200.000,0.000,0.000,0.000,0.000
24674.000,-61.000,-148642.000,32.000,7200.000,0.000,0.000,0.000,0.000
24684.000,-61.000,-148703.000,32.000,7200.000,0.000,0.000,0.000,0.000
24694.000,-60.000,-148763.000,32.000,7200.000,0.000,0.000,0.000,0.000
24704.000,-61.000,-148824.000,32.000,7200.000,0.000,0.000,0.000,0.000
24714.000,-60.000,-148884.000,32.000,7200.000,0.000,0.000,0.000,0.000
24724.000,-61.000,-148945.000,32.000,7200.000,0.000,0.000,0.000,0.000
24734.000,-60.000,-149005.000,32.000,7200.000,0.000,0.000,0.000,0.000
24744.000,-62.000,-149067.000,32.000,7200.000,0.000,0.000,0.000,0.000
24754.000,-60.000,-149127.000,32.000,7200.000,0.000,0.000,0.000,0.000
24764.000,-60.000,-149187.000,32.000,7200.000,0.000,0.000,0.000,0.000
24774.000,-61.000,-149248.000,32.000,7200.000,0.000,0.000,0.000,0.000
24784.000,-61.000,-149309.000,32.000,7200.000,0.000,0.000,0.000,0.000
24794.000,-60.000,-149369.000,32.000,7200.000,0.000,0.000,0.000,0.000
24804.000,-60.000,-149429.000,32.000,7200.000,0.000,0.000,0.000,0.000
24814.000,-61.000,-149490.000,32.000,7200.000,0.000,0.000,0.000,0.000
24824.000,-61.000,-149551.000,32.000,7200.000,0.000,0.000,0.000,0.000
24834.000,-60.000,-149611.000,32.000,7200.000,0.000,0.000,0.000,0.000
24844.000,-61.000,-149672.000,32.000,7200.000,0.000,0.000,0.000,0.000
24854.000,-60.000,-149732.000,32.000,7200.000,0.000,0.000,0.000,0.000
24864.000,-60.000,-149792.000,32.000,7200.000,0.000,0.000,0.000,0.000
24874.000,-61.000,-149853.000,32.000,7200.000,0.000,0.000,0.000,0.000
24884.000,-60.000,-149913.000,32.000,7200.000,0.000,0.000,0.000,0.000
24894.000,-60.000,-149973.000,32.000,7200.000,0.000,0.000,0.000,0.000
24904.000,-62.000,-150035.000,32.000,7200.000,0.000,0.000,0.000,0.000
24914.000,-60.000,-150095.000,32.000,7200.000,0.000,0.000,0.000,0.000
24924.000,-60.000,-150155.000,32.000,7200.000,0.000,0.000,0.000,0.000
24934.000,-61.000,-150216.000,32.000,7200.000,0.000,0.000,0.000,0.000
24944.000,-60.000,-150276.000,32.000,7200.000,0.000,0.000,0.000,0.000
24954.000,-60.000,-150336.000,32.000,7200.000,0.000,0.000,0.000,0.000
24964.000,-60.000,-150396.000,32.000,7200.000,0.000,0.000,0.000,0.000
24974.000,-61.000,-150457.000,32.000,7200.000,0.000,0.000,0.000,0.000
24984.000,-60.000,-150517.000,32.000,7200.000,0.000,0.000,0.000,0.000
24994.000,-60.000,-150577.000,32.000,7200.000,0.000,0.000,0.000,0.000
25004.000,-61.000,-150638.000,32.000,7200.000,0.000,0.000,0.000,0.000
25014.000,-61.000,-150699.000,32.000,7200.000,0.000,0.000,0.000,0.000
25024.000,-60.000,-150759.000,32.000,7200.000,0.000,0.000,0.000,0.000
25034.000,-61.000,-150820.000,32.000,7200.000,0.000,0.000,0.000,0.000
25044.000,-60.000,-150880.000,32.000,7200.000,0.000,0.000,0.000,0.000
25054.000,-61.000,-150941.000,32.000,7200.000,0.000,0.000,0.000,0.000
25064.000,-60.000,-151001.000,32.000,7200.000,0.000,0.000,0.000,0.000
25074.000,-60.000,-151061.000,32.000,7200.000,0.000,0.000,0.000,0.000
25084.000,-61.000,-151122.000,32.000,7200.000,0.000,0.000,0.000,0.000
25094.000,-61.000,-151183.000,32.000,7200.000,0.000,0.000,0.000,0.000
25104.000,-60.000,-151243.000,32.000,7200.000,0.000,0.000,0.000,0.000
25114.000,-60.000,-151303.000,32.000,7200.000,0.000,0.000,0.000,0.000
25124.000,-61.000,-151364.000,32.000,7200.000,0.000,0.000,0.000,0.000
25134.000,-60.000,-151424.000,32.000,7200.000,0.000,0.000,0.000,0.000
25144.000,-61.000,-151485.000,32.000,7200.000,0.000,0.000,0.000,0.000
25154.000,-60.000,-151545.000,32.000,7200.000,0.000,0.000,0.000,0.000
25164.000,-60.000,-151605.000,32.000,7200.000,0.000,0.000,0.000,0.000
25174.000,-62.000,-151667.000,32.000,7200.000,0.000,0.000,0.000,0.000
25184.000,-60.000,-151727.000,32.000,7200.000,0.000,0.000,0.000,0.000
25194.000,-60.000,-151787.000,32.000,7200.000,0.000,0.000,0.000,0.000
25204.000,-61.000,-151848.000,32.000,7200.000,0.000,0.000,0.000,0.000
25214.000,-60.000,-151908.000,32.000,7200.000,0.000,0.000,0.000,0.000
25224.000,-60.000,-151968.000,32.000,7200.000,0.000,0.000,0.000,0.000
25234.000,-60.000,-152028.000,32.000,7200.000,0.000,0.000,0.000,0.000
25244.000,-61.000,-152089.000,32.000,7200.000,0.000,0.000,0.000,0.000
25254.000,-60.000,-152149.000,32.000,7200.000,0.000,0.000,0.000,0.000
25264.000,-60.000,-152209.000,32.000,7200.000,0.000,0.000,0.000,0.000
25274.000,-60.000,-152269.000,32.000,7200.000,0.000,0.000,0.000,0.000
25284.000,-62.000,-152331.000,32.000,7200.000,0.000,0.000,0.000,0.000
25294.000,-60.000,-152391.000,32.000,7200.000,0.000,0.000,0.000,0.000
25304.000,-60.000,-152451.000,32.000,7200.000,0.000,0.000,0.000,0.000
25314.000,-61.000,-152512.000,32.000,7200.000,0.000,0.000,0.000,0.000
25324.000,-60.000,-152572.000,32.000,7200.000,0.000,0.000,0.000,0.000
25334.000,-60.000,-152632.000,32.000,7200.000,0.000,0.000,0.000,0.000
25344.000,-61.000,-152693.000,32.000,7200.000,0.000,0.000,0.000,0.000
25354.000,-60.000,-152753.000,32.000,7200.000,0.000,0.000,0.000,0.000
25364.000,-60.000,-152813.000,32.000,7200.000,0.000,0.000,0.000,0.000
25374.000,-60.000,-152873.000,32.000,7200.000,0.000,0.000,0.000,0.000
25384.000,-60.000,-152933.000,32.000,7200.000,0.000,0.000,0.000,0.000
25394.000,-61.000,-152994.000,32.000,7200.000,0.000,0.000,0.000,0.000
25404.000,-61.000,-153055.000,32.000,7200.000,0.000,0.000,0.000,0.000
25414.000,-60.000,-153115.000,32.000,7200.000,0.000,0.000,0.000,0.000
25424.000,-60.000,-153175.000,32.000,7200.000,0.000,0.000,0.000,0.000
25434.000,-61.000,-153236.000,32.000,7200.000,0.000,0.000,0.000,0.000
25444.000,-60.000,-153296.000,32.000,7200.000,0.000,0.000,0.000,0.000
25454.000,-61.000,-153357.000,32.000,7200.000,0.000,0.000,0.000,0.000
25464.000,-60.000,-153417.000,32.000,7200.000,0.000,0.000,0.000,0.000
25474.000,-60.000,-153477.000,32.000,7200.000,0.000,0.000,0.000,0.000
25484.000,-62.000,-153539.000,32.000,7200.000,0.000,0.000,0.000,0.000
25494.000,-60.000,-153599.000,32.000,7200.000,0.000,0.000,0.000,0.000
25504.000,-60.000,-153659.000,32.000,7200.000,0.000,0.000,0.000,0.000
25514.000,-61.000,-153720.000,32.000,7200.000,0.000,0.000,0.000,0.000
25524.000,-60.000,-153780.000,32.000,7200.000,0.000,0.000,0.000,0.000
25534.000,-60.000,-153840.000,32.000,7200.000,0.000,0.000,0.000,0.000
25544.000,-60.000,-153900.000,32.000,7200.000,0.000,0.000,0.000,0.000
25554.000,-61.000,-153961.000,32.000,7200.000,0.000,0.000,0.000,0.000
25564.000,-60.000,-154021.000,32.000,7200.000,0.000,0.000,0.000,0.000
25574.000,-61.000,-154082.000,32.000,7200.000,0.000,0.000,0.000,0.000
25584.000,-61.000,-154143.000,32.000,7200.000,0.000,0.000,0.000,0.000
25594.000,-60.000,-154203.000,32.000,7200.000,0.000,0.000,0.000,0.000
25604.000,-60.000,-154263.000,32.000,7200.000,0.000,0.000,0.000,0.000
25614.000,-61.000,-154324.000,32.000,7200.000,0.000,0.000,0.000,0.000
25624.000,-60.000,-154384.000,32.000,7200.000,0.000,0.000,0.000,0.000
25634.000,-61.000,-154445.000,32.000,7200.000,0.000,0.000,0.000,0.000
25644.000,-60.000,-154505.000,32.000,7200.000,0.000,0.000,0.000,0.000
25654.000,-60.000,-154565.000,32.000,7200.000,0.000,0.000,0.000,0.000
25664.000,-60.000,-154625.000,32.000,7200.000,0.000,0.000,0.000,0.000
25674.000,-60.000,-154685.000,32.000,7200.000,0.000,0.000,0.000,0.000
25684.000,-61.000,-154746.000,32.000,7200.000,0.000,0.000,0.000,0.000
25694.000,-61.000,-154807.000,32.000,7200.000,0.000,0.000,0.000,0.000
25704.000,-60.000,-154867.000,32.000,7200.000,0.000,0.000,0.000,0.000
25714.000,-60.000,-154927.000,32.000,7200.000,0.000,0.000,0.000,0.000
25724.000,-60.000,-154987.000,32.000,7200.000,0.000,0.000,0.000,0.000
25734.000,-61.000,-155048.000,32.000,7200.000,0.000,0.000,0.000,0.000
25744.000,-60.000,-155108.000,32.000,7200.000,0.000,0.000,0.000,0.000
25754.000,-60.000,-155168.000,32.000,7200.000,0.000,0.000,0.000,0.000
25764.000,-61.000,-155229.000,32.000,7200.000,0.000,0.000,0.000,0.000
25774.000,-60.000,-155289.000,32.000,7200.000,0.000,0.000,0.000,0.000
25784.000,-60.000,-155349.000,32.000,7200.000,0.000,0.000,0.000,0.000
25794.000,-61.000,-155410.000,32.000,7200.000,0.000,0.000,0.000,0.000
25804.000,-60.000,-155470.000,32.000,7200.000,0.000,0.000,0.000,0.000
25814.000,-61.000,-155531.000,32.000,7200.000,0.000,0.000,0.000,0.000
25824.000,-60.000,-155591.000,32.000,7200.000,0.000,0.000,0.000,0.000
25834.000,-60.000,-155651.000,32.000,7200.000,0.000,0.000,0.000,0.000
25844.000,-60.000,-155711.000,32.000,7200.000,0.000,0.000,0.000,0.000
25854.000,-61.000,-155772.000,32.000,7200.000,0.000,0.000,0.000,0.000
25864.000,-60.000,-155832.000,32.000,7200.000,0.000,0.000,0.000,0.000
25874.000,-61.000,-155893.000,32.000,7200.000,0.000,0.000,0.000,0.000
25884.000,-60.000,-155953.000,32.000,7200.000,0.000,0.000,0.000,0.000
25894.000,-60.000,-156013.000,32.000,7200.000,0.000,0.000,0.000,0.000
25904.000,-62.000,-156075.000,32.000,7200.000,0.000,0.000,0.000,0.000
25914.000,-60.000,-156135.000,32.000,7200.000,0.000,0.000,0.000,0.000
25924.000,-60.000,-156195.000,32.000,7200.000,0.000,0.000,0.000,0.000
25934.000,-61.000,-156256.000,32.000,7200.000,0.000,0.000,0.000,0.000
25944.000,-60.000,-156316.000,32.000,7200.000,0.000,0.000,0.000,0.000
25954.000,-60.000,-156376.000,32.000,7200.000,0.000,0.000,0.000,0.000
25964.000,-61.000,-156437.000,32.000,7200.000,0.000,0.000,0.000,0.000
25974.000,-60.000,-156497.000,32.000,7200.000,0.000,0.000,0.000,0.000
25984.000,-60.000,-156557.000,32.000,7200.000,0.000,0.000,0.000,0.000
25994.000,-60.000,-156617.000,32.000,7200.000,0.000,0.000,0.000,0.000
26004.000,-60.000,-156677.000,32.000,7200.000,0.000,0.000,0.000,0.000
26014.000,-61.000,-156738.000,32.000,7200.000,0.000,0.000,0.000,0.000
26024.000,-61.000,-156799.000,32.000,7200.000,0.000,0.000,0.000,0.000
26034.000,-60.000,-156859.000,32.000,7200.000,0.000,0.000,0.000,0.000
26044.000,-60.000,-156919.000,32.000,7200.000,0.000,0.000,0.000,0.000
26054.000,-61.000,-156980.000,32.000,7200.000,0.000,0.000,0.000,0.000
26064.000,-60.000,-157040.000,32.000,7200.000,0.000,0.000,0.000,0.000
26074.000,-60.000,-157100.000,32.000,7200.000,0.000,0.000,0.000,0.000
26084.000,-60.000,-157160.000,32.000,7200.000,0.000,0.000,0.000,0.000
26094.000,-61.000,-157221.000,32.000,7200.000,0.000,0.000,0.000,0.000
26104.000,-60.000,-157281.000,32.000,7200.000,0.000,0.000,0.000,0.000
26114.000,-60.000,-157341.000,32.000,7200.000,0.000,0.000,0.000,0.000
26124.000,-60.000,-157401.000,32.000,7200.000,0.000,0.000,0.000,0.000
26134.000,-61.000,-157462.000,32.000,7200.000,0.000,0.000,0.000,0.000
26144.000,-61.000,-157523.000,32.000,7200.000,0.000,0.000,0.000,0.000
26154.000,-60.000,-157583.000,32.000,7200.000,0.000,0.000,0.000,0.000
26164.000,-60.000,-157643.000,32.000,7200.000,0.000,0.000,0.000,0.000
26174.000,-60.000,-157703.000,32.000,7200.000,0.000,0.000,0.000,0.000
26184.000,-61.000,-157764.000,32.000,7200.000,0.000,0.000,0.000,0.000
26194.000,-60.000,-157824.000,32.000,7200.000,0.000,0.000,0.000,0.000
26204.000,-60.000,-157884.000,32.000,7200.000,0.000,0.000,0.000,0.000
26214.000,-61.000,-157945.000,32.000,7200.000,0.000,0.000,0.000,0.000
26224.000,-60.000,-158005.000,32.000,7200.000,0.000,0.000,0.000,0.000
26234.000,-60.000,-158065.000,32.000,7200.000,0.000,0.000,0.000,0.000
26244.000,-61.000,-158126.000,32.000,7200.000,0.000,0.000,0.000,0.000
26254.000,-61.000,-158187.000,32.000,7200.000,0.000,0.000,0.000,0.000
26264.000,-60.000,-158247.000,32.000,7200.000,0.000,0.000,0.000,0.000
26274.000,-60.000,-158307.000,32.000,7200.000,0.000,0.000,0.000,0.000
26284.000,-61.000,-158368.000,32.000,7200.000,0.000,0.000,0.000,0.000
26294.000,-60.000,-158428.000,32.000,7200.000,0.000,0.000,0.000,0.000
26304.000,-60.000,-158488.000,32.000,7200.000,0.000,0.000,0.000,0.000
26314.000,-61.000,-158549.000,32.000,7200.000,0.000,0.000,0.000,0.000
26324.000,-60.000,-158609.000,32.000,7200.000,0.000,0.000,0.000,0.000
26334.000,-61.000,-158670.000,32.000,7200.000,0.000,0.000,0.000,0.000
26344.000,-61.000,-158731.000,32.000,7200.000,0.000,0.000,0.000,0.000
26354.000,-60.000,-158791.000,32.000,7200.000,0.000,0.000,0.000,0.000
26364.000,-61.000,-158852.000,32.000,7200.000,0.000,0.000,0.000,0.000
26374.000,-60.000,-158912.000,32.000,7200.000,0.000,0.000,0.000,0.000
26384.000,-60.000,-158972.000,32.000,7200.000,0.000,0.000,0.000,0.000
26394.000,-61.000,-159033.000,32.000,7200.000,0.000,0.000,0.000,0.000
26404.000,-60.000,-159093.000,32.000,7200.000,0.000,0.000,0.000,0.000
26414.000,-60.000,-159153.000,32.000,7200.000,0.000,0.000,0.000,0.000
26424.000,-60.000,-159213.000,32.000,7200.000,0.000,0.000,0.000,0.000
26434.000,-61.000,-159274.000,32.000,7200.000,0.000,0.000,0.000,0.000
26444.000,-61.000,-159335.000,32.000,7200.000,0.000,0.000,0.000,0.000
26454.000,-60.000,-159395.000,32.000,7200.000,0.000,0.000,0.000,0.000
26464.000,-60.000,-159455.000,32.000,7200.000,0.000,0.000,0.000,0.000
26474.000,-61.000,-159516.000,32.000,7200.000,0.000,0.000,0.000,0.000
26484.000,-60.000,-159576.000,32.000,7200.000,0.000,0.000,0.000,0.000
26494.000,-61.000,-159637.000,32.000,7200.000,0.000,0.000,0.000,0.000
26504.000,-60.000,-159697.000,32.000,7200.000,0.000,0.000,0.000,0.000
26514.000,-60.000,-159757.000,32.000,7200.000,0.000,0.000,0.000,0.000
26524.000,-61.000,-159818.000,32.000,7200.000,0.000,0.000,0.000,0.000
26534.000,-61.000,-159879.000,32.000,7200.000,0.000,0.000,0.000,0.000
26544.000,-60.000,-159939.000,32.000,7200.000,0.000,0.000,0.000,0.000
26554.000,-60.000,-159999.000,32.000,7200.000,0.000,0.000,0.000,0.000
26564.000,-61.000,-160060.000,32.000,7200.000,0.000,0.000,0.000,0.000
26574.000,-60.000,-160120.000,32.000,7200.000,0.000,0.000,0.000,0.000
26584.000,-60.000,-160180.000,32.000,7200.000,0.000,0.000,0.000,0.000
26594.000,-60.000,-160240.000,32.000,7200.000,0.000,0.000,0.000,0.000
26604.000,-61.000,-160301.000,32.000,7200.000,0.000,0.000,0.000,0.000
26614.000,-60.000,-160361.000,32.000,7200.000,0.000,0.000,0.000,0.000
26624.000,-60.000,-160421.000,32.000,7200.000,0.000,0.000,0.000,0.000
26634.000,-62.000,-160483.000,32.000,7200.000,0.000,0.000,0.000,0.000
26644.000,-60.000,-160543.000,32.000,7200.000,0.000,0.000,0.000,0.000
26654.000,-61.000,-160604.000,32.000,7200.000,0.000,0.000,0.000,0.000
26664.000,-60.000,-160664.000,32.000,7200.000,0.000,0.000,0.000,0.000
26674.000,-61.000,-160725.000,32.000,7200.000,0.000,0.000,0.000,0.000
26684.000,-60.000,-160785.000,32.000,7200.000,0.000,0.000,0.000,0.000
26694.000,-60.000,-160845.000,32.000,7200.000,0.000,0.000,0.000,0.000
26704.000,-61.000,-160906.000,32.000,7200.000,0.000,0.000,0.000,0.000
26714.000,-61.000,-160967.000,32.000,7200.000,0.000,0.000,0.000,0.000
26724.000,-60.000,-161027.000,32.000,7200.000,0.000,0.000,0.000,0.000
26734.000,-60.000,-161087.000,32.000,7200.000,0.000,0.000,0.000,0.000
26744.000,-61.000,-161148.000,32.000,7200.000,0.000,0.000,0.000,0.000
26754.000,-60.000,-161208.000,32.000,7200.000,0.000,0.000,0.000,0.000
26764.000,-61.000,-161269.000,32.000,7200.000,0.000,0.000,0.000,0.000
26774.000,-60.000,-161329.000,32.000,7200.000,0.000,0.000,0.000,0.000
26784.000,-61.000,-161390.000,32.000,7200.000,0.000,0.000,0.000,0.000
26794.000,-61.000,-161451.000,32.000,7200.000,0.000,0.000,0.000,0.000
26804.000,-60.000,-161511.000,32.000,7200.000,0.000,0.000,0.000,0.000
26814.000,-60.000,-161571.000,32.000,7200.000,0.000,0.000,0.000,0.000
26824.000,-61.000,-161632.000,32.000,7200.000,0.000,0.000,0.000,0.000
26834.000,-60.000,-161692.000,32.000,7200.000,0.000,0.000,0.000,0.000
26844.000,-61.000,-161753.000,32.000,7200.000,0.000,0.000,0.000,0.000
26854.000,-60.000,-161813.000,32.000,7200.000,0.000,0.000,0.000,0.000
26864.000,-60.000,-161873.000,32.000,7200.000,0.000,0.000,0.000,0.000
26874.000,-60.000,-161933.000,32.000,7200.000,0.000,0.000,0.000,0.000
26884.000,-61.000,-161994.000,32.000,7200.000,0.000,0.000,0.000,0.000
26894.000,-61.000,-162055.000,32.000,7200.000,0.000,0.000,0.000,0.000
26904.000,-60.000,-162115.000,32.000,7200.000,0.000,0.000,0.000,0.000
26914.000,-60.000,-162175.000,32.000,7200.000,0.000,0.000,0.000,0.000
26924.000,-61.000,-162236.000,32.000,7200.000,0.000,0.000,0.000,0.000
26934.000,-60.000,-162296.000,32.000,7200.000,0.000,0.000,0.000,0.000
26944.000,-60.000,-162356.000,32.000,7200.000,0.000,0.000,0.000,0.000
26954.000,-61.000,-162417.000,32.000,7200.000,0.000,0.000,0.000,0.000
26964.000,-60.000,-162477.000,32.000,7200.000,0.000,0.000,0.000,0.000
26974.000,-60.000,-162537.000,32.000,7200.000,0.000,0.000,0.000,0.000
26984.000,-61.000,-162598.000,32.000,7200.000,0.000,0.000,0.000,0.000
26994.000,-61.000,-162659.000,32.000,7200.000,0.000,0.000,0.000,0.000
27004.000,-60.000,-162719.000,32.000,7200.000,0.000,0.000,0.000,0.000
27014.000,-60.000,-162779.000,32.000,7200.000,0.000,0.000,0.000,0.000
27024.000,-61.000,-162840.000,32.000,7200.000,0.000,0.000,0.000,0.000
27034.000,-60.000,-162900.000,32.000,7200.000,0.000,0.000,0.000,0.000
27044.000,-61.000,-162961.000,32.000,7200.000,0.000,0.000,0.000,0.000
27054.000,-60.000,-163021.000,32.000,7200.000,0.000,0.000,0.000,0.000
27064.000,-60.000,-163081.000,32.000,7200.000,0.000,0.000,0.000,0.000
27074.000,-61.000,-163142.000,32.000,7200.000,0.000,0.000,0.000,0.000
27084.000,-61.000,-163203.000,32.000,7200.000,0.000,0.000,0.000,0.000
27094.000,-60.000,-163263.000,32.000,7200.000,0.000,0.000,0.000,0.000
27104.000,-61.000,-163324.000,32.000,7200.000,0.000,0.000,0.000,0.000
27114.000,-60.000,-163384.000,32.000,7200.000,0.000,0.000,0.000,0.000
27124.000,-61.000,-163445.000,32.000,7200.000,0.000,0.000,0.000,0.000
27134.000,-60.000,-163505.000,32.000,7200.000,0.000,0.000,0.000,0.000
27144.000,-60.000,-163565.000,32.000,7200.000,0.000,0.000,0.000,0.000
27154.000,-61.000,-163626.000,32.000,7200.000,0.000,0.000,0.000,0.000
27164.000,-60.000,-163686.000,32.000,7200.000,0.000,0.000,0.000,0.000
27174.000,-61.000,-163747.000,32.000,7200.000,0.000,0.000,0.000,0.000
27184.000,-60.000,-163807.000,32.000,7200.000,0.000,0.000,0.000,0.000
27194.000,-60.000,-163867.000,32.000,7200.000,0.000,0.000,0.000,0.000
27204.000,-61.000,-163928.000,32.000,7200.000,0.000,0.000,0.000,0.000
27214.000,-60.000,-163988.000,32.000,7200.000,0.000,0.000,0.000,0.000
27224.000,-61.000,-164049.000,32.000,7200.000,0.000,0.000,0.000,0.000
27234.000,-60.000,-164109.000,32.000,7200.000,0.000,0.000,0.000,0.000
27244.000,-60.000,-164169.000,32.000,7200.000,0.000,0.000,0.000,0.000
27254.000,-60.000,-164229.000,32.000,7200.000,0.000,0.000,0.000,0.000
27264.000,-62.000,-164291.000,32.000,7200.000,0.000,0.000,0.000,0.000
27274.000,-60.000,-164351.000,32.000,7200.000,0.000,0.000,0.000,0.000
27284.000,-60.000,-164411.000,32.000,7200.000,0.000,0.000,0.000,0.000
27294.000,-61.000,-164472.000,32.000,7200.000,0.000,0.000,0.000,0.000
27304.000,-60.000,-164532.000,32.000,7200.000,0.000,0.000,0.000,0.000
27314.000,-60.000,-164592.000,32.000,7200.000,0.000,0.000,0.000,0.000
27324.000,-60.000,-164652.000,32.000,7200.000,0.000,0.000,0.000,0.000
27334.000,-61.000,-164713.000,32.000,7200.000,0.000,0.000,0.000,0.000
27344.000,-60.000,-164773.000,32.000,7200.000,0.000,0.000,0.000,0.000
27354.000,-60.000,-164833.000,32.000,7200.000,0.000,0.000,0.000,0.000
27364.000,-61.000,-164894.000,32.000,7200.000,0.000,0.000,0.000,0.000
27374.000,-61.000,-164955.000,32.000,7200.000,0.000,0.000,0.000,0.000
27384.000,-60.000,-165015.000,32.000,7200.000,0.000,0.000,0.000,0.000
27394.000,-60.000,-165075.000,32.000,7200.000,0.000,0.000,0.000,0.000
27404.000,-61.000,-165136.000,32.000,7200.000,0.000,0.000,0.000,0.000
27414.000,-60.000,-165196.000,32.000,7200.000,0.000,0.000,0.000,0.000
27424.000,-61.000,-165257.000,32.000,7200.000,0.000,0.000,0.000,0.000
27434.000,-60.000,-165317.000,32.000,7200.000,0.000,0.000,0.000,0.000
27444.000,-61.000,-165378.000,32.000,7200.000,0.000,0.000,0.000,0.000
27454.000,-60.000,-165438.000,32.000,7200.000,0.000,0.000,0.000,0.000
27464.000,-61.000,-165499.000,32.000,7200.000,0.000,0.000,0.000,0.000
27474.000,-60.000,-165559.000,32.000,7200.000,0.000,0.000,0.000,0.000
27484.000,-61.000,-165620.000,32.000,7200.000,0.000,0.000,0.000,0.000
27494.000,-60.000,-165680.000,32.000,7200.000,0.000,0.000,0.000,0.000
27504.000,-60.000,-165740.000,32.000,7200.000,0.000,0.000,0.000,0.000
27514.000,-61.000,-165801.000,32.000,7200.000,0.000,0.000,0.000,0.000
27524.000,-60.000,-165861.000,32.000,7200.000,0.000,0.000,0.000,0.000
27534.000,-61.000,-165922.000,32.000,7200.000,0.000,0.000,0.000,0.000
27544.000,-61.000,-165983.000,32.000,7200.000,0.000,0.000,0.000,0.000
27554.000,-60.000,-166043.000,32.000,7200.000,0.000,0.000,0.000,0.000
27564.000,-61.000,-166104.000,32.000,7200.000,0.000,0.000,0.000,0.000
27574.000,-60.000,-166164.000,32.000,7200.000,0.000,0.000,0.000,0.000
27584.000,-61.000,-166225.000,32.000,7200.000,0.000,0.000,0.000,0.000
27594.000,-60.000,-166285.000,32.000,7200.000,0.000,0.000,0.000,0.000
27604.000,-60.000,-166345.000,32.000,7200.000,0.000,0.000,0.000,0.000
27614.000,-60.000,-166405.000,32.000,7200.000,0.000,0.000,0.000,0.000
27624.000,-61.000,-166466.000,32.000,7200.000,0.000,0.000,0.000,0.000
27634.000,-61.000,-166527.000,32.000,7200.000,0.000,0.000,0.000,0.000
27644.000,-60.000,-166587.000,32.000,7200.000,0.000,0.000,0.000,0.000
27654.000,-60.000,-166647.000,32.000,7200.000,0.000,0.000,0.000,0.000
27664.000,-61.000,-166708.000,32.000,7200.000,0.000,0.000,0.000,0.000
27674.000,-60.000,-166768.000,32.000,7200.000,0.000,0.000,0.000,0.000
27684.000,-61.000,-166829.000,32.000,7200.000,0.000,0.000,0.000,0.000
27694.000,-60.000,-166889.000,32.000,7200.000,0.000,0.000,0.000,0.000
27704.000,-60.000,-166949.000,32.000,7200.000,0.000,0.000,0.000,0.000
27714.000,-61.000,-167010.000,32.000,7200.000,0.000,0.000,0.000,0.000
27724.000,-61.000,-167071.000,32.000,7200.000,0.000,0.000,0.000,0.000
27734.000,-60.000,-167131.000,32.000,7200.000,0.000,0.000,0.000,0.000
27744.000,-60.000,-167191.000,32.000,7200.000,0.000,0.000,0.000,0.000
27754.000,-61.000,-167252.000,32.000,7200.000,0.000,0.000,0.000,0.000
27764.000,-60.000,-167312.000,32.000,7200.000,0.000,0.000,0.000,0.000
27774.000,-61.000,-167373.000,32.000,7200.000,0.000,0.000,0.000,0.000
27784.000,-60.000,-167433.000,32.000,7200.000,0.000,0.000,0.000,0.000
27794.000,-60.000,-167493.000,32.000,7200.000,0.000,0.000,0.000,0.000
27804.000,-61.000,-167554.000,32.000,7200.000,0.000,0.000,0.000,0.000
27814.000,-60.000,-167614.000,32.000,7200.000,0.000,0.000,0.000,0.000
27824.000,-61.000,-167675.000,32.000,7200.000,0.000,0.000,0.000,0.000
27834.000,-60.000,-167735.000,32.000,7200.000,0.000,0.000,0.000,0.000
27844.000,-61.000,-167796.000,32.000,7200.000,0.000,0.000,0.000,0.000
27854.000,-60.000,-167856.000,32.000,7200.000,0.000,0.000,0.000,0.000
27864.000,-61.000,-167917.000,32.000,7200.000,0.000,0.000,0.000,0.000
27874.000,-60.000,-167977.000,32.000,7200.000,0.000,0.000,0.000,0.000
27884.000,-61.000,-168038.000,32.000,7200.000,0.000,0.000,0.000,0.000
27894.000,-61.000,-168099.000,32.000,7200.000,0.000,0.000,0.000,0.000
27904.000,-60.000,-168159.000,32.000,7200.000,0.000,0.000,0.000,0.000
27914.000,-60.000,-168219.000,32.000,7200.000,0.000,0.000,0.000,0.000
27924.000,-61.000,-168280.000,32.000,7200.000,0.000,0.000,0.000,0.000
27934.000,-60.000,-168340.000,32.000,7200.000,0.000,0.000,0.000,0.000
27944.000,-61.000,-168401.000,32.000,7200.000,0.000,0.000,0.000,0.000
27954.000,-60.000,-168461.000,32.000,7200.000,0.000,0.000,0.000,0.000
27964.000,-61.000,-168522.000,32.000,7200.000,0.000,0.000,0.000,0.000
27974.000,-61.000,-168583.000,32.000,7200.000,0.000,0.000,0.000,0.000
27984.000,-60.000,-168643.000,32.000,7200.000,0.000,0.000,0.000,0.000
27994.000,-60.000,-168703.000,32.000,7200.000,0.000,0.000,0.000,0.000
28004.000,-61.000,-168764.000,32.000,7200.000,0.000,0.000,0.000,0.000
28014.000,-60.000,-168824.000,32.000,7200.000,0.000,0.000,0.000,0.000
28024.000,-61.000,-168885.000,32.000,7200.000,0.000,0.000,0.000,0.000
28034.000,-60.000,-168945.000,32.000,7200.000,0.000,0.000,0.000,0.000
28044.000,-60.000,-169005.000,32.000,7200.000,0.000,0.000,0.000,0.000
28054.000,-60.000,-169065.000,32.000,7200.000,0.000,0.000,0.000,0.000
28064.000,-62.000,-169127.000,32.000,7200.000,0.000,0.000,0.000,0.000
28074.000,-60.000,-169187.000,32.000,7200.000,0.000,0.000,0.000,0.000
28084.000,-60.000,-169247.000,32.000,7200.000,0.000,0.000,0.000,0.000
28094.000,-61.000,-169308.000,32.000,7200.000,0.000,0.000,0.000,0.000
28104.000,-60.000,-169368.000,32.000,7200.000,0.000,0.000,0.000,0.000
28114.000,-60.000,-169428.000,32.000,7200.000,0.000,0.000,0.000,0.000
28124.000,-61.000,-169489.000,32.000,7200.000,0.000,0.000,0.000,0.000
28134.000,-60.000,-169549.000,32.000,7200.000,0.000,0.000,0.000,0.000
28144.000,-60.000,-169609.000,32.000,7200.000,0.000,0.000,0.000,0.000
28154.000,-61.000,-169670.000,32.000,7200.000,0.000,0.000,0.000,0.000
28164.000,-61.000,-169731.000,32.000,7200.000,0.000,0.000,0.000,0.000
28174.000,-60.000,-169791.000,32.000,7200.000,0.000,0.000,0.000,0.000
28184.000,-60.000,-169851.000,32.000,7200.000,0.000,0.000,0.000,0.000
28194.000,-61.000,-169912.000,32.000,7200.000,0.000,0.000,0.000,0.000
28204.000,-60.000,-169972.000,32.000,7200.000,0.000,0.000,0.000,0.000
28214.000,-61.000,-170033.000,32.000,7200.000,0.000,0.000,0.000,0.000
28224.000,-60.000,-170093.000,32.000,7200.000,0.000,0.000,0.000,0.000
28234.000,-61.000,-170154.000,32.000,7200.000,0.000,0.000,0.000,0.000
28244.000,-61.000,-170215.000,32.000,7200.000,0.000,0.000,0.000,0.000
28254.000,-60.000,-170275.000,32.000,7200.000,0.000,0.000,0.000,0.000
28264.000,-60.000,-170335.000,32.000,7200.000,0.000,0.000,0.000,0.000
28274.000,-61.000,-170396.000,32.000,7200.000,0.000,0.000,0.000,0.000
28284.000,-60.000,-170456.000,32.000,7200.000,0.000,0.000,0.000,0.000
28294.000,-61.000,-170517.000,32.000,7200.000,0.000,0.000,0.000,0.000
28304.000,-60.000,-170577.000,32.000,7200.000,0.000,0.000,0.000,0.000
28314.000,-61.000,-170638.000,32.000,7200.000,0.000,0.000,0.000,0.000
28324.000,-61.000,-170699.000,32.000,7200.000,0.000,0.000,0.000,0.000
28334.000,-60.000,-170759.000,32.000,7200.000,0.000,0.000,0.000,0.000
28344.000,-61.000,-170820.000,32.000,7200.000,0.000,0.000,0.000,0.000
28354.000,-60.000,-170880.000,32.000,7200.000,0.000,0.000,0.000,0.000
28364.000,-60.000,-170940.000,32.000,7200.000,0.000,0.000,0.000,0.000
28374.000,-61.000,-171001.000,32.000,7200.000,0.000,0.000,0.000,0.000
28384.000,-60.000,-171061.000,32.000,7200.000,0.000,0.000,0.000,0.000
28394.000,-60.000,-171121.000,32.000,7200.000,0.000,0.000,0.000,0.000
28404.000,-62.000,-171183.000,32.000,7200.000,0.000,0.000,0.000,0.000
28414.000,-60.000,-171243.000,32.000,7200.000,0.000,0.000,0.000,0.000
28424.000,-60.000,-171303.000,32.000,7200.000,0.000,0.000,0.000,0.000
28434.000,-61.000,-171364.000,32.000,7200.000,0.000,0.000,0.000,0.000
28444.000,-60.000,-171424.000,32.000,7200.000,0.000,0.000,0.000,0.000
28454.000,-61.000,-171485.000,32.000,7200.000,0.000,0.000,0.000,0.000
28464.000,-60.000,-171545.000,32.000,7200.000,0.000,0.000,0.000,0.000
28474.000,-60.000,-171605.000,32.000,7200.000,0.000,0.000,0.000,0.000
28484.000,-62.000,-171667.000,32.000,7200.000,0.000,0.000,0.000,0.000
28494.000,-60.000,-171727.000,32.000,7200.000,0.000,0.000,0.000,0.000
28504.000,-60.000,-171787.000,32.000,7200.000,0.000,0.000,0.000,0.000
28514.000,-61.000,-171848.000,32.000,7200.000,0.000,0.000,0.000,0.000
28524.000,-60.000,-171908.000,32.000,7200.000,0.000,0.000,0.000,0.000
28534.000,-60.000,-171968.000,32.000,7200.000,0.000,0.000,0.000,0.000
28544.000,-61.000,-172029.000,32.000,7200.000,0.000,0.000,0.000,0.000
28554.000,-60.000,-172089.000,32.000,7200.000,0.000,0.000,0.000,0.000
28564.000,-61.000,-172150.000,32.000,7200.000,0.000,0.000,0.000,0.000
28574.000,-61.000,-172211.000,32.000,7200.000,0.000,0.000,0.000,0.000
28584.000,-60.000,-172271.000,32.000,7200.000,0.000,0.000,0.000,0.000
28594.000,-61.000,-172332.000,32.000,7200.000,0.000,0.000,0.000,0.000
28604.000,-60.000,-172392.000,32.000,7200.000,0.000,0.000,0.000,0.000
28614.000,-61.000,-172453.000,32.000,7200.000,0.000,0.000,0.000,0.000
28624.000,-60.000,-172513.000,32.000,7200.000,0.000,0.000,0.000,0.000
28634.000,-60.000,-172573.000,32.000,7200.000,0.000,0.000,0.000,0.000
28644.000,-62.000,-172635.000,32.000,7200.000,0.000,0.000,0.000,0.000
28654.000,-60.000,-172695.000,32.000,7200.000,0.000,0.000,0.000,0.000
28664.000,-60.000,-172755.000,32.000,7200.000,0.000,0.000,0.000,0.000
28674.000,-61.000,-172816.000,32.000,7200.000,0.000,0.000,0.000,0.000
28684.000,-61.000,-172877.000,32.000,7200.000,0.000,0.000,0.000,0.000
28694.000,-60.000,-172937.000,32.000,7200.000,0.000,0.000,0.000,0.000
28704.000,-60.000,-172997.000,32.000,7200.000,0.000,0.000,0.000,0.000
28714.000,-61.000,-173058.000,32.000,7200.000,0.000,0.000,0.000,0.000
28724.000,-61.000,-173119.000,32.000,7200.000,0.000,0.000,0.000,0.000
28734.000,-60.000,-173179.000,32.000,7200.000,0.000,0.000,0.000,0.000
28744.000,-61.000,-173240.000,32.000,7200.000,0.000,0.000,0.000,0.000
28754.000,-60.000,-173300.000,32.000,7200.000,0.000,0.000,0.000,0.000
28764.000,-61.000,-173361.000,32.000,7200.000,0.000,0.000,0.000,0.000
28774.000,-60.000,-173421.000,32.000,7200.000,0.000,0.000,0.000,0.000
28784.000,-60.000,-173481.000,32.000,7200.000,0.000,0.000,0.000,0.000
28794.000,-62.000,-173543.000,32.000,7200.000,0.000,0.000,0.000,0.000
28804.000,-60.000,-173603.000,32.000,7200.000,0.000,0.000,0.000,0.000
28814.000,-60.000,-173663.000,32.000,7200.000,0.000,0.000,0.000,0.000
28824.000,-61.000,-173724.000,32.000,7200.000,0.000,0.000,0.000,0.000
28834.000,-60.000,-173784.000,32.000,7200.000,0.000,0.000,0.000,0.000
28844.000,-61.000,-173845.000,32.000,7200.000,0.000,0.000,0.000,0.000
28854.000,-60.000,-173905.000,32.000,7200.000,0.000,0.000,0.000,0.000
28864.000,-60.000,-173965.000,32.000,7200.000,0.000,0.000,0.000,0.000
28874.000,-61.000,-174026.000,32.000,7200.000,0.000,0.000,0.000,0.000
28884.000,-61.000,-174087.000,32.000,7200.000,0.000,0.000,0.000,0.000
28894.000,-60.000,-174147.000,32.000,7200.000,0.000,0.000,0.000,0.000
28904.000,-61.000,-174208.000,32.000,7200.000,0.000,0.000,0.000,0.000
28914.000,-60.000,-174268.000,32.000,7200.000,0.000,0.000,0.000,0.000
28924.000,-60.000,-174328.000,32.000,7200.000,0.000,0.000,0.000,0.000
28934.000,-61.000,-174389.000,32.000,7200.000,0.000,0.000,0.000,0.000
28944.000,-60.000,-174449.000,32.000,7200.000,0.000,0.000,0.000,0.000
28954.000,-60.000,-174509.000,32.000,7200.000,0.000,0.000,0.000,0.000
28964.000,-61.000,-174570.000,32.000,7200.000,0.000,0.000,0.000,0.000
28974.000,-61.000,-174631.000,32.000,7200.000,0.000,0.000,0.000,0.000
28984.000,-60.000,-174691.000,32.000,7200.000,0.000,0.000,0.000,0.000
28994.000,-61.000,-174752.000,32.000,7200.000,0.000,0.000,0.000,0.000
29004.000,-60.000,-174812.000,32.000,7200.000,0.000,0.000,0.000,0.000
29014.000,-61.000,-174873.000,32.000,7200.000,0.000,0.000,0.000,0.000
29024.000,-60.000,-174933.000,32.000,7200.000,0.000,0.000,0.000,0.000
29034.000,-61.000,-174994.000,32.000,7200.000,0.000,0.000,0.000,0.000
29044.000,-61.000,-175055.000,32.000,7200.000,0.000,0.000,0.000,0.000
29054.000,-60.000,-175115.000,32.000,7200.000,0.000,0.000,0.000,0.000
29064.000,-61.000,-175176.000,32.000,7200.000,0.000,0.000,0.000,0.000
29074.000,-60.000,-175236.000,32.000,7200.000,0.000,0.000,0.000,0.000
29084.000,-61.000,-175297.000,32.000,7200.000,0.000,0.000,0.000,0.000
29094.000,-60.000,-175357.000,32.000,7200.000,0.000,0.000,0.000,0.000
29104.000,-60.000,-175417.000,32.000,7200.000,0.000,0.000,0.000,0.000
29114.000,-62.000,-175479.000,32.000,7200.000,0.000,0.000,0.000,0.000
29124.000,-60.000,-175539.000,32.000,7200.000,0.000,0.000,0.000,0.000
29134.000,-61.000,-175600.000,32.000,7200.000,0.000,0.000,0.000,0.000
29144.000,-60.000,-175660.000,32.000,7200.000,0.000,0.000,0.000,0.000
29154.000,-61.000,-175721.000,32.000,7200.000,0.000,0.000,0.000,0.000
29164.000,-60.000,-175781.000,32.000,7200.000,0.000,0.000,0.000,0.000
29174.000,-61.000,-175842.000,32.000,7200.000,0.000,0.000,0.000,0.000
29184.000,-61.000,-175903.000,32.000,7200.000,0.000,0.000,0.000,0.000
29194.000,-60.000,-175963.000,32.000,7200.000,0.000,0.000,0.000,0.000
29204.000,-61.000,-176024.000,32.000,7200.000,0.000,0.000,0.000,0.000
29214.000,-60.000,-176084.000,32.000,7200.000,0.000,0.000,0.000,0.000
29224.000,-60.000,-176144.000,32.000,7200.000,0.000,0.000,0.000,0.000
29234.000,-61.000,-176205.000,32.000,7200.000,0.000,0.000,0.000,0.000
29244.000,-60.000,-176265.000,32.000,7200.000,0.000,0.000,0.000,0.000
29254.000,-60.000,-176325.000,32.000,7200.000,0.000,0.000,0.000,0.000
29264.000,-62.000,-176387.000,32.000,7200.000,0.000,0.000,0.000,0.000
29274.000,-60.000,-176447.000,32.000,7200.000,0.000,0.000,0.000,0.000
29284.000,-60.000,-176507.000,32.000,7200.000,0.000,0.000,0.000,0.000
29294.000,-61.000,-176568.000,32.000,7200.000,0.000,0.000,0.000,0.000
29304.000,-60.000,-176628.000,32.000,7200.000,0.000,0.000,0.000,0.000
29314.000,-61.000,-176689.000,32.000,7200.000,0.000,0.000,0.000,0.000
29324.000,-60.000,-176749.000,32.000,7200.000,0.000,0.000,0.000,0.000
29334.000,-60.000,-176809.000,32.000,7200.000,0.000,0.000,0.000,0.000
29344.000,-62.000,-176871.000,32.000,7200.000,0.000,0.000,0.000,0.000
29354.000,-60.000,-176931.000,32.000,7200.000,0.000,0.000,0.000,0.000
29364.000,-61.000,-176992.000,32.000,7200.000,0.000,0.000,0.000,0.000
29374.000,-60.000,-177052.000,32.000,7200.000,0.000,0.000,0.000,0.000
29384.000,-60.000,-177112.000,32.000,7200.000,0.000,0.000,0.000,0.000
29394.000,-61.000,-177173.000,32.000,7200.000,0.000,0.000,0.000,0.000
29404.000,-60.000,-177233.000,32.000,7200.000,0.000,0.000,0.000,0.000
29414.000,-61.000,-177294.000,32.000,7200.000,0.000,0.000,0.000,0.000
29424.000,-61.000,-177355.000,32.000,7200.000,0.000,0.000,0.000,0.000
29434.000,-60.000,-177415.000,32.000,7200.000,0.000,0.000,0.000,0.000
29444.000,-61.000,-177476.000,32.000,7200.000,0.000,0.000,0.000,0.000
29454.000,-60.000,-177536.000,32.000,7200.000,0.000,0.000,0.000,0.000
29464.000,-61.000,-177597.000,32.000,7200.000,0.000,0.000,0.000,0.000
29474.000,-60.000,-177657.000,32.000,7200.000,0.000,0.000,0.000,0.000
29484.000,-61.000,-177718.000,32.000,7200.000,0.000,0.000,0.000,0.000
29494.000,-61.000,-177779.000,32.000,7200.000,0.000,0.000,0.000,0.000
29504.000,-60.000,-177839.000,32.000,7200.000,0.000,0.000,0.000,0.000
29514.000,-61.000,-177900.000,32.000,7200.000,0.000,0.000,0.000,0.000
29524.000,-60.000,-177960.000,32.000,7200.000,0.000,0.000,0.000,0.000
29534.000,-61.000,-178021.000,32.000,7200.000,0.000,0.000,0.000,0.000
29544.000,-60.000,-178081.000,32.000,7200.000,0.000,0.000,0.000,0.000
29554.000,-60.000,-178141.000,32.000,7200.000,0.000,0.000,0.000,0.000
29564.000,-62.000,-178203.000,32.000,7200.000,0.000,0.000,0.000,0.000
29574.000,-60.000,-178263.000,32.000,7200.000,0.000,0.000,0.000,0.000
29584.000,-60.000,-178323.000,32.000,7200.000,0.000,0.000,0.000,0.000
29594.000,-61.000,-178384.000,32.000,7200.000,0.000,0.000,0.000,0.000
29604.000,-60.000,-178444.000,32.000,7200.000,0.000,0.000,0.000,0.000
29614.000,-61.000,-178505.000,32.000,7200.000,0.000,0.000,0.000,0.000
29624.000,-60.000,-178565.000,32.000,7200.000,0.000,0.000,0.000,0.000
29634.000,-61.000,-178626.000,32.000,7200.000,0.000,0.000,0.000,0.000
29644.000,-61.000,-178687.000,32.000,7200.000,0.000,0.000,0.000,0.000
29654.000,-60.000,-178747.000,32.000,7200.000,0.000,0.000,0.000,0.000
29664.000,-60.000,-178807.000,32.000,7200.000,0.000,0.000,0.000,0.000
29674.000,-61.000,-178868.000,32.000,7200.000,0.000,0.000,0.000,0.000
29684.000,-60.000,-178928.000,32.000,7200.000,0.000,0.000,0.000,0.000
29694.000,-60.000,-178988.000,32.000,7200.000,0.000,0.000,0.000,0.000
29704.000,-60.000,-179048.000,32.000,7200.000,0.000,0.000,0.000,0.000
29714.000,-61.000,-179109.000,32.000,7200.000,0.000,0.000,0.000,0.000
29724.000,-60.000,-179169.000,32.000,7200.000,0.000,0.000,0.000,0.000
29734.000,-60.000,-179229.000,32.000,7200.000,0.000,0.000,0.000,0.000
29744.000,-62.000,-179291.000,32.000,7200.000,0.000,0.000,0.000,0.000
29754.000,-60.000,-179351.000,32.000,7200.000,0.000,0.000,0.000,0.000
29764.000,-60.000,-179411.000,32.000,7200.000,0.000,0.000,0.000,0.000
29774.000,-61.000,-179472.000,32.000,7200.000,0.000,0.000,0.000,0.000
29784.000,-60.000,-179532.000,32.000,7200.000,0.000,0.000,0.000,0.000
29794.000,-61.000,-179593.000,32.000,7200.000,0.000,0.000,0.000,0.000
29804.000,-60.000,-179653.000,32.000,7200.000,0.000,0.000,0.000,0.000
29814.000,-60.000,-179713.000,32.000,7200.000,0.000,0.000,0.000,0.000
29824.000,-62.000,-179775.000,32.000,7200.000,0.000,0.000,0.000,0.000
29834.000,-60.000,-179835.000,32.000,7200.000,0.000,0.000,0.000,0.000
29844.000,-60.000,-179895.000,32.000,7200.000,0.000,0.000,0.000,0.000
29854.000,-61.000,-179956.000,32.000,7200.000,0.000,0.000,0.000,0.000
29864.000,-60.000,-180016.000,32.000,7200.000,0.000,0.000,0.000,0.000
29874.000,-61.000,-180077.000,32.000,7200.000,0.000,0.000,0.000,0.000
29884.000,-60.000,-180137.000,32.000,7200.000,0.000,0.000,0.000,0.000
29894.000,-60.000,-180197.000,32.000,7200.000,0.000,0.000,0.000,0.000
29904.000,-62.000,-180259.000,32.000,7200.000,0.000,0.000,0.000,0.000
29914.000,-60.000,-180319.000,32.000,7200.000,0.000,0.000,0.000,0.000
29924.000,-61.000,-180380.000,32.000,7200.000,0.000,0.000,0.000,0.000
29934.000,-60.000,-180440.000,32.000,7200.000,0.000,0.000,0.000,0.000
29944.000,-61.000,-180501.000,32.000,7200.000,0.000,0.000,0.000,0.000
29954.000,-60.000,-180561.000,32.000,7200.000,0.000,0.000,0.000,0.000
29964.000,-60.000,-180621.000,32.000,7200.000,0.000,0.000,0.000,0.000
29974.000,-61.000,-180682.000,32.000,7200.000,0.000,0.000,0.000,0.000
29984.000,-61.000,-180743.000,32.000,7200.000,0.000,0.000,0.000,0.000
29994.000,-60.000,-180803.000,32.000,7200.000,0.000,0.000,0.000,0.000
30004.000,-60.000,-180863.000,32.000,7200.000,0.000,0.000,0.000,0.000
30014.000,-61.000,-180924.000,32.000,7200.000,0.000,0.000,0.000,0.000
30024.000,-60.000,-180984.000,32.000,7200.000,0.000,0.000,0.000,0.000
30034.000,-61.000,-181045.000,32.000,7200.000,0.000,0.000,0.000,0.000
30044.000,-60.000,-181105.000,32.000,7200.000,0.000,0.000,0.000,0.000
30054.000,-60.000,-181165.000,32.000,7200.000,0.000,0.000,0.000,0.000
30064.000,-62.000,-181227.000,32.000,7200.000,0.000,0.000,0.000,0.000
30074.000,-60.000,-181287.000,32.000,7200.000,0.000,0.000,0.000,0.000
30084.000,-60.000,-181347.000,32.000,7200.000,0.000,0.000,0.000,0.000
30094.000,-61.000,-181408.000,32.000,7200.000,0.000,0.000,0.000,0.000
30104.000,-60.000,-181468.000,32.000,7200.000,0.000,0.000,0.000,0.000
30114.000,-60.000,-181528.000,32.000,7200.000,0.000,0.000,0.000,0.000
30124.000,-61.000,-181589.000,32.000,7200.000,0.000,0.000,0.000,0.000
30134.000,-60.000,-181649.000,32.000,7200.000,0.000,0.000,0.000,0.000
30144.000,-60.000,-181709.000,32.000,7200.000,0.000,0.000,0.000,0.000
30154.000,-61.000,-181770.000,32.000,7200.000,0.000,0.000,0.000,0.000
30164.000,-61.000,-181831.000,32.000,7200.000,0.000,0.000,0.000,0.000
30174.000,-60.000,-181891.000,32.000,7200.000,0.000,0.000,0.000,0.000
30184.000,-60.000,-181951.000,32.000,7200.000,0.000,0.000,0.000,0.000
30194.000,-61.000,-182012.000,32.000,7200.000,0.000,0.000,0.000,0.000
30204.000,-60.000,-182072.000,32.000,7200.000,0.000,0.000,0.000,0.000
30214.000,-61.000,-182133.000,32.000,7200.000,0.000,0.000,0.000,0.000
30224.000,-60.000,-182193.000,32.000,7200.000,0.000,0.000,0.000,0.000
30234.000,-62.000,-182255.000,32.000,7200.000,0.000,0.000,0.000,0.000
30244.000,-60.000,-182315.000,32.000,7200.000,0.000,0.000,0.000,0.000
30254.000,-61.000,-182376.000,32.000,7200.000,0.000,0.000,0.000,0.000
30264.000,-60.000,-182436.000,32.000,7200.000,0.000,0.000,0.000,0.000
30274.000,-60.000,-182496.000,32.000,7200.000,0.000,0.000,0.000,0.000
30284.000,-61.000,-182557.000,32.000,7200.000,0.000,0.000,0.000,0.000
30294.000,-60.000,-182617.000,32.000,7200.000,0.000,0.000,0.000,0.000
30304.000,-60.000,-182677.000,32.000,7200.000,0.000,0.000,0.000,0.000
30314.000,-61.000,-182738.000,32.000,7200.000,0.000,0.000,0.000,0.000
30324.000,-61.000,-182799.000,32.000,7200.000,0.000,0.000,0.000,0.000
30334.000,-60.000,-182859.000,32.000,7200.000,0.000,0.000,0.000,0.000
30344.000,-61.000,-182920.000,32.000,7200.000,0.000,0.000,0.000,0.000
30354.000,-61.000,-182981.000,32.000,7200.000,0.000,0.000,0.000,0.000
30364.000,-60.000,-183041.000,32.000,7200.000,0.000,0.000,0.000,0.000
30374.000,-60.000,-183101.000,32.000,7200.000,0.000,0.000,0.000,0.000
30384.000,-61.000,-183162.000,32.000,7200.000,0.000,0.000,0.000,0.000
30394.000,-61.000,-183223.000,32.000,7200.000,0.000,0.000,0.000,0.000
30404.000,-60.000,-183283.000,32.000,7200.000,0.000,0.000,0.000,0.000
30414.000,-60.000,-183343.000,32.000,7200.000,0.000,0.000,0.000,0.000
30424.000,-61.000,-183404.000,32.000,7200.000,0.000,0.000,0.000,0.000
30434.000,-60.000,-183464.000,32.000,7200.000,0.000,0.000,0.000,0.000
30444.000,-60.000,-183524.000,32.000,7200.000,0.000,0.000,0.000,0.000
30454.000,-61.000,-183585.000,32.000,7200.000,0.000,0.000,0.000,0.000
30464.000,-60.000,-183645.000,32.000,7200.000,0.000,0.000,0.000,0.000
30474.000,-60.000,-183705.000,32.000,7200.000,0.000,0.000,0.000,0.000
30484.000,-62.000,-183767.000,32.000,7200.000,0.000,0.000,0.000,0.000
30494.000,-60.000,-183827.000,32.000,7200.000,0.000,0.000,0.000,0.000
30504.000,-60.000,-183887.000,32.000,7200.000,0.000,0.000,0.000,0.000
30514.000,-61.000,-183948.000,32.000,7200.000,0.000,0.000,0.000,0.000
30524.000,-60.000,-184008.000,32.000,7200.000,0.000,0.000,0.000,0.000
30534.000,-61.000,-184069.000,32.000,7200.000,0.000,0.000,0.000,0.000
30544.000,-60.000,-184129.000,32.000,7200.000,0.000,0.000,0.000,0.000
30554.000,-60.000,-184189.000,32.000,7200.000,0.000,0.000,0.000,0.000
30564.000,-62.000,-184251.000,32.000,7200.000,0.000,0.000,0.000,0.000
30574.000,-60.000,-184311.000,32.000,7200.000,0.000,0.000,0.000,0.000
30584.000,-60.000,-184371.000,32.000,7200.000,0.000,0.000,0.000,0.000
30594.000,-61.000,-184432.000,32.000,7200.000,0.000,0.000,0.000,0.000
30604.000,-60.000,-184492.000,32.000,7200.000,0.000,0.000,0.000,0.000
30614.000,-60.000,-184552.000,32.000,7200.000,0.000,0.000,0.000,0.000
30624.000,-61.000,-184613.000,32.000,7200.000,0.000,0.000,0.000,0.000
30634.000,-60.000,-184673.000,32.000,7200.000,0.000,0.000,0.000,0.000
30644.000,-61.000,-184734.000,32.000,7200.000,0.000,0.000,0.000,0.000
30654.000,-61.000,-184795.000,32.000,7200.000,0.000,0.000,0.000,0.000
30664.000,-60.000,-184855.000,32.000,7200.000,0.000,0.000,0.000,0.000
30674.000,-61.000,-184916.000,32.000,7200.000,0.000,0.000,0.000,0.000
30684.000,-60.000,-184976.000,32.000,7200.000,0.000,0.000,0.000,0.000
30694.000,-61.000,-185037.000,32.000,7200.000,0.000,0.000,0.000,0.000
30704.000,-60.000,-185097.000,32.000,7200.000,0.000,0.000,0.000,0.000
30714.000,-61.000,-185158.000,32.000,7200.000,0.000,0.000,0.000,0.000
30724.000,-61.000,-185219.000,32.000,7200.000,0.000,0.000,0.000,0.000
30734.000,-60.000,-185279.000,32.000,7200.000,0.000,0.000,0.000,0.000
30744.000,-60.000,-185339.000,32.000,7200.000,0.000,0.000,0.000,0.000
30754.000,-61.000,-185400.000,32.000,7200.000,0.000,0.000,0.000,0.000
30764.000,-60.000,-185460.000,32.000,7200.000,0.000,0.000,0.000,0.000
30774.000,-61.000,-185521.000,32.000,7200.000,0.000,0.000,0.000,0.000
30784.000,-60.000,-185581.000,32.000,7200.000,0.000,0.000,0.000,0.000
30794.000,-60.000,-185641.000,32.000,7200.000,0.000,0.000,0.000,0.000
30804.000,-61.000,-185702.000,32.000,7200.000,0.000,0.000,0.000,0.000
30814.000,-61.000,-185763.000,32.000,7200.000,0.000,0.000,0.000,0.000
30824.000,-60.000,-185823.000,32.000,7200.000,0.000,0.000,0.000,0.000
30834.000,-61.000,-185884.000,32.000,7200.000,0.000,0.000,0.000,0.000
30844.000,-60.000,-185944.000,32.000,7200.000,0.000,0.000,0.000,0.000
30854.000,-60.000,-186004.000,32.000,7200.000,0.000,0.000,0.000,0.000
30864.000,-61.000,-186065.000,32.000,7200.000,0.000,0.000,0.000,0.000
30874.000,-60.000,-186125.000,32.000,7200.000,0.000,0.000,0.000,0.000
30884.000,-60.000,-186185.000,32.000,7200.000,0.000,0.000,0.000,0.000
30894.000,-60.000,-186245.000,32.000,7200.000,0.000,0.000,0.000,0.000
30904.000,-62.000,-186307.000,32.000,7200.000,0.000,0.000,0.000,0.000
30914.000,-60.000,-186367.000,32.000,7200.000,0.000,0.000,0.000,0.000
30924.000,-60.000,-186427.000,32.000,7200.000,0.000,0.000,0.000,0.000
30934.000,-61.000,-186488.000,32.000,7200.000,0.000,0.000,0.000,0.000
30944.000,-60.000,-186548.000,32.000,7200.000,0.000,0.000,0.000,0.000
30954.000,-60.000,-186608.000,32.000,7200.000,0.000,0.000,0.000,0.000
30964.000,-61.000,-186669.000,32.000,7200.000,0.000,0.000,0.000,0.000
30974.000,-60.000,-186729.000,32.000,7200.000,0.000,0.000,0.000,0.000
30984.000,-61.000,-186790.000,32.000,7200.000,0.000,0.000,0.000,0.000
30994.000,-61.000,-186851.000,32.000,7200.000,0.000,0.000,0.000,0.000
31004.000,-60.000,-186911.000,32.000,7200.000,0.000,0.000,0.000,0.000
31014.000,-61.000,-186972.000,32.000,7200.000,0.000,0.000,0.000,0.000
31024.000,-60.000,-187032.000,32.000,7200.000,0.000,0.000,0.000,0.000
31034.000,-60.000,-187092.000,32.000,7200.000,0.000,0.000,0.000,0.000
31044.000,-61.000,-187153.000,32.000,7200.000,0.000,0.000,0.000,0.000
31054.000,-60.000,-187213.000,32.000,7200.000,0.000,0.000,0.000,0.000
31064.000,-60.000,-187273.000,32.000,7200.000,0.000,0.000,0.000,0.000
31074.000,-62.000,-187335.000,32.000,7200.000,0.000,0.000,0.000,0.000
31084.000,-60.000,-187395.000,32.000,7200.000,0.000,0.000,0.000,0.000
31094.000,-61.000,-187456.000,32.000,7200.000,0.000,0.000,0.000,0.000
31104.000,-60.000,-187516.000,32.000,7200.000,0.000,0.000,0.000,0.000
31114.000,-60.000,-187576.000,32.000,7200.000,0.000,0.000,0.000,0.000
31124.000,-61.000,-187637.000,32.000,7200.000,0.000,0.000,0.000,0.000
31134.000,-60.000,-187697.000,32.000,7200.000,0.000,0.000,0.000,0.000
31144.000,-61.000,-187758.000,32.000,7200.000,0.000,0.000,0.000,0.000
31154.000,-61.000,-187819.000,32.000,7200.000,0.000,0.000,0.000,0.000
31164.000,-60.000,-187879.000,32.000,7200.000,0.000,0.000,0.000,0.000
31174.000,-60.000,-187939.000,32.000,7200.000,0.000,0.000,0.000,0.000
31184.000,-60.000,-187999.000,32.000,7200.000,0.000,0.000,0.000,0.000
31194.000,-61.000,-188060.000,32.000,7200.000,0.000,0.000,0.000,0.000
31204.000,-60.000,-188120.000,32.000,7200.000,0.000,0.000,0.000,0.000
31214.000,-60.000,-188180.000,32.000,7200.000,0.000,0.000,0.000,0.000
31224.000,-61.000,-188241.000,32.000,7200.000,0.000,0.000,0.000,0.000
31234.000,-60.000,-188301.000,32.000,7200.000,0.000,0.000,0.000,0.000
31244.000,-60.000,-188361.000,32.000,7200.000,0.000,0.000,0.000,0.000
31254.000,-62.000,-188423.000,32.000,7200.000,0.000,0.000,0.000,0.000
31264.000,-60.000,-188483.000,32.000,7200.000,0.000,0.000,0.000,0.000
31274.000,-60.000,-188543.000,32.000,7200.000,0.000,0.000,0.000,0.000
31284.000,-61.000,-188604.000,32.000,7200.000,0.000,0.000,0.000,0.000
31294.000,-60.000,-188664.000,32.000,7200.000,0.000,0.000,0.000,0.000
31304.000,-60.000,-188724.000,32.000,7200.000,0.000,0.000,0.000,0.000
31314.000,-61.000,-188785.000,32.000,7200.000,0.000,0.000,0.000,0.000
31324.000,-60.000,-188845.000,32.000,7200.000,0.000,0.000,0.000,0.000
31334.000,-60.000,-188905.000,32.000,7200.000,0.000,0.000,0.000,0.000
31344.000,-60.000,-188965.000,32.000,7200.000,0.000,0.000,0.000,0.000
31354.000,-60.000,-189025.000,32.000,7200.000,0.000,0.000,0.000,0.000
31364.000,-62.000,-189087.000,32.000,7200.000,0.000,0.000,0.000,0.000
31374.000,-60.000,-189147.000,32.000,7200.000,0.000,0.000,0.000,0.000
31384.000,-60.000,-189207.000,32.000,7200.000,0.000,0.000,0.000,0.000
31394.000,-61.000,-189268.000,32.000,7200.000,0.000,0.000,0.000,0.000
31404.000,-60.000,-189328.000,32.000,7200.000,0.000,0.000,0.000,0.000
31414.000,-61.000,-189389.000,32.000,7200.000,0.000,0.000,0.000,0.000
31424.000,-60.000,-189449.000,32.000,7200.000,0.000,0.000,0.000,0.000
31434.000,-60.000,-189509.000,32.000,7200.000,0.000,0.000,0.000,0.000
31444.000,-62.000,-189571.000,32.000,7200.000,0.000,0.000,0.000,0.000
31454.000,-60.000,-189631.000,32.000,7200.000,0.000,0.000,0.000,0.000
31464.000,-60.000,-189691.000,32.000,7200.000,0.000,0.000,0.000,0.000
31474.000,-61.000,-189752.000,32.000,7200.000,0.000,0.000,0.000,0.000
31484.000,-60.000,-189812.000,32.000,7200.000,0.000,0.000,0.000,0.000
31494.000,-61.000,-189873.000,32.000,7200.000,0.000,0.000,0.000,0.000
31504.000,-60.000,-189933.000,32.000,7200.000,0.000,0.000,0.000,0.000
31514.000,-60.000,-189993.000,32.000,7200.000,0.000,0.000,0.000,0.000
31524.000,-62.000,-190055.000,32.000,7200.000,0.000,0.000,0.000,0.000
31534.000,-60.000,-190115.000,32.000,7200.000,0.000,0.000,0.000,0.000
31544.000,-60.000,-190175.000,32.000,7200.000,0.000,0.000,0.000,0.000
31554.000,-61.000,-190236.000,32.000,7200.000,0.000,0.000,0.000,0.000
31564.000,-60.000,-190296.000,32.000,7200.000,0.000,0.000,0.000,0.000
31574.000,-61.000,-190357.000,32.000,7200.000,0.000,0.000,0.000,0.000
31584.000,-60.000,-190417.000,32.000,7200.000,0.000,0.000,0.000,0.000
31594.000,-60.000,-190477.000,32.000,7200.000,0.000,0.000,0.000,0.000
31604.000,-62.000,-190539.000,32.000,7200.000,0.000,0.000,0.000,0.000
31614.000,-60.000,-190599.000,32.000,7200.000,0.000,0.000,0.000,0.000
31624.000,-60.000,-190659.000,32.000,7200.000,0.000,0.000,0.000,0.000
31634.000,-60.000,-190719.000,32.000,7200.000,0.000,0.000,0.000,0.000
31644.000,-60.000,-190779.000,32.000,7200.000,0.000,0.000,0.000,0.000
31654.000,-61.000,-190840.000,32.000,7200.000,0.000,0.000,0.000,0.000
31664.000,-60.000,-190900.000,32.000,7200.000,0.000,0.000,0.000,0.000
31674.000,-60.000,-190960.000,32.000,7200.000,0.000,0.000,0.000,0.000
31684.000,-61.000,-191021.000,32.000,7200.000,0.000,0.000,0.000,0.000
31694.000,-60.000,-191081.000,32.000,7200.000,0.000,0.000,0.000,0.000
31704.000,-60.000,-191141.000,32.000,7200.000,0.000,0.000,0.000,0.000
31714.000,-62.000,-191203.000,32.000,7200.000,0.000,0.000,0.000,0.000
31724.000,-60.000,-191263.000,32.000,7200.000,0.000,0.000,0.000,0.000
31734.000,-60.000,-191323.000,32.000,7200.000,0.000,0.000,0.000,0.000
31744.000,-61.000,-191384.000,32.000,7200.000,0.000,0.000,0.000,0.000
31754.000,-60.000,-191444.000,32.000,7200.000,0.000,0.000,0.000,0.000
31764.000,-60.000,-191504.000,32.000,7200.000,0.000,0.000,0.000,0.000
31774.000,-61.000,-191565.000,32.000,7200.000,0.000,0.000,0.000,0.000
31784.000,-60.000,-191625.000,32.000,7200.000,0.000,0.000,0.000,0.000
31794.000,-60.000,-191685.000,32.000,7200.000,0.000,0.000,0.000,0.000
31804.000,-61.000,-191746.000,32.000,7200.000,0.000,0.000,0.000,0.000
31814.000,-61.000,-191807.000,32.000,7200.000,0.000,0.000,0.000,0.000
31824.000,-60.000,-191867.000,32.000,7200.000,0.000,0.000,0.000,0.000
31834.000,-61.000,-191928.000,32.000,7200.000,0.000,0.000,0.000,0.000
31844.000,-60.000,-191988.000,32.000,7200.000,0.000,0.000,0.000,0.000
31854.000,-61.000,-192049.000,32.000,7200.000,0.000,0.000,0.000,0.000
31864.000,-60.000,-192109.000,32.000,7200.000,0.000,0.000,0.000,0.000
31874.000,-61.000,-192170.000,32.000,7200.000,0.000,0.000,0.000,0.000
31884.000,-61.000,-192231.000,32.000,7200.000,0.000,0.000,0.000,0.000
31894.000,-60.000,-192291.000,32.000,7200.000,0.000,0.000,0.000,0.000
31904.000,-61.000,-192352.000,32.000,7200.000,0.000,0.000,0.000,0.000
31914.000,-60.000,-192412.000,32.000,7200.000,0.000,0.000,0.000,0.000
31924.000,-60.000,-192472.000,32.000,7200.000,0.000,0.000,0.000,0.000
31934.000,-61.000,-192533.000,32.000,7200.000,0.000,0.000,0.000,0.000
31944.000,-60.000,-192593.000,32.000,7200.000,0.000,0.000,0.000,0.000
31954.000,-60.000,-192653.000,32.000,7200.000,0.000,0.000,0.000,0.000
31964.000,-61.000,-192714.000,32.000,7200.000,0.000,0.000,0.000,0.000
31974.000,-61.000,-192775.000,32.000,7200.000,0.000,0.000,0.000,0.000
31984.000,-60.000,-192835.000,32.000,7200.000,0.000,0.000,0.000,0.000
31994.000,-60.000,-192895.000,32.000,7200.000,0.000,0.000,0.000,0.000
32004.000,-61.000,-192956.000,32.000,7200.000,0.000,0.000,0.000,0.000
32014.000,-60.000,-193016.000,32.000,7200.000,0.000,0.000,0.000,0.000
32024.000,-61.000,-193077.000,32.000,7200.000,0.000,0.000,0.000,0.000
32034.000,-60.000,-193137.000,32.000,7200.000,0.000,0.000,0.000,0.000
32044.000,-60.000,-193197.000,32.000,7200.000,0.000,0.000,0.000,0.000
32054.000,-62.000,-193259.000,32.000,7200.000,0.000,0.000,0.000,0.000
32064.000,-60.000,-193319.000,32.000,7200.000,0.000,0.000,0.000,0.000
32074.000,-60.000,-193379.000,32.000,7200.000,0.000,0.000,0.000,0.000
32084.000,-61.000,-193440.000,32.000,7200.000,0.000,0.000,0.000,0.000
32094.000,-60.000,-193500.000,32.000,7200.000,0.000,0.000,0.000,0.000
32104.000,-61.000,-193561.000,32.000,7200.000,0.000,0.000,0.000,0.000
32114.000,-60.000,-193621.000,32.000,7200.000,0.000,0.000,0.000,0.000
32124.000,-60.000,-193681.000,32.000,7200.000,0.000,0.000,0.000,0.000
32134.000,-61.000,-193742.000,32.000,7200.000,0.000,0.000,0.000,0.000
32144.000,-61.000,-193803.000,32.000,7200.000,0.000,0.000,0.000,0.000
32154.000,-60.000,-193863.000,32.000,7200.000,0.000,0.000,0.000,0.000
32164.000,-60.000,-193923.000,32.000,7200.000,0.000,0.000,0.000,0.000
32174.000,-61.000,-193984.000,32.000,7200.000,0.000,0.000,0.000,0.000
32184.000,-61.000,-194045.000,32.000,7200.000,0.000,0.000,0.000,0.000
32194.000,-60.000,-194105.000,32.000,7200.000,0.000,0.000,0.000,0.000
32204.000,-60.000,-194165.000,32.000,7200.000,0.000,0.000,0.000,0.000
32214.000,-62.000,-194227.000,32.000,7200.000,0.000,0.000,0.000,0.000
32224.000,-60.000,-194287.000,32.000,7200.000,0.000,0.000,0.000,0.000
32234.000,-60.000,-194347.000,32.000,7200.000,0.000,0.000,0.000,0.000
32244.000,-61.000,-194408.000,32.000,7200.000,0.000,0.000,0.000,0.000
32254.000,-60.000,-194468.000,32.000,7200.000,0.000,0.000,0.000,0.000
32264.000,-61.000,-194529.000,32.000,7200.000,0.000,0.000,0.000,0.000
32274.000,-60.000,-194589.000,32.000,7200.000,0.000,0.000,0.000,0.000
32284.000,-61.000,-194650.000,32.000,7200.000,0.000,0.000,0.000,0.000
32294.000,-61.000,-194711.000,32.000,7200.000,0.000,0.000,0.000,0.000
32304.000,-60.000,-194771.000,32.000,7200.000,0.000,0.000,0.000,0.000
32314.000,-61.000,-194832.000,32.000,7200.000,0.000,0.000,0.000,0.000
32324.000,-60.000,-194892.000,32.000,7200.000,0.000,0.000,0.000,0.000
32334.000,-61.000,-194953.000,32.000,7200.000,0.000,0.000,0.000,0.000
32344.000,-60.000,-195013.000,32.000,7200.000,0.000,0.000,0.000,0.000
32354.000,-61.000,-195074.000,32.000,7200.000,0.000,0.000,0.000,0.000
32364.000,-61.000,-195135.000,32.000,7200.000,0.000,0.000,0.000,0.000
32374.000,-60.000,-195195.000,32.000,7200.000,0.000,0.000,0.000,0.000
32384.000,-60.000,-195255.000,32.000,7200.000,0.000,0.000,0.000,0.000
32394.000,-61.000,-195316.000,32.000,7200.000,0.000,0.000,0.000,0.000
32404.000,-60.000,-195376.000,32.000,7200.000,0.000,0.000,0.000,0.000
32414.000,-61.000,-195437.000,32.000,7200.000,0.000,0.000,0.000,0.000
32424.000,-60.000,-195497.000,32.000,7200.000,0.000,0.000,0.000,0.000
32434.000,-60.000,-195557.000,32.000,7200.000,0.000,0.000,0.000,0.000
32444.000,-62.000,-195619.000,32.000,7200.000,0.000,0.000,0.000,0.000
32454.000,-60.000,-195679.000,32.000,7200.000,0.000,0.000,0.000,0.000
32464.000,-60.000,-195739.000,32.000,7200.000,0.000,0.000,0.000,0.000
32474.000,-61.000,-195800.000,32.000,7200.000,0.000,0.000,0.000,0.000
32484.000,-60.000,-195860.000,32.000,7200.000,0.000,0.000,0.000,0.000
32494.000,-61.000,-195921.000,32.000,7200.000,0.000,0.000,0.000,0.000
32504.000,-60.000,-195981.000,32.000,7200.000,0.000,0.000,0.000,0.000
32514.000,-60.000,-196041.000,32.000,7200.000,0.000,0.000,0.000,0.000
32524.000,-62.000,-196103.000,32.000,7200.000,0.000,0.000,0.000,0.000
32534.000,-60.000,-196163.000,32.000,7200.000,0.000,0.000,0.000,0.000
32544.000,-60.000,-196223.000,32.000,7200.000,0.000,0.000,0.000,0.000
32554.000,-61.000,-196284.000,32.000,7200.000,0.000,0.000,0.000,0.000
32564.000,-60.000,-196344.000,32.000,7200.000,0.000,0.000,0.000,0.000
32574.000,-61.000,-196405.000,32.000,7200.000,0.000,0.000,0.000,0.000
32584.000,-60.000,-196465.000,32.000,7200.000,0.000,0.000,0.000,0.000
32594.000,-60.000,-196525.000,32.000,7200.000,0.000,0.000,0.000,0.000
32604.000,-62.000,-196587.000,32.000,7200.000,0.000,0.000,0.000,0.000
32614.000,-60.000,-196647.000,32.000,7200.000,0.000,0.000,0.000,0.000
32624.000,-60.000,-196707.000,32.000,7200.000,0.000,0.000,0.000,0.000
32634.000,-61.000,-196768.000,32.000,7200.000,0.000,0.000,0.000,0.000
32644.000,-61.000,-196829.000,32.000,7200.000,0.000,0.000,0.000,0.000
32654.000,-60.000,-196889.000,32.000,7200.000,0.000,0.000,0.000,0.000
32664.000,-60.000,-196949.000,32.000,7200.000,0.000,0.000,0.000,0.000
32674.000,-62.000,-197011.000,32.000,7200.000,0.000,0.000,0.000,0.000
32684.000,-60.000,-197071.000,32.000,7200.000,0.000,0.000,0.000,0.000
32694.000,-60.000,-197131.000,32.000,7200.000,0.000,0.000,0.000,0.000
32704.000,-61.000,-197192.000,32.000,7200.000,0.000,0.000,0.000,0.000
32714.000,-60.000,-197252.000,32.000,7200.000,0.000,0.000,0.000,0.000
32724.000,-61.000,-197313.000,32.000,7200.000,0.000,0.000,0.000,0.000
32734.000,-60.000,-197373.000,32.000,7200.000,0.000,0.000,0.000,0.000
32744.000,-61.000,-197434.000,32.000,7200.000,0.000,0.000,0.000,0.000
32754.000,-61.000,-197495.000,32.000,7200.000,0.000,0.000,0.000,0.000
32764.000,-60.000,-197555.000,32.000,7200.000,0.000,0.000,0.000,0.000
32774.000,-61.000,-197616.000,32.000,7200.000,0.000,0.000,0.000,0.000
32784.000,-60.000,-197676.000,32.000,7200.000,0.000,0.000,0.000,0.000
32794.000,-61.000,-197737.000,32.000,7200.000,0.000,0.000,0.000,0.000
32804.000,-60.000,-197797.000,32.000,7200.000,0.000,0.000,0.000,0.000
32814.000,-60.000,-197857.000,32.000,7200.000,0.000,0.000,0.000,0.000
32824.000,-61.000,-197918.000,32.000,7200.000,0.000,0.000,0.000,0.000
32834.000,-61.000,-197979.000,32.000,7200.000,0.000,0.000,0.000,0.000
32844.000,-60.000,-198039.000,32.000,7200.000,0.000,0.000,0.000,0.000
32854.000,-61.000,-198100.000,32.000,7200.000,0.000,0.000,0.000,0.000
32864.000,-60.000,-198160.000,32.000,7200.000,0.000,0.000,0.000,0.000
32874.000,-61.000,-198221.000,32.000,7200.000,0.000,0.000,0.000,0.000
32884.000,-60.000,-198281.000,32.000,7200.000,0.000,0.000,0.000,0.000
32894.000,-60.000,-198341.000,32.000,7200.000,0.000,0.000,0.000,0.000
32904.000,-61.000,-198402.000,32.000,7200.000,0.000,0.000,0.000,0.000
32914.000,-61.000,-198463.000,32.000,7200.000,0.000,0.000,0.000,0.000
32924.000,-60.000,-198523.000,32.000,7200.000,0.000,0.000,0.000,0.000
32934.000,-61.000,-198584.000,32.000,7200.000,0.000,0.000,0.000,0.000
32944.000,-60.000,-198644.000,32.000,7200.000,0.000,0.000,0.000,0.000
32954.000,-61.000,-198705.000,32.000,7200.000,0.000,0.000,0.000,0.000
32964.000,-60.000,-198765.000,32.000,7200.000,0.000,0.000,0.000,0.000
32974.000,-60.000,-198825.000,32.000,7200.000,0.000,0.000,0.000,0.000
32984.000,-62.000,-198887.000,32.000,7200.000,0.000,0.000,0.000,0.000
32994.000,-60.000,-198947.000,32.000,7200.000,0.000,0.000,0.000,0.000
33004.000,-61.000,-199008.000,32.000,7200.000,0.000,0.000,0.000,0.000
33014.000,-60.000,-199068.000,32.000,7200.000,0.000,0.000,0.000,0.000
33024.000,-61.000,-199129.000,32.000,7200.000,0.000,0.000,0.000,0.000
33034.000,-60.000,-199189.000,32.000,7200.000,0.000,0.000,0.000,0.000
33044.000,-61.000,-199250.000,32.000,7200.000,0.000,0.000,0.000,0.000
33054.000,-61.000,-199311.000,32.000,7200.000,0.000,0.000,0.000,0.000
33064.000,-60.000,-199371.000,32.000,7200.000,0.000,0.000,0.000,0.000
33074.000,-61.000,-199432.000,32.000,7200.000,0.000,0.000,0.000,0.000
33084.000,-61.000,-199493.000,32.000,7200.000,0.000,0.000,0.000,0.000
33094.000,-60.000,-199553.000,32.000,7200.000,0.000,0.000,0.000,0.000
33104.000,-60.000,-199613.000,32.000,7200.000,0.000,0.000,0.000,0.000
33114.000,-61.000,-199674.000,32.000,7200.000,0.000,0.000,0.000,0.000
33124.000,-61.000,-199735.000,32.000,7200.000,0.000,0.000,0.000,0.000
33134.000,-60.000,-199795.000,32.000,7200.000,0.000,0.000,0.000,0.000
33144.000,-61.000,-199856.000,32.000,7200.000,0.000,0.000,0.000,0.000
33154.000,-60.000,-199916.000,32.000,7200.000,0.000,0.000,0.000,0.000
33164.000,-61.000,-199977.000,32.000,7200.000,0.000,0.000,0.000,0.000
33174.000,-60.000,-200037.000,32.000,7200.000,0.000,0.000,0.000,0.000
33184.000,-61.000,-200098.000,32.000,7200.000,0.000,0.000,0.000,0.000
33194.000,-61.000,-200159.000,32.000,7200.000,0.000,0.000,0.000,0.000
33204.000,-60.000,-200219.000,32.000,7200.000,0.000,0.000,0.000,0.000
33214.000,-61.000,-200280.000,32.000,7200.000,0.000,0.000,0.000,0.000
33224.000,-60.000,-200340.000,32.000,7200.000,0.000,0.000,0.000,0.000
33234.000,-61.000,-200401.000,32.000,7200.000,0.000,0.000,0.000,0.000
33244.000,-60.000,-200461.000,32.000,7200.000,0.000,0.000,0.000,0.000
33254.000,-60.000,-200521.000,32.000,7200.000,0.000,0.000,0.000,0.000
33264.000,-61.000,-200582.000,32.000,7200.000,0.000,0.000,0.000,0.000
33274.000,-61.000,-200643.000,32.000,7200.000,0.000,0.000,0.000,0.000
33284.000,-60.000,-200703.000,32.000,7200.000,0.000,0.000,0.000,0.000
33294.000,-61.000,-200764.000,32.000,7200.000,0.000,0.000,0.000,0.000
33304.000,-60.000,-200824.000,32.000,7200.000,0.000,0.000,0.000,0.000
33314.000,-61.000,-200885.000,32.000,7200.000,0.000,0.000,0.000,0.000
33324.000,-60.000,-200945.000,32.000,7200.000,0.000,0.000,0.000,0.000
33334.000,-60.000,-201005.000,32.000,7200.000,0.000,0.000,0.000,0.000
33344.000,-61.000,-201066.000,32.000,7200.000,0.000,0.000,0.000,0.000
33354.000,-61.000,-201127.000,32.000,7200.000,0.000,0.000,0.000,0.000
33364.000,-60.000,-201187.000,32.000,7200.000,0.000,0.000,0.000,0.000
33374.000,-61.000,-201248.000,32.000,7200.000,0.000,0.000,0.000,0.000
33384.000,-60.000,-201308.000,32.000,7200.000,0.000,0.000,0.000,0.000
33394.000,-61.000,-201369.000,32.000,7200.000,0.000,0.000,0.000,0.000
33404.000,-60.000,-201429.000,32.000,7200.000,0.000,0.000,0.000,0.000
33414.000,-61.000,-201490.000,32.000,7200.000,0.000,0.000,0.000,0.000
33424.000,-61.000,-201551.000,32.000,7200.000,0.000,0.000,0.000,0.000
33434.000,-60.000,-201611.000,32.000,7200.000,0.000,0.000,0.000,0.000
33444.000,-61.000,-201672.000,32.000,7200.000,0.000,0.000,0.000,0.000
33454.000,-60.000,-201732.000,32.000,7200.000,0.000,0.000,0.000,0.000
33464.000,-61.000,-201793.000,32.000,7200.000,0.000,0.000,0.000,0.000
33474.000,-60.000,-201853.000,32.000,7200.000,0.000,0.000,0.000,0.000
33484.000,-61.000,-201914.000,32.000,7200.000,0.000,0.000,0.000,0.000
33494.000,-61.000,-201975.000,32.000,7200.000,0.000,0.000,0.000,0.000
33504.000,-60.000,-202035.000,32.000,7200.000,0.000,0.000,0.000,0.000
33514.000,-61.000,-202096.000,32.000,7200.000,0.000,0.000,0.000,0.000
33524.000,-61.000,-202157.000,32.000,7200.000,0.000,0.000,0.000,0.000
33534.000,-60.000,-202217.000,32.000,7200.000,0.000,0.000,0.000,0.000
33544.000,-60.000,-202277.000,32.000,7200.000,0.000,0.000,0.000,0.000
33554.000,-61.000,-202338.000,32.000,7200.000,0.000,0.000,0.000,0.000
33564.000,-61.000,-202399.000,32.000,7200.000,0.000,0.000,0.000,0.000
33574.000,-60.000,-202459.000,32.000,7200.000,0.000,0.000,0.000,0.000
33584.000,-61.000,-202520.000,32.000,7200.000,0.000,0.000,0.000,0.000
33594.000,-60.000,-202580.000,32.000,7200.000,0.000,0.000,0.000,0.000
33604.000,-61.000,-202641.000,32.000,7200.000,0.000,0.000,0.000,0.000
33614.000,-60.000,-202701.000,32.000,7200.000,0.000,0.000,0.000,0.000
33624.000,-60.000,-202761.000,32.000,7200.000,0.000,0.000,0.000,0.000
33634.000,-62.000,-202823.000,32.000,7200.000,0.000,0.000,0.000,0.000
33644.000,-60.000,-202883.000,32.000,7200.000,0.000,0.000,0.000,0.000
33654.000,-60.000,-202943.000,32.000,7200.000,0.000,0.000,0.000,0.000
33664.000,-61.000,-203004.000,32.000,7200.000,0.000,0.000,0.000,0.000
33674.000,-60.000,-203064.000,32.000,7200.000,0.000,0.000,0.000,0.000
33684.000,-61.000,-203125.000,32.000,7200.000,0.000,0.000,0.000,0.000
33694.000,-60.000,-203185.000,32.000,7200.000,0.000,0.000,0.000,0.000
33704.000,-60.000,-203245.000,32.000,7200.000,0.000,0.000,0.000,0.000
33714.000,-62.000,-203307.000,32.000,7200.000,0.000,0.000,0.000,0.000
33724.000,-60.000,-203367.000,32.000,7200.000,0.000,0.000,0.000,0.000
33734.000,-60.000,-203427.000,32.000,7200.000,0.000,0.000,0.000,0.000
33744.000,-61.000,-203488.000,32.000,7200.000,0.000,0.000,0.000,0.000
33754.000,-61.000,-203549.000,32.000,7200.000,0.000,0.000,0.000,0.000
33764.000,-60.000,-203609.000,32.000,7200.000,0.000,0.000,0.000,0.000
33774.000,-60.000,-203669.000,32.000,7200.000,0.000,0.000,0.000,0.000
33784.000,-61.000,-203730.000,32.000,7200.000,0.000,0.000,0.000,0.000
33794.000,-61.000,-203791.000,32.000,7200.000,0.000,0.000,0.000,0.000
33804.000,-60.000,-203851.000,32.000,7200.000,0.000,0.000,0.000,0.000
33814.000,-61.000,-203912.000,32.000,7200.000,0.000,0.000,0.000,0.000
33824.000,-61.000,-203973.000,32.000,7200.000,0.000,0.000,0.000,0.000
33834.000,-60.000,-204033.000,32.000,7200.000,0.000,0.000,0.000,0.000
33844.000,-60.000,-204093.000,32.000,7200.000,0.000,0.000,0.000,0.000
33854.000,-61.000,-204154.000,32.000,7200.000,0.000,0.000,0.000,0.000
33864.000,-61.000,-204215.000,32.000,7200.000,0.000,0.000,0.000,0.000
33874.000,-60.000,-204275.000,32.000,7200.000,0.000,0.000,0.000,0.000
33884.000,-61.000,-204336.000,32.000,7200.000,0.000,0.000,0.000,0.000
33894.000,-60.000,-204396.000,32.000,7200.000,0.000,0.000,0.000,0.000
33904.000,-61.000,-204457.000,32.000,7200.000,0.000,0.000,0.000,0.000
33914.000,-60.000,-204517.000,32.000,7200.000,0.000,0.000,0.000,0.000
33924.000,-61.000,-204578.000,32.000,7200.000,0.000,0.000,0.000,0.000
33934.000,-61.000,-204639.000,32.000,7200.000,0.000,0.000,0.000,0.000
33944.000,-60.000,-204699.000,32.000,7200.000,0.000,0.000,0.000,0.000
33954.000,-61.000,-204760.000,32.000,7200.000,0.000,0.000,0.000,0.000
33964.000,-60.000,-204820.000,32.000,7200.000,0.000,0.000,0.000,0.000
33974.000,-61.000,-204881.000,32.000,7200.000,0.000,0.000,0.000,0.000
33984.000,-60.000,-204941.000,32.000,7200.000,0.000,0.000,0.000,0.000
33994.000,-60.000,-205001.000,32.000,7200.000,0.000,0.000,0.000,0.000
34004.000,-61.000,-205062.000,32.000,7200.000,0.000,0.000,0.000,0.000
34014.000,-61.000,-205123.000,32.000,7200.000,0.000,0.000,0.000,0.000
34024.000,-60.000,-205183.000,32.000,7200.000,0.000,0.000,0.000,0.000
34034.000,-60.000,-205243.000,32.000,7200.000,0.000,0.000,0.000,0.000
34044.000,-61.000,-205304.000,32.000,7200.000,0.000,0.000,0.000,0.000
34054.000,-60.000,-205364.000,32.000,7200.000,0.000,0.000,0.000,0.000
34064.000,-61.000,-205425.000,32.000,7200.000,0.000,0.000,0.000,0.000
34074.000,-60.000,-205485.000,32.000,7200.000,0.000,0.000,0.000,0.000
34084.000,-60.000,-205545.000,32.000,7200.000,0.000,0.000,0.000,0.000
34094.000,-62.000,-205607.000,32.000,7200.000,0.000,0.000,0.000,0.000
34104.000,-60.000,-205667.000,32.000,7200.000,0.000,0.000,0.000,0.000
34114.000,-60.000,-205727.000,32.000,7200.000,0.000,0.000,0.000,0.000
34124.000,-61.000,-205788.000,32.000,7200.000,0.000,0.000,0.000,0.000
34134.000,-60.000,-205848.000,32.000,7200.000,0.000,0.000,0.000,0.000
34144.000,-61.000,-205909.000,32.000,7200.000,0.000,0.000,0.000,0.000
34154.000,-60.000,-205969.000,32.000,7200.000,0.000,0.000,0.000,0.000
34164.000,-60.000,-206029.000,32.000,7200.000,0.000,0.000,0.000,0.000
34174.000,-61.000,-206090.000,32.000,7200.000,0.000,0.000,0.000,0.000
34184.000,-61.000,-206151.000,32.000,7200.000,0.000,0.000,0.000,0.000
34194.000,-60.000,-206211.000,32.000,7200.000,0.000,0.000,0.000,0.000
34204.000,-61.000,-206272.000,32.000,7200.000,0.000,0.000,0.000,0.000
34214.000,-61.000,-206333.000,32.000,7200.000,0.000,0.000,0.000,0.000
34224.000,-60.000,-206393.000,32.000,7200.000,0.000,0.000,0.000,0.000
34234.000,-60.000,-206453.000,32.000,7200.000,0.000,0.000,0.000,0.000
34244.000,-61.000,-206514.000,32.000,7200.000,0.000,0.000,0.000,0.000
34254.000,-61.000,-206575.000,32.000,7200.000,0.000,0.000,0.000,0.000
34264.000,-60.000,-206635.000,32.000,7200.000,0.000,0.000,0.000,0.000
34274.000,-61.000,-206696.000,32.000,7200.000,0.000,0.000,0.000,0.000
34284.000,-60.000,-206756.000,32.000,7200.000,0.000,0.000,0.000,0.000
34294.000,-61.000,-206817.000,32.000,7200.000,0.000,0.000,0.000,0.000
34304.000,-60.000,-206877.000,32.000,7200.000,0.000,0.000,0.000,0.000
34314.000,-60.000,-206937.000,32.000,7200.000,0.000,0.000,0.000,0.000
34324.000,-62.000,-206999.000,32.000,7200.000,0.000,0.000,0.000,0.000
34334.000,-60.000,-207059.000,32.000,7200.000,0.000,0.000,0.000,0.000
34344.000,-60.000,-207119.000,32.000,7200.000,0.000,0.000,0.000,0.000
34354.000,-61.000,-207180.000,32.000,7200.000,0.000,0.000,0.000,0.000
34364.000,-61.000,-207241.000,32.000,7200.000,0.000,0.000,0.000,0.000
34374.000,-60.000,-207301.000,32.000,7200.000,0.000,0.000,0.000,0.000
34384.000,-60.000,-207361.000,32.000,7200.000,0.000,0.000,0.000,0.000
34394.000,-61.000,-207422.000,32.000,7200.000,0.000,0.000,0.000,0.000
34404.000,-61.000,-207483.000,32.000,7200.000,0.000,0.000,0.000,0.000
34414.000,-60.000,-207543.000,32.000,7200.000,0.000,0.000,0.000,0.000
34424.000,-61.000,-207604.000,32.000,7200.000,0.000,0.000,0.000,0.000
34434.000,-60.000,-207664.000,32.000,7200.000,0.000,0.000,0.000,0.000
34444.000,-61.000,-207725.000,32.000,7200.000,0.000,0.000,0.000,0.000
34454.000,-60.000,-207785.000,32.000,7200.000,0.000,0.000,0.000,0.000
34464.000,-60.000,-207845.000,32.000,7200.000,0.000,0.000,0.000,0.000
34474.000,-61.000,-207906.000,32.000,7200.000,0.000,0.000,0.000,0.000
34484.000,-61.000,-207967.000,32.000,7200.000,0.000,0.000,0.000,0.000
34494.000,-60.000,-208027.000,32.000,7200.000,0.000,0.000,0.000,0.000
34504.000,-61.000,-208088.000,32.000,7200.000,0.000,0.000,0.000,0.000
34514.000,-60.000,-208148.000,32.000,7200.000,0.000,0.000,0.000,0.000
34524.000,-61.000,-208209.000,32.000,7200.000,0.000,0.000,0.000,0.000
34534.000,-60.000,-208269.000,32.000,7200.000,0.000,0.000,0.000,0.000
34544.000,-61.000,-208330.000,32.000,7200.000,0.000,0.000,0.000,0.000
34554.000,-61.000,-208391.000,32.000,7200.000,0.000,0.000,0.000,0.000
34564.000,-60.000,-208451.000,32.000,7200.000,0.000,0.000,0.000,0.000
34574.000,-61.000,-208512.000,32.000,7200.000,0.000,0.000,0.000,0.000
34584.000,-60.000,-208572.000,32.000,7200.000,0.000,0.000,0.000,0.000
34594.000,-61.000,-208633.000,32.000,7200.000,0.000,0.000,0.000,0.000
34604.000,-60.000,-208693.000,32.000,7200.000,0.000,0.000,0.000,0.000
34614.000,-61.000,-208754.000,32.000,7200.000,0.000,0.000,0.000,0.000
34624.000,-61.000,-208815.000,32.000,7200.000,0.000,0.000,0.000,0.000
34634.000,-60.000,-208875.000,32.000,7200.000,0.000,0.000,0.000,0.000
34644.000,-61.000,-208936.000,32.000,7200.000,0.000,0.000,0.000,0.000
34654.000,-61.000,-208997.000,32.000,7200.000,0.000,0.000,0.000,0.000
34664.000,-60.000,-209057.000,32.000,7200.000,0.000,0.000,0.000,0.000
34674.000,-61.000,-209118.000,32.000,7200.000,0.000,0.000,0.000,0.000
34684.000,-61.000,-209179.000,32.000,7200.000,0.000,0.000,0.000,0.000
34694.000,-60.000,-209239.000,32.000,7200.000,0.000,0.000,0.000,0.000
34704.000,-61.000,-209300.000,32.000,7200.000,0.000,0.000,0.000,0.000
34714.000,-60.000,-209360.000,32.000,7200.000,0.000,0.000,0.000,0.000
34724.000,-61.000,-209421.000,32.000,7200.000,0.000,0.000,0.000,0.000
34734.000,-60.000,-209481.000,32.000,7200.000,0.000,0.000,0.000,0.000
34744.000,-61.000,-209542.000,32.000,7200.000,0.000,0.000,0.000,0.000
34754.000,-61.000,-209603.000,32.000,7200.000,0.000,0.000,0.000,0.000
34764.000,-60.000,-209663.000,32.000,7200.000,0.000,0.000,0.000,0.000
34774.000,-61.000,-209724.000,32.000,7200.000,0.000,0.000,0.000,0.000
34784.000,-60.000,-209784.000,32.000,7200.000,0.000,0.000,0.000,0.000
34794.000,-61.000,-209845.000,32.000,7200.000,0.000,0.000,0.000,0.000
34804.000,-60.000,-209905.000,32.000,7200.000,0.000,0.000,0.000,0.000
34814.000,-61.000,-209966.000,32.000,7200.000,0.000,0.000,0.000,0.000
34824.000,-61.000,-210027.000,32.000,7200.000,0.000,0.000,0.000,0.000
34834.000,-60.000,-210087.000,32.000,7200.000,0.000,0.000,0.000,0.000
34844.000,-60.000,-210147.000,32.000,7200.000,0.000,0.000,0.000,0.000
34854.000,-61.000,-210208.000,32.000,7200.000,0.000,0.000,0.000,0.000
34864.000,-61.000,-210269.000,32.000,7200.000,0.000,0.000,0.000,0.000
34874.000,-60.000,-210329.000,32.000,7200.000,0.000,0.000,0.000,0.000
34884.000,-60.000,-210389.000,32.000,7200.000,0.000,0.000,0.000,0.000
34894.000,-61.000,-210450.000,32.000,7200.000,0.000,0.000,0.000,0.000
34904.000,-61.000,-210511.000,32.000,7200.000,0.000,0.000,0.000,0.000
34914.000,-60.000,-210571.000,32.000,7200.000,0.000,0.000,0.000,0.000
34924.000,-61.000,-210632.000,32.000,7200.000,0.000,0.000,0.000,0.000
34934.000,-60.000,-210692.000,32.000,7200.000,0.000,0.000,0.000,0.000
34944.000,-61.000,-210753.000,32.000,7200.000,0.000,0.000,0.000,0.000
34954.000,-60.000,-210813.000,32.000,7200.000,0.000,0.000,0.000,0.000
34964.000,-61.000,-210874.000,32.000,7200.000,0.000,0.000,0.000,0.000
34974.000,-61.000,-210935.000,32.000,7200.000,0.000,0.000,0.000,0.000
34984.000,-60.000,-210995.000,32.000,7200.000,0.000,0.000,0.000,0.000
34994.000,-61.000,-211056.000,32.000,7200.000,0.000,0.000,0.000,0.000
35004.000,-61.000,-211117.000,32.000,7200.000,0.000,0.000,0.000,0.000
35014.000,-60.000,-211177.000,32.000,7200.000,0.000,0.000,0.000,0.000
35024.000,-61.000,-211238.000,32.000,7200.000,0.000,0.000,0.000,0.000
35034.000,-61.000,-211299.000,32.000,7200.000,0.000,0.000,0.000,0.000
35044.000,-60.000,-211359.000,32.000,7200.000,0.000,0.000,0.000,0.000
35054.000,-61.000,-211420.000,32.000,7200.000,0.000,0.000,0.000,0.000
35064.000,-60.000,-211480.000,32.000,7200.000,0.000,0.000,0.000,0.000
35074.000,-61.000,-211541.000,32.000,7200.000,0.000,0.000,0.000,0.000
35084.000,-61.000,-211602.000,32.000,7200.000,0.000,0.000,0.000,0.000
35094.000,-61.000,-211663.000,32.000,7200.000,0.000,0.000,0.000,0.000
35104.000,-60.000,-211723.000,32.000,7200.000,0.000,0.000,0.000,0.000
35114.000,-61.000,-211784.000,32.000,7200.000,0.000,0.000,0.000,0.000
35124.000,-60.000,-211844.000,32.000,7200.000,0.000,0.000,0.000,0.000
35134.000,-61.000,-211905.000,32.000,7200.000,0.000,0.000,0.000,0.000
35144.000,-60.000,-211965.000,32.000,7200.000,0.000,0.000,0.000,0.000
35154.000,-61.000,-212026.000,32.000,7200.000,0.000,0.000,0.000,0.000
35164.000,-61.000,-212087.000,32.000,7200.000,0.000,0.000,0.000,0.000
35174.000,-60.000,-212147.000,32.000,7200.000,0.000,0.000,0.000,0.000
35184.000,-61.000,-212208.000,32.000,7200.000,0.000,0.000,0.000,0.000
35194.000,-60.000,-212268.000,32.000,7200.000,0.000,0.000,0.000,0.000
35204.000,-61.000,-212329.000,32.000,7200.000,0.000,0.000,0.000,0.000
35214.000,-60.000,-212389.000,32.000,7200.000,0.000,0.000,0.000,0.000
35224.000,-60.000,-212449.000,32.000,7200.000,0.000,0.000,0.000,0.000
35234.000,-61.000,-212510.000,32.000,7200.000,0.000,0.000,0.000,0.000
35244.000,-61.000,-212571.000,32.000,7200.000,0.000,0.000,0.000,0.000
35254.000,-60.000,-212631.000,32.000,7200.000,0.000,0.000,0.000,0.000
35264.000,-61.000,-212692.000,32.000,7200.000,0.000,0.000,0.000,0.000
35274.000,-60.000,-212752.000,32.000,7200.000,0.000,0.000,0.000,0.000
35284.000,-61.000,-212813.000,32.000,7200.000,0.000,0.000,0.000,0.000
35294.000,-61.000,-212874.000,32.000,7200.000,0.000,0.000,0.000,0.000
35304.000,-61.000,-212935.000,32.000,7200.000,0.000,0.000,0.000,0.000
35314.000,-60.000,-212995.000,32.000,7200.000,0.000,0.000,0.000,0.000
35324.000,-60.000,-213055.000,32.000,7200.000,0.000,0.000,0.000,0.000
35334.000,-61.000,-213116.000,32.000,7200.000,0.000,0.000,0.000,0.000
35344.000,-60.000,-213176.000,32.000,7200.000,0.000,0.000,0.000,0.000
35354.000,-61.000,-213237.000,32.000,7200.000,0.000,0.000,0.000,0.000
35364.000,-61.000,-213298.000,32.000,7200.000,0.000,0.000,0.000,0.000
35374.000,-61.000,-213359.000,32.000,7200.000,0.000,0.000,0.000,0.000
35384.000,-60.000,-213419.000,32.000,7200.000,0.000,0.000,0.000,0.000
35394.000,-61.000,-213480.000,32.000,7200.000,0.000,0.000,0.000,0.000
35404.000,-60.000,-213540.000,32.000,7200.000,0.000,0.000,0.000,0.000
35414.000,-61.000,-213601.000,32.000,7200.000,0.000,0.000,0.000,0.000
35424.000,-61.000,-213662.000,32.000,7200.000,0.000,0.000,0.000,0.000
35434.000,-61.000,-213723.000,32.000,7200.000,0.000,0.000,0.000,0.000
35444.000,-60.000,-213783.000,32.000,7200.000,0.000,0.000,0.000,0.000
35454.000,-61.000,-213844.000,32.000,7200.000,0.000,0.000,0.000,0.000
35464.000,-60.000,-213904.000,32.000,7200.000,0.000,0.000,0.000,0.000
35474.000,-61.000,-213965.000,32.000,7200.000,0.000,0.000,0.000,0.000
35484.000,-60.000,-214025.000,32.000,7200.000,0.000,0.000,0.000,0.000
35494.000,-62.000,-214087.000,32.000,7200.000,0.000,0.000,0.000,0.000
35504.000,-60.000,-214147.000,32.000,7200.000,0.000,0.000,0.000,0.000
35514.000,-60.000,-214207.000,32.000,7200.000,0.000,0.000,0.000,0.000
35524.000,-61.000,-214268.000,32.000,7200.000,0.000,0.000,0.000,0.000
35534.000,-60.000,-214328.000,32.000,7200.000,0.000,0.000,0.000,0.000
35544.000,-61.000,-214389.000,32.000,7200.000,0.000,0.000,0.000,0.000
35554.000,-61.000,-214450.000,32.000,7200.000,0.000,0.000,0.000,0.000
35564.000,-61.000,-214511.000,32.000,7200.000,0.000,0.000,0.000,0.000
35574.000,-60.000,-214571.000,32.000,7200.000,0.000,0.000,0.000,0.000
35584.000,-61.000,-214632.000,32.000,7200.000,0.000,0.000,0.000,0.000
35594.000,-60.000,-214692.000,32.000,7200.000,0.000,0.000,0.000,0.000
35604.000,-61.000,-214753.000,32.000,7200.000,0.000,0.000,0.000,0.000
35614.000,-60.000,-214813.000,32.000,7200.000,0.000,0.000,0.000,0.000
35624.000,-62.000,-214875.000,32.000,7200.000,0.000,0.000,0.000,0.000
35634.000,-60.000,-214935.000,32.000,7200.000,0.000,0.000,0.000,0.000
35644.000,-60.000,-214995.000,32.000,7200.000,0.000,0.000,0.000,0.000
35654.000,-61.000,-215056.000,32.000,7200.000,0.000,0.000,0.000,0.000
35664.000,-60.000,-215116.000,32.000,7200.000,0.000,0.000,0.000,0.000
35674.000,-61.000,-215177.000,32.000,7200.000,0.000,0.000,0.000,0.000
35684.000,-60.000,-215237.000,32.000,7200.000,0.000,0.000,0.000,0.000
35694.000,-61.000,-215298.000,32.000,7200.000,0.000,0.000,0.000,0.000
35704.000,-61.000,-215359.000,32.000,7200.000,0.000,0.000,0.000,0.000
35714.000,-60.000,-215419.000,32.000,7200.000,0.000,0.000,0.000,0.000
35724.000,-61.000,-215480.000,32.000,7200.000,0.000,0.000,0.000,0.000
35734.000,-61.000,-215541.000,32.000,7200.000,0.000,0.000,0.000,0.000
35744.000,-60.000,-215601.000,32.000,7200.000,0.000,0.000,0.000,0.000
35754.000,-60.000,-215661.000,32.000,7200.000,0.000,0.000,0.000,0.000
35764.000,-59.000,-215720.000,32.000,7200.000,0.000,0.000,0.000,0.000
35774.000,-57.000,-215777.000,32.000,7200.000,0.000,0.000,0.000,0.000
35784.000,-57.000,-215834.000,32.000,7200.000,0.000,0.000,0.000,0.000
35794.000,-55.000,-215889.000,32.000,7200.000,0.000,0.000,0.000,0.000
35804.000,-54.000,-215943.000,32.000,7200.000,0.000,0.000,0.000,0.000
35814.000,-54.000,-215997.000,32.000,7200.000,0.000,0.000,0.000,0.000
35824.000,-52.000,-216049.000,32.000,7200.000,0.000,0.000,0.000,0.000
35834.000,-51.000,-216100.000,32.000,7200.000,0.000,0.000,0.000,0.000
35844.000,-50.000,-216150.000,32.000,7200.000,0.000,0.000,0.000,0.000
35854.000,-49.000,-216199.000,32.000,7200.000,0.000,0.000,0.000,0.000
35864.000,-48.000,-216247.000,32.000,7200.000,0.000,0.000,0.000,0.000
35874.000,-46.000,-216293.000,32.000,7200.000,0.000,0.000,0.000,0.000
35884.000,-47.000,-216340.000,32.000,7200.000,0.000,0.000,0.000,0.000
35894.000,-45.000,-216385.000,32.000,7200.000,0.000,0.000,0.000,0.000
35904.000,-43.000,-216428.000,32.000,7200.000,0.000,0.000,0.000,0.000
35914.000,-43.000,-216471.000,32.000,7200.000,0.000,0.000,0.000,0.000
35924.000,-41.000,-216512.000,32.000,7200.000,0.000,0.000,0.000,0.000
35934.000,-41.000,-216553.000,32.000,7200.000,0.000,0.000,0.000,0.000
35944.000,-39.000,-216592.000,32.000,7200.000,0.000,0.000,0.000,0.000
35954.000,-39.000,-216631.000,32.000,7200.000,0.000,0.000,0.000,0.000
35964.000,-37.000,-216668.000,32.000,7200.000,0.000,0.000,0.000,0.000
35974.000,-37.000,-216705.000,32.000,7200.000,0.000,0.000,0.000,0.000
35984.000,-35.000,-216740.000,32.000,7200.000,0.000,0.000,0.000,0.000
35994.000,-35.000,-216775.000,32.000,7200.000,0.000,0.000,0.000,0.000
36004.000,-33.000,-216808.000,32.000,7200.000,0.000,0.000,0.000,0.000
36014.000,-32.000,-216840.000,32.000,7200.000,0.000,0.000,0.000,0.000
36024.000,-32.000,-216872.000,32.000,7200.000,0.000,0.000,0.000,0.000
36034.000,-30.000,-216902.000,32.000,7200.000,0.000,0.000,0.000,0.000
36044.000,-30.000,-216932.000,32.000,7200.000,0.000,0.000,0.000,0.000
36054.000,-29.000,-216961.000,32.000,7200.000,0.000,0.000,0.000,0.000
36064.000,-28.000,-216989.000,32.000,7200.000,0.000,0.000,0.000,0.000
36074.000,-27.000,-217016.000,32.000,7200.000,0.000,0.000,0.000,0.000
36084.000,-26.000,-217042.000,32.000,7200.000,0.000,0.000,0.000,0.000
36094.000,-25.000,-217067.000,32.000,7200.000,0.000,0.000,0.000,0.000
36104.000,-25.000,-217092.000,32.000,7200.000,0.000,0.000,0.000,0.000
36114.000,-24.000,-217116.000,32.000,7200.000,0.000,0.000,0.000,0.000
36124.000,-23.000,-217139.000,32.000,7200.000,0.000,0.000,0.000,0.000
36134.000,-21.000,-217160.000,32.000,7200.000,0.000,0.000,0.000,0.000
36144.000,-22.000,-217182.000,32.000,7200.000,0.000,0.000,0.000,0.000
36154.000,-20.000,-217202.000,32.000,7200.000,0.000,0.000,0.000,0.000
36164.000,-20.000,-217222.000,32.000,7200.000,0.000,0.000,0.000,0.000
36174.000,-19.000,-217241.000,32.000,7200.000,0.000,0.000,0.000,0.000
36184.000,-18.000,-217259.000,32.000,7200.000,0.000,0.000,0.000,0.000
36194.000,-17.000,-217276.000,32.000,7200.000,0.000,0.000,0.000,0.000
36204.000,-17.000,-217293.000,32.000,7200.000,0.000,0.000,0.000,0.000
36214.000,1.000,-217292.000,32.000,7200.000,0.000,0.000,0.000,0.000
36224.000,-8.000,-217300.000,32.000,7200.000,0.000,0.000,0.000,0.000
36234.000,-1.000,-217301.000,32.000,7200.000,0.000,0.000,0.000,0.000
36244.000,0.000,-217301.000,32.000,7200.000,0.000,0.000,0.000,0.000
36254.000,0.000,-217301.000,32.000,7200.000,0.000,0.000,0.000,0.000
36264.000,-1.000,-217302.000,32.000,7200.000,0.000,0.000,0.000,0.000
36274.000,0.000,-217302.000,32.000,7200.000,0.000,0.000,0.000,0.000
36284.000,0.000,-217302.000,32.000,7200.000,0.000,0.000,0.000,0.000
36294.000,0.000,-217302.000,32.000,7200.000,0.000,0.000,0.000,0.000
36304.000,0.000,-217302.000,32.000,7200.000,0.000,0.000,0.000,0.000
36314.000,0.000,-217302.000,32.000,7200.000,0.000,0.000,0.000,0.000
36324.000,0.000,-217302.000,32.000,7200.000,0.000,0.000,0.000,0.000
36334.000,0.000,-217302.000,32.000,7200.000,0.000,0.000,0.000,0.000
36344.000,0.000,-217302.000,32.000,7200.000,0.000,0.000,0.000,0.000
36354.000,0.000,-217302.000,32.000,7200.000,0.000,0.000,0.000,0.000
36364.000,2.000,-217300.000,32.000,7200.000,0.000,0.000,0.000,0.000
36374.000,0.000,-217300.000,32.000,7200.000,0.000,0.000,0.000,0.000
36384.000,0.000,-217300.000,32.000,7200.000,0.000,0.000,0.000,0.000
36394.000,0.000,-217300.000,32.000,7200.000,0.000,0.000,0.000,0.000
36404.000,0.000,-217300.000,32.000,7200.000,0.000,0.000,0.000,0.000
36414.000,0.000,-217300.000,32.000,7200.000,0.000,0.000,0.000,0.000
36424.000,0.000,-217300.000,32.000,7200.000,0.000,0.000,0.000,0.000
36434.000,0.000,-217300.000,32.000,7200.000,0.000,0.000,0.000,0.000
36444.000,0.000,-217300.000,32.000,7200.000,0.000,0.000,0.000,0.000
36454.000,0.000,-217300.000,32.000,7200.000,0.000,0.000,0.000,0.000
36464.000,0.000,-217300.000,32.000,7200.000,0.000,0.000,0.000,0.000
36474.000,0.000,-217300.000,32.000,7200.000,0.000,0.000,0.000,0.000
36484.000,0.000,-217300.000,32.000,7200.000,0.000,0.000,0.000,0.000
36494.000,0.000,-217300.000,32.000,7200.000,0.000,0.000,0.000,0.000
36504.000,0.000,-217300.000,32.000,7200.000,0.000,0.000,0.000,0.000
36514.000,0.000,-217300.000,32.000,7200.000,0.000,0.000,0.000,0.000
36524.000,0.000,-217300.000,32.000,7200.000,0.000,0.000,0.000,0.000
36534.000,0.000,-217300.000,32.000,7200.000,0.000,0.000,0.000,0.000
36544.000,0.000,-217300.000,32.000,7200.000,0.000,0.000,0.000,0.000
36554.000,0.000,-217300.000,32.000,7200.000,0.000,0.000,0.000,0.000
36564.000,0.000,-217300.000,32.000,7200.000,0.000,0.000,0.000,0.000
36574.000,0.000,-217300.000,32.000,7200.000,0.000,0.000,0.000,0.000
36584.000,0.000,-217300.000,32.000,7200.000,0.000,0.000,0.000,0.000
36594.000,0.000,-217300.000,32.000,7200.000,0.000,0.000,0.000,0.000
36604.000,0.000,-217300.000,32.000,7200.000,0.000,0.000,0.000,0.000
36614.000,0.000,-217300.000,32.000,7200.000,0.000,0.000,0.000,0.000
36624.000,0.000,-217300.000,32.000,7200.000,0.000,0.000,0.000,0.000
36634.000,0.000,-217300.000,32.000,7200.000,0.000,0.000,0.000,0.000
36644.000,0.000,-217300.000,32.000,7200.000,0.000,0.000,0.000,0.000
36654.000,0.000,-217300.000,32.000,7200.000,0.000,0.000,0.000,0.000
36664.000,0.000,-217300.000,32.000,7200.000,0.000,0.000,0.000,0.000
36674.000,0.000,-217300.000,32.000,7200.000,0.000,0.000,0.000,0.000
36684.000,0.000,-217300.000,32.000,7200.000,0.000,0.000,0.000,0.000
36694.000,0.000,-217300.000,32.000,7200.000,0.000,0.000,0.000,0.000
36704.000,0.000,-217300.000,32.000,7200.000,0.000,0.000,0.000,0.000
36714.000,0.000,-217300.000,32.000,7200.000,0.000,0.000,0.000,0.000
36724.000,0.000,-217300.000,32.000,7200.000,0.000,0.000,0.000,0.000
36734.000,0.000,-217300.000,32.000,7200.000,0.000,0.000,0.000,0.000
36744.000,0.000,-217300.000,32.000,7200.000,0.000,0.000,0.000,0.000
36754.000,0.000,-217300.000,32.000,7200.000,0.000,0.000,0.000,0.000
36764.000,0.000,-217300.000,32.000,7200.000,0.000,0.000,0.000,0.000
36774.000,0.000,-217300.000,32.000,7200.000,0.000,0.000,0.000,0.000
36784.000,0.000,-217300.000,32.000,7200.000,0.000,0.000,0.000,0.000
36794.000,0.000,-217300.000,32.000,7200.000,0.000,0.000,0.000,0.000
36804.000,0.000,-217300.000,32.000,7200.000,0.000,0.000,0.000,0.000
36814.000,0.000,-217300.000,32.000,7200.000,0.000,0.000,0.000,0.000
36824.000,0.000,-217300.000,32.000,7200.000,0.000,0.000,0.000,0.000
36834.000,0.000,-217300.000,32.000,7200.000,0.000,0.000,0.000,0.000
36844.000,0.000,-217300.000,32.000,7200.000,0.000,0.000,0.000,0.000
36854.000,0.000,-217300.000,32.000,7200.000,0.000,0.000,0.000,0.000
36864.000,0.000,-217300.000,32.000,7200.000,0.000,0.000,0.000,0.000
36874.000,0.000,-217300.000,32.000,7200.000,0.000,0.000,0.000,0.000
36884.000,0.000,-217300.000,32.000,7200.000,0.000,0.000,0.000,0.000
36894.000,0.000,-217300.000,32.000,7200.000,0.000,0.000,0.000,0.000
36904.000,0.000,-217300.000,32.000,7200.000,0.000,0.000,0.000,0.000
36914.000,0.000,-217300.000,32.000,7200.000,0.000,0.000,0.000,0.000
36924.000,0.000,-217300.000,32.000,7200.000,0.000,0.000,0.000,0.000
36934.000,0.000,-217300.000,32.000,7200.000,0.000,0.000,0.000,0.000
36944.000,0.000,-217300.000,32.000,7200.000,0.000,0.000,0.000,0.000
36954.000,0.000,-217300.000,32.000,7200.000,0.000,0.000,0.000,0.000
36964.000,0.000,-217300.000,32.000,7200.000,0.000,0.000,0.000,0.000
36974.000,0.000,-217300.000,32.000,7200.000,0.000,0.000,0.000,0.000
36984.000,0.000,-217300.000,32.000,7200.000,0.000,0.000,0.000,0.000
36994.000,0.000,-217300.000,32.000,7200.000,0.000,0.000,0.000,0.000
37004.000,0.000,-217300.000,32.000,7200.000,0.000,0.000,0.000,0.000
37014.000,0.000,-217300.000,32.000,7200.000,0.000,0.000,0.000,0.000
37024.000,0.000,-217300.000,32.000,7200.000,0.000,0.000,0.000,0.000
37034.000,0.000,-217300.000,32.000,7200.000,0.000,0.000,0.000,0.000
37044.000,0.000,-217300.000,32.000,7200.000,0.000,0.000,0.000,0.000
37054.000,0.000,-217300.000,32.000,7200.000,0.000,0.000,0.000,0.000
37064.000,0.000,-217300.000,32.000,7200.000,0.000,0.000,0.000,0.000
37074.000,0.000,-217300.000,32.000,7200.000,0.000,0.000,0.000,0.000
37084.000,0.000,-217300.000,32.000,7200.000,0.000,0.000,0.000,0.000
37094.000,0.000,-217300.000,32.000,7200.000,0.000,0.000,0.000,0.000
37104.000,0.000,-217300.000,32.000,7200.000,0.000,0.000,0.000,0.000
37114.000,0.000,-217300.000,32.000,7200.000,0.000,0.000,0.000,0.000
37124.000,0.000,-217300.000,32.000,7200.000,0.000,0.000,0.000,0.000
37134.000,0.000,-217300.000,32.000,7200.000,0.000,0.000,0.000,0.000
37144.000,0.000,-217300.000,32.000,7200.000,0.000,0.000,0.000,0.000
37154.000,0.000,-217300.000,32.000,7200.000,0.000,0.000,0.000,0.000
37164.000,0.000,-217300.000,32.000,7200.000,0.000,0.000,0.000,0.000
37174.000,0.000,-217300.000,32.000,7200.000,0.000,0.000,0.000,0.000
37184.000,0.000,-217300.000,32.000,7200.000,0.000,0.000,0.000,0.000
37194.000,0.000,-217300.000,32.000,7200.000,0.000,0.000,0.000,0.000
37204.000,0.000,-217300.000,32.000,7200.000,0.000,0.000,0.000,0.000
37214.000,0.000,-217300.000,32.000,7200.000,0.000,0.000,0.000,0.000
37224.000,0.000,-217300.000,32.000,7200.000,0.000,0.000,0.000,0.000
37234.000,0.000,-217300.000,32.000,7200.000,0.000,0.000,0.000,0.000
37244.000,0.000,-217300.000,32.000,7200.000,0.000,0.000,0.000,0.000
37254.000,0.000,-217300.000,32.000,7200.000,0.000,0.000,0.000,0.000
37264.000,0.000,-217300.000,32.000,7200.000,0.000,0.000,0.000,0.000
37274.000,0.000,-217300.000,32.000,7200.000,0.000,0.000,0.000,0.000
37284.000,0.000,-217300.000,32.000,7200.000,0.000,0.000,0.000,0.000
37294.000,0.000,-217300.000,32.000,7200.000,0.000,0.000,0.000,0.000
37304.000,0.000,-217300.000,32.000,7200.000,0.000,0.000,0.000,0.000
37314.000,0.000,-217300.000,32.000,7200.000,0.000,0.000,0.000,0.000
37324.000,0.000,-217300.000,32.000,7200.000,0.000,0.000,0.000,0.000
37334.000,0.000,-217300.000,32.000,7200.000,0.000,0.000,0.000,0.000
37344.000,0.000,-217300.000,32.000,7200.000,0.000,0.000,0.000,0.000
37354.000,0.000,-217300.000,32.000,7200.000,0.000,0.000,0.000,0.000
37364.000,0.000,-217300.000,32.000,7200.000,0.000,0.000,0.000,0.000
37374.000,0.000,-217300.000,32.000,7200.000,0.000,0.000,0.000,0.000
37384.000,0.000,-217300.000,32.000,7200.000,0.000,0.000,0.000,0.000
37394.000,0.000,-217300.000,32.000,7200.000,0.000,0.000,0.000,0.000
37404.000,0.000,-217300.000,32.000,7200.000,0.000,0.000,0.000,0.000
37414.000,0.000,-217300.000,32.000,7200.000,0.000,0.000,0.000,0.000
37424.000,0.000,-217300.000,32.000,7200.000,0.000,0.000,0.000,0.000
37434.000,0.000,-217300.000,32.000,7200.000,0.000,0.000,0.000,0.000
37444.000,0.000,-217300.000,32.000,7200.000,0.000,0.000,0.000,0.000
37454.000,0.000,-217300.000,32.000,7200.000,0.000,0.000,0.000,0.000
37464.000,0.000,-217300.000,32.000,7200.000,0.000,0.000,0.000,0.000
37474.000,0.000,-217300.000,32.000,7200.000,0.000,0.000,0.000,0.000
37484.000,0.000,-217300.000,32.000,7200.000,0.000,0.000,0.000,0.000
37494.000,0.000,-217300.000,32.000,7200.000,0.000,0.000,0.000,0.000
37504.000,0.000,-217300.000,32.000,7200.000,0.000,0.000,0.000,0.000
37514.000,0.000,-217300.000,32.000,7200.000,0.000,0.000,0.000,0.000
37524.000,0.000,-217300.000,32.000,7200.000,0.000,0.000,0.000,0.000
37534.000,0.000,-217300.000,32.000,7200.000,0.000,0.000,0.000,0.000
37544.000,0.000,-217300.000,32.000,7200.000,0.000,0.000,0.000,0.000
37554.000,0.000,-217300.000,32.000,7200.000,0.000,0.000,0.000,0.000
37564.000,0.000,-217300.000,32.000,7200.000,0.000,0.000,0.000,0.000
37574.000,0.000,-217300.000,32.000,7200.000,0.000,0.000,0.000,0.000
37584.000,0.000,-217300.000,32.000,7200.000,0.000,0.000,0.000,0.000
37594.000,0.000,-217300.000,32.000,7200.000,0.000,0.000,0.000,0.000
37604.000,0.000,-217300.000,32.000,7200.000,0.000,0.000,0.000,0.000
37614.000,0.000,-217300.000,32.000,7200.000,0.000,0.000,0.000,0.000
37624.000,0.000,-217300.000,32.000,7200.000,0.000,0.000,0.000,0.000
37634.000,0.000,-217300.000,32.000,7200.000,0.000,0.000,0.000,0.000
37644.000,0.000,-217300.000,32.000,7200.000,0.000,0.000,0.000,0.000
37654.000,0.000,-217300.000,32.000,7200.000,0.000,0.000,0.000,0.000
37664.000,0.000,-217300.000,32.000,7200.000,0.000,0.000,0.000,0.000
37674.000,0.000,-217300.000,32.000,7200.000,0.000,0.000,0.000,0.000
37684.000,0.000,-217300.000,32.000,7200.000,0.000,0.000,0.000,0.000
37694.000,0.000,-217300.000,32.000,7200.000,0.000,0.000,0.000,0.000
37704.000,0.000,-217300.000,32.000,7200.000,0.000,0.000,0.000,0.000
37714.000,0.000,-217300.000,32.000,7200.000,0.000,0.000,0.000,0.000
37724.000,0.000,-217300.000,32.000,7200.000,0.000,0.000,0.000,0.000
37734.000,0.000,-217300.000,32.000,7200.000,0.000,0.000,0.000,0.000
37744.000,0.000,-217300.000,32.000,7200.000,0.000,0.000,0.000,0.000
37754.000,0.000,-217300.000,32.000,7200.000,0.000,0.000,0.000,0.000
37764.000,0.000,-217300.000,32.000,7200.000,0.000,0.000,0.000,0.000
37774.000,0.000,-217300.000,32.000,7200.000,0.000,0.000,0.000,0.000
37784.000,0.000,-217300.000,32.000,7200.000,0.000,0.000,0.000,0.000
37794.000,0.000,-217300.000,32.000,7200.000,0.000,0.000,0.000,0.000
37804.000,0.000,-217300.000,32.000,7200.000,0.000,0.000,0.000,0.000
37814.000,0.000,-217300.000,32.000,7200.000,0.000,0.000,0.000,0.000
37824.000,0.000,-217300.000,32.000,7200.000,0.000,0.000,0.000,0.000
37834.000,0.000,-217300.000,32.000,7200.000,0.000,0.000,0.000,0.000
37844.000,0.000,-217300.000,32.000,7200.000,0.000,0.000,0.000,0.000
37854.000,0.000,-217300.000,32.000,7200.000,0.000,0.000,0.000,0.000
37864.000,0.000,-217300.000,32.000,7200.000,0.000,0.000,0.000,0.000
37874.000,0.000,-217300.000,32.000,7200.000,0.000,0.000,0.000,0.000
37884.000,0.000,-217300.000,32.000,7200.000,0.000,0.000,0.000,0.000
37894.000,0.000,-217300.000,32.000,7200.000,0.000,0.000,0.000,0.000
37904.000,0.000,-217300.000,32.000,7200.000,0.000,0.000,0.000,0.000
37914.000,0.000,-217300.000,32.000,7200.000,0.000,0.000,0.000,0.000
37924.000,0.000,-217300.000,32.000,7200.000,0.000,0.000,0.000,0.000
37934.000,0.000,-217300.000,32.000,7200.000,0.000,0.000,0.000,0.000
37944.000,0.000,-217300.000,32.000,7200.000,0.000,0.000,0.000,0.000
37954.000,0.000,-217300.000,32.000,7200.000,0.000,0.000,0.000,0.000
37964.000,0.000,-217300.000,32.000,7200.000,0.000,0.000,0.000,0.000
37974.000,0.000,-217300.000,32.000,7200.000,0.000,0.000,0.000,0.000
37984.000,0.000,-217300.000,32.000,7200.000,0.000,0.000,0.000,0.000
37994.000,0.000,-217300.000,32.000,7200.000,0.000,0.000,0.000,0.000
38004.000,0.000,-217300.000,32.000,7200.000,0.000,0.000,0.000,0.000
38014.000,0.000,-217300.000,32.000,7200.000,0.000,0.000,0.000,0.000
38024.000,0.000,-217300.000,32.000,7200.000,0.000,0.000,0.000,0.000
38034.000,0.000,-217300.000,32.000,7200.000,0.000,0.000,0.000,0.000
38044.000,0.000,-217300.000,32.000,7200.000,0.000,0.000,0.000,0.000
38054.000,0.000,-217300.000,32.000,7200.000,0.000,0.000,0.000,0.000
38064.000,0.000,-217300.000,32.000,7200.000,0.000,0.000,0.000,0.000
38074.000,0.000,-217300.000,32.000,7200.000,0.000,0.000,0.000,0.000
38084.000,0.000,-217300.000,32.000,7200.000,0.000,0.000,0.000,0.000
38094.000,0.000,-217300.000,32.000,7200.000,0.000,0.000,0.000,0.000
38104.000,0.000,-217300.000,32.000,7200.000,0.000,0.000,0.000,0.000
38114.000,0.000,-217300.000,32.000,7200.000,0.000,0.000,0.000,0.000
38124.000,0.000,-217300.000,32.000,7200.000,0.000,0.000,0.000,0.000
38134.000,0.000,-217300.000,32.000,7200.000,0.000,0.000,0.000,0.000
38144.000,0.000,-217300.000,32.000,7200.000,0.000,0.000,0.000,0.000
38154.000,0.000,-217300.000,32.000,7200.000,0.000,0.000,0.000,0.000
38164.000,0.000,-217300.000,32.000,7200.000,0.000,0.000,0.000,0.000
38174.000,0.000,-217300.000,32.000,7200.000,0.000,0.000,0.000,0.000
38184.000,0.000,-217300.000,32.000,7200.000,0.000,0.000,0.000,0.000
38194.000,0.000,-217300.000,32.000,7200.000,0.000,0.000,0.000,0.000
38204.000,0.000,-217300.000,32.000,7200.000,0.000,0.000,0.000,0.000
38214.000,0.000,-217300.000,32.000,7200.000,0.000,0.000,0.000,0.000
38224.000,0.000,-217300.000,32.000,7200.000,0.000,0.000,0.000,0.000
38234.000,0.000,-217300.000,32.000,7200.000,0.000,0.000,0.000,0.000
38244.000,0.000,-217300.000,32.000,7200.000,0.000,0.000,0.000,0.000
38254.000,0.000,-217300.000,32.000,7200.000,0.000,0.000,0.000,0.000
38264.000,0.000,-217300.000,32.000,7200.000,0.000,0.000,0.000,0.000
38274.000,0.000,-217300.000,32.000,7200.000,0.000,0.000,0.000,0.000
38284.000,0.000,-217300.000,32.000,7200.000,0.000,0.000,0.000,0.000
38294.000,0.000,-217300.000,32.000,7200.000,0.000,0.000,0.000,0.000
38304.000,0.000,-217300.000,32.000,7200.000,0.000,0.000,0.000,0.000
38314.000,0.000,-217300.000,32.000,7200.000,0.000,0.000,0.000,0.000
38324.000,0.000,-217300.000,32.000,7200.000,0.000,0.000,0.000,0.000
38334.000,0.000,-217300.000,32.000,7200.000,0.000,0.000,0.000,0.000
38344.000,0.000,-217300.000,32.000,7200.000,0.000,0.000,0.000,0.000
38354.000,0.000,-217300.000,32.000,7200.000,0.000,0.000,0.000,0.000
38364.000,0.000,-217300.000,32.000,7200.000,0.000,0.000,0.000,0.000
38374.000,0.000,-217300.000,32.000,7200.000,0.000,0.000,0.000,0.000
38384.000,0.000,-217300.000,32.000,7200.000,0.000,0.000,0.000,0.000
38394.000,0.000,-217300.000,32.000,7200.000,0.000,0.000,0.000,0.000
38404.000,0.000,-217300.000,32.000,7200.000,0.000,0.000,0.000,0.000
38414.000,0.000,-217300.000,32.000,7200.000,0.000,0.000,0.000,0.000
38424.000,0.000,-217300.000,32.000,7200.000,0.000,0.000,0.000,0.000
38434.000,0.000,-217300.000,32.000,7200.000,0.000,0.000,0.000,0.000
38444.000,0.000,-217300.000,32.000,7200.000,0.000,0.000,0.000,0.000
38454.000,0.000,-217300.000,32.000,7200.000,0.000,0.000,0.000,0.000
38464.000,0.000,-217300.000,32.000,7200.000,0.000,0.000,0.000,0.000
38474.000,0.000,-217300.000,32.000,7200.000,0.000,0.000,0.000,0.000
38484.000,0.000,-217300.000,32.000,7200.000,0.000,0.000,0.000,0.000
38494.000,0.000,-217300.000,32.000,7200.000,0.000,0.000,0.000,0.000
38504.000,0.000,-217300.000,32.000,7200.000,0.000,0.000,0.000,0.000
38514.000,0.000,-217300.000,32.000,7200.000,0.000,0.000,0.000,0.000
38524.000,0.000,-217300.000,32.000,7200.000,0.000,0.000,0.000,0.000
38534.000,0.000,-217300.000,32.000,7200.000,0.000,0.000,0.000,0.000
38544.000,0.000,-217300.000,32.000,7200.000,0.000,0.000,0.000,0.000
38554.000,0.000,-217300.000,32.000,7200.000,0.000,0.000,0.000,0.000
38564.000,0.000,-217300.000,32.000,7200.000,0.000,0.000,0.000,0.000
38574.000,0.000,-217300.000,32.000,7200.000,0.000,0.000,0.000,0.000
38584.000,0.000,-217300.000,32.000,7200.000,0.000,0.000,0.000,0.000
38594.000,0.000,-217300.000,32.000,7200.000,0.000,0.000,0.000,0.000
38604.000,0.000,-217300.000,32.000,7200.000,0.000,0.000,0.000,0.000
24514.000,32.000,112659.000,32.000,3168.000,0.000,-2.000,0.000,0.000
24524.000,31.000,112690.000,32.000,3312.000,0.000,-2.000,0.000,0.000
24534.000,32.000,112722.000,32.000,3240.000,0.000,-2.000,0.000,0.000
24544.000,31.000,112753.000,32.000,3312.000,0.000,-2.000,0.000,0.000
24554.000,30.000,112783.000,32.000,3240.000,0.000,-2.000,0.000,0.000
24564.000,28.000,112811.000,32.000,3240.000,0.000,-2.000,0.000,0.000
24574.000,31.000,112842.000,32.000,3096.000,0.000,-2.000,0.000,0.000
24584.000,31.000,112873.000,32.000,3240.000,0.000,-2.000,0.000,0.000
24594.000,27.000,112900.000,32.000,3240.000,0.000,-2.000,0.000,0.000
24604.000,31.000,112931.000,32.000,3024.000,0.000,-2.000,0.000,0.000
24614.000,32.000,112963.000,32.000,3168.000,0.000,-2.000,0.000,0.000
24624.000,31.000,112994.000,32.000,3240.000,0.000,-2.000,0.000,0.000
24634.000,31.000,113025.000,32.000,3168.000,0.000,-2.000,0.000,0.000
24644.000,32.000,113057.000,32.000,3240.000,0.000,-2.000,0.000,0.000
24654.000,31.000,113088.000,32.000,3240.000,0.000,-2.000,0.000,0.000
24664.000,31.000,113119.000,32.000,3240.000,0.000,-2.000,0.000,0.000
24674.000,32.000,113151.000,32.000,3240.000,0.000,-2.000,0.000,0.000
24684.000,27.000,113178.000,32.000,3312.000,0.000,-2.000,0.000,0.000
24694.000,32.000,113210.000,32.000,3024.000,0.000,-2.000,0.000,0.000
24704.000,31.000,113241.000,32.000,3240.000,0.000,-2.000,0.000,0.000
24714.000,28.000,113269.000,32.000,3240.000,0.000,-2.000,0.000,0.000
24724.000,31.000,113300.000,32.000,3096.000,0.000,-2.000,0.000,0.000
24734.000,27.000,113327.000,32.000,3168.000,0.000,-2.000,0.000,0.000
24744.000,28.000,113355.000,32.000,2952.000,0.000,-2.000,0.000,0.000
24754.000,33.000,113388.000,32.000,3024.000,0.000,-2.000,0.000,0.000
24764.000,31.000,113419.000,32.000,3240.000,0.000,-2.000,0.000,0.000
24774.000,32.000,113451.000,32.000,3168.000,0.000,-2.000,0.000,0.000
24784.000,33.000,113484.000,32.000,3168.000,0.000,-2.000,0.000,0.000
24794.000,28.000,113512.000,32.000,3240.000,0.000,-2.000,0.000,0.000
24804.000,28.000,113540.000,32.000,3024.000,0.000,-2.000,0.000,0.000
24814.000,32.000,113572.000,32.000,3024.000,0.000,-2.000,0.000,0.000
24824.000,29.000,113601.000,32.000,3168.000,0.000,-2.000,0.000,0.000
24834.000,28.000,113629.000,32.000,3024.000,0.000,-2.000,0.000,0.000
24844.000,32.000,113661.000,32.000,2952.000,0.000,-2.000,0.000,0.000
24854.000,33.000,113694.000,32.000,3168.000,0.000,-2.000,0.000,0.000
24864.000,32.000,113726.000,32.000,3168.000,0.000,-2.000,0.000,0.000
24874.000,32.000,113758.000,32.000,3168.000,0.000,-2.000,0.000,0.000
24884.000,29.000,113787.000,32.000,3168.000,0.000,-2.000,0.000,0.000
24894.000,31.000,113818.000,32.000,3024.000,0.000,-2.000,0.000,0.000
24904.000,33.000,113851.000,32.000,3096.000,0.000,-2.000,0.000,0.000
24914.000,32.000,113883.000,32.000,3240.000,0.000,-2.000,0.000,0.000
24924.000,32.000,113915.000,32.000,3240.000,0.000,-2.000,0.000,0.000
24934.000,32.000,113947.000,32.000,3240.000,0.000,-2.000,0.000,0.000
24944.000,32.000,113979.000,32.000,3240.000,0.000,-2.000,0.000,0.000
24954.000,32.000,114011.000,32.000,3240.000,0.000,-2.000,0.000,0.000
24964.000,32.000,114043.000,32.000,3312.000,0.000,-2.000,0.000,0.000
24974.000,32.000,114075.000,32.000,3312.000,0.000,-2.000,0.000,0.000
24984.000,31.000,114106.000,32.000,3312.000,0.000,-2.000,0.000,0.000
24994.000,32.000,114138.000,32.000,3312.000,0.000,-2.000,0.000,0.000
25004.000,31.000,114169.000,32.000,3312.000,0.000,-2.000,0.000,0.000
25014.000,32.000,114201.000,32.000,3312.000,0.000,-2.000,0.000,0.000
25024.000,31.000,114232.000,32.000,3384.000,0.000,-2.000,0.000,0.000
25034.000,30.000,114262.000,32.000,3312.000,0.000,-2.000,0.000,0.000
25044.000,31.000,114293.000,32.000,3240.000,0.000,-2.000,0.000,0.000
25054.000,31.000,114324.000,32.000,3312.000,0.000,-2.000,0.000,0.000
25064.000,28.000,114352.000,32.000,3312.000,0.000,-2.000,0.000,0.000
25074.000,30.000,114382.000,32.000,3168.000,0.000,-2.000,0.000,0.000
25084.000,32.000,114414.000,32.000,3240.000,0.000,-2.000,0.000,0.000
25094.000,31.000,114445.000,32.000,3312.000,0.000,-2.000,0.000,0.000
25104.000,31.000,114476.000,32.000,3312.000,0.000,-2.000,0.000,0.000
25114.000,32.000,114508.000,32.000,3312.000,0.000,-2.000,0.000,0.000
25124.000,30.000,114538.000,32.000,3384.000,0.000,-2.000,0.000,0.000
25134.000,31.000,114569.000,32.000,3240.000,0.000,-2.000,0.000,0.000
25144.000,31.000,114600.000,32.000,3312.000,0.000,-2.000,0.000,0.000
25154.000,26.000,114626.000,32.000,3312.000,0.000,-2.000,0.000,0.000
25164.000,31.000,114657.000,32.000,3024.000,0.000,-2.000,0.000,0.000
25174.000,31.000,114688.000,32.000,3240.000,0.000,-2.000,0.000,0.000
25184.000,28.000,114716.000,32.000,3240.000,0.000,-2.000,0.000,0.000
25194.000,30.000,114746.000,32.000,3096.000,0.000,-2.000,0.000,0.000
25204.000,28.000,114774.000,32.000,3168.000,0.000,-2.000,0.000,0.000
25214.000,31.000,114805.000,32.000,3096.000,0.000,-2.000,0.000,0.000
25224.000,31.000,114836.000,32.000,3168.000,0.000,-2.000,0.000,0.000
25234.000,28.000,114864.000,32.000,3168.000,0.000,-2.000,0.000,0.000
25244.000,32.000,114896.000,32.000,3024.000,0.000,-2.000,0.000,0.000
25254.000,31.000,114927.000,32.000,3240.000,0.000,-2.000,0.000,0.000
25264.000,27.000,114954.000,32.000,3168.000,0.000,-2.000,0.000,0.000
25274.000,32.000,114986.000,32.000,2952.000,0.000,-2.000,0.000,0.000
25284.000,32.000,115018.000,32.000,3168.000,0.000,-2.000,0.000,0.000
25294.000,32.000,115050.000,32.000,3168.000,0.000,-2.000,0.000,0.000
25304.000,32.000,115082.000,32.000,3240.000,0.000,-2.000,0.000,0.000
25314.000,32.000,115114.000,32.000,3240.000,0.000,-2.000,0.000,0.000
25324.000,32.000,115146.000,32.000,3240.000,0.000,-2.000,0.000,0.000
25334.000,32.000,115178.000,32.000,3240.000,0.000,-2.000,0.000,0.000
25344.000,27.000,115205.000,32.000,3240.000,0.000,-2.000,0.000,0.000
25354.000,32.000,115237.000,32.000,3024.000,0.000,-2.000,0.000,0.000
25364.000,32.000,115269.000,32.000,3240.000,0.000,-2.000,0.000,0.000
25374.000,28.000,115297.000,32.000,3240.000,0.000,-2.000,0.000,0.000
25384.000,32.000,115329.000,32.000,3096.000,0.000,-2.000,0.000,0.000
25394.000,31.000,115360.000,32.000,3240.000,0.000,-2.000,0.000,0.000
25404.000,32.000,115392.000,32.000,3240.000,0.000,-2.000,0.000,0.000
25414.000,32.000,115424.000,32.000,3240.000,0.000,-2.000,0.000,0.000
25424.000,31.000,115455.000,32.000,3312.000,0.000,-2.000,0.000,0.000
25434.000,31.000,115486.000,32.000,3240.000,0.000,-2.000,0.000,0.000
25444.000,32.000,115518.000,32.000,3240.000,0.000,-2.000,0.000,0.000
25454.000,32.000,115550.000,32.000,3312.000,0.000,-2.000,0.000,0.000
25464.000,31.000,115581.000,32.000,3312.000,0.000,-2.000,0.000,0.000
25474.000,31.000,115612.000,32.000,3312.000,0.000,-2.000,0.000,0.000
25484.000,30.000,115642.000,32.000,3312.000,0.000,-2.000,0.000,0.000
25494.000,28.000,115670.000,32.000,3240.000,0.000,-2.000,0.000,0.000
25504.000,27.000,115697.000,32.000,3096.000,0.000,-2.000,0.000,0.000
25514.000,31.000,115728.000,32.000,3024.000,0.000,-2.000,0.000,0.000
25524.000,32.000,115760.000,32.000,3240.000,0.000,-2.000,0.000,0.000
25534.000,26.000,115786.000,32.000,3240.000,0.000,-2.000,0.000,0.000
25544.000,32.000,115818.000,32.000,2952.000,0.000,-2.000,0.000,0.000
25554.000,28.000,115846.000,32.000,3240.000,0.000,-2.000,0.000,0.000
25564.000,32.000,115878.000,32.000,3024.000,0.000,-2.000,0.000,0.000
25574.000,32.000,115910.000,32.000,3168.000,0.000,-2.000,0.000,0.000
25584.000,28.000,115938.000,32.000,3240.000,0.000,-2.000,0.000,0.000
25594.000,31.000,115969.000,32.000,3024.000,0.000,-2.000,0.000,0.000
25604.000,33.000,116002.000,32.000,3168.000,0.000,-2.000,0.000,0.000
25614.000,32.000,116034.000,32.000,3240.000,0.000,-2.000,0.000,0.000
25624.000,31.000,116065.000,32.000,3240.000,0.000,-2.000,0.000,0.000
25634.000,32.000,116097.000,32.000,3168.000,0.000,-2.000,0.000,0.000
25644.000,32.000,116129.000,32.000,3240.000,0.000,-2.000,0.000,0.000
25654.000,32.000,116161.000,32.000,3240.000,0.000,-2.000,0.000,0.000
25664.000,32.000,116193.000,32.000,3240.000,0.000,-2.000,0.000,0.000
25674.000,32.000,116225.000,32.000,3312.000,0.000,-2.000,0.000,0.000
25684.000,31.000,116256.000,32.000,3312.000,0.000,-2.000,0.000,0.000
25694.000,32.000,116288.000,32.000,3240.000,0.000,-2.000,0.000,0.000
25704.000,32.000,116320.000,32.000,3312.000,0.000,-2.000,0.000,0.000
25714.000,30.000,116350.000,32.000,3312.000,0.000,-2.000,0.000,0.000
25724.000,32.000,116382.000,32.000,3240.000,0.000,-2.000,0.000,0.000
25734.000,27.000,116409.000,32.000,3384.000,0.000,-2.000,0.000,0.000
25744.000,31.000,116440.000,32.000,3096.000,0.000,-2.000,0.000,0.000
25754.000,32.000,116472.000,32.000,3312.000,0.000,-2.000,0.000,0.000
25764.000,27.000,116499.000,32.000,3312.000,0.000,-2.000,0.000,0.000
25774.000,31.000,116530.000,32.000,3096.000,0.000,-2.000,0.000,0.000
25784.000,32.000,116562.000,32.000,3240.000,0.000,-2.000,0.000,0.000
25794.000,31.000,116593.000,32.000,3312.000,0.000,-2.000,0.000,0.000
25804.000,31.000,116624.000,32.000,3240.000,0.000,-2.000,0.000,0.000
25814.000,28.000,116652.000,32.000,3240.000,0.000,-2.000,0.000,0.000
25824.000,27.000,116679.000,32.000,3096.000,0.000,-2.000,0.000,0.000
25834.000,31.000,116710.000,32.000,3024.000,0.000,-2.000,0.000,0.000
25844.000,32.000,116742.000,32.000,3168.000,0.000,-2.000,0.000,0.000
25854.000,32.000,116774.000,32.000,3240.000,0.000,-2.000,0.000,0.000
25864.000,32.000,116806.000,32.000,3240.000,0.000,-2.000,0.000,0.000
25874.000,32.000,116838.000,32.000,3312.000,0.000,-2.000,0.000,0.000
25884.000,30.000,116868.000,32.000,3312.000,0.000,-2.000,0.000,0.000
25894.000,32.000,116900.000,32.000,3168.000,0.000,-2.000,0.000,0.000
25904.000,27.000,116927.000,32.000,3312.000,0.000,-2.000,0.000,0.000
25914.000,32.000,116959.000,32.000,3024.000,0.000,-2.000,0.000,0.000
25924.000,31.000,116990.000,32.000,3240.000,0.000,-2.000,0.000,0.000
25934.000,27.000,117017.000,32.000,3240.000,0.000,-2.000,0.000,0.000
25944.000,28.000,117045.000,32.000,3024.000,0.000,-2.000,0.000,0.000
25954.000,32.000,117077.000,32.000,3024.000,0.000,-2.000,0.000,0.000
25964.000,32.000,117109.000,32.000,3240.000,0.000,-2.000,0.000,0.000
25974.000,28.000,117137.000,32.000,3240.000,0.000,-2.000,0.000,0.000
25984.000,32.000,117169.000,32.000,3024.000,0.000,-2.000,0.000,0.000
25994.000,32.000,117201.000,32.000,3240.000,0.000,-2.000,0.000,0.000
26004.000,31.000,117232.000,32.000,3240.000,0.000,-2.000,0.000,0.000
26014.000,32.000,117264.000,32.000,3168.000,0.000,-2.000,0.000,0.000
26024.000,28.000,117292.000,32.000,3240.000,0.000,-2.000,0.000,0.000
26034.000,28.000,117320.000,32.000,3024.000,0.000,-2.000,0.000,0.000
26044.000,31.000,117351.000,32.000,3024.000,0.000,-2.000,0.000,0.000
26054.000,32.000,117383.000,32.000,3168.000,0.000,-2.000,0.000,0.000
26064.000,32.000,117415.000,32.000,3168.000,0.000,-2.000,0.000,0.000
26074.000,32.000,117447.000,32.000,3240.000,0.000,-2.000,0.000,0.000
26084.000,31.000,117478.000,32.000,3240.000,0.000,-2.000,0.000,0.000
26094.000,32.000,117510.000,32.000,3168.000,0.000,-2.000,0.000,0.000
26104.000,31.000,117541.000,32.000,3240.000,0.000,-2.000,0.000,0.000
26114.000,31.000,117572.000,32.000,3240.000,0.000,-2.000,0.000,0.000
26124.000,32.000,117604.000,32.000,3240.000,0.000,-2.000,0.000,0.000
26134.000,32.000,117636.000,32.000,3240.000,0.000,-2.000,0.000,0.000
26144.000,32.000,117668.000,32.000,3312.000,0.000,-2.000,0.000,0.000
26154.000,31.000,117699.000,32.000,3312.000,0.000,-2.000,0.000,0.000
26164.000,28.000,117727.000,32.000,3240.000,0.000,-2.000,0.000,0.000
26174.000,31.000,117758.000,32.000,3096.000,0.000,-2.000,0.000,0.000
26184.000,32.000,117790.000,32.000,3240.000,0.000,-2.000,0.000,0.000
26194.000,28.000,117818.000,32.000,3312.000,0.000,-2.000,0.000,0.000
26204.000,27.000,117845.000,32.000,3096.000,0.000,-2.000,0.000,0.000
26214.000,31.000,117876.000,32.000,3024.000,0.000,-2.000,0.000,0.000
26224.000,32.000,117908.000,32.000,3168.000,0.000,-2.000,0.000,0.000
26234.000,28.000,117936.000,32.000,3240.000,0.000,-2.000,0.000,0.000
26244.000,32.000,117968.000,32.000,3024.000,0.000,-2.000,0.000,0.000
26254.000,32.000,118000.000,32.000,3240.000,0.000,-2.000,0.000,0.000
26264.000,31.000,118031.000,32.000,3240.000,0.000,-2.000,0.000,0.000
26274.000,32.000,118063.000,32.000,3168.000,0.000,-2.000,0.000,0.000
26284.000,32.000,118095.000,32.000,3240.000,0.000,-2.000,0.000,0.000
26294.000,32.000,118127.000,32.000,3240.000,0.000,-2.000,0.000,0.000
26304.000,31.000,118158.000,32.000,3240.000,0.000,-2.000,0.000,0.000
26314.000,32.000,118190.000,32.000,3240.000,0.000,-2.000,0.000,0.000
26324.000,28.000,118218.000,32.000,3312.000,0.000,-2.000,0.000,0.000
26334.000,30.000,118248.000,32.000,3096.000,0.000,-2.000,0.000,0.000
26344.000,32.000,118280.000,32.000,3168.000,0.000,-2.000,0.000,0.000
26354.000,28.000,118308.000,32.000,3240.000,0.000,-2.000,0.000,0.000
26364.000,32.000,118340.000,32.000,3096.000,0.000,-2.000,0.000,0.000
26374.000,31.000,118371.000,32.000,3240.000,0.000,-2.000,0.000,0.000
26384.000,32.000,118403.000,32.000,3240.000,0.000,-2.000,0.000,0.000
26394.000,31.000,118434.000,32.000,3240.000,0.000,-2.000,0.000,0.000
26404.000,28.000,118462.000,32.000,3240.000,0.000,-2.000,0.000,0.000
26414.000,28.000,118490.000,32.000,3096.000,0.000,-2.000,0.000,0.000
26424.000,32.000,118522.000,32.000,3024.000,0.000,-2.000,0.000,0.000
26434.000,32.000,118554.000,32.000,3240.000,0.000,-2.000,0.000,0.000
26444.000,32.000,118586.000,32.000,3240.000,0.000,-2.000,0.000,0.000
26454.000,31.000,118617.000,32.000,3240.000,0.000,-2.000,0.000,0.000
26464.000,32.000,118649.000,32.000,3240.000,0.000,-2.000,0.000,0.000
26474.000,31.000,118680.000,32.000,3240.000,0.000,-2.000,0.000,0.000
26484.000,32.000,118712.000,32.000,3240.000,0.000,-2.000,0.000,0.000
26494.000,32.000,118744.000,32.000,3312.000,0.000,-2.000,0.000,0.000
26504.000,27.000,118771.000,32.000,3312.000,0.000,-2.000,0.000,0.000
26514.000,32.000,118803.000,32.000,3024.000,0.000,-2.000,0.000,0.000
26524.000,28.000,118831.000,32.000,3312.000,0.000,-2.000,0.000,0.000
26534.000,32.000,118863.000,32.000,3096.000,0.000,-2.000,0.000,0.000
26544.000,31.000,118894.000,32.000,3240.000,0.000,-2.000,0.000,0.000
26554.000,32.000,118926.000,32.000,3240.000,0.000,-2.000,0.000,0.000
26564.000,28.000,118954.000,32.000,3312.000,0.000,-2.000,0.000,0.000
26574.000,31.000,118985.000,32.000,3096.000,0.000,-2.000,0.000,0.000
26584.000,27.000,119012.000,32.000,3240.000,0.000,-2.000,0.000,0.000
26594.000,32.000,119044.000,32.000,3024.000,0.000,-2.000,0.000,0.000
26604.000,32.000,119076.000,32.000,3240.000,0.000,-2.000,0.000,0.000
26614.000,27.000,119103.000,32.000,3240.000,0.000,-2.000,0.000,0.000
26624.000,32.000,119135.000,32.000,2952.000,0.000,-2.000,0.000,0.000
26634.000,32.000,119167.000,32.000,3240.000,0.000,-2.000,0.000,0.000
26644.000,32.000,119199.000,32.000,3240.000,0.000,-2.000,0.000,0.000
26654.000,32.000,119231.000,32.000,3240.000,0.000,-2.000,0.000,0.000
26664.000,27.000,119258.000,32.000,3240.000,0.000,-2.000,0.000,0.000
26674.000,32.000,119290.000,32.000,3024.000,0.000,-2.000,0.000,0.000
26684.000,32.000,119322.000,32.000,3240.000,0.000,-2.000,0.000,0.000
26694.000,28.000,119350.000,32.000,3240.000,0.000,-2.000,0.000,0.000
26704.000,32.000,119382.000,32.000,3024.000,0.000,-2.000,0.000,0.000
26714.000,32.000,119414.000,32.000,3240.000,0.000,-2.000,0.000,0.000
26724.000,28.000,119442.000,32.000,3240.000,0.000,-2.000,0.000,0.000
26734.000,32.000,119474.000,32.000,3024.000,0.000,-2.000,0.000,0.000
26744.000,32.000,119506.000,32.000,3240.000,0.000,-2.000,0.000,0.000
26754.000,28.000,119534.000,32.000,3240.000,0.000,-2.000,0.000,0.000
26764.000,28.000,119562.000,32.000,3024.000,0.000,-2.000,0.000,0.000
26774.000,31.000,119593.000,32.000,3024.000,0.000,-2.000,0.000,0.000
26784.000,33.000,119626.000,32.000,3168.000,0.000,-2.000,0.000,0.000
26794.000,32.000,119658.000,32.000,3240.000,0.000,-2.000,0.000,0.000
26804.000,32.000,119690.000,32.000,3240.000,0.000,-2.000,0.000,0.000
26814.000,32.000,119722.000,32.000,3240.000,0.000,-2.000,0.000,0.000
26824.000,28.000,119750.000,32.000,3240.000,0.000,-2.000,0.000,0.000
26834.000,31.000,119781.000,32.000,3024.000,0.000,-2.000,0.000,0.000
26844.000,33.000,119814.000,32.000,3168.000,0.000,-2.000,0.000,0.000
26854.000,27.000,119841.000,32.000,3312.000,0.000,-2.000,0.000,0.000
26864.000,31.000,119872.000,32.000,3024.000,0.000,-2.000,0.000,0.000
26874.000,32.000,119904.000,32.000,3168.000,0.000,-2.000,0.000,0.000
26884.000,33.000,119937.000,32.000,3240.000,0.000,-2.000,0.000,0.000
26894.000,31.000,119968.000,32.000,3312.000,0.000,-2.000,0.000,0.000
26904.000,28.000,119996.000,32.000,3240.000,0.000,-2.000,0.000,0.000
26914.000,28.000,120024.000,32.000,3024.000,0.000,-2.000,0.000,0.000
26924.000,32.000,120056.000,32.000,3024.000,0.000,-2.000,0.000,0.000
26934.000,32.000,120088.000,32.000,3168.000,0.000,-2.000,0.000,0.000
26944.000,31.000,120119.000,32.000,3240.000,0.000,-2.000,0.000,0.000
26954.000,33.000,120152.000,32.000,3168.000,0.000,-2.000,0.000,0.000
26964.000,31.000,120183.000,32.000,3312.000,0.000,-2.000,0.000,0.000
26974.000,32.000,120215.000,32.000,3240.000,0.000,-2.000,0.000,0.000
26984.000,32.000,120247.000,32.000,3240.000,0.000,-2.000,0.000,0.000
26994.000,27.000,120274.000,32.000,3312.000,0.000,-2.000,0.000,0.000
27004.000,28.000,120302.000,32.000,3024.000,0.000,-2.000,0.000,0.000
27014.000,32.000,120334.000,32.000,3024.000,0.000,-2.000,0.000,0.000
27024.000,32.000,120366.000,32.000,3240.000,0.000,-2.000,0.000,0.000
27034.000,28.000,120394.000,32.000,3240.000,0.000,-2.000,0.000,0.000
27044.000,32.000,120426.000,32.000,3024.000,0.000,-2.000,0.000,0.000
27054.000,32.000,120458.000,32.000,3240.000,0.000,-2.000,0.000,0.000
27064.000,32.000,120490.000,32.000,3240.000,0.000,-2.000,0.000,0.000
27074.000,31.000,120521.000,32.000,3240.000,0.000,-2.000,0.000,0.000
27084.000,28.000,120549.000,32.000,3240.000,0.000,-2.000,0.000,0.000
27094.000,27.000,120576.000,32.000,3024.000,0.000,-2.000,0.000,0.000
27104.000,32.000,120608.000,32.000,2952.000,0.000,-2.000,0.000,0.000
27114.000,29.000,120637.000,32.000,3168.000,0.000,-2.000,0.000,0.000
27124.000,29.000,120666.000,32.000,3024.000,0.000,-2.000,0.000,0.000
27134.000,32.000,120698.000,32.000,3024.000,0.000,-2.000,0.000,0.000
27144.000,32.000,120730.000,32.000,3168.000,0.000,-2.000,0.000,0.000
27154.000,33.000,120763.000,32.000,3168.000,0.000,-2.000,0.000,0.000
27164.000,32.000,120795.000,32.000,3240.000,0.000,-2.000,0.000,0.000
27174.000,32.000,120827.000,32.000,3240.000,0.000,-2.000,0.000,0.000
27184.000,32.000,120859.000,32.000,3240.000,0.000,-2.000,0.000,0.000
27194.000,32.000,120891.000,32.000,3240.000,0.000,-2.000,0.000,0.000
27204.000,28.000,120919.000,32.000,3240.000,0.000,-2.000,0.000,0.000
27214.000,28.000,120947.000,32.000,3096.000,0.000,-2.000,0.000,0.000
27224.000,32.000,120979.000,32.000,3024.000,0.000,-2.000,0.000,0.000
27234.000,32.000,121011.000,32.000,3240.000,0.000,-2.000,0.000,0.000
27244.000,32.000,121043.000,32.000,3240.000,0.000,-2.000,0.000,0.000
27254.000,33.000,121076.000,32.000,3240.000,0.000,-2.000,0.000,0.000
27264.000,28.000,121104.000,32.000,3312.000,0.000,-2.000,0.000,0.000
27274.000,27.000,121131.000,32.000,3096.000,0.000,-2.000,0.000,0.000
27284.000,33.000,121164.000,32.000,3024.000,0.000,-2.000,0.000,0.000
27294.000,28.000,121192.000,32.000,3240.000,0.000,-2.000,0.000,0.000
27304.000,32.000,121224.000,32.000,3024.000,0.000,-2.000,0.000,0.000
27314.000,32.000,121256.000,32.000,3240.000,0.000,-2.000,0.000,0.000
27324.000,28.000,121284.000,32.000,3240.000,0.000,-2.000,0.000,0.000
27334.000,33.000,121317.000,32.000,3024.000,0.000,-2.000,0.000,0.000
27344.000,31.000,121348.000,32.000,3240.000,0.000,-2.000,0.000,0.000
27354.000,34.000,121382.000,32.000,3168.000,0.000,-2.000,0.000,0.000
27364.000,28.000,121410.000,32.000,3312.000,0.000,-2.000,0.000,0.000
27374.000,31.000,121441.000,32.000,3024.000,0.000,-2.000,0.000,0.000
27384.000,33.000,121474.000,32.000,3168.000,0.000,-2.000,0.000,0.000
27394.000,28.000,121502.000,32.000,3312.000,0.000,-2.000,0.000,0.000
27404.000,32.000,121534.000,32.000,3024.000,0.000,-2.000,0.000,0.000
27414.000,32.000,121566.000,32.000,3240.000,0.000,-2.000,0.000,0.000
27424.000,32.000,121598.000,32.000,3240.000,0.000,-2.000,0.000,0.000
27434.000,30.000,121628.000,32.000,3240.000,0.000,-2.000,0.000,0.000
27444.000,33.000,121661.000,32.000,3168.000,0.000,-2.000,0.000,0.000
27454.000,31.000,121692.000,32.000,3312.000,0.000,-2.000,0.000,0.000
27464.000,32.000,121724.000,32.000,3240.000,0.000,-2.000,0.000,0.000
27474.000,32.000,121756.000,32.000,3312.000,0.000,-2.000,0.000,0.000
27484.000,31.000,121787.000,32.000,3312.000,0.000,-2.000,0.000,0.000
27494.000,31.000,121818.000,32.000,3312.000,0.000,-2.000,0.000,0.000
27504.000,32.000,121850.000,32.000,3312.000,0.000,-2.000,0.000,0.000
27514.000,26.000,121876.000,32.000,3384.000,0.000,-2.000,0.000,0.000
27524.000,32.000,121908.000,32.000,3024.000,0.000,-2.000,0.000,0.000
27534.000,31.000,121939.000,32.000,3312.000,0.000,-2.000,0.000,0.000
27544.000,27.000,121966.000,32.000,3312.000,0.000,-2.000,0.000,0.000
27554.000,32.000,121998.000,32.000,3096.000,0.000,-2.000,0.000,0.000
27564.000,30.000,122028.000,32.000,3312.000,0.000,-2.000,0.000,0.000
27574.000,32.000,122060.000,32.000,3168.000,0.000,-2.000,0.000,0.000
27584.000,32.000,122092.000,32.000,3312.000,0.000,-2.000,0.000,0.000
27594.000,31.000,122123.000,32.000,3312.000,0.000,-2.000,0.000,0.000
27604.000,31.000,122154.000,32.000,3240.000,0.000,-2.000,0.000,0.000
27614.000,32.000,122186.000,32.000,3240.000,0.000,-2.000,0.000,0.000
27624.000,26.000,122212.000,32.000,3312.000,0.000,-2.000,0.000,0.000
27634.000,32.000,122244.000,32.000,3024.000,0.000,-2.000,0.000,0.000
27644.000,31.000,122275.000,32.000,3312.000,0.000,-2.000,0.000,0.000
27654.000,32.000,122307.000,32.000,3240.000,0.000,-2.000,0.000,0.000
27664.000,31.000,122338.000,32.000,3312.000,0.000,-2.000,0.000,0.000
27674.000,32.000,122370.000,32.000,3240.000,0.000,-2.000,0.000,0.000
27684.000,30.000,122400.000,32.000,3312.000,0.000,-2.000,0.000,0.000
27694.000,32.000,122432.000,32.000,3240.000,0.000,-2.000,0.000,0.000
27704.000,31.000,122463.000,32.000,3312.000,0.000,-2.000,0.000,0.000
27714.000,31.000,122494.000,32.000,3312.000,0.000,-2.000,0.000,0.000
27724.000,30.000,122524.000,32.000,3312.000,0.000,-2.000,0.000,0.000
27734.000,28.000,122552.000,32.000,3240.000,0.000,-2.000,0.000,0.000
27744.000,31.000,122583.000,32.000,3168.000,0.000,-2.000,0.000,0.000
27754.000,32.000,122615.000,32.000,3240.000,0.000,-2.000,0.000,0.000
27764.000,27.000,122642.000,32.000,3312.000,0.000,-2.000,0.000,0.000
27774.000,30.000,122672.000,32.000,3096.000,0.000,-2.000,0.000,0.000
27784.000,32.000,122704.000,32.000,3168.000,0.000,-2.000,0.000,0.000
27794.000,32.000,122736.000,32.000,3312.000,0.000,-2.000,0.000,0.000
27804.000,31.000,122767.000,32.000,3312.000,0.000,-2.000,0.000,0.000
27814.000,31.000,122798.000,32.000,3240.000,0.000,-2.000,0.000,0.000
27824.000,32.000,122830.000,32.000,3240.000,0.000,-2.000,0.000,0.000
27834.000,30.000,122860.000,32.000,3312.000,0.000,-2.000,0.000,0.000
27844.000,32.000,122892.000,32.000,3240.000,0.000,-2.000,0.000,0.000
27854.000,31.000,122923.000,32.000,3312.000,0.000,-2.000,0.000,0.000
27864.000,31.000,122954.000,32.000,3312.000,0.000,-2.000,0.000,0.000
27874.000,32.000,122986.000,32.000,3312.000,0.000,-2.000,0.000,0.000
27884.000,30.000,123016.000,32.000,3312.000,0.000,-2.000,0.000,0.000
27894.000,31.000,123047.000,32.000,3240.000,0.000,-2.000,0.000,0.000
27904.000,27.000,123074.000,32.000,3312.000,0.000,-2.000,0.000,0.000
27914.000,32.000,123106.000,32.000,3096.000,0.000,-2.000,0.000,0.000
27924.000,30.000,123136.000,32.000,3312.000,0.000,-2.000,0.000,0.000
27934.000,32.000,123168.000,32.000,3240.000,0.000,-2.000,0.000,0.000
27944.000,27.000,123195.000,32.000,3312.000,0.000,-2.000,0.000,0.000
27954.000,31.000,123226.000,32.000,3096.000,0.000,-2.000,0.000,0.000
27964.000,28.000,123254.000,32.000,3240.000,0.000,-2.000,0.000,0.000
27974.000,30.000,123284.000,32.000,3096.000,0.000,-2.000,0.000,0.000
27984.000,32.000,123316.000,32.000,3168.000,0.000,-2.000,0.000,0.000
27994.000,28.000,123344.000,32.000,3240.000,0.000,-2.000,0.000,0.000
28004.000,27.000,123371.000,32.000,3024.000,0.000,-2.000,0.000,0.000
28014.000,32.000,123403.000,32.000,2952.000,0.000,-2.000,0.000,0.000
28024.000,33.000,123436.000,32.000,3168.000,0.000,-2.000,0.000,0.000
28034.000,31.000,123467.000,32.000,3240.000,0.000,-2.000,0.000,0.000
28044.000,32.000,123499.000,32.000,3168.000,0.000,-2.000,0.000,0.000
28054.000,28.000,123527.000,32.000,3240.000,0.000,-2.000,0.000,0.000
28064.000,32.000,123559.000,32.000,3024.000,0.000,-2.000,0.000,0.000
28074.000,32.000,123591.000,32.000,3240.000,0.000,-2.000,0.000,0.000
28084.000,32.000,123623.000,32.000,3240.000,0.000,-2.000,0.000,0.000
28094.000,28.000,123651.000,32.000,3240.000,0.000,-2.000,0.000,0.000
28104.000,32.000,123683.000,32.000,3024.000,0.000,-2.000,0.000,0.000
28114.000,32.000,123715.000,32.000,3240.000,0.000,-2.000,0.000,0.000
28124.000,28.000,123743.000,32.000,3240.000,0.000,-2.000,0.000,0.000
28134.000,32.000,123775.000,32.000,3024.000,0.000,-2.000,0.000,0.000
28144.000,28.000,123803.000,32.000,3240.000,0.000,-2.000,0.000,0.000
28154.000,32.000,123835.000,32.000,3024.000,0.000,-2.000,0.000,0.000
28164.000,32.000,123867.000,32.000,3240.000,0.000,-2.000,0.000,0.000
28174.000,28.000,123895.000,32.000,3240.000,0.000,-2.000,0.000,0.000
28184.000,28.000,123923.000,32.000,3024.000,0.000,-2.000,0.000,0.000
28194.000,32.000,123955.000,32.000,3024.000,0.000,-2.000,0.000,0.000
28204.000,33.000,123988.000,32.000,3168.000,0.000,-2.000,0.000,0.000
28214.000,31.000,124019.000,32.000,3240.000,0.000,-2.000,0.000,0.000
28224.000,33.000,124052.000,32.000,3168.000,0.000,-2.000,0.000,0.000
28234.000,32.000,124084.000,32.000,3240.000,0.000,-2.000,0.000,0.000
28244.000,31.000,124115.000,32.000,3240.000,0.000,-2.000,0.000,0.000
28254.000,32.000,124147.000,32.000,3168.000,0.000,-2.000,0.000,0.000
28264.000,32.000,124179.000,32.000,3240.000,0.000,-2.000,0.000,0.000
28274.000,28.000,124207.000,32.000,3312.000,0.000,-2.000,0.000,0.000
28284.000,31.000,124238.000,32.000,3096.000,0.000,-2.000,0.000,0.000
28294.000,28.000,124266.000,32.000,3240.000,0.000,-2.000,0.000,0.000
28304.000,28.000,124294.000,32.000,3024.000,0.000,-2.000,0.000,0.000
28314.000,32.000,124326.000,32.000,3024.000,0.000,-2.000,0.000,0.000
28324.000,32.000,124358.000,32.000,3168.000,0.000,-2.000,0.000,0.000
28334.000,32.000,124390.000,32.000,3240.000,0.000,-2.000,0.000,0.000
28344.000,32.000,124422.000,32.000,3240.000,0.000,-2.000,0.000,0.000
28354.000,32.000,124454.000,32.000,3240.000,0.000,-2.000,0.000,0.000
28364.000,30.000,124484.000,32.000,3240.000,0.000,-2.000,0.000,0.000
28374.000,32.000,124516.000,32.000,3168.000,0.000,-2.000,0.000,0.000
28384.000,32.000,124548.000,32.000,3240.000,0.000,-2.000,0.000,0.000
28394.000,32.000,124580.000,32.000,3312.000,0.000,-2.000,0.000,0.000
28404.000,32.000,124612.000,32.000,3312.000,0.000,-2.000,0.000,0.000
28414.000,31.000,124643.000,32.000,3312.000,0.000,-2.000,0.000,0.000
28424.000,32.000,124675.000,32.000,3312.000,0.000,-2.000,0.000,0.000
28434.000,27.000,124702.000,32.000,3312.000,0.000,-2.000,0.000,0.000
28444.000,31.000,124733.000,32.000,3096.000,0.000,-2.000,0.000,0.000
28454.000,30.000,124763.000,32.000,3240.000,0.000,-2.000,0.000,0.000
28464.000,32.000,124795.000,32.000,3240.000,0.000,-2.000,0.000,0.000
28474.000,31.000,124826.000,32.000,3312.000,0.000,-2.000,0.000,0.000
28484.000,31.000,124857.000,32.000,3240.000,0.000,-2.000,0.000,0.000
28494.000,32.000,124889.000,32.000,3240.000,0.000,-2.000,0.000,0.000
28504.000,31.000,124920.000,32.000,3312.000,0.000,-2.000,0.000,0.000
28514.000,31.000,124951.000,32.000,3312.000,0.000,-2.000,0.000,0.000
28524.000,31.000,124982.000,32.000,3312.000,0.000,-2.000,0.000,0.000
28534.000,27.000,125009.000,32.000,3312.000,0.000,-2.000,0.000,0.000
28544.000,31.000,125040.000,32.000,3096.000,0.000,-2.000,0.000,0.000
28554.000,27.000,125067.000,32.000,3240.000,0.000,-2.000,0.000,0.000
28564.000,31.000,125098.000,32.000,3024.000,0.000,-2.000,0.000,0.000
28574.000,32.000,125130.000,32.000,3240.000,0.000,-2.000,0.000,0.000
28584.000,27.000,125157.000,32.000,3240.000,0.000,-2.000,0.000,0.000
28594.000,32.000,125189.000,32.000,3024.000,0.000,-2.000,0.000,0.000
28604.000,31.000,125220.000,32.000,3240.000,0.000,-2.000,0.000,0.000
28614.000,31.000,125251.000,32.000,3168.000,0.000,-2.000,0.000,0.000
28624.000,32.000,125283.000,32.000,3168.000,0.000,-2.000,0.000,0.000
28634.000,32.000,125315.000,32.000,3240.000,0.000,-2.000,0.000,0.000
28644.000,32.000,125347.000,32.000,3240.000,0.000,-2.000,0.000,0.000
28654.000,31.000,125378.000,32.000,3312.000,0.000,-2.000,0.000,0.000
28664.000,32.000,125410.000,32.000,3240.000,0.000,-2.000,0.000,0.000
28674.000,27.000,125437.000,32.000,3312.000,0.000,-2.000,0.000,0.000
28684.000,32.000,125469.000,32.000,3024.000,0.000,-2.000,0.000,0.000
28694.000,32.000,125501.000,32.000,3312.000,0.000,-2.000,0.000,0.000
28704.000,27.000,125528.000,32.000,3312.000,0.000,-2.000,0.000,0.000
28714.000,31.000,125559.000,32.000,3024.000,0.000,-2.000,0.000,0.000
28724.000,32.000,125591.000,32.000,3240.000,0.000,-2.000,0.000,0.000
28734.000,28.000,125619.000,32.000,3240.000,0.000,-2.000,0.000,0.000
28744.000,32.000,125651.000,32.000,3096.000,0.000,-2.000,0.000,0.000
28754.000,32.000,125683.000,32.000,3240.000,0.000,-2.000,0.000,0.000
28764.000,27.000,125710.000,32.000,3240.000,0.000,-2.000,0.000,0.000
28774.000,32.000,125742.000,32.000,3024.000,0.000,-2.000,0.000,0.000
28784.000,32.000,125774.000,32.000,3240.000,0.000,-2.000,0.000,0.000
28794.000,32.000,125806.000,32.000,3240.000,0.000,-2.000,0.000,0.000
28804.000,32.000,125838.000,32.000,3240.000,0.000,-2.000,0.000,0.000
28814.000,28.000,125866.000,32.000,3312.000,0.000,-2.000,0.000,0.000
28824.000,31.000,125897.000,32.000,3096.000,0.000,-2.000,0.000,0.000
28834.000,32.000,125929.000,32.000,3240.000,0.000,-2.000,0.000,0.000
28844.000,32.000,125961.000,32.000,3240.000,0.000,-2.000,0.000,0.000
28854.000,31.000,125992.000,32.000,3312.000,0.000,-2.000,0.000,0.000
28864.000,31.000,126023.000,32.000,3240.000,0.000,-2.000,0.000,0.000
28874.000,32.000,126055.000,32.000,3240.000,0.000,-2.000,0.000,0.000
28884.000,31.000,126086.000,32.000,3312.000,0.000,-2.000,0.000,0.000
28894.000,32.000,126118.000,32.000,3240.000,0.000,-2.000,0.000,0.000
28904.000,27.000,126145.000,32.000,3312.000,0.000,-2.000,0.000,0.000
28914.000,31.000,126176.000,32.000,3096.000,0.000,-2.000,0.000,0.000
28924.000,31.000,126207.000,32.000,3240.000,0.000,-2.000,0.000,0.000
28934.000,32.000,126239.000,32.000,3240.000,0.000,-2.000,0.000,0.000
28944.000,31.000,126270.000,32.000,3312.000,0.000,-2.000,0.000,0.000
28954.000,31.000,126301.000,32.000,3240.000,0.000,-2.000,0.000,0.000
28964.000,28.000,126329.000,32.000,3240.000,0.000,-2.000,0.000,0.000
28974.000,32.000,126361.000,32.000,3096.000,0.000,-2.000,0.000,0.000
28984.000,30.000,126391.000,32.000,3312.000,0.000,-2.000,0.000,0.000
28994.000,32.000,126423.000,32.000,3168.000,0.000,-2.000,0.000,0.000
29004.000,32.000,126455.000,32.000,3312.000,0.000,-2.000,0.000,0.000
29014.000,27.000,126482.000,32.000,3312.000,0.000,-2.000,0.000,0.000
29024.000,27.000,126509.000,32.000,3096.000,0.000,-2.000,0.000,0.000
29034.000,32.000,126541.000,32.000,3024.000,0.000,-2.000,0.000,0.000
29044.000,28.000,126569.000,32.000,3240.000,0.000,-2.000,0.000,0.000
29054.000,31.000,126600.000,32.000,3024.000,0.000,-2.000,0.000,0.000
29064.000,31.000,126631.000,32.000,3168.000,0.000,-2.000,0.000,0.000
29074.000,28.000,126659.000,32.000,3168.000,0.000,-2.000,0.000,0.000
29084.000,28.000,126687.000,32.000,3024.000,0.000,-2.000,0.000,0.000
29094.000,32.000,126719.000,32.000,2952.000,0.000,-2.000,0.000,0.000
29104.000,32.000,126751.000,32.000,3168.000,0.000,-2.000,0.000,0.000
29114.000,28.000,126779.000,32.000,3168.000,0.000,-2.000,0.000,0.000
29124.000,32.000,126811.000,32.000,2952.000,0.000,-2.000,0.000,0.000
29134.000,32.000,126843.000,32.000,3168.000,0.000,-2.000,0.000,0.000
29144.000,29.000,126872.000,32.000,3168.000,0.000,-2.000,0.000,0.000
29154.000,31.000,126903.000,32.000,3024.000,0.000,-2.000,0.000,0.000
29164.000,30.000,126933.000,32.000,3096.000,0.000,-2.000,0.000,0.000
29174.000,32.000,126965.000,32.000,3024.000,0.000,-2.000,0.000,0.000
29184.000,32.000,126997.000,32.000,3168.000,0.000,-2.000,0.000,0.000
29194.000,32.000,127029.000,32.000,3168.000,0.000,-2.000,0.000,0.000
29204.000,29.000,127058.000,32.000,3168.000,0.000,-2.000,0.000,0.000
29214.000,32.000,127090.000,32.000,3024.000,0.000,-2.000,0.000,0.000
29224.000,32.000,127122.000,32.000,3168.000,0.000,-2.000,0.000,0.000
29234.000,28.000,127150.000,32.000,3168.000,0.000,-2.000,0.000,0.000
29244.000,32.000,127182.000,0.000,0.000,0.000,-2.000,0.000,0.000
29254.000,36.000,127218.000,0.000,0.000,0.000,-2.000,0.000,0.000
29264.000,36.000,127254.000,0.000,0.000,0.000,-2.000,0.000,0.000
29274.000,39.000,127293.000,0.000,0.000,0.000,-2.000,0.000,0.000
29284.000,40.000,127333.000,0.000,0.000,0.000,-2.000,0.000,0.000
29294.000,42.000,127375.000,0.000,0.000,0.000,-2.000,0.000,0.000
29304.000,44.000,127419.000,0.000,0.000,0.000,-2.000,0.000,0.000
29314.000,46.000,127465.000,0.000,0.000,0.000,-2.000,0.000,0.000
29324.000,48.000,127513.000,0.000,0.000,0.000,-2.000,0.000,0.000
29334.000,48.000,127561.000,0.000,0.000,0.000,-2.000,0.000,0.000
29344.000,48.000,127609.000,0.000,0.000,0.000,-2.000,0.000,0.000
29354.000,50.000,127659.000,0.000,0.000,0.000,-2.000,0.000,0.000
29364.000,51.000,127710.000,0.000,0.000,0.000,-2.000,0.000,0.000
29374.000,48.000,127758.000,0.000,0.000,0.000,-2.000,0.000,0.000
29384.000,52.000,127810.000,0.000,0.000,0.000,-2.000,0.000,0.000
29394.000,53.000,127863.000,0.000,0.000,0.000,-2.000,0.000,0.000
29404.000,52.000,127915.000,0.000,0.000,0.000,-2.000,0.000,0.000
29414.000,54.000,127969.000,0.000,0.000,0.000,-2.000,0.000,0.000
29424.000,50.000,128019.000,0.000,0.000,0.000,-2.000,0.000,0.000
29434.000,55.000,128074.000,0.000,0.000,0.000,-2.000,0.000,0.000
29444.000,55.000,128129.000,0.000,0.000,0.000,-2.000,0.000,0.000
29454.000,54.000,128183.000,0.000,0.000,0.000,-2.000,0.000,0.000
29464.000,56.000,128239.000,0.000,0.000,0.000,-2.000,0.000,0.000
29474.000,54.000,128293.000,0.000,0.000,0.000,-2.000,0.000,0.000
29484.000,59.000,128352.000,0.000,0.000,0.000,-2.000,0.000,0.000
29494.000,56.000,128408.000,0.000,0.000,0.000,-2.000,0.000,0.000
29504.000,60.000,128468.000,0.000,0.000,0.000,-2.000,0.000,0.000
29514.000,52.000,128520.000,0.000,0.000,0.000,-2.000,0.000,0.000
29524.000,60.000,128580.000,0.000,0.000,0.000,-2.000,0.000,0.000
29534.000,59.000,128639.000,0.000,0.000,0.000,-2.000,0.000,0.000
29544.000,56.000,128695.000,0.000,0.000,0.000,-2.000,0.000,0.000
29554.000,52.000,128747.000,0.000,0.000,0.000,-2.000,0.000,0.000
29564.000,56.000,128803.000,0.000,0.000,0.000,-2.000,0.000,0.000
29574.000,57.000,128860.000,0.000,0.000,0.000,-2.000,0.000,0.000
29584.000,56.000,128916.000,0.000,0.000,0.000,-2.000,0.000,0.000
29594.000,53.000,128969.000,0.000,0.000,0.000,-2.000,0.000,0.000
29604.000,59.000,129028.000,0.000,0.000,0.000,-2.000,0.000,0.000
29614.000,57.000,129085.000,0.000,0.000,0.000,-2.000,0.000,0.000
29624.000,57.000,129142.000,0.000,0.000,0.000,-2.000,0.000,0.000
29634.000,56.000,129198.000,0.000,0.000,0.000,-2.000,0.000,0.000
29644.000,57.000,129255.000,0.000,0.000,0.000,-2.000,0.000,0.000
29654.000,57.000,129312.000,0.000,0.000,0.000,-2.000,0.000,0.000
29664.000,56.000,129368.000,0.000,0.000,0.000,-2.000,0.000,0.000
29674.000,57.000,129425.000,0.000,0.000,0.000,-2.000,0.000,0.000
29684.000,57.000,129482.000,0.000,0.000,0.000,-2.000,0.000,0.000
29694.000,60.000,129542.000,0.000,0.000,0.000,-2.000,0.000,0.000
29704.000,57.000,129599.000,0.000,0.000,0.000,-2.000,0.000,0.000
29714.000,57.000,129656.000,0.000,0.000,0.000,-2.000,0.000,0.000
29724.000,60.000,129716.000,0.000,0.000,0.000,-2.000,0.000,0.000
29734.000,58.000,129774.000,0.000,0.000,0.000,-2.000,0.000,0.000
29744.000,57.000,129831.000,0.000,0.000,0.000,-2.000,0.000,0.000
29754.000,60.000,129891.000,0.000,0.000,0.000,-2.000,0.000,0.000
29764.000,56.000,129947.000,0.000,0.000,0.000,-2.000,0.000,0.000
29774.000,56.000,130003.000,0.000,0.000,0.000,-2.000,0.000,0.000
29784.000,54.000,130057.000,0.000,0.000,0.000,-2.000,0.000,0.000
29794.000,61.000,130118.000,0.000,0.000,0.000,-2.000,0.000,0.000
29804.000,57.000,130175.000,0.000,0.000,0.000,-2.000,0.000,0.000
29814.000,56.000,130231.000,0.000,0.000,0.000,-2.000,0.000,0.000
29824.000,62.000,130293.000,0.000,0.000,0.000,-2.000,0.000,0.000
29834.000,57.000,130350.000,0.000,0.000,0.000,-2.000,0.000,0.000
29844.000,57.000,130407.000,0.000,0.000,0.000,-2.000,0.000,0.000
29854.000,56.000,130463.000,0.000,0.000,0.000,-2.000,0.000,0.000
29864.000,58.000,130521.000,0.000,0.000,0.000,-2.000,0.000,0.000
29874.000,56.000,130577.000,0.000,0.000,0.000,-2.000,0.000,0.000
29884.000,57.000,130634.000,0.000,0.000,0.000,-2.000,0.000,0.000
29894.000,53.000,130687.000,0.000,0.000,0.000,-2.000,0.000,0.000
29904.000,58.000,130745.000,0.000,0.000,0.000,-2.000,0.000,0.000
29914.000,56.000,130801.000,0.000,0.000,0.000,-2.000,0.000,0.000
29924.000,53.000,130854.000,0.000,0.000,0.000,-2.000,0.000,0.000
29934.000,61.000,130915.000,0.000,0.000,0.000,-2.000,0.000,0.000
29944.000,62.000,130977.000,0.000,0.000,0.000,-2.000,0.000,0.000
29954.000,56.000,131033.000,0.000,0.000,0.000,-2.000,0.000,0.000
29964.000,53.000,131086.000,0.000,0.000,0.000,-2.000,0.000,0.000
29974.000,57.000,131143.000,0.000,0.000,0.000,-2.000,0.000,0.000
29984.000,56.000,131199.000,0.000,0.000,0.000,-2.000,0.000,0.000
29994.000,57.000,131256.000,0.000,0.000,0.000,-2.000,0.000,0.000
30004.000,53.000,131309.000,0.000,0.000,0.000,-2.000,0.000,0.000
30014.000,61.000,131370.000,0.000,0.000,0.000,-2.000,0.000,0.000
30024.000,61.000,131431.000,0.000,0.000,0.000,-2.000,0.000,0.000
30034.000,56.000,131487.000,0.000,0.000,0.000,-2.000,0.000,0.000
30044.000,62.000,131549.000,0.000,0.000,0.000,-2.000,0.000,0.000
30054.000,57.000,131606.000,0.000,0.000,0.000,-2.000,0.000,0.000
30064.000,57.000,131663.000,0.000,0.000,0.000,-2.000,0.000,0.000
30074.000,52.000,131715.000,0.000,0.000,0.000,-2.000,0.000,0.000
30084.000,58.000,131773.000,0.000,0.000,0.000,-2.000,0.000,0.000
30094.000,56.000,131829.000,0.000,0.000,0.000,-2.000,0.000,0.000
30104.000,61.000,131890.000,0.000,0.000,0.000,-2.000,0.000,0.000
30114.000,57.000,131947.000,0.000,0.000,0.000,-2.000,0.000,0.000
30124.000,57.000,132004.000,0.000,0.000,0.000,-2.000,0.000,0.000
30134.000,57.000,132061.000,0.000,0.000,0.000,-2.000,0.000,0.000
30144.000,57.000,132118.000,0.000,0.000,0.000,-2.000,0.000,0.000
30154.000,56.000,132174.000,0.000,0.000,0.000,-2.000,0.000,0.000
30164.000,57.000,132231.000,0.000,0.000,0.000,-2.000,0.000,0.000
30174.000,58.000,132289.000,0.000,0.000,0.000,-2.000,0.000,0.000
30184.000,53.000,132342.000,0.000,0.000,0.000,-2.000,0.000,0.000
30194.000,60.000,132402.000,0.000,0.000,0.000,-2.000,0.000,0.000
30204.000,57.000,132459.000,0.000,0.000,0.000,-2.000,0.000,0.000
30214.000,58.000,132517.000,0.000,0.000,0.000,-2.000,0.000,0.000
30224.000,57.000,132574.000,0.000,0.000,0.000,-2.000,0.000,0.000
30234.000,57.000,132631.000,0.000,0.000,0.000,-2.000,0.000,0.000
30244.000,60.000,132691.000,0.000,0.000,0.000,-2.000,0.000,0.000
30254.000,57.000,132748.000,0.000,0.000,0.000,-2.000,0.000,0.000
30264.000,53.000,132801.000,0.000,0.000,0.000,-2.000,0.000,0.000
30274.000,61.000,132862.000,0.000,0.000,0.000,-2.000,0.000,0.000
30284.000,57.000,132919.000,0.000,0.000,0.000,-2.000,0.000,0.000
30294.000,56.000,132975.000,0.000,0.000,0.000,-2.000,0.000,0.000
30304.000,54.000,133029.000,0.000,0.000,0.000,-2.000,0.000,0.000
30314.000,57.000,133086.000,0.000,0.000,0.000,-2.000,0.000,0.000
30324.000,57.000,133143.000,0.000,0.000,0.000,-2.000,0.000,0.000
30334.000,56.000,133199.000,0.000,0.000,0.000,-2.000,0.000,0.000
30344.000,58.000,133257.000,0.000,0.000,0.000,-2.000,0.000,0.000
30354.000,57.000,133314.000,0.000,0.000,0.000,-2.000,0.000,0.000
30364.000,61.000,133375.000,0.000,0.000,0.000,-2.000,0.000,0.000
30374.000,53.000,133428.000,0.000,0.000,0.000,-2.000,0.000,0.000
30384.000,57.000,133485.000,0.000,0.000,0.000,-2.000,0.000,0.000
30394.000,57.000,133542.000,0.000,0.000,0.000,-2.000,0.000,0.000
30404.000,57.000,133599.000,0.000,0.000,0.000,-2.000,0.000,0.000
30414.000,56.000,133655.000,0.000,0.000,0.000,-2.000,0.000,0.000
30424.000,62.000,133717.000,0.000,0.000,0.000,-2.000,0.000,0.000
30434.000,56.000,133773.000,0.000,0.000,0.000,-2.000,0.000,0.000
30444.000,57.000,133830.000,0.000,0.000,0.000,-2.000,0.000,0.000
30454.000,57.000,133887.000,0.000,0.000,0.000,-2.000,0.000,0.000
30464.000,56.000,133943.000,0.000,0.000,0.000,-2.000,0.000,0.000
30474.000,58.000,134001.000,0.000,0.000,0.000,-2.000,0.000,0.000
30484.000,53.000,134054.000,0.000,0.000,0.000,-2.000,0.000,0.000
30494.000,57.000,134111.000,0.000,0.000,0.000,-2.000,0.000,0.000
30504.000,60.000,134171.000,0.000,0.000,0.000,-2.000,0.000,0.000
30514.000,62.000,134233.000,0.000,0.000,0.000,-2.000,0.000,0.000
30524.000,61.000,134294.000,0.000,0.000,0.000,-2.000,0.000,0.000
30534.000,57.000,134351.000,0.000,0.000,0.000,-2.000,0.000,0.000
30544.000,56.000,134407.000,0.000,0.000,0.000,-2.000,0.000,0.000
30554.000,54.000,134461.000,0.000,0.000,0.000,-2.000,0.000,0.000
30564.000,61.000,134522.000,0.000,0.000,0.000,-2.000,0.000,0.000
30574.000,56.000,134578.000,0.000,0.000,0.000,-2.000,0.000,0.000
30584.000,57.000,134635.000,0.000,0.000,0.000,-2.000,0.000,0.000
30594.000,54.000,134689.000,0.000,0.000,0.000,-2.000,0.000,0.000
30604.000,61.000,134750.000,0.000,0.000,0.000,-2.000,0.000,0.000
30614.000,61.000,134811.000,0.000,0.000,0.000,-2.000,0.000,0.000
30624.000,56.000,134867.000,0.000,0.000,0.000,-2.000,0.000,0.000
30634.000,54.000,134921.000,0.000,0.000,0.000,-2.000,0.000,0.000
30644.000,57.000,134978.000,0.000,0.000,0.000,-2.000,0.000,0.000
30654.000,61.000,135039.000,0.000,0.000,0.000,-2.000,0.000,0.000
30664.000,56.000,135095.000,0.000,0.000,0.000,-2.000,0.000,0.000
30674.000,54.000,135149.000,0.000,0.000,0.000,-2.000,0.000,0.000
30684.000,57.000,135206.000,0.000,0.000,0.000,-2.000,0.000,0.000
30694.000,57.000,135263.000,0.000,0.000,0.000,-2.000,0.000,0.000
30704.000,56.000,135319.000,0.000,0.000,0.000,-2.000,0.000,0.000
30714.000,58.000,135377.000,0.000,0.000,0.000,-2.000,0.000,0.000
30724.000,57.000,135434.000,0.000,0.000,0.000,-2.000,0.000,0.000
30734.000,61.000,135495.000,0.000,0.000,0.000,-2.000,0.000,0.000
30744.000,56.000,135551.000,0.000,0.000,0.000,-2.000,0.000,0.000
30754.000,58.000,135609.000,0.000,0.000,0.000,-2.000,0.000,0.000
30764.000,60.000,135669.000,0.000,0.000,0.000,-2.000,0.000,0.000
30774.000,62.000,135731.000,0.000,0.000,0.000,-2.000,0.000,0.000
30784.000,53.000,135784.000,0.000,0.000,0.000,-2.000,0.000,0.000
30794.000,61.000,135845.000,0.000,0.000,0.000,-2.000,0.000,0.000
30804.000,57.000,135902.000,0.000,0.000,0.000,-2.000,0.000,0.000
30814.000,53.000,135955.000,0.000,0.000,0.000,-2.000,0.000,0.000
30824.000,60.000,136015.000,0.000,0.000,0.000,-2.000,0.000,0.000
30834.000,62.000,136077.000,0.000,0.000,0.000,-2.000,0.000,0.000
30844.000,57.000,136134.000,0.000,0.000,0.000,-2.000,0.000,0.000
30854.000,52.000,136186.000,0.000,0.000,0.000,-2.000,0.000,0.000
30864.000,57.000,136243.000,0.000,0.000,0.000,-2.000,0.000,0.000
30874.000,58.000,136301.000,0.000,0.000,0.000,-2.000,0.000,0.000
30884.000,56.000,136357.000,0.000,0.000,0.000,-2.000,0.000,0.000
30894.000,53.000,136410.000,0.000,0.000,0.000,-2.000,0.000,0.000
30904.000,61.000,136471.000,0.000,0.000,0.000,-2.000,0.000,0.000
30914.000,60.000,136531.000,0.000,0.000,0.000,-2.000,0.000,0.000
30924.000,57.000,136588.000,0.000,0.000,0.000,-2.000,0.000,0.000
30934.000,57.000,136645.000,0.000,0.000,0.000,-2.000,0.000,0.000
30944.000,57.000,136702.000,0.000,0.000,0.000,-2.000,0.000,0.000
30954.000,57.000,136759.000,0.000,0.000,0.000,-2.000,0.000,0.000
30964.000,53.000,136812.000,0.000,0.000,0.000,-2.000,0.000,0.000
30974.000,61.000,136873.000,0.000,0.000,0.000,-2.000,0.000,0.000
30984.000,57.000,136930.000,0.000,0.000,0.000,-2.000,0.000,0.000
30994.000,61.000,136991.000,0.000,0.000,0.000,-2.000,0.000,0.000
31004.000,53.000,137044.000,0.000,0.000,0.000,-2.000,0.000,0.000
31014.000,57.000,137101.000,0.000,0.000,0.000,-2.000,0.000,0.000
31024.000,61.000,137162.000,0.000,0.000,0.000,-2.000,0.000,0.000
31034.000,56.000,137218.000,0.000,0.000,0.000,-2.000,0.000,0.000
31044.000,58.000,137276.000,0.000,0.000,0.000,-2.000,0.000,0.000
31054.000,57.000,137333.000,0.000,0.000,0.000,-2.000,0.000,0.000
31064.000,57.000,137390.000,0.000,0.000,0.000,-2.000,0.000,0.000
31074.000,58.000,137448.000,0.000,0.000,0.000,-2.000,0.000,0.000
31084.000,56.000,137504.000,0.000,0.000,0.000,-2.000,0.000,0.000
31094.000,57.000,137561.000,0.000,0.000,0.000,-2.000,0.000,0.000
31104.000,57.000,137618.000,0.000,0.000,0.000,-2.000,0.000,0.000
31114.000,58.000,137676.000,0.000,0.000,0.000,-2.000,0.000,0.000
31124.000,57.000,137733.000,0.000,0.000,0.000,-2.000,0.000,0.000
31134.000,61.000,137794.000,0.000,0.000,0.000,-2.000,0.000,0.000
31144.000,56.000,137850.000,0.000,0.000,0.000,-2.000,0.000,0.000
31154.000,58.000,137908.000,0.000,0.000,0.000,-2.000,0.000,0.000
31164.000,56.000,137964.000,0.000,0.000,0.000,-2.000,0.000,0.000
31174.000,57.000,138021.000,0.000,0.000,0.000,-2.000,0.000,0.000
31184.000,53.000,138074.000,0.000,0.000,0.000,-2.000,0.000,0.000
31194.000,59.000,138133.000,0.000,0.000,0.000,-2.000,0.000,0.000
31204.000,58.000,138191.000,0.000,0.000,0.000,-2.000,0.000,0.000
31214.000,57.000,138248.000,0.000,0.000,0.000,-2.000,0.000,0.000
31224.000,56.000,138304.000,0.000,0.000,0.000,-2.000,0.000,0.000
31234.000,57.000,138361.000,0.000,0.000,0.000,-2.000,0.000,0.000
31244.000,61.000,138422.000,0.000,0.000,0.000,-2.000,0.000,0.000
31254.000,61.000,138483.000,0.000,0.000,0.000,-2.000,0.000,0.000
31264.000,57.000,138540.000,0.000,0.000,0.000,-2.000,0.000,0.000
31274.000,57.000,138597.000,0.000,0.000,0.000,-2.000,0.000,0.000
31284.000,57.000,138654.000,0.000,0.000,0.000,-2.000,0.000,0.000
31294.000,57.000,138711.000,0.000,0.000,0.000,-2.000,0.000,0.000
31304.000,57.000,138768.000,0.000,0.000,0.000,-2.000,0.000,0.000
31314.000,56.000,138824.000,0.000,0.000,0.000,-2.000,0.000,0.000
31324.000,58.000,138882.000,0.000,0.000,0.000,-2.000,0.000,0.000
31334.000,61.000,138943.000,0.000,0.000,0.000,-2.000,0.000,0.000
31344.000,57.000,139000.000,0.000,0.000,0.000,-2.000,0.000,0.000
31354.000,57.000,139057.000,0.000,0.000,0.000,-2.000,0.000,0.000
31364.000,57.000,139114.000,0.000,0.000,0.000,-2.000,0.000,0.000
31374.000,57.000,139171.000,0.000,0.000,0.000,-2.000,0.000,0.000
31384.000,61.000,139232.000,0.000,0.000,0.000,-2.000,0.000,0.000
31394.000,58.000,139290.000,0.000,0.000,0.000,-2.000,0.000,0.000
31404.000,61.000,139351.000,0.000,0.000,0.000,-2.000,0.000,0.000
31414.000,56.000,139407.000,0.000,0.000,0.000,-2.000,0.000,0.000
31424.000,57.000,139464.000,0.000,0.000,0.000,-2.000,0.000,0.000
31434.000,58.000,139522.000,0.000,0.000,0.000,-2.000,0.000,0.000
31444.000,57.000,139579.000,0.000,0.000,0.000,-2.000,0.000,0.000
31454.000,61.000,139640.000,0.000,0.000,0.000,-2.000,0.000,0.000
31464.000,56.000,139696.000,0.000,0.000,0.000,-2.000,0.000,0.000
31474.000,58.000,139754.000,0.000,0.000,0.000,-2.000,0.000,0.000
31484.000,57.000,139811.000,0.000,0.000,0.000,-2.000,0.000,0.000
31494.000,57.000,139868.000,0.000,0.000,0.000,-2.000,0.000,0.000
31504.000,56.000,139924.000,0.000,0.000,0.000,-2.000,0.000,0.000
31514.000,58.000,139982.000,0.000,0.000,0.000,-2.000,0.000,0.000
31524.000,57.000,140039.000,0.000,0.000,0.000,-2.000,0.000,0.000
31534.000,57.000,140096.000,0.000,0.000,0.000,-2.000,0.000,0.000
31544.000,56.000,140152.000,0.000,0.000,0.000,-2.000,0.000,0.000
31554.000,54.000,140206.000,0.000,0.000,0.000,-2.000,0.000,0.000
31564.000,57.000,140263.000,0.000,0.000,0.000,-2.000,0.000,0.000
31574.000,57.000,140320.000,0.000,0.000,0.000,-2.000,0.000,0.000
31584.000,56.000,140376.000,0.000,0.000,0.000,-2.000,0.000,0.000
31594.000,58.000,140434.000,0.000,0.000,0.000,-2.000,0.000,0.000
31604.000,56.000,140490.000,0.000,0.000,0.000,-2.000,0.000,0.000
31614.000,57.000,140547.000,0.000,0.000,0.000,-2.000,0.000,0.000
31624.000,60.000,140607.000,0.000,0.000,0.000,-2.000,0.000,0.000
31634.000,53.000,140660.000,0.000,0.000,0.000,-2.000,0.000,0.000
31644.000,57.000,140717.000,0.000,0.000,0.000,-2.000,0.000,0.000
31654.000,57.000,140774.000,0.000,0.000,0.000,-2.000,0.000,0.000
31664.000,57.000,140831.000,0.000,0.000,0.000,-2.000,0.000,0.000
31674.000,57.000,140888.000,0.000,0.000,0.000,-2.000,0.000,0.000
31684.000,57.000,140945.000,0.000,0.000,0.000,-2.000,0.000,0.000
31694.000,61.000,141006.000,0.000,0.000,0.000,-2.000,0.000,0.000
31704.000,57.000,141063.000,0.000,0.000,0.000,-2.000,0.000,0.000
31714.000,57.000,141120.000,0.000,0.000,0.000,-2.000,0.000,0.000
31724.000,57.000,141177.000,0.000,0.000,0.000,-2.000,0.000,0.000
31734.000,57.000,141234.000,0.000,0.000,0.000,-2.000,0.000,0.000
31744.000,57.000,141291.000,0.000,0.000,0.000,-2.000,0.000,0.000
31754.000,56.000,141347.000,0.000,0.000,0.000,-2.000,0.000,0.000
31764.000,62.000,141409.000,0.000,0.000,0.000,-2.000,0.000,0.000
31774.000,53.000,141462.000,0.000,0.000,0.000,-2.000,0.000,0.000
31784.000,57.000,141519.000,0.000,0.000,0.000,-2.000,0.000,0.000
31794.000,56.000,141575.000,0.000,0.000,0.000,-2.000,0.000,0.000
31804.000,62.000,141637.000,0.000,0.000,0.000,-2.000,0.000,0.000
31814.000,57.000,141694.000,0.000,0.000,0.000,-2.000,0.000,0.000
31824.000,57.000,141751.000,0.000,0.000,0.000,-2.000,0.000,0.000
31834.000,57.000,141808.000,0.000,0.000,0.000,-2.000,0.000,0.000
31844.000,57.000,141865.000,0.000,0.000,0.000,-2.000,0.000,0.000
31854.000,53.000,141918.000,0.000,0.000,0.000,-2.000,0.000,0.000
31864.000,57.000,141975.000,0.000,0.000,0.000,-2.000,0.000,0.000
31874.000,61.000,142036.000,0.000,0.000,0.000,-2.000,0.000,0.000
31884.000,53.000,142089.000,0.000,0.000,0.000,-2.000,0.000,0.000
31894.000,57.000,142146.000,0.000,0.000,0.000,-2.000,0.000,0.000
31904.000,57.000,142203.000,0.000,0.000,0.000,-2.000,0.000,0.000
31914.000,57.000,142260.000,0.000,0.000,0.000,-2.000,0.000,0.000
31924.000,57.000,142317.000,0.000,0.000,0.000,-2.000,0.000,0.000
31934.000,61.000,142378.000,0.000,0.000,0.000,-2.000,0.000,0.000
31944.000,57.000,142435.000,0.000,0.000,0.000,-2.000,0.000,0.000
31954.000,57.000,142492.000,0.000,0.000,0.000,-2.000,0.000,0.000
31964.000,57.000,142549.000,0.000,0.000,0.000,-2.000,0.000,0.000
31974.000,58.000,142607.000,0.000,0.000,0.000,-2.000,0.000,0.000
31984.000,56.000,142663.000,0.000,0.000,0.000,-2.000,0.000,0.000
31994.000,54.000,142717.000,0.000,0.000,0.000,-2.000,0.000,0.000
32004.000,57.000,142774.000,0.000,0.000,0.000,-2.000,0.000,0.000
32014.000,61.000,142835.000,0.000,0.000,0.000,-2.000,0.000,0.000
32024.000,56.000,142891.000,0.000,0.000,0.000,-2.000,0.000,0.000
32034.000,54.000,142945.000,0.000,0.000,0.000,-2.000,0.000,0.000
32044.000,61.000,143006.000,0.000,0.000,0.000,-2.000,0.000,0.000
32054.000,57.000,143063.000,0.000,0.000,0.000,-2.000,0.000,0.000
32064.000,56.000,143119.000,0.000,0.000,0.000,-2.000,0.000,0.000
32074.000,58.000,143177.000,0.000,0.000,0.000,-2.000,0.000,0.000
32084.000,57.000,143234.000,0.000,0.000,0.000,-2.000,0.000,0.000
32094.000,61.000,143295.000,0.000,0.000,0.000,-2.000,0.000,0.000
32104.000,59.000,143354.000,0.000,0.000,0.000,-2.000,0.000,0.000
32114.000,58.000,143412.000,0.000,0.000,0.000,-2.000,0.000,0.000
32124.000,57.000,143469.000,0.000,0.000,0.000,-2.000,0.000,0.000
32134.000,61.000,143530.000,0.000,0.000,0.000,-2.000,0.000,0.000
32144.000,53.000,143583.000,0.000,0.000,0.000,-2.000,0.000,0.000
32154.000,61.000,143644.000,0.000,0.000,0.000,-2.000,0.000,0.000
32164.000,57.000,143701.000,0.000,0.000,0.000,-2.000,0.000,0.000
32174.000,57.000,143758.000,0.000,0.000,0.000,-2.000,0.000,0.000
32184.000,53.000,143811.000,0.000,0.000,0.000,-2.000,0.000,0.000
32194.000,57.000,143868.000,0.000,0.000,0.000,-2.000,0.000,0.000
32204.000,60.000,143928.000,0.000,0.000,0.000,-2.000,0.000,0.000
32214.000,61.000,143989.000,0.000,0.000,0.000,-2.000,0.000,0.000
32224.000,62.000,144051.000,0.000,0.000,0.000,-2.000,0.000,0.000
32234.000,59.000,144110.000,0.000,0.000,0.000,-2.000,0.000,0.000
32244.000,57.000,144167.000,0.000,0.000,0.000,-2.000,0.000,0.000
32254.000,53.000,144220.000,0.000,0.000,0.000,-2.000,0.000,0.000
32264.000,58.000,144278.000,0.000,0.000,0.000,-2.000,0.000,0.000
32274.000,57.000,144335.000,0.000,0.000,0.000,-2.000,0.000,0.000
32284.000,57.000,144392.000,0.000,0.000,0.000,-2.000,0.000,0.000
32294.000,53.000,144445.000,0.000,0.000,0.000,-2.000,0.000,0.000
32304.000,61.000,144506.000,0.000,0.000,0.000,-2.000,0.000,0.000
32314.000,57.000,144563.000,0.000,0.000,0.000,-2.000,0.000,0.000
32324.000,57.000,144620.000,0.000,0.000,0.000,-2.000,0.000,0.000
32334.000,57.000,144677.000,0.000,0.000,0.000,-2.000,0.000,0.000
32344.000,61.000,144738.000,0.000,0.000,0.000,-2.000,0.000,0.000
32354.000,61.000,144799.000,0.000,0.000,0.000,-2.000,0.000,0.000
32364.000,53.000,144852.000,0.000,0.000,0.000,-2.000,0.000,0.000
32374.000,56.000,144908.000,0.000,0.000,0.000,-2.000,0.000,0.000
32384.000,58.000,144966.000,0.000,0.000,0.000,-2.000,0.000,0.000
32394.000,61.000,145027.000,0.000,0.000,0.000,-2.000,0.000,0.000
32404.000,57.000,145084.000,0.000,0.000,0.000,-2.000,0.000,0.000
32414.000,57.000,145141.000,0.000,0.000,0.000,-2.000,0.000,0.000
32424.000,57.000,145198.000,0.000,0.000,0.000,-2.000,0.000,0.000
32434.000,61.000,145259.000,0.000,0.000,0.000,-2.000,0.000,0.000
32444.000,53.000,145312.000,0.000,0.000,0.000,-2.000,0.000,0.000
32454.000,58.000,145370.000,0.000,0.000,0.000,-2.000,0.000,0.000
32464.000,56.000,145426.000,0.000,0.000,0.000,-2.000,0.000,0.000
32474.000,53.000,145479.000,0.000,0.000,0.000,-2.000,0.000,0.000
32484.000,57.000,145536.000,0.000,0.000,0.000,-2.000,0.000,0.000
32494.000,57.000,145593.000,0.000,0.000,0.000,-2.000,0.000,0.000
32504.000,57.000,145650.000,0.000,0.000,0.000,-2.000,0.000,0.000
32514.000,57.000,145707.000,0.000,0.000,0.000,-2.000,0.000,0.000
32524.000,57.000,145764.000,0.000,0.000,0.000,-2.000,0.000,0.000
32534.000,56.000,145820.000,0.000,0.000,0.000,-2.000,0.000,0.000
32544.000,58.000,145878.000,0.000,0.000,0.000,-2.000,0.000,0.000
32554.000,53.000,145931.000,0.000,0.000,0.000,-2.000,0.000,0.000
32564.000,57.000,145988.000,0.000,0.000,0.000,-2.000,0.000,0.000
32574.000,56.000,146044.000,0.000,0.000,0.000,-2.000,0.000,0.000
32584.000,58.000,146102.000,0.000,0.000,0.000,-2.000,0.000,0.000
32594.000,57.000,146159.000,0.000,0.000,0.000,-2.000,0.000,0.000
32604.000,61.000,146220.000,0.000,0.000,0.000,-2.000,0.000,0.000
32614.000,56.000,146276.000,0.000,0.000,0.000,-2.000,0.000,0.000
32624.000,54.000,146330.000,0.000,0.000,0.000,-2.000,0.000,0.000
32634.000,57.000,146387.000,0.000,0.000,0.000,-2.000,0.000,0.000
32644.000,61.000,146448.000,0.000,0.000,0.000,-2.000,0.000,0.000
32654.000,57.000,146505.000,0.000,0.000,0.000,-2.000,0.000,0.000
32664.000,53.000,146558.000,0.000,0.000,0.000,-2.000,0.000,0.000
32674.000,57.000,146615.000,0.000,0.000,0.000,-2.000,0.000,0.000
32684.000,57.000,146672.000,0.000,0.000,0.000,-2.000,0.000,0.000
32694.000,58.000,146730.000,0.000,0.000,0.000,-2.000,0.000,0.000
32704.000,57.000,146787.000,0.000,0.000,0.000,-2.000,0.000,0.000
32714.000,60.000,146847.000,0.000,0.000,0.000,-2.000,0.000,0.000
32724.000,61.000,146908.000,0.000,0.000,0.000,-2.000,0.000,0.000
32734.000,58.000,146966.000,0.000,0.000,0.000,-2.000,0.000,0.000
32744.000,57.000,147023.000,0.000,0.000,0.000,-2.000,0.000,0.000
32754.000,57.000,147080.000,0.000,0.000,0.000,-2.000,0.000,0.000
32764.000,60.000,147140.000,0.000,0.000,0.000,-2.000,0.000,0.000
32774.000,58.000,147198.000,0.000,0.000,0.000,-2.000,0.000,0.000
32784.000,56.000,147254.000,0.000,0.000,0.000,-2.000,0.000,0.000
32794.000,57.000,147311.000,0.000,0.000,0.000,-2.000,0.000,0.000
32804.000,57.000,147368.000,0.000,0.000,0.000,-2.000,0.000,0.000
32814.000,57.000,147425.000,0.000,0.000,0.000,-2.000,0.000,0.000
32824.000,57.000,147482.000,0.000,0.000,0.000,-2.000,0.000,0.000
32834.000,57.000,147539.000,0.000,0.000,0.000,-2.000,0.000,0.000
32844.000,53.000,147592.000,0.000,0.000,0.000,-2.000,0.000,0.000
32854.000,58.000,147650.000,0.000,0.000,0.000,-2.000,0.000,0.000
32864.000,56.000,147706.000,0.000,0.000,0.000,-2.000,0.000,0.000
32874.000,57.000,147763.000,0.000,0.000,0.000,-2.000,0.000,0.000
32884.000,53.000,147816.000,0.000,0.000,0.000,-2.000,0.000,0.000
32894.000,58.000,147874.000,0.000,0.000,0.000,-2.000,0.000,0.000
32904.000,56.000,147930.000,0.000,0.000,0.000,-2.000,0.000,0.000
32914.000,61.000,147991.000,0.000,0.000,0.000,-2.000,0.000,0.000
32924.000,57.000,148048.000,0.000,0.000,0.000,-2.000,0.000,0.000
32934.000,57.000,148105.000,0.000,0.000,0.000,-2.000,0.000,0.000
32944.000,57.000,148162.000,0.000,0.000,0.000,-2.000,0.000,0.000
32954.000,53.000,148215.000,0.000,0.000,0.000,-2.000,0.000,0.000
32964.000,61.000,148276.000,0.000,0.000,0.000,-2.000,0.000,0.000
32974.000,57.000,148333.000,0.000,0.000,0.000,-2.000,0.000,0.000
32984.000,57.000,148390.000,0.000,0.000,0.000,-2.000,0.000,0.000
32994.000,57.000,148447.000,0.000,0.000,0.000,-2.000,0.000,0.000
33004.000,57.000,148504.000,0.000,0.000,0.000,-2.000,0.000,0.000
33014.000,57.000,148561.000,0.000,0.000,0.000,-2.000,0.000,0.000
33024.000,60.000,148621.000,0.000,0.000,0.000,-2.000,0.000,0.000
33034.000,53.000,148674.000,0.000,0.000,0.000,-2.000,0.000,0.000
33044.000,57.000,148731.000,1.000,5904.000,0.000,-2.000,0.000,0.000
33054.000,50.000,148781.000,1.000,6768.000,0.000,-2.000,0.000,0.000
33064.000,40.000,148821.000,1.000,7056.000,0.000,-2.000,0.000,0.000
33074.000,34.000,148855.000,1.000,7128.000,0.000,-2.000,0.000,0.000
33084.000,28.000,148883.000,1.000,7200.000,0.000,-2.000,0.000,0.000
33094.000,23.000,148906.000,1.000,7200.000,0.000,-2.000,0.000,0.000
33104.000,19.000,148925.000,1.000,7200.000,0.000,-2.000,0.000,0.000
33114.000,15.000,148940.000,1.000,7200.000,0.000,-2.000,0.000,0.000
33124.000,13.000,148953.000,1.000,7200.000,0.000,-2.000,0.000,0.000
33134.000,10.000,148963.000,1.000,7128.000,0.000,-2.000,0.000,0.000
33144.000,8.000,148971.000,1.000,7128.000,0.000,-2.000,0.000,0.000
33154.000,7.000,148978.000,1.000,7200.000,0.000,-2.000,0.000,0.000
33164.000,5.000,148983.000,1.000,7128.000,0.000,-2.000,0.000,0.000
33174.000,4.000,148987.000,1.000,7128.000,0.000,-2.000,0.000,0.000
33184.000,3.000,148990.000,1.000,7128.000,0.000,-2.000,0.000,0.000
33194.000,1.000,148991.000,1.000,7128.000,0.000,-2.000,0.000,0.000
33204.000,2.000,148993.000,1.000,7056.000,0.000,-2.000,0.000,0.000
33214.000,0.000,148993.000,1.000,7128.000,0.000,-2.000,0.000,0.000
33224.000,0.000,148993.000,1.000,7056.000,0.000,-2.000,0.000,0.000
33234.000,0.000,148993.000,1.000,7056.000,0.000,-2.000,0.000,0.000
33244.000,0.000,148993.000,1.000,7056.000,0.000,-2.000,0.000,0.000
33254.000,0.000,148993.000,1.000,7056.000,0.000,-2.000,0.000,0.000
33264.000,0.000,148993.000,1.000,7056.000,0.000,-2.000,0.000,0.000
33274.000,0.000,148993.000,1.000,6984.000,0.000,-2.000,0.000,0.000
33284.000,0.000,148993.000,1.000,6984.000,0.000,-2.000,0.000,0.000
33294.000,0.000,148993.000,1.000,6984.000,0.000,-2.000,0.000,0.000
33304.000,0.000,148993.000,1.000,6984.000,0.000,-2.000,0.000,0.000
33314.000,0.000,148993.000,1.000,6984.000,0.000,-2.000,0.000,0.000
33324.000,0.000,148993.000,1.000,6984.000,0.000,-2.000,0.000,0.000
33334.000,0.000,148993.000,1.000,6912.000,0.000,-2.000,0.000,0.000
33344.000,0.000,148993.000,1.000,6912.000,0.000,-2.000,0.000,0.000
33354.000,0.000,148993.000,1.000,6912.000,0.000,-2.000,0.000,0.000
33364.000,0.000,148993.000,1.000,6912.000,0.000,-2.000,0.000,0.000
33374.000,0.000,148993.000,1.000,6912.000,0.000,-2.000,0.000,0.000
33384.000,0.000,148993.000,1.000,6912.000,0.000,-2.000,0.000,0.000
33394.000,0.000,148993.000,1.000,6840.000,0.000,-2.000,0.000,0.000
33404.000,0.000,148993.000,1.000,6840.000,0.000,-2.000,0.000,0.000
33414.000,0.000,148993.000,1.000,6840.000,0.000,-2.000,0.000,0.000
33424.000,0.000,148993.000,1.000,6840.000,0.000,-2.000,0.000,0.000
33434.000,0.000,148993.000,1.000,6840.000,0.000,-2.000,0.000,0.000
33444.000,1.000,148994.000,1.000,6840.000,0.000,-2.000,0.000,0.000
33454.000,0.000,148994.000,1.000,6840.000,0.000,-2.000,0.000,0.000
33464.000,0.000,148994.000,1.000,6768.000,0.000,-2.000,0.000,0.000
33474.000,0.000,148994.000,1.000,6768.000,0.000,-2.000,0.000,0.000
33484.000,1.000,148995.000,1.000,6768.000,0.000,-2.000,0.000,0.000
33494.000,0.000,148995.000,1.000,6840.000,0.000,-2.000,0.000,0.000
33504.000,0.000,148995.000,1.000,6768.000,0.000,-2.000,0.000,0.000
33514.000,0.000,148995.000,1.000,6768.000,0.000,-2.000,0.000,0.000
33524.000,0.000,148995.000,1.000,6696.000,0.000,-2.000,0.000,0.000
33534.000,0.000,148995.000,1.000,6696.000,0.000,-2.000,0.000,0.000
33544.000,0.000,148995.000,1.000,6696.000,0.000,-2.000,0.000,0.000
33554.000,0.000,148995.000,1.000,6696.000,0.000,-2.000,0.000,0.000
33564.000,0.000,148995.000,1.000,6696.000,0.000,-2.000,0.000,0.000
33574.000,0.000,148995.000,1.000,6696.000,0.000,-2.000,0.000,0.000
33584.000,0.000,148995.000,1.000,6624.000,0.000,-2.000,0.000,0.000
33594.000,0.000,148995.000,1.000,6624.000,0.000,-2.000,0.000,0.000
33604.000,0.000,148995.000,1.000,6624.000,0.000,-2.000,0.000,0.000
33614.000,0.000,148995.000,1.000,6624.000,0.000,-2.000,0.000,0.000
33624.000,0.000,148995.000,1.000,6624.000,0.000,-2.000,0.000,0.000
33634.000,0.000,148995.000,1.000,6624.000,0.000,-2.000,0.000,0.000
33644.000,0.000,148995.000,1.000,6552.000,0.000,-2.000,0.000,0.000
33654.000,0.000,148995.000,1.000,6552.000,0.000,-2.000,0.000,0.000
33664.000,0.000,148995.000,1.000,6552.000,0.000,-2.000,0.000,0.000
33674.000,0.000,148995.000,1.000,6552.000,0.000,-2.000,0.000,0.000
33684.000,0.000,148995.000,1.000,6552.000,0.000,-2.000,0.000,0.000
33694.000,0.000,148995.000,1.000,6480.000,0.000,-2.000,0.000,0.000
33704.000,0.000,148995.000,1.000,6480.000,0.000,-2.000,0.000,0.000
33714.000,2.000,148997.000,1.000,6480.000,0.000,-2.000,0.000,0.000
33724.000,0.000,148997.000,1.000,6552.000,0.000,-2.000,0.000,0.000
33734.000,1.000,148998.000,1.000,6480.000,0.000,-2.000,0.000,0.000
33744.000,1.000,148999.000,1.000,6552.000,0.000,-2.000,0.000,0.000
33754.000,2.000,149001.000,1.000,6552.000,0.000,-2.000,0.000,0.000
33764.000,1.000,149002.000,1.000,6552.000,0.000,-2.000,0.000,0.000
33774.000,1.000,149003.000,1.000,6552.000,0.000,-2.000,0.000,0.000
33784.000,1.000,149004.000,1.000,6552.000,0.000,-2.000,0.000,0.000
33794.000,2.000,149006.000,1.000,6552.000,0.000,-2.000,0.000,0.000
33804.000,0.000,149006.000,1.000,6624.000,0.000,-2.000,0.000,0.000
33814.000,2.000,149008.000,1.000,6480.000,0.000,-2.000,0.000,0.000
33824.000,1.000,149009.000,1.000,6624.000,0.000,-2.000,0.000,0.000
33834.000,1.000,149010.000,1.000,6552.000,0.000,-2.000,0.000,0.000
33844.000,1.000,149011.000,1.000,6552.000,0.000,-2.000,0.000,0.000
33854.000,1.000,149012.000,1.000,6552.000,0.000,-2.000,0.000,0.000
33864.000,1.000,149013.000,1.000,6552.000,0.000,-2.000,0.000,0.000
33874.000,1.000,149014.000,1.000,6552.000,0.000,-2.000,0.000,0.000
33884.000,1.000,149015.000,1.000,6552.000,0.000,-2.000,0.000,0.000
33894.000,0.000,149015.000,1.000,6552.000,0.000,-2.000,0.000,0.000
33904.000,2.000,149017.000,1.000,6480.000,0.000,-2.000,0.000,0.000
33914.000,0.000,149017.000,1.000,6624.000,0.000,-2.000,0.000,0.000
33924.000,1.000,149018.000,1.000,6480.000,0.000,-2.000,0.000,0.000
33934.000,1.000,149019.000,1.000,6552.000,0.000,-2.000,0.000,0.000
33944.000,2.000,149021.000,1.000,6552.000,0.000,-2.000,0.000,0.000
33954.000,0.000,149021.000,1.000,6624.000,0.000,-2.000,0.000,0.000
33964.000,2.000,149023.000,1.000,6480.000,0.000,-2.000,0.000,0.000
33974.000,2.000,149025.000,1.000,6624.000,0.000,-2.000,0.000,0.000
33984.000,1.000,149026.000,1.000,6624.000,0.000,-2.000,0.000,0.000
33994.000,1.000,149027.000,1.000,6552.000,0.000,-2.000,0.000,0.000
34004.000,2.000,149029.000,1.000,6552.000,0.000,-2.000,0.000,0.000
34014.000,0.000,149029.000,1.000,6624.000,0.000,-2.000,0.000,0.000
34024.000,1.000,149030.000,1.000,6552.000,0.000,-2.000,0.000,0.000
34034.000,1.000,149031.000,1.000,6552.000,0.000,-2.000,0.000,0.000
34044.000,2.000,149033.000,1.000,6552.000,0.000,-2.000,0.000,0.000
34054.000,1.000,149034.000,1.000,6624.000,0.000,-2.000,0.000,0.000
34064.000,1.000,149035.000,1.000,6624.000,0.000,-2.000,0.000,0.000
34074.000,0.000,149035.000,1.000,6624.000,0.000,-2.000,0.000,0.000
34084.000,1.000,149036.000,1.000,6552.000,0.000,-2.000,0.000,0.000
34094.000,1.000,149037.000,1.000,6552.000,0.000,-2.000,0.000,0.000
34104.000,1.000,149038.000,1.000,6552.000,0.000,-2.000,0.000,0.000
34114.000,0.000,149038.000,1.000,6552.000,0.000,-2.000,0.000,0.000
34124.000,1.000,149039.000,1.000,6552.000,0.000,-2.000,0.000,0.000
34134.000,0.000,149039.000,1.000,6552.000,0.000,-2.000,0.000,0.000
34144.000,0.000,149039.000,1.000,6552.000,0.000,-2.000,0.000,0.000
34154.000,0.000,149039.000,1.000,6480.000,0.000,-2.000,0.000,0.000
34164.000,0.000,149039.000,1.000,6480.000,0.000,-2.000,0.000,0.000
34174.000,0.000,149039.000,1.000,6480.000,0.000,-2.000,0.000,0.000
34184.000,0.000,149039.000,1.000,6480.000,0.000,-2.000,0.000,0.000
34194.000,0.000,149039.000,1.000,6480.000,0.000,-2.000,0.000,0.000
34204.000,2.000,149041.000,1.000,6480.000,0.000,-2.000,0.000,0.000
34214.000,1.000,149042.000,1.000,6552.000,0.000,-2.000,0.000,0.000
34224.000,1.000,149043.000,1.000,6480.000,0.000,-2.000,0.000,0.000
34234.000,2.000,149045.000,1.000,6480.000,0.000,-2.000,0.000,0.000
34244.000,1.000,149046.000,1.000,6552.000,0.000,-2.000,0.000,0.000
34254.000,1.000,149047.000,1.000,6480.000,0.000,-2.000,0.000,0.000
34264.000,3.000,149050.000,1.000,6480.000,0.000,-2.000,0.000,0.000
34274.000,1.000,149051.000,1.000,6624.000,0.000,-2.000,0.000,0.000
34284.000,2.000,149053.000,1.000,6552.000,0.000,-2.000,0.000,0.000
34294.000,1.000,149054.000,1.000,6624.000,0.000,-2.000,0.000,0.000
34304.000,2.000,149056.000,1.000,6552.000,0.000,-2.000,0.000,0.000
34314.000,2.000,149058.000,1.000,6624.000,0.000,-2.000,0.000,0.000
34324.000,0.000,149058.000,1.000,6624.000,0.000,-2.000,0.000,0.000
34334.000,1.000,149059.000,1.000,6552.000,0.000,-2.000,0.000,0.000
34344.000,2.000,149061.000,1.000,6552.000,0.000,-2.000,0.000,0.000
34354.000,1.000,149062.000,1.000,6624.000,0.000,-2.000,0.000,0.000
34364.000,1.000,149063.000,1.000,6552.000,0.000,-2.000,0.000,0.000
34374.000,0.000,149063.000,1.000,6552.000,0.000,-2.000,0.000,0.000
34384.000,2.000,149065.000,1.000,6552.000,0.000,-2.000,0.000,0.000
34394.000,1.000,149066.000,1.000,6624.000,0.000,-2.000,0.000,0.000
34404.000,1.000,149067.000,1.000,6552.000,0.000,-2.000,0.000,0.000
34414.000,2.000,149069.000,1.000,6552.000,0.000,-2.000,0.000,0.000
34424.000,0.000,149069.000,1.000,6624.000,0.000,-2.000,0.000,0.000
34434.000,2.000,149071.000,1.000,6552.000,0.000,-2.000,0.000,0.000
34444.000,2.000,149073.000,1.000,6624.000,0.000,-2.000,0.000,0.000
34454.000,0.000,149073.000,1.000,6624.000,0.000,-2.000,0.000,0.000
34464.000,2.000,149075.000,1.000,6552.000,0.000,-2.000,0.000,0.000
34474.000,1.000,149076.000,1.000,6624.000,0.000,-2.000,0.000,0.000
34484.000,1.000,149077.000,1.000,6624.000,0.000,-2.000,0.000,0.000
34494.000,1.000,149078.000,1.000,6624.000,0.000,-2.000,0.000,0.000
34504.000,1.000,149079.000,1.000,6624.000,0.000,-2.000,0.000,0.000
34514.000,1.000,149080.000,1.000,6624.000,0.000,-2.000,0.000,0.000
34524.000,1.000,149081.000,1.000,6624.000,0.000,-2.000,0.000,0.000
34534.000,1.000,149082.000,1.000,6624.000,0.000,-2.000,0.000,0.000
34544.000,1.000,149083.000,1.000,6624.000,0.000,-2.000,0.000,0.000
34554.000,0.000,149083.000,1.000,6624.000,0.000,-2.000,0.000,0.000
34564.000,0.000,149083.000,1.000,6552.000,0.000,-2.000,0.000,0.000
34574.000,1.000,149084.000,1.000,6552.000,0.000,-2.000,0.000,0.000
34584.000,1.000,149085.000,1.000,6624.000,0.000,-2.000,0.000,0.000
34594.000,0.000,149085.000,1.000,6624.000,0.000,-2.000,0.000,0.000
34604.000,1.000,149086.000,1.000,6552.000,0.000,-2.000,0.000,0.000
34614.000,0.000,149086.000,1.000,6552.000,0.000,-2.000,0.000,0.000
34624.000,0.000,149086.000,1.000,6552.000,0.000,-2.000,0.000,0.000
34634.000,1.000,149087.000,1.000,6552.000,0.000,-2.000,0.000,0.000
34644.000,0.000,149087.000,1.000,6552.000,0.000,-2.000,0.000,0.000
34654.000,0.000,149087.000,1.000,6480.000,0.000,-2.000,0.000,0.000
34664.000,0.000,149087.000,1.000,6480.000,0.000,-2.000,0.000,0.000
34674.000,0.000,149087.000,1.000,6480.000,0.000,-2.000,0.000,0.000
34684.000,0.000,149087.000,1.000,6480.000,0.000,-2.000,0.000,0.000
34694.000,0.000,149087.000,1.000,6480.000,0.000,-2.000,0.000,0.000
34704.000,0.000,149087.000,1.000,6480.000,0.000,-2.000,0.000,0.000
34714.000,0.000,149087.000,1.000,6408.000,0.000,-2.000,0.000,0.000
34724.000,0.000,149087.000,1.000,6408.000,0.000,-2.000,0.000,0.000
34734.000,0.000,149087.000,1.000,6408.000,0.000,-2.000,0.000,0.000
34744.000,0.000,149087.000,1.000,6408.000,0.000,-2.000,0.000,0.000
34754.000,0.000,149087.000,1.000,6408.000,0.000,-2.000,0.000,0.000
34764.000,0.000,149087.000,1.000,6336.000,0.000,-2.000,0.000,0.000
34774.000,0.000,149087.000,1.000,6336.000,0.000,-2.000,0.000,0.000
34784.000,2.000,149089.000,1.000,6336.000,0.000,-2.000,0.000,0.000
34794.000,2.000,149091.000,1.000,6408.000,0.000,-2.000,0.000,0.000
34804.000,1.000,149092.000,1.000,6480.000,0.000,-2.000,0.000,0.000
34814.000,2.000,149094.000,1.000,6408.000,0.000,-2.000,0.000,0.000
34824.000,3.000,149097.000,1.000,6480.000,0.000,-2.000,0.000,0.000
34834.000,1.000,149098.000,1.000,6552.000,0.000,-2.000,0.000,0.000
34844.000,3.000,149101.000,1.000,6480.000,0.000,-2.000,0.000,0.000
34854.000,1.000,149102.000,1.000,6552.000,0.000,-2.000,0.000,0.000
34864.000,2.000,149104.000,1.000,6480.000,0.000,-2.000,0.000,0.000
34874.000,2.000,149106.000,1.000,6552.000,0.000,-2.000,0.000,0.000
34884.000,2.000,149108.000,1.000,6552.000,0.000,-2.000,0.000,0.000
34894.000,1.000,149109.000,1.000,6552.000,0.000,-2.000,0.000,0.000
34904.000,2.000,149111.000,1.000,6480.000,0.000,-2.000,0.000,0.000
34914.000,2.000,149113.000,1.000,6552.000,0.000,-2.000,0.000,0.000
34924.000,1.000,149114.000,1.000,6552.000,0.000,-2.000,0.000,0.000
34934.000,1.000,149115.000,1.000,6552.000,0.000,-2.000,0.000,0.000
34944.000,2.000,149117.000,1.000,6552.000,0.000,-2.000,0.000,0.000
34954.000,2.000,149119.000,1.000,6624.000,0.000,-2.000,0.000,0.000
34964.000,2.000,149121.000,1.000,6624.000,0.000,-2.000,0.000,0.000
34974.000,1.000,149122.000,1.000,6624.000,0.000,-2.000,0.000,0.000
34984.000,1.000,149123.000,1.000,6552.000,0.000,-2.000,0.000,0.000
34994.000,2.000,149125.000,1.000,6552.000,0.000,-2.000,0.000,0.000
35004.000,1.000,149126.000,1.000,6624.000,0.000,-2.000,0.000,0.000
35014.000,1.000,149127.000,1.000,6624.000,0.000,-2.000,0.000,0.000
35024.000,2.000,149129.000,1.000,6624.000,0.000,-2.000,0.000,0.000
35034.000,1.000,149130.000,1.000,6624.000,0.000,-2.000,0.000,0.000
35044.000,1.000,149131.000,1.000,6624.000,0.000,-2.000,0.000,0.000
35054.000,0.000,149131.000,1.000,6624.000,0.000,-2.000,0.000,0.000
35064.000,1.000,149132.000,1.000,6552.000,0.000,-2.000,0.000,0.000
35074.000,1.000,149133.000,1.000,6624.000,0.000,-2.000,0.000,0.000
35084.000,0.000,149133.000,1.000,6624.000,0.000,-2.000,0.000,0.000
35094.000,1.000,149134.000,1.000,6552.000,0.000,-2.000,0.000,0.000
35104.000,0.000,149134.000,1.000,6624.000,0.000,-2.000,0.000,0.000
35114.000,0.000,149134.000,1.000,6552.000,0.000,-2.000,0.000,0.000
35124.000,0.000,149134.000,1.000,6552.000,0.000,-2.000,0.000,0.000
35134.000,0.000,149134.000,1.000,6552.000,0.000,-2.000,0.000,0.000
35144.000,0.000,149134.000,1.000,6480.000,0.000,-2.000,0.000,0.000
35154.000,0.000,149134.000,1.000,6480.000,0.000,-2.000,0.000,0.000
35164.000,0.000,149134.000,1.000,6480.000,0.000,-2.000,0.000,0.000
35174.000,0.000,149134.000,1.000,6480.000,0.000,-2.000,0.000,0.000
35184.000,0.000,149134.000,1.000,6480.000,0.000,-2.000,0.000,0.000
35194.000,0.000,149134.000,1.000,6480.000,0.000,-2.000,0.000,0.000
35204.000,1.000,149135.000,1.000,6408.000,0.000,-2.000,0.000,0.000
35214.000,0.000,149135.000,1.000,6480.000,0.000,-2.000,0.000,0.000
35224.000,0.000,149135.000,1.000,6408.000,0.000,-2.000,0.000,0.000
35234.000,0.000,149135.000,1.000,6408.000,0.000,-2.000,0.000,0.000
35244.000,0.000,149135.000,1.000,6408.000,0.000,-2.000,0.000,0.000
35254.000,0.000,149135.000,1.000,6408.000,0.000,-2.000,0.000,0.000
35264.000,0.000,149135.000,1.000,6336.000,0.000,-2.000,0.000,0.000
35274.000,0.000,149135.000,1.000,6336.000,0.000,-2.000,0.000,0.000
35284.000,0.000,149135.000,1.000,6336.000,0.000,-2.000,0.000,0.000
35294.000,0.000,149135.000,1.000,6336.000,0.000,-2.000,0.000,0.000
35304.000,0.000,149135.000,1.000,6336.000,0.000,-2.000,0.000,0.000
35314.000,2.000,149137.000,1.000,6336.000,0.000,-2.000,0.000,0.000
35324.000,2.000,149139.000,1.000,6408.000,0.000,-2.000,0.000,0.000
35334.000,1.000,149140.000,1.000,6408.000,0.000,-2.000,0.000,0.000
35344.000,2.000,149142.000,1.000,6336.000,0.000,-2.000,0.000,0.000
35354.000,3.000,149145.000,1.000,6408.000,0.000,-2.000,0.000,0.000
35364.000,1.000,149146.000,1.000,6480.000,0.000,-2.000,0.000,0.000
35374.000,3.000,149149.000,1.000,6408.000,0.000,-2.000,0.000,0.000
35384.000,2.000,149151.000,1.000,6480.000,0.000,-2.000,0.000,0.000
35394.000,2.000,149153.000,1.000,6480.000,0.000,-2.000,0.000,0.000
35404.000,2.000,149155.000,1.000,6480.000,0.000,-2.000,0.000,0.000
35414.000,3.000,149158.000,1.000,6480.000,0.000,-2.000,0.000,0.000
35424.000,1.000,149159.000,1.000,6552.000,0.000,-2.000,0.000,0.000
35434.000,3.000,149162.000,1.000,6480.000,0.000,-2.000,0.000,0.000
35444.000,1.000,149163.000,1.000,6624.000,0.000,-2.000,0.000,0.000
35454.000,2.000,149165.000,1.000,6552.000,0.000,-2.000,0.000,0.000
35464.000,2.000,149167.000,1.000,6552.000,0.000,-2.000,0.000,0.000
35474.000,2.000,149169.000,1.000,6624.000,0.000,-2.000,0.000,0.000
35484.000,2.000,149171.000,1.000,6624.000,0.000,-2.000,0.000,0.000
35494.000,2.000,149173.000,1.000,6624.000,0.000,-2.000,0.000,0.000
35504.000,1.000,149174.000,1.000,6624.000,0.000,-2.000,0.000,0.000
35514.000,1.000,149175.000,1.000,6624.000,0.000,-2.000,0.000,0.000
35524.000,1.000,149176.000,1.000,6624.000,0.000,-2.000,0.000,0.000
35534.000,1.000,149177.000,1.000,6624.000,0.000,-2.000,0.000,0.000
35544.000,2.000,149179.000,1.000,6624.000,0.000,-2.000,0.000,0.000
35554.000,0.000,149179.000,1.000,6624.000,0.000,-2.000,0.000,0.000
35564.000,1.000,149180.000,1.000,6552.000,0.000,-2.000,0.000,0.000
35574.000,1.000,149181.000,1.000,6624.000,0.000,-2.000,0.000,0.000
35584.000,1.000,149182.000,1.000,6624.000,0.000,-2.000,0.000,0.000
35594.000,0.000,149182.000,1.000,6624.000,0.000,-2.000,0.000,0.000
35604.000,1.000,149183.000,1.000,6552.000,0.000,-2.000,0.000,0.000
35614.000,0.000,149183.000,1.000,6624.000,0.000,-2.000,0.000,0.000
35624.000,0.000,149183.000,1.000,6552.000,0.000,-2.000,0.000,0.000
35634.000,0.000,149183.000,1.000,6552.000,0.000,-2.000,0.000,0.000
35644.000,0.000,149183.000,1.000,6552.000,0.000,-2.000,0.000,0.000
35654.000,0.000,149183.000,1.000,6480.000,0.000,-2.000,0.000,0.000
35664.000,0.000,149183.000,1.000,6480.000,0.000,-2.000,0.000,0.000
35674.000,0.000,149183.000,1.000,6480.000,0.000,-2.000,0.000,0.000
35684.000,0.000,149183.000,1.000,6480.000,0.000,-2.000,0.000,0.000
35694.000,0.000,149183.000,1.000,6480.000,0.000,-2.000,0.000,0.000
35704.000,0.000,149183.000,1.000,6480.000,0.000,-2.000,0.000,0.000
35714.000,0.000,149183.000,1.000,6408.000,0.000,-2.000,0.000,0.000
35724.000,0.000,149183.000,1.000,6408.000,0.000,-2.000,0.000,0.000
35734.000,0.000,149183.000,1.000,6408.000,0.000,-2.000,0.000,0.000
35744.000,0.000,149183.000,1.000,6408.000,0.000,-2.000,0.000,0.000
35754.000,0.000,149183.000,1.000,6408.000,0.000,-2.000,0.000,0.000
35764.000,2.000,149185.000,1.000,6336.000,0.000,-2.000,0.000,0.000
35774.000,1.000,149186.000,1.000,6480.000,0.000,-2.000,0.000,0.000
35784.000,1.000,149187.000,1.000,6408.000,0.000,-2.000,0.000,0.000
35794.000,2.000,149189.000,1.000,6408.000,0.000,-2.000,0.000,0.000
35804.000,2.000,149191.000,1.000,6480.000,0.000,-2.000,0.000,0.000
35814.000,2.000,149193.000,1.000,6480.000,0.000,-2.000,0.000,0.000
35824.000,2.000,149195.000,1.000,6480.000,0.000,-2.000,0.000,0.000
35834.000,2.000,149197.000,1.000,6480.000,0.000,-2.000,0.000,0.000
35844.000,2.000,149199.000,1.000,6552.000,0.000,-2.000,0.000,0.000
35854.000,2.000,149201.000,1.000,6552.000,0.000,-2.000,0.000,0.000
35864.000,2.000,149203.000,1.000,6552.000,0.000,-2.000,0.000,0.000
35874.000,2.000,149205.000,1.000,6552.000,0.000,-2.000,0.000,0.000
35884.000,1.000,149206.000,1.000,6552.000,0.000,-2.000,0.000,0.000
35894.000,1.000,149207.000,1.000,6552.000,0.000,-2.000,0.000,0.000
35904.000,2.000,149209.000,1.000,6552.000,0.000,-2.000,0.000,0.000
35914.000,1.000,149210.000,1.000,6624.000,0.000,-2.000,0.000,0.000
35924.000,1.000,149211.000,1.000,6552.000,0.000,-2.000,0.000,0.000
35934.000,2.000,149213.000,1.000,6552.000,0.000,-2.000,0.000,0.000
35944.000,2.000,149215.000,1.000,6624.000,0.000,-2.000,0.000,0.000
35954.000,2.000,149217.000,1.000,6624.000,0.000,-2.000,0.000,0.000
35964.000,1.000,149218.000,1.000,6624.000,0.000,-2.000,0.000,0.000
35974.000,1.000,149219.000,1.000,6624.000,0.000,-2.000,0.000,0.000
35984.000,2.000,149221.000,1.000,6624.000,0.000,-2.000,0.000,0.000
35994.000,1.000,149222.000,1.000,6624.000,0.000,-2.000,0.000,0.000
36004.000,1.000,149223.000,1.000,6624.000,0.000,-2.000,0.000,0.000
36014.000,2.000,149225.000,1.000,6624.000,0.000,-2.000,0.000,0.000
36024.000,0.000,149225.000,1.000,6696.000,0.000,-2.000,0.000,0.000
36034.000,2.000,149227.000,1.000,6552.000,0.000,-2.000,0.000,0.000
36044.000,0.000,149227.000,1.000,6696.000,0.000,-2.000,0.000,0.000
36054.000,1.000,149228.000,1.000,6552.000,0.000,-2.000,0.000,0.000
36064.000,1.000,149229.000,1.000,6624.000,0.000,-2.000,0.000,0.000
36074.000,0.000,149229.000,1.000,6624.000,0.000,-2.000,0.000,0.000
36084.000,1.000,149230.000,1.000,6552.000,0.000,-2.000,0.000,0.000
36094.000,0.000,149230.000,1.000,6624.000,0.000,-2.000,0.000,0.000
36104.000,1.000,149231.000,1.000,6552.000,0.000,-2.000,0.000,0.000
36114.000,0.000,149231.000,1.000,6624.000,0.000,-2.000,0.000,0.000
36124.000,0.000,149231.000,1.000,6552.000,0.000,-2.000,0.000,0.000
36134.000,0.000,149231.000,1.000,6552.000,0.000,-2.000,0.000,0.000
36144.000,0.000,149231.000,1.000,6552.000,0.000,-2.000,0.000,0.000
36154.000,0.000,149231.000,1.000,6480.000,0.000,-2.000,0.000,0.000
36164.000,0.000,149231.000,1.000,6480.000,0.000,-2.000,0.000,0.000
36174.000,0.000,149231.000,1.000,6480.000,0.000,-2.000,0.000,0.000
36184.000,0.000,149231.000,1.000,6480.000,0.000,-2.000,0.000,0.000
36194.000,0.000,149231.000,1.000,6480.000,0.000,-2.000,0.000,0.000
36204.000,0.000,149231.000,1.000,6480.000,0.000,-2.000,0.000,0.000
36214.000,0.000,149231.000,1.000,6408.000,0.000,-2.000,0.000,0.000
36224.000,0.000,149231.000,1.000,6408.000,0.000,-2.000,0.000,0.000
36234.000,0.000,149231.000,1.000,6408.000,0.000,-2.000,0.000,0.000
36244.000,0.000,149231.000,1.000,6408.000,0.000,-2.000,0.000,0.000
36254.000,0.000,149231.000,1.000,6408.000,0.000,-2.000,0.000,0.000
36264.000,0.000,149231.000,1.000,6336.000,0.000,-2.000,0.000,0.000
36274.000,1.000,149232.000,1.000,6336.000,0.000,-2.000,0.000,0.000
36284.000,1.000,149233.000,1.000,6408.000,0.000,-2.000,0.000,0.000
36294.000,2.000,149235.000,1.000,6408.000,0.000,-2.000,0.000,0.000
36304.000,2.000,149237.000,1.000,6480.000,0.000,-2.000,0.000,0.000
36314.000,2.000,149239.000,1.000,6480.000,0.000,-2.000,0.000,0.000
36324.000,2.000,149241.000,1.000,6480.000,0.000,-2.000,0.000,0.000
36334.000,1.000,149242.000,1.000,6480.000,0.000,-2.000,0.000,0.000
36344.000,3.000,149245.000,1.000,6480.000,0.000,-2.000,0.000,0.000
36354.000,2.000,149247.000,1.000,6552.000,0.000,-2.000,0.000,0.000
36364.000,2.000,149249.000,1.000,6552.000,0.000,-2.000,0.000,0.000
36374.000,1.000,149250.000,1.000,6552.000,0.000,-2.000,0.000,0.000
36384.000,3.000,149253.000,1.000,6480.000,0.000,-2.000,0.000,0.000
36394.000,1.000,149254.000,1.000,6624.000,0.000,-2.000,0.000,0.000
36404.000,1.000,149255.000,1.000,6552.000,0.000,-2.000,0.000,0.000
36414.000,2.000,149257.000,1.000,6552.000,0.000,-2.000,0.000,0.000
36424.000,2.000,149259.000,1.000,6552.000,0.000,-2.000,0.000,0.000
36434.000,2.000,149261.000,1.000,6624.000,0.000,-2.000,0.000,0.000
36444.000,1.000,149262.000,1.000,6624.000,0.000,-2.000,0.000,0.000
36454.000,1.000,149263.000,1.000,6552.000,0.000,-2.000,0.000,0.000
36464.000,2.000,149265.000,1.000,6552.000,0.000,-2.000,0.000,0.000
36474.000,2.000,149267.000,1.000,6624.000,0.000,-2.000,0.000,0.000
36484.000,2.000,149269.000,1.000,6624.000,0.000,-2.000,0.000,0.000
36494.000,1.000,149270.000,1.000,6624.000,0.000,-2.000,0.000,0.000
36504.000,1.000,149271.000,1.000,6624.000,0.000,-2.000,0.000,0.000
36514.000,2.000,149273.000,1.000,6624.000,0.000,-2.000,0.000,0.000
36524.000,1.000,149274.000,1.000,6696.000,0.000,-2.000,0.000,0.000
36534.000,1.000,149275.000,1.000,6624.000,0.000,-2.000,0.000,0.000
36544.000,0.000,149275.000,1.000,6624.000,0.000,-2.000,0.000,0.000
36554.000,1.000,149276.000,1.000,6552.000,0.000,-2.000,0.000,0.000
36564.000,1.000,149277.000,1.000,6624.000,0.000,-2.000,0.000,0.000
36574.000,0.000,149277.000,1.000,6624.000,0.000,-2.000,0.000,0.000
36584.000,1.000,149278.000,1.000,6552.000,0.000,-2.000,0.000,0.000
36594.000,0.000,149278.000,1.000,6624.000,0.000,-2.000,0.000,0.000
36604.000,0.000,149278.000,1.000,6552.000,0.000,-2.000,0.000,0.000
36614.000,0.000,149278.000,1.000,6552.000,0.000,-2.000,0.000,0.000
36624.000,0.000,149278.000,1.000,6552.000,0.000,-2.000,0.000,0.000
36634.000,0.000,149278.000,1.000,6552.000,0.000,-2.000,0.000,0.000
36644.000,0.000,149278.000,1.000,6480.000,0.000,-2.000,0.000,0.000
36654.000,0.000,149278.000,1.000,6480.000,0.000,-2.000,0.000,0.000
36664.000,0.000,149278.000,1.000,6480.000,0.000,-2.000,0.000,0.000
36674.000,0.000,149278.000,1.000,6480.000,0.000,-2.000,0.000,0.000
36684.000,0.000,149278.000,1.000,6480.000,0.000,-2.000,0.000,0.000
36694.000,0.000,149278.000,1.000,6480.000,0.000,-2.000,0.000,0.000
36704.000,0.000,149278.000,1.000,6408.000,0.000,-2.000,0.000,0.000
36714.000,0.000,149278.000,1.000,6408.000,0.000,-2.000,0.000,0.000
36724.000,0.000,149278.000,1.000,6408.000,0.000,-2.000,0.000,0.000
36734.000,0.000,149278.000,1.000,6408.000,0.000,-2.000,0.000,0.000
36744.000,0.000,149278.000,1.000,6408.000,0.000,-2.000,0.000,0.000
36754.000,0.000,149278.000,1.000,6336.000,0.000,-2.000,0.000,0.000
36764.000,0.000,149278.000,1.000,6336.000,0.000,-2.000,0.000,0.000
36774.000,1.000,149279.000,1.000,6336.000,0.000,-2.000,0.000,0.000
36784.000,0.000,149279.000,1.000,6408.000,0.000,-2.000,0.000,0.000
36794.000,0.000,149279.000,1.000,6336.000,0.000,-2.000,0.000,0.000
36804.000,0.000,149279.000,1.000,6336.000,0.000,-2.000,0.000,0.000
36814.000,1.000,149280.000,1.000,6336.000,0.000,-2.000,0.000,0.000
36824.000,1.000,149281.000,1.000,6336.000,0.000,-2.000,0.000,0.000
36834.000,2.000,149283.000,1.000,6336.000,0.000,-2.000,0.000,0.000
36844.000,2.000,149285.000,1.000,6408.000,0.000,-2.000,0.000,0.000
36854.000,2.000,149287.000,1.000,6408.000,0.000,-2.000,0.000,0.000
36864.000,2.000,149289.000,1.000,6408.000,0.000,-2.000,0.000,0.000
36874.000,2.000,149291.000,1.000,6408.000,0.000,-2.000,0.000,0.000
36884.000,3.000,149294.000,1.000,6480.000,0.000,-2.000,0.000,0.000
36894.000,1.000,149295.000,1.000,6480.000,0.000,-2.000,0.000,0.000
36904.000,3.000,149298.000,1.000,6408.000,0.000,-2.000,0.000,0.000
36914.000,2.000,149300.000,1.000,6552.000,0.000,-2.000,0.000,0.000
36924.000,2.000,149302.000,1.000,6480.000,0.000,-2.000,0.000,0.000
36934.000,1.000,149303.000,1.000,6552.000,0.000,-2.000,0.000,0.000
36944.000,3.000,149306.000,1.000,6480.000,0.000,-2.000,0.000,0.000
36954.000,1.000,149307.000,1.000,6624.000,0.000,-2.000,0.000,0.000
36964.000,2.000,149309.000,1.000,6480.000,0.000,-2.000,0.000,0.000
36974.000,2.000,149311.000,1.000,6552.000,0.000,-2.000,0.000,0.000
36984.000,2.000,149313.000,1.000,6552.000,0.000,-2.000,0.000,0.000
36994.000,2.000,149315.000,1.000,6624.000,0.000,-2.000,0.000,0.000
37004.000,2.000,149317.000,1.000,6624.000,0.000,-2.000,0.000,0.000
37014.000,1.000,149318.000,1.000,6624.000,0.000,-2.000,0.000,0.000
37024.000,1.000,149319.000,1.000,6552.000,0.000,-2.000,0.000,0.000
37034.000,2.000,149321.000,1.000,6624.000,0.000,-2.000,0.000,0.000
37044.000,1.000,149322.000,1.000,6624.000,0.000,-2.000,0.000,0.000
37054.000,1.000,149323.000,1.000,6624.000,0.000,-2.000,0.000,0.000
37064.000,0.000,149323.000,1.000,6624.000,0.000,-2.000,0.000,0.000
37074.000,1.000,149324.000,1.000,6552.000,0.000,-2.000,0.000,0.000
37084.000,1.000,149325.000,1.000,6624.000,0.000,-2.000,0.000,0.000
37094.000,1.000,149326.000,1.000,6624.000,0.000,-2.000,0.000,0.000
37104.000,0.000,149326.000,1.000,6624.000,0.000,-2.000,0.000,0.000
37114.000,1.000,149327.000,1.000,6552.000,0.000,-2.000,0.000,0.000
37124.000,0.000,149327.000,1.000,6552.000,0.000,-2.000,0.000,0.000
37134.000,0.000,149327.000,1.000,6552.000,0.000,-2.000,0.000,0.000
37144.000,0.000,149327.000,1.000,6552.000,0.000,-2.000,0.000,0.000
37154.000,0.000,149327.000,1.000,6480.000,0.000,-2.000,0.000,0.000
37164.000,0.000,149327.000,1.000,6480.000,0.000,-2.000,0.000,0.000
37174.000,0.000,149327.000,1.000,6480.000,0.000,-2.000,0.000,0.000
37184.000,0.000,149327.000,1.000,6480.000,0.000,-2.000,0.000,0.000
37194.000,0.000,149327.000,1.000,6480.000,0.000,-2.000,0.000,0.000
37204.000,0.000,149327.000,1.000,6480.000,0.000,-2.000,0.000,0.000
37214.000,0.000,149327.000,1.000,6408.000,0.000,-2.000,0.000,0.000
37224.000,0.000,149327.000,1.000,6408.000,0.000,-2.000,0.000,0.000
37234.000,0.000,149327.000,1.000,6408.000,0.000,-2.000,0.000,0.000
37244.000,0.000,149327.000,1.000,6408.000,0.000,-2.000,0.000,0.000
37254.000,0.000,149327.000,1.000,6408.000,0.000,-2.000,0.000,0.000
37264.000,0.000,149327.000,1.000,6336.000,0.000,-2.000,0.000,0.000
37274.000,2.000,149329.000,1.000,6336.000,0.000,-2.000,0.000,0.000
37284.000,2.000,149331.000,1.000,6480.000,0.000,-2.000,0.000,0.000
37294.000,1.000,149332.000,1.000,6480.000,0.000,-2.000,0.000,0.000
37304.000,2.000,149334.000,1.000,6408.000,0.000,-2.000,0.000,0.000
37314.000,1.000,149335.000,1.000,6480.000,0.000,-2.000,0.000,0.000
37324.000,3.000,149338.000,1.000,6408.000,0.000,-2.000,0.000,0.000
37334.000,2.000,149340.000,1.000,6552.000,0.000,-2.000,0.000,0.000
37344.000,2.000,149342.000,1.000,6480.000,0.000,-2.000,0.000,0.000
37354.000,2.000,149344.000,1.000,6552.000,0.000,-2.000,0.000,0.000
37364.000,2.000,149346.000,1.000,6552.000,0.000,-2.000,0.000,0.000
37374.000,1.000,149347.000,1.000,6552.000,0.000,-2.000,0.000,0.000
37384.000,2.000,149349.000,1.000,6480.000,0.000,-2.000,0.000,0.000
37394.000,2.000,149351.000,1.000,6552.000,0.000,-2.000,0.000,0.000
37404.000,2.000,149353.000,1.000,6552.000,0.000,-2.000,0.000,0.000
37414.000,1.000,149354.000,1.000,6624.000,0.000,-2.000,0.000,0.000
37424.000,1.000,149355.000,1.000,6552.000,0.000,-2.000,0.000,0.000
37434.000,2.000,149357.000,1.000,6552.000,0.000,-2.000,0.000,0.000
37444.000,1.000,149358.000,1.000,6624.000,0.000,-2.000,0.000,0.000
37454.000,1.000,149359.000,1.000,6552.000,0.000,-2.000,0.000,0.000
37464.000,2.000,149361.000,1.000,6552.000,0.000,-2.000,0.000,0.000
37474.000,2.000,149363.000,1.000,6624.000,0.000,-2.000,0.000,0.000
37484.000,1.000,149364.000,1.000,6624.000,0.000,-2.000,0.000,0.000
37494.000,1.000,149365.000,1.000,6624.000,0.000,-2.000,0.000,0.000
37504.000,1.000,149366.000,1.000,6624.000,0.000,-2.000,0.000,0.000
37514.000,1.000,149367.000,1.000,6624.000,0.000,-2.000,0.000,0.000
37524.000,2.000,149369.000,1.000,6624.000,0.000,-2.000,0.000,0.000
37534.000,1.000,149370.000,1.000,6624.000,0.000,-2.000,0.000,0.000
37544.000,1.000,149371.000,1.000,6624.000,0.000,-2.000,0.000,0.000
37554.000,0.000,149371.000,1.000,6624.000,0.000,-2.000,0.000,0.000
37564.000,1.000,149372.000,1.000,6552.000,0.000,-2.000,0.000,0.000
37574.000,1.000,149373.000,1.000,6624.000,0.000,-2.000,0.000,0.000
37584.000,0.000,149373.000,1.000,6624.000,0.000,-2.000,0.000,0.000
37594.000,1.000,149374.000,1.000,6552.000,0.000,-2.000,0.000,0.000
37604.000,0.000,149374.000,1.000,6624.000,0.000,-2.000,0.000,0.000
37614.000,0.000,149374.000,1.000,6552.000,0.000,-2.000,0.000,0.000
37624.000,0.000,149374.000,1.000,6552.000,0.000,-2.000,0.000,0.000
37634.000,0.000,149374.000,1.000,6552.000,0.000,-2.000,0.000,0.000
37644.000,0.000,149374.000,1.000,6480.000,0.000,-2.000,0.000,0.000
37654.000,0.000,149374.000,1.000,6480.000,0.000,-2.000,0.000,0.000
37664.000,0.000,149374.000,1.000,6480.000,0.000,-2.000,0.000,0.000
37674.000,0.000,149374.000,1.000,6480.000,0.000,-2.000,0.000,0.000
37684.000,0.000,149374.000,1.000,6480.000,0.000,-2.000,0.000,0.000
37694.000,0.000,149374.000,1.000,6480.000,0.000,-2.000,0.000,0.000
37704.000,0.000,149374.000,1.000,6408.000,0.000,-2.000,0.000,0.000
37714.000,0.000,149374.000,1.000,6408.000,0.000,-2.000,0.000,0.000
37724.000,0.000,149374.000,1.000,6408.000,0.000,-2.000,0.000,0.000
37734.000,0.000,149374.000,1.000,6408.000,0.000,-2.000,0.000,0.000
37744.000,0.000,149374.000,1.000,6408.000,0.000,-2.000,0.000,0.000
37754.000,0.000,149374.000,1.000,6336.000,0.000,-2.000,0.000,0.000
37764.000,0.000,149374.000,1.000,6336.000,0.000,-2.000,0.000,0.000
37774.000,1.000,149375.000,1.000,6336.000,0.000,-2.000,0.000,0.000
37784.000,0.000,149375.000,1.000,6408.000,0.000,-2.000,0.000,0.000
37794.000,0.000,149375.000,1.000,6336.000,0.000,-2.000,0.000,0.000
37804.000,0.000,149375.000,1.000,6336.000,0.000,-2.000,0.000,0.000
37814.000,0.000,149375.000,1.000,6336.000,0.000,-2.000,0.000,0.000
37824.000,2.000,149377.000,1.000,6264.000,0.000,-2.000,0.000,0.000
37834.000,2.000,149379.000,1.000,6408.000,0.000,-2.000,0.000,0.000
37844.000,2.000,149381.000,1.000,6408.000,0.000,-2.000,0.000,0.000
37854.000,2.000,149383.000,1.000,6408.000,0.000,-2.000,0.000,0.000
37864.000,2.000,149385.000,1.000,6408.000,0.000,-2.000,0.000,0.000
37874.000,2.000,149387.000,1.000,6408.000,0.000,-2.000,0.000,0.000
37884.000,3.000,149390.000,1.000,6480.000,0.000,-2.000,0.000,0.000
37894.000,2.000,149392.000,1.000,6480.000,0.000,-2.000,0.000,0.000
37904.000,2.000,149394.000,1.000,6480.000,0.000,-2.000,0.000,0.000
37914.000,2.000,149396.000,1.000,6480.000,0.000,-2.000,0.000,0.000
37924.000,2.000,149398.000,1.000,6480.000,0.000,-2.000,0.000,0.000
37934.000,3.000,149401.000,1.000,6552.000,0.000,-2.000,0.000,0.000
37944.000,1.000,149402.000,1.000,6624.000,0.000,-2.000,0.000,0.000
37954.000,2.000,149404.000,1.000,6480.000,0.000,-2.000,0.000,0.000
37964.000,2.000,149406.000,1.000,6552.000,0.000,-2.000,0.000,0.000
37974.000,2.000,149408.000,1.000,6552.000,0.000,-2.000,0.000,0.000
37984.000,2.000,149410.000,1.000,6624.000,0.000,-2.000,0.000,0.000
37994.000,1.000,149411.000,1.000,6624.000,0.000,-2.000,0.000,0.000
38004.000,2.000,149413.000,1.000,6552.000,0.000,-2.000,0.000,0.000
38014.000,2.000,149415.000,1.000,6624.000,0.000,-2.000,0.000,0.000
38024.000,2.000,149417.000,1.000,6624.000,0.000,-2.000,0.000,0.000
38034.000,1.000,149418.000,1.000,6624.000,0.000,-2.000,0.000,0.000
38044.000,1.000,149419.000,1.000,6624.000,0.000,-2.000,0.000,0.000
38054.000,2.000,149421.000,1.000,6624.000,0.000,-2.000,0.000,0.000
38064.000,1.000,149422.000,1.000,6696.000,0.000,-2.000,0.000,0.000
38074.000,0.000,149422.000,1.000,6624.000,0.000,-2.000,0.000,0.000
38084.000,1.000,149423.000,1.000,6552.000,0.000,-2.000,0.000,0.000
38094.000,0.000,149423.000,1.000,6624.000,0.000,-2.000,0.000,0.000
38104.000,0.000,149423.000,1.000,6552.000,0.000,-2.000,0.000,0.000
38114.000,0.000,149423.000,1.000,6552.000,0.000,-2.000,0.000,0.000
38124.000,2.000,149425.000,1.000,6552.000,0.000,-2.000,0.000,0.000
38134.000,0.000,149425.000,1.000,6624.000,0.000,-2.000,0.000,0.000
38144.000,1.000,149426.000,1.000,6552.000,0.000,-2.000,0.000,0.000
38154.000,1.000,149427.000,1.000,6552.000,0.000,-2.000,0.000,0.000
38164.000,2.000,149429.000,1.000,6552.000,0.000,-2.000,0.000,0.000
38174.000,1.000,149430.000,1.000,6624.000,0.000,-2.000,0.000,0.000
38184.000,1.000,149431.000,1.000,6624.000,0.000,-2.000,0.000,0.000
38194.000,2.000,149433.000,1.000,6624.000,0.000,-2.000,0.000,0.000
38204.000,0.000,149433.000,1.000,6624.000,0.000,-2.000,0.000,0.000
38214.000,1.000,149434.000,1.000,6552.000,0.000,-2.000,0.000,0.000
38224.000,1.000,149435.000,1.000,6624.000,0.000,-2.000,0.000,0.000
38234.000,2.000,149437.000,1.000,6624.000,0.000,-2.000,0.000,0.000
38244.000,1.000,149438.000,1.000,6624.000,0.000,-2.000,0.000,0.000
38254.000,1.000,149439.000,1.000,6624.000,0.000,-2.000,0.000,0.000
38264.000,1.000,149440.000,1.000,6624.000,0.000,-2.000,0.000,0.000
38274.000,1.000,149441.000,1.000,6624.000,0.000,-2.000,0.000,0.000
38284.000,1.000,149442.000,1.000,6624.000,0.000,-2.000,0.000,0.000
38294.000,0.000,149442.000,1.000,6624.000,0.000,-2.000,0.000,0.000
38304.000,1.000,149443.000,1.000,6552.000,0.000,-2.000,0.000,0.000
38314.000,0.000,149443.000,1.000,6624.000,0.000,-2.000,0.000,0.000
38324.000,0.000,149443.000,1.000,6552.000,0.000,-2.000,0.000,0.000
38334.000,1.000,149444.000,1.000,6552.000,0.000,-2.000,0.000,0.000
38344.000,1.000,149445.000,1.000,6552.000,0.000,-2.000,0.000,0.000
38354.000,1.000,149446.000,1.000,6552.000,0.000,-2.000,0.000,0.000
38364.000,1.000,149447.000,1.000,6552.000,0.000,-2.000,0.000,0.000
38374.000,0.000,149447.000,1.000,6552.000,0.000,-2.000,0.000,0.000
38384.000,2.000,149449.000,1.000,6552.000,0.000,-2.000,0.000,0.000
38394.000,0.000,149449.000,1.000,6624.000,0.000,-2.000,0.000,0.000
38404.000,1.000,149450.000,1.000,6552.000,0.000,-2.000,0.000,0.000
38414.000,1.000,149451.000,1.000,6552.000,0.000,-2.000,0.000,0.000
38424.000,2.000,149453.000,1.000,6552.000,0.000,-2.000,0.000,0.000
38434.000,1.000,149454.000,1.000,6624.000,0.000,-2.000,0.000,0.000
38444.000,1.000,149455.000,1.000,6552.000,0.000,-2.000,0.000,0.000
38454.000,2.000,149457.000,1.000,6552.000,0.000,-2.000,0.000,0.000
38464.000,2.000,149459.000,1.000,6624.000,0.000,-2.000,0.000,0.000
38474.000,2.000,149461.000,1.000,6624.000,0.000,-2.000,0.000,0.000
38484.000,0.000,149461.000,1.000,6696.000,0.000,-2.000,0.000,0.000
38494.000,2.000,149463.000,1.000,6552.000,0.000,-2.000,0.000,0.000
38504.000,0.000,149463.000,1.000,6696.000,0.000,-2.000,0.000,0.000
38514.000,2.000,149465.000,1.000,6552.000,0.000,-2.000,0.000,0.000
38524.000,1.000,149466.000,1.000,6696.000,0.000,-2.000,0.000,0.000
38534.000,1.000,149467.000,1.000,6624.000,0.000,-2.000,0.000,0.000
38544.000,0.000,149467.000,1.000,6624.000,0.000,-2.000,0.000,0.000
38554.000,2.000,149469.000,1.000,6552.000,0.000,-2.000,0.000,0.000
38564.000,0.000,149469.000,1.000,6696.000,0.000,-2.000,0.000,0.000
38574.000,1.000,149470.000,1.000,6552.000,0.000,-2.000,0.000,0.000
38584.000,0.000,149470.000,1.000,6624.000,0.000,-2.000,0.000,0.000
38594.000,1.000,149471.000,1.000,6552.000,0.000,-2.000,0.000,0.000
38604.000,0.000,149471.000,1.000,6624.000,0.000,-2.000,0.000,0.000
38614.000,0.000,149471.000,1.000,6552.000,0.000,-2.000,0.000,0.000
38624.000,0.000,149471.000,1.000,6552.000,0.000,-2.000,0.000,0.000
38634.000,0.000,149471.000,1.000,6552.000,0.000,-2.000,0.000,0.000
38644.000,0.000,149471.000,1.000,6552.000,0.000,-2.000,0.000,0.000
38654.000,0.000,149471.000,1.000,6480.000,0.000,-2.000,0.000,0.000
38664.000,0.000,149471.000,1.000,6480.000,0.000,-2.000,0.000,0.000
38674.000,0.000,149471.000,1.000,6480.000,0.000,-2.000,0.000,0.000
38684.000,0.000,149471.000,1.000,6480.000,0.000,-2.000,0.000,0.000
38694.000,0.000,149471.000,1.000,6480.000,0.000,-2.000,0.000,0.000
38704.000,0.000,149471.000,1.000,6480.000,0.000,-2.000,0.000,0.000
38714.000,0.000,149471.000,1.000,6408.000,0.000,-2.000,0.000,0.000
38724.000,0.000,149471.000,1.000,6408.000,0.000,-2.000,0.000,0.000
38734.000,0.000,149471.000,1.000,6408.000,0.000,-2.000,0.000,0.000
38744.000,0.000,149471.000,1.000,6408.000,0.000,-2.000,0.000,0.000
38754.000,0.000,149471.000,1.000,6408.000,0.000,-2.000,0.000,0.000
38764.000,0.000,149471.000,1.000,6336.000,0.000,-2.000,0.000,0.000
38774.000,2.000,149473.000,1.000,6336.000,0.000,-2.000,0.000,0.000
38784.000,1.000,149474.000,1.000,6480.000,0.000,-2.000,0.000,0.000
38794.000,1.000,149475.000,1.000,6408.000,0.000,-2.000,0.000,0.000
38804.000,2.000,149477.000,1.000,6408.000,0.000,-2.000,0.000,0.000
38814.000,2.000,149479.000,1.000,6480.000,0.000,-2.000,0.000,0.000
38824.000,3.000,149482.000,1.000,6480.000,0.000,-2.000,0.000,0.000
38834.000,2.000,149484.000,16.000,5760.000,0.000,-2.000,0.000,0.000
38844.000,3.000,149487.000,16.000,5544.000,0.000,-2.000,0.000,0.000
38854.000,5.000,149492.000,16.000,5472.000,0.000,-2.000,0.000,0.000
38864.000,5.000,149497.000,16.000,5400.000,0.000,-2.000,0.000,0.000
38874.000,6.000,149503.000,16.000,5256.000,0.000,-2.000,0.000,0.000
38884.000,8.000,149511.000,16.000,5184.000,0.000,-2.000,0.000,0.000
38894.000,8.000,149519.000,16.000,5184.000,0.000,-2.000,0.000,0.000
38904.000,8.000,149527.000,16.000,5112.000,0.000,-2.000,0.000,0.000
38914.000,7.000,149534.000,16.000,4968.000,0.000,-2.000,0.000,0.000
38924.000,9.000,149543.000,16.000,4824.000,0.000,-2.000,0.000,0.000
38934.000,12.000,149555.000,16.000,4824.000,0.000,-2.000,0.000,0.000
38944.000,12.000,149567.000,16.000,4896.000,0.000,-2.000,0.000,0.000
38954.000,9.000,149576.000,16.000,4824.000,0.000,-2.000,0.000,0.000
38964.000,13.000,149589.000,16.000,4680.000,0.000,-2.000,0.000,0.000
38974.000,14.000,149603.000,16.000,4752.000,0.000,-2.000,0.000,0.000
38984.000,10.000,149613.000,16.000,4824.000,0.000,-2.000,0.000,0.000
38994.000,15.000,149628.000,16.000,4536.000,0.000,-2.000,0.000,0.000
39004.000,15.000,149643.000,16.000,4752.000,0.000,-2.000,0.000,0.000
39014.000,16.000,149659.000,16.000,4752.000,0.000,-2.000,0.000,0.000
39024.000,12.000,149671.000,16.000,4752.000,0.000,-2.000,0.000,0.000
39034.000,16.000,149687.000,16.000,4608.000,0.000,-2.000,0.000,0.000
39044.000,16.000,149703.000,16.000,4752.000,0.000,-2.000,0.000,0.000
39054.000,12.000,149715.000,16.000,4752.000,0.000,-2.000,0.000,0.000
39064.000,17.000,149732.000,16.000,4536.000,0.000,-2.000,0.000,0.000
39074.000,13.000,149745.000,16.000,4752.000,0.000,-2.000,0.000,0.000
39084.000,17.000,149762.000,16.000,4608.000,0.000,-2.000,0.000,0.000
39094.000,17.000,149779.000,16.000,4752.000,0.000,-2.000,0.000,0.000
39104.000,14.000,149793.000,16.000,4752.000,0.000,-2.000,0.000,0.000
39114.000,17.000,149810.000,16.000,4608.000,0.000,-2.000,0.000,0.000
39124.000,17.000,149827.000,16.000,4752.000,0.000,-2.000,0.000,0.000
39134.000,18.000,149845.000,16.000,4824.000,0.000,-2.000,0.000,0.000
39144.000,17.000,149862.000,16.000,4896.000,0.000,-2.000,0.000,0.000
39154.000,17.000,149879.000,16.000,4824.000,0.000,-2.000,0.000,0.000
39164.000,13.000,149892.000,16.000,4896.000,0.000,-2.000,0.000,0.000
39174.000,17.000,149909.000,16.000,4680.000,0.000,-2.000,0.000,0.000
39184.000,17.000,149926.000,16.000,4896.000,0.000,-2.000,0.000,0.000
39194.000,17.000,149943.000,16.000,4896.000,0.000,-2.000,0.000,0.000
39204.000,17.000,149960.000,16.000,4896.000,0.000,-2.000,0.000,0.000
39214.000,13.000,149973.000,16.000,4896.000,0.000,-2.000,0.000,0.000
39224.000,17.000,149990.000,16.000,4752.000,0.000,-2.000,0.000,0.000
39234.000,17.000,150007.000,16.000,4896.000,0.000,-2.000,0.000,0.000
39244.000,16.000,150023.000,16.000,4968.000,0.000,-2.000,0.000,0.000
39254.000,18.000,150041.000,16.000,4896.000,0.000,-2.000,0.000,0.000
39264.000,16.000,150057.000,16.000,5040.000,0.000,-2.000,0.000,0.000
39274.000,12.000,150069.000,16.000,4968.000,0.000,-2.000,0.000,0.000
39284.000,17.000,150086.000,16.000,4752.000,0.000,-2.000,0.000,0.000
39294.000,16.000,150102.000,16.000,4968.000,0.000,-2.000,0.000,0.000
39304.000,12.000,150114.000,16.000,4968.000,0.000,-2.000,0.000,0.000
39314.000,17.000,150131.000,16.000,4752.000,0.000,-2.000,0.000,0.000
39324.000,16.000,150147.000,16.000,4968.000,0.000,-2.000,0.000,0.000
39334.000,12.000,150159.000,16.000,4896.000,0.000,-2.000,0.000,0.000
39344.000,18.000,150177.000,16.000,4752.000,0.000,-2.000,0.000,0.000
39354.000,16.000,150193.000,16.000,5040.000,0.000,-2.000,0.000,0.000
39364.000,12.000,150205.000,16.000,4896.000,0.000,-2.000,0.000,0.000
39374.000,16.000,150221.000,16.000,4752.000,0.000,-2.000,0.000,0.000
39384.000,17.000,150238.000,16.000,4896.000,0.000,-2.000,0.000,0.000
39394.000,16.000,150254.000,16.000,4968.000,0.000,-2.000,0.000,0.000
39404.000,17.000,150271.000,16.000,4896.000,0.000,-2.000,0.000,0.000
39414.000,16.000,150287.000,16.000,4968.000,0.000,-2.000,0.000,0.000
39424.000,17.000,150304.000,16.000,4968.000,0.000,-2.000,0.000,0.000
39434.000,17.000,150321.000,16.000,5040.000,0.000,-2.000,0.000,0.000
39444.000,15.000,150336.000,16.000,5040.000,0.000,-2.000,0.000,0.000
39454.000,13.000,150349.000,16.000,4968.000,0.000,-2.000,0.000,0.000
39464.000,16.000,150365.000,16.000,4824.000,0.000,-2.000,0.000,0.000
39474.000,16.000,150381.000,16.000,4968.000,0.000,-2.000,0.000,0.000
39484.000,16.000,150397.000,16.000,4968.000,0.000,-2.000,0.000,0.000
39494.000,16.000,150413.000,16.000,4968.000,0.000,-2.000,0.000,0.000
39504.000,16.000,150429.000,16.000,4968.000,0.000,-2.000,0.000,0.000
39514.000,12.000,150441.000,16.000,4968.000,0.000,-2.000,0.000,0.000
39524.000,16.000,150457.000,16.000,4824.000,0.000,-2.000,0.000,0.000
39534.000,16.000,150473.000,16.000,4968.000,0.000,-2.000,0.000,0.000
39544.000,17.000,150490.000,16.000,4968.000,0.000,-2.000,0.000,0.000
39554.000,16.000,150506.000,16.000,5040.000,0.000,-2.000,0.000,0.000
39564.000,15.000,150521.000,16.000,5040.000,0.000,-2.000,0.000,0.000
39574.000,13.000,150534.000,16.000,4968.000,0.000,-2.000,0.000,0.000
39584.000,15.000,150549.000,16.000,4824.000,0.000,-2.000,0.000,0.000
39594.000,16.000,150565.000,16.000,4896.000,0.000,-2.000,0.000,0.000
39604.000,13.000,150578.000,16.000,4968.000,0.000,-2.000,0.000,0.000
39614.000,16.000,150594.000,16.000,4824.000,0.000,-2.000,0.000,0.000
39624.000,16.000,150610.000,16.000,4968.000,0.000,-2.000,0.000,0.000
39634.000,12.000,150622.000,16.000,4968.000,0.000,-2.000,0.000,0.000
39644.000,17.000,150639.000,16.000,4752.000,0.000,-2.000,0.000,0.000
39654.000,16.000,150655.000,16.000,4968.000,0.000,-2.000,0.000,0.000
39664.000,12.000,150667.000,16.000,4968.000,0.000,-2.000,0.000,0.000
39674.000,16.000,150683.000,16.000,4752.000,0.000,-2.000,0.000,0.000
39684.000,14.000,150697.000,16.000,4896.000,0.000,-2.000,0.000,0.000
39694.000,16.000,150713.000,16.000,4824.000,0.000,-2.000,0.000,0.000
39704.000,16.000,150729.000,16.000,4896.000,0.000,-2.000,0.000,0.000
39714.000,13.000,150742.000,16.000,4896.000,0.000,-2.000,0.000,0.000
39724.000,17.000,150759.000,16.000,4752.000,0.000,-2.000,0.000,0.000
39734.000,16.000,150775.000,16.000,4968.000,0.000,-2.000,0.000,0.000
39744.000,12.000,150787.000,16.000,4896.000,0.000,-2.000,0.000,0.000
39754.000,18.000,150805.000,16.000,4680.000,0.000,-2.000,0.000,0.000
39764.000,16.000,150821.000,16.000,4968.000,0.000,-2.000,0.000,0.000
39774.000,17.000,150838.000,16.000,4896.000,0.000,-2.000,0.000,0.000
39784.000,17.000,150855.000,16.000,4968.000,0.000,-2.000,0.000,0.000
39794.000,16.000,150871.000,16.000,4968.000,0.000,-2.000,0.000,0.000
39804.000,13.000,150884.000,16.000,4968.000,0.000,-2.000,0.000,0.000
39814.000,17.000,150901.000,16.000,4824.000,0.000,-2.000,0.000,0.000
39824.000,16.000,150917.000,16.000,4968.000,0.000,-2.000,0.000,0.000
39834.000,17.000,150934.000,16.000,4968.000,0.000,-2.000,0.000,0.000
39844.000,16.000,150950.000,16.000,5040.000,0.000,-2.000,0.000,0.000
39854.000,17.000,150967.000,16.000,4968.000,0.000,-2.000,0.000,0.000
39864.000,16.000,150983.000,16.000,5040.000,0.000,-2.000,0.000,0.000
39874.000,16.000,150999.000,16.000,5040.000,0.000,-2.000,0.000,0.000
39884.000,16.000,151015.000,16.000,5040.000,0.000,-2.000,0.000,0.000
39894.000,12.000,151027.000,16.000,5040.000,0.000,-2.000,0.000,0.000
39904.000,16.000,151043.000,16.000,4824.000,0.000,-2.000,0.000,0.000
39914.000,16.000,151059.000,16.000,4968.000,0.000,-2.000,0.000,0.000
39924.000,16.000,151075.000,16.000,5040.000,0.000,-2.000,0.000,0.000
39934.000,16.000,151091.000,16.000,5040.000,0.000,-2.000,0.000,0.000
39944.000,16.000,151107.000,16.000,5040.000,0.000,-2.000,0.000,0.000
39954.000,15.000,151122.000,16.000,5040.000,0.000,-2.000,0.000,0.000
39964.000,16.000,151138.000,16.000,4968.000,0.000,-2.000,0.000,0.000
39974.000,16.000,151154.000,16.000,5040.000,0.000,-2.000,0.000,0.000
39984.000,11.000,151165.000,16.000,5040.000,0.000,-2.000,0.000,0.000
39994.000,16.000,151181.000,16.000,4752.000,0.000,-2.000,0.000,0.000
40004.000,16.000,151197.000,16.000,4968.000,0.000,-2.000,0.000,0.000
40014.000,16.000,151213.000,16.000,5040.000,0.000,-2.000,0.000,0.000
40024.000,16.000,151229.000,16.000,5040.000,0.000,-2.000,0.000,0.000
40034.000,14.000,151243.000,16.000,5040.000,0.000,-2.000,0.000,0.000
40044.000,16.000,151259.000,16.000,4896.000,0.000,-2.000,0.000,0.000
40054.000,16.000,151275.000,16.000,5040.000,0.000,-2.000,0.000,0.000
40064.000,16.000,151291.000,16.000,5040.000,0.000,-2.000,0.000,0.000
40074.000,11.000,151302.000,16.000,5040.000,0.000,-2.000,0.000,0.000
40084.000,16.000,151318.000,16.000,4752.000,0.000,-2.000,0.000,0.000
40094.000,15.000,151333.000,16.000,4968.000,0.000,-2.000,0.000,0.000
40104.000,12.000,151345.000,16.000,4968.000,0.000,-2.000,0.000,0.000
40114.000,16.000,151361.000,16.000,4752.000,0.000,-2.000,0.000,0.000
40124.000,16.000,151377.000,16.000,4968.000,0.000,-2.000,0.000,0.000
40134.000,12.000,151389.000,16.000,4968.000,0.000,-2.000,0.000,0.000
40144.000,16.000,151405.000,16.000,4752.000,0.000,-2.000,0.000,0.000
40154.000,15.000,151420.000,16.000,4896.000,0.000,-2.000,0.000,0.000
40164.000,17.000,151437.000,16.000,4896.000,0.000,-2.000,0.000,0.000
40174.000,16.000,151453.000,16.000,4968.000,0.000,-2.000,0.000,0.000
40184.000,16.000,151469.000,16.000,4968.000,0.000,-2.000,0.000,0.000
40194.000,12.000,151481.000,16.000,4968.000,0.000,-2.000,0.000,0.000
40204.000,16.000,151497.000,16.000,4752.000,0.000,-2.000,0.000,0.000
40214.000,16.000,151513.000,16.000,4896.000,0.000,-2.000,0.000,0.000
40224.000,16.000,151529.000,16.000,4896.000,0.000,-2.000,0.000,0.000
40234.000,16.000,151545.000,16.000,4896.000,0.000,-2.000,0.000,0.000
40244.000,16.000,151561.000,16.000,4968.000,0.000,-2.000,0.000,0.000
40254.000,12.000,151573.000,16.000,4968.000,0.000,-2.000,0.000,0.000
40264.000,16.000,151589.000,16.000,4752.000,0.000,-2.000,0.000,0.000
40274.000,16.000,151605.000,16.000,4896.000,0.000,-2.000,0.000,0.000
40284.000,17.000,151622.000,16.000,4896.000,0.000,-2.000,0.000,0.000
40294.000,16.000,151638.000,16.000,4968.000,0.000,-2.000,0.000,0.000
40304.000,16.000,151654.000,16.000,4968.000,0.000,-2.000,0.000,0.000
40314.000,12.000,151666.000,16.000,4968.000,0.000,-2.000,0.000,0.000
40324.000,16.000,151682.000,16.000,4752.000,0.000,-2.000,0.000,0.000
40334.000,17.000,151699.000,16.000,4896.000,0.000,-2.000,0.000,0.000
40344.000,12.000,151711.000,16.000,4968.000,0.000,-2.000,0.000,0.000
40354.000,16.000,151727.000,16.000,4752.000,0.000,-2.000,0.000,0.000
40364.000,16.000,151743.000,16.000,4896.000,0.000,-2.000,0.000,0.000
40374.000,14.000,151757.000,16.000,4896.000,0.000,-2.000,0.000,0.000
40384.000,16.000,151773.000,16.000,4824.000,0.000,-2.000,0.000,0.000
40394.000,16.000,151789.000,16.000,4896.000,0.000,-2.000,0.000,0.000
40404.000,13.000,151802.000,16.000,4896.000,0.000,-2.000,0.000,0.000
40414.000,17.000,151819.000,16.000,4752.000,0.000,-2.000,0.000,0.000
40424.000,16.000,151835.000,16.000,4968.000,0.000,-2.000,0.000,0.000
40434.000,13.000,151848.000,16.000,4896.000,0.000,-2.000,0.000,0.000
40444.000,17.000,151865.000,16.000,4752.000,0.000,-2.000,0.000,0.000
40454.000,16.000,151881.000,16.000,4968.000,0.000,-2.000,0.000,0.000
40464.000,13.000,151894.000,16.000,4896.000,0.000,-2.000,0.000,0.000
40474.000,16.000,151910.000,16.000,4752.000,0.000,-2.000,0.000,0.000
40484.000,17.000,151927.000,16.000,4896.000,0.000,-2.000,0.000,0.000
40494.000,16.000,151943.000,16.000,4968.000,0.000,-2.000,0.000,0.000
40504.000,17.000,151960.000,16.000,4896.000,0.000,-2.000,0.000,0.000
40514.000,17.000,151977.000,16.000,4968.000,0.000,-2.000,0.000,0.000
40524.000,16.000,151993.000,16.000,4968.000,0.000,-2.000,0.000,0.000
40534.000,16.000,152009.000,16.000,4968.000,0.000,-2.000,0.000,0.000
40544.000,16.000,152025.000,16.000,4968.000,0.000,-2.000,0.000,0.000
40554.000,17.000,152042.000,16.000,4968.000,0.000,-2.000,0.000,0.000
40564.000,16.000,152058.000,16.000,5040.000,0.000,-2.000,0.000,0.000
40574.000,16.000,152074.000,16.000,5040.000,0.000,-2.000,0.000,0.000
40584.000,16.000,152090.000,16.000,5040.000,0.000,-2.000,0.000,0.000
40594.000,16.000,152106.000,16.000,5040.000,0.000,-2.000,0.000,0.000
40604.000,15.000,152121.000,16.000,5040.000,0.000,-2.000,0.000,0.000
40614.000,16.000,152137.000,16.000,4968.000,0.000,-2.000,0.000,0.000
40624.000,16.000,152153.000,16.000,5040.000,0.000,-2.000,0.000,0.000
40634.000,12.000,152165.000,16.000,5040.000,0.000,-2.000,0.000,0.000
40644.000,15.000,152180.000,16.000,4824.000,0.000,-2.000,0.000,0.000
40654.000,15.000,152195.000,16.000,4968.000,0.000,-2.000,0.000,0.000
40664.000,16.000,152211.000,16.000,4968.000,0.000,-2.000,0.000,0.000
40674.000,12.000,152223.000,16.000,5040.000,0.000,-2.000,0.000,0.000
40684.000,15.000,152238.000,16.000,4824.000,0.000,-2.000,0.000,0.000
40694.000,16.000,152254.000,16.000,4896.000,0.000,-2.000,0.000,0.000
40704.000,16.000,152270.000,16.000,4968.000,0.000,-2.000,0.000,0.000
40714.000,15.000,152285.000,16.000,4968.000,0.000,-2.000,0.000,0.000
40724.000,16.000,152301.000,16.000,4896.000,0.000,-2.000,0.000,0.000
40734.000,12.000,152313.000,16.000,4968.000,0.000,-2.000,0.000,0.000
40744.000,16.000,152329.000,16.000,4752.000,0.000,-2.000,0.000,0.000
40754.000,16.000,152345.000,16.000,4968.000,0.000,-2.000,0.000,0.000
40764.000,12.000,152357.000,16.000,4968.000,0.000,-2.000,0.000,0.000
40774.000,16.000,152373.000,16.000,4752.000,0.000,-2.000,0.000,0.000
40784.000,15.000,152388.000,16.000,4896.000,0.000,-2.000,0.000,0.000
40794.000,16.000,152404.000,16.000,4896.000,0.000,-2.000,0.000,0.000
40804.000,17.000,152421.000,16.000,4896.000,0.000,-2.000,0.000,0.000
40814.000,15.000,152436.000,16.000,4968.000,0.000,-2.000,0.000,0.000
40824.000,12.000,152448.000,16.000,4896.000,0.000,-2.000,0.000,0.000
40834.000,17.000,152465.000,16.000,4752.000,0.000,-2.000,0.000,0.000
40844.000,16.000,152481.000,16.000,4968.000,0.000,-2.000,0.000,0.000
40854.000,12.000,152493.000,16.000,4896.000,0.000,-2.000,0.000,0.000
40864.000,16.000,152509.000,16.000,4752.000,0.000,-2.000,0.000,0.000
40874.000,16.000,152525.000,16.000,4896.000,0.000,-2.000,0.000,0.000
40884.000,13.000,152538.000,16.000,4896.000,0.000,-2.000,0.000,0.000
40894.000,16.000,152554.000,16.000,4752.000,0.000,-2.000,0.000,0.000
40904.000,17.000,152571.000,16.000,4896.000,0.000,-2.000,0.000,0.000
40914.000,12.000,152583.000,16.000,4968.000,0.000,-2.000,0.000,0.000
40924.000,16.000,152599.000,16.000,4680.000,0.000,-2.000,0.000,0.000
40934.000,14.000,152613.000,16.000,4896.000,0.000,-2.000,0.000,0.000
40944.000,16.000,152629.000,16.000,4752.000,0.000,-2.000,0.000,0.000
40954.000,17.000,152646.000,16.000,4824.000,0.000,-2.000,0.000,0.000
40964.000,13.000,152659.000,16.000,4896.000,0.000,-2.000,0.000,0.000
40974.000,16.000,152675.000,16.000,4752.000,0.000,-2.000,0.000,0.000
40984.000,18.000,152693.000,16.000,4824.000,0.000,-2.000,0.000,0.000
40994.000,17.000,152710.000,16.000,4968.000,0.000,-2.000,0.000,0.000
41004.000,16.000,152726.000,16.000,4968.000,0.000,-2.000,0.000,0.000
41014.000,17.000,152743.000,16.000,4896.000,0.000,-2.000,0.000,0.000
41024.000,16.000,152759.000,16.000,4968.000,0.000,-2.000,0.000,0.000
41034.000,17.000,152776.000,16.000,4968.000,0.000,-2.000,0.000,0.000
41044.000,17.000,152793.000,16.000,4968.000,0.000,-2.000,0.000,0.000
41054.000,16.000,152809.000,16.000,5040.000,0.000,-2.000,0.000,0.000
41064.000,16.000,152825.000,16.000,4968.000,0.000,-2.000,0.000,0.000
41074.000,16.000,152841.000,16.000,4968.000,0.000,-2.000,0.000,0.000
41084.000,12.000,152853.000,16.000,5040.000,0.000,-2.000,0.000,0.000
41094.000,16.000,152869.000,16.000,4824.000,0.000,-2.000,0.000,0.000
41104.000,17.000,152886.000,16.000,4968.000,0.000,-2.000,0.000,0.000
41114.000,12.000,152898.000,16.000,5040.000,0.000,-2.000,0.000,0.000
41124.000,16.000,152914.000,16.000,4824.000,0.000,-2.000,0.000,0.000
41134.000,16.000,152930.000,16.000,4968.000,0.000,-2.000,0.000,0.000
41144.000,16.000,152946.000,16.000,4968.000,0.000,-2.000,0.000,0.000
41154.000,16.000,152962.000,16.000,4968.000,0.000,-2.000,0.000,0.000
41164.000,16.000,152978.000,16.000,4968.000,0.000,-2.000,0.000,0.000
41174.000,16.000,152994.000,16.000,4968.000,0.000,-2.000,0.000,0.000
41184.000,16.000,153010.000,16.000,4968.000,0.000,-2.000,0.000,0.000
41194.000,16.000,153026.000,16.000,5040.000,0.000,-2.000,0.000,0.000
41204.000,16.000,153042.000,16.000,5040.000,0.000,-2.000,0.000,0.000
41214.000,15.000,153057.000,16.000,5040.000,0.000,-2.000,0.000,0.000
41224.000,16.000,153073.000,16.000,4968.000,0.000,-2.000,0.000,0.000
41234.000,16.000,153089.000,16.000,5040.000,0.000,-2.000,0.000,0.000
41244.000,14.000,153103.000,16.000,5040.000,0.000,-2.000,0.000,0.000
41254.000,16.000,153119.000,16.000,4968.000,0.000,-2.000,0.000,0.000
41264.000,16.000,153135.000,16.000,5040.000,0.000,-2.000,0.000,0.000
41274.000,15.000,153150.000,16.000,5040.000,0.000,-2.000,0.000,0.000
41284.000,16.000,153166.000,16.000,4968.000,0.000,-2.000,0.000,0.000
41294.000,15.000,153181.000,16.000,5040.000,0.000,-2.000,0.000,0.000
41304.000,16.000,153197.000,16.000,4968.000,0.000,-2.000,0.000,0.000
41314.000,15.000,153212.000,16.000,5040.000,0.000,-2.000,0.000,0.000
41324.000,11.000,153223.000,16.000,4968.000,0.000,-2.000,0.000,0.000
41334.000,16.000,153239.000,16.000,4752.000,0.000,-2.000,0.000,0.000
41344.000,16.000,153255.000,16.000,4968.000,0.000,-2.000,0.000,0.000
41354.000,15.000,153270.000,16.000,5040.000,0.000,-2.000,0.000,0.000
41364.000,16.000,153286.000,16.000,4968.000,0.000,-2.000,0.000,0.000
41374.000,16.000,153302.000,16.000,5040.000,0.000,-2.000,0.000,0.000
41384.000,11.000,153313.000,16.000,5040.000,0.000,-2.000,0.000,0.000
41394.000,16.000,153329.000,16.000,4752.000,0.000,-2.000,0.000,0.000
41404.000,16.000,153345.000,16.000,4968.000,0.000,-2.000,0.000,0.000
41414.000,16.000,153361.000,16.000,4968.000,0.000,-2.000,0.000,0.000
41424.000,16.000,153377.000,16.000,4968.000,0.000,-2.000,0.000,0.000
41434.000,16.000,153393.000,16.000,4968.000,0.000,-2.000,0.000,0.000
41444.000,14.000,153407.000,16.000,4968.000,0.000,-2.000,0.000,0.000
41454.000,14.000,153421.000,16.000,4896.000,0.000,-2.000,0.000,0.000
41464.000,15.000,153436.000,16.000,4896.000,0.000,-2.000,0.000,0.000
41474.000,15.000,153451.000,16.000,4896.000,0.000,-2.000,0.000,0.000
41484.000,14.000,153465.000,16.000,4896.000,0.000,-2.000,0.000,0.000
41494.000,16.000,153481.000,16.000,4824.000,0.000,-2.000,0.000,0.000
41504.000,12.000,153493.000,16.000,4968.000,0.000,-2.000,0.000,0.000
41514.000,16.000,153509.000,16.000,4752.000,0.000,-2.000,0.000,0.000
41524.000,16.000,153525.000,16.000,4896.000,0.000,-2.000,0.000,0.000
41534.000,17.000,153542.000,16.000,4896.000,0.000,-2.000,0.000,0.000
41544.000,16.000,153558.000,16.000,4968.000,0.000,-2.000,0.000,0.000
41554.000,16.000,153574.000,16.000,4968.000,0.000,-2.000,0.000,0.000
41564.000,16.000,153590.000,16.000,4968.000,0.000,-2.000,0.000,0.000
41574.000,17.000,153607.000,16.000,4968.000,0.000,-2.000,0.000,0.000
41584.000,16.000,153623.000,16.000,5040.000,0.000,-2.000,0.000,0.000
41594.000,15.000,153638.000,16.000,4968.000,0.000,-2.000,0.000,0.000
41604.000,16.000,153654.000,16.000,4968.000,0.000,-2.000,0.000,0.000
41614.000,16.000,153670.000,16.000,4968.000,0.000,-2.000,0.000,0.000
41624.000,12.000,153682.000,16.000,4968.000,0.000,-2.000,0.000,0.000
41634.000,16.000,153698.000,16.000,4824.000,0.000,-2.000,0.000,0.000
41644.000,16.000,153714.000,16.000,4968.000,0.000,-2.000,0.000,0.000
41654.000,12.000,153726.000,16.000,4968.000,0.000,-2.000,0.000,0.000
41664.000,16.000,153742.000,16.000,4752.000,0.000,-2.000,0.000,0.000
41674.000,16.000,153758.000,16.000,4968.000,0.000,-2.000,0.000,0.000
41684.000,12.000,153770.000,16.000,4968.000,0.000,-2.000,0.000,0.000
41694.000,16.000,153786.000,16.000,4752.000,0.000,-2.000,0.000,0.000
41704.000,16.000,153802.000,16.000,4896.000,0.000,-2.000,0.000,0.000
41714.000,12.000,153814.000,16.000,4896.000,0.000,-2.000,0.000,0.000
41724.000,17.000,153831.000,16.000,4752.000,0.000,-2.000,0.000,0.000
41734.000,16.000,153847.000,16.000,4968.000,0.000,-2.000,0.000,0.000
41744.000,12.000,153859.000,16.000,4896.000,0.000,-2.000,0.000,0.000
41754.000,16.000,153875.000,16.000,4680.000,0.000,-2.000,0.000,0.000
41764.000,17.000,153892.000,16.000,4896.000,0.000,-2.000,0.000,0.000
41774.000,17.000,153909.000,16.000,4968.000,0.000,-2.000,0.000,0.000
41784.000,16.000,153925.000,16.000,4968.000,0.000,-2.000,0.000,0.000
41794.000,16.000,153941.000,16.000,4896.000,0.000,-2.000,0.000,0.000
41804.000,16.000,153957.000,16.000,4896.000,0.000,-2.000,0.000,0.000
41814.000,16.000,153973.000,16.000,4968.000,0.000,-2.000,0.000,0.000
41824.000,16.000,153989.000,16.000,4968.000,0.000,-2.000,0.000,0.000
41834.000,16.000,154005.000,16.000,4968.000,0.000,-2.000,0.000,0.000
41844.000,16.000,154021.000,16.000,4968.000,0.000,-2.000,0.000,0.000
41854.000,16.000,154037.000,16.000,4968.000,0.000,-2.000,0.000,0.000
41864.000,12.000,154049.000,16.000,4968.000,0.000,-2.000,0.000,0.000
41874.000,16.000,154065.000,16.000,4752.000,0.000,-2.000,0.000,0.000
41884.000,16.000,154081.000,16.000,4968.000,0.000,-2.000,0.000,0.000
41894.000,16.000,154097.000,16.000,4968.000,0.000,-2.000,0.000,0.000
41904.000,16.000,154113.000,16.000,4968.000,0.000,-2.000,0.000,0.000
41914.000,15.000,154128.000,16.000,4968.000,0.000,-2.000,0.000,0.000
41924.000,15.000,154143.000,16.000,4896.000,0.000,-2.000,0.000,0.000
41934.000,16.000,154159.000,16.000,4896.000,0.000,-2.000,0.000,0.000
41944.000,16.000,154175.000,16.000,4968.000,0.000,-2.000,0.000,0.000
41954.000,12.000,154187.000,16.000,4968.000,0.000,-2.000,0.000,0.000
41964.000,16.000,154203.000,16.000,4752.000,0.000,-2.000,0.000,0.000
41974.000,16.000,154219.000,16.000,4968.000,0.000,-2.000,0.000,0.000
41984.000,16.000,154235.000,16.000,4968.000,0.000,-2.000,0.000,0.000
41994.000,16.000,154251.000,16.000,4968.000,0.000,-2.000,0.000,0.000
42004.000,16.000,154267.000,16.000,4968.000,0.000,-2.000,0.000,0.000
42014.000,16.000,154283.000,16.000,4968.000,0.000,-2.000,0.000,0.000
42024.000,16.000,154299.000,16.000,4968.000,0.000,-2.000,0.000,0.000
42034.000,16.000,154315.000,16.000,4968.000,0.000,-2.000,0.000,0.000
42044.000,16.000,154331.000,16.000,4968.000,0.000,-2.000,0.000,0.000
42054.000,16.000,154347.000,16.000,5040.000,0.000,-2.000,0.000,0.000
42064.000,16.000,154363.000,16.000,5040.000,0.000,-2.000,0.000,0.000
42074.000,15.000,154378.000,16.000,5040.000,0.000,-2.000,0.000,0.000
42084.000,16.000,154394.000,16.000,4968.000,0.000,-2.000,0.000,0.000
42094.000,15.000,154409.000,16.000,5040.000,0.000,-2.000,0.000,0.000
42104.000,12.000,154421.000,16.000,4968.000,0.000,-2.000,0.000,0.000
42114.000,16.000,154437.000,16.000,4824.000,0.000,-2.000,0.000,0.000
42124.000,15.000,154452.000,16.000,4968.000,0.000,-2.000,0.000,0.000
42134.000,15.000,154467.000,16.000,4968.000,0.000,-2.000,0.000,0.000
42144.000,16.000,154483.000,16.000,4968.000,0.000,-2.000,0.000,0.000
42154.000,16.000,154499.000,16.000,4968.000,0.000,-2.000,0.000,0.000
42164.000,16.000,154515.000,16.000,4968.000,0.000,-2.000,0.000,0.000
42174.000,15.000,154530.000,16.000,5040.000,0.000,-2.000,0.000,0.000
42184.000,16.000,154546.000,16.000,4968.000,0.000,-2.000,0.000,0.000
42194.000,15.000,154561.000,16.000,5040.000,0.000,-2.000,0.000,0.000
42204.000,12.000,154573.000,16.000,4968.000,0.000,-2.000,0.000,0.000
42214.000,16.000,154589.000,16.000,4824.000,0.000,-2.000,0.000,0.000
42224.000,15.000,154604.000,16.000,4968.000,0.000,-2.000,0.000,0.000
42234.000,12.000,154616.000,16.000,4896.000,0.000,-2.000,0.000,0.000
42244.000,16.000,154632.000,16.000,4752.000,0.000,-2.000,0.000,0.000
42254.000,15.000,154647.000,16.000,4968.000,0.000,-2.000,0.000,0.000
42264.000,17.000,154664.000,16.000,4896.000,0.000,-2.000,0.000,0.000
42274.000,15.000,154679.000,16.000,4968.000,0.000,-2.000,0.000,0.000
42284.000,16.000,154695.000,16.000,4896.000,0.000,-2.000,0.000,0.000
42294.000,12.000,154707.000,16.000,4968.000,0.000,-2.000,0.000,0.000
42304.000,16.000,154723.000,16.000,4752.000,0.000,-2.000,0.000,0.000
42314.000,16.000,154739.000,16.000,4896.000,0.000,-2.000,0.000,0.000
42324.000,13.000,154752.000,16.000,4896.000,0.000,-2.000,0.000,0.000
42334.000,16.000,154768.000,16.000,4752.000,0.000,-2.000,0.000,0.000
42344.000,16.000,154784.000,16.000,4896.000,0.000,-2.000,0.000,0.000
42354.000,13.000,154797.000,16.000,4896.000,0.000,-2.000,0.000,0.000
42364.000,16.000,154813.000,16.000,4752.000,0.000,-2.000,0.000,0.000
42374.000,16.000,154829.000,16.000,4896.000,0.000,-2.000,0.000,0.000
42384.000,16.000,154845.000,16.000,4896.000,0.000,-2.000,0.000,0.000
42394.000,17.000,154862.000,16.000,4896.000,0.000,-2.000,0.000,0.000
42404.000,16.000,154878.000,16.000,4968.000,0.000,-2.000,0.000,0.000
42414.000,12.000,154890.000,16.000,4896.000,0.000,-2.000,0.000,0.000
42424.000,16.000,154906.000,16.000,4752.000,0.000,-2.000,0.000,0.000
42434.000,17.000,154923.000,16.000,4896.000,0.000,-2.000,0.000,0.000
42444.000,12.000,154935.000,16.000,4968.000,0.000,-2.000,0.000,0.000
42454.000,16.000,154951.000,16.000,4680.000,0.000,-2.000,0.000,0.000
42464.000,18.000,154969.000,16.000,4896.000,0.000,-2.000,0.000,0.000
42474.000,16.000,154985.000,16.000,4968.000,0.000,-2.000,0.000,0.000
42484.000,16.000,155001.000,16.000,4896.000,0.000,-2.000,0.000,0.000
42494.000,13.000,155014.000,16.000,4896.000,0.000,-2.000,0.000,0.000
42504.000,16.000,155030.000,16.000,4752.000,0.000,-2.000,0.000,0.000
42514.000,17.000,155047.000,16.000,4896.000,0.000,-2.000,0.000,0.000
42524.000,12.000,155059.000,16.000,4968.000,0.000,-2.000,0.000,0.000
42534.000,16.000,155075.000,16.000,4752.000,0.000,-2.000,0.000,0.000
42544.000,18.000,155093.000,16.000,4896.000,0.000,-2.000,0.000,0.000
42554.000,16.000,155109.000,16.000,5040.000,0.000,-2.000,0.000,0.000
42564.000,17.000,155126.000,16.000,4968.000,0.000,-2.000,0.000,0.000
42574.000,16.000,155142.000,16.000,4968.000,0.000,-2.000,0.000,0.000
42584.000,16.000,155158.000,16.000,4968.000,0.000,-2.000,0.000,0.000
42594.000,17.000,155175.000,16.000,4968.000,0.000,-2.000,0.000,0.000
42604.000,16.000,155191.000,16.000,5040.000,0.000,-2.000,0.000,0.000
42614.000,12.000,155203.000,16.000,5040.000,0.000,-2.000,0.000,0.000
42624.000,16.000,155219.000,16.000,4824.000,0.000,-2.000,0.000,0.000
42634.000,16.000,155235.000,16.000,4968.000,0.000,-2.000,0.000,0.000
42644.000,17.000,155252.000,16.000,4968.000,0.000,-2.000,0.000,0.000
42654.000,17.000,155269.000,16.000,5040.000,0.000,-2.000,0.000,0.000
42664.000,15.000,155284.000,16.000,5040.000,0.000,-2.000,0.000,0.000
42674.000,16.000,155300.000,16.000,4968.000,0.000,-2.000,0.000,0.000
42684.000,16.000,155316.000,16.000,5040.000,0.000,-2.000,0.000,0.000
42694.000,15.000,155331.000,16.000,5040.000,0.000,-2.000,0.000,0.000
42704.000,12.000,155343.000,16.000,4968.000,0.000,-2.000,0.000,0.000
42714.000,16.000,155359.000,16.000,4824.000,0.000,-2.000,0.000,0.000
42724.000,16.000,155375.000,16.000,4968.000,0.000,-2.000,0.000,0.000
42734.000,16.000,155391.000,16.000,5040.000,0.000,-2.000,0.000,0.000
42744.000,16.000,155407.000,16.000,5040.000,0.000,-2.000,0.000,0.000
42754.000,16.000,155423.000,16.000,5040.000,0.000,-2.000,0.000,0.000
42764.000,15.000,155438.000,16.000,5040.000,0.000,-2.000,0.000,0.000
42774.000,16.000,155454.000,16.000,4968.000,0.000,-2.000,0.000,0.000
42784.000,15.000,155469.000,16.000,5040.000,0.000,-2.000,0.000,0.000
42794.000,12.000,155481.000,16.000,4968.000,0.000,-2.000,0.000,0.000
42804.000,16.000,155497.000,16.000,4824.000,0.000,-2.000,0.000,0.000
42814.000,16.000,155513.000,16.000,4968.000,0.000,-2.000,0.000,0.000
42824.000,15.000,155528.000,16.000,5040.000,0.000,-2.000,0.000,0.000
42834.000,15.000,155543.000,16.000,4968.000,0.000,-2.000,0.000,0.000
42844.000,16.000,155559.000,16.000,4968.000,0.000,-2.000,0.000,0.000
42854.000,16.000,155575.000,16.000,4968.000,0.000,-2.000,0.000,0.000
42864.000,16.000,155591.000,16.000,5040.000,0.000,-2.000,0.000,0.000
42874.000,15.000,155606.000,16.000,5040.000,0.000,-2.000,0.000,0.000
42884.000,16.000,155622.000,16.000,4968.000,0.000,-2.000,0.000,0.000
42894.000,15.000,155637.000,16.000,5040.000,0.000,-2.000,0.000,0.000
42904.000,16.000,155653.000,16.000,4968.000,0.000,-2.000,0.000,0.000
42914.000,14.000,155667.000,16.000,5040.000,0.000,-2.000,0.000,0.000
42924.000,16.000,155683.000,16.000,4896.000,0.000,-2.000,0.000,0.000
42934.000,16.000,155699.000,16.000,5040.000,0.000,-2.000,0.000,0.000
42944.000,15.000,155714.000,16.000,5040.000,0.000,-2.000,0.000,0.000
42954.000,15.000,155729.000,16.000,4968.000,0.000,-2.000,0.000,0.000
42964.000,16.000,155745.000,16.000,4968.000,0.000,-2.000,0.000,0.000
42974.000,14.000,155759.000,16.000,5040.000,0.000,-2.000,0.000,0.000
42984.000,16.000,155775.000,16.000,4896.000,0.000,-2.000,0.000,0.000
42994.000,16.000,155791.000,16.000,5040.000,0.000,-2.000,0.000,0.000
43004.000,15.000,155806.000,16.000,5040.000,0.000,-2.000,0.000,0.000
43014.000,12.000,155818.000,16.000,4968.000,0.000,-2.000,0.000,0.000
43024.000,15.000,155833.000,16.000,4824.000,0.000,-2.000,0.000,0.000
43034.000,16.000,155849.000,16.000,4968.000,0.000,-2.000,0.000,0.000
43044.000,15.000,155864.000,16.000,4968.000,0.000,-2.000,0.000,0.000
43054.000,15.000,155879.000,16.000,4968.000,0.000,-2.000,0.000,0.000
43064.000,16.000,155895.000,16.000,4896.000,0.000,-2.000,0.000,0.000
43074.000,12.000,155907.000,16.000,4968.000,0.000,-2.000,0.000,0.000
43084.000,16.000,155923.000,16.000,4752.000,0.000,-2.000,0.000,0.000
43094.000,15.000,155938.000,16.000,4968.000,0.000,-2.000,0.000,0.000
43104.000,16.000,155954.000,16.000,4896.000,0.000,-2.000,0.000,0.000
43114.000,16.000,155970.000,16.000,4968.000,0.000,-2.000,0.000,0.000
43124.000,16.000,155986.000,16.000,4968.000,0.000,-2.000,0.000,0.000
43134.000,12.000,155998.000,16.000,4968.000,0.000,-2.000,0.000,0.000
43144.000,16.000,156014.000,16.000,4752.000,0.000,-2.000,0.000,0.000
43154.000,16.000,156030.000,16.000,4896.000,0.000,-2.000,0.000,0.000
43164.000,16.000,156046.000,16.000,4968.000,0.000,-2.000,0.000,0.000
43174.000,17.000,156063.000,16.000,4968.000,0.000,-2.000,0.000,0.000
43184.000,16.000,156079.000,16.000,4968.000,0.000,-2.000,0.000,0.000
43194.000,11.000,156090.000,16.000,4968.000,0.000,-2.000,0.000,0.000
43204.000,17.000,156107.000,16.000,4680.000,0.000,-2.000,0.000,0.000
43214.000,16.000,156123.000,16.000,4968.000,0.000,-2.000,0.000,0.000
43224.000,16.000,156139.000,16.000,4968.000,0.000,-2.000,0.000,0.000
43234.000,16.000,156155.000,16.000,4968.000,0.000,-2.000,0.000,0.000
43244.000,16.000,156171.000,16.000,4968.000,0.000,-2.000,0.000,0.000
43254.000,16.000,156187.000,16.000,4968.000,0.000,-2.000,0.000,0.000
43264.000,16.000,156203.000,16.000,4968.000,0.000,-2.000,0.000,0.000
43274.000,16.000,156219.000,16.000,4968.000,0.000,-2.000,0.000,0.000
43284.000,12.000,156231.000,16.000,4968.000,0.000,-2.000,0.000,0.000
43294.000,16.000,156247.000,16.000,4752.000,0.000,-2.000,0.000,0.000
43304.000,16.000,156263.000,16.000,4968.000,0.000,-2.000,0.000,0.000
43314.000,16.000,156279.000,16.000,4968.000,0.000,-2.000,0.000,0.000
43324.000,16.000,156295.000,16.000,4968.000,0.000,-2.000,0.000,0.000
43334.000,16.000,156311.000,16.000,4968.000,0.000,-2.000,0.000,0.000
43344.000,16.000,156327.000,16.000,4968.000,0.000,-2.000,0.000,0.000
43354.000,16.000,156343.000,16.000,4968.000,0.000,-2.000,0.000,0.000
43364.000,16.000,156359.000,16.000,5040.000,0.000,-2.000,0.000,0.000
43374.000,12.000,156371.000,16.000,5040.000,0.000,-2.000,0.000,0.000
43384.000,16.000,156387.000,16.000,4824.000,0.000,-2.000,0.000,0.000
43394.000,16.000,156403.000,16.000,4968.000,0.000,-2.000,0.000,0.000
43404.000,11.000,156414.000,16.000,4968.000,0.000,-2.000,0.000,0.000
43414.000,17.000,156431.000,16.000,4752.000,0.000,-2.000,0.000,0.000
43424.000,15.000,156446.000,16.000,4968.000,0.000,-2.000,0.000,0.000
43434.000,16.000,156462.000,16.000,4896.000,0.000,-2.000,0.000,0.000
43444.000,17.000,156479.000,16.000,4968.000,0.000,-2.000,0.000,0.000
43454.000,15.000,156494.000,16.000,5040.000,0.000,-2.000,0.000,0.000
43464.000,12.000,156506.000,16.000,4968.000,0.000,-2.000,0.000,0.000
43474.000,16.000,156522.000,16.000,4752.000,0.000,-2.000,0.000,0.000
43484.000,16.000,156538.000,16.000,4968.000,0.000,-2.000,0.000,0.000
43494.000,16.000,156554.000,16.000,4968.000,0.000,-2.000,0.000,0.000
43504.000,16.000,156570.000,16.000,4968.000,0.000,-2.000,0.000,0.000
43514.000,16.000,156586.000,16.000,4968.000,0.000,-2.000,0.000,0.000
43524.000,12.000,156598.000,16.000,4968.000,0.000,-2.000,0.000,0.000
43534.000,15.000,156613.000,16.000,4752.000,0.000,-2.000,0.000,0.000
43544.000,17.000,156630.000,16.000,4896.000,0.000,-2.000,0.000,0.000
43554.000,16.000,156646.000,16.000,4968.000,0.000,-2.000,0.000,0.000
43564.000,16.000,156662.000,16.000,4968.000,0.000,-2.000,0.000,0.000
43574.000,16.000,156678.000,16.000,4968.000,0.000,-2.000,0.000,0.000
43584.000,12.000,156690.000,16.000,4968.000,0.000,-2.000,0.000,0.000
43594.000,15.000,156705.000,16.000,4752.000,0.000,-2.000,0.000,0.000
43604.000,16.000,156721.000,16.000,4896.000,0.000,-2.000,0.000,0.000
43614.000,13.000,156734.000,16.000,4968.000,0.000,-2.000,0.000,0.000
43624.000,16.000,156750.000,16.000,4752.000,0.000,-2.000,0.000,0.000
43634.000,16.000,156766.000,16.000,4896.000,0.000,-2.000,0.000,0.000
43644.000,12.000,156778.000,16.000,4896.000,0.000,-2.000,0.000,0.000
43654.000,16.000,156794.000,16.000,4680.000,0.000,-2.000,0.000,0.000
43664.000,17.000,156811.000,16.000,4896.000,0.000,-2.000,0.000,0.000
43674.000,12.000,156823.000,16.000,4968.000,0.000,-2.000,0.000,0.000
43684.000,16.000,156839.000,16.000,4680.000,0.000,-2.000,0.000,0.000
43694.000,16.000,156855.000,16.000,4896.000,0.000,-2.000,0.000,0.000
43704.000,18.000,156873.000,16.000,4896.000,0.000,-2.000,0.000,0.000
43714.000,16.000,156889.000,16.000,4968.000,0.000,-2.000,0.000,0.000
43724.000,16.000,156905.000,16.000,4896.000,0.000,-2.000,0.000,0.000
43734.000,17.000,156922.000,16.000,4896.000,0.000,-2.000,0.000,0.000
43744.000,16.000,156938.000,16.000,4968.000,0.000,-2.000,0.000,0.000
43754.000,16.000,156954.000,16.000,4968.000,0.000,-2.000,0.000,0.000
43764.000,16.000,156970.000,16.000,4968.000,0.000,-2.000,0.000,0.000
43774.000,17.000,156987.000,16.000,4968.000,0.000,-2.000,0.000,0.000
43784.000,16.000,157003.000,16.000,5040.000,0.000,-2.000,0.000,0.000
43794.000,11.000,157014.000,16.000,4968.000,0.000,-2.000,0.000,0.000
43804.000,17.000,157031.000,16.000,4752.000,0.000,-2.000,0.000,0.000
43814.000,16.000,157047.000,16.000,5040.000,0.000,-2.000,0.000,0.000
43824.000,16.000,157063.000,16.000,4968.000,0.000,-2.000,0.000,0.000
43834.000,16.000,157079.000,16.000,4968.000,0.000,-2.000,0.000,0.000
43844.000,16.000,157095.000,16.000,4968.000,0.000,-2.000,0.000,0.000
43854.000,12.000,157107.000,16.000,4968.000,0.000,-2.000,0.000,0.000
43864.000,16.000,157123.000,16.000,4824.000,0.000,-2.000,0.000,0.000
43874.000,16.000,157139.000,16.000,4968.000,0.000,-2.000,0.000,0.000
43884.000,16.000,157155.000,16.000,4968.000,0.000,-2.000,0.000,0.000
43894.000,16.000,157171.000,16.000,4968.000,0.000,-2.000,0.000,0.000
43904.000,16.000,157187.000,16.000,4968.000,0.000,-2.000,0.000,0.000
43914.000,12.000,157199.000,16.000,4968.000,0.000,-2.000,0.000,0.000
43924.000,16.000,157215.000,16.000,4824.000,0.000,-2.000,0.000,0.000
43934.000,16.000,157231.000,16.000,4968.000,0.000,-2.000,0.000,0.000
43944.000,16.000,157247.000,16.000,4968.000,0.000,-2.000,0.000,0.000
43954.000,16.000,157263.000,16.000,4968.000,0.000,-2.000,0.000,0.000
43964.000,16.000,157279.000,16.000,4968.000,0.000,-2.000,0.000,0.000
43974.000,16.000,157295.000,16.000,4968.000,0.000,-2.000,0.000,0.000
43984.000,16.000,157311.000,16.000,4968.000,0.000,-2.000,0.000,0.000
43994.000,16.000,157327.000,16.000,5040.000,0.000,-2.000,0.000,0.000
44004.000,11.000,157338.000,16.000,5040.000,0.000,-2.000,0.000,0.000
44014.000,16.000,157354.000,16.000,4752.000,0.000,-2.000,0.000,0.000
44024.000,16.000,157370.000,16.000,4968.000,0.000,-2.000,0.000,0.000
44034.000,12.000,157382.000,16.000,4968.000,0.000,-2.000,0.000,0.000
44044.000,16.000,157398.000,16.000,4752.000,0.000,-2.000,0.000,0.000
44054.000,16.000,157414.000,16.000,4968.000,0.000,-2.000,0.000,0.000
44064.000,12.000,157426.000,16.000,4968.000,0.000,-2.000,0.000,0.000
44074.000,16.000,157442.000,16.000,4752.000,0.000,-2.000,0.000,0.000
44084.000,16.000,157458.000,16.000,4896.000,0.000,-2.000,0.000,0.000
44094.000,12.000,157470.000,16.000,4896.000,0.000,-2.000,0.000,0.000
44104.000,16.000,157486.000,16.000,4752.000,0.000,-2.000,0.000,0.000
44114.000,17.000,157503.000,16.000,4896.000,0.000,-2.000,0.000,0.000
44124.000,12.000,157515.000,16.000,4968.000,0.000,-2.000,0.000,0.000
44134.000,16.000,157531.000,16.000,4680.000,0.000,-2.000,0.000,0.000
44144.000,16.000,157547.000,16.000,4896.000,0.000,-2.000,0.000,0.000
44154.000,14.000,157561.000,16.000,4896.000,0.000,-2.000,0.000,0.000
44164.000,16.000,157577.000,16.000,4752.000,0.000,-2.000,0.000,0.000
44174.000,17.000,157594.000,16.000,4896.000,0.000,-2.000,0.000,0.000
44184.000,12.000,157606.000,16.000,4968.000,0.000,-2.000,0.000,0.000
44194.000,17.000,157623.000,16.000,4680.000,0.000,-2.000,0.000,0.000
44204.000,16.000,157639.000,16.000,4896.000,0.000,-2.000,0.000,0.000
44214.000,16.000,157655.000,16.000,4896.000,0.000,-2.000,0.000,0.000
44224.000,18.000,157673.000,16.000,4896.000,0.000,-2.000,0.000,0.000
44234.000,16.000,157689.000,16.000,5040.000,0.000,-2.000,0.000,0.000
44244.000,17.000,157706.000,16.000,4896.000,0.000,-2.000,0.000,0.000
44254.000,16.000,157722.000,16.000,4968.000,0.000,-2.000,0.000,0.000
44264.000,12.000,157734.000,16.000,4968.000,0.000,-2.000,0.000,0.000
44274.000,17.000,157751.000,16.000,4752.000,0.000,-2.000,0.000,0.000
44284.000,16.000,157767.000,16.000,4968.000,0.000,-2.000,0.000,0.000
44294.000,13.000,157780.000,16.000,4968.000,0.000,-2.000,0.000,0.000
44304.000,17.000,157797.000,16.000,4824.000,0.000,-2.000,0.000,0.000
44314.000,16.000,157813.000,16.000,4968.000,0.000,-2.000,0.000,0.000
44324.000,13.000,157826.000,16.000,4968.000,0.000,-2.000,0.000,0.000
44334.000,16.000,157842.000,16.000,4824.000,0.000,-2.000,0.000,0.000
44344.000,16.000,157858.000,16.000,4896.000,0.000,-2.000,0.000,0.000
44354.000,17.000,157875.000,16.000,4968.000,0.000,-2.000,0.000,0.000
44364.000,16.000,157891.000,16.000,4968.000,0.000,-2.000,0.000,0.000
44374.000,16.000,157907.000,16.000,4968.000,0.000,-2.000,0.000,0.000
44384.000,13.000,157920.000,16.000,4968.000,0.000,-2.000,0.000,0.000
44394.000,17.000,157937.000,16.000,4824.000,0.000,-2.000,0.000,0.000
44404.000,16.000,157953.000,16.000,5040.000,0.000,-2.000,0.000,0.000
44414.000,16.000,157969.000,16.000,4968.000,0.000,-2.000,0.000,0.000
44424.000,16.000,157985.000,16.000,4968.000,0.000,-2.000,0.000,0.000
44434.000,16.000,158001.000,16.000,4968.000,0.000,-2.000,0.000,0.000
44444.000,12.000,158013.000,16.000,4968.000,0.000,-2.000,0.000,0.000
44454.000,16.000,158029.000,16.000,4824.000,0.000,-2.000,0.000,0.000
44464.000,16.000,158045.000,16.000,4968.000,0.000,-2.000,0.000,0.000
44474.000,12.000,158057.000,16.000,4968.000,0.000,-2.000,0.000,0.000
44484.000,16.000,158073.000,16.000,4752.000,0.000,-2.000,0.000,0.000
44494.000,16.000,158089.000,16.000,4968.000,0.000,-2.000,0.000,0.000
44504.000,13.000,158102.000,16.000,4968.000,0.000,-2.000,0.000,0.000
44514.000,15.000,158117.000,16.000,4824.000,0.000,-2.000,0.000,0.000
44524.000,17.000,158134.000,16.000,4896.000,0.000,-2.000,0.000,0.000
44534.000,12.000,158146.000,16.000,4968.000,0.000,-2.000,0.000,0.000
44544.000,16.000,158162.000,16.000,4752.000,0.000,-2.000,0.000,0.000
44554.000,16.000,158178.000,16.000,4896.000,0.000,-2.000,0.000,0.000
44564.000,16.000,158194.000,16.000,4896.000,0.000,-2.000,0.000,0.000
44574.000,17.000,158211.000,16.000,4896.000,0.000,-2.000,0.000,0.000
44584.000,16.000,158227.000,16.000,4968.000,0.000,-2.000,0.000,0.000
44594.000,12.000,158239.000,16.000,4968.000,0.000,-2.000,0.000,0.000
44604.000,16.000,158255.000,16.000,4752.000,0.000,-2.000,0.000,0.000
44614.000,16.000,158271.000,16.000,4896.000,0.000,-2.000,0.000,0.000
44624.000,16.000,158287.000,16.000,4896.000,0.000,-2.000,0.000,0.000
44634.000,16.000,158303.000,16.000,4896.000,0.000,-2.000,0.000,0.000
44644.000,16.000,158319.000,16.000,4896.000,0.000,-2.000,0.000,0.000
44654.000,13.000,158332.000,16.000,4968.000,0.000,-2.000,0.000,0.000
44664.000,16.000,158348.000,16.000,4752.000,0.000,-2.000,0.000,0.000
44674.000,16.000,158364.000,16.000,4896.000,0.000,-2.000,0.000,0.000
44684.000,13.000,158377.000,16.000,4896.000,0.000,-2.000,0.000,0.000
44694.000,16.000,158393.000,16.000,4752.000,0.000,-2.000,0.000,0.000
44704.000,16.000,158409.000,16.000,4896.000,0.000,-2.000,0.000,0.000
44714.000,16.000,158425.000,16.000,4896.000,0.000,-2.000,0.000,0.000
44724.000,17.000,158442.000,16.000,4896.000,0.000,-2.000,0.000,0.000
44734.000,16.000,158458.000,16.000,4968.000,0.000,-2.000,0.000,0.000
44744.000,12.000,158470.000,16.000,4968.000,0.000,-2.000,0.000,0.000
44754.000,16.000,158486.000,16.000,4752.000,0.000,-2.000,0.000,0.000
44764.000,17.000,158503.000,16.000,4896.000,0.000,-2.000,0.000,0.000
44774.000,16.000,158519.000,16.000,4968.000,0.000,-2.000,0.000,0.000
44784.000,16.000,158535.000,16.000,4968.000,0.000,-2.000,0.000,0.000
44794.000,16.000,158551.000,16.000,4968.000,0.000,-2.000,0.000,0.000
44804.000,12.000,158563.000,16.000,4968.000,0.000,-2.000,0.000,0.000
44814.000,16.000,158579.000,16.000,4752.000,0.000,-2.000,0.000,0.000
44824.000,16.000,158595.000,16.000,4896.000,0.000,-2.000,0.000,0.000
44834.000,12.000,158607.000,16.000,4968.000,0.000,-2.000,0.000,0.000
44844.000,17.000,158624.000,16.000,4752.000,0.000,-2.000,0.000,0.000
44854.000,17.000,158641.000,16.000,4968.000,0.000,-2.000,0.000,0.000
44864.000,16.000,158657.000,16.000,4968.000,0.000,-2.000,0.000,0.000
44874.000,16.000,158673.000,16.000,4968.000,0.000,-2.000,0.000,0.000
44884.000,16.000,158689.000,16.000,4968.000,0.000,-2.000,0.000,0.000
44894.000,16.000,158705.000,16.000,4968.000,0.000,-2.000,0.000,0.000
44904.000,16.000,158721.000,16.000,4968.000,0.000,-2.000,0.000,0.000
44914.000,12.000,158733.000,16.000,4968.000,0.000,-2.000,0.000,0.000
44924.000,16.000,158749.000,16.000,4752.000,0.000,-2.000,0.000,0.000
44934.000,16.000,158765.000,16.000,4968.000,0.000,-2.000,0.000,0.000
44944.000,13.000,158778.000,16.000,4968.000,0.000,-2.000,0.000,0.000
44954.000,16.000,158794.000,16.000,4824.000,0.000,-2.000,0.000,0.000
44964.000,16.000,158810.000,16.000,4896.000,0.000,-2.000,0.000,0.000
44974.000,12.000,158822.000,16.000,4968.000,0.000,-2.000,0.000,0.000
44984.000,16.000,158838.000,16.000,4752.000,0.000,-2.000,0.000,0.000
44994.000,16.000,158854.000,16.000,4896.000,0.000,-2.000,0.000,0.000
45004.000,12.000,158866.000,16.000,4896.000,0.000,-2.000,0.000,0.000
45014.000,17.000,158883.000,16.000,4680.000,0.000,-2.000,0.000,0.000
45024.000,16.000,158899.000,16.000,4896.000,0.000,-2.000,0.000,0.000
45034.000,12.000,158911.000,16.000,4896.000,0.000,-2.000,0.000,0.000
45044.000,18.000,158929.000,16.000,4680.000,0.000,-2.000,0.000,0.000
45054.000,16.000,158945.000,16.000,4968.000,0.000,-2.000,0.000,0.000
45064.000,16.000,158961.000,16.000,4896.000,0.000,-2.000,0.000,0.000
45074.000,17.000,158978.000,16.000,4896.000,0.000,-2.000,0.000,0.000
45084.000,16.000,158994.000,16.000,4968.000,0.000,-2.000,0.000,0.000
45094.000,16.000,159010.000,16.000,4896.000,0.000,-2.000,0.000,0.000
45104.000,17.000,159027.000,16.000,4896.000,0.000,-2.000,0.000,0.000
45114.000,16.000,159043.000,16.000,4968.000,0.000,-2.000,0.000,0.000
45124.000,12.000,159055.000,16.000,4968.000,0.000,-2.000,0.000,0.000
45134.000,16.000,159071.000,16.000,4752.000,0.000,-2.000,0.000,0.000
45144.000,16.000,159087.000,16.000,4896.000,0.000,-2.000,0.000,0.000
45154.000,16.000,159103.000,16.000,4968.000,0.000,-2.000,0.000,0.000
45164.000,16.000,159119.000,16.000,4968.000,0.000,-2.000,0.000,0.000
45174.000,16.000,159135.000,16.000,4968.000,0.000,-2.000,0.000,0.000
45184.000,16.000,159151.000,16.000,4968.000,0.000,-2.000,0.000,0.000
45194.000,16.000,159167.000,16.000,4968.000,0.000,-2.000,0.000,0.000
45204.000,16.000,159183.000,16.000,4968.000,0.000,-2.000,0.000,0.000
45214.000,12.000,159195.000,16.000,4968.000,0.000,-2.000,0.000,0.000
45224.000,16.000,159211.000,16.000,4752.000,0.000,-2.000,0.000,0.000
45234.000,16.000,159227.000,16.000,4968.000,0.000,-2.000,0.000,0.000
45244.000,12.000,159239.000,16.000,4968.000,0.000,-2.000,0.000,0.000
45254.000,16.000,159255.000,16.000,4752.000,0.000,-2.000,0.000,0.000
45264.000,16.000,159271.000,16.000,4896.000,0.000,-2.000,0.000,0.000
45274.000,12.000,159283.000,16.000,4968.000,0.000,-2.000,0.000,0.000
45284.000,16.000,159299.000,16.000,4752.000,0.000,-2.000,0.000,0.000
45294.000,16.000,159315.000,16.000,4896.000,0.000,-2.000,0.000,0.000
45304.000,12.000,159327.000,16.000,4896.000,0.000,-2.000,0.000,0.000
45314.000,16.000,159343.000,16.000,4680.000,0.000,-2.000,0.000,0.000
45324.000,18.000,159361.000,16.000,4896.000,0.000,-2.000,0.000,0.000
45334.000,12.000,159373.000,16.000,4968.000,0.000,-2.000,0.000,0.000
45344.000,16.000,159389.000,16.000,4680.000,0.000,-2.000,0.000,0.000
45354.000,17.000,159406.000,16.000,4896.000,0.000,-2.000,0.000,0.000
45364.000,13.000,159419.000,16.000,4968.000,0.000,-2.000,0.000,0.000
45374.000,16.000,159435.000,16.000,4752.000,0.000,-2.000,0.000,0.000
45384.000,16.000,159451.000,16.000,4896.000,0.000,-2.000,0.000,0.000
45394.000,14.000,159465.000,16.000,4896.000,0.000,-2.000,0.000,0.000
45404.000,17.000,159482.000,16.000,4752.000,0.000,-2.000,0.000,0.000
45414.000,17.000,159499.000,16.000,4896.000,0.000,-2.000,0.000,0.000
45424.000,12.000,159511.000,16.000,4968.000,0.000,-2.000,0.000,0.000
45434.000,17.000,159528.000,16.000,4680.000,0.000,-2.000,0.000,0.000
45444.000,17.000,159545.000,16.000,4896.000,0.000,-2.000,0.000,0.000
45454.000,17.000,159562.000,16.000,4968.000,0.000,-2.000,0.000,0.000
45464.000,17.000,159579.000,16.000,4968.000,0.000,-2.000,0.000,0.000
45474.000,12.000,159591.000,16.000,4968.000,0.000,-2.000,0.000,0.000
45484.000,16.000,159607.000,16.000,4752.000,0.000,-2.000,0.000,0.000
45494.000,18.000,159625.000,16.000,4896.000,0.000,-2.000,0.000,0.000
45504.000,12.000,159637.000,16.000,5040.000,0.000,-2.000,0.000,0.000
45514.000,17.000,159654.000,16.000,4752.000,0.000,-2.000,0.000,0.000
45524.000,16.000,159670.000,16.000,4968.000,0.000,-2.000,0.000,0.000
45534.000,17.000,159687.000,16.000,4896.000,0.000,-2.000,0.000,0.000
45544.000,16.000,159703.000,16.000,4968.000,0.000,-2.000,0.000,0.000
45554.000,16.000,159719.000,16.000,4968.000,0.000,-2.000,0.000,0.000
45564.000,13.000,159732.000,16.000,4968.000,0.000,-2.000,0.000,0.000
45574.000,17.000,159749.000,16.000,4824.000,0.000,-2.000,0.000,0.000
45584.000,16.000,159765.000,16.000,4968.000,0.000,-2.000,0.000,0.000
45594.000,12.000,159777.000,16.000,4968.000,0.000,-2.000,0.000,0.000
45604.000,16.000,159793.000,16.000,4752.000,0.000,-2.000,0.000,0.000
45614.000,17.000,159810.000,16.000,4968.000,0.000,-2.000,0.000,0.000
45624.000,12.000,159822.000,16.000,4968.000,0.000,-2.000,0.000,0.000
45634.000,16.000,159838.000,16.000,4752.000,0.000,-2.000,0.000,0.000
45644.000,17.000,159855.000,16.000,4896.000,0.000,-2.000,0.000,0.000
45654.000,16.000,159871.000,16.000,4968.000,0.000,-2.000,0.000,0.000
45664.000,16.000,159887.000,16.000,4968.000,0.000,-2.000,0.000,0.000
45674.000,16.000,159903.000,16.000,4968.000,0.000,-2.000,0.000,0.000
45684.000,16.000,159919.000,16.000,4968.000,0.000,-2.000,0.000,0.000
45694.000,16.000,159935.000,16.000,4968.000,0.000,-2.000,0.000,0.000
45704.000,16.000,159951.000,16.000,4968.000,0.000,-2.000,0.000,0.000
45714.000,12.000,159963.000,16.000,4968.000,0.000,-2.000,0.000,0.000
45724.000,16.000,159979.000,16.000,4752.000,0.000,-2.000,0.000,0.000
45734.000,16.000,159995.000,16.000,4968.000,0.000,-2.000,0.000,0.000
45744.000,12.000,160007.000,16.000,4968.000,0.000,-2.000,0.000,0.000
45754.000,16.000,160023.000,16.000,4752.000,0.000,-2.000,0.000,0.000
45764.000,16.000,160039.000,16.000,4896.000,0.000,-2.000,0.000,0.000
45774.000,13.000,160052.000,16.000,4968.000,0.000,-2.000,0.000,0.000
45784.000,16.000,160068.000,16.000,4752.000,0.000,-2.000,0.000,0.000
45794.000,16.000,160084.000,16.000,4896.000,0.000,-2.000,0.000,0.000
45804.000,17.000,160101.000,16.000,4896.000,0.000,-2.000,0.000,0.000
45814.000,16.000,160117.000,16.000,4968.000,0.000,-2.000,0.000,0.000
45824.000,16.000,160133.000,16.000,4968.000,0.000,-2.000,0.000,0.000
45834.000,12.000,160145.000,16.000,4968.000,0.000,-2.000,0.000,0.000
45844.000,16.000,160161.000,16.000,4752.000,0.000,-2.000,0.000,0.000
45854.000,16.000,160177.000,16.000,4896.000,0.000,-2.000,0.000,0.000
45864.000,17.000,160194.000,16.000,4896.000,0.000,-2.000,0.000,0.000
45874.000,16.000,160210.000,16.000,4968.000,0.000,-2.000,0.000,0.000
45884.000,16.000,160226.000,16.000,4968.000,0.000,-2.000,0.000,0.000
45894.000,12.000,160238.000,16.000,4968.000,0.000,-2.000,0.000,0.000
45904.000,17.000,160255.000,16.000,4752.000,0.000,-2.000,0.000,0.000
45914.000,16.000,160271.000,16.000,4968.000,0.000,-2.000,0.000,0.000
45924.000,16.000,160287.000,16.000,4968.000,0.000,-2.000,0.000,0.000
45934.000,16.000,160303.000,16.000,4968.000,0.000,-2.000,0.000,0.000
45944.000,16.000,160319.000,16.000,4968.000,0.000,-2.000,0.000,0.000
45954.000,12.000,160331.000,16.000,4968.000,0.000,-2.000,0.000,0.000
45964.000,17.000,160348.000,16.000,4752.000,0.000,-2.000,0.000,0.000
45974.000,13.000,160361.000,16.000,4968.000,0.000,-2.000,0.000,0.000
45984.000,16.000,160377.000,16.000,4824.000,0.000,-2.000,0.000,0.000
45994.000,16.000,160393.000,16.000,4968.000,0.000,-2.000,0.000,0.000
46004.000,16.000,160409.000,16.000,4968.000,0.000,-2.000,0.000,0.000
46014.000,17.000,160426.000,16.000,4968.000,0.000,-2.000,0.000,0.000
46024.000,15.000,160441.000,16.000,5040.000,0.000,-2.000,0.000,0.000
46034.000,13.000,160454.000,16.000,4896.000,0.000,-2.000,0.000,0.000
46044.000,16.000,160470.000,16.000,4824.000,0.000,-2.000,0.000,0.000
46054.000,16.000,160486.000,16.000,4968.000,0.000,-2.000,0.000,0.000
46064.000,12.000,160498.000,16.000,4968.000,0.000,-2.000,0.000,0.000
46074.000,16.000,160514.000,16.000,4752.000,0.000,-2.000,0.000,0.000
46084.000,16.000,160530.000,16.000,4896.000,0.000,-2.000,0.000,0.000
46094.000,16.000,160546.000,16.000,4896.000,0.000,-2.000,0.000,0.000
46104.000,17.000,160563.000,16.000,4968.000,0.000,-2.000,0.000,0.000
46114.000,16.000,160579.000,16.000,4968.000,0.000,-2.000,0.000,0.000
46124.000,16.000,160595.000,16.000,4968.000,0.000,-2.000,0.000,0.000
46134.000,16.000,160611.000,16.000,4968.000,0.000,-2.000,0.000,0.000
46144.000,16.000,160627.000,16.000,4968.000,0.000,-2.000,0.000,0.000
46154.000,16.000,160643.000,16.000,4968.000,0.000,-2.000,0.000,0.000
46164.000,16.000,160659.000,16.000,4968.000,0.000,-2.000,0.000,0.000
46174.000,16.000,160675.000,16.000,5040.000,0.000,-2.000,0.000,0.000
46184.000,15.000,160690.000,16.000,5040.000,0.000,-2.000,0.000,0.000
46194.000,16.000,160706.000,16.000,4968.000,0.000,-2.000,0.000,0.000
46204.000,16.000,160722.000,16.000,5040.000,0.000,-2.000,0.000,0.000
46214.000,11.000,160733.000,16.000,5040.000,0.000,-2.000,0.000,0.000
46224.000,16.000,160749.000,16.000,4752.000,0.000,-2.000,0.000,0.000
46234.000,16.000,160765.000,16.000,4968.000,0.000,-2.000,0.000,0.000
46244.000,16.000,160781.000,16.000,4968.000,0.000,-2.000,0.000,0.000
46254.000,16.000,160797.000,16.000,4968.000,0.000,-2.000,0.000,0.000
46264.000,14.000,160811.000,16.000,5040.000,0.000,-2.000,0.000,0.000
46274.000,16.000,160827.000,16.000,4896.000,0.000,-2.000,0.000,0.000
46284.000,12.000,160839.000,16.000,4968.000,0.000,-2.000,0.000,0.000
46294.000,15.000,160854.000,16.000,4824.000,0.000,-2.000,0.000,0.000
46304.000,16.000,160870.000,16.000,4896.000,0.000,-2.000,0.000,0.000
46314.000,12.000,160882.000,16.000,4968.000,0.000,-2.000,0.000,0.000
46324.000,16.000,160898.000,16.000,4752.000,0.000,-2.000,0.000,0.000
46334.000,16.000,160914.000,16.000,4896.000,0.000,-2.000,0.000,0.000
46344.000,12.000,160926.000,16.000,4896.000,0.000,-2.000,0.000,0.000
46354.000,16.000,160942.000,16.000,4752.000,0.000,-2.000,0.000,0.000
46364.000,16.000,160958.000,16.000,4896.000,0.000,-2.000,0.000,0.000
46374.000,12.000,160970.000,16.000,4896.000,0.000,-2.000,0.000,0.000
46384.000,17.000,160987.000,16.000,4680.000,0.000,-2.000,0.000,0.000
46394.000,16.000,161003.000,16.000,4896.000,0.000,-2.000,0.000,0.000
46404.000,16.000,161019.000,16.000,4896.000,0.000,-2.000,0.000,0.000
46414.000,17.000,161036.000,16.000,4896.000,0.000,-2.000,0.000,0.000
46424.000,13.000,161049.000,16.000,4968.000,0.000,-2.000,0.000,0.000
46434.000,16.000,161065.000,16.000,4752.000,0.000,-2.000,0.000,0.000
46444.000,16.000,161081.000,16.000,4896.000,0.000,-2.000,0.000,0.000
46454.000,13.000,161094.000,16.000,4896.000,0.000,-2.000,0.000,0.000
46464.000,16.000,161110.000,16.000,4752.000,0.000,-2.000,0.000,0.000
46474.000,17.000,161127.000,16.000,4896.000,0.000,-2.000,0.000,0.000
46484.000,12.000,161139.000,16.000,4968.000,0.000,-2.000,0.000,0.000
46494.000,17.000,161156.000,16.000,4680.000,0.000,-2.000,0.000,0.000
46504.000,17.000,161173.000,16.000,4896.000,0.000,-2.000,0.000,0.000
46514.000,12.000,161185.000,16.000,4968.000,0.000,-2.000,0.000,0.000
46524.000,17.000,161202.000,16.000,4680.000,0.000,-2.000,0.000,0.000
46534.000,17.000,161219.000,16.000,4896.000,0.000,-2.000,0.000,0.000
46544.000,16.000,161235.000,16.000,4968.000,0.000,-2.000,0.000,0.000
46554.000,16.000,161251.000,16.000,4896.000,0.000,-2.000,0.000,0.000
46564.000,18.000,161269.000,16.000,4896.000,0.000,-2.000,0.000,0.000
46574.000,12.000,161281.000,16.000,5040.000,0.000,-2.000,0.000,0.000
46584.000,16.000,161297.000,16.000,4752.000,0.000,-2.000,0.000,0.000
46594.000,17.000,161314.000,16.000,4896.000,0.000,-2.000,0.000,0.000
46604.000,12.000,161326.000,16.000,4968.000,0.000,-2.000,0.000,0.000
46614.000,17.000,161343.000,16.000,4752.000,0.000,-2.000,0.000,0.000
46624.000,16.000,161359.000,16.000,4968.000,0.000,-2.000,0.000,0.000
46634.000,16.000,161375.000,16.000,4896.000,0.000,-2.000,0.000,0.000
46644.000,16.000,161391.000,16.000,4896.000,0.000,-2.000,0.000,0.000
46654.000,16.000,161407.000,16.000,4968.000,0.000,-2.000,0.000,0.000
46664.000,13.000,161420.000,16.000,4968.000,0.000,-2.000,0.000,0.000
46674.000,17.000,161437.000,16.000,4824.000,0.000,-2.000,0.000,0.000
46684.000,16.000,161453.000,16.000,4968.000,0.000,-2.000,0.000,0.000
46694.000,16.000,161469.000,16.000,4968.000,0.000,-2.000,0.000,0.000
46704.000,16.000,161485.000,16.000,4968.000,0.000,-2.000,0.000,0.000
46714.000,16.000,161501.000,16.000,4968.000,0.000,-2.000,0.000,0.000
46724.000,12.000,161513.000,16.000,4968.000,0.000,-2.000,0.000,0.000
46734.000,16.000,161529.000,16.000,4752.000,0.000,-2.000,0.000,0.000
46744.000,16.000,161545.000,16.000,4968.000,0.000,-2.000,0.000,0.000
46754.000,12.000,161557.000,16.000,4968.000,0.000,-2.000,0.000,0.000
46764.000,16.000,161573.000,16.000,4752.000,0.000,-2.000,0.000,0.000
46774.000,16.000,161589.000,16.000,4896.000,0.000,-2.000,0.000,0.000
46784.000,13.000,161602.000,16.000,4896.000,0.000,-2.000,0.000,0.000
46794.000,16.000,161618.000,16.000,4752.000,0.000,-2.000,0.000,0.000
46804.000,16.000,161634.000,16.000,4896.000,0.000,-2.000,0.000,0.000
46814.000,12.000,161646.000,16.000,4896.000,0.000,-2.000,0.000,0.000
46824.000,17.000,161663.000,16.000,4680.000,0.000,-2.000,0.000,0.000
46834.000,16.000,161679.000,16.000,4896.000,0.000,-2.000,0.000,0.000
46844.000,16.000,161695.000,16.000,4896.000,0.000,-2.000,0.000,0.000
46854.000,17.000,161712.000,16.000,4896.000,0.000,-2.000,0.000,0.000
46864.000,15.000,161727.000,16.000,4968.000,0.000,-2.000,0.000,0.000
46874.000,14.000,161741.000,16.000,4896.000,0.000,-2.000,0.000,0.000
46884.000,16.000,161757.000,16.000,4824.000,0.000,-2.000,0.000,0.000
46894.000,12.000,161769.000,16.000,4896.000,0.000,-2.000,0.000,0.000
46904.000,17.000,161786.000,16.000,4680.000,0.000,-2.000,0.000,0.000
46914.000,17.000,161803.000,16.000,4896.000,0.000,-2.000,0.000,0.000
46924.000,16.000,161819.000,16.000,4968.000,0.000,-2.000,0.000,0.000
46934.000,16.000,161835.000,16.000,4896.000,0.000,-2.000,0.000,0.000
46944.000,17.000,161852.000,16.000,4896.000,0.000,-2.000,0.000,0.000
46954.000,17.000,161869.000,16.000,4968.000,0.000,-2.000,0.000,0.000
46964.000,16.000,161885.000,16.000,4968.000,0.000,-2.000,0.000,0.000
46974.000,16.000,161901.000,16.000,4968.000,0.000,-2.000,0.000,0.000
46984.000,12.000,161913.000,16.000,4968.000,0.000,-2.000,0.000,0.000
46994.000,17.000,161930.000,16.000,4752.000,0.000,-2.000,0.000,0.000
47004.000,16.000,161946.000,16.000,4968.000,0.000,-2.000,0.000,0.000
47014.000,12.000,161958.000,16.000,4968.000,0.000,-2.000,0.000,0.000
47024.000,17.000,161975.000,16.000,4752.000,0.000,-2.000,0.000,0.000
47034.000,16.000,161991.000,16.000,4968.000,0.000,-2.000,0.000,0.000
47044.000,17.000,162008.000,16.000,4968.000,0.000,-2.000,0.000,0.000
47054.000,17.000,162025.000,16.000,5040.000,0.000,-2.000,0.000,0.000
47064.000,16.000,162041.000,16.000,5040.000,0.000,-2.000,0.000,0.000
47074.000,12.000,162053.000,16.000,4968.000,0.000,-2.000,0.000,0.000
47084.000,16.000,162069.000,16.000,4824.000,0.000,-2.000,0.000,0.000
47094.000,16.000,162085.000,16.000,4968.000,0.000,-2.000,0.000,0.000
47104.000,13.000,162098.000,16.000,4968.000,0.000,-2.000,0.000,0.000
47114.000,16.000,162114.000,16.000,4824.000,0.000,-2.000,0.000,0.000
47124.000,16.000,162130.000,16.000,4968.000,0.000,-2.000,0.000,0.000
47134.000,12.000,162142.000,16.000,4968.000,0.000,-2.000,0.000,0.000
47144.000,16.000,162158.000,16.000,4752.000,0.000,-2.000,0.000,0.000
47154.000,17.000,162175.000,16.000,4896.000,0.000,-2.000,0.000,0.000
47164.000,12.000,162187.000,16.000,4968.000,0.000,-2.000,0.000,0.000
47174.000,16.000,162203.000,16.000,4752.000,0.000,-2.000,0.000,0.000
47184.000,16.000,162219.000,16.000,4896.000,0.000,-2.000,0.000,0.000
47194.000,14.000,162233.000,16.000,4896.000,0.000,-2.000,0.000,0.000
47204.000,16.000,162249.000,16.000,4824.000,0.000,-2.000,0.000,0.000
47214.000,16.000,162265.000,16.000,4896.000,0.000,-2.000,0.000,0.000
47224.000,13.000,162278.000,16.000,4896.000,0.000,-2.000,0.000,0.000
47234.000,16.000,162294.000,16.000,4752.000,0.000,-2.000,0.000,0.000
47244.000,17.000,162311.000,16.000,4896.000,0.000,-2.000,0.000,0.000
47254.000,12.000,162323.000,16.000,4968.000,0.000,-2.000,0.000,0.000
47264.000,18.000,162341.000,16.000,4680.000,0.000,-2.000,0.000,0.000
47274.000,16.000,162357.000,16.000,4968.000,0.000,-2.000,0.000,0.000
47284.000,17.000,162374.000,16.000,4896.000,0.000,-2.000,0.000,0.000
47294.000,16.000,162390.000,16.000,4968.000,0.000,-2.000,0.000,0.000
47304.000,12.000,162402.000,16.000,4968.000,0.000,-2.000,0.000,0.000
47314.000,17.000,162419.000,16.000,4752.000,0.000,-2.000,0.000,0.000
47324.000,16.000,162435.000,16.000,4968.000,0.000,-2.000,0.000,0.000
47334.000,13.000,162448.000,-50.000,3384.000,0.000,-2.000,0.000,0.000
47344.000,19.000,162467.000,-50.000,3960.000,0.000,-2.000,0.000,0.000
47354.000,18.000,162485.000,-50.000,5040.000,0.000,-2.000,0.000,0.000
47364.000,18.000,162503.000,-50.000,5760.000,0.000,-2.000,0.000,0.000
47374.000,16.000,162519.000,-50.000,6624.000,0.000,-2.000,0.000,0.000
47384.000,14.000,162533.000,-50.000,7200.000,0.000,-2.000,0.000,0.000
47394.000,10.000,162543.000,-50.000,7200.000,0.000,-2.000,0.000,0.000
47404.000,10.000,162553.000,-50.000,7200.000,0.000,-2.000,0.000,0.000
47414.000,6.000,162559.000,-50.000,7200.000,0.000,-2.000,0.000,0.000
47424.000,6.000,162565.000,-50.000,7200.000,0.000,-2.000,0.000,0.000
47434.000,4.000,162569.000,-50.000,7200.000,0.000,-2.000,0.000,0.000
47444.000,2.000,162571.000,-50.000,7200.000,0.000,-2.000,0.000,0.000
47454.000,3.000,162574.000,-50.000,7200.000,0.000,-2.000,0.000,0.000
47464.000,0.000,162574.000,-50.000,7200.000,0.000,-2.000,0.000,0.000
47474.000,1.000,162575.000,-50.000,7200.000,0.000,-2.000,0.000,0.000
47484.000,0.000,162575.000,-50.000,7200.000,0.000,-2.000,0.000,0.000
47494.000,0.000,162575.000,-50.000,7200.000,0.000,-2.000,0.000,0.000
47504.000,0.000,162575.000,-50.000,7200.000,0.000,-2.000,0.000,0.000
47514.000,0.000,162575.000,-50.000,7200.000,0.000,-2.000,0.000,0.000
47524.000,0.000,162575.000,-50.000,7200.000,0.000,-2.000,0.000,0.000
47534.000,0.000,162575.000,-50.000,7200.000,0.000,-2.000,0.000,0.000
47544.000,0.000,162575.000,-50.000,7200.000,0.000,-2.000,0.000,0.000
47554.000,0.000,162575.000,-50.000,7200.000,0.000,-2.000,0.000,0.000
47564.000,0.000,162575.000,-50.000,7200.000,0.000,-2.000,0.000,0.000
47574.000,0.000,162575.000,-50.000,7200.000,0.000,-2.000,0.000,0.000
47584.000,0.000,162575.000,-50.000,7200.000,0.000,-2.000,0.000,0.000
47594.000,0.000,162575.000,-50.000,7200.000,0.000,-2.000,0.000,0.000
47604.000,0.000,162575.000,-50.000,7200.000,0.000,-2.000,0.000,0.000
47614.000,0.000,162575.000,-50.000,7200.000,0.000,-2.000,0.000,0.000
47624.000,0.000,162575.000,-50.000,7200.000,0.000,-2.000,0.000,0.000
47634.000,0.000,162575.000,-50.000,7200.000,0.000,-2.000,0.000,0.000
47644.000,0.000,162575.000,-50.000,7200.000,0.000,-2.000,0.000,0.000
47654.000,0.000,162575.000,-50.000,7200.000,0.000,-2.000,0.000,0.000
47664.000,0.000,162575.000,-50.000,7200.000,0.000,-2.000,0.000,0.000
47674.000,0.000,162575.000,-50.000,7200.000,0.000,-2.000,0.000,0.000
47684.000,0.000,162575.000,-50.000,7200.000,0.000,-2.000,0.000,0.000
47694.000,0.000,162575.000,-50.000,7200.000,0.000,-2.000,0.000,0.000
47704.000,0.000,162575.000,-50.000,7200.000,0.000,-2.000,0.000,0.000
47714.000,0.000,162575.000,-50.000,7200.000,0.000,-2.000,0.000,0.000
47724.000,0.000,162575.000,-50.000,7200.000,0.000,-2.000,0.000,0.000
47734.000,0.000,162575.000,-50.000,7200.000,0.000,-2.000,0.000,0.000
47744.000,0.000,162575.000,-50.000,7200.000,0.000,-2.000,0.000,0.000
47754.000,0.000,162575.000,-50.000,7200.000,0.000,-2.000,0.000,0.000
47764.000,0.000,162575.000,-50.000,7200.000,0.000,-2.000,0.000,0.000
47774.000,0.000,162575.000,-50.000,7200.000,0.000,-2.000,0.000,0.000
47784.000,0.000,162575.000,-50.000,7200.000,0.000,-2.000,0.000,0.000
47794.000,0.000,162575.000,-50.000,7200.000,0.000,-2.000,0.000,0.000
47804.000,0.000,162575.000,-50.000,7200.000,0.000,-2.000,0.000,0.000
47814.000,0.000,162575.000,-50.000,7200.000,0.000,-2.000,0.000,0.000
47824.000,0.000,162575.000,-50.000,7200.000,0.000,-2.000,0.000,0.000
47834.000,0.000,162575.000,-50.000,7200.000,0.000,-2.000,0.000,0.000
47844.000,0.000,162575.000,-50.000,7200.000,0.000,-2.000,0.000,0.000
47854.000,0.000,162575.000,-50.000,7200.000,0.000,-2.000,0.000,0.000
47864.000,0.000,162575.000,-50.000,7200.000,0.000,-2.000,0.000,0.000
47874.000,0.000,162575.000,-50.000,7200.000,0.000,-2.000,0.000,0.000
47884.000,0.000,162575.000,-50.000,7200.000,0.000,-2.000,0.000,0.000
47894.000,0.000,162575.000,-50.000,7200.000,0.000,-2.000,0.000,0.000
47904.000,0.000,162575.000,-50.000,7200.000,0.000,-2.000,0.000,0.000
47914.000,0.000,162575.000,-50.000,7200.000,0.000,-2.000,0.000,0.000
47924.000,0.000,162575.000,-50.000,7200.000,0.000,-2.000,0.000,0.000
47934.000,0.000,162575.000,-50.000,7200.000,0.000,-2.000,0.000,0.000
47944.000,0.000,162575.000,-50.000,7200.000,0.000,-2.000,0.000,0.000
47954.000,0.000,162575.000,-50.000,7200.000,0.000,-2.000,0.000,0.000
47964.000,0.000,162575.000,-50.000,7200.000,0.000,-2.000,0.000,0.000
47974.000,0.000,162575.000,-50.000,7200.000,0.000,-2.000,0.000,0.000
47984.000,0.000,162575.000,-50.000,7200.000,0.000,-2.000,0.000,0.000
47994.000,0.000,162575.000,-50.000,7200.000,0.000,-2.000,0.000,0.000
48004.000,0.000,162575.000,-50.000,7200.000,0.000,-2.000,0.000,0.000
48014.000,0.000,162575.000,-50.000,7200.000,0.000,-2.000,0.000,0.000
48024.000,0.000,162575.000,-50.000,7200.000,0.000,-2.000,0.000,0.000
48034.000,0.000,162575.000,-50.000,7200.000,0.000,-2.000,0.000,0.000
48044.000,0.000,162575.000,-50.000,7200.000,0.000,-2.000,0.000,0.000
48054.000,0.000,162575.000,-50.000,7200.000,0.000,-2.000,0.000,0.000
48064.000,0.000,162575.000,-50.000,7200.000,0.000,-2.000,0.000,0.000
48074.000,0.000,162575.000,-50.000,7200.000,0.000,-2.000,0.000,0.000
48084.000,0.000,162575.000,-50.000,7200.000,0.000,-2.000,0.000,0.000
48094.000,0.000,162575.000,-50.000,7200.000,0.000,-2.000,0.000,0.000
48104.000,0.000,162575.000,-50.000,7200.000,0.000,-2.000,0.000,0.000
48114.000,0.000,162575.000,-50.000,7200.000,0.000,-2.000,0.000,0.000
48124.000,0.000,162575.000,-50.000,7200.000,0.000,-2.000,0.000,0.000
48134.000,0.000,162575.000,-50.000,7200.000,0.000,-2.000,0.000,0.000
48144.000,0.000,162575.000,-50.000,7200.000,0.000,-2.000,0.000,0.000
48154.000,0.000,162575.000,-50.000,7200.000,0.000,-2.000,0.000,0.000
48164.000,0.000,162575.000,-50.000,7200.000,0.000,-2.000,0.000,0.000
48174.000,0.000,162575.000,-50.000,7200.000,0.000,-2.000,0.000,0.000
48184.000,0.000,162575.000,-50.000,7200.000,0.000,-2.000,0.000,0.000
48194.000,0.000,162575.000,-50.000,7200.000,0.000,-2.000,0.000,0.000
48204.000,0.000,162575.000,-50.000,7200.000,0.000,-2.000,0.000,0.000
48214.000,0.000,162575.000,-50.000,7200.000,0.000,-2.000,0.000,0.000
48224.000,0.000,162575.000,-50.000,7200.000,0.000,-2.000,0.000,0.000
48234.000,0.000,162575.000,-50.000,7200.000,0.000,-2.000,0.000,0.000
48244.000,0.000,162575.000,-50.000,7200.000,0.000,-2.000,0.000,0.000
48254.000,0.000,162575.000,-50.000,7200.000,0.000,-2.000,0.000,0.000
48264.000,0.000,162575.000,-50.000,7200.000,0.000,-2.000,0.000,0.000
48274.000,0.000,162575.000,-50.000,7200.000,0.000,-2.000,0.000,0.000
48284.000,0.000,162575.000,-50.000,7200.000,0.000,-2.000,0.000,0.000
48294.000,0.000,162575.000,-50.000,7200.000,0.000,-2.000,0.000,0.000
48304.000,0.000,162575.000,-50.000,7200.000,0.000,-2.000,0.000,0.000
48314.000,0.000,162575.000,-50.000,7200.000,0.000,-2.000,0.000,0.000
48324.000,0.000,162575.000,-50.000,7200.000,0.000,-2.000,0.000,0.000
48334.000,0.000,162575.000,-50.000,7200.000,0.000,-2.000,0.000,0.000
48344.000,0.000,162575.000,-50.000,7200.000,0.000,-2.000,0.000,0.000
48354.000,0.000,162575.000,-50.000,7200.000,0.000,-2.000,0.000,0.000
48364.000,0.000,162575.000,-50.000,7200.000,0.000,-2.000,0.000,0.000
48374.000,0.000,162575.000,-50.000,7200.000,0.000,-2.000,0.000,0.000
48384.000,0.000,162575.000,-50.000,7200.000,0.000,-2.000,0.000,0.000
48394.000,0.000,162575.000,-50.000,7200.000,0.000,-2.000,0.000,0.000
48404.000,0.000,162575.000,-50.000,7200.000,0.000,-2.000,0.000,0.000
48414.000,0.000,162575.000,-50.000,7200.000,0.000,-2.000,0.000,0.000
48424.000,0.000,162575.000,-50.000,7200.000,0.000,-2.000,0.000,0.000
48434.000,0.000,162575.000,-50.000,7200.000,0.000,-2.000,0.000,0.000
48444.000,0.000,162575.000,-50.000,7200.000,0.000,-2.000,0.000,0.000
48454.000,0.000,162575.000,-50.000,7200.000,0.000,-2.000,0.000,0.000
48464.000,0.000,162575.000,-50.000,7200.000,0.000,-2.000,0.000,0.000
48474.000,0.000,162575.000,-50.000,7200.000,0.000,-2.000,0.000,0.000
48484.000,0.000,162575.000,-50.000,7200.000,0.000,-2.000,0.000,0.000
48494.000,0.000,162575.000,-50.000,7200.000,0.000,-2.000,0.000,0.000
48504.000,0.000,162575.000,-50.000,7200.000,0.000,-2.000,0.000,0.000
48514.000,0.000,162575.000,-50.000,7200.000,0.000,-2.000,0.000,0.000
48524.000,0.000,162575.000,-50.000,7200.000,0.000,-2.000,0.000,0.000
48534.000,0.000,162575.000,-50.000,7200.000,0.000,-2.000,0.000,0.000
48544.000,0.000,162575.000,-50.000,7200.000,0.000,-2.000,0.000,0.000
48554.000,0.000,162575.000,-50.000,7200.000,0.000,-2.000,0.000,0.000
48564.000,0.000,162575.000,-50.000,7200.000,0.000,-2.000,0.000,0.000
48574.000,0.000,162575.000,-50.000,7200.000,0.000,-2.000,0.000,0.000
48584.000,0.000,162575.000,-50.000,7200.000,0.000,-2.000,0.000,0.000
48594.000,0.000,162575.000,-50.000,7200.000,0.000,-2.000,0.000,0.000
48604.000,0.000,162575.000,-50.000,7200.000,0.000,-2.000,0.000,0.000
48614.000,0.000,162575.000,-50.000,7200.000,0.000,-2.000,0.000,0.000
48624.000,0.000,162575.000,-50.000,7200.000,0.000,-2.000,0.000,0.000
48634.000,0.000,162575.000,-50.000,7200.000,0.000,-2.000,0.000,0.000
48644.000,0.000,162575.000,-50.000,7200.000,0.000,-2.000,0.000,0.000
48654.000,0.000,162575.000,-50.000,7200.000,0.000,-2.000,0.000,0.000
48664.000,0.000,162575.000,-50.000,7200.000,0.000,-2.000,0.000,0.000
48674.000,0.000,162575.000,-50.000,7200.000,0.000,-2.000,0.000,0.000
48684.000,0.000,162575.000,-50.000,7200.000,0.000,-2.000,0.000,0.000
48694.000,0.000,162575.000,-50.000,7200.000,0.000,-2.000,0.000,0.000
48704.000,0.000,162575.000,-50.000,7200.000,0.000,-2.000,0.000,0.000
48714.000,0.000,162575.000,-50.000,7200.000,0.000,-2.000,0.000,0.000
48724.000,0.000,162575.000,-50.000,7200.000,0.000,-2.000,0.000,0.000
48734.000,0.000,162575.000,-50.000,7200.000,0.000,-2.000,0.000,0.000
48744.000,0.000,162575.000,-50.000,7200.000,0.000,-2.000,0.000,0.000
48754.000,0.000,162575.000,-50.000,7200.000,0.000,-2.000,0.000,0.000
48764.000,0.000,162575.000,-50.000,7200.000,0.000,-2.000,0.000,0.000
48774.000,0.000,162575.000,-50.000,7200.000,0.000,-2.000,0.000,0.000
48784.000,0.000,162575.000,-50.000,7200.000,0.000,-2.000,0.000,0.000
48794.000,0.000,162575.000,-50.000,7200.000,0.000,-2.000,0.000,0.000
48804.000,0.000,162575.000,-50.000,7200.000,0.000,-2.000,0.000,0.000
48814.000,0.000,162575.000,-50.000,7200.000,0.000,-2.000,0.000,0.000
48824.000,0.000,162575.000,-50.000,7200.000,0.000,-2.000,0.000,0.000
48834.000,0.000,162575.000,-50.000,7200.000,0.000,-2.000,0.000,0.000
48844.000,0.000,162575.000,-50.000,7200.000,0.000,-2.000,0.000,0.000
48854.000,0.000,162575.000,-50.000,7200.000,0.000,-2.000,0.000,0.000
48864.000,0.000,162575.000,-50.000,7200.000,0.000,-2.000,0.000,0.000
48874.000,0.000,162575.000,-50.000,7200.000,0.000,-2.000,0.000,0.000
48884.000,0.000,162575.000,-50.000,7200.000,0.000,-2.000,0.000,0.000
48894.000,0.000,162575.000,-50.000,7200.000,0.000,-2.000,0.000,0.000
48904.000,0.000,162575.000,-50.000,7200.000,0.000,-2.000,0.000,0.000
48914.000,0.000,162575.000,-50.000,7200.000,0.000,-2.000,0.000,0.000
48924.000,0.000,162575.000,-50.000,7200.000,0.000,-2.000,0.000,0.000
48934.000,0.000,162575.000,-50.000,7200.000,0.000,-2.000,0.000,0.000
48944.000,0.000,162575.000,-50.000,7200.000,0.000,-2.000,0.000,0.000
48954.000,0.000,162575.000,-50.000,7200.000,0.000,-2.000,0.000,0.000
48964.000,0.000,162575.000,-50.000,7200.000,0.000,-2.000,0.000,0.000
48974.000,0.000,162575.000,-50.000,7200.000,0.000,-2.000,0.000,0.000
48984.000,0.000,162575.000,-50.000,7200.000,0.000,-2.000,0.000,0.000
48994.000,0.000,162575.000,-50.000,7200.000,0.000,-2.000,0.000,0.000
49004.000,0.000,162575.000,-50.000,7200.000,0.000,-2.000,0.000,0.000
49014.000,0.000,162575.000,-50.000,7200.000,0.000,-2.000,0.000,0.000
49024.000,0.000,162575.000,-50.000,7200.000,0.000,-2.000,0.000,0.000
49034.000,0.000,162575.000,-50.000,7200.000,0.000,-2.000,0.000,0.000
49044.000,0.000,162575.000,-50.000,7200.000,0.000,-2.000,0.000,0.000
49054.000,0.000,162575.000,-50.000,7200.000,0.000,-2.000,0.000,0.000
49064.000,0.000,162575.000,-50.000,7200.000,0.000,-2.000,0.000,0.000
49074.000,0.000,162575.000,-50.000,7200.000,0.000,-2.000,0.000,0.000
49084.000,0.000,162575.000,-50.000,7200.000,0.000,-2.000,0.000,0.000
49094.000,0.000,162575.000,-50.000,7200.000,0.000,-2.000,0.000,0.000
49104.000,0.000,162575.000,-50.000,7200.000,0.000,-2.000,0.000,0.000
49114.000,0.000,162575.000,-50.000,7200.000,0.000,-2.000,0.000,0.000
49124.000,0.000,162575.000,-50.000,7200.000,0.000,-2.000,0.000,0.000
49134.000,0.000,162575.000,-50.000,7200.000,0.000,-2.000,0.000,0.000
49144.000,0.000,162575.000,-50.000,7200.000,0.000,-2.000,0.000,0.000
49154.000,0.000,162575.000,-50.000,7200.000,0.000,-2.000,0.000,0.000
49164.000,0.000,162575.000,-50.000,7200.000,0.000,-2.000,0.000,0.000
49174.000,0.000,162575.000,-50.000,7200.000,0.000,-2.000,0.000,0.000
49184.000,0.000,162575.000,-50.000,7200.000,0.000,-2.000,0.000,0.000
49194.000,0.000,162575.000,-50.000,7200.000,0.000,-2.000,0.000,0.000
49204.000,0.000,162575.000,-50.000,7200.000,0.000,-2.000,0.000,0.000
49214.000,0.000,162575.000,-50.000,7200.000,0.000,-2.000,0.000,0.000
49224.000,0.000,162575.000,-50.000,7200.000,0.000,-2.000,0.000,0.000
49234.000,0.000,162575.000,-50.000,7200.000,0.000,-2.000,0.000,0.000
49244.000,0.000,162575.000,-50.000,7200.000,0.000,-2.000,0.000,0.000
49254.000,0.000,162575.000,-50.000,7200.000,0.000,-2.000,0.000,0.000
49264.000,0.000,162575.000,-50.000,7200.000,0.000,-2.000,0.000,0.000
49274.000,0.000,162575.000,-50.000,7200.000,0.000,-2.000,0.000,0.000
49284.000,0.000,162575.000,-50.000,7200.000,0.000,-2.000,0.000,0.000
49294.000,0.000,162575.000,-50.000,7200.000,0.000,-2.000,0.000,0.000
49304.000,0.000,162575.000,-50.000,7200.000,0.000,-2.000,0.000,0.000
49314.000,0.000,162575.000,-50.000,7200.000,0.000,-2.000,0.000,0.000
49324.000,0.000,162575.000,-50.000,7200.000,0.000,-2.000,0.000,0.000
49334.000,0.000,162575.000,-50.000,7200.000,0.000,-2.000,0.000,0.000
49344.000,0.000,162575.000,-50.000,7200.000,0.000,-2.000,0.000,0.000
49354.000,0.000,162575.000,-50.000,7200.000,0.000,-2.000,0.000,0.000
49364.000,0.000,162575.000,-50.000,7200.000,0.000,-2.000,0.000,0.000
49374.000,0.000,162575.000,-50.000,7200.000,0.000,-2.000,0.000,0.000
49384.000,0.000,162575.000,-50.000,7200.000,0.000,-2.000,0.000,0.000
49394.000,0.000,162575.000,-50.000,7200.000,0.000,-2.000,0.000,0.000
49404.000,0.000,162575.000,-50.000,7200.000,0.000,-2.000,0.000,0.000
49414.000,0.000,162575.000,-50.000,7200.000,0.000,-2.000,0.000,0.000
49424.000,0.000,162575.000,-50.000,7200.000,0.000,-2.000,0.000,0.000
49434.000,0.000,162575.000,-50.000,7200.000,0.000,-2.000,0.000,0.000
49444.000,0.000,162575.000,-50.000,7200.000,0.000,-2.000,0.000,0.000
49454.000,0.000,162575.000,-50.000,7200.000,0.000,-2.000,0.000,0.000
49464.000,0.000,162575.000,-50.000,7200.000,0.000,-2.000,0.000,0.000
49474.000,0.000,162575.000,-50.000,7200.000,0.000,-2.000,0.000,0.000
49484.000,0.000,162575.000,-50.000,7200.000,0.000,-2.000,0.000,0.000
49494.000,0.000,162575.000,-50.000,7200.000,0.000,-2.000,0.000,0.000
49504.000,0.000,162575.000,-50.000,7200.000,0.000,-2.000,0.000,0.000
49514.000,0.000,162575.000,-50.000,7200.000,0.000,-2.000,0.000,0.000
49524.000,0.000,162575.000,-50.000,7200.000,0.000,-2.000,0.000,0.000
49534.000,0.000,162575.000,-50.000,7200.000,0.000,-2.000,0.000,0.000
49544.000,0.000,162575.000,-50.000,7200.000,0.000,-2.000,0.000,0.000
49554.000,0.000,162575.000,-50.000,7200.000,0.000,-2.000,0.000,0.000
49564.000,0.000,162575.000,-50.000,7200.000,0.000,-2.000,0.000,0.000
49574.000,0.000,162575.000,-50.000,7200.000,0.000,-2.000,0.000,0.000
49584.000,0.000,162575.000,-50.000,7200.000,0.000,-2.000,0.000,0.000
49594.000,0.000,162575.000,-50.000,7200.000,0.000,-2.000,0.000,0.000
49604.000,0.000,162575.000,-50.000,7200.000,0.000,-2.000,0.000,0.000
49614.000,0.000,162575.000,-50.000,7200.000,0.000,-2.000,0.000,0.000
49624.000,0.000,162575.000,-50.000,7200.000,0.000,-2.000,0.000,0.000
49634.000,0.000,162575.000,-50.000,7200.000,0.000,-2.000,0.000,0.000
49644.000,0.000,162575.000,-50.000,7200.000,0.000,-2.000,0.000,0.000
49654.000,0.000,162575.000,-50.000,7200.000,0.000,-2.000,0.000,0.000
49664.000,0.000,162575.000,-50.000,7200.000,0.000,-2.000,0.000,0.000
49674.000,0.000,162575.000,-50.000,7200.000,0.000,-2.000,0.000,0.000
49684.000,0.000,162575.000,-50.000,7200.000,0.000,-2.000,0.000,0.000
49694.000,0.000,162575.000,-50.000,7200.000,0.000,-2.000,0.000,0.000
49704.000,0.000,162575.000,-50.000,7200.000,0.000,-2.000,0.000,0.000
49714.000,0.000,162575.000,-50.000,7200.000,0.000,-2.000,0.000,0.000
49724.000,0.000,162575.000,-50.000,7200.000,0.000,-2.000,0.000,0.000
49734.000,0.000,162575.000,-50.000,7200.000,0.000,-2.000,0.000,0.000
49744.000,0.000,162575.000,-50.000,7200.000,0.000,-2.000,0.000,0.000
49754.000,0.000,162575.000,-50.000,7200.000,0.000,-2.000,0.000,0.000
49764.000,0.000,162575.000,-50.000,7200.000,0.000,-2.000,0.000,0.000
49774.000,0.000,162575.000,-50.000,7200.000,0.000,-2.000,0.000,0.000
49784.000,0.000,162575.000,-50.000,7200.000,0.000,-2.000,0.000,0.000
49794.000,0.000,162575.000,-50.000,7200.000,0.000,-2.000,0.000,0.000
49804.000,0.000,162575.000,-50.000,7200.000,0.000,-2.000,0.000,0.000
49814.000,0.000,162575.000,-50.000,7200.000,0.000,-2.000,0.000,0.000
49824.000,0.000,162575.000,-50.000,7200.000,0.000,-2.000,0.000,0.000
49834.000,0.000,162575.000,-50.000,7200.000,0.000,-2.000,0.000,0.000
49844.000,0.000,162575.000,-50.000,7200.000,0.000,-2.000,0.000,0.000
49854.000,0.000,162575.000,-50.000,7200.000,0.000,-2.000,0.000,0.000
49864.000,0.000,162575.000,-50.000,7200.000,0.000,-2.000,0.000,0.000
49874.000,0.000,162575.000,-50.000,7200.000,0.000,-2.000,0.000,0.000
49884.000,0.000,162575.000,-50.000,7200.000,0.000,-2.000,0.000,0.000
49894.000,0.000,162575.000,-50.000,7200.000,0.000,-2.000,0.000,0.000
49904.000,0.000,162575.000,-50.000,7200.000,0.000,-2.000,0.000,0.000
49914.000,0.000,162575.000,-50.000,7200.000,0.000,-2.000,0.000,0.000
49924.000,0.000,162575.000,-50.000,7200.000,0.000,-2.000,0.000,0.000
49934.000,0.000,162575.000,-50.000,7200.000,0.000,-2.000,0.000,0.000
49944.000,0.000,162575.000,-50.000,7200.000,0.000,-2.000,0.000,0.000
49954.000,0.000,162575.000,-50.000,7200.000,0.000,-2.000,0.000,0.000
49964.000,0.000,162575.000,-50.000,7200.000,0.000,-2.000,0.000,0.000
49974.000,0.000,162575.000,-50.000,7200.000,0.000,-2.000,0.000,0.000
49984.000,0.000,162575.000,-50.000,7200.000,0.000,-2.000,0.000,0.000
49994.000,0.000,162575.000,-50.000,7200.000,0.000,-2.000,0.000,0.000
50004.000,0.000,162575.000,-50.000,7200.000,0.000,-2.000,0.000,0.000
50014.000,0.000,162575.000,-50.000,7200.000,0.000,-2.000,0.000,0.000
50024.000,0.000,162575.000,-50.000,7200.000,0.000,-2.000,0.000,0.000
50034.000,0.000,162575.000,-50.000,7200.000,0.000,-2.000,0.000,0.000
50044.000,0.000,162575.000,-50.000,7200.000,0.000,-2.000,0.000,0.000
50054.000,0.000,162575.000,-50.000,7200.000,0.000,-2.000,0.000,0.000
50064.000,0.000,162575.000,-50.000,7200.000,0.000,-2.000,0.000,0.000
50074.000,0.000,162575.000,-50.000,7200.000,0.000,-2.000,0.000,0.000
50084.000,0.000,162575.000,-50.000,7200.000,0.000,-2.000,0.000,0.000
50094.000,0.000,162575.000,-50.000,7200.000,0.000,-2.000,0.000,0.000
50104.000,0.000,162575.000,-50.000,7200.000,0.000,-2.000,0.000,0.000
50114.000,0.000,162575.000,-50.000,7200.000,0.000,-2.000,0.000,0.000
50124.000,0.000,162575.000,-50.000,7200.000,0.000,-2.000,0.000,0.000
50134.000,0.000,162575.000,-50.000,7200.000,0.000,-2.000,0.000,0.000
50144.000,0.000,162575.000,-50.000,7200.000,0.000,-2.000,0.000,0.000
50154.000,0.000,162575.000,-50.000,7200.000,0.000,-2.000,0.000,0.000
50164.000,0.000,162575.000,-50.000,7200.000,0.000,-2.000,0.000,0.000
50174.000,0.000,162575.000,-50.000,7200.000,0.000,-2.000,0.000,0.000
50184.000,0.000,162575.000,-50.000,7200.000,0.000,-2.000,0.000,0.000
50194.000,0.000,162575.000,-50.000,7200.000,0.000,-2.000,0.000,0.000
50204.000,0.000,162575.000,-50.000,7200.000,0.000,-2.000,0.000,0.000
50214.000,0.000,162575.000,-50.000,7200.000,0.000,-2.000,0.000,0.000
50224.000,0.000,162575.000,-50.000,7200.000,0.000,-2.000,0.000,0.000
50234.000,0.000,162575.000,-50.000,7200.000,0.000,-2.000,0.000,0.000
50244.000,0.000,162575.000,-50.000,7200.000,0.000,-2.000,0.000,0.000
50254.000,0.000,162575.000,-50.000,7200.000,0.000,-2.000,0.000,0.000
50264.000,0.000,162575.000,-50.000,7200.000,0.000,-2.000,0.000,0.000
50274.000,0.000,162575.000,-50.000,7200.000,0.000,-2.000,0.000,0.000
50284.000,0.000,162575.000,-50.000,7200.000,0.000,-2.000,0.000,0.000
50294.000,0.000,162575.000,-50.000,7200.000,0.000,-2.000,0.000,0.000
50304.000,0.000,162575.000,-50.000,7200.000,0.000,-2.000,0.000,0.000
50314.000,0.000,162575.000,-50.000,7200.000,0.000,-2.000,0.000,0.000
50324.000,0.000,162575.000,-50.000,7200.000,0.000,-2.000,0.000,0.000
50334.000,0.000,162575.000,-50.000,7200.000,0.000,-2.000,0.000,0.000
50344.000,0.000,162575.000,-50.000,7200.000,0.000,-2.000,0.000,0.000
50354.000,0.000,162575.000,-50.000,7200.000,0.000,-2.000,0.000,0.000
50364.000,0.000,162575.000,-50.000,7200.000,0.000,-2.000,0.000,0.000
50374.000,0.000,162575.000,-50.000,7200.000,0.000,-2.000,0.000,0.000
50384.000,0.000,162575.000,-50.000,7200.000,0.000,-2.000,0.000,0.000
50394.000,0.000,162575.000,-50.000,7200.000,0.000,-2.000,0.000,0.000
50404.000,0.000,162575.000,-50.000,7200.000,0.000,-2.000,0.000,0.000
50414.000,0.000,162575.000,-50.000,7200.000,0.000,-2.000,0.000,0.000
50424.000,0.000,162575.000,-50.000,7200.000,0.000,-2.000,0.000,0.000
50434.000,0.000,162575.000,-50.000,7200.000,0.000,-2.000,0.000,0.000
50444.000,0.000,162575.000,-50.000,7200.000,0.000,-2.000,0.000,0.000
50454.000,0.000,162575.000,-50.000,7200.000,0.000,-2.000,0.000,0.000
50464.000,0.000,162575.000,-50.000,7200.000,0.000,-2.000,0.000,0.000
50474.000,0.000,162575.000,-50.000,7200.000,0.000,-2.000,0.000,0.000
50484.000,0.000,162575.000,-50.000,7200.000,0.000,-2.000,0.000,0.000
50494.000,0.000,162575.000,-50.000,7200.000,0.000,-2.000,0.000,0.000
50504.000,0.000,162575.000,-50.000,7200.000,0.000,-2.000,0.000,0.000
50514.000,0.000,162575.000,-50.000,7200.000,0.000,-2.000,0.000,0.000
50524.000,0.000,162575.000,-50.000,7200.000,0.000,-2.000,0.000,0.000
50534.000,0.000,162575.000,-50.000,7200.000,0.000,-2.000,0.000,0.000
50544.000,0.000,162575.000,-50.000,7200.000,0.000,-2.000,0.000,0.000
50554.000,0.000,162575.000,-50.000,7200.000,0.000,-2.000,0.000,0.000
50564.000,0.000,162575.000,-50.000,7200.000,0.000,-2.000,0.000,0.000
50574.000,0.000,162575.000,-50.000,7200.000,0.000,-2.000,0.000,0.000
50584.000,0.000,162575.000,-50.000,7200.000,0.000,-2.000,0.000,0.000
50594.000,0.000,162575.000,-50.000,7200.000,0.000,-2.000,0.000,0.000
50604.000,0.000,162575.000,-50.000,7200.000,0.000,-2.000,0.000,0.000
50614.000,0.000,162575.000,-50.000,7200.000,0.000,-2.000,0.000,0.000
50624.000,0.000,162575.000,-50.000,7200.000,0.000,-2.000,0.000,0.000
50634.000,0.000,162575.000,-50.000,7200.000,0.000,-2.000,0.000,0.000
50644.000,0.000,162575.000,-50.000,7200.000,0.000,-2.000,0.000,0.000
50654.000,0.000,162575.000,-50.000,7200.000,0.000,-2.000,0.000,0.000
50664.000,0.000,162575.000,-50.000,7200.000,0.000,-2.000,0.000,0.000
50674.000,0.000,162575.000,-50.000,7200.000,0.000,-2.000,0.000,0.000
50684.000,0.000,162575.000,-50.000,7200.000,0.000,-2.000,0.000,0.000
50694.000,0.000,162575.000,-50.000,7200.000,0.000,-2.000,0.000,0.000
50704.000,0.000,162575.000,-50.000,7200.000,0.000,-2.000,0.000,0.000
50714.000,0.000,162575.000,-50.000,7200.000,0.000,-2.000,0.000,0.000
50724.000,0.000,162575.000,-50.000,7200.000,0.000,-2.000,0.000,0.000
50734.000,0.000,162575.000,-50.000,7200.000,0.000,-2.000,0.000,0.000
50744.000,0.000,162575.000,-50.000,7200.000,0.000,-2.000,0.000,0.000
50754.000,0.000,162575.000,-50.000,7200.000,0.000,-2.000,0.000,0.000
50764.000,0.000,162575.000,-50.000,7200.000,0.000,-2.000,0.000,0.000
50774.000,0.000,162575.000,-50.000,7200.000,0.000,-2.000,0.000,0.000
50784.000,0.000,162575.000,-50.000,7200.000,0.000,-2.000,0.000,0.000
50794.000,0.000,162575.000,-50.000,7200.000,0.000,-2.000,0.000,0.000
50804.000,0.000,162575.000,-50.000,7200.000,0.000,-2.000,0.000,0.000
50814.000,0.000,162575.000,-50.000,7200.000,0.000,-2.000,0.000,0.000
50824.000,0.000,162575.000,-50.000,7200.000,0.000,-2.000,0.000,0.000
50834.000,0.000,162575.000,-50.000,7200.000,0.000,-2.000,0.000,0.000
50844.000,0.000,162575.000,-50.000,7200.000,0.000,-2.000,0.000,0.000
50854.000,0.000,162575.000,-50.000,7200.000,0.000,-2.000,0.000,0.000
50864.000,0.000,162575.000,-50.000,7200.000,0.000,-2.000,0.000,0.000
50874.000,0.000,162575.000,-50.000,7200.000,0.000,-2.000,0.000,0.000
50884.000,0.000,162575.000,-50.000,7200.000,0.000,-2.000,0.000,0.000
50894.000,0.000,162575.000,-50.000,7200.000,0.000,-2.000,0.000,0.000
50904.000,0.000,162575.000,-50.000,7200.000,0.000,-2.000,0.000,0.000
50914.000,0.000,162575.000,-50.000,7200.000,0.000,-2.000,0.000,0.000
50924.000,0.000,162575.000,-50.000,7200.000,0.000,-2.000,0.000,0.000
50934.000,0.000,162575.000,-50.000,7200.000,0.000,-2.000,0.000,0.000
50944.000,0.000,162575.000,-50.000,7200.000,0.000,-2.000,0.000,0.000
50954.000,0.000,162575.000,-50.000,7200.000,0.000,-2.000,0.000,0.000
50964.000,0.000,162575.000,-50.000,7200.000,0.000,-2.000,0.000,0.000
50974.000,0.000,162575.000,-50.000,7200.000,0.000,-2.000,0.000,0.000
50984.000,0.000,162575.000,-50.000,7200.000,0.000,-2.000,0.000,0.000
50994.000,0.000,162575.000,-50.000,7200.000,0.000,-2.000,0.000,0.000
51004.000,0.000,162575.000,-50.000,7200.000,0.000,-2.000,0.000,0.000
51014.000,0.000,162575.000,-50.000,7200.000,0.000,-2.000,0.000,0.000
51024.000,0.000,162575.000,-50.000,7200.000,0.000,-2.000,0.000,0.000
51034.000,0.000,162575.000,-50.000,7200.000,0.000,-2.000,0.000,0.000
51044.000,0.000,162575.000,-50.000,7200.000,0.000,-2.000,0.000,0.000
51054.000,0.000,162575.000,-50.000,7200.000,0.000,-2.000,0.000,0.000
51064.000,0.000,162575.000,-50.000,7200.000,0.000,-2.000,0.000,0.000
51074.000,0.000,162575.000,-50.000,7200.000,0.000,-2.000,0.000,0.000
51084.000,0.000,162575.000,-50.000,7200.000,0.000,-2.000,0.000,0.000
51094.000,0.000,162575.000,-50.000,7200.000,0.000,-2.000,0.000,0.000
51104.000,0.000,162575.000,-50.000,7200.000,0.000,-2.000,0.000,0.000
51114.000,0.000,162575.000,-50.000,7200.000,0.000,-2.000,0.000,0.000
51124.000,0.000,162575.000,-50.000,7200.000,0.000,-2.000,0.000,0.000
51134.000,0.000,162575.000,-50.000,7200.000,0.000,-2.000,0.000,0.000
51144.000,0.000,162575.000,-50.000,7200.000,0.000,-2.000,0.000,0.000
51154.000,0.000,162575.000,-50.000,7200.000,0.000,-2.000,0.000,0.000
51164.000,0.000,162575.000,-50.000,7200.000,0.000,-2.000,0.000,0.000
51174.000,0.000,162575.000,-50.000,7200.000,0.000,-2.000,0.000,0.000
51184.000,0.000,162575.000,-50.000,7200.000,0.000,-2.000,0.000,0.000
51194.000,0.000,162575.000,-50.000,7200.000,0.000,-2.000,0.000,0.000
51204.000,0.000,162575.000,-50.000,7200.000,0.000,-2.000,0.000,0.000
51214.000,0.000,162575.000,-50.000,7200.000,0.000,-2.000,0.000,0.000
51224.000,0.000,162575.000,-50.000,7200.000,0.000,-2.000,0.000,0.000
51234.000,0.000,162575.000,-50.000,7200.000,0.000,-2.000,0.000,0.000
51244.000,0.000,162575.000,-50.000,7200.000,0.000,-2.000,0.000,0.000
51254.000,0.000,162575.000,-50.000,7200.000,0.000,-2.000,0.000,0.000
51264.000,0.000,162575.000,-50.000,7200.000,0.000,-2.000,0.000,0.000
51274.000,0.000,162575.000,-50.000,7200.000,0.000,-2.000,0.000,0.000
51284.000,0.000,162575.000,-50.000,7200.000,0.000,-2.000,0.000,0.000
51294.000,0.000,162575.000,-50.000,7200.000,0.000,-2.000,0.000,0.000
51304.000,0.000,162575.000,-50.000,7200.000,0.000,-2.000,0.000,0.000
51314.000,0.000,162575.000,-50.000,7200.000,0.000,-2.000,0.000,0.000
51324.000,0.000,162575.000,-50.000,7200.000,0.000,-2.000,0.000,0.000
51334.000,0.000,162575.000,-50.000,7200.000,0.000,-2.000,0.000,0.000
51344.000,0.000,162575.000,-50.000,7200.000,0.000,-2.000,0.000,0.000
51354.000,0.000,162575.000,-50.000,7200.000,0.000,-2.000,0.000,0.000
51364.000,0.000,162575.000,-50.000,7200.000,0.000,-2.000,0.000,0.000
51374.000,0.000,162575.000,-50.000,7200.000,0.000,-2.000,0.000,0.000
51384.000,0.000,162575.000,-50.000,7200.000,0.000,-2.000,0.000,0.000
51394.000,0.000,162575.000,-50.000,7200.000,0.000,-2.000,0.000,0.000
51404.000,0.000,162575.000,-50.000,7200.000,0.000,-2.000,0.000,0.000
51414.000,0.000,162575.000,-50.000,7200.000,0.000,-2.000,0.000,0.000
51424.000,0.000,162575.000,-50.000,7200.000,0.000,-2.000,0.000,0.000
51434.000,0.000,162575.000,-50.000,7200.000,0.000,-2.000,0.000,0.000
51444.000,0.000,162575.000,-50.000,7200.000,0.000,-2.000,0.000,0.000
51454.000,0.000,162575.000,-50.000,7200.000,0.000,-2.000,0.000,0.000
51464.000,0.000,162575.000,-50.000,7200.000,0.000,-2.000,0.000,0.000
51474.000,0.000,162575.000,-50.000,7200.000,0.000,-2.000,0.000,0.000
51484.000,0.000,162575.000,-50.000,7200.000,0.000,-2.000,0.000,0.000
51494.000,0.000,162575.000,-50.000,7200.000,0.000,-2.000,0.000,0.000
51504.000,0.000,162575.000,-50.000,7200.000,0.000,-2.000,0.000,0.000
51514.000,0.000,162575.000,-50.000,7200.000,0.000,-2.000,0.000,0.000
51524.000,0.000,162575.000,-50.000,7200.000,0.000,-2.000,0.000,0.000
51534.000,0.000,162575.000,-50.000,7200.000,0.000,-2.000,0.000,0.000
51544.000,0.000,162575.000,-50.000,7200.000,0.000,-2.000,0.000,0.000
51554.000,0.000,162575.000,-50.000,7200.000,0.000,-2.000,0.000,0.000
51564.000,0.000,162575.000,-50.000,7200.000,0.000,-2.000,0.000,0.000
51574.000,0.000,162575.000,-50.000,7200.000,0.000,-2.000,0.000,0.000
51584.000,0.000,162575.000,-50.000,7200.000,0.000,-2.000,0.000,0.000
51594.000,0.000,162575.000,-50.000,7200.000,0.000,-2.000,0.000,0.000
51604.000,0.000,162575.000,-50.000,7200.000,0.000,-2.000,0.000,0.000
51614.000,0.000,162575.000,-50.000,7200.000,0.000,-2.000,0.000,0.000
51624.000,0.000,162575.000,-50.000,7200.000,0.000,-2.000,0.000,0.000
51634.000,0.000,162575.000,-50.000,7200.000,0.000,-2.000,0.000,0.000
51644.000,0.000,162575.000,-50.000,7200.000,0.000,-2.000,0.000,0.000
51654.000,0.000,162575.000,-50.000,7200.000,0.000,-2.000,0.000,0.000
51664.000,0.000,162575.000,-50.000,7200.000,0.000,-2.000,0.000,0.000
51674.000,0.000,162575.000,-50.000,7200.000,0.000,-2.000,0.000,0.000
51684.000,0.000,162575.000,-50.000,7200.000,0.000,-2.000,0.000,0.000
51694.000,0.000,162575.000,-50.000,7200.000,0.000,-2.000,0.000,0.000
51704.000,0.000,162575.000,-50.000,7200.000,0.000,-2.000,0.000,0.000
51714.000,0.000,162575.000,-50.000,7200.000,0.000,-2.000,0.000,0.000
51724.000,0.000,162575.000,-50.000,7200.000,0.000,-2.000,0.000,0.000
51734.000,0.000,162575.000,-50.000,7200.000,0.000,-2.000,0.000,0.000
51744.000,0.000,162575.000,-50.000,7200.000,0.000,-2.000,0.000,0.000
51754.000,0.000,162575.000,-50.000,7200.000,0.000,-2.000,0.000,0.000
51764.000,0.000,162575.000,-50.000,7200.000,0.000,-2.000,0.000,0.000
51774.000,0.000,162575.000,-50.000,7200.000,0.000,-2.000,0.000,0.000
51784.000,0.000,162575.000,-50.000,7200.000,0.000,-2.000,0.000,0.000
51794.000,0.000,162575.000,-50.000,7200.000,0.000,-2.000,0.000,0.000
51804.000,0.000,162575.000,-50.000,7200.000,0.000,-2.000,0.000,0.000
51814.000,0.000,162575.000,-50.000,7200.000,0.000,-2.000,0.000,0.000
51824.000,0.000,162575.000,-50.000,7200.000,0.000,-2.000,0.000,0.000
51834.000,0.000,162575.000,-50.000,7200.000,0.000,-2.000,0.000,0.000
51844.000,0.000,162575.000,-50.000,7200.000,0.000,-2.000,0.000,0.000
51854.000,0.000,162575.000,-50.000,7200.000,0.000,-2.000,0.000,0.000
51864.000,0.000,162575.000,-50.000,7200.000,0.000,-2.000,0.000,0.000
51874.000,0.000,162575.000,-50.000,7200.000,0.000,-2.000,0.000,0.000
51884.000,0.000,162575.000,-50.000,7200.000,0.000,-2.000,0.000,0.000
51894.000,0.000,162575.000,-50.000,7200.000,0.000,-2.000,0.000,0.000
51904.000,0.000,162575.000,-50.000,7200.000,0.000,-2.000,0.000,0.000
51914.000,0.000,162575.000,-50.000,7200.000,0.000,-2.000,0.000,0.000
51924.000,0.000,162575.000,-50.000,7200.000,0.000,-2.000,0.000,0.000
51934.000,0.000,162575.000,-50.000,7200.000,0.000,-2.000,0.000,0.000
51944.000,0.000,162575.000,-50.000,7200.000,0.000,-2.000,0.000,0.000
51954.000,0.000,162575.000,-50.000,7200.000,0.000,-2.000,0.000,0.000
51964.000,0.000,162575.000,-50.000,7200.000,0.000,-2.000,0.000,0.000
51974.000,0.000,162575.000,-50.000,7200.000,0.000,-2.000,0.000,0.000
51984.000,0.000,162575.000,-50.000,7200.000,0.000,-2.000,0.000,0.000
51994.000,0.000,162575.000,-50.000,7200.000,0.000,-2.000,0.000,0.000
52004.000,0.000,162575.000,-50.000,7200.000,0.000,-2.000,0.000,0.000
52014.000,0.000,162575.000,-50.000,7200.000,0.000,-2.000,0.000,0.000
52024.000,0.000,162575.000,-50.000,7200.000,0.000,-2.000,0.000,0.000
52034.000,0.000,162575.000,-50.000,7200.000,0.000,-2.000,0.000,0.000
52044.000,0.000,162575.000,-50.000,7200.000,0.000,-2.000,0.000,0.000
52054.000,0.000,162575.000,-50.000,7200.000,0.000,-2.000,0.000,0.000
52064.000,0.000,162575.000,-50.000,7200.000,0.000,-2.000,0.000,0.000
52074.000,0.000,162575.000,-50.000,7200.000,0.000,-2.000,0.000,0.000
52084.000,0.000,162575.000,-50.000,7200.000,0.000,-2.000,0.000,0.000
52094.000,0.000,162575.000,-50.000,7200.000,0.000,-2.000,0.000,0.000
52104.000,0.000,162575.000,-50.000,7200.000,0.000,-2.000,0.000,0.000
52114.000,0.000,162575.000,-50.000,7200.000,0.000,-2.000,0.000,0.000
52124.000,0.000,162575.000,-50.000,7200.000,0.000,-2.000,0.000,0.000
52134.000,0.000,162575.000,-50.000,7200.000,0.000,-2.000,0.000,0.000
52144.000,0.000,162575.000,-50.000,7200.000,0.000,-2.000,0.000,0.000
52154.000,0.000,162575.000,-50.000,7200.000,0.000,-2.000,0.000,0.000
52164.000,0.000,162575.000,-50.000,7200.000,0.000,-2.000,0.000,0.000
52174.000,0.000,162575.000,-50.000,7200.000,0.000,-2.000,0.000,0.000
52184.000,0.000,162575.000,-50.000,7200.000,0.000,-2.000,0.000,0.000
52194.000,0.000,162575.000,-50.000,7200.000,0.000,-2.000,0.000,0.000
52204.000,0.000,162575.000,-50.000,7200.000,0.000,-2.000,0.000,0.000
52214.000,0.000,162575.000,-50.000,7200.000,0.000,-2.000,0.000,0.000
52224.000,0.000,162575.000,-50.000,7200.000,0.000,-2.000,0.000,0.000
52234.000,0.000,162575.000,-50.000,7200.000,0.000,-2.000,0.000,0.000
52244.000,0.000,162575.000,-50.000,7200.000,0.000,-2.000,0.000,0.000
52254.000,0.000,162575.000,-50.000,7200.000,0.000,-2.000,0.000,0.000
52264.000,0.000,162575.000,-50.000,7200.000,0.000,-2.000,0.000,0.000
52274.000,0.000,162575.000,-50.000,7200.000,0.000,-2.000,0.000,0.000
52284.000,0.000,162575.000,-50.000,7200.000,0.000,-2.000,0.000,0.000
52294.000,0.000,162575.000,-10.000,6120.000,0.000,-2.000,0.000,0.000
52304.000,0.000,162575.000,-10.000,6336.000,0.000,-2.000,0.000,0.000
52314.000,1.000,162576.000,-10.000,6480.000,0.000,-2.000,0.000,0.000
52324.000,1.000,162577.000,-10.000,6696.000,0.000,-2.000,0.000,0.000
52334.000,1.000,162578.000,-10.000,6840.000,0.000,-2.000,0.000,0.000
52344.000,0.000,162578.000,-10.000,6984.000,0.000,-2.000,0.000,0.000
52354.000,0.000,162578.000,-10.000,7128.000,0.000,-2.000,0.000,0.000
52364.000,0.000,162578.000,-10.000,7200.000,0.000,-2.000,0.000,0.000
52374.000,0.000,162578.000,-10.000,7200.000,0.000,-2.000,0.000,0.000
52384.000,0.000,162578.000,-10.000,7200.000,0.000,-2.000,0.000,0.000
52394.000,0.000,162578.000,-10.000,7200.000,0.000,-2.000,0.000,0.000
52404.000,0.000,162578.000,-10.000,7200.000,0.000,-2.000,0.000,0.000
52414.000,0.000,162578.000,-10.000,7200.000,0.000,-2.000,0.000,0.000
52424.000,0.000,162578.000,-10.000,7200.000,0.000,-2.000,0.000,0.000
52434.000,0.000,162578.000,-10.000,7200.000,0.000,-2.000,0.000,0.000
52444.000,0.000,162578.000,-10.000,7200.000,0.000,-2.000,0.000,0.000
52454.000,0.000,162578.000,-10.000,7200.000,0.000,-2.000,0.000,0.000
52464.000,0.000,162578.000,-10.000,7200.000,0.000,-2.000,0.000,0.000
52474.000,0.000,162578.000,-10.000,7200.000,0.000,-2.000,0.000,0.000
52484.000,0.000,162578.000,-10.000,7200.000,0.000,-2.000,0.000,0.000
52494.000,0.000,162578.000,-10.000,7200.000,0.000,-2.000,0.000,0.000
52504.000,0.000,162578.000,-10.000,7200.000,0.000,-2.000,0.000,0.000
52514.000,0.000,162578.000,-10.000,7200.000,0.000,-2.000,0.000,0.000
52524.000,0.000,162578.000,-10.000,7200.000,0.000,-2.000,0.000,0.000
52534.000,0.000,162578.000,-10.000,7200.000,0.000,-2.000,0.000,0.000
52544.000,0.000,162578.000,-10.000,7200.000,0.000,-2.000,0.000,0.000
52554.000,0.000,162578.000,-10.000,7200.000,0.000,-2.000,0.000,0.000
52564.000,0.000,162578.000,-10.000,7200.000,0.000,-2.000,0.000,0.000
52574.000,0.000,162578.000,-10.000,7200.000,0.000,-2.000,0.000,0.000
52584.000,0.000,162578.000,-10.000,7200.000,0.000,-2.000,0.000,0.000
52594.000,0.000,162578.000,-10.000,7200.000,0.000,-2.000,0.000,0.000
52604.000,0.000,162578.000,-10.000,7200.000,0.000,-2.000,0.000,0.000
52614.000,0.000,162578.000,-10.000,7200.000,0.000,-2.000,0.000,0.000
52624.000,0.000,162578.000,-10.000,7200.000,0.000,-2.000,0.000,0.000
52634.000,0.000,162578.000,-10.000,7200.000,0.000,-2.000,0.000,0.000
52644.000,0.000,162578.000,-10.000,7200.000,0.000,-2.000,0.000,0.000
52654.000,0.000,162578.000,-10.000,7200.000,0.000,-2.000,0.000,0.000
52664.000,0.000,162578.000,-10.000,7200.000,0.000,-2.000,0.000,0.000
52674.000,0.000,162578.000,-10.000,7200.000,0.000,-2.000,0.000,0.000
52684.000,0.000,162578.000,-10.000,7200.000,0.000,-2.000,0.000,0.000
52694.000,0.000,162578.000,-10.000,7200.000,0.000,-2.000,0.000,0.000
52704.000,0.000,162578.000,-10.000,7200.000,0.000,-2.000,0.000,0.000
52714.000,0.000,162578.000,-10.000,7200.000,0.000,-2.000,0.000,0.000
52724.000,0.000,162578.000,-10.000,7200.000,0.000,-2.000,0.000,0.000
52734.000,0.000,162578.000,-10.000,7200.000,0.000,-2.000,0.000,0.000
52744.000,0.000,162578.000,-10.000,7200.000,0.000,-2.000,0.000,0.000
52754.000,0.000,162578.000,-10.000,7200.000,0.000,-2.000,0.000,0.000
52764.000,0.000,162578.000,-10.000,7200.000,0.000,-2.000,0.000,0.000
52774.000,0.000,162578.000,-10.000,7200.000,0.000,-2.000,0.000,0.000
52784.000,0.000,162578.000,-10.000,7200.000,0.000,-2.000,0.000,0.000
52794.000,0.000,162578.000,-10.000,7200.000,0.000,-2.000,0.000,0.000
52804.000,0.000,162578.000,-10.000,7200.000,0.000,-2.000,0.000,0.000
52814.000,0.000,162578.000,-10.000,7200.000,0.000,-2.000,0.000,0.000
52824.000,0.000,162578.000,-10.000,7200.000,0.000,-2.000,0.000,0.000
52834.000,0.000,162578.000,-10.000,7200.000,0.000,-2.000,0.000,0.000
52844.000,0.000,162578.000,-10.000,7200.000,0.000,-2.000,0.000,0.000
52854.000,0.000,162578.000,-10.000,7200.000,0.000,-2.000,0.000,0.000
52864.000,0.000,162578.000,-10.000,7200.000,0.000,-2.000,0.000,0.000
52874.000,0.000,162578.000,-10.000,7200.000,0.000,-2.000,0.000,0.000
52884.000,0.000,162578.000,-10.000,7200.000,0.000,-2.000,0.000,0.000
52894.000,0.000,162578.000,-10.000,7200.000,0.000,-2.000,0.000,0.000
52904.000,0.000,162578.000,-10.000,7200.000,0.000,-2.000,0.000,0.000
52914.000,0.000,162578.000,-10.000,7200.000,0.000,-2.000,0.000,0.000
52924.000,0.000,162578.000,-10.000,7200.000,0.000,-2.000,0.000,0.000
52934.000,0.000,162578.000,-10.000,7200.000,0.000,-2.000,0.000,0.000
52944.000,0.000,162578.000,-10.000,7200.000,0.000,-2.000,0.000,0.000
52954.000,0.000,162578.000,-10.000,7200.000,0.000,-2.000,0.000,0.000
52964.000,0.000,162578.000,-10.000,7200.000,0.000,-2.000,0.000,0.000
52974.000,0.000,162578.000,-10.000,7200.000,0.000,-2.000,0.000,0.000
52984.000,0.000,162578.000,-10.000,7200.000,0.000,-2.000,0.000,0.000
52994.000,0.000,162578.000,-10.000,7200.000,0.000,-2.000,0.000,0.000
53004.000,0.000,162578.000,-10.000,7200.000,0.000,-2.000,0.000,0.000
53014.000,0.000,162578.000,-10.000,7200.000,0.000,-2.000,0.000,0.000
53024.000,0.000,162578.000,-10.000,7200.000,0.000,-2.000,0.000,0.000
53034.000,0.000,162578.000,-10.000,7200.000,0.000,-2.000,0.000,0.000
53044.000,0.000,162578.000,-10.000,7200.000,0.000,-2.000,0.000,0.000
53054.000,0.000,162578.000,-10.000,7200.000,0.000,-2.000,0.000,0.000
53064.000,0.000,162578.000,-10.000,7200.000,0.000,-2.000,0.000,0.000
53074.000,0.000,162578.000,-10.000,7200.000,0.000,-2.000,0.000,0.000
53084.000,0.000,162578.000,-10.000,7200.000,0.000,-2.000,0.000,0.000
53094.000,0.000,162578.000,-10.000,7200.000,0.000,-2.000,0.000,0.000
53104.000,0.000,162578.000,-10.000,7200.000,0.000,-2.000,0.000,0.000
53114.000,0.000,162578.000,-10.000,7200.000,0.000,-2.000,0.000,0.000
53124.000,0.000,162578.000,-10.000,7200.000,0.000,-2.000,0.000,0.000
53134.000,0.000,162578.000,-10.000,7200.000,0.000,-2.000,0.000,0.000
53144.000,0.000,162578.000,-10.000,7200.000,0.000,-2.000,0.000,0.000
53154.000,0.000,162578.000,-10.000,7200.000,0.000,-2.000,0.000,0.000
53164.000,0.000,162578.000,-10.000,7200.000,0.000,-2.000,0.000,0.000
53174.000,0.000,162578.000,-10.000,7200.000,0.000,-2.000,0.000,0.000
53184.000,0.000,162578.000,-10.000,7200.000,0.000,-2.000,0.000,0.000
53194.000,0.000,162578.000,-10.000,7200.000,0.000,-2.000,0.000,0.000
53204.000,0.000,162578.000,-10.000,7200.000,0.000,-2.000,0.000,0.000
53214.000,0.000,162578.000,-10.000,7200.000,0.000,-2.000,0.000,0.000
53224.000,0.000,162578.000,-10.000,7200.000,0.000,-2.000,0.000,0.000
53234.000,0.000,162578.000,-10.000,7200.000,0.000,-2.000,0.000,0.000
53244.000,0.000,162578.000,-10.000,7200.000,0.000,-2.000,0.000,0.000
53254.000,0.000,162578.000,-10.000,7200.000,0.000,-2.000,0.000,0.000
53264.000,0.000,162578.000,-10.000,7200.000,0.000,-2.000,0.000,0.000
53274.000,0.000,162578.000,-10.000,7200.000,0.000,-2.000,0.000,0.000
53284.000,0.000,162578.000,-10.000,7200.000,0.000,-2.000,0.000,0.000
53294.000,0.000,162578.000,-10.000,7200.000,0.000,-2.000,0.000,0.000
53304.000,0.000,162578.000,-10.000,7200.000,0.000,-2.000,0.000,0.000
53314.000,0.000,162578.000,-10.000,7200.000,0.000,-2.000,0.000,0.000
53324.000,0.000,162578.000,-10.000,7200.000,0.000,-2.000,0.000,0.000
53334.000,0.000,162578.000,-10.000,7200.000,0.000,-2.000,0.000,0.000
53344.000,0.000,162578.000,-10.000,7200.000,0.000,-2.000,0.000,0.000
53354.000,0.000,162578.000,-10.000,7200.000,0.000,-2.000,0.000,0.000
53364.000,0.000,162578.000,-10.000,7200.000,0.000,-2.000,0.000,0.000
53374.000,0.000,162578.000,-10.000,7200.000,0.000,-2.000,0.000,0.000
53384.000,0.000,162578.000,-10.000,7200.000,0.000,-2.000,0.000,0.000
53394.000,0.000,162578.000,-10.000,7200.000,0.000,-2.000,0.000,0.000
53404.000,0.000,162578.000,-10.000,7200.000,0.000,-2.000,0.000,0.000
53414.000,0.000,162578.000,-10.000,7200.000,0.000,-2.000,0.000,0.000
53424.000,0.000,162578.000,-10.000,7200.000,0.000,-2.000,0.000,0.000
53434.000,0.000,162578.000,-10.000,7200.000,0.000,-2.000,0.000,0.000
53444.000,0.000,162578.000,-10.000,7200.000,0.000,-2.000,0.000,0.000
53454.000,0.000,162578.000,-10.000,7200.000,0.000,-2.000,0.000,0.000
53464.000,0.000,162578.000,-10.000,7200.000,0.000,-2.000,0.000,0.000
53474.000,0.000,162578.000,-10.000,7200.000,0.000,-2.000,0.000,0.000
53484.000,0.000,162578.000,-10.000,7200.000,0.000,-2.000,0.000,0.000
53494.000,0.000,162578.000,-10.000,7200.000,0.000,-2.000,0.000,0.000
53504.000,0.000,162578.000,-10.000,7200.000,0.000,-2.000,0.000,0.000
53514.000,0.000,162578.000,-10.000,7200.000,0.000,-2.000,0.000,0.000
53524.000,0.000,162578.000,-10.000,7200.000,0.000,-2.000,0.000,0.000
53534.000,0.000,162578.000,-10.000,7200.000,0.000,-2.000,0.000,0.000
53544.000,0.000,162578.000,-10.000,7200.000,0.000,-2.000,0.000,0.000
53554.000,0.000,162578.000,-10.000,7200.000,0.000,-2.000,0.000,0.000
53564.000,0.000,162578.000,-10.000,7200.000,0.000,-2.000,0.000,0.000
53574.000,0.000,162578.000,-10.000,7200.000,0.000,-2.000,0.000,0.000
53584.000,0.000,162578.000,-10.000,7200.000,0.000,-2.000,0.000,0.000
53594.000,0.000,162578.000,-10.000,7200.000,0.000,-2.000,0.000,0.000
53604.000,0.000,162578.000,-10.000,7200.000,0.000,-2.000,0.000,0.000
53614.000,0.000,162578.000,-10.000,7200.000,0.000,-2.000,0.000,0.000
53624.000,0.000,162578.000,-10.000,7200.000,0.000,-2.000,0.000,0.000
53634.000,0.000,162578.000,-10.000,7200.000,0.000,-2.000,0.000,0.000
53644.000,0.000,162578.000,-10.000,7200.000,0.000,-2.000,0.000,0.000
53654.000,0.000,162578.000,-10.000,7200.000,0.000,-2.000,0.000,0.000
53664.000,0.000,162578.000,-10.000,7200.000,0.000,-2.000,0.000,0.000
53674.000,0.000,162578.000,-10.000,7200.000,0.000,-2.000,0.000,0.000
53684.000,0.000,162578.000,-10.000,7200.000,0.000,-2.000,0.000,0.000
53694.000,0.000,162578.000,-10.000,7200.000,0.000,-2.000,0.000,0.000
53704.000,0.000,162578.000,-10.000,7200.000,0.000,-2.000,0.000,0.000
53714.000,0.000,162578.000,-10.000,7200.000,0.000,-2.000,0.000,0.000
53724.000,0.000,162578.000,-10.000,7200.000,0.000,-2.000,0.000,0.000
53734.000,0.000,162578.000,-10.000,7200.000,0.000,-2.000,0.000,0.000
53744.000,0.000,162578.000,-10.000,7200.000,0.000,-2.000,0.000,0.000
53754.000,0.000,162578.000,-10.000,7200.000,0.000,-2.000,0.000,0.000
53764.000,0.000,162578.000,-10.000,7200.000,0.000,-2.000,0.000,0.000
53774.000,0.000,162578.000,-10.000,7200.000,0.000,-2.000,0.000,0.000
53784.000,0.000,162578.000,-10.000,7200.000,0.000,-2.000,0.000,0.000
53794.000,0.000,162578.000,-10.000,7200.000,0.000,-2.000,0.000,0.000
53804.000,0.000,162578.000,-10.000,7200.000,0.000,-2.000,0.000,0.000
53814.000,0.000,162578.000,-10.000,7200.000,0.000,-2.000,0.000,0.000
53824.000,0.000,162578.000,-10.000,7200.000,0.000,-2.000,0.000,0.000
53834.000,0.000,162578.000,-10.000,7200.000,0.000,-2.000,0.000,0.000
53844.000,0.000,162578.000,-10.000,7200.000,0.000,-2.000,0.000,0.000
53854.000,0.000,162578.000,-10.000,7200.000,0.000,-2.000,0.000,0.000
53864.000,0.000,162578.000,-10.000,7200.000,0.000,-2.000,0.000,0.000
53874.000,0.000,162578.000,-10.000,7200.000,0.000,-2.000,0.000,0.000
53884.000,0.000,162578.000,-10.000,7200.000,0.000,-2.000,0.000,0.000
53894.000,0.000,162578.000,-10.000,7200.000,0.000,-2.000,0.000,0.000
53904.000,0.000,162578.000,-10.000,7200.000,0.000,-2.000,0.000,0.000
53914.000,0.000,162578.000,-10.000,7200.000,0.000,-2.000,0.000,0.000
53924.000,0.000,162578.000,-10.000,7200.000,0.000,-2.000,0.000,0.000
53934.000,0.000,162578.000,-10.000,7200.000,0.000,-2.000,0.000,0.000
53944.000,0.000,162578.000,-10.000,7200.000,0.000,-2.000,0.000,0.000
53954.000,0.000,162578.000,-10.000,7200.000,0.000,-2.000,0.000,0.000
53964.000,0.000,162578.000,-10.000,7200.000,0.000,-2.000,0.000,0.000
53974.000,0.000,162578.000,-10.000,7200.000,0.000,-2.000,0.000,0.000
53984.000,0.000,162578.000,-10.000,7200.000,0.000,-2.000,0.000,0.000
53994.000,0.000,162578.000,-10.000,7200.000,0.000,-2.000,0.000,0.000
54004.000,0.000,162578.000,-10.000,7200.000,0.000,-2.000,0.000,0.000
54014.000,0.000,162578.000,-10.000,7200.000,0.000,-2.000,0.000,0.000
54024.000,0.000,162578.000,-10.000,7200.000,0.000,-2.000,0.000,0.000
54034.000,0.000,162578.000,-10.000,7200.000,0.000,-2.000,0.000,0.000
54044.000,0.000,162578.000,-10.000,7200.000,0.000,-2.000,0.000,0.000
54054.000,0.000,162578.000,-10.000,7200.000,0.000,-2.000,0.000,0.000
54064.000,0.000,162578.000,-10.000,7200.000,0.000,-2.000,0.000,0.000
54074.000,0.000,162578.000,-10.000,7200.000,0.000,-2.000,0.000,0.000
54084.000,0.000,162578.000,-10.000,7200.000,0.000,-2.000,0.000,0.000
54094.000,0.000,162578.000,-10.000,7200.000,0.000,-2.000,0.000,0.000
54104.000,0.000,162578.000,-10.000,7200.000,0.000,-2.000,0.000,0.000
54114.000,0.000,162578.000,-10.000,7200.000,0.000,-2.000,0.000,0.000
54124.000,0.000,162578.000,-10.000,7200.000,0.000,-2.000,0.000,0.000
54134.000,0.000,162578.000,-10.000,7200.000,0.000,-2.000,0.000,0.000
54144.000,0.000,162578.000,-10.000,7200.000,0.000,-2.000,0.000,0.000
54154.000,0.000,162578.000,-10.000,7200.000,0.000,-2.000,0.000,0.000
54164.000,0.000,162578.000,-10.000,7200.000,0.000,-2.000,0.000,0.000
54174.000,0.000,162578.000,-10.000,7200.000,0.000,-2.000,0.000,0.000
54184.000,0.000,162578.000,-10.000,7200.000,0.000,-2.000,0.000,0.000
54194.000,0.000,162578.000,-10.000,7200.000,0.000,-2.000,0.000,0.000
54204.000,0.000,162578.000,-10.000,7200.000,0.000,-2.000,0.000,0.000
54214.000,0.000,162578.000,-10.000,7200.000,0.000,-2.000,0.000,0.000
54224.000,0.000,162578.000,-10.000,7200.000,0.000,-2.000,0.000,0.000
54234.000,0.000,162578.000,-10.000,7200.000,0.000,-2.000,0.000,0.000
54244.000,0.000,162578.000,-10.000,7200.000,0.000,-2.000,0.000,0.000
54254.000,0.000,162578.000,-10.000,7200.000,0.000,-2.000,0.000,0.000
54264.000,0.000,162578.000,-10.000,7200.000,0.000,-2.000,0.000,0.000
54274.000,0.000,162578.000,-10.000,7200.000,0.000,-2.000,0.000,0.000
54284.000,0.000,162578.000,-10.000,7200.000,0.000,-2.000,0.000,0.000
54294.000,0.000,162578.000,-10.000,7200.000,0.000,-2.000,0.000,0.000
54304.000,0.000,162578.000,-10.000,7200.000,0.000,-2.000,0.000,0.000
54314.000,0.000,162578.000,-10.000,7200.000,0.000,-2.000,0.000,0.000
54324.000,0.000,162578.000,-10.000,7200.000,0.000,-2.000,0.000,0.000
54334.000,0.000,162578.000,-10.000,7200.000,0.000,-2.000,0.000,0.000
54344.000,0.000,162578.000,-10.000,7200.000,0.000,-2.000,0.000,0.000
54354.000,0.000,162578.000,-10.000,7200.000,0.000,-2.000,0.000,0.000
54364.000,0.000,162578.000,-10.000,7200.000,0.000,-2.000,0.000,0.000
54374.000,0.000,162578.000,-10.000,7200.000,0.000,-2.000,0.000,0.000
54384.000,0.000,162578.000,-10.000,7200.000,0.000,-2.000,0.000,0.000
54394.000,0.000,162578.000,-10.000,7200.000,0.000,-2.000,0.000,0.000
54404.000,0.000,162578.000,-10.000,7200.000,0.000,-2.000,0.000,0.000
54414.000,0.000,162578.000,-10.000,7200.000,0.000,-2.000,0.000,0.000
54424.000,0.000,162578.000,-10.000,7200.000,0.000,-2.000,0.000,0.000
54434.000,0.000,162578.000,-10.000,7200.000,0.000,-2.000,0.000,0.000
54444.000,0.000,162578.000,-10.000,7200.000,0.000,-2.000,0.000,0.000
54454.000,0.000,162578.000,-10.000,7200.000,0.000,-2.000,0.000,0.000
54464.000,0.000,162578.000,-10.000,7200.000,0.000,-2.000,0.000,0.000
54474.000,0.000,162578.000,-10.000,7200.000,0.000,-2.000,0.000,0.000
54484.000,0.000,162578.000,-10.000,7200.000,0.000,-2.000,0.000,0.000
54494.000,0.000,162578.000,-10.000,7200.000,0.000,-2.000,0.000,0.000
54504.000,0.000,162578.000,-10.000,7200.000,0.000,-2.000,0.000,0.000
54514.000,0.000,162578.000,-10.000,7200.000,0.000,-2.000,0.000,0.000
54524.000,0.000,162578.000,-10.000,7200.000,0.000,-2.000,0.000,0.000
54534.000,0.000,162578.000,-10.000,7200.000,0.000,-2.000,0.000,0.000
54544.000,0.000,162578.000,-10.000,7200.000,0.000,-2.000,0.000,0.000
54554.000,0.000,162578.000,-10.000,7200.000,0.000,-2.000,0.000,0.000
54564.000,0.000,162578.000,-10.000,7200.000,0.000,-2.000,0.000,0.000
54574.000,0.000,162578.000,-10.000,7200.000,0.000,-2.000,0.000,0.000
54584.000,0.000,162578.000,-10.000,7200.000,0.000,-2.000,0.000,0.000
54594.000,0.000,162578.000,-10.000,7200.000,0.000,-2.000,0.000,0.000
54604.000,0.000,162578.000,-10.000,7200.000,0.000,-2.000,0.000,0.000
54614.000,0.000,162578.000,-10.000,7200.000,0.000,-2.000,0.000,0.000
54624.000,0.000,162578.000,-10.000,7200.000,0.000,-2.000,0.000,0.000
54634.000,0.000,162578.000,-10.000,7200.000,0.000,-2.000,0.000,0.000
54644.000,0.000,162578.000,-10.000,7200.000,0.000,-2.000,0.000,0.000
54654.000,0.000,162578.000,-10.000,7200.000,0.000,-2.000,0.000,0.000
54664.000,0.000,162578.000,-10.000,7200.000,0.000,-2.000,0.000,0.000
54674.000,0.000,162578.000,-10.000,7200.000,0.000,-2.000,0.000,0.000
54684.000,0.000,162578.000,-10.000,7200.000,0.000,-2.000,0.000,0.000
54694.000,0.000,162578.000,-10.000,7200.000,0.000,-2.000,0.000,0.000
54704.000,0.000,162578.000,-10.000,7200.000,0.000,-2.000,0.000,0.000
54714.000,0.000,162578.000,-10.000,7200.000,0.000,-2.000,0.000,0.000
54724.000,0.000,162578.000,-10.000,7200.000,0.000,-2.000,0.000,0.000
54734.000,0.000,162578.000,-10.000,7200.000,0.000,-2.000,0.000,0.000
54744.000,0.000,162578.000,-10.000,7200.000,0.000,-2.000,0.000,0.000
54754.000,0.000,162578.000,-10.000,7200.000,0.000,-2.000,0.000,0.000
54764.000,0.000,162578.000,-10.000,7200.000,0.000,-2.000,0.000,0.000
54774.000,0.000,162578.000,-10.000,7200.000,0.000,-2.000,0.000,0.000
54784.000,0.000,162578.000,-10.000,7200.000,0.000,-2.000,0.000,0.000
54794.000,0.000,162578.000,-10.000,7200.000,0.000,-2.000,0.000,0.000
54804.000,0.000,162578.000,-10.000,7200.000,0.000,-2.000,0.000,0.000
54814.000,0.000,162578.000,-10.000,7200.000,0.000,-2.000,0.000,0.000
54824.000,0.000,162578.000,-10.000,7200.000,0.000,-2.000,0.000,0.000
54834.000,0.000,162578.000,-10.000,7200.000,0.000,-2.000,0.000,0.000
54844.000,0.000,162578.000,-10.000,7200.000,0.000,-2.000,0.000,0.000
54854.000,0.000,162578.000,-10.000,7200.000,0.000,-2.000,0.000,0.000
54864.000,0.000,162578.000,-10.000,7200.000,0.000,-2.000,0.000,0.000
54874.000,0.000,162578.000,-10.000,7200.000,0.000,-2.000,0.000,0.000
54884.000,0.000,162578.000,-10.000,7200.000,0.000,-2.000,0.000,0.000
54894.000,0.000,162578.000,-10.000,7200.000,0.000,-2.000,0.000,0.000
54904.000,0.000,162578.000,-10.000,7200.000,0.000,-2.000,0.000,0.000
54914.000,0.000,162578.000,-10.000,7200.000,0.000,-2.000,0.000,0.000
54924.000,0.000,162578.000,-10.000,7200.000,0.000,-2.000,0.000,0.000
54934.000,0.000,162578.000,-10.000,7200.000,0.000,-2.000,0.000,0.000
54944.000,0.000,162578.000,-10.000,7200.000,0.000,-2.000,0.000,0.000
54954.000,0.000,162578.000,-10.000,7200.000,0.000,-2.000,0.000,0.000
54964.000,0.000,162578.000,-10.000,7200.000,0.000,-2.000,0.000,0.000
54974.000,0.000,162578.000,-10.000,7200.000,0.000,-2.000,0.000,0.000
54984.000,0.000,162578.000,-10.000,7200.000,0.000,-2.000,0.000,0.000
54994.000,0.000,162578.000,-10.000,7200.000,0.000,-2.000,0.000,0.000
55004.000,0.000,162578.000,-10.000,7200.000,0.000,-2.000,0.000,0.000
55014.000,0.000,162578.000,-10.000,7200.000,0.000,-2.000,0.000,0.000
55024.000,0.000,162578.000,-10.000,7200.000,0.000,-2.000,0.000,0.000
55034.000,0.000,162578.000,-10.000,7200.000,0.000,-2.000,0.000,0.000
55044.000,0.000,162578.000,-10.000,7200.000,0.000,-2.000,0.000,0.000
55054.000,0.000,162578.000,-10.000,7200.000,0.000,-2.000,0.000,0.000
55064.000,0.000,162578.000,-10.000,7200.000,0.000,-2.000,0.000,0.000
55074.000,0.000,162578.000,-10.000,7200.000,0.000,-2.000,0.000,0.000
55084.000,0.000,162578.000,-10.000,7200.000,0.000,-2.000,0.000,0.000
55094.000,0.000,162578.000,-10.000,7200.000,0.000,-2.000,0.000,0.000
55104.000,0.000,162578.000,-10.000,7200.000,0.000,-2.000,0.000,0.000
55114.000,0.000,162578.000,-10.000,7200.000,0.000,-2.000,0.000,0.000
55124.000,0.000,162578.000,-10.000,7200.000,0.000,-2.000,0.000,0.000
55134.000,0.000,162578.000,-10.000,7200.000,0.000,-2.000,0.000,0.000
55144.000,0.000,162578.000,-10.000,7200.000,0.000,-2.000,0.000,0.000
55154.000,0.000,162578.000,-10.000,7200.000,0.000,-2.000,0.000,0.000
55164.000,0.000,162578.000,-10.000,7200.000,0.000,-2.000,0.000,0.000
55174.000,0.000,162578.000,-10.000,7200.000,0.000,-2.000,0.000,0.000
55184.000,-1.000,162577.000,32.000,1584.000,0.000,-2.000,0.000,0.000
55194.000,2.000,162579.000,32.000,2016.000,0.000,-2.000,0.000,0.000
55204.000,16.000,162595.000,32.000,2232.000,0.000,-2.000,0.000,0.000
55214.000,23.000,162618.000,32.000,1872.000,0.000,-2.000,0.000,0.000
55224.000,21.000,162639.000,32.000,1656.000,0.000,-2.000,0.000,0.000
55234.000,27.000,162666.000,32.000,1872.000,0.000,-2.000,0.000,0.000
55244.000,34.000,162700.000,32.000,1728.000,0.000,-2.000,0.000,0.000
55254.000,33.000,162733.000,32.000,1440.000,0.000,-2.000,0.000,0.000
55264.000,36.000,162769.000,32.000,1440.000,0.000,-2.000,0.000,0.000
55274.000,38.000,162807.000,32.000,1296.000,0.000,-2.000,0.000,0.000
55284.000,41.000,162848.000,32.000,1080.000,0.000,-2.000,0.000,0.000
55294.000,42.000,162890.000,32.000,864.000,0.000,-2.000,0.000,0.000
55304.000,44.000,162934.000,32.000,720.000,0.000,-2.000,0.000,0.000
55314.000,47.000,162981.000,32.000,720.000,0.000,-2.000,0.000,0.000
55324.000,46.000,163027.000,32.000,720.000,0.000,-2.000,0.000,0.000
55334.000,48.000,163075.000,32.000,0.000,0.000,-2.000,0.000,0.000
55344.000,49.000,163124.000,32.000,720.000,0.000,-2.000,0.000,0.000
55354.000,49.000,163173.000,32.000,720.000,0.000,-2.000,0.000,0.000
55364.000,49.000,163222.000,32.000,792.000,0.000,-2.000,0.000,0.000
55374.000,49.000,163271.000,32.000,1008.000,0.000,-2.000,0.000,0.000
55384.000,52.000,163323.000,32.000,1224.000,0.000,-2.000,0.000,0.000
55394.000,52.000,163375.000,32.000,1656.000,0.000,-2.000,0.000,0.000
55404.000,52.000,163427.000,32.000,1944.000,0.000,-2.000,0.000,0.000
55414.000,50.000,163477.000,32.000,2160.000,0.000,-2.000,0.000,0.000
55424.000,49.000,163526.000,32.000,2376.000,0.000,-2.000,0.000,0.000
55434.000,48.000,163574.000,32.000,2592.000,0.000,-2.000,0.000,0.000
55444.000,47.000,163621.000,32.000,2736.000,0.000,-2.000,0.000,0.000
55454.000,45.000,163666.000,32.000,2952.000,0.000,-2.000,0.000,0.000
55464.000,44.000,163710.000,32.000,3024.000,0.000,-2.000,0.000,0.000
55474.000,43.000,163753.000,32.000,3168.000,0.000,-2.000,0.000,0.000
55484.000,41.000,163794.000,32.000,3312.000,0.000,-2.000,0.000,0.000
55494.000,41.000,163835.000,32.000,3384.000,0.000,-2.000,0.000,0.000
55504.000,38.000,163873.000,32.000,3528.000,0.000,-2.000,0.000,0.000
55514.000,34.000,163907.000,32.000,3528.000,0.000,-2.000,0.000,0.000
55524.000,37.000,163944.000,32.000,3384.000,0.000,-2.000,0.000,0.000
55534.000,37.000,163981.000,32.000,3600.000,0.000,-2.000,0.000,0.000
55544.000,34.000,164015.000,32.000,3672.000,0.000,-2.000,0.000,0.000
55554.000,35.000,164050.000,32.000,3600.000,0.000,-2.000,0.000,0.000
55564.000,33.000,164083.000,32.000,3744.000,0.000,-2.000,0.000,0.000
55574.000,34.000,164117.000,32.000,3672.000,0.000,-2.000,0.000,0.000
55584.000,31.000,164148.000,32.000,3744.000,0.000,-2.000,0.000,0.000
55594.000,32.000,164180.000,32.000,3672.000,0.000,-2.000,0.000,0.000
55604.000,26.000,164206.000,32.000,3744.000,0.000,-2.000,0.000,0.000
55614.000,27.000,164233.000,32.000,3456.000,0.000,-2.000,0.000,0.000
55624.000,31.000,164264.000,32.000,3456.000,0.000,-2.000,0.000,0.000
55634.000,30.000,164294.000,32.000,3600.000,0.000,-2.000,0.000,0.000
55644.000,31.000,164325.000,32.000,3528.000,0.000,-2.000,0.000,0.000
55654.000,29.000,164354.000,32.000,3600.000,0.000,-2.000,0.000,0.000
55664.000,31.000,164385.000,32.000,3456.000,0.000,-2.000,0.000,0.000
55674.000,29.000,164414.000,32.000,3600.000,0.000,-2.000,0.000,0.000
55684.000,30.000,164444.000,32.000,3456.000,0.000,-2.000,0.000,0.000
55694.000,29.000,164473.000,32.000,3528.000,0.000,-2.000,0.000,0.000
55704.000,30.000,164503.000,32.000,3456.000,0.000,-2.000,0.000,0.000
55714.000,30.000,164533.000,32.000,3456.000,0.000,-2.000,0.000,0.000
55724.000,29.000,164562.000,32.000,3456.000,0.000,-2.000,0.000,0.000
55734.000,26.000,164588.000,32.000,3384.000,0.000,-2.000,0.000,0.000
55744.000,25.000,164613.000,32.000,3240.000,0.000,-2.000,0.000,0.000
55754.000,30.000,164643.000,32.000,3096.000,0.000,-2.000,0.000,0.000
55764.000,27.000,164670.000,32.000,3312.000,0.000,-2.000,0.000,0.000
55774.000,29.000,164699.000,32.000,3096.000,0.000,-2.000,0.000,0.000
55784.000,30.000,164729.000,32.000,3168.000,0.000,-2.000,0.000,0.000
55794.000,31.000,164760.000,32.000,3240.000,0.000,-2.000,0.000,0.000
55804.000,31.000,164791.000,32.000,3240.000,0.000,-2.000,0.000,0.000
55814.000,28.000,164819.000,32.000,3240.000,0.000,-2.000,0.000,0.000
55824.000,30.000,164849.000,32.000,3096.000,0.000,-2.000,0.000,0.000
55834.000,32.000,164881.000,32.000,3168.000,0.000,-2.000,0.000,0.000
55844.000,27.000,164908.000,32.000,3240.000,0.000,-2.000,0.000,0.000
55854.000,28.000,164936.000,32.000,3024.000,0.000,-2.000,0.000,0.000
55864.000,31.000,164967.000,32.000,3024.000,0.000,-2.000,0.000,0.000
55874.000,32.000,164999.000,32.000,3168.000,0.000,-2.000,0.000,0.000
55884.000,28.000,165027.000,32.000,3168.000,0.000,-2.000,0.000,0.000
55894.000,32.000,165059.000,32.000,3024.000,0.000,-2.000,0.000,0.000
55904.000,28.000,165087.000,32.000,3168.000,0.000,-2.000,0.000,0.000
55914.000,32.000,165119.000,32.000,2952.000,0.000,-2.000,0.000,0.000
55924.000,32.000,165151.000,32.000,3168.000,0.000,-2.000,0.000,0.000
55934.000,32.000,165183.000,32.000,3168.000,0.000,-2.000,0.000,0.000
55944.000,28.000,165211.000,32.000,3168.000,0.000,-2.000,0.000,0.000
55954.000,32.000,165243.000,32.000,3024.000,0.000,-2.000,0.000,0.000
55964.000,28.000,165271.000,32.000,3168.000,0.000,-2.000,0.000,0.000
55974.000,33.000,165304.000,32.000,2952.000,0.000,-2.000,0.000,0.000
55984.000,32.000,165336.000,32.000,3240.000,0.000,-2.000,0.000,0.000
55994.000,32.000,165368.000,32.000,3168.000,0.000,-2.000,0.000,0.000
56004.000,31.000,165399.000,32.000,3168.000,0.000,-2.000,0.000,0.000
56014.000,33.000,165432.000,32.000,3168.000,0.000,-2.000,0.000,0.000
56024.000,32.000,165464.000,32.000,3240.000,0.000,-2.000,0.000,0.000
56034.000,30.000,165494.000,32.000,3240.000,0.000,-2.000,0.000,0.000
56044.000,33.000,165527.000,32.000,3168.000,0.000,-2.000,0.000,0.000
56054.000,28.000,165555.000,32.000,3312.000,0.000,-2.000,0.000,0.000
56064.000,31.000,165586.000,32.000,3096.000,0.000,-2.000,0.000,0.000
56074.000,32.000,165618.000,32.000,3168.000,0.000,-2.000,0.000,0.000
56084.000,32.000,165650.000,32.000,3240.000,0.000,-2.000,0.000,0.000
56094.000,32.000,165682.000,32.000,3240.000,0.000,-2.000,0.000,0.000
56104.000,32.000,165714.000,32.000,3312.000,0.000,-2.000,0.000,0.000
56114.000,27.000,165741.000,32.000,3312.000,0.000,-2.000,0.000,0.000
56124.000,32.000,165773.000,32.000,3024.000,0.000,-2.000,0.000,0.000
56134.000,32.000,165805.000,32.000,3240.000,0.000,-2.000,0.000,0.000
56144.000,32.000,165837.000,32.000,3312.000,0.000,-2.000,0.000,0.000
56154.000,26.000,165863.000,32.000,3312.000,0.000,-2.000,0.000,0.000
56164.000,32.000,165895.000,32.000,3024.000,0.000,-2.000,0.000,0.000
56174.000,32.000,165927.000,32.000,3240.000,0.000,-2.000,0.000,0.000
56184.000,31.000,165958.000,32.000,3312.000,0.000,-2.000,0.000,0.000
56194.000,31.000,165989.000,32.000,3240.000,0.000,-2.000,0.000,0.000
56204.000,32.000,166021.000,32.000,3240.000,0.000,-2.000,0.000,0.000
56214.000,26.000,166047.000,32.000,3312.000,0.000,-2.000,0.000,0.000
56224.000,32.000,166079.000,32.000,3024.000,0.000,-2.000,0.000,0.000
56234.000,32.000,166111.000,32.000,3240.000,0.000,-2.000,0.000,0.000
56244.000,31.000,166142.000,32.000,3240.000,0.000,-2.000,0.000,0.000
56254.000,31.000,166173.000,32.000,3240.000,0.000,-2.000,0.000,0.000
56264.000,32.000,166205.000,32.000,3240.000,0.000,-2.000,0.000,0.000
56274.000,30.000,166235.000,32.000,3312.000,0.000,-2.000,0.000,0.000
56284.000,32.000,166267.000,32.000,3240.000,0.000,-2.000,0.000,0.000
56294.000,28.000,166295.000,32.000,3312.000,0.000,-2.000,0.000,0.000
56304.000,31.000,166326.000,32.000,3096.000,0.000,-2.000,0.000,0.000
56314.000,28.000,166354.000,32.000,3240.000,0.000,-2.000,0.000,0.000
56324.000,31.000,166385.000,32.000,3096.000,0.000,-2.000,0.000,0.000
56334.000,32.000,166417.000,32.000,3240.000,0.000,-2.000,0.000,0.000
56344.000,28.000,166445.000,32.000,3240.000,0.000,-2.000,0.000,0.000
56354.000,31.000,166476.000,32.000,3096.000,0.000,-2.000,0.000,0.000
56364.000,31.000,166507.000,32.000,3168.000,0.000,-2.000,0.000,0.000
56374.000,28.000,166535.000,32.000,3168.000,0.000,-2.000,0.000,0.000
56384.000,29.000,166564.000,32.000,3024.000,0.000,-2.000,0.000,0.000
56394.000,31.000,166595.000,32.000,3024.000,0.000,-2.000,0.000,0.000
56404.000,29.000,166624.000,32.000,3168.000,0.000,-2.000,0.000,0.000
56414.000,29.000,166653.000,32.000,3024.000,0.000,-2.000,0.000,0.000
56424.000,32.000,166685.000,32.000,3024.000,0.000,-2.000,0.000,0.000
56434.000,28.000,166713.000,32.000,3168.000,0.000,-2.000,0.000,0.000
56444.000,29.000,166742.000,32.000,2952.000,0.000,-2.000,0.000,0.000
56454.000,32.000,166774.000,32.000,2952.000,0.000,-2.000,0.000,0.000
56464.000,29.000,166803.000,32.000,3096.000,0.000,-2.000,0.000,0.000
56474.000,28.000,166831.000,32.000,2952.000,0.000,-2.000,0.000,0.000
56484.000,30.000,166861.000,32.000,2880.000,0.000,-2.000,0.000,0.000
56494.000,33.000,166894.000,32.000,2952.000,0.000,-2.000,0.000,0.000
56504.000,33.000,166927.000,32.000,3096.000,0.000,-2.000,0.000,0.000
56514.000,33.000,166960.000,32.000,3168.000,0.000,-2.000,0.000,0.000
56524.000,33.000,166993.000,32.000,3168.000,0.000,-2.000,0.000,0.000
56534.000,29.000,167022.000,32.000,3168.000,0.000,-2.000,0.000,0.000
56544.000,32.000,167054.000,32.000,3024.000,0.000,-2.000,0.000,0.000
56554.000,33.000,167087.000,32.000,3168.000,0.000,-2.000,0.000,0.000
56564.000,33.000,167120.000,32.000,3240.000,0.000,-2.000,0.000,0.000
56574.000,29.000,167149.000,32.000,3240.000,0.000,-2.000,0.000,0.000
56584.000,32.000,167181.000,32.000,3024.000,0.000,-2.000,0.000,0.000
56594.000,33.000,167214.000,32.000,3168.000,0.000,-2.000,0.000,0.000
56604.000,28.000,167242.000,32.000,3240.000,0.000,-2.000,0.000,0.000
56614.000,33.000,167275.000,32.000,3024.000,0.000,-2.000,0.000,0.000
56624.000,32.000,167307.000,32.000,3240.000,0.000,-2.000,0.000,0.000
56634.000,33.000,167340.000,32.000,3240.000,0.000,-2.000,0.000,0.000
56644.000,31.000,167371.000,32.000,3312.000,0.000,-2.000,0.000,0.000
56654.000,33.000,167404.000,32.000,3240.000,0.000,-2.000,0.000,0.000
56664.000,32.000,167436.000,32.000,3312.000,0.000,-2.000,0.000,0.000
56674.000,31.000,167467.000,32.000,3312.000,0.000,-2.000,0.000,0.000
56684.000,32.000,167499.000,32.000,3312.000,0.000,-2.000,0.000,0.000
56694.000,31.000,167530.000,32.000,3312.000,0.000,-2.000,0.000,0.000
56704.000,32.000,167562.000,32.000,3312.000,0.000,-2.000,0.000,0.000
56714.000,31.000,167593.000,32.000,3384.000,0.000,-2.000,0.000,0.000
56724.000,27.000,167620.000,32.000,3312.000,0.000,-2.000,0.000,0.000
56734.000,31.000,167651.000,32.000,3096.000,0.000,-2.000,0.000,0.000
56744.000,28.000,167679.000,32.000,3312.000,0.000,-2.000,0.000,0.000
56754.000,31.000,167710.000,32.000,3096.000,0.000,-2.000,0.000,0.000
56764.000,31.000,167741.000,32.000,3240.000,0.000,-2.000,0.000,0.000
56774.000,30.000,167771.000,32.000,3240.000,0.000,-2.000,0.000,0.000
56784.000,32.000,167803.000,32.000,3240.000,0.000,-2.000,0.000,0.000
56794.000,31.000,167834.000,32.000,3312.000,0.000,-2.000,0.000,0.000
56804.000,31.000,167865.000,32.000,3240.000,0.000,-2.000,0.000,0.000
56814.000,28.000,167893.000,32.000,3240.000,0.000,-2.000,0.000,0.000
56824.000,30.000,167923.000,32.000,3096.000,0.000,-2.000,0.000,0.000
56834.000,32.000,167955.000,32.000,3168.000,0.000,-2.000,0.000,0.000
56844.000,31.000,167986.000,32.000,3312.000,0.000,-2.000,0.000,0.000
56854.000,27.000,168013.000,32.000,3240.000,0.000,-2.000,0.000,0.000
56864.000,28.000,168041.000,32.000,3024.000,0.000,-2.000,0.000,0.000
56874.000,32.000,168073.000,32.000,3024.000,0.000,-2.000,0.000,0.000
56884.000,32.000,168105.000,32.000,3240.000,0.000,-2.000,0.000,0.000
56894.000,27.000,168132.000,32.000,3240.000,0.000,-2.000,0.000,0.000
56904.000,31.000,168163.000,32.000,2952.000,0.000,-2.000,0.000,0.000
56914.000,28.000,168191.000,32.000,3168.000,0.000,-2.000,0.000,0.000
56924.000,32.000,168223.000,32.000,3024.000,0.000,-2.000,0.000,0.000
56934.000,32.000,168255.000,32.000,3168.000,0.000,-2.000,0.000,0.000
56944.000,28.000,168283.000,32.000,3168.000,0.000,-2.000,0.000,0.000
56954.000,29.000,168312.000,32.000,3024.000,0.000,-2.000,0.000,0.000
56964.000,31.000,168343.000,32.000,3024.000,0.000,-2.000,0.000,0.000
56974.000,30.000,168373.000,32.000,3096.000,0.000,-2.000,0.000,0.000
56984.000,28.000,168401.000,32.000,3024.000,0.000,-2.000,0.000,0.000
56994.000,32.000,168433.000,32.000,2952.000,0.000,-2.000,0.000,0.000
57004.000,29.000,168462.000,32.000,3096.000,0.000,-2.000,0.000,0.000
57014.000,32.000,168494.000,32.000,2952.000,0.000,-2.000,0.000,0.000
57024.000,33.000,168527.000,32.000,3096.000,0.000,-2.000,0.000,0.000
57034.000,28.000,168555.000,32.000,3168.000,0.000,-2.000,0.000,0.000
57044.000,30.000,168585.000,32.000,2952.000,0.000,-2.000,0.000,0.000
57054.000,28.000,168613.000,32.000,3024.000,0.000,-2.000,0.000,0.000
57064.000,33.000,168646.000,32.000,2880.000,0.000,-2.000,0.000,0.000
57074.000,33.000,168679.000,32.000,3096.000,0.000,-2.000,0.000,0.000
57084.000,28.000,168707.000,32.000,3168.000,0.000,-2.000,0.000,0.000
57094.000,34.000,168741.000,32.000,2880.000,0.000,-2.000,0.000,0.000
57104.000,33.000,168774.000,32.000,3168.000,0.000,-2.000,0.000,0.000
57114.000,32.000,168806.000,32.000,3168.000,0.000,-2.000,0.000,0.000
57124.000,33.000,168839.000,32.000,3168.000,0.000,-2.000,0.000,0.000
57134.000,34.000,168873.000,32.000,3240.000,0.000,-2.000,0.000,0.000
57144.000,32.000,168905.000,32.000,3312.000,0.000,-2.000,0.000,0.000
57154.000,32.000,168937.000,32.000,3240.000,0.000,-2.000,0.000,0.000
57164.000,28.000,168965.000,32.000,3240.000,0.000,-2.000,0.000,0.000
57174.000,29.000,168994.000,32.000,3096.000,0.000,-2.000,0.000,0.000
57184.000,32.000,169026.000,32.000,3096.000,0.000,-2.000,0.000,0.000
57194.000,32.000,169058.000,32.000,3240.000,0.000,-2.000,0.000,0.000
57204.000,32.000,169090.000,32.000,3240.000,0.000,-2.000,0.000,0.000
57214.000,33.000,169123.000,32.000,3240.000,0.000,-2.000,0.000,0.000
57224.000,27.000,169150.000,32.000,3312.000,0.000,-2.000,0.000,0.000
57234.000,28.000,169178.000,32.000,3024.000,0.000,-2.000,0.000,0.000
57244.000,32.000,169210.000,32.000,3024.000,0.000,-2.000,0.000,0.000
57254.000,32.000,169242.000,32.000,3240.000,0.000,-2.000,0.000,0.000
57264.000,32.000,169274.000,32.000,3240.000,0.000,-2.000,0.000,0.000
57274.000,33.000,169307.000,32.000,3240.000,0.000,-2.000,0.000,0.000
57284.000,31.000,169338.000,32.000,3312.000,0.000,-2.000,0.000,0.000
57294.000,28.000,169366.000,32.000,3240.000,0.000,-2.000,0.000,0.000
57304.000,32.000,169398.000,32.000,3096.000,0.000,-2.000,0.000,0.000
57314.000,27.000,169425.000,32.000,3240.000,0.000,-2.000,0.000,0.000
57324.000,32.000,169457.000,32.000,3024.000,0.000,-2.000,0.000,0.000
57334.000,32.000,169489.000,32.000,3240.000,0.000,-2.000,0.000,0.000
57344.000,32.000,169521.000,32.000,3240.000,0.000,-2.000,0.000,0.000
57354.000,28.000,169549.000,32.000,3240.000,0.000,-2.000,0.000,0.000
57364.000,30.000,169579.000,32.000,3096.000,0.000,-2.000,0.000,0.000
57374.000,28.000,169607.000,32.000,3168.000,0.000,-2.000,0.000,0.000
57384.000,28.000,169635.000,32.000,3024.000,0.000,-2.000,0.000,0.000
57394.000,32.000,169667.000,32.000,3024.000,0.000,-2.000,0.000,0.000
57404.000,32.000,169699.000,32.000,3168.000,0.000,-2.000,0.000,0.000
57414.000,33.000,169732.000,32.000,3168.000,0.000,-2.000,0.000,0.000
57424.000,31.000,169763.000,32.000,3240.000,0.000,-2.000,0.000,0.000
57434.000,33.000,169796.000,32.000,3168.000,0.000,-2.000,0.000,0.000
57444.000,32.000,169828.000,32.000,3312.000,0.000,-2.000,0.000,0.000
57454.000,31.000,169859.000,32.000,3240.000,0.000,-2.000,0.000,0.000
57464.000,32.000,169891.000,32.000,3240.000,0.000,-2.000,0.000,0.000
57474.000,28.000,169919.000,32.000,3312.000,0.000,-2.000,0.000,0.000
57484.000,32.000,169951.000,32.000,3096.000,0.000,-2.000,0.000,0.000
57494.000,32.000,169983.000,32.000,3240.000,0.000,-2.000,0.000,0.000
57504.000,27.000,170010.000,32.000,3312.000,0.000,-2.000,0.000,0.000
57514.000,32.000,170042.000,32.000,3024.000,0.000,-2.000,0.000,0.000
57524.000,32.000,170074.000,32.000,3240.000,0.000,-2.000,0.000,0.000
57534.000,28.000,170102.000,32.000,3240.000,0.000,-2.000,0.000,0.000
57544.000,31.000,170133.000,32.000,3096.000,0.000,-2.000,0.000,0.000
57554.000,32.000,170165.000,32.000,3240.000,0.000,-2.000,0.000,0.000
57564.000,32.000,170197.000,32.000,3240.000,0.000,-2.000,0.000,0.000
57574.000,31.000,170228.000,32.000,3240.000,0.000,-2.000,0.000,0.000
57584.000,27.000,170255.000,32.000,3240.000,0.000,-2.000,0.000,0.000
57594.000,28.000,170283.000,32.000,3024.000,0.000,-2.000,0.000,0.000
57604.000,31.000,170314.000,32.000,3024.000,0.000,-2.000,0.000,0.000
57614.000,28.000,170342.000,32.000,3168.000,0.000,-2.000,0.000,0.000
57624.000,28.000,170370.000,32.000,3024.000,0.000,-2.000,0.000,0.000
57634.000,32.000,170402.000,32.000,2952.000,0.000,-2.000,0.000,0.000
57644.000,28.000,170430.000,32.000,3168.000,0.000,-2.000,0.000,0.000
57654.000,28.000,170458.000,32.000,2952.000,0.000,-2.000,0.000,0.000
57664.000,33.000,170491.000,32.000,2952.000,0.000,-2.000,0.000,0.000
57674.000,32.000,170523.000,32.000,3168.000,0.000,-2.000,0.000,0.000
57684.000,32.000,170555.000,32.000,3096.000,0.000,-2.000,0.000,0.000
57694.000,33.000,170588.000,32.000,3168.000,0.000,-2.000,0.000,0.000
57704.000,29.000,170617.000,32.000,3168.000,0.000,-2.000,0.000,0.000
57714.000,28.000,170645.000,32.000,3024.000,0.000,-2.000,0.000,0.000
57724.000,32.000,170677.000,32.000,2952.000,0.000,-2.000,0.000,0.000
57734.000,33.000,170710.000,32.000,3096.000,0.000,-2.000,0.000,0.000
57744.000,29.000,170739.000,32.000,3168.000,0.000,-2.000,0.000,0.000
57754.000,32.000,170771.000,32.000,3024.000,0.000,-2.000,0.000,0.000
57764.000,30.000,170801.000,32.000,3168.000,0.000,-2.000,0.000,0.000
57774.000,32.000,170833.000,32.000,3024.000,0.000,-2.000,0.000,0.000
57784.000,33.000,170866.000,32.000,3168.000,0.000,-2.000,0.000,0.000
57794.000,32.000,170898.000,32.000,3240.000,0.000,-2.000,0.000,0.000
57804.000,31.000,170929.000,0.000,0.000,0.000,-2.000,0.000,0.000
57814.000,33.000,170962.000,0.000,0.000,0.000,-2.000,0.000,0.000
57824.000,40.000,171002.000,0.000,0.000,0.000,-2.000,0.000,0.000
57834.000,39.000,171041.000,0.000,0.000,0.000,-2.000,0.000,0.000
57844.000,40.000,171081.000,0.000,0.000,0.000,-2.000,0.000,0.000
57854.000,43.000,171124.000,0.000,0.000,0.000,-2.000,0.000,0.000
57864.000,45.000,171169.000,0.000,0.000,0.000,-2.000,0.000,0.000
57874.000,45.000,171214.000,0.000,0.000,0.000,-2.000,0.000,0.000
57884.000,47.000,171261.000,0.000,0.000,0.000,-2.000,0.000,0.000
57894.000,49.000,171310.000,0.000,0.000,0.000,-2.000,0.000,0.000
57904.000,49.000,171359.000,0.000,0.000,0.000,-2.000,0.000,0.000
57914.000,46.000,171405.000,0.000,0.000,0.000,-2.000,0.000,0.000
57924.000,51.000,171456.000,0.000,0.000,0.000,-2.000,0.000,0.000
57934.000,51.000,171507.000,0.000,0.000,0.000,-2.000,0.000,0.000
57944.000,54.000,171561.000,0.000,0.000,0.000,-2.000,0.000,0.000
57954.000,52.000,171613.000,0.000,0.000,0.000,-2.000,0.000,0.000
57964.000,54.000,171667.000,0.000,0.000,0.000,-2.000,0.000,0.000
57974.000,50.000,171717.000,0.000,0.000,0.000,-2.000,0.000,0.000
57984.000,54.000,171771.000,0.000,0.000,0.000,-2.000,0.000,0.000
57994.000,54.000,171825.000,0.000,0.000,0.000,-2.000,0.000,0.000
58004.000,54.000,171879.000,0.000,0.000,0.000,-2.000,0.000,0.000
58014.000,52.000,171931.000,0.000,0.000,0.000,-2.000,0.000,0.000
58024.000,55.000,171986.000,0.000,0.000,0.000,-2.000,0.000,0.000
58034.000,55.000,172041.000,0.000,0.000,0.000,-2.000,0.000,0.000
58044.000,56.000,172097.000,0.000,0.000,0.000,-2.000,0.000,0.000
58054.000,52.000,172149.000,0.000,0.000,0.000,-2.000,0.000,0.000
58064.000,55.000,172204.000,0.000,0.000,0.000,-2.000,0.000,0.000
58074.000,56.000,172260.000,0.000,0.000,0.000,-2.000,0.000,0.000
58084.000,56.000,172316.000,0.000,0.000,0.000,-2.000,0.000,0.000
58094.000,55.000,172371.000,0.000,0.000,0.000,-2.000,0.000,0.000
58104.000,54.000,172425.000,0.000,0.000,0.000,-2.000,0.000,0.000
58114.000,56.000,172481.000,0.000,0.000,0.000,-2.000,0.000,0.000
58124.000,56.000,172537.000,0.000,0.000,0.000,-2.000,0.000,0.000
58134.000,52.000,172589.000,0.000,0.000,0.000,-2.000,0.000,0.000
58144.000,57.000,172646.000,0.000,0.000,0.000,-2.000,0.000,0.000
58154.000,56.000,172702.000,0.000,0.000,0.000,-2.000,0.000,0.000
58164.000,61.000,172763.000,0.000,0.000,0.000,-2.000,0.000,0.000
58174.000,52.000,172815.000,0.000,0.000,0.000,-2.000,0.000,0.000
58184.000,56.000,172871.000,0.000,0.000,0.000,-2.000,0.000,0.000
58194.000,58.000,172929.000,0.000,0.000,0.000,-2.000,0.000,0.000
58204.000,56.000,172985.000,0.000,0.000,0.000,-2.000,0.000,0.000
58214.000,57.000,173042.000,0.000,0.000,0.000,-2.000,0.000,0.000
58224.000,56.000,173098.000,0.000,0.000,0.000,-2.000,0.000,0.000
58234.000,57.000,173155.000,0.000,0.000,0.000,-2.000,0.000,0.000
58244.000,56.000,173211.000,0.000,0.000,0.000,-2.000,0.000,0.000
58254.000,54.000,173265.000,0.000,0.000,0.000,-2.000,0.000,0.000
58264.000,57.000,173322.000,0.000,0.000,0.000,-2.000,0.000,0.000
58274.000,57.000,173379.000,0.000,0.000,0.000,-2.000,0.000,0.000
58284.000,60.000,173439.000,0.000,0.000,0.000,-2.000,0.000,0.000
58294.000,54.000,173493.000,0.000,0.000,0.000,-2.000,0.000,0.000
58304.000,56.000,173549.000,0.000,0.000,0.000,-2.000,0.000,0.000
58314.000,57.000,173606.000,0.000,0.000,0.000,-2.000,0.000,0.000
58324.000,53.000,173659.000,0.000,0.000,0.000,-2.000,0.000,0.000
58334.000,62.000,173721.000,0.000,0.000,0.000,-2.000,0.000,0.000
58344.000,60.000,173781.000,0.000,0.000,0.000,-2.000,0.000,0.000
58354.000,57.000,173838.000,0.000,0.000,0.000,-2.000,0.000,0.000
58364.000,57.000,173895.000,0.000,0.000,0.000,-2.000,0.000,0.000
58374.000,60.000,173955.000,0.000,0.000,0.000,-2.000,0.000,0.000
58384.000,58.000,174013.000,0.000,0.000,0.000,-2.000,0.000,0.000
58394.000,57.000,174070.000,0.000,0.000,0.000,-2.000,0.000,0.000
58404.000,53.000,174123.000,0.000,0.000,0.000,-2.000,0.000,0.000
58414.000,60.000,174183.000,0.000,0.000,0.000,-2.000,0.000,0.000
58424.000,58.000,174241.000,0.000,0.000,0.000,-2.000,0.000,0.000
58434.000,53.000,174294.000,0.000,0.000,0.000,-2.000,0.000,0.000
58444.000,57.000,174351.000,0.000,0.000,0.000,-2.000,0.000,0.000
58454.000,60.000,174411.000,0.000,0.000,0.000,-2.000,0.000,0.000
58464.000,62.000,174473.000,0.000,0.000,0.000,-2.000,0.000,0.000
58474.000,52.000,174525.000,0.000,0.000,0.000,-2.000,0.000,0.000
58484.000,57.000,174582.000,0.000,0.000,0.000,-2.000,0.000,0.000
58494.000,57.000,174639.000,0.000,0.000,0.000,-2.000,0.000,0.000
58504.000,56.000,174695.000,0.000,0.000,0.000,-2.000,0.000,0.000
58514.000,58.000,174753.000,0.000,0.000,0.000,-2.000,0.000,0.000
58524.000,56.000,174809.000,0.000,0.000,0.000,-2.000,0.000,0.000
58534.000,57.000,174866.000,0.000,0.000,0.000,-2.000,0.000,0.000
58544.000,57.000,174923.000,0.000,0.000,0.000,-2.000,0.000,0.000
58554.000,53.000,174976.000,0.000,0.000,0.000,-2.000,0.000,0.000
58564.000,57.000,175033.000,0.000,0.000,0.000,-2.000,0.000,0.000
58574.000,60.000,175093.000,0.000,0.000,0.000,-2.000,0.000,0.000
58584.000,52.000,175145.000,0.000,0.000,0.000,-2.000,0.000,0.000
58594.000,57.000,175202.000,0.000,0.000,0.000,-2.000,0.000,0.000
58604.000,58.000,175260.000,0.000,0.000,0.000,-2.000,0.000,0.000
58614.000,56.000,175316.000,0.000,0.000,0.000,-2.000,0.000,0.000
58624.000,57.000,175373.000,0.000,0.000,0.000,-2.000,0.000,0.000
58634.000,57.000,175430.000,0.000,0.000,0.000,-2.000,0.000,0.000
58644.000,57.000,175487.000,0.000,0.000,0.000,-2.000,0.000,0.000
58654.000,57.000,175544.000,0.000,0.000,0.000,-2.000,0.000,0.000
58664.000,53.000,175597.000,0.000,0.000,0.000,-2.000,0.000,0.000
58674.000,57.000,175654.000,0.000,0.000,0.000,-2.000,0.000,0.000
58684.000,61.000,175715.000,0.000,0.000,0.000,-2.000,0.000,0.000
58694.000,56.000,175771.000,0.000,0.000,0.000,-2.000,0.000,0.000
58704.000,61.000,175832.000,0.000,0.000,0.000,-2.000,0.000,0.000
58714.000,57.000,175889.000,0.000,0.000,0.000,-2.000,0.000,0.000
58724.000,57.000,175946.000,0.000,0.000,0.000,-2.000,0.000,0.000
58734.000,57.000,176003.000,0.000,0.000,0.000,-2.000,0.000,0.000
58744.000,57.000,176060.000,0.000,0.000,0.000,-2.000,0.000,0.000
58754.000,61.000,176121.000,0.000,0.000,0.000,-2.000,0.000,0.000
58764.000,57.000,176178.000,0.000,0.000,0.000,-2.000,0.000,0.000
58774.000,53.000,176231.000,0.000,0.000,0.000,-2.000,0.000,0.000
58784.000,57.000,176288.000,0.000,0.000,0.000,-2.000,0.000,0.000
58794.000,57.000,176345.000,0.000,0.000,0.000,-2.000,0.000,0.000
58804.000,56.000,176401.000,0.000,0.000,0.000,-2.000,0.000,0.000
58814.000,58.000,176459.000,0.000,0.000,0.000,-2.000,0.000,0.000
58824.000,57.000,176516.000,0.000,0.000,0.000,-2.000,0.000,0.000
58834.000,61.000,176577.000,0.000,0.000,0.000,-2.000,0.000,0.000
58844.000,52.000,176629.000,0.000,0.000,0.000,-2.000,0.000,0.000
58854.000,62.000,176691.000,0.000,0.000,0.000,-2.000,0.000,0.000
58864.000,56.000,176747.000,0.000,0.000,0.000,-2.000,0.000,0.000
58874.000,57.000,176804.000,0.000,0.000,0.000,-2.000,0.000,0.000
58884.000,57.000,176861.000,0.000,0.000,0.000,-2.000,0.000,0.000
58894.000,56.000,176917.000,0.000,0.000,0.000,-2.000,0.000,0.000
58904.000,62.000,176979.000,0.000,0.000,0.000,-2.000,0.000,0.000
58914.000,56.000,177035.000,0.000,0.000,0.000,-2.000,0.000,0.000
58924.000,56.000,177091.000,0.000,0.000,0.000,-2.000,0.000,0.000
58934.000,57.000,177148.000,0.000,0.000,0.000,-2.000,0.000,0.000
58944.000,61.000,177209.000,0.000,0.000,0.000,-2.000,0.000,0.000
58954.000,53.000,177262.000,0.000,0.000,0.000,-2.000,0.000,0.000
58964.000,61.000,177323.000,0.000,0.000,0.000,-2.000,0.000,0.000
58974.000,56.000,177379.000,0.000,0.000,0.000,-2.000,0.000,0.000
58984.000,57.000,177436.000,0.000,0.000,0.000,-2.000,0.000,0.000
58994.000,57.000,177493.000,0.000,0.000,0.000,-2.000,0.000,0.000
59004.000,61.000,177554.000,0.000,0.000,0.000,-2.000,0.000,0.000
59014.000,57.000,177611.000,0.000,0.000,0.000,-2.000,0.000,0.000
59024.000,57.000,177668.000,0.000,0.000,0.000,-2.000,0.000,0.000
59034.000,53.000,177721.000,0.000,0.000,0.000,-2.000,0.000,0.000
59044.000,57.000,177778.000,0.000,0.000,0.000,-2.000,0.000,0.000
59054.000,61.000,177839.000,0.000,0.000,0.000,-2.000,0.000,0.000
59064.000,57.000,177896.000,0.000,0.000,0.000,-2.000,0.000,0.000
59074.000,53.000,177949.000,0.000,0.000,0.000,-2.000,0.000,0.000
59084.000,61.000,178010.000,0.000,0.000,0.000,-2.000,0.000,0.000
59094.000,61.000,178071.000,0.000,0.000,0.000,-2.000,0.000,0.000
59104.000,57.000,178128.000,0.000,0.000,0.000,-2.000,0.000,0.000
59114.000,60.000,178188.000,0.000,0.000,0.000,-2.000,0.000,0.000
59124.000,58.000,178246.000,0.000,0.000,0.000,-2.000,0.000,0.000
59134.000,57.000,178303.000,0.000,0.000,0.000,-2.000,0.000,0.000
59144.000,57.000,178360.000,0.000,0.000,0.000,-2.000,0.000,0.000
59154.000,57.000,178417.000,0.000,0.000,0.000,-2.000,0.000,0.000
59164.000,61.000,178478.000,0.000,0.000,0.000,-2.000,0.000,0.000
59174.000,57.000,178535.000,0.000,0.000,0.000,-2.000,0.000,0.000
59184.000,57.000,178592.000,0.000,0.000,0.000,-2.000,0.000,0.000
59194.000,58.000,178650.000,0.000,0.000,0.000,-2.000,0.000,0.000
59204.000,56.000,178706.000,0.000,0.000,0.000,-2.000,0.000,0.000
59214.000,57.000,178763.000,0.000,0.000,0.000,-2.000,0.000,0.000
59224.000,57.000,178820.000,0.000,0.000,0.000,-2.000,0.000,0.000
59234.000,57.000,178877.000,0.000,0.000,0.000,-2.000,0.000,0.000
59244.000,57.000,178934.000,0.000,0.000,0.000,-2.000,0.000,0.000
59254.000,53.000,178987.000,0.000,0.000,0.000,-2.000,0.000,0.000
59264.000,57.000,179044.000,0.000,0.000,0.000,-2.000,0.000,0.000
59274.000,56.000,179100.000,0.000,0.000,0.000,-2.000,0.000,0.000
59284.000,62.000,179162.000,0.000,0.000,0.000,-2.000,0.000,0.000
59294.000,57.000,179219.000,0.000,0.000,0.000,-2.000,0.000,0.000
59304.000,57.000,179276.000,0.000,0.000,0.000,-2.000,0.000,0.000
59314.000,60.000,179336.000,0.000,0.000,0.000,-2.000,0.000,0.000
59324.000,58.000,179394.000,0.000,0.000,0.000,-2.000,0.000,0.000
59334.000,57.000,179451.000,0.000,0.000,0.000,-2.000,0.000,0.000
59344.000,56.000,179507.000,0.000,0.000,0.000,-2.000,0.000,0.000
59354.000,57.000,179564.000,0.000,0.000,0.000,-2.000,0.000,0.000
59364.000,57.000,179621.000,0.000,0.000,0.000,-2.000,0.000,0.000
59374.000,61.000,179682.000,0.000,0.000,0.000,-2.000,0.000,0.000
59384.000,57.000,179739.000,0.000,0.000,0.000,-2.000,0.000,0.000
59394.000,57.000,179796.000,0.000,0.000,0.000,-2.000,0.000,0.000
59404.000,56.000,179852.000,0.000,0.000,0.000,-2.000,0.000,0.000
59414.000,58.000,179910.000,0.000,0.000,0.000,-2.000,0.000,0.000
59424.000,56.000,179966.000,0.000,0.000,0.000,-2.000,0.000,0.000
59434.000,58.000,180024.000,0.000,0.000,0.000,-2.000,0.000,0.000
59444.000,57.000,180081.000,0.000,0.000,0.000,-2.000,0.000,0.000
59454.000,57.000,180138.000,0.000,0.000,0.000,-2.000,0.000,0.000
59464.000,57.000,180195.000,0.000,0.000,0.000,-2.000,0.000,0.000
59474.000,53.000,180248.000,0.000,0.000,0.000,-2.000,0.000,0.000
59484.000,57.000,180305.000,0.000,0.000,0.000,-2.000,0.000,0.000
59494.000,57.000,180362.000,0.000,0.000,0.000,-2.000,0.000,0.000
59504.000,61.000,180423.000,0.000,0.000,0.000,-2.000,0.000,0.000
59514.000,53.000,180476.000,0.000,0.000,0.000,-2.000,0.000,0.000
59524.000,56.000,180532.000,0.000,0.000,0.000,-2.000,0.000,0.000
59534.000,58.000,180590.000,0.000,0.000,0.000,-2.000,0.000,0.000
59544.000,61.000,180651.000,0.000,0.000,0.000,-2.000,0.000,0.000
59554.000,53.000,180704.000,0.000,0.000,0.000,-2.000,0.000,0.000
59564.000,56.000,180760.000,0.000,0.000,0.000,-2.000,0.000,0.000
59574.000,58.000,180818.000,0.000,0.000,0.000,-2.000,0.000,0.000
59584.000,53.000,180871.000,0.000,0.000,0.000,-2.000,0.000,0.000
59594.000,57.000,180928.000,0.000,0.000,0.000,-2.000,0.000,0.000
59604.000,56.000,180984.000,0.000,0.000,0.000,-2.000,0.000,0.000
59614.000,62.000,181046.000,0.000,0.000,0.000,-2.000,0.000,0.000
59624.000,53.000,181099.000,0.000,0.000,0.000,-2.000,0.000,0.000
59634.000,57.000,181156.000,0.000,0.000,0.000,-2.000,0.000,0.000
59644.000,56.000,181212.000,0.000,0.000,0.000,-2.000,0.000,0.000
59654.000,61.000,181273.000,0.000,0.000,0.000,-2.000,0.000,0.000
59664.000,57.000,181330.000,0.000,0.000,0.000,-2.000,0.000,0.000
59674.000,57.000,181387.000,0.000,0.000,0.000,-2.000,0.000,0.000
59684.000,56.000,181443.000,0.000,0.000,0.000,-2.000,0.000,0.000
59694.000,61.000,181504.000,0.000,0.000,0.000,-2.000,0.000,0.000
59704.000,53.000,181557.000,0.000,0.000,0.000,-2.000,0.000,0.000
59714.000,61.000,181618.000,0.000,0.000,0.000,-2.000,0.000,0.000
59724.000,61.000,181679.000,0.000,0.000,0.000,-2.000,0.000,0.000
59734.000,53.000,181732.000,0.000,0.000,0.000,-2.000,0.000,0.000
59744.000,56.000,181788.000,0.000,0.000,0.000,-2.000,0.000,0.000
59754.000,58.000,181846.000,0.000,0.000,0.000,-2.000,0.000,0.000
59764.000,57.000,181903.000,0.000,0.000,0.000,-2.000,0.000,0.000
59774.000,52.000,181955.000,0.000,0.000,0.000,-2.000,0.000,0.000
59784.000,61.000,182016.000,0.000,0.000,0.000,-2.000,0.000,0.000
59794.000,58.000,182074.000,0.000,0.000,0.000,-2.000,0.000,0.000
59804.000,56.000,182130.000,0.000,0.000,0.000,-2.000,0.000,0.000
59814.000,57.000,182187.000,0.000,0.000,0.000,-2.000,0.000,0.000
59824.000,57.000,182244.000,0.000,0.000,0.000,-2.000,0.000,0.000
59834.000,57.000,182301.000,0.000,0.000,0.000,-2.000,0.000,0.000
59844.000,53.000,182354.000,0.000,0.000,0.000,-2.000,0.000,0.000
59854.000,57.000,182411.000,0.000,0.000,0.000,-2.000,0.000,0.000
59864.000,57.000,182468.000,0.000,0.000,0.000,-2.000,0.000,0.000
59874.000,56.000,182524.000,0.000,0.000,0.000,-2.000,0.000,0.000
59884.000,54.000,182578.000,0.000,0.000,0.000,-2.000,0.000,0.000
59894.000,57.000,182635.000,0.000,0.000,0.000,-2.000,0.000,0.000
59904.000,57.000,182692.000,0.000,0.000,0.000,-2.000,0.000,0.000
59914.000,60.000,182752.000,0.000,0.000,0.000,-2.000,0.000,0.000
59924.000,62.000,182814.000,0.000,0.000,0.000,-2.000,0.000,0.000
59934.000,62.000,182876.000,0.000,0.000,0.000,-2.000,0.000,0.000
59944.000,60.000,182936.000,0.000,0.000,0.000,-2.000,0.000,0.000
59954.000,54.000,182990.000,0.000,0.000,0.000,-2.000,0.000,0.000
59964.000,61.000,183051.000,0.000,0.000,0.000,-2.000,0.000,0.000
59974.000,60.000,183111.000,0.000,0.000,0.000,-2.000,0.000,0.000
59984.000,57.000,183168.000,0.000,0.000,0.000,-2.000,0.000,0.000
59994.000,54.000,183222.000,0.000,0.000,0.000,-2.000,0.000,0.000
60004.000,56.000,183278.000,0.000,0.000,0.000,-2.000,0.000,0.000
60014.000,61.000,183339.000,0.000,0.000,0.000,-2.000,0.000,0.000
60024.000,57.000,183396.000,0.000,0.000,0.000,-2.000,0.000,0.000
60034.000,53.000,183449.000,0.000,0.000,0.000,-2.000,0.000,0.000
60044.000,57.000,183506.000,0.000,0.000,0.000,-2.000,0.000,0.000
60054.000,61.000,183567.000,0.000,0.000,0.000,-2.000,0.000,0.000
60064.000,61.000,183628.000,0.000,0.000,0.000,-2.000,0.000,0.000
60074.000,53.000,183681.000,0.000,0.000,0.000,-2.000,0.000,0.000
60084.000,57.000,183738.000,0.000,0.000,0.000,-2.000,0.000,0.000
60094.000,57.000,183795.000,0.000,0.000,0.000,-2.000,0.000,0.000
60104.000,53.000,183848.000,0.000,0.000,0.000,-2.000,0.000,0.000
60114.000,57.000,183905.000,0.000,0.000,0.000,-2.000,0.000,0.000
60124.000,57.000,183962.000,0.000,0.000,0.000,-2.000,0.000,0.000
60134.000,57.000,184019.000,0.000,0.000,0.000,-2.000,0.000,0.000
60144.000,57.000,184076.000,0.000,0.000,0.000,-2.000,0.000,0.000
60154.000,62.000,184138.000,0.000,0.000,0.000,-2.000,0.000,0.000
60164.000,56.000,184194.000,0.000,0.000,0.000,-2.000,0.000,0.000
60174.000,57.000,184251.000,0.000,0.000,0.000,-2.000,0.000,0.000
60184.000,57.000,184308.000,0.000,0.000,0.000,-2.000,0.000,0.000
60194.000,62.000,184370.000,0.000,0.000,0.000,-2.000,0.000,0.000
60204.000,57.000,184427.000,0.000,0.000,0.000,-2.000,0.000,0.000
60214.000,53.000,184480.000,0.000,0.000,0.000,-2.000,0.000,0.000
60224.000,58.000,184538.000,0.000,0.000,0.000,-2.000,0.000,0.000
60234.000,56.000,184594.000,0.000,0.000,0.000,-2.000,0.000,0.000
60244.000,61.000,184655.000,0.000,0.000,0.000,-2.000,0.000,0.000
60254.000,53.000,184708.000,0.000,0.000,0.000,-2.000,0.000,0.000
60264.000,58.000,184766.000,0.000,0.000,0.000,-2.000,0.000,0.000
60274.000,57.000,184823.000,0.000,0.000,0.000,-2.000,0.000,0.000
60284.000,57.000,184880.000,0.000,0.000,0.000,-2.000,0.000,0.000
60294.000,57.000,184937.000,0.000,0.000,0.000,-2.000,0.000,0.000
60304.000,57.000,184994.000,0.000,0.000,0.000,-2.000,0.000,0.000
60314.000,57.000,185051.000,0.000,0.000,0.000,-2.000,0.000,0.000
60324.000,53.000,185104.000,0.000,0.000,0.000,-2.000,0.000,0.000
60334.000,62.000,185166.000,0.000,0.000,0.000,-2.000,0.000,0.000
60344.000,57.000,185223.000,0.000,0.000,0.000,-2.000,0.000,0.000
60354.000,57.000,185280.000,0.000,0.000,0.000,-2.000,0.000,0.000
60364.000,53.000,185333.000,0.000,0.000,0.000,-2.000,0.000,0.000
60374.000,57.000,185390.000,0.000,0.000,0.000,-2.000,0.000,0.000
60384.000,57.000,185447.000,0.000,0.000,0.000,-2.000,0.000,0.000
60394.000,57.000,185504.000,0.000,0.000,0.000,-2.000,0.000,0.000
60404.000,53.000,185557.000,0.000,0.000,0.000,-2.000,0.000,0.000
60414.000,57.000,185614.000,0.000,0.000,0.000,-2.000,0.000,0.000
60424.000,57.000,185671.000,0.000,0.000,0.000,-2.000,0.000,0.000
60434.000,53.000,185724.000,0.000,0.000,0.000,-2.000,0.000,0.000
60444.000,56.000,185780.000,0.000,0.000,0.000,-2.000,0.000,0.000
60454.000,58.000,185838.000,0.000,0.000,0.000,-2.000,0.000,0.000
60464.000,57.000,185895.000,0.000,0.000,0.000,-2.000,0.000,0.000
60474.000,57.000,185952.000,0.000,0.000,0.000,-2.000,0.000,0.000
60484.000,58.000,186010.000,0.000,0.000,0.000,-2.000,0.000,0.000
60494.000,56.000,186066.000,0.000,0.000,0.000,-2.000,0.000,0.000
60504.000,61.000,186127.000,0.000,0.000,0.000,-2.000,0.000,0.000
60514.000,53.000,186180.000,0.000,0.000,0.000,-2.000,0.000,0.000
60524.000,61.000,186241.000,0.000,0.000,0.000,-2.000,0.000,0.000
60534.000,57.000,186298.000,0.000,0.000,0.000,-2.000,0.000,0.000
60544.000,57.000,186355.000,0.000,0.000,0.000,-2.000,0.000,0.000
60554.000,60.000,186415.000,0.000,0.000,0.000,-2.000,0.000,0.000
60564.000,58.000,186473.000,0.000,0.000,0.000,-2.000,0.000,0.000
60574.000,57.000,186530.000,0.000,0.000,0.000,-2.000,0.000,0.000
60584.000,57.000,186587.000,0.000,0.000,0.000,-2.000,0.000,0.000
60594.000,56.000,186643.000,0.000,0.000,0.000,-2.000,0.000,0.000
60604.000,58.000,186701.000,0.000,0.000,0.000,-2.000,0.000,0.000
60614.000,57.000,186758.000,0.000,0.000,0.000,-2.000,0.000,0.000
60624.000,53.000,186811.000,0.000,0.000,0.000,-2.000,0.000,0.000
60634.000,58.000,186869.000,0.000,0.000,0.000,-2.000,0.000,0.000
60644.000,60.000,186929.000,0.000,0.000,0.000,-2.000,0.000,0.000
60654.000,53.000,186982.000,0.000,0.000,0.000,-2.000,0.000,0.000
60664.000,57.000,187039.000,0.000,0.000,0.000,-2.000,0.000,0.000
60674.000,58.000,187097.000,0.000,0.000,0.000,-2.000,0.000,0.000
60684.000,57.000,187154.000,0.000,0.000,0.000,-2.000,0.000,0.000
60694.000,53.000,187207.000,0.000,0.000,0.000,-2.000,0.000,0.000
60704.000,58.000,187265.000,0.000,0.000,0.000,-2.000,0.000,0.000
60714.000,56.000,187321.000,0.000,0.000,0.000,-2.000,0.000,0.000
60724.000,61.000,187382.000,0.000,0.000,0.000,-2.000,0.000,0.000
60734.000,53.000,187435.000,0.000,0.000,0.000,-2.000,0.000,0.000
60744.000,58.000,187493.000,0.000,0.000,0.000,-2.000,0.000,0.000
60754.000,57.000,187550.000,0.000,0.000,0.000,-2.000,0.000,0.000
60764.000,57.000,187607.000,0.000,0.000,0.000,-2.000,0.000,0.000
60774.000,60.000,187667.000,0.000,0.000,0.000,-2.000,0.000,0.000
60784.000,58.000,187725.000,0.000,0.000,0.000,-2.000,0.000,0.000
60794.000,61.000,187786.000,0.000,0.000,0.000,-2.000,0.000,0.000
60804.000,57.000,187843.000,0.000,0.000,0.000,-2.000,0.000,0.000
60814.000,62.000,187905.000,0.000,0.000,0.000,-2.000,0.000,0.000
60824.000,56.000,187961.000,0.000,0.000,0.000,-2.000,0.000,0.000
60834.000,57.000,188018.000,0.000,0.000,0.000,-2.000,0.000,0.000
60844.000,53.000,188071.000,0.000,0.000,0.000,-2.000,0.000,0.000
60854.000,58.000,188129.000,0.000,0.000,0.000,-2.000,0.000,0.000
60864.000,56.000,188185.000,0.000,0.000,0.000,-2.000,0.000,0.000
60874.000,57.000,188242.000,0.000,0.000,0.000,-2.000,0.000,0.000
60884.000,57.000,188299.000,0.000,0.000,0.000,-2.000,0.000,0.000
60894.000,57.000,188356.000,0.000,0.000,0.000,-2.000,0.000,0.000
60904.000,57.000,188413.000,0.000,0.000,0.000,-2.000,0.000,0.000
60914.000,57.000,188470.000,0.000,0.000,0.000,-2.000,0.000,0.000
60924.000,57.000,188527.000,0.000,0.000,0.000,-2.000,0.000,0.000
60934.000,58.000,188585.000,0.000,0.000,0.000,-2.000,0.000,0.000
60944.000,56.000,188641.000,0.000,0.000,0.000,-2.000,0.000,0.000
60954.000,57.000,188698.000,0.000,0.000,0.000,-2.000,0.000,0.000
60964.000,61.000,188759.000,0.000,0.000,0.000,-2.000,0.000,0.000
60974.000,58.000,188817.000,0.000,0.000,0.000,-2.000,0.000,0.000
60984.000,56.000,188873.000,0.000,0.000,0.000,-2.000,0.000,0.000
60994.000,57.000,188930.000,0.000,0.000,0.000,-2.000,0.000,0.000
61004.000,57.000,188987.000,0.000,0.000,0.000,-2.000,0.000,0.000
61014.000,57.000,189044.000,0.000,0.000,0.000,-2.000,0.000,0.000
61024.000,57.000,189101.000,0.000,0.000,0.000,-2.000,0.000,0.000
61034.000,57.000,189158.000,0.000,0.000,0.000,-2.000,0.000,0.000
61044.000,58.000,189216.000,0.000,0.000,0.000,-2.000,0.000,0.000
61054.000,57.000,189273.000,0.000,0.000,0.000,-2.000,0.000,0.000
61064.000,53.000,189326.000,0.000,0.000,0.000,-2.000,0.000,0.000
61074.000,58.000,189384.000,0.000,0.000,0.000,-2.000,0.000,0.000
61084.000,56.000,189440.000,0.000,0.000,0.000,-2.000,0.000,0.000
61094.000,53.000,189493.000,0.000,0.000,0.000,-2.000,0.000,0.000
61104.000,61.000,189554.000,0.000,0.000,0.000,-2.000,0.000,0.000
61114.000,58.000,189612.000,0.000,0.000,0.000,-2.000,0.000,0.000
61124.000,61.000,189673.000,0.000,0.000,0.000,-2.000,0.000,0.000
61134.000,57.000,189730.000,0.000,0.000,0.000,-2.000,0.000,0.000
61144.000,58.000,189788.000,0.000,0.000,0.000,-2.000,0.000,0.000
61154.000,56.000,189844.000,0.000,0.000,0.000,-2.000,0.000,0.000
61164.000,57.000,189901.000,0.000,0.000,0.000,-2.000,0.000,0.000
61174.000,53.000,189954.000,0.000,0.000,0.000,-2.000,0.000,0.000
61184.000,62.000,190016.000,0.000,0.000,0.000,-2.000,0.000,0.000
61194.000,57.000,190073.000,0.000,0.000,0.000,-2.000,0.000,0.000
61204.000,52.000,190125.000,0.000,0.000,0.000,-2.000,0.000,0.000
61214.000,57.000,190182.000,0.000,0.000,0.000,-2.000,0.000,0.000
61224.000,62.000,190244.000,0.000,0.000,0.000,-2.000,0.000,0.000
61234.000,57.000,190301.000,0.000,0.000,0.000,-2.000,0.000,0.000
61244.000,57.000,190358.000,0.000,0.000,0.000,-2.000,0.000,0.000
61254.000,58.000,190416.000,0.000,0.000,0.000,-2.000,0.000,0.000
61264.000,56.000,190472.000,0.000,0.000,0.000,-2.000,0.000,0.000
61274.000,58.000,190530.000,0.000,0.000,0.000,-2.000,0.000,0.000
61284.000,56.000,190586.000,0.000,0.000,0.000,-2.000,0.000,0.000
61294.000,61.000,190647.000,0.000,0.000,0.000,-2.000,0.000,0.000
61304.000,57.000,190704.000,0.000,0.000,0.000,-2.000,0.000,0.000
61314.000,53.000,190757.000,0.000,0.000,0.000,-2.000,0.000,0.000
61324.000,57.000,190814.000,0.000,0.000,0.000,-2.000,0.000,0.000
61334.000,61.000,190875.000,0.000,0.000,0.000,-2.000,0.000,0.000
61344.000,57.000,190932.000,0.000,0.000,0.000,-2.000,0.000,0.000
61354.000,56.000,190988.000,0.000,0.000,0.000,-2.000,0.000,0.000
61364.000,58.000,191046.000,0.000,0.000,0.000,-2.000,0.000,0.000
61374.000,57.000,191103.000,0.000,0.000,0.000,-2.000,0.000,0.000
61384.000,57.000,191160.000,0.000,0.000,0.000,-2.000,0.000,0.000
61394.000,58.000,191218.000,0.000,0.000,0.000,-2.000,0.000,0.000
61404.000,60.000,191278.000,0.000,0.000,0.000,-2.000,0.000,0.000
61414.000,58.000,191336.000,0.000,0.000,0.000,-2.000,0.000,0.000
61424.000,56.000,191392.000,0.000,0.000,0.000,-2.000,0.000,0.000
61434.000,58.000,191450.000,0.000,0.000,0.000,-2.000,0.000,0.000
61444.000,61.000,191511.000,0.000,0.000,0.000,-2.000,0.000,0.000
61454.000,57.000,191568.000,0.000,0.000,0.000,-2.000,0.000,0.000
61464.000,54.000,191622.000,0.000,0.000,0.000,-2.000,0.000,0.000
61474.000,57.000,191679.000,0.000,0.000,0.000,-2.000,0.000,0.000
61484.000,57.000,191736.000,0.000,0.000,0.000,-2.000,0.000,0.000
61494.000,58.000,191794.000,0.000,0.000,0.000,-2.000,0.000,0.000
61504.000,57.000,191851.000,0.000,0.000,0.000,-2.000,0.000,0.000
61514.000,57.000,191908.000,0.000,0.000,0.000,-2.000,0.000,0.000
61524.000,56.000,191964.000,0.000,0.000,0.000,-2.000,0.000,0.000
61534.000,58.000,192022.000,0.000,0.000,0.000,-2.000,0.000,0.000
61544.000,57.000,192079.000,0.000,0.000,0.000,-2.000,0.000,0.000
61554.000,61.000,192140.000,0.000,0.000,0.000,-2.000,0.000,0.000
61564.000,62.000,192202.000,0.000,0.000,0.000,-2.000,0.000,0.000
61574.000,60.000,192262.000,0.000,0.000,0.000,-2.000,0.000,0.000
61584.000,61.000,192323.000,0.000,0.000,0.000,-2.000,0.000,0.000
61594.000,57.000,192380.000,0.000,0.000,0.000,-2.000,0.000,0.000
61604.000,53.000,192433.000,0.000,0.000,0.000,-2.000,0.000,0.000
61614.000,57.000,192490.000,0.000,0.000,0.000,-2.000,0.000,0.000
61624.000,61.000,192551.000,0.000,0.000,0.000,-2.000,0.000,0.000
61634.000,57.000,192608.000,0.000,0.000,0.000,-2.000,0.000,0.000
61644.000,53.000,192661.000,0.000,0.000,0.000,-2.000,0.000,0.000
61654.000,58.000,192719.000,0.000,0.000,0.000,-2.000,0.000,0.000
61664.000,56.000,192775.000,0.000,0.000,0.000,-2.000,0.000,0.000
61674.000,62.000,192837.000,0.000,0.000,0.000,-2.000,0.000,0.000
61684.000,57.000,192894.000,0.000,0.000,0.000,-2.000,0.000,0.000
61694.000,61.000,192955.000,0.000,0.000,0.000,-2.000,0.000,0.000
61704.000,61.000,193016.000,0.000,0.000,0.000,-2.000,0.000,0.000
61714.000,53.000,193069.000,0.000,0.000,0.000,-2.000,0.000,0.000
61724.000,61.000,193130.000,0.000,0.000,0.000,-2.000,0.000,0.000
61734.000,57.000,193187.000,0.000,0.000,0.000,-2.000,0.000,0.000
61744.000,58.000,193245.000,0.000,0.000,0.000,-2.000,0.000,0.000
61754.000,53.000,193298.000,0.000,0.000,0.000,-2.000,0.000,0.000
61764.000,61.000,193359.000,0.000,0.000,0.000,-2.000,0.000,0.000
61774.000,61.000,193420.000,0.000,0.000,0.000,-2.000,0.000,0.000
61784.000,57.000,193477.000,0.000,0.000,0.000,-2.000,0.000,0.000
61794.000,56.000,193533.000,0.000,0.000,0.000,-2.000,0.000,0.000
61804.000,61.000,193594.000,0.000,0.000,0.000,-2.000,0.000,0.000
61814.000,58.000,193652.000,0.000,0.000,0.000,-2.000,0.000,0.000
61824.000,57.000,193709.000,0.000,0.000,0.000,-2.000,0.000,0.000
61834.000,61.000,193770.000,0.000,0.000,0.000,-2.000,0.000,0.000
61844.000,58.000,193828.000,0.000,0.000,0.000,-2.000,0.000,0.000
61854.000,60.000,193888.000,0.000,0.000,0.000,-2.000,0.000,0.000
61864.000,57.000,193945.000,0.000,0.000,0.000,-2.000,0.000,0.000
61874.000,57.000,194002.000,0.000,0.000,0.000,-2.000,0.000,0.000
61884.000,58.000,194060.000,0.000,0.000,0.000,-2.000,0.000,0.000
61894.000,57.000,194117.000,0.000,0.000,0.000,-2.000,0.000,0.000
61904.000,60.000,194177.000,0.000,0.000,0.000,-2.000,0.000,0.000
61914.000,62.000,194239.000,0.000,0.000,0.000,-2.000,0.000,0.000
61924.000,57.000,194296.000,0.000,0.000,0.000,-2.000,0.000,0.000
61934.000,52.000,194348.000,0.000,0.000,0.000,-2.000,0.000,0.000
61944.000,61.000,194409.000,0.000,0.000,0.000,-2.000,0.000,0.000
61954.000,58.000,194467.000,0.000,0.000,0.000,-2.000,0.000,0.000
61964.000,57.000,194524.000,0.000,0.000,0.000,-2.000,0.000,0.000
61974.000,53.000,194577.000,0.000,0.000,0.000,-2.000,0.000,0.000
61984.000,58.000,194635.000,0.000,0.000,0.000,-2.000,0.000,0.000
61994.000,56.000,194691.000,0.000,0.000,0.000,-2.000,0.000,0.000
62004.000,61.000,194752.000,0.000,0.000,0.000,-2.000,0.000,0.000
62014.000,53.000,194805.000,0.000,0.000,0.000,-2.000,0.000,0.000
62024.000,62.000,194867.000,0.000,0.000,0.000,-2.000,0.000,0.000
62034.000,57.000,194924.000,0.000,0.000,0.000,-2.000,0.000,0.000
62044.000,52.000,194976.000,0.000,0.000,0.000,-2.000,0.000,0.000
62054.000,57.000,195033.000,0.000,0.000,0.000,-2.000,0.000,0.000
62064.000,58.000,195091.000,0.000,0.000,0.000,-2.000,0.000,0.000
62074.000,57.000,195148.000,0.000,0.000,0.000,-2.000,0.000,0.000
62084.000,53.000,195201.000,0.000,0.000,0.000,-2.000,0.000,0.000
62094.000,58.000,195259.000,0.000,0.000,0.000,-2.000,0.000,0.000
62104.000,56.000,195315.000,0.000,0.000,0.000,-2.000,0.000,0.000
62114.000,57.000,195372.000,0.000,0.000,0.000,-2.000,0.000,0.000
62124.000,53.000,195425.000,0.000,0.000,0.000,-2.000,0.000,0.000
62134.000,58.000,195483.000,0.000,0.000,0.000,-2.000,0.000,0.000
62144.000,56.000,195539.000,0.000,0.000,0.000,-2.000,0.000,0.000
62154.000,53.000,195592.000,0.000,0.000,0.000,-2.000,0.000,0.000
62164.000,61.000,195653.000,0.000,0.000,0.000,-2.000,0.000,0.000
62174.000,58.000,195711.000,0.000,0.000,0.000,-2.000,0.000,0.000
62184.000,57.000,195768.000,0.000,0.000,0.000,-2.000,0.000,0.000
62194.000,57.000,195825.000,0.000,0.000,0.000,-2.000,0.000,0.000
62204.000,58.000,195883.000,0.000,0.000,0.000,-2.000,0.000,0.000
62214.000,56.000,195939.000,0.000,0.000,0.000,-2.000,0.000,0.000
62224.000,58.000,195997.000,0.000,0.000,0.000,-2.000,0.000,0.000
62234.000,56.000,196053.000,0.000,0.000,0.000,-2.000,0.000,0.000
62244.000,57.000,196110.000,0.000,0.000,0.000,-2.000,0.000,0.000
62254.000,57.000,196167.000,0.000,0.000,0.000,-2.000,0.000,0.000
62264.000,53.000,196220.000,0.000,0.000,0.000,-2.000,0.000,0.000
62274.000,58.000,196278.000,0.000,0.000,0.000,-2.000,0.000,0.000
62284.000,61.000,196339.000,0.000,0.000,0.000,-2.000,0.000,0.000
62294.000,61.000,196400.000,0.000,0.000,0.000,-2.000,0.000,0.000
62304.000,61.000,196461.000,0.000,0.000,0.000,-2.000,0.000,0.000
62314.000,61.000,196522.000,0.000,0.000,0.000,-2.000,0.000,0.000
62324.000,57.000,196579.000,0.000,0.000,0.000,-2.000,0.000,0.000
62334.000,57.000,196636.000,0.000,0.000,0.000,-2.000,0.000,0.000
62344.000,53.000,196689.000,0.000,0.000,0.000,-2.000,0.000,0.000
62354.000,57.000,196746.000,0.000,0.000,0.000,-2.000,0.000,0.000
62364.000,57.000,196803.000,0.000,0.000,0.000,-2.000,0.000,0.000
62374.000,53.000,196856.000,0.000,0.000,0.000,-2.000,0.000,0.000
62384.000,62.000,196918.000,0.000,0.000,0.000,-2.000,0.000,0.000
62394.000,60.000,196978.000,0.000,0.000,0.000,-2.000,0.000,0.000
62404.000,62.000,197040.000,0.000,0.000,0.000,-2.000,0.000,0.000
62414.000,55.000,197095.000,0.000,0.000,0.000,-2.000,0.000,0.000
62424.000,62.000,197157.000,0.000,0.000,0.000,-2.000,0.000,0.000
62434.000,57.000,197214.000,0.000,0.000,0.000,-2.000,0.000,0.000
62444.000,57.000,197271.000,0.000,0.000,0.000,-2.000,0.000,0.000
62454.000,57.000,197328.000,0.000,0.000,0.000,-2.000,0.000,0.000
62464.000,57.000,197385.000,0.000,0.000,0.000,-2.000,0.000,0.000
62474.000,57.000,197442.000,0.000,0.000,0.000,-2.000,0.000,0.000
62484.000,53.000,197495.000,0.000,0.000,0.000,-2.000,0.000,0.000
62494.000,56.000,197551.000,0.000,0.000,0.000,-2.000,0.000,0.000
62504.000,58.000,197609.000,0.000,0.000,0.000,-2.000,0.000,0.000
62514.000,61.000,197670.000,0.000,0.000,0.000,-2.000,0.000,0.000
62524.000,53.000,197723.000,0.000,0.000,0.000,-2.000,0.000,0.000
62534.000,58.000,197781.000,0.000,0.000,0.000,-2.000,0.000,0.000
62544.000,56.000,197837.000,0.000,0.000,0.000,-2.000,0.000,0.000
62554.000,57.000,197894.000,0.000,0.000,0.000,-2.000,0.000,0.000
62564.000,53.000,197947.000,0.000,0.000,0.000,-2.000,0.000,0.000
62574.000,62.000,198009.000,0.000,0.000,0.000,-2.000,0.000,0.000
62584.000,57.000,198066.000,0.000,0.000,0.000,-2.000,0.000,0.000
62594.000,56.000,198122.000,0.000,0.000,0.000,-2.000,0.000,0.000
62604.000,57.000,198179.000,0.000,0.000,0.000,-2.000,0.000,0.000
62614.000,58.000,198237.000,0.000,0.000,0.000,-2.000,0.000,0.000
62624.000,61.000,198298.000,0.000,0.000,0.000,-2.000,0.000,0.000
62634.000,53.000,198351.000,0.000,0.000,0.000,-2.000,0.000,0.000
62644.000,57.000,198408.000,0.000,0.000,0.000,-2.000,0.000,0.000
62654.000,61.000,198469.000,0.000,0.000,0.000,-2.000,0.000,0.000
62664.000,57.000,198526.000,0.000,0.000,0.000,-2.000,0.000,0.000
62674.000,57.000,198583.000,0.000,0.000,0.000,-2.000,0.000,0.000
62684.000,62.000,198645.000,0.000,0.000,0.000,-2.000,0.000,0.000
62694.000,61.000,198706.000,0.000,0.000,0.000,-2.000,0.000,0.000
62704.000,52.000,198758.000,0.000,0.000,0.000,-2.000,0.000,0.000
62714.000,57.000,198815.000,0.000,0.000,0.000,-2.000,0.000,0.000
62724.000,62.000,198877.000,0.000,0.000,0.000,-2.000,0.000,0.000
62734.000,57.000,198934.000,0.000,0.000,0.000,-2.000,0.000,0.000
62744.000,53.000,198987.000,0.000,0.000,0.000,-2.000,0.000,0.000
62754.000,57.000,199044.000,0.000,0.000,0.000,-2.000,0.000,0.000
62764.000,61.000,199105.000,0.000,0.000,0.000,-2.000,0.000,0.000
62774.000,57.000,199162.000,0.000,0.000,0.000,-2.000,0.000,0.000
62784.000,53.000,199215.000,0.000,0.000,0.000,-2.000,0.000,0.000
62794.000,57.000,199272.000,0.000,0.000,0.000,-2.000,0.000,0.000
62804.000,61.000,199333.000,0.000,0.000,0.000,-2.000,0.000,0.000
62814.000,57.000,199390.000,0.000,0.000,0.000,-2.000,0.000,0.000
62824.000,57.000,199447.000,0.000,0.000,0.000,-2.000,0.000,0.000
62834.000,62.000,199509.000,0.000,0.000,0.000,-2.000,0.000,0.000
62844.000,56.000,199565.000,0.000,0.000,0.000,-2.000,0.000,0.000
62854.000,53.000,199618.000,0.000,0.000,0.000,-2.000,0.000,0.000
62864.000,61.000,199679.000,0.000,0.000,0.000,-2.000,0.000,0.000
62874.000,62.000,199741.000,0.000,0.000,0.000,-2.000,0.000,0.000
62884.000,57.000,199798.000,0.000,0.000,0.000,-2.000,0.000,0.000
62894.000,60.000,199858.000,0.000,0.000,0.000,-2.000,0.000,0.000
62904.000,57.000,199915.000,0.000,0.000,0.000,-2.000,0.000,0.000
62914.000,58.000,199973.000,0.000,0.000,0.000,-2.000,0.000,0.000
62924.000,53.000,200026.000,0.000,0.000,0.000,-2.000,0.000,0.000
62934.000,61.000,200087.000,0.000,0.000,0.000,-2.000,0.000,0.000
62944.000,56.000,200143.000,0.000,0.000,0.000,-2.000,0.000,0.000
62954.000,58.000,200201.000,0.000,0.000,0.000,-2.000,0.000,0.000
62964.000,57.000,200258.000,0.000,0.000,0.000,-2.000,0.000,0.000
62974.000,57.000,200315.000,0.000,0.000,0.000,-2.000,0.000,0.000
62984.000,58.000,200373.000,0.000,0.000,0.000,-2.000,0.000,0.000
62994.000,61.000,200434.000,0.000,0.000,0.000,-2.000,0.000,0.000
63004.000,53.000,200487.000,0.000,0.000,0.000,-2.000,0.000,0.000
63014.000,56.000,200543.000,0.000,0.000,0.000,-2.000,0.000,0.000
63024.000,62.000,200605.000,0.000,0.000,0.000,-2.000,0.000,0.000
63034.000,57.000,200662.000,0.000,0.000,0.000,-2.000,0.000,0.000
63044.000,61.000,200723.000,0.000,0.000,0.000,-2.000,0.000,0.000
63054.000,62.000,200785.000,0.000,0.000,0.000,-2.000,0.000,0.000
63064.000,57.000,200842.000,0.000,0.000,0.000,-2.000,0.000,0.000
63074.000,52.000,200894.000,0.000,0.000,0.000,-2.000,0.000,0.000
63084.000,57.000,200951.000,0.000,0.000,0.000,-2.000,0.000,0.000
63094.000,62.000,201013.000,0.000,0.000,0.000,-2.000,0.000,0.000
63104.000,57.000,201070.000,0.000,0.000,0.000,-2.000,0.000,0.000
63114.000,53.000,201123.000,0.000,0.000,0.000,-2.000,0.000,0.000
63124.000,58.000,201181.000,0.000,0.000,0.000,-2.000,0.000,0.000
63134.000,57.000,201238.000,0.000,0.000,0.000,-2.000,0.000,0.000
63144.000,52.000,201290.000,0.000,0.000,0.000,-2.000,0.000,0.000
63154.000,57.000,201347.000,0.000,0.000,0.000,-2.000,0.000,0.000
63164.000,58.000,201405.000,0.000,0.000,0.000,-2.000,0.000,0.000
63174.000,57.000,201462.000,0.000,0.000,0.000,-2.000,0.000,0.000
63184.000,57.000,201519.000,0.000,0.000,0.000,-2.000,0.000,0.000
63194.000,58.000,201577.000,0.000,0.000,0.000,-2.000,0.000,0.000
63204.000,56.000,201633.000,0.000,0.000,0.000,-2.000,0.000,0.000
63214.000,57.000,201690.000,0.000,0.000,0.000,-2.000,0.000,0.000
63224.000,53.000,201743.000,0.000,0.000,0.000,-2.000,0.000,0.000
63234.000,58.000,201801.000,0.000,0.000,0.000,-2.000,0.000,0.000
63244.000,57.000,201858.000,0.000,0.000,0.000,-2.000,0.000,0.000
63254.000,56.000,201914.000,0.000,0.000,0.000,-2.000,0.000,0.000
63264.000,61.000,201975.000,0.000,0.000,0.000,-2.000,0.000,0.000
63274.000,62.000,202037.000,0.000,0.000,0.000,-2.000,0.000,0.000
63284.000,57.000,202094.000,0.000,0.000,0.000,-2.000,0.000,0.000
63294.000,53.000,202147.000,0.000,0.000,0.000,-2.000,0.000,0.000
63304.000,58.000,202205.000,0.000,0.000,0.000,-2.000,0.000,0.000
63314.000,56.000,202261.000,0.000,0.000,0.000,-2.000,0.000,0.000
63324.000,57.000,202318.000,0.000,0.000,0.000,-2.000,0.000,0.000
63334.000,57.000,202375.000,0.000,0.000,0.000,-2.000,0.000,0.000
63344.000,58.000,202433.000,0.000,0.000,0.000,-2.000,0.000,0.000
63354.000,56.000,202489.000,0.000,0.000,0.000,-2.000,0.000,0.000
63364.000,57.000,202546.000,0.000,0.000,0.000,-2.000,0.000,0.000
63374.000,61.000,202607.000,0.000,0.000,0.000,-2.000,0.000,0.000
63384.000,58.000,202665.000,0.000,0.000,0.000,-2.000,0.000,0.000
63394.000,57.000,202722.000,0.000,0.000,0.000,-2.000,0.000,0.000
63404.000,53.000,202775.000,0.000,0.000,0.000,-2.000,0.000,0.000
63414.000,58.000,202833.000,0.000,0.000,0.000,-2.000,0.000,0.000
63424.000,56.000,202889.000,0.000,0.000,0.000,-2.000,0.000,0.000
63434.000,61.000,202950.000,0.000,0.000,0.000,-2.000,0.000,0.000
63444.000,57.000,203007.000,0.000,0.000,0.000,-2.000,0.000,0.000
63454.000,62.000,203069.000,0.000,0.000,0.000,-2.000,0.000,0.000
63464.000,60.000,203129.000,0.000,0.000,0.000,-2.000,0.000,0.000
63474.000,53.000,203182.000,0.000,0.000,0.000,-2.000,0.000,0.000
63484.000,60.000,203242.000,0.000,0.000,0.000,-2.000,0.000,0.000
63494.000,58.000,203300.000,0.000,0.000,0.000,-2.000,0.000,0.000
63504.000,57.000,203357.000,0.000,0.000,0.000,-2.000,0.000,0.000
63514.000,53.000,203410.000,0.000,0.000,0.000,-2.000,0.000,0.000
63524.000,58.000,203468.000,0.000,0.000,0.000,-2.000,0.000,0.000
63534.000,60.000,203528.000,0.000,0.000,0.000,-2.000,0.000,0.000
63544.000,57.000,203585.000,0.000,0.000,0.000,-2.000,0.000,0.000
63554.000,57.000,203642.000,0.000,0.000,0.000,-2.000,0.000,0.000
63564.000,58.000,203700.000,0.000,0.000,0.000,-2.000,0.000,0.000
63574.000,57.000,203757.000,0.000,0.000,0.000,-2.000,0.000,0.000
63584.000,53.000,203810.000,0.000,0.000,0.000,-2.000,0.000,0.000
63594.000,56.000,203866.000,0.000,0.000,0.000,-2.000,0.000,0.000
63604.000,58.000,203924.000,0.000,0.000,0.000,-2.000,0.000,0.000
63614.000,61.000,203985.000,0.000,0.000,0.000,-2.000,0.000,0.000
63624.000,57.000,204042.000,0.000,0.000,0.000,-2.000,0.000,0.000
63634.000,58.000,204100.000,0.000,0.000,0.000,-2.000,0.000,0.000
63644.000,60.000,204160.000,0.000,0.000,0.000,-2.000,0.000,0.000
63654.000,61.000,204221.000,0.000,0.000,0.000,-2.000,0.000,0.000
63664.000,53.000,204274.000,0.000,0.000,0.000,-2.000,0.000,0.000
63674.000,62.000,204336.000,0.000,0.000,0.000,-2.000,0.000,0.000
63684.000,57.000,204393.000,0.000,0.000,0.000,-2.000,0.000,0.000
63694.000,52.000,204445.000,0.000,0.000,0.000,-2.000,0.000,0.000
63704.000,57.000,204502.000,0.000,0.000,0.000,-2.000,0.000,0.000
63714.000,58.000,204560.000,0.000,0.000,0.000,-2.000,0.000,0.000
63724.000,57.000,204617.000,0.000,0.000,0.000,-2.000,0.000,0.000
63734.000,53.000,204670.000,0.000,0.000,0.000,-2.000,0.000,0.000
63744.000,58.000,204728.000,0.000,0.000,0.000,-2.000,0.000,0.000
63754.000,57.000,204785.000,0.000,0.000,0.000,-2.000,0.000,0.000
63764.000,57.000,204842.000,0.000,0.000,0.000,-2.000,0.000,0.000
63774.000,57.000,204899.000,0.000,0.000,0.000,-2.000,0.000,0.000
63784.000,61.000,204960.000,0.000,0.000,0.000,-2.000,0.000,0.000
63794.000,61.000,205021.000,0.000,0.000,0.000,-2.000,0.000,0.000
63804.000,53.000,205074.000,0.000,0.000,0.000,-2.000,0.000,0.000
63814.000,58.000,205132.000,0.000,0.000,0.000,-2.000,0.000,0.000
63824.000,57.000,205189.000,0.000,0.000,0.000,-2.000,0.000,0.000
63834.000,61.000,205250.000,0.000,0.000,0.000,-2.000,0.000,0.000
63844.000,57.000,205307.000,0.000,0.000,0.000,-2.000,0.000,0.000
63854.000,61.000,205368.000,0.000,0.000,0.000,-2.000,0.000,0.000
63864.000,58.000,205426.000,0.000,0.000,0.000,-2.000,0.000,0.000
63874.000,56.000,205482.000,0.000,0.000,0.000,-2.000,0.000,0.000
63884.000,62.000,205544.000,0.000,0.000,0.000,-2.000,0.000,0.000
63894.000,57.000,205601.000,0.000,0.000,0.000,-2.000,0.000,0.000
63904.000,57.000,205658.000,0.000,0.000,0.000,-2.000,0.000,0.000
63914.000,62.000,205720.000,0.000,0.000,0.000,-2.000,0.000,0.000
63924.000,57.000,205777.000,0.000,0.000,0.000,-2.000,0.000,0.000
63934.000,61.000,205838.000,0.000,0.000,0.000,-2.000,0.000,0.000
63944.000,56.000,205894.000,0.000,0.000,0.000,-2.000,0.000,0.000
63954.000,54.000,205948.000,0.000,0.000,0.000,-2.000,0.000,0.000
63964.000,57.000,206005.000,0.000,0.000,0.000,-2.000,0.000,0.000
63974.000,57.000,206062.000,0.000,0.000,0.000,-2.000,0.000,0.000
63984.000,54.000,206116.000,0.000,0.000,0.000,-2.000,0.000,0.000
63994.000,57.000,206173.000,0.000,0.000,0.000,-2.000,0.000,0.000
64004.000,61.000,206234.000,0.000,0.000,0.000,-2.000,0.000,0.000
64014.000,60.000,206294.000,0.000,0.000,0.000,-2.000,0.000,0.000
64024.000,54.000,206348.000,0.000,0.000,0.000,-2.000,0.000,0.000
64034.000,58.000,206406.000,0.000,0.000,0.000,-2.000,0.000,0.000
64044.000,56.000,206462.000,0.000,0.000,0.000,-2.000,0.000,0.000
64054.000,58.000,206520.000,0.000,0.000,0.000,-2.000,0.000,0.000
64064.000,53.000,206573.000,0.000,0.000,0.000,-2.000,0.000,0.000
64074.000,57.000,206630.000,0.000,0.000,0.000,-2.000,0.000,0.000
64084.000,61.000,206691.000,0.000,0.000,0.000,-2.000,0.000,0.000
64094.000,56.000,206747.000,0.000,0.000,0.000,-2.000,0.000,0.000
64104.000,61.000,206808.000,0.000,0.000,0.000,-2.000,0.000,0.000
64114.000,57.000,206865.000,0.000,0.000,0.000,-2.000,0.000,0.000
64124.000,58.000,206923.000,0.000,0.000,0.000,-2.000,0.000,0.000
64134.000,57.000,206980.000,0.000,0.000,0.000,-2.000,0.000,0.000
64144.000,61.000,207041.000,0.000,0.000,0.000,-2.000,0.000,0.000
64154.000,57.000,207098.000,0.000,0.000,0.000,-2.000,0.000,0.000
64164.000,61.000,207159.000,0.000,0.000,0.000,-2.000,0.000,0.000
64174.000,53.000,207212.000,0.000,0.000,0.000,-2.000,0.000,0.000
64184.000,57.000,207269.000,0.000,0.000,0.000,-2.000,0.000,0.000
64194.000,62.000,207331.000,0.000,0.000,0.000,-2.000,0.000,0.000
64204.000,53.000,207384.000,0.000,0.000,0.000,-2.000,0.000,0.000
64214.000,57.000,207441.000,0.000,0.000,0.000,-2.000,0.000,0.000
64224.000,58.000,207499.000,0.000,0.000,0.000,-2.000,0.000,0.000
64234.000,57.000,207556.000,0.000,0.000,0.000,-2.000,0.000,0.000
64244.000,57.000,207613.000,0.000,0.000,0.000,-2.000,0.000,0.000
64254.000,56.000,207669.000,0.000,0.000,0.000,-2.000,0.000,0.000
64264.000,62.000,207731.000,0.000,0.000,0.000,-2.000,0.000,0.000
64274.000,57.000,207788.000,0.000,0.000,0.000,-2.000,0.000,0.000
64284.000,56.000,207844.000,0.000,0.000,0.000,-2.000,0.000,0.000
64294.000,58.000,207902.000,0.000,0.000,0.000,-2.000,0.000,0.000
64304.000,57.000,207959.000,0.000,0.000,0.000,-2.000,0.000,0.000
64314.000,57.000,208016.000,0.000,0.000,0.000,-2.000,0.000,0.000
64324.000,58.000,208074.000,0.000,0.000,0.000,-2.000,0.000,0.000
64334.000,57.000,208131.000,0.000,0.000,0.000,-2.000,0.000,0.000
64344.000,61.000,208192.000,0.000,0.000,0.000,-2.000,0.000,0.000
64354.000,53.000,208245.000,0.000,0.000,0.000,-2.000,0.000,0.000
64364.000,61.000,208306.000,0.000,0.000,0.000,-2.000,0.000,0.000
64374.000,57.000,208363.000,0.000,0.000,0.000,-2.000,0.000,0.000
64384.000,57.000,208420.000,0.000,0.000,0.000,-2.000,0.000,0.000
64394.000,58.000,208478.000,0.000,0.000,0.000,-2.000,0.000,0.000
64404.000,61.000,208539.000,0.000,0.000,0.000,-2.000,0.000,0.000
64414.000,57.000,208596.000,0.000,0.000,0.000,-2.000,0.000,0.000
64424.000,53.000,208649.000,0.000,0.000,0.000,-2.000,0.000,0.000
64434.000,57.000,208706.000,0.000,0.000,0.000,-2.000,0.000,0.000
64444.000,57.000,208763.000,0.000,0.000,0.000,-2.000,0.000,0.000
64454.000,57.000,208820.000,0.000,0.000,0.000,-2.000,0.000,0.000
64464.000,62.000,208882.000,0.000,0.000,0.000,-2.000,0.000,0.000
64474.000,57.000,208939.000,0.000,0.000,0.000,-2.000,0.000,0.000
64484.000,57.000,208996.000,0.000,0.000,0.000,-2.000,0.000,0.000
64494.000,58.000,209054.000,0.000,0.000,0.000,-2.000,0.000,0.000
64504.000,61.000,209115.000,0.000,0.000,0.000,-2.000,0.000,0.000
64514.000,57.000,209172.000,0.000,0.000,0.000,-2.000,0.000,0.000
64524.000,58.000,209230.000,0.000,0.000,0.000,-2.000,0.000,0.000
64534.000,53.000,209283.000,0.000,0.000,0.000,-2.000,0.000,0.000
64544.000,57.000,209340.000,0.000,0.000,0.000,-2.000,0.000,0.000
64554.000,57.000,209397.000,0.000,0.000,0.000,-2.000,0.000,0.000
64564.000,57.000,209454.000,0.000,0.000,0.000,-2.000,0.000,0.000
64574.000,57.000,209511.000,0.000,0.000,0.000,-2.000,0.000,0.000
64584.000,57.000,209568.000,0.000,0.000,0.000,-2.000,0.000,0.000
64594.000,62.000,209630.000,0.000,0.000,0.000,-2.000,0.000,0.000
64604.000,53.000,209683.000,0.000,0.000,0.000,-2.000,0.000,0.000
64614.000,58.000,209741.000,0.000,0.000,0.000,-2.000,0.000,0.000
64624.000,61.000,209802.000,0.000,0.000,0.000,-2.000,0.000,0.000
64634.000,58.000,209860.000,0.000,0.000,0.000,-2.000,0.000,0.000
64644.000,57.000,209917.000,0.000,0.000,0.000,-2.000,0.000,0.000
64654.000,61.000,209978.000,0.000,0.000,0.000,-2.000,0.000,0.000
64664.000,58.000,210036.000,0.000,0.000,0.000,-2.000,0.000,0.000
64674.000,60.000,210096.000,0.000,0.000,0.000,-2.000,0.000,0.000
64684.000,54.000,210150.000,0.000,0.000,0.000,-2.000,0.000,0.000
64694.000,57.000,210207.000,0.000,0.000,0.000,-2.000,0.000,0.000
64704.000,61.000,210268.000,0.000,0.000,0.000,-2.000,0.000,0.000
64714.000,54.000,210322.000,0.000,0.000,0.000,-2.000,0.000,0.000
64724.000,61.000,210383.000,0.000,0.000,0.000,-2.000,0.000,0.000
64734.000,57.000,210440.000,0.000,0.000,0.000,-2.000,0.000,0.000
64744.000,58.000,210498.000,0.000,0.000,0.000,-2.000,0.000,0.000
64754.000,56.000,210554.000,0.000,0.000,0.000,-2.000,0.000,0.000
64764.000,57.000,210611.000,0.000,0.000,0.000,-2.000,0.000,0.000
64774.000,62.000,210673.000,0.000,0.000,0.000,-2.000,0.000,0.000
64784.000,57.000,210730.000,0.000,0.000,0.000,-2.000,0.000,0.000
64794.000,61.000,210791.000,0.000,0.000,0.000,-2.000,0.000,0.000
64804.000,62.000,210853.000,0.000,0.000,0.000,-2.000,0.000,0.000
64814.000,61.000,210914.000,0.000,0.000,0.000,-2.000,0.000,0.000
64824.000,53.000,210967.000,0.000,0.000,0.000,-2.000,0.000,0.000
64834.000,62.000,211029.000,0.000,0.000,0.000,-2.000,0.000,0.000
64844.000,57.000,211086.000,0.000,0.000,0.000,-2.000,0.000,0.000
64854.000,57.000,211143.000,0.000,0.000,0.000,-2.000,0.000,0.000
64864.000,58.000,211201.000,0.000,0.000,0.000,-2.000,0.000,0.000
64874.000,57.000,211258.000,0.000,0.000,0.000,-2.000,0.000,0.000
64884.000,57.000,211315.000,0.000,0.000,0.000,-2.000,0.000,0.000
64894.000,54.000,211369.000,0.000,0.000,0.000,-2.000,0.000,0.000
64904.000,57.000,211426.000,0.000,0.000,0.000,-2.000,0.000,0.000
64914.000,57.000,211483.000,0.000,0.000,0.000,-2.000,0.000,0.000
64924.000,58.000,211541.000,0.000,0.000,0.000,-2.000,0.000,0.000
64934.000,57.000,211598.000,0.000,0.000,0.000,-2.000,0.000,0.000
64944.000,57.000,211655.000,0.000,0.000,0.000,-2.000,0.000,0.000
64954.000,58.000,211713.000,0.000,0.000,0.000,-2.000,0.000,0.000
64964.000,61.000,211774.000,0.000,0.000,0.000,-2.000,0.000,0.000
64974.000,61.000,211835.000,0.000,0.000,0.000,-2.000,0.000,0.000
64984.000,58.000,211893.000,0.000,0.000,0.000,-2.000,0.000,0.000
64994.000,57.000,211950.000,0.000,0.000,0.000,-2.000,0.000,0.000
65004.000,57.000,212007.000,0.000,0.000,0.000,-2.000,0.000,0.000
65014.000,58.000,212065.000,0.000,0.000,0.000,-2.000,0.000,0.000
65024.000,56.000,212121.000,0.000,0.000,0.000,-2.000,0.000,0.000
65034.000,58.000,212179.000,0.000,0.000,0.000,-2.000,0.000,0.000
65044.000,58.000,212237.000,0.000,0.000,0.000,-2.000,0.000,0.000
65054.000,57.000,212294.000,0.000,0.000,0.000,-2.000,0.000,0.000
65064.000,57.000,212351.000,0.000,0.000,0.000,-2.000,0.000,0.000
65074.000,58.000,212409.000,0.000,0.000,0.000,-2.000,0.000,0.000
65084.000,61.000,212470.000,0.000,0.000,0.000,-2.000,0.000,0.000
65094.000,57.000,212527.000,0.000,0.000,0.000,-2.000,0.000,0.000
65104.000,58.000,212585.000,0.000,0.000,0.000,-2.000,0.000,0.000
65114.000,57.000,212642.000,0.000,0.000,0.000,-2.000,0.000,0.000
65124.000,57.000,212699.000,0.000,0.000,0.000,-2.000,0.000,0.000
65134.000,58.000,212757.000,0.000,0.000,0.000,-2.000,0.000,0.000
65144.000,53.000,212810.000,0.000,0.000,0.000,-2.000,0.000,0.000
65154.000,61.000,212871.000,0.000,0.000,0.000,-2.000,0.000,0.000
65164.000,58.000,212929.000,0.000,0.000,0.000,-2.000,0.000,0.000
65174.000,57.000,212986.000,0.000,0.000,0.000,-2.000,0.000,0.000
65184.000,57.000,213043.000,0.000,0.000,0.000,-2.000,0.000,0.000
65194.000,62.000,213105.000,0.000,0.000,0.000,-2.000,0.000,0.000
65204.000,57.000,213162.000,0.000,0.000,0.000,-2.000,0.000,0.000
65214.000,57.000,213219.000,0.000,0.000,0.000,-2.000,0.000,0.000
65224.000,54.000,213273.000,0.000,0.000,0.000,-2.000,0.000,0.000
65234.000,61.000,213334.000,0.000,0.000,0.000,-2.000,0.000,0.000
65244.000,61.000,213395.000,0.000,0.000,0.000,-2.000,0.000,0.000
65254.000,54.000,213449.000,0.000,0.000,0.000,-2.000,0.000,0.000
65264.000,61.000,213510.000,0.000,0.000,0.000,-2.000,0.000,0.000
65274.000,61.000,213571.000,0.000,0.000,0.000,-2.000,0.000,0.000
65284.000,61.000,213632.000,0.000,0.000,0.000,-2.000,0.000,0.000
65294.000,58.000,213690.000,0.000,0.000,0.000,-2.000,0.000,0.000
65304.000,61.000,213751.000,0.000,0.000,0.000,-2.000,0.000,0.000
65314.000,58.000,213809.000,0.000,0.000,0.000,-2.000,0.000,0.000
65324.000,61.000,213870.000,0.000,0.000,0.000,-2.000,0.000,0.000
65334.000,61.000,213931.000,0.000,0.000,0.000,-2.000,0.000,0.000
65344.000,62.000,213993.000,0.000,0.000,0.000,-2.000,0.000,0.000
65354.000,57.000,214050.000,0.000,0.000,0.000,-2.000,0.000,0.000
65364.000,61.000,214111.000,0.000,0.000,0.000,-2.000,0.000,0.000
65374.000,62.000,214173.000,0.000,0.000,0.000,-2.000,0.000,0.000
65384.000,62.000,214235.000,0.000,0.000,0.000,-2.000,0.000,0.000
65394.000,56.000,214291.000,0.000,0.000,0.000,-2.000,0.000,0.000
65404.000,59.000,214350.000,0.000,0.000,0.000,-2.000,0.000,0.000
65414.000,57.000,214407.000,0.000,0.000,0.000,-2.000,0.000,0.000
65424.000,57.000,214464.000,0.000,0.000,0.000,-2.000,0.000,0.000
65434.000,58.000,214522.000,0.000,0.000,0.000,-2.000,0.000,0.000
65444.000,57.000,214579.000,0.000,0.000,0.000,-2.000,0.000,0.000
65454.000,62.000,214641.000,0.000,0.000,0.000,-2.000,0.000,0.000
65464.000,61.000,214702.000,0.000,0.000,0.000,-2.000,0.000,0.000
65474.000,53.000,214755.000,0.000,0.000,0.000,-2.000,0.000,0.000
65484.000,62.000,214817.000,0.000,0.000,0.000,-2.000,0.000,0.000
65494.000,57.000,214874.000,0.000,0.000,0.000,-2.000,0.000,0.000
65504.000,53.000,214927.000,0.000,0.000,0.000,-2.000,0.000,0.000
65514.000,58.000,214985.000,0.000,0.000,0.000,-2.000,0.000,0.000
65524.000,57.000,215042.000,0.000,0.000,0.000,-2.000,0.000,0.000
65534.000,57.000,215099.000,0.000,0.000,0.000,-2.000,0.000,0.000
65544.000,58.000,215157.000,0.000,0.000,0.000,-2.000,0.000,0.000
65554.000,58.000,215215.000,0.000,0.000,0.000,-2.000,0.000,0.000
65564.000,60.000,215275.000,0.000,0.000,0.000,-2.000,0.000,0.000
65574.000,54.000,215329.000,0.000,0.000,0.000,-2.000,0.000,0.000
65584.000,57.000,215386.000,0.000,0.000,0.000,-2.000,0.000,0.000
65594.000,57.000,215443.000,0.000,0.000,0.000,-2.000,0.000,0.000
65604.000,58.000,215501.000,0.000,0.000,0.000,-2.000,0.000,0.000
65614.000,53.000,215554.000,0.000,0.000,0.000,-2.000,0.000,0.000
65624.000,61.000,215615.000,0.000,0.000,0.000,-2.000,0.000,0.000
65634.000,58.000,215673.000,0.000,0.000,0.000,-2.000,0.000,0.000
65644.000,58.000,215731.000,0.000,0.000,0.000,-2.000,0.000,0.000
65654.000,61.000,215792.000,0.000,0.000,0.000,-2.000,0.000,0.000
65664.000,57.000,215849.000,0.000,0.000,0.000,-2.000,0.000,0.000
65674.000,58.000,215907.000,0.000,0.000,0.000,-2.000,0.000,0.000
65684.000,53.000,215960.000,0.000,0.000,0.000,-2.000,0.000,0.000
65694.000,58.000,216018.000,0.000,0.000,0.000,-2.000,0.000,0.000
65704.000,61.000,216079.000,0.000,0.000,0.000,-2.000,0.000,0.000
65714.000,60.000,216139.000,0.000,0.000,0.000,-2.000,0.000,0.000
65724.000,55.000,216194.000,0.000,0.000,0.000,-2.000,0.000,0.000
65734.000,61.000,216255.000,0.000,0.000,0.000,-2.000,0.000,0.000
65744.000,57.000,216312.000,0.000,0.000,0.000,-2.000,0.000,0.000
65754.000,54.000,216366.000,0.000,0.000,0.000,-2.000,0.000,0.000
65764.000,57.000,216423.000,0.000,0.000,0.000,-2.000,0.000,0.000
65774.000,58.000,216481.000,0.000,0.000,0.000,-2.000,0.000,0.000
65784.000,57.000,216538.000,0.000,0.000,0.000,-2.000,0.000,0.000
65794.000,57.000,216595.000,0.000,0.000,0.000,-2.000,0.000,0.000
65804.000,58.000,216653.000,0.000,0.000,0.000,-2.000,0.000,0.000
65814.000,58.000,216711.000,0.000,0.000,0.000,-2.000,0.000,0.000
65824.000,58.000,216769.000,0.000,0.000,0.000,-2.000,0.000,0.000
65834.000,57.000,216826.000,0.000,0.000,0.000,-2.000,0.000,0.000
65844.000,57.000,216883.000,0.000,0.000,0.000,-2.000,0.000,0.000
65854.000,62.000,216945.000,0.000,0.000,0.000,-2.000,0.000,0.000
65864.000,53.000,216998.000,0.000,0.000,0.000,-2.000,0.000,0.000
65874.000,61.000,217059.000,0.000,0.000,0.000,-2.000,0.000,0.000
65884.000,62.000,217121.000,0.000,0.000,0.000,-2.000,0.000,0.000
65894.000,61.000,217182.000,0.000,0.000,0.000,-2.000,0.000,0.000
65904.000,58.000,217240.000,0.000,0.000,0.000,-2.000,0.000,0.000
65914.000,57.000,217297.000,0.000,0.000,0.000,-2.000,0.000,0.000
65924.000,58.000,217355.000,0.000,0.000,0.000,-2.000,0.000,0.000
65934.000,61.000,217416.000,0.000,0.000,0.000,-2.000,0.000,0.000
65944.000,58.000,217474.000,0.000,0.000,0.000,-2.000,0.000,0.000
65954.000,61.000,217535.000,0.000,0.000,0.000,-2.000,0.000,0.000
65964.000,58.000,217593.000,0.000,0.000,0.000,-2.000,0.000,0.000
65974.000,53.000,217646.000,0.000,0.000,0.000,-2.000,0.000,0.000
65984.000,57.000,217703.000,0.000,0.000,0.000,-2.000,0.000,0.000
65994.000,58.000,217761.000,0.000,0.000,0.000,-2.000,0.000,0.000
66004.000,53.000,217814.000,0.000,0.000,0.000,-2.000,0.000,0.000
66014.000,58.000,217872.000,0.000,0.000,0.000,-2.000,0.000,0.000
66024.000,57.000,217929.000,0.000,0.000,0.000,-2.000,0.000,0.000
66034.000,58.000,217987.000,0.000,0.000,0.000,-2.000,0.000,0.000
66044.000,54.000,218041.000,0.000,0.000,0.000,-2.000,0.000,0.000
66054.000,57.000,218098.000,0.000,0.000,0.000,-2.000,0.000,0.000
66064.000,57.000,218155.000,0.000,0.000,0.000,-2.000,0.000,0.000
66074.000,54.000,218209.000,0.000,0.000,0.000,-2.000,0.000,0.000
66084.000,57.000,218266.000,0.000,0.000,0.000,-2.000,0.000,0.000
66094.000,57.000,218323.000,0.000,0.000,0.000,-2.000,0.000,0.000
66104.000,58.000,218381.000,0.000,0.000,0.000,-2.000,0.000,0.000
66114.000,54.000,218435.000,0.000,0.000,0.000,-2.000,0.000,0.000
66124.000,58.000,218493.000,0.000,0.000,0.000,-2.000,0.000,0.000
66134.000,61.000,218554.000,0.000,0.000,0.000,-2.000,0.000,0.000
66144.000,57.000,218611.000,0.000,0.000,0.000,-2.000,0.000,0.000
66154.000,54.000,218665.000,0.000,0.000,0.000,-2.000,0.000,0.000
66164.000,57.000,218722.000,0.000,0.000,0.000,-2.000,0.000,0.000
66174.000,61.000,218783.000,0.000,0.000,0.000,-2.000,0.000,0.000
66184.000,58.000,218841.000,0.000,0.000,0.000,-2.000,0.000,0.000
66194.000,58.000,218899.000,0.000,0.000,0.000,-2.000,0.000,0.000
66204.000,62.000,218961.000,0.000,0.000,0.000,-2.000,0.000,0.000
66214.000,57.000,219018.000,0.000,0.000,0.000,-2.000,0.000,0.000
66224.000,53.000,219071.000,0.000,0.000,0.000,-2.000,0.000,0.000
66234.000,62.000,219133.000,0.000,0.000,0.000,-2.000,0.000,0.000
66244.000,58.000,219191.000,0.000,0.000,0.000,-2.000,0.000,0.000
66254.000,54.000,219245.000,0.000,0.000,0.000,-2.000,0.000,0.000
66264.000,57.000,219302.000,0.000,0.000,0.000,-2.000,0.000,0.000
66274.000,57.000,219359.000,0.000,0.000,0.000,-2.000,0.000,0.000
66284.000,58.000,219417.000,0.000,0.000,0.000,-2.000,0.000,0.000
66294.000,53.000,219470.000,0.000,0.000,0.000,-2.000,0.000,0.000
66304.000,62.000,219532.000,0.000,0.000,0.000,-2.000,0.000,0.000
66314.000,58.000,219590.000,0.000,0.000,0.000,-2.000,0.000,0.000
66324.000,57.000,219647.000,0.000,0.000,0.000,-2.000,0.000,0.000
66334.000,58.000,219705.000,0.000,0.000,0.000,-2.000,0.000,0.000
66344.000,57.000,219762.000,0.000,0.000,0.000,-2.000,0.000,0.000
66354.000,57.000,219819.000,0.000,0.000,0.000,-2.000,0.000,0.000
66364.000,54.000,219873.000,0.000,0.000,0.000,-2.000,0.000,0.000
66374.000,58.000,219931.000,0.000,0.000,0.000,-2.000,0.000,0.000
66384.000,58.000,219989.000,0.000,0.000,0.000,-2.000,0.000,0.000
66394.000,57.000,220046.000,0.000,0.000,0.000,-2.000,0.000,0.000
66404.000,61.000,220107.000,0.000,0.000,0.000,-2.000,0.000,0.000
66414.000,58.000,220165.000,0.000,0.000,0.000,-2.000,0.000,0.000
66424.000,58.000,220223.000,0.000,0.000,0.000,-2.000,0.000,0.000
66434.000,53.000,220276.000,0.000,0.000,0.000,-2.000,0.000,0.000
66444.000,57.000,220333.000,0.000,0.000,0.000,-2.000,0.000,0.000
66454.000,58.000,220391.000,0.000,0.000,0.000,-2.000,0.000,0.000
66464.000,54.000,220445.000,0.000,0.000,0.000,-2.000,0.000,0.000
66474.000,57.000,220502.000,0.000,0.000,0.000,-2.000,0.000,0.000
66484.000,57.000,220559.000,0.000,0.000,0.000,-2.000,0.000,0.000
66494.000,62.000,220621.000,0.000,0.000,0.000,-2.000,0.000,0.000
66504.000,53.000,220674.000,0.000,0.000,0.000,-2.000,0.000,0.000
66514.000,57.000,220731.000,0.000,0.000,0.000,-2.000,0.000,0.000
66524.000,62.000,220793.000,0.000,0.000,0.000,-2.000,0.000,0.000
66534.000,62.000,220855.000,0.000,0.000,0.000,-2.000,0.000,0.000
66544.000,58.000,220913.000,0.000,0.000,0.000,-2.000,0.000,0.000
66554.000,57.000,220970.000,0.000,0.000,0.000,-2.000,0.000,0.000
66564.000,57.000,221027.000,0.000,0.000,0.000,-2.000,0.000,0.000
66574.000,54.000,221081.000,0.000,0.000,0.000,-2.000,0.000,0.000
66584.000,62.000,221143.000,0.000,0.000,0.000,-2.000,0.000,0.000
66594.000,58.000,221201.000,0.000,0.000,0.000,-2.000,0.000,0.000
66604.000,57.000,221258.000,0.000,0.000,0.000,-2.000,0.000,0.000
66614.000,53.000,221311.000,0.000,0.000,0.000,-2.000,0.000,0.000
66624.000,58.000,221369.000,0.000,0.000,0.000,-2.000,0.000,0.000
66634.000,57.000,221426.000,0.000,0.000,0.000,-2.000,0.000,0.000
66644.000,53.000,221479.000,0.000,0.000,0.000,-2.000,0.000,0.000
66654.000,59.000,221538.000,0.000,0.000,0.000,-2.000,0.000,0.000
66664.000,57.000,221595.000,0.000,0.000,0.000,-2.000,0.000,0.000
66674.000,57.000,221652.000,0.000,0.000,0.000,-2.000,0.000,0.000
66684.000,58.000,221710.000,0.000,0.000,0.000,-2.000,0.000,0.000
66694.000,61.000,221771.000,0.000,0.000,0.000,-2.000,0.000,0.000
66704.000,58.000,221829.000,0.000,0.000,0.000,-2.000,0.000,0.000
66714.000,53.000,221882.000,0.000,0.000,0.000,-2.000,0.000,0.000
66724.000,57.000,221939.000,0.000,0.000,0.000,-2.000,0.000,0.000
66734.000,62.000,222001.000,0.000,0.000,0.000,-2.000,0.000,0.000
66744.000,57.000,222058.000,0.000,0.000,0.000,-2.000,0.000,0.000
66754.000,57.000,222115.000,0.000,0.000,0.000,-2.000,0.000,0.000
66764.000,58.000,222173.000,0.000,0.000,0.000,-2.000,0.000,0.000
66774.000,58.000,222231.000,0.000,0.000,0.000,-2.000,0.000,0.000
66784.000,59.000,222290.000,0.000,0.000,0.000,-2.000,0.000,0.000
66794.000,55.000,222345.000,0.000,0.000,0.000,-2.000,0.000,0.000
66804.000,57.000,222402.000,0.000,0.000,0.000,-2.000,0.000,0.000
66814.000,58.000,222460.000,0.000,0.000,0.000,-2.000,0.000,0.000
66824.000,61.000,222521.000,0.000,0.000,0.000,-2.000,0.000,0.000
66834.000,57.000,222578.000,0.000,0.000,0.000,-2.000,0.000,0.000
66844.000,58.000,222636.000,0.000,0.000,0.000,-2.000,0.000,0.000
66854.000,57.000,222693.000,0.000,0.000,0.000,-2.000,0.000,0.000
66864.000,57.000,222750.000,0.000,0.000,0.000,-2.000,0.000,0.000
66874.000,58.000,222808.000,0.000,0.000,0.000,-2.000,0.000,0.000
66884.000,57.000,222865.000,0.000,0.000,0.000,-2.000,0.000,0.000
66894.000,57.000,222922.000,0.000,0.000,0.000,-2.000,0.000,0.000
66904.000,58.000,222980.000,0.000,0.000,0.000,-2.000,0.000,0.000
66914.000,58.000,223038.000,0.000,0.000,0.000,-2.000,0.000,0.000
66924.000,57.000,223095.000,0.000,0.000,0.000,-2.000,0.000,0.000
66934.000,54.000,223149.000,0.000,0.000,0.000,-2.000,0.000,0.000
66944.000,57.000,223206.000,0.000,0.000,0.000,-2.000,0.000,0.000
66954.000,62.000,223268.000,0.000,0.000,0.000,-2.000,0.000,0.000
66964.000,60.000,223328.000,0.000,0.000,0.000,-2.000,0.000,0.000
66974.000,57.000,223385.000,0.000,0.000,0.000,-2.000,0.000,0.000
66984.000,58.000,223443.000,0.000,0.000,0.000,-2.000,0.000,0.000
66994.000,58.000,223501.000,0.000,0.000,0.000,-2.000,0.000,0.000
67004.000,54.000,223555.000,0.000,0.000,0.000,-2.000,0.000,0.000
67014.000,57.000,223612.000,0.000,0.000,0.000,-2.000,0.000,0.000
67024.000,61.000,223673.000,0.000,0.000,0.000,-2.000,0.000,0.000
67034.000,54.000,223727.000,0.000,0.000,0.000,-2.000,0.000,0.000
67044.000,57.000,223784.000,0.000,0.000,0.000,-2.000,0.000,0.000
67054.000,57.000,223841.000,0.000,0.000,0.000,-2.000,0.000,0.000
67064.000,58.000,223899.000,0.000,0.000,0.000,-2.000,0.000,0.000
67074.000,53.000,223952.000,0.000,0.000,0.000,-2.000,0.000,0.000
67084.000,62.000,224014.000,0.000,0.000,0.000,-2.000,0.000,0.000
67094.000,56.000,224070.000,0.000,0.000,0.000,-2.000,0.000,0.000
67104.000,58.000,224128.000,0.000,0.000,0.000,-2.000,0.000,0.000
67114.000,58.000,224186.000,0.000,0.000,0.000,-2.000,0.000,0.000
67124.000,57.000,224243.000,0.000,0.000,0.000,-2.000,0.000,0.000
67134.000,57.000,224300.000,0.000,0.000,0.000,-2.000,0.000,0.000
67144.000,54.000,224354.000,0.000,0.000,0.000,-2.000,0.000,0.000
67154.000,58.000,224412.000,0.000,0.000,0.000,-2.000,0.000,0.000
67164.000,57.000,224469.000,0.000,0.000,0.000,-2.000,0.000,0.000
67174.000,61.000,224530.000,0.000,0.000,0.000,-2.000,0.000,0.000
67184.000,57.000,224587.000,0.000,0.000,0.000,-2.000,0.000,0.000
67194.000,58.000,224645.000,0.000,0.000,0.000,-2.000,0.000,0.000
67204.000,57.000,224702.000,0.000,0.000,0.000,-2.000,0.000,0.000
67214.000,57.000,224759.000,0.000,0.000,0.000,-2.000,0.000,0.000
67224.000,58.000,224817.000,0.000,0.000,0.000,-2.000,0.000,0.000
67234.000,57.000,224874.000,0.000,0.000,0.000,-2.000,0.000,0.000
67244.000,57.000,224931.000,0.000,0.000,0.000,-2.000,0.000,0.000
67254.000,57.000,224988.000,0.000,0.000,0.000,-2.000,0.000,0.000
67264.000,58.000,225046.000,0.000,0.000,0.000,-2.000,0.000,0.000
67274.000,57.000,225103.000,0.000,0.000,0.000,-2.000,0.000,0.000
67284.000,54.000,225157.000,0.000,0.000,0.000,-2.000,0.000,0.000
67294.000,57.000,225214.000,0.000,0.000,0.000,-2.000,0.000,0.000
67304.000,58.000,225272.000,0.000,0.000,0.000,-2.000,0.000,0.000
67314.000,57.000,225329.000,0.000,0.000,0.000,-2.000,0.000,0.000
67324.000,57.000,225386.000,0.000,0.000,0.000,-2.000,0.000,0.000
67334.000,62.000,225448.000,0.000,0.000,0.000,-2.000,0.000,0.000
67344.000,58.000,225506.000,0.000,0.000,0.000,-2.000,0.000,0.000
67354.000,58.000,225564.000,0.000,0.000,0.000,-2.000,0.000,0.000
67364.000,57.000,225621.000,0.000,0.000,0.000,-2.000,0.000,0.000
67374.000,61.000,225682.000,0.000,0.000,0.000,-2.000,0.000,0.000
67384.000,58.000,225740.000,0.000,0.000,0.000,-2.000,0.000,0.000
67394.000,62.000,225802.000,0.000,0.000,0.000,-2.000,0.000,0.000
67404.000,58.000,225860.000,0.000,0.000,0.000,-2.000,0.000,0.000
67414.000,57.000,225917.000,0.000,0.000,0.000,-2.000,0.000,0.000
67424.000,57.000,225974.000,0.000,0.000,0.000,-2.000,0.000,0.000
67434.000,54.000,226028.000,0.000,0.000,0.000,-2.000,0.000,0.000
67444.000,58.000,226086.000,0.000,0.000,0.000,-2.000,0.000,0.000
67454.000,58.000,226144.000,0.000,0.000,0.000,-2.000,0.000,0.000
67464.000,53.000,226197.000,0.000,0.000,0.000,-2.000,0.000,0.000
67474.000,57.000,226254.000,0.000,0.000,0.000,-2.000,0.000,0.000
67484.000,62.000,226316.000,0.000,0.000,0.000,-2.000,0.000,0.000
67494.000,57.000,226373.000,0.000,0.000,0.000,-2.000,0.000,0.000
67504.000,54.000,226427.000,0.000,0.000,0.000,-2.000,0.000,0.000
67514.000,61.000,226488.000,0.000,0.000,0.000,-2.000,0.000,0.000
67524.000,62.000,226550.000,0.000,0.000,0.000,-2.000,0.000,0.000
67534.000,54.000,226604.000,0.000,0.000,0.000,-2.000,0.000,0.000
67544.000,57.000,226661.000,0.000,0.000,0.000,-2.000,0.000,0.000
67554.000,57.000,226718.000,0.000,0.000,0.000,-2.000,0.000,0.000
67564.000,58.000,226776.000,0.000,0.000,0.000,-2.000,0.000,0.000
67574.000,57.000,226833.000,0.000,0.000,0.000,-2.000,0.000,0.000
67584.000,58.000,226891.000,0.000,0.000,0.000,-2.000,0.000,0.000
67594.000,57.000,226948.000,0.000,0.000,0.000,-2.000,0.000,0.000
67604.000,58.000,227006.000,0.000,0.000,0.000,-2.000,0.000,0.000
67614.000,62.000,227068.000,0.000,0.000,0.000,-2.000,0.000,0.000
67624.000,57.000,227125.000,0.000,0.000,0.000,-2.000,0.000,0.000
67634.000,57.000,227182.000,0.000,0.000,0.000,-2.000,0.000,0.000
67644.000,58.000,227240.000,0.000,0.000,0.000,-2.000,0.000,0.000
67654.000,57.000,227297.000,0.000,0.000,0.000,-2.000,0.000,0.000
67664.000,61.000,227358.000,0.000,0.000,0.000,-2.000,0.000,0.000
67674.000,54.000,227412.000,0.000,0.000,0.000,-2.000,0.000,0.000
67684.000,58.000,227470.000,0.000,0.000,0.000,-2.000,0.000,0.000
67694.000,58.000,227528.000,0.000,0.000,0.000,-2.000,0.000,0.000
67704.000,57.000,227585.000,0.000,0.000,0.000,-2.000,0.000,0.000
67714.000,57.000,227642.000,0.000,0.000,0.000,-2.000,0.000,0.000
67724.000,58.000,227700.000,0.000,0.000,0.000,-2.000,0.000,0.000
67734.000,61.000,227761.000,0.000,0.000,0.000,-2.000,0.000,0.000
67744.000,57.000,227818.000,0.000,0.000,0.000,-2.000,0.000,0.000
67754.000,58.000,227876.000,0.000,0.000,0.000,-2.000,0.000,0.000
67764.000,58.000,227934.000,0.000,0.000,0.000,-2.000,0.000,0.000
67774.000,58.000,227992.000,0.000,0.000,0.000,-2.000,0.000,0.000
67784.000,57.000,228049.000,0.000,0.000,0.000,-2.000,0.000,0.000
67794.000,57.000,228106.000,0.000,0.000,0.000,-2.000,0.000,0.000
67804.000,58.000,228164.000,0.000,0.000,0.000,-2.000,0.000,0.000
67814.000,62.000,228226.000,0.000,0.000,0.000,-2.000,0.000,0.000
67824.000,58.000,228284.000,0.000,0.000,0.000,-2.000,0.000,0.000
67834.000,57.000,228341.000,0.000,0.000,0.000,-2.000,0.000,0.000
67844.000,61.000,228402.000,0.000,0.000,0.000,-2.000,0.000,0.000
67854.000,58.000,228460.000,0.000,0.000,0.000,-2.000,0.000,0.000
67864.000,58.000,228518.000,0.000,0.000,0.000,-2.000,0.000,0.000
67874.000,61.000,228579.000,0.000,0.000,0.000,-2.000,0.000,0.000
67884.000,57.000,228636.000,0.000,0.000,0.000,-2.000,0.000,0.000
67894.000,58.000,228694.000,0.000,0.000,0.000,-2.000,0.000,0.000
67904.000,58.000,228752.000,0.000,0.000,0.000,-2.000,0.000,0.000
67914.000,61.000,228813.000,0.000,0.000,0.000,-2.000,0.000,0.000
67924.000,53.000,228866.000,0.000,0.000,0.000,-2.000,0.000,0.000
67934.000,62.000,228928.000,0.000,0.000,0.000,-2.000,0.000,0.000
67944.000,57.000,228985.000,0.000,0.000,0.000,-2.000,0.000,0.000
67954.000,61.000,229046.000,0.000,0.000,0.000,-2.000,0.000,0.000
67964.000,58.000,229104.000,0.000,0.000,0.000,-2.000,0.000,0.000
67974.000,62.000,229166.000,0.000,0.000,0.000,-2.000,0.000,0.000
67984.000,57.000,229223.000,0.000,0.000,0.000,-2.000,0.000,0.000
67994.000,54.000,229277.000,0.000,0.000,0.000,-2.000,0.000,0.000
68004.000,57.000,229334.000,0.000,0.000,0.000,-2.000,0.000,0.000
68014.000,58.000,229392.000,0.000,0.000,0.000,-2.000,0.000,0.000
68024.000,57.000,229449.000,0.000,0.000,0.000,-2.000,0.000,0.000
68034.000,53.000,229502.000,0.000,0.000,0.000,-2.000,0.000,0.000
68044.000,58.000,229560.000,0.000,0.000,0.000,-2.000,0.000,0.000
68054.000,57.000,229617.000,0.000,0.000,0.000,-2.000,0.000,0.000
68064.000,57.000,229674.000,0.000,0.000,0.000,-2.000,0.000,0.000
68074.000,54.000,229728.000,0.000,0.000,0.000,-2.000,0.000,0.000
68084.000,58.000,229786.000,0.000,0.000,0.000,-2.000,0.000,0.000
68094.000,58.000,229844.000,0.000,0.000,0.000,-2.000,0.000,0.000
68104.000,56.000,229900.000,0.000,0.000,0.000,-2.000,0.000,0.000
68114.000,57.000,229957.000,0.000,0.000,0.000,-2.000,0.000,0.000
68124.000,58.000,230015.000,0.000,0.000,0.000,-2.000,0.000,0.000
68134.000,58.000,230073.000,0.000,0.000,0.000,-2.000,0.000,0.000
68144.000,54.000,230127.000,0.000,0.000,0.000,-2.000,0.000,0.000
68154.000,57.000,230184.000,0.000,0.000,0.000,-2.000,0.000,0.000
68164.000,61.000,230245.000,0.000,0.000,0.000,-2.000,0.000,0.000
68174.000,54.000,230299.000,0.000,0.000,0.000,-2.000,0.000,0.000
68184.000,58.000,230357.000,0.000,0.000,0.000,-2.000,0.000,0.000
68194.000,57.000,230414.000,0.000,0.000,0.000,-2.000,0.000,0.000
68204.000,57.000,230471.000,0.000,0.000,0.000,-2.000,0.000,0.000
68214.000,54.000,230525.000,0.000,0.000,0.000,-2.000,0.000,0.000
68224.000,58.000,230583.000,0.000,0.000,0.000,-2.000,0.000,0.000
68234.000,57.000,230640.000,0.000,0.000,0.000,-2.000,0.000,0.000
68244.000,57.000,230697.000,0.000,0.000,0.000,-2.000,0.000,0.000
68254.000,62.000,230759.000,0.000,0.000,0.000,-2.000,0.000,0.000
68264.000,58.000,230817.000,0.000,0.000,0.000,-2.000,0.000,0.000
68274.000,60.000,230877.000,0.000,0.000,0.000,-2.000,0.000,0.000
68284.000,59.000,230936.000,0.000,0.000,0.000,-2.000,0.000,0.000
68294.000,57.000,230993.000,0.000,0.000,0.000,-2.000,0.000,0.000
68304.000,58.000,231051.000,0.000,0.000,0.000,-2.000,0.000,0.000
68314.000,57.000,231108.000,0.000,0.000,0.000,-2.000,0.000,0.000
68324.000,61.000,231169.000,0.000,0.000,0.000,-2.000,0.000,0.000
68334.000,62.000,231231.000,0.000,0.000,0.000,-2.000,0.000,0.000
68344.000,57.000,231288.000,0.000,0.000,0.000,-2.000,0.000,0.000
68354.000,53.000,231341.000,0.000,0.000,0.000,-2.000,0.000,0.000
68364.000,58.000,231399.000,0.000,0.000,0.000,-2.000,0.000,0.000
68374.000,57.000,231456.000,0.000,0.000,0.000,-2.000,0.000,0.000
68384.000,57.000,231513.000,0.000,0.000,0.000,-2.000,0.000,0.000
68394.000,58.000,231571.000,0.000,0.000,0.000,-2.000,0.000,0.000
68404.000,57.000,231628.000,0.000,0.000,0.000,-2.000,0.000,0.000
68414.000,57.000,231685.000,0.000,0.000,0.000,-2.000,0.000,0.000
68424.000,58.000,231743.000,0.000,0.000,0.000,-2.000,0.000,0.000
68434.000,57.000,231800.000,0.000,0.000,0.000,-2.000,0.000,0.000
68444.000,60.000,231860.000,0.000,0.000,0.000,-2.000,0.000,0.000
68454.000,58.000,231918.000,0.000,0.000,0.000,-2.000,0.000,0.000
68464.000,53.000,231971.000,0.000,0.000,0.000,-2.000,0.000,0.000
68474.000,58.000,232029.000,0.000,0.000,0.000,-2.000,0.000,0.000
68484.000,57.000,232086.000,0.000,0.000,0.000,-2.000,0.000,0.000
68494.000,57.000,232143.000,0.000,0.000,0.000,-2.000,0.000,0.000
68504.000,62.000,232205.000,0.000,0.000,0.000,-2.000,0.000,0.000
68514.000,57.000,232262.000,0.000,0.000,0.000,-2.000,0.000,0.000
68524.000,61.000,232323.000,0.000,0.000,0.000,-2.000,0.000,0.000
68534.000,58.000,232381.000,0.000,0.000,0.000,-2.000,0.000,0.000
68544.000,57.000,232438.000,0.000,0.000,0.000,-2.000,0.000,0.000
68554.000,58.000,232496.000,0.000,0.000,0.000,-2.000,0.000,0.000
68564.000,57.000,232553.000,0.000,0.000,0.000,-2.000,0.000,0.000
68574.000,57.000,232610.000,0.000,0.000,0.000,-2.000,0.000,0.000
68584.000,58.000,232668.000,0.000,0.000,0.000,-2.000,0.000,0.000
68594.000,58.000,232726.000,0.000,0.000,0.000,-2.000,0.000,0.000
68604.000,53.000,232779.000,0.000,0.000,0.000,-2.000,0.000,0.000
68614.000,57.000,232836.000,0.000,0.000,0.000,-2.000,0.000,0.000
68624.000,58.000,232894.000,0.000,0.000,0.000,-2.000,0.000,0.000
68634.000,60.000,232954.000,0.000,0.000,0.000,-2.000,0.000,0.000
68644.000,59.000,233013.000,0.000,0.000,0.000,-2.000,0.000,0.000
68654.000,57.000,233070.000,0.000,0.000,0.000,-2.000,0.000,0.000
68664.000,57.000,233127.000,0.000,0.000,0.000,-2.000,0.000,0.000
68674.000,54.000,233181.000,0.000,0.000,0.000,-2.000,0.000,0.000
68684.000,57.000,233238.000,0.000,0.000,0.000,-2.000,0.000,0.000
68694.000,58.000,233296.000,0.000,0.000,0.000,-2.000,0.000,0.000
68704.000,57.000,233353.000,0.000,0.000,0.000,-2.000,0.000,0.000
68714.000,53.000,233406.000,0.000,0.000,0.000,-2.000,0.000,0.000
68724.000,62.000,233468.000,0.000,0.000,0.000,-2.000,0.000,0.000
68734.000,61.000,233529.000,0.000,0.000,0.000,-2.000,0.000,0.000
68744.000,53.000,233582.000,0.000,0.000,0.000,-2.000,0.000,0.000
68754.000,58.000,233640.000,0.000,0.000,0.000,-2.000,0.000,0.000
68764.000,57.000,233697.000,0.000,0.000,0.000,-2.000,0.000,0.000
68774.000,57.000,233754.000,0.000,0.000,0.000,-2.000,0.000,0.000
68784.000,58.000,233812.000,0.000,0.000,0.000,-2.000,0.000,0.000
68794.000,57.000,233869.000,0.000,0.000,0.000,-2.000,0.000,0.000
68804.000,57.000,233926.000,0.000,0.000,0.000,-2.000,0.000,0.000
68814.000,54.000,233980.000,0.000,0.000,0.000,-2.000,0.000,0.000
68824.000,57.000,234037.000,0.000,0.000,0.000,-2.000,0.000,0.000
68834.000,58.000,234095.000,0.000,0.000,0.000,-2.000,0.000,0.000
68844.000,57.000,234152.000,0.000,0.000,0.000,-2.000,0.000,0.000
68854.000,54.000,234206.000,0.000,0.000,0.000,-2.000,0.000,0.000
68864.000,58.000,234264.000,0.000,0.000,0.000,-2.000,0.000,0.000
68874.000,57.000,234321.000,0.000,0.000,0.000,-2.000,0.000,0.000
68884.000,57.000,234378.000,0.000,0.000,0.000,-2.000,0.000,0.000
68894.000,54.000,234432.000,0.000,0.000,0.000,-2.000,0.000,0.000
68904.000,57.000,234489.000,0.000,0.000,0.000,-2.000,0.000,0.000
68914.000,57.000,234546.000,0.000,0.000,0.000,-2.000,0.000,0.000
68924.000,55.000,234601.000,0.000,0.000,0.000,-2.000,0.000,0.000
68934.000,57.000,234658.000,0.000,0.000,0.000,-2.000,0.000,0.000
68944.000,61.000,234719.000,0.000,0.000,0.000,-2.000,0.000,0.000
68954.000,58.000,234777.000,0.000,0.000,0.000,-2.000,0.000,0.000
68964.000,53.000,234830.000,0.000,0.000,0.000,-2.000,0.000,0.000
68974.000,58.000,234888.000,0.000,0.000,0.000,-2.000,0.000,0.000
68984.000,57.000,234945.000,0.000,0.000,0.000,-2.000,0.000,0.000
68994.000,56.000,235001.000,0.000,0.000,0.000,-2.000,0.000,0.000
69004.000,58.000,235059.000,0.000,0.000,0.000,-2.000,0.000,0.000
69014.000,58.000,235117.000,0.000,0.000,0.000,-2.000,0.000,0.000
69024.000,56.000,235173.000,0.000,0.000,0.000,-2.000,0.000,0.000
69034.000,55.000,235228.000,0.000,0.000,0.000,-2.000,0.000,0.000
69044.000,57.000,235285.000,0.000,0.000,0.000,-2.000,0.000,0.000
69054.000,58.000,235343.000,0.000,0.000,0.000,-2.000,0.000,0.000
69064.000,57.000,235400.000,0.000,0.000,0.000,-2.000,0.000,0.000
69074.000,57.000,235457.000,0.000,0.000,0.000,-2.000,0.000,0.000
69084.000,58.000,235515.000,0.000,0.000,0.000,-2.000,0.000,0.000
69094.000,57.000,235572.000,0.000,0.000,0.000,-2.000,0.000,0.000
69104.000,53.000,235625.000,0.000,0.000,0.000,-2.000,0.000,0.000
69114.000,58.000,235683.000,0.000,0.000,0.000,-2.000,0.000,0.000
69124.000,57.000,235740.000,0.000,0.000,0.000,-2.000,0.000,0.000
69134.000,61.000,235801.000,0.000,0.000,0.000,-2.000,0.000,0.000
69144.000,54.000,235855.000,0.000,0.000,0.000,-2.000,0.000,0.000
69154.000,57.000,235912.000,0.000,0.000,0.000,-2.000,0.000,0.000
69164.000,57.000,235969.000,0.000,0.000,0.000,-2.000,0.000,0.000
69174.000,54.000,236023.000,0.000,0.000,0.000,-2.000,0.000,0.000
69184.000,61.000,236084.000,0.000,0.000,0.000,-2.000,0.000,0.000
69194.000,61.000,236145.000,0.000,0.000,0.000,-2.000,0.000,0.000
69204.000,58.000,236203.000,0.000,0.000,0.000,-2.000,0.000,0.000
69214.000,61.000,236264.000,0.000,0.000,0.000,-2.000,0.000,0.000
69224.000,61.000,236325.000,0.000,0.000,0.000,-2.000,0.000,0.000
69234.000,58.000,236383.000,0.000,0.000,0.000,-2.000,0.000,0.000
69244.000,53.000,236436.000,0.000,0.000,0.000,-2.000,0.000,0.000
69254.000,59.000,236495.000,0.000,0.000,0.000,-2.000,0.000,0.000
69264.000,57.000,236552.000,0.000,0.000,0.000,-2.000,0.000,0.000
69274.000,57.000,236609.000,0.000,0.000,0.000,-2.000,0.000,0.000
69284.000,58.000,236667.000,0.000,0.000,0.000,-2.000,0.000,0.000
69294.000,58.000,236725.000,0.000,0.000,0.000,-2.000,0.000,0.000
69304.000,57.000,236782.000,0.000,0.000,0.000,-2.000,0.000,0.000
69314.000,54.000,236836.000,0.000,0.000,0.000,-2.000,0.000,0.000
69324.000,61.000,236897.000,0.000,0.000,0.000,-2.000,0.000,0.000
69334.000,58.000,236955.000,0.000,0.000,0.000,-2.000,0.000,0.000
69344.000,57.000,237012.000,0.000,0.000,0.000,-2.000,0.000,0.000
69354.000,53.000,237065.000,0.000,0.000,0.000,-2.000,0.000,0.000
69364.000,58.000,237123.000,0.000,0.000,0.000,-2.000,0.000,0.000
69374.000,57.000,237180.000,0.000,0.000,0.000,-2.000,0.000,0.000
69384.000,57.000,237237.000,0.000,0.000,0.000,-2.000,0.000,0.000
69394.000,54.000,237291.000,0.000,0.000,0.000,-2.000,0.000,0.000
69404.000,58.000,237349.000,0.000,0.000,0.000,-2.000,0.000,0.000
69414.000,58.000,237407.000,0.000,0.000,0.000,-2.000,0.000,0.000
69424.000,53.000,237460.000,0.000,0.000,0.000,-2.000,0.000,0.000
69434.000,57.000,237517.000,0.000,0.000,0.000,-2.000,0.000,0.000
69444.000,58.000,237575.000,0.000,0.000,0.000,-2.000,0.000,0.000
69454.000,57.000,237632.000,0.000,0.000,0.000,-2.000,0.000,0.000
69464.000,54.000,237686.000,0.000,0.000,0.000,-2.000,0.000,0.000
69474.000,57.000,237743.000,0.000,0.000,0.000,-2.000,0.000,0.000
69484.000,58.000,237801.000,0.000,0.000,0.000,-2.000,0.000,0.000
69494.000,57.000,237858.000,0.000,0.000,0.000,-2.000,0.000,0.000
69504.000,58.000,237916.000,0.000,0.000,0.000,-2.000,0.000,0.000
69514.000,57.000,237973.000,0.000,0.000,0.000,-2.000,0.000,0.000
69524.000,56.000,238029.000,0.000,0.000,0.000,-2.000,0.000,0.000
69534.000,55.000,238084.000,0.000,0.000,0.000,-2.000,0.000,0.000
69544.000,57.000,238141.000,0.000,0.000,0.000,-2.000,0.000,0.000
69554.000,57.000,238198.000,0.000,0.000,0.000,-2.000,0.000,0.000
69564.000,54.000,238252.000,0.000,0.000,0.000,-2.000,0.000,0.000
69574.000,57.000,238309.000,0.000,0.000,0.000,-2.000,0.000,0.000
69584.000,58.000,238367.000,0.000,0.000,0.000,-2.000,0.000,0.000
69594.000,57.000,238424.000,0.000,0.000,0.000,-2.000,0.000,0.000
69604.000,62.000,238486.000,0.000,0.000,0.000,-2.000,0.000,0.000
69614.000,57.000,238543.000,0.000,0.000,0.000,-2.000,0.000,0.000
69624.000,62.000,238605.000,0.000,0.000,0.000,-2.000,0.000,0.000
69634.000,58.000,238663.000,0.000,0.000,0.000,-2.000,0.000,0.000
69644.000,57.000,238720.000,0.000,0.000,0.000,-2.000,0.000,0.000
69654.000,57.000,238777.000,0.000,0.000,0.000,-2.000,0.000,0.000
69664.000,62.000,238839.000,0.000,0.000,0.000,-2.000,0.000,0.000
69674.000,57.000,238896.000,0.000,0.000,0.000,-2.000,0.000,0.000
69684.000,57.000,238953.000,0.000,0.000,0.000,-2.000,0.000,0.000
69694.000,58.000,239011.000,0.000,0.000,0.000,-2.000,0.000,0.000
69704.000,62.000,239073.000,0.000,0.000,0.000,-2.000,0.000,0.000
69714.000,53.000,239126.000,0.000,0.000,0.000,-2.000,0.000,0.000
69724.000,58.000,239184.000,0.000,0.000,0.000,-2.000,0.000,0.000
69734.000,57.000,239241.000,0.000,0.000,0.000,-2.000,0.000,0.000
69744.000,54.000,239295.000,0.000,0.000,0.000,-2.000,0.000,0.000
69754.000,61.000,239356.000,0.000,0.000,0.000,-2.000,0.000,0.000
69764.000,58.000,239414.000,0.000,0.000,0.000,-2.000,0.000,0.000
69774.000,57.000,239471.000,0.000,0.000,0.000,-2.000,0.000,0.000
69784.000,54.000,239525.000,0.000,0.000,0.000,-2.000,0.000,0.000
69794.000,58.000,239583.000,0.000,0.000,0.000,-2.000,0.000,0.000
69804.000,57.000,239640.000,0.000,0.000,0.000,-2.000,0.000,0.000
69814.000,53.000,239693.000,0.000,0.000,0.000,-2.000,0.000,0.000
69824.000,58.000,239751.000,0.000,0.000,0.000,-2.000,0.000,0.000
69834.000,61.000,239812.000,0.000,0.000,0.000,-2.000,0.000,0.000
69844.000,57.000,239869.000,0.000,0.000,0.000,-2.000,0.000,0.000
69854.000,54.000,239923.000,0.000,0.000,0.000,-2.000,0.000,0.000
69864.000,58.000,239981.000,0.000,0.000,0.000,-2.000,0.000,0.000
69874.000,57.000,240038.000,0.000,0.000,0.000,-2.000,0.000,0.000
69884.000,53.000,240091.000,0.000,0.000,0.000,-2.000,0.000,0.000
69894.000,58.000,240149.000,0.000,0.000,0.000,-2.000,0.000,0.000
69904.000,58.000,240207.000,0.000,0.000,0.000,-2.000,0.000,0.000
69914.000,57.000,240264.000,0.000,0.000,0.000,-2.000,0.000,0.000
69924.000,53.000,240317.000,0.000,0.000,0.000,-2.000,0.000,0.000
69934.000,58.000,240375.000,0.000,0.000,0.000,-2.000,0.000,0.000
69944.000,57.000,240432.000,0.000,0.000,0.000,-2.000,0.000,0.000
69954.000,61.000,240493.000,0.000,0.000,0.000,-2.000,0.000,0.000
69964.000,54.000,240547.000,0.000,0.000,0.000,-2.000,0.000,0.000
69974.000,57.000,240604.000,0.000,0.000,0.000,-2.000,0.000,0.000
69984.000,57.000,240661.000,0.000,0.000,0.000,-2.000,0.000,0.000
69994.000,54.000,240715.000,0.000,0.000,0.000,-2.000,0.000,0.000
70004.000,62.000,240777.000,0.000,0.000,0.000,-2.000,0.000,0.000
70014.000,57.000,240834.000,0.000,0.000,0.000,-2.000,0.000,0.000
70024.000,58.000,240892.000,0.000,0.000,0.000,-2.000,0.000,0.000
70034.000,53.000,240945.000,0.000,0.000,0.000,-2.000,0.000,0.000
70044.000,58.000,241003.000,0.000,0.000,0.000,-2.000,0.000,0.000
70054.000,58.000,241061.000,0.000,0.000,0.000,-2.000,0.000,0.000
70064.000,53.000,241114.000,0.000,0.000,0.000,-2.000,0.000,0.000
70074.000,58.000,241172.000,0.000,0.000,0.000,-2.000,0.000,0.000
70084.000,57.000,241229.000,0.000,0.000,0.000,-2.000,0.000,0.000
70094.000,58.000,241287.000,0.000,0.000,0.000,-2.000,0.000,0.000
70104.000,53.000,241340.000,0.000,0.000,0.000,-2.000,0.000,0.000
70114.000,57.000,241397.000,0.000,0.000,0.000,-2.000,0.000,0.000
70124.000,58.000,241455.000,0.000,0.000,0.000,-2.000,0.000,0.000
70134.000,53.000,241508.000,0.000,0.000,0.000,-2.000,0.000,0.000
70144.000,59.000,241567.000,0.000,0.000,0.000,-2.000,0.000,0.000
70154.000,60.000,241627.000,0.000,0.000,0.000,-2.000,0.000,0.000
70164.000,57.000,241684.000,0.000,0.000,0.000,-2.000,0.000,0.000
70174.000,54.000,241738.000,0.000,0.000,0.000,-2.000,0.000,0.000
70184.000,58.000,241796.000,0.000,0.000,0.000,-2.000,0.000,0.000
70194.000,61.000,241857.000,0.000,0.000,0.000,-2.000,0.000,0.000
70204.000,58.000,241915.000,0.000,0.000,0.000,-2.000,0.000,0.000
70214.000,57.000,241972.000,0.000,0.000,0.000,-2.000,0.000,0.000
70224.000,58.000,242030.000,0.000,0.000,0.000,-2.000,0.000,0.000
