I0,I1,I2,I3,I4,I5,I6,I7,I8
1200294.000,16.000,2080415.000,16.000,4896.000,0.000,-2.000,0.000,0.000
1200304.000,16.000,2080431.000,16.000,4824.000,0.000,-2.000,0.000,0.000
1200314.000,16.000,2080447.000,16.000,4824.000,0.000,-2.000,0.000,0.000
1200324.000,18.000,2080465.000,16.000,4824.000,0.000,-2.000,0.000,0.000
1200334.000,16.000,2080481.000,16.000,4968.000,0.000,-2.000,0.000,0.000
1200344.000,16.000,2080497.000,16.000,4896.000,0.000,-2.000,0.000,0.000
1200354.000,12.000,2080509.000,16.000,4896.000,0.000,-2.000,0.000,0.000
1200364.000,16.000,2080525.000,16.000,4680.000,0.000,-2.000,0.000,0.000
1200374.000,16.000,2080541.000,16.000,4896.000,0.000,-2.000,0.000,0.000
1200384.000,13.000,2080554.000,16.000,4896.000,0.000,-2.000,0.000,0.000
1200394.000,16.000,2080570.000,16.000,4752.000,0.000,-2.000,0.000,0.000
1200404.000,16.000,2080586.000,16.000,4896.000,0.000,-2.000,0.000,0.000
1200414.000,12.000,2080598.000,16.000,4896.000,0.000,-2.000,0.000,0.000
1200424.000,16.000,2080614.000,16.000,4680.000,0.000,-2.000,0.000,0.000
1200434.000,16.000,2080630.000,16.000,4824.000,0.000,-2.000,0.000,0.000
1200444.000,12.000,2080642.000,16.000,4824.000,0.000,-2.000,0.000,0.000
1200454.000,17.000,2080659.000,16.000,4608.000,0.000,-2.000,0.000,0.000
1200464.000,16.000,2080675.000,16.000,4896.000,0.000,-2.000,0.000,0.000
1200474.000,16.000,2080691.000,16.000,4824.000,0.000,-2.000,0.000,0.000
1200484.000,16.000,2080707.000,16.000,4824.000,0.000,-2.000,0.000,0.000
1200494.000,16.000,2080723.000,16.000,4824.000,0.000,-2.000,0.000,0.000
1200504.000,16.000,2080739.000,16.000,4824.000,0.000,-2.000,0.000,0.000
1200514.000,17.000,2080756.000,16.000,4824.000,0.000,-2.000,0.000,0.000
1200524.000,15.000,2080771.000,16.000,4896.000,0.000,-2.000,0.000,0.000
1200534.000,18.000,2080789.000,16.000,4824.000,0.000,-2.000,0.000,0.000
1200544.000,15.000,2080804.000,16.000,4968.000,0.000,-2.000,0.000,0.000
1200554.000,15.000,2080819.000,16.000,4896.000,0.000,-2.000,0.000,0.000
1200564.000,12.000,2080831.000,16.000,4824.000,0.000,-2.000,0.000,0.000
1200574.000,16.000,2080847.000,16.000,4680.000,0.000,-2.000,0.000,0.000
1200584.000,16.000,2080863.000,16.000,4896.000,0.000,-2.000,0.000,0.000
1200594.000,12.000,2080875.000,16.000,4896.000,0.000,-2.000,0.000,0.000
1200604.000,16.000,2080891.000,16.000,4680.000,0.000,-2.000,0.000,0.000
1200614.000,16.000,2080907.000,16.000,4824.000,0.000,-2.000,0.000,0.000
1200624.000,11.000,2080918.000,16.000,4824.000,0.000,-2.000,0.000,0.000
1200634.000,16.000,2080934.000,16.000,4608.000,0.000,-2.000,0.000,0.000
1200644.000,16.000,2080950.000,16.000,4824.000,0.000,-2.000,0.000,0.000
1200654.000,12.000,2080962.000,16.000,4824.000,0.000,-2.000,0.000,0.000
1200664.000,16.000,2080978.000,16.000,4608.000,0.000,-2.000,0.000,0.000
1200674.000,16.000,2080994.000,16.000,4752.000,0.000,-2.000,0.000,0.000
1200684.000,12.000,2081006.000,16.000,4752.000,0.000,-2.000,0.000,0.000
1200694.000,16.000,2081022.000,16.000,4608.000,0.000,-2.000,0.000,0.000
1200704.000,17.000,2081039.000,16.000,4752.000,0.000,-2.000,0.000,0.000
1200714.000,12.000,2081051.000,16.000,4824.000,0.000,-2.000,0.000,0.000
1200724.000,16.000,2081067.000,16.000,4536.000,0.000,-2.000,0.000,0.000
1200734.000,16.000,2081083.000,16.000,4752.000,0.000,-2.000,0.000,0.000
1200744.000,16.000,2081099.000,16.000,4752.000,0.000,-2.000,0.000,0.000
1200754.000,17.000,2081116.000,16.000,4752.000,0.000,-2.000,0.000,0.000
1200764.000,17.000,2081133.000,16.000,4824.000,0.000,-2.000,0.000,0.000
1200774.000,16.000,2081149.000,16.000,4824.000,0.000,-2.000,0.000,0.000
1200784.000,16.000,2081165.000,16.000,4824.000,0.000,-2.000,0.000,0.000
1200794.000,12.000,2081177.000,16.000,4824.000,0.000,-2.000,0.000,0.000
1200804.000,17.000,2081194.000,16.000,4608.000,0.000,-2.000,0.000,0.000
1200814.000,16.000,2081210.000,16.000,4824.000,0.000,-2.000,0.000,0.000
1200824.000,16.000,2081226.000,16.000,4824.000,0.000,-2.000,0.000,0.000
1200834.000,17.000,2081243.000,16.000,4824.000,0.000,-2.000,0.000,0.000
1200844.000,16.000,2081259.000,16.000,4824.000,0.000,-2.000,0.000,0.000
1200854.000,12.000,2081271.000,16.000,4824.000,0.000,-2.000,0.000,0.000
1200864.000,16.000,2081287.000,16.000,4608.000,0.000,-2.000,0.000,0.000
1200874.000,17.000,2081304.000,16.000,4824.000,0.000,-2.000,0.000,0.000
1200884.000,13.000,2081317.000,16.000,4824.000,0.000,-2.000,0.000,0.000
1200894.000,16.000,2081333.000,16.000,4680.000,0.000,-2.000,0.000,0.000
1200904.000,16.000,2081349.000,16.000,4824.000,0.000,-2.000,0.000,0.000
1200914.000,13.000,2081362.000,16.000,4824.000,0.000,-2.000,0.000,0.000
1200924.000,16.000,2081378.000,16.000,4680.000,0.000,-2.000,0.000,0.000
1200934.000,16.000,2081394.000,16.000,4752.000,0.000,-2.000,0.000,0.000
1200944.000,13.000,2081407.000,16.000,4824.000,0.000,-2.000,0.000,0.000
1200954.000,16.000,2081423.000,16.000,4608.000,0.000,-2.000,0.000,0.000
1200964.000,16.000,2081439.000,16.000,4752.000,0.000,-2.000,0.000,0.000
1200974.000,18.000,2081457.000,16.000,4752.000,0.000,-2.000,0.000,0.000
1200984.000,16.000,2081473.000,16.000,4896.000,0.000,-2.000,0.000,0.000
1200994.000,16.000,2081489.000,16.000,4824.000,0.000,-2.000,0.000,0.000
1201004.000,17.000,2081506.000,16.000,4824.000,0.000,-2.000,0.000,0.000
1201014.000,16.000,2081522.000,16.000,4896.000,0.000,-2.000,0.000,0.000
1201024.000,16.000,2081538.000,16.000,4824.000,0.000,-2.000,0.000,0.000
1201034.000,12.000,2081550.000,16.000,4824.000,0.000,-2.000,0.000,0.000
1201044.000,16.000,2081566.000,16.000,4680.000,0.000,-2.000,0.000,0.000
1201054.000,17.000,2081583.000,16.000,4824.000,0.000,-2.000,0.000,0.000
1201064.000,11.000,2081594.000,16.000,4896.000,0.000,-2.000,0.000,0.000
1201074.000,17.000,2081611.000,16.000,4608.000,0.000,-2.000,0.000,0.000
1201084.000,16.000,2081627.000,16.000,4824.000,0.000,-2.000,0.000,0.000
1201094.000,12.000,2081639.000,16.000,4824.000,0.000,-2.000,0.000,0.000
1201104.000,16.000,2081655.000,16.000,4608.000,0.000,-2.000,0.000,0.000
1201114.000,16.000,2081671.000,16.000,4824.000,0.000,-2.000,0.000,0.000
1201124.000,13.000,2081684.000,16.000,4824.000,0.000,-2.000,0.000,0.000
1201134.000,17.000,2081701.000,16.000,4608.000,0.000,-2.000,0.000,0.000
1201144.000,16.000,2081717.000,16.000,4824.000,0.000,-2.000,0.000,0.000
1201154.000,16.000,2081733.000,16.000,4824.000,0.000,-2.000,0.000,0.000
1201164.000,16.000,2081749.000,16.000,4824.000,0.000,-2.000,0.000,0.000
1201174.000,16.000,2081765.000,16.000,4824.000,0.000,-2.000,0.000,0.000
1201184.000,12.000,2081777.000,16.000,4824.000,0.000,-2.000,0.000,0.000
1201194.000,16.000,2081793.000,16.000,4608.000,0.000,-2.000,0.000,0.000
1201204.000,16.000,2081809.000,16.000,4752.000,0.000,-2.000,0.000,0.000
1201214.000,13.000,2081822.000,16.000,4824.000,0.000,-2.000,0.000,0.000
1201224.000,16.000,2081838.000,16.000,4608.000,0.000,-2.000,0.000,0.000
1201234.000,16.000,2081854.000,16.000,4752.000,0.000,-2.000,0.000,0.000
1201244.000,13.000,2081867.000,16.000,4752.000,0.000,-2.000,0.000,0.000
1201254.000,16.000,2081883.000,16.000,4608.000,0.000,-2.000,0.000,0.000
1201264.000,16.000,2081899.000,16.000,4752.000,0.000,-2.000,0.000,0.000
1201274.000,13.000,2081912.000,16.000,4752.000,0.000,-2.000,0.000,0.000
1201284.000,17.000,2081929.000,16.000,4608.000,0.000,-2.000,0.000,0.000
1201294.000,12.000,2081941.000,16.000,4824.000,0.000,-2.000,0.000,0.000
1201304.000,17.000,2081958.000,16.000,4536.000,0.000,-2.000,0.000,0.000
1201314.000,16.000,2081974.000,16.000,4752.000,0.000,-2.000,0.000,0.000
1201324.000,17.000,2081991.000,16.000,4752.000,0.000,-2.000,0.000,0.000
1201334.000,16.000,2082007.000,16.000,4824.000,0.000,-2.000,0.000,0.000
1201344.000,17.000,2082024.000,16.000,4752.000,0.000,-2.000,0.000,0.000
1201354.000,17.000,2082041.000,16.000,4824.000,0.000,-2.000,0.000,0.000
1201364.000,16.000,2082057.000,16.000,4824.000,0.000,-2.000,0.000,0.000
1201374.000,17.000,2082074.000,16.000,4824.000,0.000,-2.000,0.000,0.000
1201384.000,12.000,2082086.000,16.000,4896.000,0.000,-2.000,0.000,0.000
1201394.000,17.000,2082103.000,16.000,4608.000,0.000,-2.000,0.000,0.000
1201404.000,16.000,2082119.000,16.000,4896.000,0.000,-2.000,0.000,0.000
1201414.000,16.000,2082135.000,16.000,4824.000,0.000,-2.000,0.000,0.000
1201424.000,18.000,2082153.000,16.000,4824.000,0.000,-2.000,0.000,0.000
1201434.000,16.000,2082169.000,16.000,4968.000,0.000,-2.000,0.000,0.000
1201444.000,12.000,2082181.000,16.000,4896.000,0.000,-2.000,0.000,0.000
1201454.000,16.000,2082197.000,16.000,4680.000,0.000,-2.000,0.000,0.000
1201464.000,16.000,2082213.000,16.000,4824.000,0.000,-2.000,0.000,0.000
1201474.000,13.000,2082226.000,16.000,4824.000,0.000,-2.000,0.000,0.000
1201484.000,16.000,2082242.000,16.000,4680.000,0.000,-2.000,0.000,0.000
1201494.000,16.000,2082258.000,16.000,4824.000,0.000,-2.000,0.000,0.000
1201504.000,13.000,2082271.000,16.000,4824.000,0.000,-2.000,0.000,0.000
1201514.000,16.000,2082287.000,16.000,4680.000,0.000,-2.000,0.000,0.000
1201524.000,16.000,2082303.000,16.000,4824.000,0.000,-2.000,0.000,0.000
1201534.000,13.000,2082316.000,16.000,4824.000,0.000,-2.000,0.000,0.000
1201544.000,17.000,2082333.000,16.000,4680.000,0.000,-2.000,0.000,0.000
1201554.000,16.000,2082349.000,16.000,4824.000,0.000,-2.000,0.000,0.000
1201564.000,16.000,2082365.000,16.000,4824.000,0.000,-2.000,0.000,0.000
1201574.000,16.000,2082381.000,16.000,4824.000,0.000,-2.000,0.000,0.000
1201584.000,17.000,2082398.000,16.000,4824.000,0.000,-2.000,0.000,0.000
1201594.000,12.000,2082410.000,16.000,4896.000,0.000,-2.000,0.000,0.000
1201604.000,16.000,2082426.000,16.000,4680.000,0.000,-2.000,0.000,0.000
1201614.000,16.000,2082442.000,16.000,4824.000,0.000,-2.000,0.000,0.000
1201624.000,13.000,2082455.000,16.000,4824.000,0.000,-2.000,0.000,0.000
1201634.000,16.000,2082471.000,16.000,4680.000,0.000,-2.000,0.000,0.000
1201644.000,16.000,2082487.000,16.000,4824.000,0.000,-2.000,0.000,0.000
1201654.000,12.000,2082499.000,16.000,4824.000,0.000,-2.000,0.000,0.000
1201664.000,16.000,2082515.000,16.000,4608.000,0.000,-2.000,0.000,0.000
1201674.000,16.000,2082531.000,16.000,4824.000,0.000,-2.000,0.000,0.000
1201684.000,14.000,2082545.000,16.000,4824.000,0.000,-2.000,0.000,0.000
1201695.000,56.000,2082601.000,16.000,4680.000,0.000,-2.000,0.000,0.000
1201705.000,15.000,2082616.000,16.000,6912.000,0.000,-2.000,0.000,0.000
1201715.000,10.000,2082626.000,16.000,5184.000,0.000,-2.000,0.000,0.000
1201725.000,15.000,2082641.000,16.000,4968.000,0.000,-2.000,0.000,0.000
1201735.000,14.000,2082655.000,16.000,5184.000,0.000,-2.000,0.000,0.000
1201745.000,10.000,2082665.000,16.000,5112.000,0.000,-2.000,0.000,0.000
1201755.000,13.000,2082678.000,16.000,4896.000,0.000,-2.000,0.000,0.000
1201765.000,15.000,2082693.000,16.000,4968.000,0.000,-2.000,0.000,0.000
1201775.000,14.000,2082707.000,16.000,5040.000,0.000,-2.000,0.000,0.000
1201785.000,14.000,2082721.000,16.000,5040.000,0.000,-2.000,0.000,0.000
1201795.000,14.000,2082735.000,16.000,4968.000,0.000,-2.000,0.000,0.000
14284.000,-51.000,-56237.000,-50.000,1080.000,0.000,0.000,0.000,0.000
14294.000,-51.000,-56288.000,-50.000,1080.000,0.000,0.000,0.000,0.000
14304.000,-50.000,-56338.000,-50.000,1152.000,0.000,0.000,0.000,0.000
14314.000,-47.000,-56385.000,-50.000,1080.000,0.000,0.000,0.000,0.000
14324.000,-47.000,-56432.000,-50.000,936.000,0.000,0.000,0.000,0.000
14334.000,-47.000,-56479.000,-50.000,936.000,0.000,0.000,0.000,0.000
14344.000,-47.000,-56526.000,-50.000,936.000,0.000,0.000,0.000,0.000
14354.000,-51.000,-56577.000,-50.000,936.000,0.000,0.000,0.000,0.000
14364.000,-51.000,-56628.000,-50.000,1152.000,0.000,0.000,0.000,0.000
14374.000,-50.000,-56678.000,-50.000,1152.000,0.000,0.000,0.000,0.000
14384.000,-52.000,-56730.000,-50.000,1152.000,0.000,0.000,0.000,0.000
14394.000,-50.000,-56780.000,-50.000,1296.000,0.000,0.000,0.000,0.000
14404.000,-50.000,-56830.000,-50.000,1224.000,0.000,0.000,0.000,0.000
14414.000,-46.000,-56876.000,-50.000,1296.000,0.000,0.000,0.000,0.000
14424.000,-45.000,-56921.000,-50.000,1080.000,0.000,0.000,0.000,0.000
14434.000,-47.000,-56968.000,-50.000,1008.000,0.000,0.000,0.000,0.000
14444.000,-45.000,-57013.000,-50.000,1080.000,0.000,0.000,0.000,0.000
14454.000,-46.000,-57059.000,-50.000,936.000,0.000,0.000,0.000,0.000
14464.000,-50.000,-57109.000,-50.000,1008.000,0.000,0.000,0.000,0.000
14474.000,-49.000,-57158.000,-50.000,1152.000,0.000,0.000,0.000,0.000
14484.000,-47.000,-57205.000,-50.000,1152.000,0.000,0.000,0.000,0.000
14494.000,-45.000,-57250.000,-50.000,1008.000,0.000,0.000,0.000,0.000
14504.000,-47.000,-57297.000,-50.000,936.000,0.000,0.000,0.000,0.000
14514.000,-47.000,-57344.000,-50.000,1008.000,0.000,0.000,0.000,0.000
14524.000,-45.000,-57389.000,-50.000,1008.000,0.000,0.000,0.000,0.000
14534.000,-51.000,-57440.000,-50.000,864.000,0.000,0.000,0.000,0.000
14544.000,-50.000,-57490.000,-50.000,1152.000,0.000,0.000,0.000,0.000
14554.000,-47.000,-57537.000,-50.000,1152.000,0.000,0.000,0.000,0.000
14564.000,-46.000,-57583.000,-50.000,1008.000,0.000,0.000,0.000,0.000
14574.000,-46.000,-57629.000,-50.000,936.000,0.000,0.000,0.000,0.000
14584.000,-51.000,-57680.000,-50.000,864.000,0.000,0.000,0.000,0.000
14594.000,-46.000,-57726.000,-50.000,1152.000,0.000,0.000,0.000,0.000
14604.000,-46.000,-57772.000,-50.000,936.000,0.000,0.000,0.000,0.000
14614.000,-50.000,-57822.000,-50.000,864.000,0.000,0.000,0.000,0.000
14624.000,-46.000,-57868.000,-50.000,1080.000,0.000,0.000,0.000,0.000
14634.000,-51.000,-57919.000,-50.000,864.000,0.000,0.000,0.000,0.000
14644.000,-50.000,-57969.000,-50.000,1152.000,0.000,0.000,0.000,0.000
14654.000,-47.000,-58016.000,-50.000,1080.000,0.000,0.000,0.000,0.000
14664.000,-46.000,-58062.000,-50.000,936.000,0.000,0.000,0.000,0.000
14674.000,-46.000,-58108.000,-50.000,936.000,0.000,0.000,0.000,0.000
14684.000,-46.000,-58154.000,-50.000,864.000,0.000,0.000,0.000,0.000
14694.000,-48.000,-58202.000,-50.000,864.000,0.000,0.000,0.000,0.000
14704.000,-50.000,-58252.000,-50.000,936.000,0.000,0.000,0.000,0.000
14714.000,-46.000,-58298.000,-50.000,1008.000,0.000,0.000,0.000,0.000
14724.000,-52.000,-58350.000,-50.000,864.000,0.000,0.000,0.000,0.000
14734.000,-51.000,-58401.000,-50.000,1152.000,0.000,0.000,0.000,0.000
14744.000,-50.000,-58451.000,-50.000,1152.000,0.000,0.000,0.000,0.000
14754.000,-50.000,-58501.000,-50.000,1152.000,0.000,0.000,0.000,0.000
14764.000,-51.000,-58552.000,-50.000,1152.000,0.000,0.000,0.000,0.000
14774.000,-50.000,-58602.000,-50.000,1224.000,0.000,0.000,0.000,0.000
14784.000,-46.000,-58648.000,-50.000,1224.000,0.000,0.000,0.000,0.000
14794.000,-49.000,-58697.000,-50.000,1008.000,0.000,0.000,0.000,0.000
14804.000,-51.000,-58748.000,-50.000,1152.000,0.000,0.000,0.000,0.000
14814.000,-49.000,-58797.000,-50.000,1296.000,0.000,0.000,0.000,0.000
14824.000,-49.000,-58846.000,-50.000,1224.000,0.000,0.000,0.000,0.000
14834.000,-50.000,-58896.000,-50.000,1224.000,0.000,0.000,0.000,0.000
14844.000,-49.000,-58945.000,-50.000,1296.000,0.000,0.000,0.000,0.000
14854.000,-45.000,-58990.000,-50.000,1296.000,0.000,0.000,0.000,0.000
14864.000,-46.000,-59036.000,-50.000,1080.000,0.000,0.000,0.000,0.000
14874.000,-49.000,-59085.000,-50.000,1080.000,0.000,0.000,0.000,0.000
14884.000,-45.000,-59130.000,-50.000,1224.000,0.000,0.000,0.000,0.000
14894.000,-45.000,-59175.000,-50.000,1008.000,0.000,0.000,0.000,0.000
14904.000,-45.000,-59220.000,-50.000,1008.000,0.000,0.000,0.000,0.000
14914.000,-50.000,-59270.000,-50.000,936.000,0.000,0.000,0.000,0.000
14924.000,-46.000,-59316.000,-50.000,1152.000,0.000,0.000,0.000,0.000
14934.000,-45.000,-59361.000,-50.000,1008.000,0.000,0.000,0.000,0.000
14944.000,-49.000,-59410.000,-50.000,936.000,0.000,0.000,0.000,0.000
14954.000,-51.000,-59461.000,-50.000,1080.000,0.000,0.000,0.000,0.000
14964.000,-49.000,-59510.000,-50.000,1224.000,0.000,0.000,0.000,0.000
14974.000,-46.000,-59556.000,-50.000,1152.000,0.000,0.000,0.000,0.000
14984.000,-46.000,-59602.000,-50.000,1008.000,0.000,0.000,0.000,0.000
14994.000,-46.000,-59648.000,-50.000,936.000,0.000,0.000,0.000,0.000
15004.000,-49.000,-59697.000,-50.000,936.000,0.000,0.000,0.000,0.000
15014.000,-47.000,-59744.000,-50.000,1080.000,0.000,0.000,0.000,0.000
15024.000,-48.000,-59792.000,-50.000,1008.000,0.000,0.000,0.000,0.000
15034.000,-51.000,-59843.000,-50.000,1008.000,0.000,0.000,0.000,0.000
15044.000,-49.000,-59892.000,-50.000,1152.000,0.000,0.000,0.000,0.000
15054.000,-51.000,-59943.000,-50.000,1080.000,0.000,0.000,0.000,0.000
15064.000,-45.000,-59988.000,-50.000,1224.000,0.000,0.000,0.000,0.000
15074.000,-50.000,-60038.000,-50.000,936.000,0.000,0.000,0.000,0.000
15084.000,-50.000,-60088.000,-50.000,1152.000,0.000,0.000,0.000,0.000
15094.000,-45.000,-60133.000,-50.000,1224.000,0.000,0.000,0.000,0.000
15104.000,-46.000,-60179.000,-50.000,936.000,0.000,0.000,0.000,0.000
15114.000,-46.000,-60225.000,-50.000,936.000,0.000,0.000,0.000,0.000
15124.000,-50.000,-60275.000,-50.000,936.000,0.000,0.000,0.000,0.000
15134.000,-46.000,-60321.000,-50.000,1152.000,0.000,0.000,0.000,0.000
15144.000,-50.000,-60371.000,-50.000,936.000,0.000,0.000,0.000,0.000
15154.000,-46.000,-60417.000,-50.000,1152.000,0.000,0.000,0.000,0.000
15164.000,-46.000,-60463.000,-50.000,936.000,0.000,0.000,0.000,0.000
15174.000,-45.000,-60508.000,-50.000,936.000,0.000,0.000,0.000,0.000
15184.000,-47.000,-60555.000,-50.000,864.000,0.000,0.000,0.000,0.000
15194.000,-46.000,-60601.000,-50.000,936.000,0.000,0.000,0.000,0.000
15204.000,-50.000,-60651.000,-50.000,864.000,0.000,0.000,0.000,0.000
15214.000,-46.000,-60697.000,-50.000,1008.000,0.000,0.000,0.000,0.000
15224.000,-48.000,-60745.000,-50.000,864.000,0.000,0.000,0.000,0.000
15234.000,-46.000,-60791.000,-50.000,936.000,0.000,0.000,0.000,0.000
15244.000,-46.000,-60837.000,-50.000,792.000,0.000,0.000,0.000,0.000
15254.000,-48.000,-60885.000,-50.000,792.000,0.000,0.000,0.000,0.000
15264.000,-47.000,-60932.000,-50.000,864.000,0.000,0.000,0.000,0.000
15274.000,-47.000,-60979.000,-50.000,792.000,0.000,0.000,0.000,0.000
15284.000,-52.000,-61031.000,-50.000,792.000,0.000,0.000,0.000,0.000
15294.000,-51.000,-61082.000,-50.000,1080.000,0.000,0.000,0.000,0.000
15304.000,-51.000,-61133.000,-50.000,1080.000,0.000,0.000,0.000,0.000
15314.000,-51.000,-61184.000,-50.000,1080.000,0.000,0.000,0.000,0.000
15324.000,-51.000,-61235.000,-50.000,1152.000,0.000,0.000,0.000,0.000
15334.000,-46.000,-61281.000,-50.000,1152.000,0.000,0.000,0.000,0.000
15344.000,-50.000,-61331.000,-50.000,936.000,0.000,0.000,0.000,0.000
15354.000,-47.000,-61378.000,-50.000,1152.000,0.000,0.000,0.000,0.000
15364.000,-50.000,-61428.000,-50.000,1008.000,0.000,0.000,0.000,0.000
15374.000,-51.000,-61479.000,-50.000,1152.000,0.000,0.000,0.000,0.000
15384.000,-46.000,-61525.000,-50.000,1224.000,0.000,0.000,0.000,0.000
15394.000,-46.000,-61571.000,-50.000,1008.000,0.000,0.000,0.000,0.000
15404.000,-50.000,-61621.000,-50.000,936.000,0.000,0.000,0.000,0.000
15414.000,-46.000,-61667.000,-50.000,1152.000,0.000,0.000,0.000,0.000
15424.000,-46.000,-61713.000,-50.000,936.000,0.000,0.000,0.000,0.000
15434.000,-47.000,-61760.000,-50.000,936.000,0.000,0.000,0.000,0.000
15444.000,-46.000,-61806.000,-50.000,1008.000,0.000,0.000,0.000,0.000
15454.000,-46.000,-61852.000,-50.000,936.000,0.000,0.000,0.000,0.000
15464.000,-47.000,-61899.000,-50.000,864.000,0.000,0.000,0.000,0.000
15474.000,-50.000,-61949.000,-50.000,936.000,0.000,0.000,0.000,0.000
15484.000,-51.000,-62000.000,-50.000,1080.000,0.000,0.000,0.000,0.000
15494.000,-50.000,-62050.000,-50.000,1152.000,0.000,0.000,0.000,0.000
15504.000,-50.000,-62100.000,-50.000,1080.000,0.000,0.000,0.000,0.000
15514.000,-50.000,-62150.000,-50.000,1152.000,0.000,0.000,0.000,0.000
15524.000,-46.000,-62196.000,-50.000,1152.000,0.000,0.000,0.000,0.000
15534.000,-45.000,-62241.000,-50.000,1008.000,0.000,0.000,0.000,0.000
15544.000,-51.000,-62292.000,-50.000,936.000,0.000,0.000,0.000,0.000
15554.000,-49.000,-62341.000,-50.000,1152.000,0.000,0.000,0.000,0.000
15564.000,-50.000,-62391.000,-50.000,1080.000,0.000,0.000,0.000,0.000
15574.000,-50.000,-62441.000,-50.000,1152.000,0.000,0.000,0.000,0.000
15584.000,-46.000,-62487.000,-50.000,1224.000,0.000,0.000,0.000,0.000
15594.000,-50.000,-62537.000,-50.000,1008.000,0.000,0.000,0.000,0.000
15604.000,-46.000,-62583.000,-50.000,1224.000,0.000,0.000,0.000,0.000
15614.000,-45.000,-62628.000,-50.000,1008.000,0.000,0.000,0.000,0.000
15624.000,-45.000,-62673.000,-50.000,936.000,0.000,0.000,0.000,0.000
15634.000,-50.000,-62723.000,-50.000,936.000,0.000,0.000,0.000,0.000
15644.000,-50.000,-62773.000,-50.000,1152.000,0.000,0.000,0.000,0.000
15654.000,-50.000,-62823.000,-50.000,1152.000,0.000,0.000,0.000,0.000
15664.000,-49.000,-62872.000,-50.000,1152.000,0.000,0.000,0.000,0.000
15674.000,-45.000,-62917.000,-50.000,1152.000,0.000,0.000,0.000,0.000
15684.000,-46.000,-62963.000,-50.000,936.000,0.000,0.000,0.000,0.000
15694.000,-45.000,-63008.000,-50.000,936.000,0.000,0.000,0.000,0.000
15704.000,-47.000,-63055.000,-50.000,864.000,0.000,0.000,0.000,0.000
15714.000,-45.000,-63100.000,-50.000,936.000,0.000,0.000,0.000,0.000
15724.000,-51.000,-63151.000,-50.000,864.000,0.000,0.000,0.000,0.000
15734.000,-49.000,-63200.000,-50.000,1152.000,0.000,0.000,0.000,0.000
15744.000,-47.000,-63247.000,-50.000,1080.000,0.000,0.000,0.000,0.000
15754.000,-46.000,-63293.000,-50.000,936.000,0.000,0.000,0.000,0.000
15764.000,-46.000,-63339.000,-50.000,864.000,0.000,0.000,0.000,0.000
15774.000,-46.000,-63385.000,-50.000,864.000,0.000,0.000,0.000,0.000
15784.000,-47.000,-63432.000,-50.000,864.000,0.000,0.000,0.000,0.000
15794.000,-47.000,-63479.000,-50.000,864.000,0.000,0.000,0.000,0.000
15804.000,-46.000,-63525.000,-50.000,864.000,0.000,0.000,0.000,0.000
15814.000,-47.000,-63572.000,-50.000,792.000,0.000,0.000,0.000,0.000
15824.000,-47.000,-63619.000,-50.000,792.000,0.000,0.000,0.000,0.000
15834.000,-46.000,-63665.000,-50.000,792.000,0.000,0.000,0.000,0.000
15844.000,-48.000,-63713.000,-50.000,720.000,0.000,0.000,0.000,0.000
15854.000,-48.000,-63761.000,-50.000,792.000,0.000,0.000,0.000,0.000
15864.000,-47.000,-63808.000,-50.000,792.000,0.000,0.000,0.000,0.000
15874.000,-48.000,-63856.000,-50.000,792.000,0.000,0.000,0.000,0.000
15884.000,-48.000,-63904.000,-50.000,792.000,0.000,0.000,0.000,0.000
15894.000,-51.000,-63955.000,-50.000,792.000,0.000,0.000,0.000,0.000
15904.000,-48.000,-64003.000,-50.000,936.000,0.000,0.000,0.000,0.000
15914.000,-48.000,-64051.000,-50.000,864.000,0.000,0.000,0.000,0.000
15924.000,-48.000,-64099.000,-50.000,864.000,0.000,0.000,0.000,0.000
15934.000,-47.000,-64146.000,-50.000,864.000,0.000,0.000,0.000,0.000
15944.000,-47.000,-64193.000,-50.000,792.000,0.000,0.000,0.000,0.000
15954.000,-48.000,-64241.000,-50.000,792.000,0.000,0.000,0.000,0.000
15964.000,-48.000,-64289.000,-50.000,792.000,0.000,0.000,0.000,0.000
15974.000,-48.000,-64337.000,-50.000,792.000,0.000,0.000,0.000,0.000
15984.000,-52.000,-64389.000,-50.000,792.000,0.000,0.000,0.000,0.000
15994.000,-48.000,-64437.000,-50.000,1008.000,0.000,0.000,0.000,0.000
16004.000,-48.000,-64485.000,-50.000,864.000,0.000,0.000,0.000,0.000
16014.000,-51.000,-64536.000,-50.000,864.000,0.000,0.000,0.000,0.000
16024.000,-51.000,-64587.000,-50.000,1008.000,0.000,0.000,0.000,0.000
16034.000,-48.000,-64635.000,-50.000,1080.000,0.000,0.000,0.000,0.000
16044.000,-51.000,-64686.000,-50.000,936.000,0.000,0.000,0.000,0.000
16054.000,-48.000,-64734.000,-50.000,1080.000,0.000,0.000,0.000,0.000
16064.000,-50.000,-64784.000,-50.000,1008.000,0.000,0.000,0.000,0.000
16074.000,-47.000,-64831.000,-50.000,1080.000,0.000,0.000,0.000,0.000
16084.000,-51.000,-64882.000,-50.000,936.000,0.000,0.000,0.000,0.000
16094.000,-47.000,-64929.000,-50.000,1152.000,0.000,0.000,0.000,0.000
16104.000,-51.000,-64980.000,-50.000,1008.000,0.000,0.000,0.000,0.000
16114.000,-50.000,-65030.000,-50.000,1152.000,0.000,0.000,0.000,0.000
16124.000,-46.000,-65076.000,-50.000,1152.000,0.000,0.000,0.000,0.000
16134.000,-47.000,-65123.000,-50.000,1008.000,0.000,0.000,0.000,0.000
16144.000,-43.000,-65166.000,-50.000,1008.000,0.000,0.000,0.000,0.000
16154.000,-46.000,-65212.000,-50.000,792.000,0.000,0.000,0.000,0.000
16164.000,-47.000,-65259.000,-50.000,864.000,0.000,0.000,0.000,0.000
16174.000,-46.000,-65305.000,-50.000,936.000,0.000,0.000,0.000,0.000
16184.000,-50.000,-65355.000,-50.000,864.000,0.000,0.000,0.000,0.000
16194.000,-48.000,-65403.000,-50.000,1008.000,0.000,0.000,0.000,0.000
16204.000,-46.000,-65449.000,-50.000,936.000,0.000,0.000,0.000,0.000
16214.000,-47.000,-65496.000,-50.000,864.000,0.000,0.000,0.000,0.000
16224.000,-46.000,-65542.000,-50.000,864.000,0.000,0.000,0.000,0.000
16234.000,-48.000,-65590.000,-50.000,792.000,0.000,0.000,0.000,0.000
16244.000,-46.000,-65636.000,-50.000,864.000,0.000,0.000,0.000,0.000
16254.000,-47.000,-65683.000,-50.000,792.000,0.000,0.000,0.000,0.000
16264.000,-47.000,-65730.000,-50.000,792.000,0.000,0.000,0.000,0.000
16274.000,-48.000,-65778.000,-50.000,792.000,0.000,0.000,0.000,0.000
16284.000,-48.000,-65826.000,-50.000,864.000,0.000,0.000,0.000,0.000
16294.000,-46.000,-65872.000,-50.000,864.000,0.000,0.000,0.000,0.000
16304.000,-52.000,-65924.000,-50.000,720.000,0.000,0.000,0.000,0.000
16314.000,-48.000,-65972.000,-50.000,1008.000,0.000,0.000,0.000,0.000
16324.000,-51.000,-66023.000,-50.000,864.000,0.000,0.000,0.000,0.000
16334.000,-52.000,-66075.000,-50.000,1008.000,0.000,0.000,0.000,0.000
16344.000,-47.000,-66122.000,-50.000,1080.000,0.000,0.000,0.000,0.000
16354.000,-48.000,-66170.000,-50.000,864.000,0.000,0.000,0.000,0.000
16364.000,-46.000,-66216.000,-50.000,936.000,0.000,0.000,0.000,0.000
16374.000,-48.000,-66264.000,-50.000,792.000,0.000,0.000,0.000,0.000
16384.000,-51.000,-66315.000,-50.000,936.000,0.000,0.000,0.000,0.000
16394.000,-50.000,-66365.000,-50.000,1080.000,0.000,0.000,0.000,0.000
16404.000,-51.000,-66416.000,-50.000,1080.000,0.000,0.000,0.000,0.000
16414.000,-50.000,-66466.000,-50.000,1152.000,0.000,0.000,0.000,0.000
16424.000,-47.000,-66513.000,-50.000,1080.000,0.000,0.000,0.000,0.000
16434.000,-50.000,-66563.000,-50.000,1008.000,0.000,0.000,0.000,0.000
16444.000,-47.000,-66610.000,-50.000,1152.000,0.000,0.000,0.000,0.000
16454.000,-46.000,-66656.000,-50.000,1008.000,0.000,0.000,0.000,0.000
16464.000,-47.000,-66703.000,-50.000,936.000,0.000,0.000,0.000,0.000
16474.000,-42.000,-66745.000,-50.000,936.000,0.000,0.000,0.000,0.000
16484.000,-46.000,-66791.000,-50.000,720.000,0.000,0.000,0.000,0.000
16494.000,-47.000,-66838.000,-50.000,792.000,0.000,0.000,0.000,0.000
16504.000,-47.000,-66885.000,-50.000,864.000,0.000,0.000,0.000,0.000
16514.000,-51.000,-66936.000,-50.000,864.000,0.000,0.000,0.000,0.000
16524.000,-51.000,-66987.000,-50.000,1008.000,0.000,0.000,0.000,0.000
16534.000,-51.000,-67038.000,-50.000,1080.000,0.000,0.000,0.000,0.000
16544.000,-51.000,-67089.000,-50.000,1080.000,0.000,0.000,0.000,0.000
16554.000,-46.000,-67135.000,-50.000,1152.000,0.000,0.000,0.000,0.000
16564.000,-50.000,-67185.000,-50.000,936.000,0.000,0.000,0.000,0.000
16574.000,-50.000,-67235.000,-50.000,1080.000,0.000,0.000,0.000,0.000
16584.000,-47.000,-67282.000,-50.000,1152.000,0.000,0.000,0.000,0.000
16594.000,-45.000,-67327.000,-50.000,1008.000,0.000,0.000,0.000,0.000
16604.000,-51.000,-67378.000,-50.000,864.000,0.000,0.000,0.000,0.000
16614.000,-50.000,-67428.000,-50.000,1152.000,0.000,0.000,0.000,0.000
16624.000,-46.000,-67474.000,-50.000,1152.000,0.000,0.000,0.000,0.000
16634.000,-46.000,-67520.000,-50.000,936.000,0.000,0.000,0.000,0.000
16644.000,-46.000,-67566.000,-50.000,936.000,0.000,0.000,0.000,0.000
16654.000,-51.000,-67617.000,-50.000,936.000,0.000,0.000,0.000,0.000
16664.000,-50.000,-67667.000,-50.000,1152.000,0.000,0.000,0.000,0.000
16674.000,-42.000,-67709.000,-50.000,1152.000,0.000,0.000,0.000,0.000
16684.000,-46.000,-67755.000,-50.000,720.000,0.000,0.000,0.000,0.000
16694.000,-51.000,-67806.000,-50.000,864.000,0.000,0.000,0.000,0.000
16704.000,-46.000,-67852.000,-50.000,1080.000,0.000,0.000,0.000,0.000
16714.000,-51.000,-67903.000,-50.000,864.000,0.000,0.000,0.000,0.000
16724.000,-46.000,-67949.000,-50.000,1152.000,0.000,0.000,0.000,0.000
16734.000,-46.000,-67995.000,-50.000,864.000,0.000,0.000,0.000,0.000
16744.000,-47.000,-68042.000,-50.000,864.000,0.000,0.000,0.000,0.000
16754.000,-47.000,-68089.000,-50.000,864.000,0.000,0.000,0.000,0.000
16764.000,-46.000,-68135.000,-50.000,864.000,0.000,0.000,0.000,0.000
16774.000,-47.000,-68182.000,-50.000,792.000,0.000,0.000,0.000,0.000
16784.000,-47.000,-68229.000,-50.000,864.000,0.000,0.000,0.000,0.000
16794.000,-48.000,-68277.000,-50.000,864.000,0.000,0.000,0.000,0.000
16804.000,-50.000,-68327.000,-50.000,864.000,0.000,0.000,0.000,0.000
16814.000,-48.000,-68375.000,-50.000,1008.000,0.000,0.000,0.000,0.000
16824.000,-47.000,-68422.000,-50.000,864.000,0.000,0.000,0.000,0.000
16834.000,-47.000,-68469.000,-50.000,864.000,0.000,0.000,0.000,0.000
16844.000,-48.000,-68517.000,-50.000,792.000,0.000,0.000,0.000,0.000
16854.000,-46.000,-68563.000,-50.000,864.000,0.000,0.000,0.000,0.000
16864.000,-48.000,-68611.000,-50.000,792.000,0.000,0.000,0.000,0.000
16874.000,-47.000,-68658.000,-50.000,864.000,0.000,0.000,0.000,0.000
16884.000,-48.000,-68706.000,-50.000,792.000,0.000,0.000,0.000,0.000
16894.000,-52.000,-68758.000,-50.000,864.000,0.000,0.000,0.000,0.000
16904.000,-51.000,-68809.000,-50.000,1008.000,0.000,0.000,0.000,0.000
16914.000,-52.000,-68861.000,-50.000,1008.000,0.000,0.000,0.000,0.000
16924.000,-50.000,-68911.000,-50.000,1152.000,0.000,0.000,0.000,0.000
16934.000,-51.000,-68962.000,-50.000,1080.000,0.000,0.000,0.000,0.000
16944.000,-51.000,-69013.000,-50.000,1152.000,0.000,0.000,0.000,0.000
16954.000,-46.000,-69059.000,-50.000,1152.000,0.000,0.000,0.000,0.000
16964.000,-50.000,-69109.000,-50.000,936.000,0.000,0.000,0.000,0.000
16974.000,-46.000,-69155.000,-50.000,1152.000,0.000,0.000,0.000,0.000
16984.000,-47.000,-69202.000,-50.000,936.000,0.000,0.000,0.000,0.000
16994.000,-46.000,-69248.000,-50.000,1008.000,0.000,0.000,0.000,0.000
17004.000,-47.000,-69295.000,-50.000,936.000,0.000,0.000,0.000,0.000
17014.000,-42.000,-69337.000,-50.000,936.000,0.000,0.000,0.000,0.000
17024.000,-46.000,-69383.000,-50.000,720.000,0.000,0.000,0.000,0.000
17034.000,-47.000,-69430.000,-50.000,792.000,0.000,0.000,0.000,0.000
17044.000,-52.000,-69482.000,-50.000,864.000,0.000,0.000,0.000,0.000
17054.000,-51.000,-69533.000,-50.000,1080.000,0.000,0.000,0.000,0.000
17064.000,-46.000,-69579.000,-50.000,1080.000,0.000,0.000,0.000,0.000
17074.000,-47.000,-69626.000,-50.000,864.000,0.000,0.000,0.000,0.000
17084.000,-51.000,-69677.000,-50.000,864.000,0.000,0.000,0.000,0.000
17094.000,-50.000,-69727.000,-50.000,1080.000,0.000,0.000,0.000,0.000
17104.000,-51.000,-69778.000,-50.000,1080.000,0.000,0.000,0.000,0.000
17114.000,-51.000,-69829.000,-50.000,1152.000,0.000,0.000,0.000,0.000
17124.000,-49.000,-69878.000,-50.000,1152.000,0.000,0.000,0.000,0.000
17134.000,-51.000,-69929.000,-50.000,1152.000,0.000,0.000,0.000,0.000
17144.000,-49.000,-69978.000,-50.000,1224.000,0.000,0.000,0.000,0.000
17154.000,-50.000,-70028.000,-50.000,1152.000,0.000,0.000,0.000,0.000
17164.000,-50.000,-70078.000,-50.000,1224.000,0.000,0.000,0.000,0.000
17174.000,-49.000,-70127.000,-50.000,1296.000,0.000,0.000,0.000,0.000
17184.000,-50.000,-70177.000,-50.000,1224.000,0.000,0.000,0.000,0.000
17194.000,-45.000,-70222.000,-50.000,1296.000,0.000,0.000,0.000,0.000
17204.000,-45.000,-70267.000,-50.000,1080.000,0.000,0.000,0.000,0.000
17214.000,-46.000,-70313.000,-50.000,1008.000,0.000,0.000,0.000,0.000
17224.000,-45.000,-70358.000,-50.000,1080.000,0.000,0.000,0.000,0.000
17234.000,-45.000,-70403.000,-50.000,1008.000,0.000,0.000,0.000,0.000
17244.000,-42.000,-70445.000,-50.000,936.000,0.000,0.000,0.000,0.000
17254.000,-46.000,-70491.000,-50.000,720.000,0.000,0.000,0.000,0.000
17264.000,-50.000,-70541.000,-50.000,864.000,0.000,0.000,0.000,0.000
17274.000,-50.000,-70591.000,-50.000,1080.000,0.000,0.000,0.000,0.000
17284.000,-46.000,-70637.000,-50.000,1080.000,0.000,0.000,0.000,0.000
17294.000,-46.000,-70683.000,-50.000,864.000,0.000,0.000,0.000,0.000
17304.000,-46.000,-70729.000,-50.000,864.000,0.000,0.000,0.000,0.000
17314.000,-46.000,-70775.000,-50.000,864.000,0.000,0.000,0.000,0.000
17324.000,-51.000,-70826.000,-50.000,792.000,0.000,0.000,0.000,0.000
17334.000,-51.000,-70877.000,-50.000,1080.000,0.000,0.000,0.000,0.000
17344.000,-50.000,-70927.000,-50.000,1080.000,0.000,0.000,0.000,0.000
17354.000,-50.000,-70977.000,-50.000,1080.000,0.000,0.000,0.000,0.000
17364.000,-46.000,-71023.000,-50.000,1080.000,0.000,0.000,0.000,0.000
17374.000,-51.000,-71074.000,-50.000,936.000,0.000,0.000,0.000,0.000
17384.000,-50.000,-71124.000,-50.000,1152.000,0.000,0.000,0.000,0.000
17394.000,-50.000,-71174.000,-50.000,1152.000,0.000,0.000,0.000,0.000
17404.000,-50.000,-71224.000,-50.000,1152.000,0.000,0.000,0.000,0.000
17414.000,-46.000,-71270.000,-50.000,1152.000,0.000,0.000,0.000,0.000
17424.000,-49.000,-71319.000,-50.000,1008.000,0.000,0.000,0.000,0.000
17434.000,-47.000,-71366.000,-50.000,1152.000,0.000,0.000,0.000,0.000
17444.000,-45.000,-71411.000,-50.000,1080.000,0.000,0.000,0.000,0.000
17454.000,-50.000,-71461.000,-50.000,936.000,0.000,0.000,0.000,0.000
17464.000,-49.000,-71510.000,-50.000,1152.000,0.000,0.000,0.000,0.000
17474.000,-45.000,-71555.000,-50.000,1152.000,0.000,0.000,0.000,0.000
17484.000,-46.000,-71601.000,-50.000,936.000,0.000,0.000,0.000,0.000
17494.000,-46.000,-71647.000,-50.000,936.000,0.000,0.000,0.000,0.000
17504.000,-49.000,-71696.000,-50.000,936.000,0.000,0.000,0.000,0.000
17514.000,-49.000,-71745.000,-50.000,1080.000,0.000,0.000,0.000,0.000
17524.000,-47.000,-71792.000,-50.000,1080.000,0.000,0.000,0.000,0.000
17534.000,-45.000,-71837.000,-50.000,936.000,0.000,0.000,0.000,0.000
17544.000,-47.000,-71884.000,-50.000,864.000,0.000,0.000,0.000,0.000
17554.000,-49.000,-71933.000,-50.000,936.000,0.000,0.000,0.000,0.000
17564.000,-47.000,-71980.000,-50.000,1008.000,0.000,0.000,0.000,0.000
17574.000,-46.000,-72026.000,-50.000,936.000,0.000,0.000,0.000,0.000
17584.000,-46.000,-72072.000,-50.000,864.000,0.000,0.000,0.000,0.000
17594.000,-46.000,-72118.000,-50.000,864.000,0.000,0.000,0.000,0.000
17604.000,-51.000,-72169.000,-50.000,792.000,0.000,0.000,0.000,0.000
17614.000,-51.000,-72220.000,-50.000,1080.000,0.000,0.000,0.000,0.000
17624.000,-50.000,-72270.000,-50.000,1080.000,0.000,0.000,0.000,0.000
17634.000,-51.000,-72321.000,-50.000,1080.000,0.000,0.000,0.000,0.000
17644.000,-46.000,-72367.000,-50.000,1152.000,0.000,0.000,0.000,0.000
17654.000,-46.000,-72413.000,-50.000,936.000,0.000,0.000,0.000,0.000
17664.000,-47.000,-72460.000,-50.000,864.000,0.000,0.000,0.000,0.000
17674.000,-46.000,-72506.000,-50.000,936.000,0.000,0.000,0.000,0.000
17684.000,-46.000,-72552.000,-50.000,864.000,0.000,0.000,0.000,0.000
17694.000,-46.000,-72598.000,-50.000,864.000,0.000,0.000,0.000,0.000
17704.000,-51.000,-72649.000,-50.000,792.000,0.000,0.000,0.000,0.000
17714.000,-52.000,-72701.000,-50.000,1080.000,0.000,0.000,0.000,0.000
17724.000,-46.000,-72747.000,-50.000,1152.000,0.000,0.000,0.000,0.000
17734.000,-46.000,-72793.000,-50.000,864.000,0.000,0.000,0.000,0.000
17744.000,-48.000,-72841.000,-50.000,864.000,0.000,0.000,0.000,0.000
17754.000,-51.000,-72892.000,-50.000,936.000,0.000,0.000,0.000,0.000
17764.000,-46.000,-72938.000,-50.000,1080.000,0.000,0.000,0.000,0.000
17774.000,-47.000,-72985.000,-50.000,864.000,0.000,0.000,0.000,0.000
17784.000,-47.000,-73032.000,-50.000,864.000,0.000,0.000,0.000,0.000
17794.000,-46.000,-73078.000,-50.000,864.000,0.000,0.000,0.000,0.000
17804.000,-51.000,-73129.000,-50.000,792.000,0.000,0.000,0.000,0.000
17814.000,-51.000,-73180.000,-50.000,1008.000,0.000,0.000,0.000,0.000
17824.000,-46.000,-73226.000,-50.000,1080.000,0.000,0.000,0.000,0.000
17834.000,-47.000,-73273.000,-50.000,864.000,0.000,0.000,0.000,0.000
17844.000,-51.000,-73324.000,-50.000,864.000,0.000,0.000,0.000,0.000
17854.000,-50.000,-73374.000,-50.000,1080.000,0.000,0.000,0.000,0.000
17864.000,-52.000,-73426.000,-50.000,1080.000,0.000,0.000,0.000,0.000
17874.000,-50.000,-73476.000,-50.000,1224.000,0.000,0.000,0.000,0.000
17884.000,-50.000,-73526.000,-50.000,1152.000,0.000,0.000,0.000,0.000
17894.000,-51.000,-73577.000,-50.000,1152.000,0.000,0.000,0.000,0.000
17904.000,-49.000,-73626.000,-50.000,1224.000,0.000,0.000,0.000,0.000
17914.000,-50.000,-73676.000,-50.000,1152.000,0.000,0.000,0.000,0.000
17924.000,-50.000,-73726.000,-50.000,1224.000,0.000,0.000,0.000,0.000
17934.000,-50.000,-73776.000,-50.000,1296.000,0.000,0.000,0.000,0.000
17944.000,-49.000,-73825.000,-50.000,1296.000,0.000,0.000,0.000,0.000
17954.000,-49.000,-73874.000,-50.000,1296.000,0.000,0.000,0.000,0.000
17964.000,-46.000,-73920.000,-50.000,1296.000,0.000,0.000,0.000,0.000
17974.000,-44.000,-73964.000,-50.000,1152.000,0.000,0.000,0.000,0.000
17984.000,-45.000,-74009.000,-50.000,1008.000,0.000,0.000,0.000,0.000
17994.000,-49.000,-74058.000,-50.000,1008.000,0.000,0.000,0.000,0.000
18004.000,-46.000,-74104.000,-50.000,1224.000,0.000,0.000,0.000,0.000
18014.000,-48.000,-74152.000,-50.000,1008.000,0.000,0.000,0.000,0.000
18024.000,-46.000,-74198.000,-50.000,1152.000,0.000,0.000,0.000,0.000
18034.000,-48.000,-74246.000,-50.000,1008.000,0.000,0.000,0.000,0.000
18044.000,-46.000,-74292.000,-50.000,1080.000,0.000,0.000,0.000,0.000
18054.000,-49.000,-74341.000,-50.000,1008.000,0.000,0.000,0.000,0.000
18064.000,-50.000,-74391.000,-50.000,1152.000,0.000,0.000,0.000,0.000
18074.000,-45.000,-74436.000,-50.000,1152.000,0.000,0.000,0.000,0.000
18084.000,-50.000,-74486.000,-50.000,936.000,0.000,0.000,0.000,0.000
18094.000,-46.000,-74532.000,-50.000,1152.000,0.000,0.000,0.000,0.000
18104.000,-49.000,-74581.000,-50.000,1008.000,0.000,0.000,0.000,0.000
18114.000,-49.000,-74630.000,-50.000,1152.000,0.000,0.000,0.000,0.000
18124.000,-50.000,-74680.000,-50.000,1152.000,0.000,0.000,0.000,0.000
18134.000,-50.000,-74730.000,-50.000,1224.000,0.000,0.000,0.000,0.000
18144.000,-48.000,-74778.000,-50.000,1224.000,0.000,0.000,0.000,0.000
18154.000,-46.000,-74824.000,-50.000,1152.000,0.000,0.000,0.000,0.000
18164.000,-46.000,-74870.000,-50.000,1008.000,0.000,0.000,0.000,0.000
18174.000,-44.000,-74914.000,-50.000,1008.000,0.000,0.000,0.000,0.000
18184.000,-47.000,-74961.000,-50.000,864.000,0.000,0.000,0.000,0.000
18194.000,-49.000,-75010.000,-50.000,1008.000,0.000,0.000,0.000,0.000
18204.000,-50.000,-75060.000,-50.000,1080.000,0.000,0.000,0.000,0.000
18214.000,-46.000,-75106.000,-50.000,1152.000,0.000,0.000,0.000,0.000
18224.000,-46.000,-75152.000,-50.000,936.000,0.000,0.000,0.000,0.000
18234.000,-45.000,-75197.000,-50.000,936.000,0.000,0.000,0.000,0.000
18244.000,-51.000,-75248.000,-50.000,864.000,0.000,0.000,0.000,0.000
18254.000,-49.000,-75297.000,-50.000,1152.000,0.000,0.000,0.000,0.000
18264.000,-51.000,-75348.000,-50.000,1080.000,0.000,0.000,0.000,0.000
18274.000,-50.000,-75398.000,-50.000,1152.000,0.000,0.000,0.000,0.000
18284.000,-50.000,-75448.000,-50.000,1152.000,0.000,0.000,0.000,0.000
18294.000,-45.000,-75493.000,-50.000,1224.000,0.000,0.000,0.000,0.000
18304.000,-50.000,-75543.000,-50.000,936.000,0.000,0.000,0.000,0.000
18314.000,-46.000,-75589.000,-50.000,1152.000,0.000,0.000,0.000,0.000
18324.000,-45.000,-75634.000,-50.000,1008.000,0.000,0.000,0.000,0.000
18334.000,-46.000,-75680.000,-50.000,936.000,0.000,0.000,0.000,0.000
18344.000,-46.000,-75726.000,-50.000,936.000,0.000,0.000,0.000,0.000
18354.000,-46.000,-75772.000,-50.000,936.000,0.000,0.000,0.000,0.000
18364.000,-46.000,-75818.000,-50.000,864.000,0.000,0.000,0.000,0.000
18374.000,-46.000,-75864.000,-50.000,864.000,0.000,0.000,0.000,0.000
18384.000,-50.000,-75914.000,-50.000,864.000,0.000,0.000,0.000,0.000
18394.000,-47.000,-75961.000,-50.000,1008.000,0.000,0.000,0.000,0.000
18404.000,-51.000,-76012.000,-50.000,864.000,0.000,0.000,0.000,0.000
18414.000,-50.000,-76062.000,-50.000,1080.000,0.000,0.000,0.000,0.000
18424.000,-46.000,-76108.000,-50.000,1080.000,0.000,0.000,0.000,0.000
18434.000,-46.000,-76154.000,-50.000,864.000,0.000,0.000,0.000,0.000
18444.000,-43.000,-76197.000,-50.000,864.000,0.000,0.000,0.000,0.000
18454.000,-47.000,-76244.000,-50.000,720.000,0.000,0.000,0.000,0.000
18464.000,-50.000,-76294.000,-50.000,792.000,0.000,0.000,0.000,0.000
18474.000,-47.000,-76341.000,-50.000,936.000,0.000,0.000,0.000,0.000
18484.000,-48.000,-76389.000,-50.000,792.000,0.000,0.000,0.000,0.000
18494.000,-47.000,-76436.000,-50.000,864.000,0.000,0.000,0.000,0.000
18504.000,-46.000,-76482.000,-50.000,792.000,0.000,0.000,0.000,0.000
18514.000,-52.000,-76534.000,-50.000,720.000,0.000,0.000,0.000,0.000
18524.000,-51.000,-76585.000,-50.000,1008.000,0.000,0.000,0.000,0.000
18534.000,-47.000,-76632.000,-50.000,1008.000,0.000,0.000,0.000,0.000
18544.000,-47.000,-76679.000,-50.000,864.000,0.000,0.000,0.000,0.000
18554.000,-47.000,-76726.000,-50.000,864.000,0.000,0.000,0.000,0.000
18564.000,-47.000,-76773.000,-50.000,864.000,0.000,0.000,0.000,0.000
18574.000,-51.000,-76824.000,-50.000,792.000,0.000,0.000,0.000,0.000
18584.000,-46.000,-76870.000,-50.000,1008.000,0.000,0.000,0.000,0.000
18594.000,-48.000,-76918.000,-50.000,792.000,0.000,0.000,0.000,0.000
18604.000,-51.000,-76969.000,-50.000,864.000,0.000,0.000,0.000,0.000
18614.000,-48.000,-77017.000,-50.000,1008.000,0.000,0.000,0.000,0.000
18624.000,-51.000,-77068.000,-50.000,936.000,0.000,0.000,0.000,0.000
18634.000,-52.000,-77120.000,-50.000,1080.000,0.000,0.000,0.000,0.000
18644.000,-50.000,-77170.000,-50.000,1152.000,0.000,0.000,0.000,0.000
18654.000,-51.000,-77221.000,-50.000,1080.000,0.000,0.000,0.000,0.000
18664.000,-47.000,-77268.000,-50.000,1152.000,0.000,0.000,0.000,0.000
18674.000,-46.000,-77314.000,-50.000,1008.000,0.000,0.000,0.000,0.000
18684.000,-51.000,-77365.000,-50.000,936.000,0.000,0.000,0.000,0.000
18694.000,-51.000,-77416.000,-50.000,1224.000,0.000,0.000,0.000,0.000
18704.000,-49.000,-77465.000,-50.000,1224.000,0.000,0.000,0.000,0.000
18714.000,-51.000,-77516.000,-50.000,1152.000,0.000,0.000,0.000,0.000
18724.000,-49.000,-77565.000,-50.000,1296.000,0.000,0.000,0.000,0.000
18734.000,-45.000,-77610.000,-50.000,1224.000,0.000,0.000,0.000,0.000
18744.000,-46.000,-77656.000,-50.000,1008.000,0.000,0.000,0.000,0.000
18754.000,-50.000,-77706.000,-50.000,1008.000,0.000,0.000,0.000,0.000
18764.000,-50.000,-77756.000,-50.000,1224.000,0.000,0.000,0.000,0.000
18774.000,-45.000,-77801.000,-50.000,1224.000,0.000,0.000,0.000,0.000
18784.000,-45.000,-77846.000,-50.000,1008.000,0.000,0.000,0.000,0.000
18794.000,-46.000,-77892.000,-50.000,936.000,0.000,0.000,0.000,0.000
18804.000,-46.000,-77938.000,-50.000,1008.000,0.000,0.000,0.000,0.000
18814.000,-42.000,-77980.000,-50.000,936.000,0.000,0.000,0.000,0.000
18824.000,-46.000,-78026.000,-50.000,720.000,0.000,0.000,0.000,0.000
18834.000,-46.000,-78072.000,-50.000,864.000,0.000,0.000,0.000,0.000
18844.000,-46.000,-78118.000,-50.000,864.000,0.000,0.000,0.000,0.000
18854.000,-47.000,-78165.000,-50.000,792.000,0.000,0.000,0.000,0.000
18864.000,-51.000,-78216.000,-50.000,864.000,0.000,0.000,0.000,0.000
18874.000,-46.000,-78262.000,-50.000,1008.000,0.000,0.000,0.000,0.000
18884.000,-48.000,-78310.000,-50.000,792.000,0.000,0.000,0.000,0.000
18894.000,-50.000,-78360.000,-50.000,864.000,0.000,0.000,0.000,0.000
18904.000,-52.000,-78412.000,-50.000,1008.000,0.000,0.000,0.000,0.000
18914.000,-50.000,-78462.000,-50.000,1152.000,0.000,0.000,0.000,0.000
18924.000,-50.000,-78512.000,-50.000,1080.000,0.000,0.000,0.000,0.000
18934.000,-51.000,-78563.000,-50.000,1080.000,0.000,0.000,0.000,0.000
18944.000,-46.000,-78609.000,-50.000,1152.000,0.000,0.000,0.000,0.000
18954.000,-47.000,-78656.000,-50.000,936.000,0.000,0.000,0.000,0.000
18964.000,-46.000,-78702.000,-50.000,936.000,0.000,0.000,0.000,0.000
18974.000,-49.000,-78751.000,-50.000,936.000,0.000,0.000,0.000,0.000
18984.000,-46.000,-78797.000,-50.000,1008.000,0.000,0.000,0.000,0.000
18994.000,-52.000,-78849.000,-50.000,864.000,0.000,0.000,0.000,0.000
19004.000,-50.000,-78899.000,-50.000,1152.000,0.000,0.000,0.000,0.000
19014.000,-50.000,-78949.000,-50.000,1152.000,0.000,0.000,0.000,0.000
19024.000,-47.000,-78996.000,-50.000,1152.000,0.000,0.000,0.000,0.000
19034.000,-50.000,-79046.000,-50.000,1008.000,0.000,0.000,0.000,0.000
19044.000,-50.000,-79096.000,-50.000,1152.000,0.000,0.000,0.000,0.000
19054.000,-50.000,-79146.000,-50.000,1224.000,0.000,0.000,0.000,0.000
19064.000,-50.000,-79196.000,-50.000,1224.000,0.000,0.000,0.000,0.000
19074.000,-45.000,-79241.000,-50.000,1224.000,0.000,0.000,0.000,0.000
19084.000,-50.000,-79291.000,-50.000,1008.000,0.000,0.000,0.000,0.000
19094.000,-50.000,-79341.000,-50.000,1224.000,0.000,0.000,0.000,0.000
19104.000,-50.000,-79391.000,-50.000,1224.000,0.000,0.000,0.000,0.000
19114.000,-48.000,-79439.000,-50.000,1296.000,0.000,0.000,0.000,0.000
19124.000,-50.000,-79489.000,-50.000,1224.000,0.000,0.000,0.000,0.000
19134.000,-48.000,-79537.000,-50.000,1296.000,0.000,0.000,0.000,0.000
19144.000,-50.000,-79587.000,-50.000,1224.000,0.000,0.000,0.000,0.000
19154.000,-49.000,-79636.000,-50.000,1368.000,0.000,0.000,0.000,0.000
19164.000,-48.000,-79684.000,-50.000,1296.000,0.000,0.000,0.000,0.000
19174.000,-49.000,-79733.000,-50.000,1296.000,0.000,0.000,0.000,0.000
19184.000,-48.000,-79781.000,-50.000,1296.000,0.000,0.000,0.000,0.000
19194.000,-50.000,-79831.000,-50.000,1296.000,0.000,0.000,0.000,0.000
19204.000,-48.000,-79879.000,-50.000,1368.000,0.000,0.000,0.000,0.000
19214.000,-44.000,-79923.000,-50.000,1296.000,0.000,0.000,0.000,0.000
19224.000,-44.000,-79967.000,-50.000,1080.000,0.000,0.000,0.000,0.000
19234.000,-49.000,-80016.000,-50.000,1080.000,0.000,0.000,0.000,0.000
19244.000,-44.000,-80060.000,-50.000,1296.000,0.000,0.000,0.000,0.000
19254.000,-49.000,-80109.000,-50.000,1008.000,0.000,0.000,0.000,0.000
19264.000,-48.000,-80157.000,-50.000,1224.000,0.000,0.000,0.000,0.000
19274.000,-44.000,-80201.000,-50.000,1224.000,0.000,0.000,0.000,0.000
19284.000,-45.000,-80246.000,-50.000,1008.000,0.000,0.000,0.000,0.000
19294.000,-45.000,-80291.000,-50.000,1008.000,0.000,0.000,0.000,0.000
19304.000,-49.000,-80340.000,-50.000,936.000,0.000,0.000,0.000,0.000
19314.000,-49.000,-80389.000,-50.000,1152.000,0.000,0.000,0.000,0.000
19324.000,-45.000,-80434.000,-50.000,1152.000,0.000,0.000,0.000,0.000
19334.000,-45.000,-80479.000,-50.000,936.000,0.000,0.000,0.000,0.000
19344.000,-49.000,-80528.000,-50.000,864.000,0.000,0.000,0.000,0.000
19354.000,-49.000,-80577.000,-50.000,1080.000,0.000,0.000,0.000,0.000
19364.000,-46.000,-80623.000,-50.000,1080.000,0.000,0.000,0.000,0.000
19374.000,-46.000,-80669.000,-50.000,936.000,0.000,0.000,0.000,0.000
19384.000,-50.000,-80719.000,-50.000,864.000,0.000,0.000,0.000,0.000
19394.000,-50.000,-80769.000,-50.000,1080.000,0.000,0.000,0.000,0.000
19404.000,-46.000,-80815.000,-50.000,1080.000,0.000,0.000,0.000,0.000
19414.000,-50.000,-80865.000,-50.000,936.000,0.000,0.000,0.000,0.000
19424.000,-50.000,-80915.000,-50.000,1080.000,0.000,0.000,0.000,0.000
19434.000,-49.000,-80964.000,-50.000,1152.000,0.000,0.000,0.000,0.000
19444.000,-51.000,-81015.000,-50.000,1080.000,0.000,0.000,0.000,0.000
19454.000,-49.000,-81064.000,-50.000,1224.000,0.000,0.000,0.000,0.000
19464.000,-46.000,-81110.000,-50.000,1152.000,0.000,0.000,0.000,0.000
19474.000,-46.000,-81156.000,-50.000,1008.000,0.000,0.000,0.000,0.000
19484.000,-45.000,-81201.000,-50.000,1008.000,0.000,0.000,0.000,0.000
19494.000,-46.000,-81247.000,-50.000,936.000,0.000,0.000,0.000,0.000
19504.000,-46.000,-81293.000,-50.000,936.000,0.000,0.000,0.000,0.000
19514.000,-50.000,-81343.000,-50.000,864.000,0.000,0.000,0.000,0.000
19524.000,-50.000,-81393.000,-50.000,1080.000,0.000,0.000,0.000,0.000
19534.000,-50.000,-81443.000,-50.000,1080.000,0.000,0.000,0.000,0.000
19544.000,-50.000,-81493.000,-50.000,1152.000,0.000,0.000,0.000,0.000
19554.000,-46.000,-81539.000,-50.000,1152.000,0.000,0.000,0.000,0.000
19564.000,-50.000,-81589.000,-50.000,936.000,0.000,0.000,0.000,0.000
19574.000,-50.000,-81639.000,-50.000,1152.000,0.000,0.000,0.000,0.000
19584.000,-46.000,-81685.000,-50.000,1152.000,0.000,0.000,0.000,0.000
19594.000,-50.000,-81735.000,-50.000,1008.000,0.000,0.000,0.000,0.000
19604.000,-50.000,-81785.000,-50.000,1152.000,0.000,0.000,0.000,0.000
19614.000,-50.000,-81835.000,-50.000,1224.000,0.000,0.000,0.000,0.000
19624.000,-49.000,-81884.000,-50.000,1224.000,0.000,0.000,0.000,0.000
19634.000,-45.000,-81929.000,-50.000,1224.000,0.000,0.000,0.000,0.000
19644.000,-50.000,-81979.000,-50.000,1008.000,0.000,0.000,0.000,0.000
19654.000,-50.000,-82029.000,-50.000,1224.000,0.000,0.000,0.000,0.000
19664.000,-48.000,-82077.000,-50.000,1224.000,0.000,0.000,0.000,0.000
19674.000,-42.000,-82119.000,-50.000,1152.000,0.000,0.000,0.000,0.000
19684.000,-46.000,-82165.000,-50.000,864.000,0.000,0.000,0.000,0.000
19694.000,-46.000,-82211.000,-50.000,1008.000,0.000,0.000,0.000,0.000
19704.000,-45.000,-82256.000,-50.000,1008.000,0.000,0.000,0.000,0.000
19714.000,-50.000,-82306.000,-50.000,864.000,0.000,0.000,0.000,0.000
19724.000,-50.000,-82356.000,-50.000,1152.000,0.000,0.000,0.000,0.000
19734.000,-50.000,-82406.000,-50.000,1152.000,0.000,0.000,0.000,0.000
19744.000,-46.000,-82452.000,-50.000,1152.000,0.000,0.000,0.000,0.000
19754.000,-49.000,-82501.000,-50.000,1008.000,0.000,0.000,0.000,0.000
19764.000,-50.000,-82551.000,-50.000,1152.000,0.000,0.000,0.000,0.000
19774.000,-50.000,-82601.000,-50.000,1152.000,0.000,0.000,0.000,0.000
19784.000,-46.000,-82647.000,-50.000,1224.000,0.000,0.000,0.000,0.000
19794.000,-45.000,-82692.000,-50.000,1008.000,0.000,0.000,0.000,0.000
19804.000,-49.000,-82741.000,-50.000,936.000,0.000,0.000,0.000,0.000
19814.000,-46.000,-82787.000,-50.000,1152.000,0.000,0.000,0.000,0.000
19824.000,-46.000,-82833.000,-50.000,936.000,0.000,0.000,0.000,0.000
19834.000,-46.000,-82879.000,-50.000,936.000,0.000,0.000,0.000,0.000
19844.000,-46.000,-82925.000,-50.000,936.000,0.000,0.000,0.000,0.000
19854.000,-46.000,-82971.000,-50.000,864.000,0.000,0.000,0.000,0.000
19864.000,-50.000,-83021.000,-50.000,864.000,0.000,0.000,0.000,0.000
19874.000,-51.000,-83072.000,-50.000,1080.000,0.000,0.000,0.000,0.000
19884.000,-45.000,-83117.000,-50.000,1152.000,0.000,0.000,0.000,0.000
19894.000,-51.000,-83168.000,-50.000,864.000,0.000,0.000,0.000,0.000
19904.000,-47.000,-83215.000,-50.000,1152.000,0.000,0.000,0.000,0.000
19914.000,-46.000,-83261.000,-50.000,936.000,0.000,0.000,0.000,0.000
19924.000,-46.000,-83307.000,-50.000,864.000,0.000,0.000,0.000,0.000
19934.000,-50.000,-83357.000,-50.000,864.000,0.000,0.000,0.000,0.000
19944.000,-51.000,-83408.000,-50.000,1080.000,0.000,0.000,0.000,0.000
19954.000,-50.000,-83458.000,-50.000,1152.000,0.000,0.000,0.000,0.000
19964.000,-50.000,-83508.000,-50.000,1080.000,0.000,0.000,0.000,0.000
19974.000,-51.000,-83559.000,-50.000,1152.000,0.000,0.000,0.000,0.000
19984.000,-49.000,-83608.000,-50.000,1224.000,0.000,0.000,0.000,0.000
19994.000,-50.000,-83658.000,-50.000,1152.000,0.000,0.000,0.000,0.000
20004.000,-50.000,-83708.000,-50.000,1224.000,0.000,0.000,0.000,0.000
20014.000,-45.000,-83753.000,-50.000,1224.000,0.000,0.000,0.000,0.000
20024.000,-50.000,-83803.000,-50.000,1008.000,0.000,0.000,0.000,0.000
20034.000,-49.000,-83852.000,-50.000,1224.000,0.000,0.000,0.000,0.000
20044.000,-45.000,-83897.000,-50.000,1224.000,0.000,0.000,0.000,0.000
20054.000,-46.000,-83943.000,-50.000,1008.000,0.000,0.000,0.000,0.000
20064.000,-45.000,-83988.000,-50.000,1008.000,0.000,0.000,0.000,0.000
20074.000,-45.000,-84033.000,-50.000,936.000,0.000,0.000,0.000,0.000
20084.000,-49.000,-84082.000,-50.000,936.000,0.000,0.000,0.000,0.000
20094.000,-50.000,-84132.000,-50.000,1080.000,0.000,0.000,0.000,0.000
20104.000,-46.000,-84178.000,-50.000,1152.000,0.000,0.000,0.000,0.000
20114.000,-46.000,-84224.000,-50.000,936.000,0.000,0.000,0.000,0.000
20124.000,-50.000,-84274.000,-50.000,936.000,0.000,0.000,0.000,0.000
20134.000,-50.000,-84324.000,-50.000,1152.000,0.000,0.000,0.000,0.000
20144.000,-46.000,-84370.000,-50.000,1152.000,0.000,0.000,0.000,0.000
20154.000,-50.000,-84420.000,-50.000,936.000,0.000,0.000,0.000,0.000
20164.000,-45.000,-84465.000,-50.000,1152.000,0.000,0.000,0.000,0.000
20174.000,-46.000,-84511.000,-50.000,936.000,0.000,0.000,0.000,0.000
20184.000,-45.000,-84556.000,-50.000,936.000,0.000,0.000,0.000,0.000
20194.000,-43.000,-84599.000,-50.000,864.000,0.000,0.000,0.000,0.000
20204.000,-47.000,-84646.000,-50.000,720.000,0.000,0.000,0.000,0.000
20214.000,-50.000,-84696.000,-50.000,864.000,0.000,0.000,0.000,0.000
20224.000,-51.000,-84747.000,-50.000,1008.000,0.000,0.000,0.000,0.000
20234.000,-47.000,-84794.000,-50.000,1080.000,0.000,0.000,0.000,0.000
20244.000,-46.000,-84840.000,-50.000,864.000,0.000,0.000,0.000,0.000
20254.000,-51.000,-84891.000,-50.000,792.000,0.000,0.000,0.000,0.000
20264.000,-51.000,-84942.000,-50.000,1080.000,0.000,0.000,0.000,0.000
20274.000,-50.000,-84992.000,-50.000,1080.000,0.000,0.000,0.000,0.000
20284.000,-47.000,-85039.000,-50.000,1080.000,0.000,0.000,0.000,0.000
20294.000,-47.000,-85086.000,-50.000,936.000,0.000,0.000,0.000,0.000
20304.000,-50.000,-85136.000,-50.000,936.000,0.000,0.000,0.000,0.000
20314.000,-50.000,-85186.000,-50.000,1080.000,0.000,0.000,0.000,0.000
20324.000,-50.000,-85236.000,-50.000,1080.000,0.000,0.000,0.000,0.000
20334.000,-51.000,-85287.000,-50.000,1152.000,0.000,0.000,0.000,0.000
20344.000,-49.000,-85336.000,-50.000,1224.000,0.000,0.000,0.000,0.000
20354.000,-47.000,-85383.000,-50.000,1152.000,0.000,0.000,0.000,0.000
20364.000,-49.000,-85432.000,-50.000,1080.000,0.000,0.000,0.000,0.000
20374.000,-50.000,-85482.000,-50.000,1152.000,0.000,0.000,0.000,0.000
20384.000,-46.000,-85528.000,-50.000,1224.000,0.000,0.000,0.000,0.000
20394.000,-46.000,-85574.000,-50.000,1008.000,0.000,0.000,0.000,0.000
20404.000,-45.000,-85619.000,-50.000,1008.000,0.000,0.000,0.000,0.000
20414.000,-46.000,-85665.000,-50.000,936.000,0.000,0.000,0.000,0.000
20424.000,-50.000,-85715.000,-50.000,936.000,0.000,0.000,0.000,0.000
20434.000,-50.000,-85765.000,-50.000,1152.000,0.000,0.000,0.000,0.000
20444.000,-46.000,-85811.000,-50.000,1152.000,0.000,0.000,0.000,0.000
20454.000,-46.000,-85857.000,-50.000,936.000,0.000,0.000,0.000,0.000
20464.000,-50.000,-85907.000,-50.000,936.000,0.000,0.000,0.000,0.000
20474.000,-49.000,-85956.000,-50.000,1152.000,0.000,0.000,0.000,0.000
20484.000,-47.000,-86003.000,-50.000,1080.000,0.000,0.000,0.000,0.000
20494.000,-45.000,-86048.000,-50.000,1008.000,0.000,0.000,0.000,0.000
20504.000,-50.000,-86098.000,-50.000,864.000,0.000,0.000,0.000,0.000
20514.000,-50.000,-86148.000,-50.000,1152.000,0.000,0.000,0.000,0.000
20524.000,-50.000,-86198.000,-50.000,1152.000,0.000,0.000,0.000,0.000
20534.000,-50.000,-86248.000,-50.000,1152.000,0.000,0.000,0.000,0.000
20544.000,-46.000,-86294.000,-50.000,1224.000,0.000,0.000,0.000,0.000
20554.000,-46.000,-86340.000,-50.000,1008.000,0.000,0.000,0.000,0.000
20564.000,-50.000,-86390.000,-50.000,1008.000,0.000,0.000,0.000,0.000
20574.000,-49.000,-86439.000,-50.000,1152.000,0.000,0.000,0.000,0.000
20584.000,-50.000,-86489.000,-50.000,1152.000,0.000,0.000,0.000,0.000
20594.000,-50.000,-86539.000,-50.000,1224.000,0.000,0.000,0.000,0.000
20604.000,-49.000,-86588.000,-50.000,1224.000,0.000,0.000,0.000,0.000
20614.000,-50.000,-86638.000,-50.000,1224.000,0.000,0.000,0.000,0.000
20624.000,-49.000,-86687.000,-50.000,1296.000,0.000,0.000,0.000,0.000
20634.000,-45.000,-86732.000,-50.000,1224.000,0.000,0.000,0.000,0.000
20644.000,-50.000,-86782.000,-50.000,1008.000,0.000,0.000,0.000,0.000
20654.000,-49.000,-86831.000,-50.000,1296.000,0.000,0.000,0.000,0.000
20664.000,-49.000,-86880.000,-50.000,1224.000,0.000,0.000,0.000,0.000
20674.000,-48.000,-86928.000,-50.000,1224.000,0.000,0.000,0.000,0.000
20684.000,-50.000,-86978.000,-50.000,1224.000,0.000,0.000,0.000,0.000
20694.000,-49.000,-87027.000,-50.000,1296.000,0.000,0.000,0.000,0.000
20704.000,-48.000,-87075.000,-50.000,1296.000,0.000,0.000,0.000,0.000
20714.000,-45.000,-87120.000,-50.000,1224.000,0.000,0.000,0.000,0.000
20724.000,-45.000,-87165.000,-50.000,1080.000,0.000,0.000,0.000,0.000
20734.000,-49.000,-87214.000,-50.000,1080.000,0.000,0.000,0.000,0.000
20744.000,-49.000,-87263.000,-50.000,1224.000,0.000,0.000,0.000,0.000
20754.000,-48.000,-87311.000,-50.000,1224.000,0.000,0.000,0.000,0.000
20764.000,-49.000,-87360.000,-50.000,1224.000,0.000,0.000,0.000,0.000
20774.000,-49.000,-87409.000,-50.000,1296.000,0.000,0.000,0.000,0.000
20784.000,-45.000,-87454.000,-50.000,1296.000,0.000,0.000,0.000,0.000
20794.000,-45.000,-87499.000,-50.000,1080.000,0.000,0.000,0.000,0.000
20804.000,-44.000,-87543.000,-50.000,1008.000,0.000,0.000,0.000,0.000
20814.000,-45.000,-87588.000,-50.000,936.000,0.000,0.000,0.000,0.000
20824.000,-50.000,-87638.000,-50.000,936.000,0.000,0.000,0.000,0.000
20834.000,-49.000,-87687.000,-50.000,1152.000,0.000,0.000,0.000,0.000
20844.000,-49.000,-87736.000,-50.000,1152.000,0.000,0.000,0.000,0.000
20854.000,-46.000,-87782.000,-50.000,1152.000,0.000,0.000,0.000,0.000
20864.000,-49.000,-87831.000,-50.000,1008.000,0.000,0.000,0.000,0.000
20874.000,-49.000,-87880.000,-50.000,1152.000,0.000,0.000,0.000,0.000
20884.000,-48.000,-87928.000,-50.000,1152.000,0.000,0.000,0.000,0.000
20894.000,-46.000,-87974.000,-50.000,1080.000,0.000,0.000,0.000,0.000
20904.000,-45.000,-88019.000,-50.000,1008.000,0.000,0.000,0.000,0.000
20914.000,-49.000,-88068.000,-50.000,936.000,0.000,0.000,0.000,0.000
20924.000,-50.000,-88118.000,-50.000,1080.000,0.000,0.000,0.000,0.000
20934.000,-49.000,-88167.000,-50.000,1152.000,0.000,0.000,0.000,0.000
20944.000,-49.000,-88216.000,-50.000,1152.000,0.000,0.000,0.000,0.000
20954.000,-46.000,-88262.000,-50.000,1152.000,0.000,0.000,0.000,0.000
20964.000,-46.000,-88308.000,-50.000,1008.000,0.000,0.000,0.000,0.000
20974.000,-49.000,-88357.000,-50.000,1008.000,0.000,0.000,0.000,0.000
20984.000,-49.000,-88406.000,-50.000,1152.000,0.000,0.000,0.000,0.000
20994.000,-50.000,-88456.000,-50.000,1152.000,0.000,0.000,0.000,0.000
21004.000,-49.000,-88505.000,-50.000,1224.000,0.000,0.000,0.000,0.000
21014.000,-46.000,-88551.000,-50.000,1152.000,0.000,0.000,0.000,0.000
21024.000,-45.000,-88596.000,-50.000,1008.000,0.000,0.000,0.000,0.000
21034.000,-50.000,-88646.000,-50.000,936.000,0.000,0.000,0.000,0.000
21044.000,-49.000,-88695.000,-50.000,1152.000,0.000,0.000,0.000,0.000
21054.000,-49.000,-88744.000,-50.000,1152.000,0.000,0.000,0.000,0.000
21064.000,-50.000,-88794.000,-50.000,1152.000,0.000,0.000,0.000,0.000
21074.000,-45.000,-88839.000,-50.000,1224.000,0.000,0.000,0.000,0.000
21084.000,-49.000,-88888.000,-50.000,1008.000,0.000,0.000,0.000,0.000
21094.000,-46.000,-88934.000,-50.000,1152.000,0.000,0.000,0.000,0.000
21104.000,-49.000,-88983.000,-50.000,1008.000,0.000,0.000,0.000,0.000
21114.000,-48.000,-89031.000,-50.000,1152.000,0.000,0.000,0.000,0.000
21124.000,-46.000,-89077.000,-50.000,1080.000,0.000,0.000,0.000,0.000
21134.000,-45.000,-89122.000,-50.000,1008.000,0.000,0.000,0.000,0.000
21144.000,-45.000,-89167.000,-50.000,936.000,0.000,0.000,0.000,0.000
21154.000,-46.000,-89213.000,-50.000,864.000,0.000,0.000,0.000,0.000
21164.000,-46.000,-89259.000,-50.000,936.000,0.000,0.000,0.000,0.000
21174.000,-50.000,-89309.000,-50.000,864.000,0.000,0.000,0.000,0.000
21184.000,-46.000,-89355.000,-50.000,1080.000,0.000,0.000,0.000,0.000
21194.000,-46.000,-89401.000,-50.000,864.000,0.000,0.000,0.000,0.000
21204.000,-46.000,-89447.000,-50.000,864.000,0.000,0.000,0.000,0.000
21214.000,-51.000,-89498.000,-50.000,792.000,0.000,0.000,0.000,0.000
21224.000,-47.000,-89545.000,-50.000,1080.000,0.000,0.000,0.000,0.000
21234.000,-46.000,-89591.000,-50.000,864.000,0.000,0.000,0.000,0.000
21244.000,-47.000,-89638.000,-50.000,792.000,0.000,0.000,0.000,0.000
21254.000,-47.000,-89685.000,-50.000,864.000,0.000,0.000,0.000,0.000
21264.000,-46.000,-89731.000,-50.000,864.000,0.000,0.000,0.000,0.000
21274.000,-47.000,-89778.000,-50.000,792.000,0.000,0.000,0.000,0.000
21284.000,-51.000,-89829.000,-50.000,792.000,0.000,0.000,0.000,0.000
21294.000,-50.000,-89879.000,-50.000,1008.000,0.000,0.000,0.000,0.000
21304.000,-48.000,-89927.000,-50.000,936.000,0.000,0.000,0.000,0.000
21314.000,-43.000,-89970.000,-50.000,864.000,0.000,0.000,0.000,0.000
21324.000,-48.000,-90018.000,-50.000,720.000,0.000,0.000,0.000,0.000
21334.000,-47.000,-90065.000,-50.000,864.000,0.000,0.000,0.000,0.000
21344.000,-51.000,-90116.000,-50.000,792.000,0.000,0.000,0.000,0.000
21354.000,-51.000,-90167.000,-50.000,1008.000,0.000,0.000,0.000,0.000
21364.000,-52.000,-90219.000,-50.000,1008.000,0.000,0.000,0.000,0.000
21374.000,-50.000,-90269.000,-50.000,1080.000,0.000,0.000,0.000,0.000
21384.000,-52.000,-90321.000,-50.000,1008.000,0.000,0.000,0.000,0.000
21394.000,-50.000,-90371.000,-50.000,1152.000,0.000,0.000,0.000,0.000
21404.000,-51.000,-90422.000,-50.000,1080.000,0.000,0.000,0.000,0.000
21414.000,-50.000,-90472.000,-50.000,1224.000,0.000,0.000,0.000,0.000
21424.000,-50.000,-90522.000,-50.000,1152.000,0.000,0.000,0.000,0.000
21434.000,-46.000,-90568.000,-50.000,1224.000,0.000,0.000,0.000,0.000
21444.000,-50.000,-90618.000,-50.000,1008.000,0.000,0.000,0.000,0.000
21454.000,-49.000,-90667.000,-50.000,1224.000,0.000,0.000,0.000,0.000
21464.000,-50.000,-90717.000,-50.000,1224.000,0.000,0.000,0.000,0.000
21474.000,-50.000,-90767.000,-50.000,1224.000,0.000,0.000,0.000,0.000
21484.000,-45.000,-90812.000,-50.000,1296.000,0.000,0.000,0.000,0.000
21494.000,-46.000,-90858.000,-50.000,1008.000,0.000,0.000,0.000,0.000
21504.000,-45.000,-90903.000,-50.000,1080.000,0.000,0.000,0.000,0.000
21514.000,-42.000,-90945.000,-50.000,1008.000,0.000,0.000,0.000,0.000
21524.000,-45.000,-90990.000,-50.000,792.000,0.000,0.000,0.000,0.000
21534.000,-47.000,-91037.000,-50.000,864.000,0.000,0.000,0.000,0.000
21544.000,-45.000,-91082.000,-50.000,936.000,0.000,0.000,0.000,0.000
21554.000,-51.000,-91133.000,-50.000,792.000,0.000,0.000,0.000,0.000
21564.000,-50.000,-91183.000,-50.000,1080.000,0.000,0.000,0.000,0.000
21574.000,-51.000,-91234.000,-50.000,1080.000,0.000,0.000,0.000,0.000
21584.000,-49.000,-91283.000,-50.000,1152.000,0.000,0.000,0.000,0.000
21594.000,-47.000,-91330.000,-50.000,1080.000,0.000,0.000,0.000,0.000
21604.000,-47.000,-91377.000,-50.000,1008.000,0.000,0.000,0.000,0.000
21614.000,-50.000,-91427.000,-50.000,1008.000,0.000,0.000,0.000,0.000
21624.000,-50.000,-91477.000,-50.000,1152.000,0.000,0.000,0.000,0.000
21634.000,-49.000,-91526.000,-50.000,1152.000,0.000,0.000,0.000,0.000
21644.000,-47.000,-91573.000,-50.000,1152.000,0.000,0.000,0.000,0.000
21654.000,-45.000,-91618.000,-50.000,1008.000,0.000,0.000,0.000,0.000
21664.000,-47.000,-91665.000,-50.000,936.000,0.000,0.000,0.000,0.000
21674.000,-46.000,-91711.000,-50.000,1008.000,0.000,0.000,0.000,0.000
21684.000,-46.000,-91757.000,-50.000,936.000,0.000,0.000,0.000,0.000
21694.000,-50.000,-91807.000,-50.000,864.000,0.000,0.000,0.000,0.000
21704.000,-51.000,-91858.000,-50.000,1080.000,0.000,0.000,0.000,0.000
21714.000,-51.000,-91909.000,-50.000,1152.000,0.000,0.000,0.000,0.000
21724.000,-50.000,-91959.000,-50.000,1224.000,0.000,0.000,0.000,0.000
21734.000,-45.000,-92004.000,-50.000,1152.000,0.000,0.000,0.000,0.000
21744.000,-50.000,-92054.000,-50.000,936.000,0.000,0.000,0.000,0.000
21754.000,-50.000,-92104.000,-50.000,1152.000,0.000,0.000,0.000,0.000
21764.000,-50.000,-92154.000,-50.000,1224.000,0.000,0.000,0.000,0.000
21774.000,-50.000,-92204.000,-50.000,1224.000,0.000,0.000,0.000,0.000
21784.000,-49.000,-92253.000,-50.000,1224.000,0.000,0.000,0.000,0.000
21794.000,-50.000,-92303.000,-50.000,1224.000,0.000,0.000,0.000,0.000
21804.000,-50.000,-92353.000,-50.000,1296.000,0.000,0.000,0.000,0.000
21814.000,-48.000,-92401.000,-50.000,1296.000,0.000,0.000,0.000,0.000
21824.000,-45.000,-92446.000,-50.000,1224.000,0.000,0.000,0.000,0.000
21834.000,-50.000,-92496.000,-50.000,1080.000,0.000,0.000,0.000,0.000
21844.000,-45.000,-92541.000,-50.000,1296.000,0.000,0.000,0.000,0.000
21854.000,-49.000,-92590.000,-50.000,1080.000,0.000,0.000,0.000,0.000
21864.000,-44.000,-92634.000,-50.000,1224.000,0.000,0.000,0.000,0.000
21874.000,-50.000,-92684.000,-50.000,1008.000,0.000,0.000,0.000,0.000
21884.000,-49.000,-92733.000,-50.000,1224.000,0.000,0.000,0.000,0.000
21894.000,-49.000,-92782.000,-50.000,1224.000,0.000,0.000,0.000,0.000
21904.000,-46.000,-92828.000,-50.000,1224.000,0.000,0.000,0.000,0.000
21914.000,-44.000,-92872.000,-50.000,1080.000,0.000,0.000,0.000,0.000
21924.000,-45.000,-92917.000,-50.000,936.000,0.000,0.000,0.000,0.000
21934.000,-49.000,-92966.000,-50.000,936.000,0.000,0.000,0.000,0.000
21944.000,-46.000,-93012.000,-50.000,1152.000,0.000,0.000,0.000,0.000
21954.000,-49.000,-93061.000,-50.000,1008.000,0.000,0.000,0.000,0.000
21964.000,-50.000,-93111.000,-50.000,1152.000,0.000,0.000,0.000,0.000
21974.000,-49.000,-93160.000,-50.000,1152.000,0.000,0.000,0.000,0.000
21984.000,-50.000,-93210.000,-50.000,1152.000,0.000,0.000,0.000,0.000
21994.000,-45.000,-93255.000,-50.000,1224.000,0.000,0.000,0.000,0.000
22004.000,-45.000,-93300.000,-50.000,1008.000,0.000,0.000,0.000,0.000
22014.000,-46.000,-93346.000,-50.000,936.000,0.000,0.000,0.000,0.000
22024.000,-50.000,-93396.000,-50.000,936.000,0.000,0.000,0.000,0.000
22034.000,-49.000,-93445.000,-50.000,1152.000,0.000,0.000,0.000,0.000
22044.000,-49.000,-93494.000,-50.000,1152.000,0.000,0.000,0.000,0.000
22054.000,-51.000,-93545.000,-50.000,1152.000,0.000,0.000,0.000,0.000
22064.000,-45.000,-93590.000,-50.000,1224.000,0.000,0.000,0.000,0.000
22074.000,-50.000,-93640.000,-50.000,936.000,0.000,0.000,0.000,0.000
22084.000,-49.000,-93689.000,-50.000,1224.000,0.000,0.000,0.000,0.000
22094.000,-45.000,-93734.000,-50.000,1152.000,0.000,0.000,0.000,0.000
22104.000,-51.000,-93785.000,-50.000,936.000,0.000,0.000,0.000,0.000
22114.000,-49.000,-93834.000,-50.000,1224.000,0.000,0.000,0.000,0.000
22124.000,-46.000,-93880.000,-50.000,1152.000,0.000,0.000,0.000,0.000
22134.000,-45.000,-93925.000,-50.000,1008.000,0.000,0.000,0.000,0.000
22144.000,-45.000,-93970.000,-50.000,936.000,0.000,0.000,0.000,0.000
22154.000,-50.000,-94020.000,-50.000,936.000,0.000,0.000,0.000,0.000
22164.000,-50.000,-94070.000,-50.000,1152.000,0.000,0.000,0.000,0.000
22174.000,-50.000,-94120.000,-50.000,1152.000,0.000,0.000,0.000,0.000
22184.000,-49.000,-94169.000,-50.000,1224.000,0.000,0.000,0.000,0.000
22194.000,-49.000,-94218.000,-50.000,1152.000,0.000,0.000,0.000,0.000
22204.000,-50.000,-94268.000,-50.000,1152.000,0.000,0.000,0.000,0.000
22214.000,-50.000,-94318.000,-50.000,1224.000,0.000,0.000,0.000,0.000
22224.000,-49.000,-94367.000,-50.000,1296.000,0.000,0.000,0.000,0.000
22234.000,-49.000,-94416.000,-50.000,1224.000,0.000,0.000,0.000,0.000
22244.000,-45.000,-94461.000,-50.000,1224.000,0.000,0.000,0.000,0.000
22254.000,-45.000,-94506.000,-50.000,1080.000,0.000,0.000,0.000,0.000
22264.000,-46.000,-94552.000,-50.000,1008.000,0.000,0.000,0.000,0.000
22274.000,-45.000,-94597.000,-50.000,1008.000,0.000,0.000,0.000,0.000
22284.000,-49.000,-94646.000,-50.000,936.000,0.000,0.000,0.000,0.000
22294.000,-50.000,-94696.000,-50.000,1152.000,0.000,0.000,0.000,0.000
22304.000,-49.000,-94745.000,-50.000,1224.000,0.000,0.000,0.000,0.000
22314.000,-50.000,-94795.000,-50.000,1152.000,0.000,0.000,0.000,0.000
22324.000,-49.000,-94844.000,-50.000,1224.000,0.000,0.000,0.000,0.000
22334.000,-49.000,-94893.000,-50.000,1224.000,0.000,0.000,0.000,0.000
22344.000,-49.000,-94942.000,-50.000,1224.000,0.000,0.000,0.000,0.000
22354.000,-48.000,-94990.000,-50.000,1224.000,0.000,0.000,0.000,0.000
22364.000,-50.000,-95040.000,-50.000,1224.000,0.000,0.000,0.000,0.000
22374.000,-45.000,-95085.000,-50.000,1296.000,0.000,0.000,0.000,0.000
22384.000,-49.000,-95134.000,-50.000,1080.000,0.000,0.000,0.000,0.000
22394.000,-44.000,-95178.000,-50.000,1224.000,0.000,0.000,0.000,0.000
22404.000,-46.000,-95224.000,-50.000,1008.000,0.000,0.000,0.000,0.000
22414.000,-45.000,-95269.000,-50.000,1008.000,0.000,0.000,0.000,0.000
22424.000,-45.000,-95314.000,-50.000,936.000,0.000,0.000,0.000,0.000
22434.000,-46.000,-95360.000,-50.000,936.000,0.000,0.000,0.000,0.000
22444.000,-50.000,-95410.000,-50.000,936.000,0.000,0.000,0.000,0.000
22454.000,-50.000,-95460.000,-50.000,1152.000,0.000,0.000,0.000,0.000
22464.000,-49.000,-95509.000,-50.000,1152.000,0.000,0.000,0.000,0.000
22474.000,-51.000,-95560.000,-50.000,1152.000,0.000,0.000,0.000,0.000
22484.000,-49.000,-95609.000,-50.000,1224.000,0.000,0.000,0.000,0.000
22494.000,-46.000,-95655.000,-50.000,1152.000,0.000,0.000,0.000,0.000
22504.000,-46.000,-95701.000,-50.000,1008.000,0.000,0.000,0.000,0.000
22514.000,-49.000,-95750.000,-50.000,1008.000,0.000,0.000,0.000,0.000
22524.000,-46.000,-95796.000,-50.000,1152.000,0.000,0.000,0.000,0.000
22534.000,-50.000,-95846.000,-50.000,1008.000,0.000,0.000,0.000,0.000
22544.000,-50.000,-95896.000,-50.000,1152.000,0.000,0.000,0.000,0.000
22554.000,-49.000,-95945.000,-50.000,1224.000,0.000,0.000,0.000,0.000
22564.000,-49.000,-95994.000,-50.000,1152.000,0.000,0.000,0.000,0.000
22574.000,-50.000,-96044.000,-50.000,1152.000,0.000,0.000,0.000,0.000
22584.000,-50.000,-96094.000,-50.000,1224.000,0.000,0.000,0.000,0.000
22594.000,-50.000,-96144.000,-50.000,1296.000,0.000,0.000,0.000,0.000
22604.000,-49.000,-96193.000,-50.000,1296.000,0.000,0.000,0.000,0.000
22614.000,-49.000,-96242.000,-50.000,1296.000,0.000,0.000,0.000,0.000
22624.000,-50.000,-96292.000,-50.000,1296.000,0.000,0.000,0.000,0.000
22634.000,-48.000,-96340.000,-50.000,1368.000,0.000,0.000,0.000,0.000
22644.000,-49.000,-96389.000,-50.000,1296.000,0.000,0.000,0.000,0.000
22654.000,-49.000,-96438.000,-50.000,1296.000,0.000,0.000,0.000,0.000
22664.000,-48.000,-96486.000,-50.000,1368.000,0.000,0.000,0.000,0.000
22674.000,-49.000,-96535.000,-50.000,1296.000,0.000,0.000,0.000,0.000
22684.000,-49.000,-96584.000,-50.000,1368.000,0.000,0.000,0.000,0.000
22694.000,-48.000,-96632.000,-50.000,1368.000,0.000,0.000,0.000,0.000
22704.000,-48.000,-96680.000,-50.000,1296.000,0.000,0.000,0.000,0.000
22714.000,-48.000,-96728.000,-50.000,1296.000,0.000,0.000,0.000,0.000
22724.000,-44.000,-96772.000,-50.000,1296.000,0.000,0.000,0.000,0.000
22734.000,-47.000,-96819.000,-50.000,1080.000,0.000,0.000,0.000,0.000
22744.000,-49.000,-96868.000,-50.000,1224.000,0.000,0.000,0.000,0.000
22754.000,-44.000,-96912.000,-50.000,1296.000,0.000,0.000,0.000,0.000
22764.000,-45.000,-96957.000,-50.000,1080.000,0.000,0.000,0.000,0.000
22774.000,-47.000,-97004.000,-50.000,1080.000,0.000,0.000,0.000,0.000
22784.000,-44.000,-97048.000,-50.000,1152.000,0.000,0.000,0.000,0.000
22794.000,-50.000,-97098.000,-50.000,936.000,0.000,0.000,0.000,0.000
22804.000,-49.000,-97147.000,-50.000,1224.000,0.000,0.000,0.000,0.000
22814.000,-45.000,-97192.000,-50.000,1224.000,0.000,0.000,0.000,0.000
22824.000,-45.000,-97237.000,-50.000,1008.000,0.000,0.000,0.000,0.000
22834.000,-50.000,-97287.000,-50.000,936.000,0.000,0.000,0.000,0.000
22844.000,-45.000,-97332.000,-50.000,1224.000,0.000,0.000,0.000,0.000
22854.000,-46.000,-97378.000,-50.000,936.000,0.000,0.000,0.000,0.000
22864.000,-49.000,-97427.000,-50.000,936.000,0.000,0.000,0.000,0.000
22874.000,-49.000,-97476.000,-50.000,1080.000,0.000,0.000,0.000,0.000
22884.000,-51.000,-97527.000,-50.000,1080.000,0.000,0.000,0.000,0.000
22894.000,-45.000,-97572.000,-50.000,1224.000,0.000,0.000,0.000,0.000
22904.000,-46.000,-97618.000,-50.000,936.000,0.000,0.000,0.000,0.000
22914.000,-49.000,-97667.000,-50.000,936.000,0.000,0.000,0.000,0.000
22924.000,-47.000,-97714.000,-50.000,1080.000,0.000,0.000,0.000,0.000
22934.000,-45.000,-97759.000,-50.000,1008.000,0.000,0.000,0.000,0.000
22944.000,-47.000,-97806.000,-50.000,864.000,0.000,0.000,0.000,0.000
22954.000,-46.000,-97852.000,-50.000,936.000,0.000,0.000,0.000,0.000
22964.000,-47.000,-97899.000,-50.000,864.000,0.000,0.000,0.000,0.000
22974.000,-47.000,-97946.000,-50.000,936.000,0.000,0.000,0.000,0.000
22984.000,-46.000,-97992.000,-50.000,864.000,0.000,0.000,0.000,0.000
22994.000,-48.000,-98040.000,-50.000,864.000,0.000,0.000,0.000,0.000
23004.000,-47.000,-98087.000,-50.000,936.000,0.000,0.000,0.000,0.000
23014.000,-47.000,-98134.000,-50.000,864.000,0.000,0.000,0.000,0.000
23024.000,-50.000,-98184.000,-50.000,864.000,0.000,0.000,0.000,0.000
23034.000,-52.000,-98236.000,-50.000,1008.000,0.000,0.000,0.000,0.000
23044.000,-52.000,-98288.000,-50.000,1152.000,0.000,0.000,0.000,0.000
23054.000,-50.000,-98338.000,-50.000,1152.000,0.000,0.000,0.000,0.000
23064.000,-50.000,-98388.000,-50.000,1080.000,0.000,0.000,0.000,0.000
23074.000,-51.000,-98439.000,-50.000,1152.000,0.000,0.000,0.000,0.000
23084.000,-51.000,-98490.000,-50.000,1224.000,0.000,0.000,0.000,0.000
23094.000,-50.000,-98540.000,-50.000,1224.000,0.000,0.000,0.000,0.000
23104.000,-50.000,-98590.000,-50.000,1224.000,0.000,0.000,0.000,0.000
23114.000,-49.000,-98639.000,-50.000,1296.000,0.000,0.000,0.000,0.000
23124.000,-50.000,-98689.000,-50.000,1224.000,0.000,0.000,0.000,0.000
23134.000,-45.000,-98734.000,-50.000,1296.000,0.000,0.000,0.000,0.000
23144.000,-45.000,-98779.000,-50.000,1080.000,0.000,0.000,0.000,0.000
23154.000,-46.000,-98825.000,-50.000,1008.000,0.000,0.000,0.000,0.000
23164.000,-50.000,-98875.000,-50.000,1080.000,0.000,0.000,0.000,0.000
23174.000,-48.000,-98923.000,-50.000,1224.000,0.000,0.000,0.000,0.000
23184.000,-46.000,-98969.000,-50.000,1152.000,0.000,0.000,0.000,0.000
23194.000,-45.000,-99014.000,-50.000,1080.000,0.000,0.000,0.000,0.000
23204.000,-46.000,-99060.000,-50.000,1008.000,0.000,0.000,0.000,0.000
23214.000,-49.000,-99109.000,-50.000,1008.000,0.000,0.000,0.000,0.000
23224.000,-46.000,-99155.000,-50.000,1152.000,0.000,0.000,0.000,0.000
23234.000,-50.000,-99205.000,-50.000,1008.000,0.000,0.000,0.000,0.000
23244.000,-45.000,-99250.000,-50.000,1152.000,0.000,0.000,0.000,0.000
23254.000,-49.000,-99299.000,-50.000,936.000,0.000,0.000,0.000,0.000
23264.000,-50.000,-99349.000,-50.000,1080.000,0.000,0.000,0.000,0.000
23274.000,-49.000,-99398.000,-50.000,1152.000,0.000,0.000,0.000,0.000
23284.000,-49.000,-99447.000,-50.000,1152.000,0.000,0.000,0.000,0.000
23294.000,-50.000,-99497.000,-50.000,1152.000,0.000,0.000,0.000,0.000
23304.000,-45.000,-99542.000,-50.000,1224.000,0.000,0.000,0.000,0.000
23314.000,-49.000,-99591.000,-50.000,936.000,0.000,0.000,0.000,0.000
23324.000,-46.000,-99637.000,-50.000,1152.000,0.000,0.000,0.000,0.000
23334.000,-50.000,-99687.000,-50.000,1008.000,0.000,0.000,0.000,0.000
23344.000,-44.000,-99731.000,-50.000,1152.000,0.000,0.000,0.000,0.000
23354.000,-47.000,-99778.000,-50.000,864.000,0.000,0.000,0.000,0.000
23364.000,-45.000,-99823.000,-50.000,1008.000,0.000,0.000,0.000,0.000
23374.000,-46.000,-99869.000,-50.000,864.000,0.000,0.000,0.000,0.000
23384.000,-46.000,-99915.000,-50.000,864.000,0.000,0.000,0.000,0.000
23394.000,-51.000,-99966.000,-50.000,864.000,0.000,0.000,0.000,0.000
23404.000,-50.000,-100016.000,-50.000,1080.000,0.000,0.000,0.000,0.000
23414.000,-50.000,-100066.000,-50.000,1080.000,0.000,0.000,0.000,0.000
23424.000,-49.000,-100115.000,-50.000,1080.000,0.000,0.000,0.000,0.000
23434.000,-51.000,-100166.000,-50.000,1080.000,0.000,0.000,0.000,0.000
23444.000,-49.000,-100215.000,-50.000,1224.000,0.000,0.000,0.000,0.000
23454.000,-50.000,-100265.000,-50.000,1152.000,0.000,0.000,0.000,0.000
23464.000,-46.000,-100311.000,-50.000,1224.000,0.000,0.000,0.000,0.000
23474.000,-45.000,-100356.000,-50.000,1008.000,0.000,0.000,0.000,0.000
23484.000,-50.000,-100406.000,-50.000,936.000,0.000,0.000,0.000,0.000
23494.000,-45.000,-100451.000,-50.000,1152.000,0.000,0.000,0.000,0.000
23504.000,-50.000,-100501.000,-50.000,936.000,0.000,0.000,0.000,0.000
23514.000,-46.000,-100547.000,-50.000,1152.000,0.000,0.000,0.000,0.000
23524.000,-46.000,-100593.000,-50.000,936.000,0.000,0.000,0.000,0.000
23534.000,-46.000,-100639.000,-50.000,936.000,0.000,0.000,0.000,0.000
23544.000,-46.000,-100685.000,-50.000,936.000,0.000,0.000,0.000,0.000
23554.000,-50.000,-100735.000,-50.000,864.000,0.000,0.000,0.000,0.000
23564.000,-50.000,-100785.000,-50.000,1080.000,0.000,0.000,0.000,0.000
23574.000,-50.000,-100835.000,-50.000,1080.000,0.000,0.000,0.000,0.000
23584.000,-50.000,-100885.000,-50.000,1152.000,0.000,0.000,0.000,0.000
23594.000,-46.000,-100931.000,-50.000,1152.000,0.000,0.000,0.000,0.000
23604.000,-46.000,-100977.000,-50.000,936.000,0.000,0.000,0.000,0.000
23614.000,-50.000,-101027.000,-50.000,936.000,0.000,0.000,0.000,0.000
23624.000,-50.000,-101077.000,-50.000,1152.000,0.000,0.000,0.000,0.000
23634.000,-50.000,-101127.000,-50.000,1152.000,0.000,0.000,0.000,0.000
23644.000,-50.000,-101177.000,-50.000,1152.000,0.000,0.000,0.000,0.000
23654.000,-49.000,-101226.000,-50.000,1224.000,0.000,0.000,0.000,0.000
23664.000,-46.000,-101272.000,-50.000,1152.000,0.000,0.000,0.000,0.000
23674.000,-49.000,-101321.000,-50.000,1008.000,0.000,0.000,0.000,0.000
23684.000,-46.000,-101367.000,-50.000,1152.000,0.000,0.000,0.000,0.000
23694.000,-50.000,-101417.000,-50.000,1008.000,0.000,0.000,0.000,0.000
23704.000,-49.000,-101466.000,-50.000,1224.000,0.000,0.000,0.000,0.000
23714.000,-49.000,-101515.000,-50.000,1152.000,0.000,0.000,0.000,0.000
23724.000,-50.000,-101565.000,-50.000,1224.000,0.000,0.000,0.000,0.000
23734.000,-49.000,-101614.000,-50.000,1224.000,0.000,0.000,0.000,0.000
23744.000,-49.000,-101663.000,-50.000,1224.000,0.000,0.000,0.000,0.000
23754.000,-45.000,-101708.000,-50.000,1224.000,0.000,0.000,0.000,0.000
23764.000,-49.000,-101757.000,-50.000,1008.000,0.000,0.000,0.000,0.000
23774.000,-49.000,-101806.000,-50.000,1224.000,0.000,0.000,0.000,0.000
23784.000,-45.000,-101851.000,-50.000,1224.000,0.000,0.000,0.000,0.000
23794.000,-48.000,-101899.000,-50.000,1008.000,0.000,0.000,0.000,0.000
23804.000,-50.000,-101949.000,-50.000,1152.000,0.000,0.000,0.000,0.000
23814.000,-48.000,-101997.000,-50.000,1296.000,0.000,0.000,0.000,0.000
23824.000,-45.000,-102042.000,-50.000,1152.000,0.000,0.000,0.000,0.000
23834.000,-49.000,-102091.000,-50.000,1008.000,0.000,0.000,0.000,0.000
23844.000,-49.000,-102140.000,-50.000,1224.000,0.000,0.000,0.000,0.000
23854.000,-49.000,-102189.000,-50.000,1224.000,0.000,0.000,0.000,0.000
23864.000,-45.000,-102234.000,-50.000,1224.000,0.000,0.000,0.000,0.000
23874.000,-49.000,-102283.000,-50.000,1008.000,0.000,0.000,0.000,0.000
23884.000,-48.000,-102331.000,-50.000,1224.000,0.000,0.000,0.000,0.000
23894.000,-50.000,-102381.000,-50.000,1152.000,0.000,0.000,0.000,0.000
23904.000,-45.000,-102426.000,-50.000,1296.000,0.000,0.000,0.000,0.000
23914.000,-48.000,-102474.000,-50.000,1008.000,0.000,0.000,0.000,0.000
23924.000,-48.000,-102522.000,-50.000,1152.000,0.000,0.000,0.000,0.000
23934.000,-50.000,-102572.000,-50.000,1152.000,0.000,0.000,0.000,0.000
23944.000,-48.000,-102620.000,-50.000,1224.000,0.000,0.000,0.000,0.000
23954.000,-49.000,-102669.000,-50.000,1152.000,0.000,0.000,0.000,0.000
23964.000,-49.000,-102718.000,-50.000,1224.000,0.000,0.000,0.000,0.000
23974.000,-44.000,-102762.000,-50.000,1224.000,0.000,0.000,0.000,0.000
23984.000,-50.000,-102812.000,-50.000,1008.000,0.000,0.000,0.000,0.000
23994.000,-48.000,-102860.000,-50.000,1224.000,0.000,0.000,0.000,0.000
24004.000,-49.000,-102909.000,-50.000,1152.000,0.000,0.000,0.000,0.000
24014.000,-45.000,-102954.000,-50.000,1224.000,0.000,0.000,0.000,0.000
24024.000,-48.000,-103002.000,-50.000,1008.000,0.000,0.000,0.000,0.000
24034.000,-50.000,-103052.000,-50.000,1152.000,0.000,0.000,0.000,0.000
24044.000,-49.000,-103101.000,-50.000,1224.000,0.000,0.000,0.000,0.000
24054.000,-49.000,-103150.000,-50.000,1224.000,0.000,0.000,0.000,0.000
24064.000,-45.000,-103195.000,-50.000,1224.000,0.000,0.000,0.000,0.000
24074.000,-45.000,-103240.000,-50.000,1008.000,0.000,0.000,0.000,0.000
24084.000,-49.000,-103289.000,-50.000,1008.000,0.000,0.000,0.000,0.000
24094.000,-45.000,-103334.000,-50.000,1152.000,0.000,0.000,0.000,0.000
24104.000,-50.000,-103384.000,-50.000,1008.000,0.000,0.000,0.000,0.000
24114.000,-49.000,-103433.000,-50.000,1224.000,0.000,0.000,0.000,0.000
24124.000,-49.000,-103482.000,-50.000,1152.000,0.000,0.000,0.000,0.000
24134.000,-50.000,-103532.000,-50.000,1152.000,0.000,0.000,0.000,0.000
24144.000,-49.000,-103581.000,-50.000,1224.000,0.000,0.000,0.000,0.000
24154.000,-49.000,-103630.000,-50.000,1224.000,0.000,0.000,0.000,0.000
24164.000,-48.000,-103678.000,-50.000,1224.000,0.000,0.000,0.000,0.000
24174.000,-50.000,-103728.000,-50.000,1224.000,0.000,0.000,0.000,0.000
24184.000,-48.000,-103776.000,-50.000,1296.000,0.000,0.000,0.000,0.000
24194.000,-49.000,-103825.000,-50.000,1224.000,0.000,0.000,0.000,0.000
24204.000,-48.000,-103873.000,-50.000,1296.000,0.000,0.000,0.000,0.000
24214.000,-45.000,-103918.000,-50.000,1224.000,0.000,0.000,0.000,0.000
24224.000,-48.000,-103966.000,-50.000,1080.000,0.000,0.000,0.000,0.000
24234.000,-46.000,-104012.000,-50.000,1224.000,0.000,0.000,0.000,0.000
24244.000,-48.000,-104060.000,-50.000,1080.000,0.000,0.000,0.000,0.000
24254.000,-49.000,-104109.000,-50.000,1152.000,0.000,0.000,0.000,0.000
24264.000,-48.000,-104157.000,-50.000,1224.000,0.000,0.000,0.000,0.000
24274.000,-48.000,-104205.000,-50.000,1152.000,0.000,0.000,0.000,0.000
24284.000,-50.000,-104255.000,-50.000,1152.000,0.000,0.000,0.000,0.000
24294.000,-48.000,-104303.000,-50.000,1296.000,0.000,0.000,0.000,0.000
24304.000,-45.000,-104348.000,-50.000,1224.000,0.000,0.000,0.000,0.000
24314.000,-49.000,-104397.000,-50.000,1080.000,0.000,0.000,0.000,0.000
24324.000,-44.000,-104441.000,-50.000,1224.000,0.000,0.000,0.000,0.000
24334.000,-50.000,-104491.000,-50.000,936.000,0.000,0.000,0.000,0.000
24344.000,-44.000,-104535.000,-50.000,1224.000,0.000,0.000,0.000,0.000
24354.000,-49.000,-104584.000,-50.000,936.000,0.000,0.000,0.000,0.000
24364.000,-45.000,-104629.000,-50.000,1152.000,0.000,0.000,0.000,0.000
24374.000,-50.000,-104679.000,-50.000,936.000,0.000,0.000,0.000,0.000
24384.000,-44.000,-104723.000,-50.000,1224.000,0.000,0.000,0.000,0.000
24394.000,-50.000,-104773.000,-50.000,864.000,0.000,0.000,0.000,0.000
24404.000,-46.000,-104819.000,-50.000,1152.000,0.000,0.000,0.000,0.000
24414.000,-49.000,-104868.000,-50.000,1008.000,0.000,0.000,0.000,0.000
24424.000,-45.000,-104913.000,-50.000,1080.000,0.000,0.000,0.000,0.000
24434.000,-47.000,-104960.000,-50.000,936.000,0.000,0.000,0.000,0.000
24444.000,-49.000,-105009.000,-50.000,1008.000,0.000,0.000,0.000,0.000
24454.000,-46.000,-105055.000,-50.000,1080.000,0.000,0.000,0.000,0.000
24464.000,-46.000,-105101.000,-50.000,936.000,0.000,0.000,0.000,0.000
24474.000,-47.000,-105148.000,-50.000,864.000,0.000,0.000,0.000,0.000
24484.000,-50.000,-105198.000,-50.000,936.000,0.000,0.000,0.000,0.000
24494.000,-46.000,-105244.000,-50.000,1080.000,0.000,0.000,0.000,0.000
24504.000,-51.000,-105295.000,-50.000,864.000,0.000,0.000,0.000,0.000
24514.000,-50.000,-105345.000,-50.000,1152.000,0.000,0.000,0.000,0.000
24524.000,-47.000,-105392.000,-50.000,1080.000,0.000,0.000,0.000,0.000
24534.000,-49.000,-105441.000,-50.000,936.000,0.000,0.000,0.000,0.000
24544.000,-51.000,-105492.000,-50.000,1080.000,0.000,0.000,0.000,0.000
24554.000,-51.000,-105543.000,-50.000,1152.000,0.000,0.000,0.000,0.000
24564.000,-50.000,-105593.000,-50.000,1224.000,0.000,0.000,0.000,0.000
24574.000,-50.000,-105643.000,-50.000,1224.000,0.000,0.000,0.000,0.000
24584.000,-49.000,-105692.000,-50.000,1224.000,0.000,0.000,0.000,0.000
24594.000,-51.000,-105743.000,-50.000,1224.000,0.000,0.000,0.000,0.000
24604.000,-49.000,-105792.000,-50.000,1296.000,0.000,0.000,0.000,0.000
24614.000,-49.000,-105841.000,-50.000,1224.000,0.000,0.000,0.000,0.000
24624.000,-50.000,-105891.000,-50.000,1296.000,0.000,0.000,0.000,0.000
24634.000,-45.000,-105936.000,-50.000,1368.000,0.000,0.000,0.000,0.000
24644.000,-45.000,-105981.000,-50.000,1080.000,0.000,0.000,0.000,0.000
24654.000,-46.000,-106027.000,-50.000,1080.000,0.000,0.000,0.000,0.000
24664.000,-49.000,-106076.000,-50.000,1080.000,0.000,0.000,0.000,0.000
24674.000,-49.000,-106125.000,-50.000,1224.000,0.000,0.000,0.000,0.000
24684.000,-49.000,-106174.000,-50.000,1224.000,0.000,0.000,0.000,0.000
24694.000,-49.000,-106223.000,-50.000,1224.000,0.000,0.000,0.000,0.000
24704.000,-49.000,-106272.000,-50.000,1224.000,0.000,0.000,0.000,0.000
24714.000,-49.000,-106321.000,-50.000,1224.000,0.000,0.000,0.000,0.000
24724.000,-48.000,-106369.000,-50.000,1296.000,0.000,0.000,0.000,0.000
24734.000,-46.000,-106415.000,-50.000,1224.000,0.000,0.000,0.000,0.000
24744.000,-48.000,-106463.000,-50.000,1152.000,0.000,0.000,0.000,0.000
24754.000,-45.000,-106508.000,-50.000,1224.000,0.000,0.000,0.000,0.000
24764.000,-49.000,-106557.000,-50.000,1080.000,0.000,0.000,0.000,0.000
24774.000,-48.000,-106605.000,-50.000,1224.000,0.000,0.000,0.000,0.000
24784.000,-46.000,-106651.000,-50.000,1152.000,0.000,0.000,0.000,0.000
24794.000,-49.000,-106700.000,-50.000,1080.000,0.000,0.000,0.000,0.000
24804.000,-49.000,-106749.000,-50.000,1224.000,0.000,0.000,0.000,0.000
24814.000,-49.000,-106798.000,-50.000,1224.000,0.000,0.000,0.000,0.000
24824.000,-49.000,-106847.000,-50.000,1224.000,0.000,0.000,0.000,0.000
24834.000,-49.000,-106896.000,-50.000,1224.000,0.000,0.000,0.000,0.000
24844.000,-49.000,-106945.000,-50.000,1224.000,0.000,0.000,0.000,0.000
24854.000,-48.000,-106993.000,-50.000,1296.000,0.000,0.000,0.000,0.000
24864.000,-50.000,-107043.000,-50.000,1224.000,0.000,0.000,0.000,0.000
24874.000,-44.000,-107087.000,-50.000,1368.000,0.000,0.000,0.000,0.000
24884.000,-45.000,-107132.000,-50.000,1008.000,0.000,0.000,0.000,0.000
24894.000,-48.000,-107180.000,-50.000,1080.000,0.000,0.000,0.000,0.000
24904.000,-49.000,-107229.000,-50.000,1152.000,0.000,0.000,0.000,0.000
24914.000,-49.000,-107278.000,-50.000,1224.000,0.000,0.000,0.000,0.000
24924.000,-49.000,-107327.000,-50.000,1224.000,0.000,0.000,0.000,0.000
24934.000,-49.000,-107376.000,-50.000,1224.000,0.000,0.000,0.000,0.000
24944.000,-49.000,-107425.000,-50.000,1296.000,0.000,0.000,0.000,0.000
24954.000,-48.000,-107473.000,-50.000,1296.000,0.000,0.000,0.000,0.000
24964.000,-46.000,-107519.000,-50.000,1224.000,0.000,0.000,0.000,0.000
24974.000,-48.000,-107567.000,-50.000,1152.000,0.000,0.000,0.000,0.000
24984.000,-49.000,-107616.000,-50.000,1224.000,0.000,0.000,0.000,0.000
24994.000,-49.000,-107665.000,-50.000,1296.000,0.000,0.000,0.000,0.000
25004.000,-44.000,-107709.000,-50.000,1296.000,0.000,0.000,0.000,0.000
25014.000,-48.000,-107757.000,-50.000,1008.000,0.000,0.000,0.000,0.000
25024.000,-50.000,-107807.000,-50.000,1152.000,0.000,0.000,0.000,0.000
25034.000,-49.000,-107856.000,-50.000,1296.000,0.000,0.000,0.000,0.000
25044.000,-49.000,-107905.000,-50.000,1296.000,0.000,0.000,0.000,0.000
25054.000,-44.000,-107949.000,-50.000,1296.000,0.000,0.000,0.000,0.000
25064.000,-48.000,-107997.000,-50.000,1008.000,0.000,0.000,0.000,0.000
25074.000,-50.000,-108047.000,-50.000,1152.000,0.000,0.000,0.000,0.000
25084.000,-48.000,-108095.000,-50.000,1296.000,0.000,0.000,0.000,0.000
25094.000,-49.000,-108144.000,-50.000,1224.000,0.000,0.000,0.000,0.000
25104.000,-44.000,-108188.000,-50.000,1296.000,0.000,0.000,0.000,0.000
25114.000,-45.000,-108233.000,-50.000,1008.000,0.000,0.000,0.000,0.000
25124.000,-48.000,-108281.000,-50.000,1008.000,0.000,0.000,0.000,0.000
25134.000,-50.000,-108331.000,-50.000,1152.000,0.000,0.000,0.000,0.000
25144.000,-49.000,-108380.000,-50.000,1224.000,0.000,0.000,0.000,0.000
25154.000,-49.000,-108429.000,-50.000,1224.000,0.000,0.000,0.000,0.000
25164.000,-48.000,-108477.000,-50.000,1224.000,0.000,0.000,0.000,0.000
25174.000,-46.000,-108523.000,-50.000,1152.000,0.000,0.000,0.000,0.000
25184.000,-44.000,-108567.000,-50.000,1080.000,0.000,0.000,0.000,0.000
25194.000,-50.000,-108617.000,-50.000,936.000,0.000,0.000,0.000,0.000
25204.000,-45.000,-108662.000,-50.000,1224.000,0.000,0.000,0.000,0.000
25214.000,-49.000,-108711.000,-50.000,1008.000,0.000,0.000,0.000,0.000
25224.000,-46.000,-108757.000,-50.000,1152.000,0.000,0.000,0.000,0.000
25234.000,-50.000,-108807.000,-50.000,1008.000,0.000,0.000,0.000,0.000
25244.000,-49.000,-108856.000,-50.000,1224.000,0.000,0.000,0.000,0.000
25254.000,-49.000,-108905.000,-50.000,1152.000,0.000,0.000,0.000,0.000
25264.000,-50.000,-108955.000,-50.000,1152.000,0.000,0.000,0.000,0.000
25274.000,-49.000,-109004.000,-50.000,1224.000,0.000,0.000,0.000,0.000
25284.000,-49.000,-109053.000,-50.000,1224.000,0.000,0.000,0.000,0.000
25294.000,-48.000,-109101.000,-50.000,1224.000,0.000,0.000,0.000,0.000
25304.000,-50.000,-109151.000,-50.000,1152.000,0.000,0.000,0.000,0.000
25314.000,-49.000,-109200.000,-50.000,1296.000,0.000,0.000,0.000,0.000
25324.000,-49.000,-109249.000,-50.000,1224.000,0.000,0.000,0.000,0.000
25334.000,-48.000,-109297.000,-50.000,1296.000,0.000,0.000,0.000,0.000
25344.000,-46.000,-109343.000,-50.000,1224.000,0.000,0.000,0.000,0.000
25354.000,-48.000,-109391.000,-50.000,1152.000,0.000,0.000,0.000,0.000
25364.000,-48.000,-109439.000,-50.000,1224.000,0.000,0.000,0.000,0.000
25374.000,-45.000,-109484.000,-50.000,1224.000,0.000,0.000,0.000,0.000
25384.000,-49.000,-109533.000,-50.000,1080.000,0.000,0.000,0.000,0.000
25394.000,-45.000,-109578.000,-50.000,1224.000,0.000,0.000,0.000,0.000
25404.000,-49.000,-109627.000,-50.000,1008.000,0.000,0.000,0.000,0.000
25414.000,-45.000,-109672.000,-50.000,1224.000,0.000,0.000,0.000,0.000
25424.000,-46.000,-109718.000,-50.000,1008.000,0.000,0.000,0.000,0.000
25434.000,-45.000,-109763.000,-50.000,1008.000,0.000,0.000,0.000,0.000
25444.000,-45.000,-109808.000,-50.000,936.000,0.000,0.000,0.000,0.000
25454.000,-50.000,-109858.000,-50.000,936.000,0.000,0.000,0.000,0.000
25464.000,-49.000,-109907.000,-50.000,1152.000,0.000,0.000,0.000,0.000
25474.000,-49.000,-109956.000,-50.000,1080.000,0.000,0.000,0.000,0.000
25484.000,-50.000,-110006.000,-50.000,1080.000,0.000,0.000,0.000,0.000
25494.000,-50.000,-110056.000,-50.000,1152.000,0.000,0.000,0.000,0.000
25504.000,-50.000,-110106.000,-50.000,1224.000,0.000,0.000,0.000,0.000
25514.000,-49.000,-110155.000,-50.000,1224.000,0.000,0.000,0.000,0.000
25524.000,-49.000,-110204.000,-50.000,1224.000,0.000,0.000,0.000,0.000
25534.000,-50.000,-110254.000,-50.000,1224.000,0.000,0.000,0.000,0.000
25544.000,-49.000,-110303.000,-50.000,1296.000,0.000,0.000,0.000,0.000
25554.000,-49.000,-110352.000,-50.000,1224.000,0.000,0.000,0.000,0.000
25564.000,-48.000,-110400.000,-50.000,1224.000,0.000,0.000,0.000,0.000
25574.000,-50.000,-110450.000,-50.000,1224.000,0.000,0.000,0.000,0.000
25584.000,-48.000,-110498.000,-50.000,1296.000,0.000,0.000,0.000,0.000
25594.000,-49.000,-110547.000,-50.000,1224.000,0.000,0.000,0.000,0.000
25604.000,-48.000,-110595.000,-50.000,1296.000,0.000,0.000,0.000,0.000
25614.000,-49.000,-110644.000,-50.000,1224.000,0.000,0.000,0.000,0.000
25624.000,-48.000,-110692.000,-50.000,1296.000,0.000,0.000,0.000,0.000
25634.000,-48.000,-110740.000,-50.000,1296.000,0.000,0.000,0.000,0.000
25644.000,-48.000,-110788.000,-50.000,1296.000,0.000,0.000,0.000,0.000
25654.000,-48.000,-110836.000,-50.000,1296.000,0.000,0.000,0.000,0.000
25664.000,-48.000,-110884.000,-50.000,1296.000,0.000,0.000,0.000,0.000
25674.000,-49.000,-110933.000,-50.000,1296.000,0.000,0.000,0.000,0.000
25684.000,-48.000,-110981.000,-50.000,1296.000,0.000,0.000,0.000,0.000
25694.000,-44.000,-111025.000,-50.000,1296.000,0.000,0.000,0.000,0.000
25704.000,-48.000,-111073.000,-50.000,1080.000,0.000,0.000,0.000,0.000
25714.000,-45.000,-111118.000,-50.000,1224.000,0.000,0.000,0.000,0.000
25724.000,-44.000,-111162.000,-50.000,1080.000,0.000,0.000,0.000,0.000
25734.000,-44.000,-111206.000,-50.000,1008.000,0.000,0.000,0.000,0.000
25744.000,-49.000,-111255.000,-50.000,936.000,0.000,0.000,0.000,0.000
25754.000,-45.000,-111300.000,-50.000,1152.000,0.000,0.000,0.000,0.000
25764.000,-46.000,-111346.000,-50.000,936.000,0.000,0.000,0.000,0.000
25774.000,-49.000,-111395.000,-50.000,936.000,0.000,0.000,0.000,0.000
25784.000,-49.000,-111444.000,-50.000,1080.000,0.000,0.000,0.000,0.000
25794.000,-50.000,-111494.000,-50.000,1080.000,0.000,0.000,0.000,0.000
25804.000,-49.000,-111543.000,-50.000,1152.000,0.000,0.000,0.000,0.000
25814.000,-49.000,-111592.000,-50.000,1152.000,0.000,0.000,0.000,0.000
25824.000,-46.000,-111638.000,-50.000,1152.000,0.000,0.000,0.000,0.000
25834.000,-45.000,-111683.000,-50.000,1008.000,0.000,0.000,0.000,0.000
25844.000,-50.000,-111733.000,-50.000,936.000,0.000,0.000,0.000,0.000
25854.000,-46.000,-111779.000,-50.000,1152.000,0.000,0.000,0.000,0.000
25864.000,-45.000,-111824.000,-50.000,936.000,0.000,0.000,0.000,0.000
25874.000,-47.000,-111871.000,-50.000,864.000,0.000,0.000,0.000,0.000
25884.000,-49.000,-111920.000,-50.000,936.000,0.000,0.000,0.000,0.000
25894.000,-50.000,-111970.000,-50.000,1080.000,0.000,0.000,0.000,0.000
25904.000,-46.000,-112016.000,-50.000,1152.000,0.000,0.000,0.000,0.000
25914.000,-46.000,-112062.000,-50.000,936.000,0.000,0.000,0.000,0.000
25924.000,-51.000,-112113.000,-50.000,936.000,0.000,0.000,0.000,0.000
25934.000,-46.000,-112159.000,-50.000,1152.000,0.000,0.000,0.000,0.000
25944.000,-46.000,-112205.000,-50.000,936.000,0.000,0.000,0.000,0.000
25954.000,-46.000,-112251.000,-50.000,864.000,0.000,0.000,0.000,0.000
25964.000,-51.000,-112302.000,-50.000,864.000,0.000,0.000,0.000,0.000
25974.000,-47.000,-112349.000,-50.000,1080.000,0.000,0.000,0.000,0.000
25984.000,-46.000,-112395.000,-50.000,936.000,0.000,0.000,0.000,0.000
25994.000,-46.000,-112441.000,-50.000,864.000,0.000,0.000,0.000,0.000
26004.000,-50.000,-112491.000,-50.000,864.000,0.000,0.000,0.000,0.000
26014.000,-48.000,-112539.000,-50.000,1008.000,0.000,0.000,0.000,0.000
26024.000,-50.000,-112589.000,-50.000,936.000,0.000,0.000,0.000,0.000
26034.000,-46.000,-112635.000,-50.000,1080.000,0.000,0.000,0.000,0.000
26044.000,-48.000,-112683.000,-50.000,864.000,0.000,0.000,0.000,0.000
26054.000,-47.000,-112730.000,-50.000,936.000,0.000,0.000,0.000,0.000
26064.000,-51.000,-112781.000,-50.000,864.000,0.000,0.000,0.000,0.000
26074.000,-50.000,-112831.000,-50.000,1080.000,0.000,0.000,0.000,0.000
26084.000,-51.000,-112882.000,-50.000,1080.000,0.000,0.000,0.000,0.000
26094.000,-51.000,-112933.000,-50.000,1152.000,0.000,0.000,0.000,0.000
26104.000,-50.000,-112983.000,-50.000,1152.000,0.000,0.000,0.000,0.000
26114.000,-50.000,-113033.000,-50.000,1152.000,0.000,0.000,0.000,0.000
26124.000,-50.000,-113083.000,-50.000,1224.000,0.000,0.000,0.000,0.000
26134.000,-50.000,-113133.000,-50.000,1224.000,0.000,0.000,0.000,0.000
26144.000,-50.000,-113183.000,-50.000,1224.000,0.000,0.000,0.000,0.000
26154.000,-50.000,-113233.000,-50.000,1296.000,0.000,0.000,0.000,0.000
26164.000,-48.000,-113281.000,-50.000,1296.000,0.000,0.000,0.000,0.000
26174.000,-50.000,-113331.000,-50.000,1224.000,0.000,0.000,0.000,0.000
26184.000,-48.000,-113379.000,-50.000,1368.000,0.000,0.000,0.000,0.000
26194.000,-50.000,-113429.000,-50.000,1224.000,0.000,0.000,0.000,0.000
26204.000,-48.000,-113477.000,-50.000,1368.000,0.000,0.000,0.000,0.000
26214.000,-48.000,-113525.000,-50.000,1296.000,0.000,0.000,0.000,0.000
26224.000,-49.000,-113574.000,-50.000,1296.000,0.000,0.000,0.000,0.000
26234.000,-48.000,-113622.000,-50.000,1368.000,0.000,0.000,0.000,0.000
26244.000,-48.000,-113670.000,-50.000,1296.000,0.000,0.000,0.000,0.000
26254.000,-49.000,-113719.000,-50.000,1296.000,0.000,0.000,0.000,0.000
26264.000,-48.000,-113767.000,-50.000,1368.000,0.000,0.000,0.000,0.000
26274.000,-48.000,-113815.000,-50.000,1296.000,0.000,0.000,0.000,0.000
26284.000,-47.000,-113862.000,-50.000,1296.000,0.000,0.000,0.000,0.000
26294.000,-48.000,-113910.000,-50.000,1296.000,0.000,0.000,0.000,0.000
26304.000,-44.000,-113954.000,-50.000,1296.000,0.000,0.000,0.000,0.000
26314.000,-44.000,-113998.000,-50.000,1080.000,0.000,0.000,0.000,0.000
26324.000,-44.000,-114042.000,-50.000,1008.000,0.000,0.000,0.000,0.000
26334.000,-49.000,-114091.000,-50.000,1008.000,0.000,0.000,0.000,0.000
26344.000,-44.000,-114135.000,-50.000,1224.000,0.000,0.000,0.000,0.000
26354.000,-44.000,-114179.000,-50.000,936.000,0.000,0.000,0.000,0.000
26364.000,-50.000,-114229.000,-50.000,936.000,0.000,0.000,0.000,0.000
26374.000,-49.000,-114278.000,-50.000,1152.000,0.000,0.000,0.000,0.000
26384.000,-49.000,-114327.000,-50.000,1152.000,0.000,0.000,0.000,0.000
26394.000,-48.000,-114375.000,-50.000,1152.000,0.000,0.000,0.000,0.000
26404.000,-46.000,-114421.000,-50.000,1080.000,0.000,0.000,0.000,0.000
26414.000,-45.000,-114466.000,-50.000,1008.000,0.000,0.000,0.000,0.000
26424.000,-45.000,-114511.000,-50.000,936.000,0.000,0.000,0.000,0.000
26434.000,-50.000,-114561.000,-50.000,864.000,0.000,0.000,0.000,0.000
26444.000,-45.000,-114606.000,-50.000,1080.000,0.000,0.000,0.000,0.000
26454.000,-49.000,-114655.000,-50.000,864.000,0.000,0.000,0.000,0.000
26464.000,-51.000,-114706.000,-50.000,1080.000,0.000,0.000,0.000,0.000
26474.000,-48.000,-114754.000,-50.000,1152.000,0.000,0.000,0.000,0.000
26484.000,-47.000,-114801.000,-50.000,1008.000,0.000,0.000,0.000,0.000
26494.000,-45.000,-114846.000,-50.000,1008.000,0.000,0.000,0.000,0.000
26504.000,-51.000,-114897.000,-50.000,864.000,0.000,0.000,0.000,0.000
26514.000,-45.000,-114942.000,-50.000,1152.000,0.000,0.000,0.000,0.000
26524.000,-50.000,-114992.000,-50.000,864.000,0.000,0.000,0.000,0.000
26534.000,-50.000,-115042.000,-50.000,1080.000,0.000,0.000,0.000,0.000
26544.000,-50.000,-115092.000,-50.000,1152.000,0.000,0.000,0.000,0.000
26554.000,-50.000,-115142.000,-50.000,1152.000,0.000,0.000,0.000,0.000
26564.000,-50.000,-115192.000,-50.000,1152.000,0.000,0.000,0.000,0.000
26574.000,-45.000,-115237.000,-50.000,1224.000,0.000,0.000,0.000,0.000
26584.000,-45.000,-115282.000,-50.000,936.000,0.000,0.000,0.000,0.000
26594.000,-46.000,-115328.000,-50.000,936.000,0.000,0.000,0.000,0.000
26604.000,-46.000,-115374.000,-50.000,936.000,0.000,0.000,0.000,0.000
26614.000,-50.000,-115424.000,-50.000,936.000,0.000,0.000,0.000,0.000
26624.000,-49.000,-115473.000,-50.000,1080.000,0.000,0.000,0.000,0.000
26634.000,-46.000,-115519.000,-50.000,1080.000,0.000,0.000,0.000,0.000
26644.000,-50.000,-115569.000,-50.000,936.000,0.000,0.000,0.000,0.000
26654.000,-50.000,-115619.000,-50.000,1080.000,0.000,0.000,0.000,0.000
26664.000,-50.000,-115669.000,-50.000,1152.000,0.000,0.000,0.000,0.000
26674.000,-50.000,-115719.000,-50.000,1152.000,0.000,0.000,0.000,0.000
26684.000,-49.000,-115768.000,-50.000,1152.000,0.000,0.000,0.000,0.000
26694.000,-49.000,-115817.000,-50.000,1152.000,0.000,0.000,0.000,0.000
26704.000,-50.000,-115867.000,-50.000,1152.000,0.000,0.000,0.000,0.000
26714.000,-50.000,-115917.000,-50.000,1224.000,0.000,0.000,0.000,0.000
26724.000,-48.000,-115965.000,-50.000,1224.000,0.000,0.000,0.000,0.000
26734.000,-46.000,-116011.000,-50.000,1152.000,0.000,0.000,0.000,0.000
26744.000,-49.000,-116060.000,-50.000,1080.000,0.000,0.000,0.000,0.000
26754.000,-49.000,-116109.000,-50.000,1224.000,0.000,0.000,0.000,0.000
26764.000,-50.000,-116159.000,-50.000,1224.000,0.000,0.000,0.000,0.000
26774.000,-44.000,-116203.000,-50.000,1296.000,0.000,0.000,0.000,0.000
26784.000,-45.000,-116248.000,-50.000,1008.000,0.000,0.000,0.000,0.000
26794.000,-49.000,-116297.000,-50.000,1008.000,0.000,0.000,0.000,0.000
26804.000,-50.000,-116347.000,-50.000,1152.000,0.000,0.000,0.000,0.000
26814.000,-49.000,-116396.000,-50.000,1224.000,0.000,0.000,0.000,0.000
26824.000,-44.000,-116440.000,-50.000,1224.000,0.000,0.000,0.000,0.000
26834.000,-46.000,-116486.000,-50.000,936.000,0.000,0.000,0.000,0.000
26844.000,-49.000,-116535.000,-50.000,1008.000,0.000,0.000,0.000,0.000
26854.000,-49.000,-116584.000,-50.000,1152.000,0.000,0.000,0.000,0.000
26864.000,-49.000,-116633.000,-50.000,1152.000,0.000,0.000,0.000,0.000
26874.000,-50.000,-116683.000,-50.000,1152.000,0.000,0.000,0.000,0.000
26884.000,-45.000,-116728.000,-50.000,1224.000,0.000,0.000,0.000,0.000
26894.000,-45.000,-116773.000,-50.000,1008.000,0.000,0.000,0.000,0.000
26904.000,-50.000,-116823.000,-50.000,936.000,0.000,0.000,0.000,0.000
26914.000,-49.000,-116872.000,-50.000,1224.000,0.000,0.000,0.000,0.000
26924.000,-45.000,-116917.000,-50.000,1152.000,0.000,0.000,0.000,0.000
26934.000,-50.000,-116967.000,-50.000,936.000,0.000,0.000,0.000,0.000
26944.000,-49.000,-117016.000,-50.000,1152.000,0.000,0.000,0.000,0.000
26954.000,-45.000,-117061.000,-50.000,1152.000,0.000,0.000,0.000,0.000
26964.000,-46.000,-117107.000,-50.000,936.000,0.000,0.000,0.000,0.000
26974.000,-49.000,-117156.000,-50.000,1008.000,0.000,0.000,0.000,0.000
26984.000,-50.000,-117206.000,-50.000,1080.000,0.000,0.000,0.000,0.000
26994.000,-49.000,-117255.000,-50.000,1152.000,0.000,0.000,0.000,0.000
27004.000,-50.000,-117305.000,-50.000,1152.000,0.000,0.000,0.000,0.000
27014.000,-50.000,-117355.000,-50.000,1224.000,0.000,0.000,0.000,0.000
27024.000,-45.000,-117400.000,-50.000,1224.000,0.000,0.000,0.000,0.000
27034.000,-45.000,-117445.000,-50.000,1008.000,0.000,0.000,0.000,0.000
27044.000,-50.000,-117495.000,-50.000,936.000,0.000,0.000,0.000,0.000
27054.000,-45.000,-117540.000,-50.000,1224.000,0.000,0.000,0.000,0.000
27064.000,-49.000,-117589.000,-50.000,936.000,0.000,0.000,0.000,0.000
27074.000,-46.000,-117635.000,-50.000,1152.000,0.000,0.000,0.000,0.000
27084.000,-50.000,-117685.000,-50.000,1008.000,0.000,0.000,0.000,0.000
27094.000,-48.000,-117733.000,-50.000,1152.000,0.000,0.000,0.000,0.000
27104.000,-51.000,-117784.000,-50.000,1080.000,0.000,0.000,0.000,0.000
27114.000,-49.000,-117833.000,-50.000,1224.000,0.000,0.000,0.000,0.000
27124.000,-50.000,-117883.000,-50.000,1152.000,0.000,0.000,0.000,0.000
27134.000,-49.000,-117932.000,-50.000,1224.000,0.000,0.000,0.000,0.000
27144.000,-49.000,-117981.000,-50.000,1224.000,0.000,0.000,0.000,0.000
27154.000,-49.000,-118030.000,-50.000,1224.000,0.000,0.000,0.000,0.000
27164.000,-50.000,-118080.000,-50.000,1224.000,0.000,0.000,0.000,0.000
27174.000,-48.000,-118128.000,-50.000,1296.000,0.000,0.000,0.000,0.000
27184.000,-45.000,-118173.000,-50.000,1224.000,0.000,0.000,0.000,0.000
27194.000,-49.000,-118222.000,-50.000,1080.000,0.000,0.000,0.000,0.000
27204.000,-49.000,-118271.000,-50.000,1224.000,0.000,0.000,0.000,0.000
27214.000,-49.000,-118320.000,-50.000,1224.000,0.000,0.000,0.000,0.000
27224.000,-48.000,-118368.000,-50.000,1296.000,0.000,0.000,0.000,0.000
27234.000,-49.000,-118417.000,-50.000,1224.000,0.000,0.000,0.000,0.000
27244.000,-44.000,-118461.000,-50.000,1296.000,0.000,0.000,0.000,0.000
27254.000,-50.000,-118511.000,-50.000,1008.000,0.000,0.000,0.000,0.000
27264.000,-48.000,-118559.000,-50.000,1296.000,0.000,0.000,0.000,0.000
27274.000,-45.000,-118604.000,-50.000,1224.000,0.000,0.000,0.000,0.000
27284.000,-48.000,-118652.000,-50.000,1080.000,0.000,0.000,0.000,0.000
27294.000,-49.000,-118701.000,-50.000,1152.000,0.000,0.000,0.000,0.000
27304.000,-44.000,-118745.000,-50.000,1224.000,0.000,0.000,0.000,0.000
27314.000,-46.000,-118791.000,-50.000,936.000,0.000,0.000,0.000,0.000
27324.000,-48.000,-118839.000,-50.000,1008.000,0.000,0.000,0.000,0.000
27334.000,-49.000,-118888.000,-50.000,1080.000,0.000,0.000,0.000,0.000
27344.000,-45.000,-118933.000,-50.000,1152.000,0.000,0.000,0.000,0.000
27354.000,-49.000,-118982.000,-50.000,936.000,0.000,0.000,0.000,0.000
27364.000,-46.000,-119028.000,-50.000,1152.000,0.000,0.000,0.000,0.000
27374.000,-50.000,-119078.000,-50.000,1008.000,0.000,0.000,0.000,0.000
27384.000,-49.000,-119127.000,-50.000,1152.000,0.000,0.000,0.000,0.000
27394.000,-49.000,-119176.000,-50.000,1152.000,0.000,0.000,0.000,0.000
27404.000,-50.000,-119226.000,-50.000,1152.000,0.000,0.000,0.000,0.000
27414.000,-45.000,-119271.000,-50.000,1224.000,0.000,0.000,0.000,0.000
27424.000,-50.000,-119321.000,-50.000,1008.000,0.000,0.000,0.000,0.000
27434.000,-49.000,-119370.000,-50.000,1224.000,0.000,0.000,0.000,0.000
27444.000,-49.000,-119419.000,-50.000,1152.000,0.000,0.000,0.000,0.000
27454.000,-48.000,-119467.000,-50.000,1224.000,0.000,0.000,0.000,0.000
27464.000,-46.000,-119513.000,-50.000,1152.000,0.000,0.000,0.000,0.000
27474.000,-50.000,-119563.000,-50.000,1080.000,0.000,0.000,0.000,0.000
27484.000,-48.000,-119611.000,-50.000,1224.000,0.000,0.000,0.000,0.000
27494.000,-50.000,-119661.000,-50.000,1152.000,0.000,0.000,0.000,0.000
27504.000,-45.000,-119706.000,-50.000,1296.000,0.000,0.000,0.000,0.000
27514.000,-49.000,-119755.000,-50.000,1008.000,0.000,0.000,0.000,0.000
27524.000,-46.000,-119801.000,-50.000,1224.000,0.000,0.000,0.000,0.000
27534.000,-45.000,-119846.000,-50.000,1080.000,0.000,0.000,0.000,0.000
27544.000,-45.000,-119891.000,-50.000,1008.000,0.000,0.000,0.000,0.000
27554.000,-50.000,-119941.000,-50.000,936.000,0.000,0.000,0.000,0.000
27564.000,-45.000,-119986.000,-50.000,1152.000,0.000,0.000,0.000,0.000
27574.000,-50.000,-120036.000,-50.000,936.000,0.000,0.000,0.000,0.000
27584.000,-50.000,-120086.000,-50.000,1152.000,0.000,0.000,0.000,0.000
27594.000,-49.000,-120135.000,-50.000,1152.000,0.000,0.000,0.000,0.000
27604.000,-46.000,-120181.000,-50.000,1152.000,0.000,0.000,0.000,0.000
27614.000,-49.000,-120230.000,-50.000,1008.000,0.000,0.000,0.000,0.000
27624.000,-45.000,-120275.000,-50.000,1152.000,0.000,0.000,0.000,0.000
27634.000,-46.000,-120321.000,-50.000,936.000,0.000,0.000,0.000,0.000
27644.000,-46.000,-120367.000,-50.000,936.000,0.000,0.000,0.000,0.000
27654.000,-50.000,-120417.000,-50.000,936.000,0.000,0.000,0.000,0.000
27664.000,-46.000,-120463.000,-50.000,1080.000,0.000,0.000,0.000,0.000
27674.000,-46.000,-120509.000,-50.000,936.000,0.000,0.000,0.000,0.000
27684.000,-50.000,-120559.000,-50.000,864.000,0.000,0.000,0.000,0.000
27694.000,-50.000,-120609.000,-50.000,1080.000,0.000,0.000,0.000,0.000
27704.000,-46.000,-120655.000,-50.000,1080.000,0.000,0.000,0.000,0.000
27714.000,-47.000,-120702.000,-50.000,936.000,0.000,0.000,0.000,0.000
27724.000,-50.000,-120752.000,-50.000,936.000,0.000,0.000,0.000,0.000
27734.000,-51.000,-120803.000,-50.000,1080.000,0.000,0.000,0.000,0.000
27744.000,-50.000,-120853.000,-50.000,1152.000,0.000,0.000,0.000,0.000
27754.000,-50.000,-120903.000,-50.000,1152.000,0.000,0.000,0.000,0.000
27764.000,-49.000,-120952.000,-50.000,1152.000,0.000,0.000,0.000,0.000
27774.000,-50.000,-121002.000,-50.000,1152.000,0.000,0.000,0.000,0.000
27784.000,-46.000,-121048.000,-50.000,1224.000,0.000,0.000,0.000,0.000
27794.000,-49.000,-121097.000,-50.000,1008.000,0.000,0.000,0.000,0.000
27804.000,-49.000,-121146.000,-50.000,1152.000,0.000,0.000,0.000,0.000
27814.000,-47.000,-121193.000,-50.000,1152.000,0.000,0.000,0.000,0.000
27824.000,-49.000,-121242.000,-50.000,1080.000,0.000,0.000,0.000,0.000
27834.000,-50.000,-121292.000,-50.000,1152.000,0.000,0.000,0.000,0.000
27844.000,-45.000,-121337.000,-50.000,1224.000,0.000,0.000,0.000,0.000
27854.000,-47.000,-121384.000,-50.000,1008.000,0.000,0.000,0.000,0.000
27864.000,-49.000,-121433.000,-50.000,1080.000,0.000,0.000,0.000,0.000
27874.000,-49.000,-121482.000,-50.000,1152.000,0.000,0.000,0.000,0.000
27884.000,-50.000,-121532.000,-50.000,1152.000,0.000,0.000,0.000,0.000
27894.000,-50.000,-121582.000,-50.000,1224.000,0.000,0.000,0.000,0.000
27904.000,-50.000,-121632.000,-50.000,1296.000,0.000,0.000,0.000,0.000
27914.000,-49.000,-121681.000,-50.000,1296.000,0.000,0.000,0.000,0.000
27924.000,-49.000,-121730.000,-50.000,1296.000,0.000,0.000,0.000,0.000
27934.000,-44.000,-121774.000,-50.000,1296.000,0.000,0.000,0.000,0.000
27944.000,-46.000,-121820.000,-50.000,1008.000,0.000,0.000,0.000,0.000
27954.000,-49.000,-121869.000,-50.000,1080.000,0.000,0.000,0.000,0.000
27964.000,-45.000,-121914.000,-50.000,1224.000,0.000,0.000,0.000,0.000
27974.000,-48.000,-121962.000,-50.000,1008.000,0.000,0.000,0.000,0.000
27984.000,-50.000,-122012.000,-50.000,1152.000,0.000,0.000,0.000,0.000
27994.000,-45.000,-122057.000,-50.000,1224.000,0.000,0.000,0.000,0.000
28004.000,-49.000,-122106.000,-50.000,1008.000,0.000,0.000,0.000,0.000
28014.000,-45.000,-122151.000,-50.000,1152.000,0.000,0.000,0.000,0.000
28024.000,-45.000,-122196.000,-50.000,1008.000,0.000,0.000,0.000,0.000
28034.000,-50.000,-122246.000,-50.000,936.000,0.000,0.000,0.000,0.000
28044.000,-50.000,-122296.000,-50.000,1152.000,0.000,0.000,0.000,0.000
28054.000,-49.000,-122345.000,-50.000,1224.000,0.000,0.000,0.000,0.000
28064.000,-49.000,-122394.000,-50.000,1152.000,0.000,0.000,0.000,0.000
28074.000,-50.000,-122444.000,-50.000,1152.000,0.000,0.000,0.000,0.000
28084.000,-49.000,-122493.000,-50.000,1224.000,0.000,0.000,0.000,0.000
28094.000,-49.000,-122542.000,-50.000,1224.000,0.000,0.000,0.000,0.000
28104.000,-50.000,-122592.000,-50.000,1224.000,0.000,0.000,0.000,0.000
28114.000,-49.000,-122641.000,-50.000,1296.000,0.000,0.000,0.000,0.000
28124.000,-49.000,-122690.000,-50.000,1296.000,0.000,0.000,0.000,0.000
28134.000,-48.000,-122738.000,-50.000,1296.000,0.000,0.000,0.000,0.000
28144.000,-48.000,-122786.000,-50.000,1224.000,0.000,0.000,0.000,0.000
28154.000,-46.000,-122832.000,-50.000,1224.000,0.000,0.000,0.000,0.000
28164.000,-44.000,-122876.000,-50.000,1152.000,0.000,0.000,0.000,0.000
28174.000,-49.000,-122925.000,-50.000,1008.000,0.000,0.000,0.000,0.000
28184.000,-45.000,-122970.000,-50.000,1224.000,0.000,0.000,0.000,0.000
28194.000,-44.000,-123014.000,-50.000,1008.000,0.000,0.000,0.000,0.000
28204.000,-49.000,-123063.000,-50.000,936.000,0.000,0.000,0.000,0.000
28214.000,-49.000,-123112.000,-50.000,1152.000,0.000,0.000,0.000,0.000
28224.000,-49.000,-123161.000,-50.000,1152.000,0.000,0.000,0.000,0.000
28234.000,-50.000,-123211.000,-50.000,1152.000,0.000,0.000,0.000,0.000
28244.000,-49.000,-123260.000,-50.000,1224.000,0.000,0.000,0.000,0.000
28254.000,-49.000,-123309.000,-50.000,1224.000,0.000,0.000,0.000,0.000
28264.000,-49.000,-123358.000,-50.000,1224.000,0.000,0.000,0.000,0.000
28274.000,-49.000,-123407.000,-50.000,1224.000,0.000,0.000,0.000,0.000
28284.000,-45.000,-123452.000,-50.000,1224.000,0.000,0.000,0.000,0.000
28294.000,-45.000,-123497.000,-50.000,1080.000,0.000,0.000,0.000,0.000
28304.000,-46.000,-123543.000,-50.000,1008.000,0.000,0.000,0.000,0.000
28314.000,-45.000,-123588.000,-50.000,1008.000,0.000,0.000,0.000,0.000
28324.000,-49.000,-123637.000,-50.000,936.000,0.000,0.000,0.000,0.000
28334.000,-46.000,-123683.000,-50.000,1152.000,0.000,0.000,0.000,0.000
28344.000,-45.000,-123728.000,-50.000,1008.000,0.000,0.000,0.000,0.000
28354.000,-49.000,-123777.000,-50.000,864.000,0.000,0.000,0.000,0.000
28364.000,-51.000,-123828.000,-50.000,1080.000,0.000,0.000,0.000,0.000
28374.000,-49.000,-123877.000,-50.000,1224.000,0.000,0.000,0.000,0.000
28384.000,-46.000,-123923.000,-50.000,1080.000,0.000,0.000,0.000,0.000
28394.000,-50.000,-123973.000,-50.000,936.000,0.000,0.000,0.000,0.000
28404.000,-46.000,-124019.000,-50.000,1152.000,0.000,0.000,0.000,0.000
28414.000,-50.000,-124069.000,-50.000,936.000,0.000,0.000,0.000,0.000
28424.000,-46.000,-124115.000,-50.000,1152.000,0.000,0.000,0.000,0.000
28434.000,-50.000,-124165.000,-50.000,936.000,0.000,0.000,0.000,0.000
28444.000,-46.000,-124211.000,-50.000,1152.000,0.000,0.000,0.000,0.000
28454.000,-50.000,-124261.000,-50.000,936.000,0.000,0.000,0.000,0.000
28464.000,-46.000,-124307.000,-50.000,1152.000,0.000,0.000,0.000,0.000
28474.000,-50.000,-124357.000,-50.000,936.000,0.000,0.000,0.000,0.000
28484.000,-42.000,-124399.000,-50.000,1152.000,0.000,0.000,0.000,0.000
28494.000,-46.000,-124445.000,-50.000,720.000,0.000,0.000,0.000,0.000
28504.000,-46.000,-124491.000,-50.000,864.000,0.000,0.000,0.000,0.000
28514.000,-47.000,-124538.000,-50.000,864.000,0.000,0.000,0.000,0.000
28524.000,-50.000,-124588.000,-50.000,936.000,0.000,0.000,0.000,0.000
28534.000,-51.000,-124639.000,-50.000,1080.000,0.000,0.000,0.000,0.000
28544.000,-50.000,-124689.000,-50.000,1152.000,0.000,0.000,0.000,0.000
28554.000,-51.000,-124740.000,-50.000,1080.000,0.000,0.000,0.000,0.000
28564.000,-49.000,-124789.000,-50.000,1152.000,0.000,0.000,0.000,0.000
28574.000,-51.000,-124840.000,-50.000,1080.000,0.000,0.000,0.000,0.000
28584.000,-49.000,-124889.000,-50.000,1224.000,0.000,0.000,0.000,0.000
28594.000,-51.000,-124940.000,-50.000,1152.000,0.000,0.000,0.000,0.000
28604.000,-49.000,-124989.000,-50.000,1296.000,0.000,0.000,0.000,0.000
28614.000,-50.000,-125039.000,-50.000,1224.000,0.000,0.000,0.000,0.000
28624.000,-46.000,-125085.000,-50.000,1296.000,0.000,0.000,0.000,0.000
28634.000,-49.000,-125134.000,-50.000,1080.000,0.000,0.000,0.000,0.000
28644.000,-49.000,-125183.000,-50.000,1224.000,0.000,0.000,0.000,0.000
28654.000,-50.000,-125233.000,-50.000,1224.000,0.000,0.000,0.000,0.000
28664.000,-45.000,-125278.000,-50.000,1296.000,0.000,0.000,0.000,0.000
28674.000,-45.000,-125323.000,-50.000,1080.000,0.000,0.000,0.000,0.000
28684.000,-49.000,-125372.000,-50.000,1008.000,0.000,0.000,0.000,0.000
28694.000,-49.000,-125421.000,-50.000,1224.000,0.000,0.000,0.000,0.000
28704.000,-46.000,-125467.000,-50.000,1224.000,0.000,0.000,0.000,0.000
28714.000,-48.000,-125515.000,-50.000,1080.000,0.000,0.000,0.000,0.000
28724.000,-46.000,-125561.000,-50.000,1152.000,0.000,0.000,0.000,0.000
28734.000,-44.000,-125605.000,-50.000,1080.000,0.000,0.000,0.000,0.000
28744.000,-46.000,-125651.000,-50.000,936.000,0.000,0.000,0.000,0.000
28754.000,-50.000,-125701.000,-50.000,1008.000,0.000,0.000,0.000,0.000
28764.000,-46.000,-125747.000,-50.000,1152.000,0.000,0.000,0.000,0.000
28774.000,-45.000,-125792.000,-50.000,1008.000,0.000,0.000,0.000,0.000
28784.000,-49.000,-125841.000,-50.000,864.000,0.000,0.000,0.000,0.000
28794.000,-51.000,-125892.000,-50.000,1080.000,0.000,0.000,0.000,0.000
28804.000,-46.000,-125938.000,-50.000,1224.000,0.000,0.000,0.000,0.000
28814.000,-46.000,-125984.000,-50.000,936.000,0.000,0.000,0.000,0.000
28824.000,-50.000,-126034.000,-50.000,936.000,0.000,0.000,0.000,0.000
28834.000,-49.000,-126083.000,-50.000,1152.000,0.000,0.000,0.000,0.000
28844.000,-47.000,-126130.000,-50.000,1080.000,0.000,0.000,0.000,0.000
28854.000,-50.000,-126180.000,-50.000,1008.000,0.000,0.000,0.000,0.000
28864.000,-50.000,-126230.000,-50.000,1152.000,0.000,0.000,0.000,0.000
28874.000,-46.000,-126276.000,-50.000,1152.000,0.000,0.000,0.000,0.000
28884.000,-46.000,-126322.000,-50.000,1008.000,0.000,0.000,0.000,0.000
28894.000,-50.000,-126372.000,-50.000,936.000,0.000,0.000,0.000,0.000
28904.000,-50.000,-126422.000,-50.000,1152.000,0.000,0.000,0.000,0.000
28914.000,-46.000,-126468.000,-50.000,1152.000,0.000,0.000,0.000,0.000
28924.000,-46.000,-126514.000,-50.000,1008.000,0.000,0.000,0.000,0.000
28934.000,-50.000,-126564.000,-50.000,936.000,0.000,0.000,0.000,0.000
28944.000,-50.000,-126614.000,-50.000,1152.000,0.000,0.000,0.000,0.000
28954.000,-50.000,-126664.000,-50.000,1152.000,0.000,0.000,0.000,0.000
28964.000,-51.000,-126715.000,-50.000,1224.000,0.000,0.000,0.000,0.000
28974.000,-49.000,-126764.000,-50.000,1296.000,0.000,0.000,0.000,0.000
28984.000,-50.000,-126814.000,-50.000,1224.000,0.000,0.000,0.000,0.000
28994.000,-46.000,-126860.000,-50.000,1296.000,0.000,0.000,0.000,0.000
29004.000,-50.000,-126910.000,-50.000,1080.000,0.000,0.000,0.000,0.000
29014.000,-45.000,-126955.000,-50.000,1296.000,0.000,0.000,0.000,0.000
29024.000,-45.000,-127000.000,-50.000,1008.000,0.000,0.000,0.000,0.000
29034.000,-50.000,-127050.000,-50.000,1008.000,0.000,0.000,0.000,0.000
29044.000,-49.000,-127099.000,-50.000,1224.000,0.000,0.000,0.000,0.000
29054.000,-50.000,-127149.000,-50.000,1224.000,0.000,0.000,0.000,0.000
29064.000,-49.000,-127198.000,-50.000,1296.000,0.000,0.000,0.000,0.000
29074.000,-49.000,-127247.000,-50.000,1224.000,0.000,0.000,0.000,0.000
29084.000,-49.000,-127296.000,-50.000,1224.000,0.000,0.000,0.000,0.000
29094.000,-50.000,-127346.000,-50.000,1224.000,0.000,0.000,0.000,0.000
29104.000,-48.000,-127394.000,-50.000,1296.000,0.000,0.000,0.000,0.000
29114.000,-49.000,-127443.000,-50.000,1224.000,0.000,0.000,0.000,0.000
29124.000,-49.000,-127492.000,-50.000,1296.000,0.000,0.000,0.000,0.000
29134.000,-44.000,-127536.000,-50.000,1296.000,0.000,0.000,0.000,0.000
29144.000,-50.000,-127586.000,-50.000,1080.000,0.000,0.000,0.000,0.000
29154.000,-49.000,-127635.000,-50.000,1296.000,0.000,0.000,0.000,0.000
29164.000,-48.000,-127683.000,-50.000,1296.000,0.000,0.000,0.000,0.000
29174.000,-49.000,-127732.000,-50.000,1224.000,0.000,0.000,0.000,0.000
29184.000,-48.000,-127780.000,-50.000,1296.000,0.000,0.000,0.000,0.000
29194.000,-50.000,-127830.000,-50.000,1296.000,0.000,0.000,0.000,0.000
29204.000,-48.000,-127878.000,-50.000,1368.000,0.000,0.000,0.000,0.000
29214.000,-48.000,-127926.000,-50.000,1296.000,0.000,0.000,0.000,0.000
29224.000,-49.000,-127975.000,-50.000,1296.000,0.000,0.000,0.000,0.000
29234.000,-48.000,-128023.000,-50.000,1368.000,0.000,0.000,0.000,0.000
29244.000,-48.000,-128071.000,-50.000,1296.000,0.000,0.000,0.000,0.000
29254.000,-48.000,-128119.000,-50.000,1296.000,0.000,0.000,0.000,0.000
29264.000,-49.000,-128168.000,-50.000,1296.000,0.000,0.000,0.000,0.000
29274.000,-44.000,-128212.000,-50.000,1368.000,0.000,0.000,0.000,0.000
29284.000,-48.000,-128260.000,-50.000,1080.000,0.000,0.000,0.000,0.000
29294.000,-48.000,-128308.000,-50.000,1296.000,0.000,0.000,0.000,0.000
29304.000,-48.000,-128356.000,-50.000,1296.000,0.000,0.000,0.000,0.000
29314.000,-48.000,-128404.000,-50.000,1296.000,0.000,0.000,0.000,0.000
29324.000,-44.000,-128448.000,-50.000,1296.000,0.000,0.000,0.000,0.000
29334.000,-50.000,-128498.000,-50.000,1080.000,0.000,0.000,0.000,0.000
29344.000,-48.000,-128546.000,-50.000,1368.000,0.000,0.000,0.000,0.000
29354.000,-48.000,-128594.000,-50.000,1224.000,0.000,0.000,0.000,0.000
29364.000,-48.000,-128642.000,-50.000,1224.000,0.000,0.000,0.000,0.000
29374.000,-49.000,-128691.000,-50.000,1224.000,0.000,0.000,0.000,0.000
29384.000,-48.000,-128739.000,-50.000,1296.000,0.000,0.000,0.000,0.000
29394.000,-49.000,-128788.000,-50.000,1296.000,0.000,0.000,0.000,0.000
29404.000,-44.000,-128832.000,-50.000,1296.000,0.000,0.000,0.000,0.000
29414.000,-48.000,-128880.000,-50.000,1080.000,0.000,0.000,0.000,0.000
29424.000,-49.000,-128929.000,-50.000,1224.000,0.000,0.000,0.000,0.000
29434.000,-49.000,-128978.000,-50.000,1296.000,0.000,0.000,0.000,0.000
29444.000,-48.000,-129026.000,-50.000,1296.000,0.000,0.000,0.000,0.000
29454.000,-48.000,-129074.000,-50.000,1224.000,0.000,0.000,0.000,0.000
29464.000,-48.000,-129122.000,-50.000,1224.000,0.000,0.000,0.000,0.000
29474.000,-49.000,-129171.000,-50.000,1224.000,0.000,0.000,0.000,0.000
29484.000,-48.000,-129219.000,-50.000,1296.000,0.000,0.000,0.000,0.000
29494.000,-48.000,-129267.000,-50.000,1296.000,0.000,0.000,0.000,0.000
29504.000,-45.000,-129312.000,-50.000,1296.000,0.000,0.000,0.000,0.000
29514.000,-44.000,-129356.000,-50.000,1080.000,0.000,0.000,0.000,0.000
29524.000,-48.000,-129404.000,-50.000,1008.000,0.000,0.000,0.000,0.000
29534.000,-50.000,-129454.000,-50.000,1152.000,0.000,0.000,0.000,0.000
29544.000,-48.000,-129502.000,-50.000,1296.000,0.000,0.000,0.000,0.000
29554.000,-49.000,-129551.000,-50.000,1224.000,0.000,0.000,0.000,0.000
29564.000,-49.000,-129600.000,-50.000,1224.000,0.000,0.000,0.000,0.000
29574.000,-48.000,-129648.000,-50.000,1296.000,0.000,0.000,0.000,0.000
29584.000,-49.000,-129697.000,-50.000,1224.000,0.000,0.000,0.000,0.000
29594.000,-49.000,-129746.000,-50.000,1296.000,0.000,0.000,0.000,0.000
29604.000,-48.000,-129794.000,-50.000,1296.000,0.000,0.000,0.000,0.000
29614.000,-48.000,-129842.000,-50.000,1224.000,0.000,0.000,0.000,0.000
29624.000,-49.000,-129891.000,-50.000,1224.000,0.000,0.000,0.000,0.000
29634.000,-48.000,-129939.000,-50.000,1296.000,0.000,0.000,0.000,0.000
29644.000,-47.000,-129986.000,-50.000,1224.000,0.000,0.000,0.000,0.000
29654.000,-49.000,-130035.000,-50.000,1224.000,0.000,0.000,0.000,0.000
29664.000,-48.000,-130083.000,-50.000,1296.000,0.000,0.000,0.000,0.000
29674.000,-48.000,-130131.000,-50.000,1296.000,0.000,0.000,0.000,0.000
29684.000,-48.000,-130179.000,-50.000,1296.000,0.000,0.000,0.000,0.000
29694.000,-48.000,-130227.000,-20.000,2808.000,0.000,0.000,0.000,0.000
29704.000,-46.000,-130273.000,-20.000,3096.000,0.000,0.000,0.000,0.000
29714.000,-44.000,-130317.000,-20.000,3384.000,0.000,0.000,0.000,0.000
29724.000,-43.000,-130360.000,-20.000,3600.000,0.000,0.000,0.000,0.000
29734.000,-41.000,-130401.000,-20.000,3888.000,0.000,0.000,0.000,0.000
29744.000,-39.000,-130440.000,-20.000,4032.000,0.000,0.000,0.000,0.000
29754.000,-37.000,-130477.000,-20.000,4248.000,0.000,0.000,0.000,0.000
29764.000,-36.000,-130513.000,-20.000,4392.000,0.000,0.000,0.000,0.000
29774.000,-34.000,-130547.000,-20.000,4608.000,0.000,0.000,0.000,0.000
29784.000,-32.000,-130579.000,-20.000,4680.000,0.000,0.000,0.000,0.000
29794.000,-31.000,-130610.000,-20.000,4824.000,0.000,0.000,0.000,0.000
29804.000,-29.000,-130639.000,-20.000,4968.000,0.000,0.000,0.000,0.000
29814.000,-27.000,-130666.000,-20.000,4968.000,0.000,0.000,0.000,0.000
29824.000,-25.000,-130691.000,-20.000,5040.000,0.000,0.000,0.000,0.000
29834.000,-26.000,-130717.000,-20.000,5040.000,0.000,0.000,0.000,0.000
29844.000,-22.000,-130739.000,-20.000,5184.000,0.000,0.000,0.000,0.000
29854.000,-23.000,-130762.000,-20.000,5040.000,0.000,0.000,0.000,0.000
29864.000,-21.000,-130783.000,-20.000,5184.000,0.000,0.000,0.000,0.000
29874.000,-20.000,-130803.000,-20.000,5112.000,0.000,0.000,0.000,0.000
29884.000,-19.000,-130822.000,-20.000,5112.000,0.000,0.000,0.000,0.000
29894.000,-19.000,-130841.000,-20.000,5040.000,0.000,0.000,0.000,0.000
29904.000,-18.000,-130859.000,-20.000,5040.000,0.000,0.000,0.000,0.000
29914.000,-18.000,-130877.000,-20.000,4968.000,0.000,0.000,0.000,0.000
29924.000,-18.000,-130895.000,-20.000,4968.000,0.000,0.000,0.000,0.000
29934.000,-16.000,-130911.000,-20.000,4968.000,0.000,0.000,0.000,0.000
29944.000,-18.000,-130929.000,-20.000,4824.000,0.000,0.000,0.000,0.000
29954.000,-17.000,-130946.000,-20.000,4896.000,0.000,0.000,0.000,0.000
29964.000,-16.000,-130962.000,-20.000,4824.000,0.000,0.000,0.000,0.000
29974.000,-17.000,-130979.000,-20.000,4752.000,0.000,0.000,0.000,0.000
29984.000,-16.000,-130995.000,-20.000,4752.000,0.000,0.000,0.000,0.000
29994.000,-14.000,-131009.000,-20.000,4680.000,0.000,0.000,0.000,0.000
30004.000,-17.000,-131026.000,-20.000,4536.000,0.000,0.000,0.000,0.000
30014.000,-17.000,-131043.000,-20.000,4680.000,0.000,0.000,0.000,0.000
30024.000,-17.000,-131060.000,-20.000,4608.000,0.000,0.000,0.000,0.000
30034.000,-18.000,-131078.000,-20.000,4608.000,0.000,0.000,0.000,0.000
30044.000,-17.000,-131095.000,-20.000,4608.000,0.000,0.000,0.000,0.000
30054.000,-14.000,-131109.000,-20.000,4536.000,0.000,0.000,0.000,0.000
30064.000,-18.000,-131127.000,-20.000,4392.000,0.000,0.000,0.000,0.000
30074.000,-18.000,-131145.000,-20.000,4536.000,0.000,0.000,0.000,0.000
30084.000,-18.000,-131163.000,-20.000,4464.000,0.000,0.000,0.000,0.000
30094.000,-18.000,-131181.000,-20.000,4464.000,0.000,0.000,0.000,0.000
30104.000,-15.000,-131196.000,-20.000,4464.000,0.000,0.000,0.000,0.000
30114.000,-18.000,-131214.000,-20.000,4248.000,0.000,0.000,0.000,0.000
30124.000,-19.000,-131233.000,-20.000,4392.000,0.000,0.000,0.000,0.000
30134.000,-20.000,-131253.000,-20.000,4392.000,0.000,0.000,0.000,0.000
30144.000,-18.000,-131271.000,-20.000,4464.000,0.000,0.000,0.000,0.000
30154.000,-20.000,-131291.000,-20.000,4392.000,0.000,0.000,0.000,0.000
30164.000,-19.000,-131310.000,-20.000,4464.000,0.000,0.000,0.000,0.000
30174.000,-20.000,-131330.000,-20.000,4392.000,0.000,0.000,0.000,0.000
30184.000,-19.000,-131349.000,-20.000,4464.000,0.000,0.000,0.000,0.000
30194.000,-20.000,-131369.000,-20.000,4392.000,0.000,0.000,0.000,0.000
30204.000,-19.000,-131388.000,-20.000,4464.000,0.000,0.000,0.000,0.000
30214.000,-19.000,-131407.000,-20.000,4392.000,0.000,0.000,0.000,0.000
30224.000,-20.000,-131427.000,-20.000,4392.000,0.000,0.000,0.000,0.000
30234.000,-20.000,-131447.000,-20.000,4464.000,0.000,0.000,0.000,0.000
30244.000,-19.000,-131466.000,-20.000,4464.000,0.000,0.000,0.000,0.000
30254.000,-20.000,-131486.000,-20.000,4464.000,0.000,0.000,0.000,0.000
30264.000,-19.000,-131505.000,-20.000,4464.000,0.000,0.000,0.000,0.000
30274.000,-20.000,-131525.000,-20.000,4464.000,0.000,0.000,0.000,0.000
30284.000,-18.000,-131543.000,-20.000,4464.000,0.000,0.000,0.000,0.000
30294.000,-20.000,-131563.000,-20.000,4392.000,0.000,0.000,0.000,0.000
30304.000,-19.000,-131582.000,-20.000,4464.000,0.000,0.000,0.000,0.000
30314.000,-19.000,-131601.000,-20.000,4464.000,0.000,0.000,0.000,0.000
30324.000,-16.000,-131617.000,-20.000,4464.000,0.000,0.000,0.000,0.000
30334.000,-19.000,-131636.000,-20.000,4320.000,0.000,0.000,0.000,0.000
30344.000,-19.000,-131655.000,-20.000,4392.000,0.000,0.000,0.000,0.000
30354.000,-19.000,-131674.000,-20.000,4392.000,0.000,0.000,0.000,0.000
30364.000,-20.000,-131694.000,-20.000,4392.000,0.000,0.000,0.000,0.000
30374.000,-19.000,-131713.000,-20.000,4464.000,0.000,0.000,0.000,0.000
30384.000,-20.000,-131733.000,-20.000,4392.000,0.000,0.000,0.000,0.000
30394.000,-18.000,-131751.000,-20.000,4464.000,0.000,0.000,0.000,0.000
30404.000,-20.000,-131771.000,-20.000,4392.000,0.000,0.000,0.000,0.000
30414.000,-19.000,-131790.000,-20.000,4464.000,0.000,0.000,0.000,0.000
30424.000,-20.000,-131810.000,-20.000,4392.000,0.000,0.000,0.000,0.000
30434.000,-19.000,-131829.000,-20.000,4464.000,0.000,0.000,0.000,0.000
30444.000,-19.000,-131848.000,-20.000,4392.000,0.000,0.000,0.000,0.000
30454.000,-15.000,-131863.000,-20.000,4392.000,0.000,0.000,0.000,0.000
30464.000,-20.000,-131883.000,-20.000,4176.000,0.000,0.000,0.000,0.000
30474.000,-15.000,-131898.000,-20.000,4392.000,0.000,0.000,0.000,0.000
30484.000,-21.000,-131919.000,-20.000,4176.000,0.000,0.000,0.000,0.000
30494.000,-20.000,-131939.000,-20.000,4392.000,0.000,0.000,0.000,0.000
30504.000,-16.000,-131955.000,-20.000,4392.000,0.000,0.000,0.000,0.000
30514.000,-20.000,-131975.000,-20.000,4176.000,0.000,0.000,0.000,0.000
30524.000,-20.000,-131995.000,-20.000,4392.000,0.000,0.000,0.000,0.000
30534.000,-20.000,-132015.000,-20.000,4392.000,0.000,0.000,0.000,0.000
30544.000,-20.000,-132035.000,-20.000,4392.000,0.000,0.000,0.000,0.000
30554.000,-21.000,-132056.000,-20.000,4392.000,0.000,0.000,0.000,0.000
30564.000,-20.000,-132076.000,-20.000,4464.000,0.000,0.000,0.000,0.000
30574.000,-21.000,-132097.000,-20.000,4392.000,0.000,0.000,0.000,0.000
30584.000,-20.000,-132117.000,-20.000,4464.000,0.000,0.000,0.000,0.000
30594.000,-20.000,-132137.000,-20.000,4464.000,0.000,0.000,0.000,0.000
30604.000,-20.000,-132157.000,-20.000,4464.000,0.000,0.000,0.000,0.000
30614.000,-20.000,-132177.000,-20.000,4464.000,0.000,0.000,0.000,0.000
30624.000,-20.000,-132197.000,-20.000,4464.000,0.000,0.000,0.000,0.000
30634.000,-20.000,-132217.000,-20.000,4464.000,0.000,0.000,0.000,0.000
30644.000,-15.000,-132232.000,-20.000,4536.000,0.000,0.000,0.000,0.000
30654.000,-19.000,-132251.000,-20.000,4248.000,0.000,0.000,0.000,0.000
30664.000,-20.000,-132271.000,-20.000,4392.000,0.000,0.000,0.000,0.000
30674.000,-20.000,-132291.000,-20.000,4464.000,0.000,0.000,0.000,0.000
30684.000,-20.000,-132311.000,-20.000,4464.000,0.000,0.000,0.000,0.000
30694.000,-16.000,-132327.000,-20.000,4464.000,0.000,0.000,0.000,0.000
30704.000,-19.000,-132346.000,-20.000,4248.000,0.000,0.000,0.000,0.000
30714.000,-20.000,-132366.000,-20.000,4392.000,0.000,0.000,0.000,0.000
30724.000,-20.000,-132386.000,-20.000,4464.000,0.000,0.000,0.000,0.000
30734.000,-20.000,-132406.000,-20.000,4464.000,0.000,0.000,0.000,0.000
30744.000,-19.000,-132425.000,-20.000,4464.000,0.000,0.000,0.000,0.000
30754.000,-20.000,-132445.000,-20.000,4392.000,0.000,0.000,0.000,0.000
30764.000,-20.000,-132465.000,-20.000,4464.000,0.000,0.000,0.000,0.000
30774.000,-19.000,-132484.000,-20.000,4464.000,0.000,0.000,0.000,0.000
30784.000,-19.000,-132503.000,-20.000,4464.000,0.000,0.000,0.000,0.000
30794.000,-16.000,-132519.000,-20.000,4464.000,0.000,0.000,0.000,0.000
30804.000,-19.000,-132538.000,-20.000,4248.000,0.000,0.000,0.000,0.000
30814.000,-20.000,-132558.000,-20.000,4392.000,0.000,0.000,0.000,0.000
30824.000,-19.000,-132577.000,-20.000,4464.000,0.000,0.000,0.000,0.000
30834.000,-20.000,-132597.000,-20.000,4392.000,0.000,0.000,0.000,0.000
30844.000,-20.000,-132617.000,-20.000,4464.000,0.000,0.000,0.000,0.000
30854.000,-18.000,-132635.000,-20.000,4464.000,0.000,0.000,0.000,0.000
30864.000,-20.000,-132655.000,-20.000,4392.000,0.000,0.000,0.000,0.000
30874.000,-20.000,-132675.000,-20.000,4464.000,0.000,0.000,0.000,0.000
30884.000,-19.000,-132694.000,-20.000,4464.000,0.000,0.000,0.000,0.000
30894.000,-20.000,-132714.000,-20.000,4464.000,0.000,0.000,0.000,0.000
30904.000,-19.000,-132733.000,-20.000,4464.000,0.000,0.000,0.000,0.000
30914.000,-16.000,-132749.000,-20.000,4464.000,0.000,0.000,0.000,0.000
30924.000,-19.000,-132768.000,-20.000,4248.000,0.000,0.000,0.000,0.000
30934.000,-19.000,-132787.000,-20.000,4392.000,0.000,0.000,0.000,0.000
30944.000,-20.000,-132807.000,-20.000,4392.000,0.000,0.000,0.000,0.000
30954.000,-20.000,-132827.000,-20.000,4464.000,0.000,0.000,0.000,0.000
30964.000,-20.000,-132847.000,-20.000,4464.000,0.000,0.000,0.000,0.000
30974.000,-20.000,-132867.000,-20.000,4464.000,0.000,0.000,0.000,0.000
30984.000,-19.000,-132886.000,-20.000,4464.000,0.000,0.000,0.000,0.000
30994.000,-20.000,-132906.000,-20.000,4392.000,0.000,0.000,0.000,0.000
31004.000,-20.000,-132926.000,-20.000,4464.000,0.000,0.000,0.000,0.000
31014.000,-16.000,-132942.000,-20.000,4464.000,0.000,0.000,0.000,0.000
31024.000,-20.000,-132962.000,-20.000,4320.000,0.000,0.000,0.000,0.000
31034.000,-20.000,-132982.000,-20.000,4464.000,0.000,0.000,0.000,0.000
31044.000,-19.000,-133001.000,-20.000,4464.000,0.000,0.000,0.000,0.000
31054.000,-20.000,-133021.000,-20.000,4392.000,0.000,0.000,0.000,0.000
31064.000,-20.000,-133041.000,-20.000,4464.000,0.000,0.000,0.000,0.000
31074.000,-20.000,-133061.000,-20.000,4464.000,0.000,0.000,0.000,0.000
31084.000,-20.000,-133081.000,-20.000,4464.000,0.000,0.000,0.000,0.000
31094.000,-19.000,-133100.000,-20.000,4536.000,0.000,0.000,0.000,0.000
31104.000,-15.000,-133115.000,-20.000,4464.000,0.000,0.000,0.000,0.000
31114.000,-20.000,-133135.000,-20.000,4248.000,0.000,0.000,0.000,0.000
31124.000,-20.000,-133155.000,-20.000,4464.000,0.000,0.000,0.000,0.000
31134.000,-20.000,-133175.000,-20.000,4464.000,0.000,0.000,0.000,0.000
31144.000,-19.000,-133194.000,-20.000,4464.000,0.000,0.000,0.000,0.000
31154.000,-20.000,-133214.000,-20.000,4464.000,0.000,0.000,0.000,0.000
31164.000,-20.000,-133234.000,-20.000,4464.000,0.000,0.000,0.000,0.000
31174.000,-19.000,-133253.000,-20.000,4536.000,0.000,0.000,0.000,0.000
31184.000,-16.000,-133269.000,-20.000,4464.000,0.000,0.000,0.000,0.000
31194.000,-19.000,-133288.000,-20.000,4320.000,0.000,0.000,0.000,0.000
31204.000,-19.000,-133307.000,-20.000,4392.000,0.000,0.000,0.000,0.000
31214.000,-20.000,-133327.000,-20.000,4392.000,0.000,0.000,0.000,0.000
31224.000,-20.000,-133347.000,-20.000,4464.000,0.000,0.000,0.000,0.000
31234.000,-19.000,-133366.000,-20.000,4464.000,0.000,0.000,0.000,0.000
31244.000,-19.000,-133385.000,-20.000,4464.000,0.000,0.000,0.000,0.000
31254.000,-16.000,-133401.000,-20.000,4392.000,0.000,0.000,0.000,0.000
31264.000,-20.000,-133421.000,-20.000,4248.000,0.000,0.000,0.000,0.000
31274.000,-18.000,-133439.000,-20.000,4464.000,0.000,0.000,0.000,0.000
31284.000,-16.000,-133455.000,-20.000,4320.000,0.000,0.000,0.000,0.000
31294.000,-20.000,-133475.000,-20.000,4248.000,0.000,0.000,0.000,0.000
31304.000,-15.000,-133490.000,-20.000,4392.000,0.000,0.000,0.000,0.000
31314.000,-20.000,-133510.000,-20.000,4104.000,0.000,0.000,0.000,0.000
31324.000,-16.000,-133526.000,-20.000,4320.000,0.000,0.000,0.000,0.000
31334.000,-21.000,-133547.000,-20.000,4176.000,0.000,0.000,0.000,0.000
31344.000,-20.000,-133567.000,-20.000,4392.000,0.000,0.000,0.000,0.000
31354.000,-20.000,-133587.000,-20.000,4320.000,0.000,0.000,0.000,0.000
31364.000,-20.000,-133607.000,-20.000,4320.000,0.000,0.000,0.000,0.000
31374.000,-20.000,-133627.000,-20.000,4320.000,0.000,0.000,0.000,0.000
31384.000,-21.000,-133648.000,-20.000,4392.000,0.000,0.000,0.000,0.000
31394.000,-21.000,-133669.000,-20.000,4464.000,0.000,0.000,0.000,0.000
31404.000,-20.000,-133689.000,-20.000,4464.000,0.000,0.000,0.000,0.000
31414.000,-20.000,-133709.000,-20.000,4392.000,0.000,0.000,0.000,0.000
31424.000,-20.000,-133729.000,-20.000,4464.000,0.000,0.000,0.000,0.000
31434.000,-20.000,-133749.000,-20.000,4464.000,0.000,0.000,0.000,0.000
31444.000,-20.000,-133769.000,-20.000,4464.000,0.000,0.000,0.000,0.000
31454.000,-20.000,-133789.000,-20.000,4464.000,0.000,0.000,0.000,0.000
31464.000,-20.000,-133809.000,-20.000,4464.000,0.000,0.000,0.000,0.000
31474.000,-20.000,-133829.000,-20.000,4464.000,0.000,0.000,0.000,0.000
31484.000,-19.000,-133848.000,-20.000,4464.000,0.000,0.000,0.000,0.000
31494.000,-19.000,-133867.000,-20.000,4464.000,0.000,0.000,0.000,0.000
31504.000,-20.000,-133887.000,-20.000,4464.000,0.000,0.000,0.000,0.000
31514.000,-20.000,-133907.000,-20.000,4536.000,0.000,0.000,0.000,0.000
31524.000,-20.000,-133927.000,-20.000,4536.000,0.000,0.000,0.000,0.000
31534.000,-19.000,-133946.000,-20.000,4536.000,0.000,0.000,0.000,0.000
31544.000,-20.000,-133966.000,-20.000,4464.000,0.000,0.000,0.000,0.000
31554.000,-19.000,-133985.000,-20.000,4536.000,0.000,0.000,0.000,0.000
31564.000,-18.000,-134003.000,-20.000,4464.000,0.000,0.000,0.000,0.000
31574.000,-20.000,-134023.000,-20.000,4464.000,0.000,0.000,0.000,0.000
31584.000,-19.000,-134042.000,-20.000,4536.000,0.000,0.000,0.000,0.000
31594.000,-16.000,-134058.000,-20.000,4464.000,0.000,0.000,0.000,0.000
31604.000,-19.000,-134077.000,-20.000,4320.000,0.000,0.000,0.000,0.000
31614.000,-18.000,-134095.000,-20.000,4464.000,0.000,0.000,0.000,0.000
31624.000,-20.000,-134115.000,-20.000,4392.000,0.000,0.000,0.000,0.000
31634.000,-20.000,-134135.000,-20.000,4464.000,0.000,0.000,0.000,0.000
31644.000,-19.000,-134154.000,-20.000,4464.000,0.000,0.000,0.000,0.000
31654.000,-19.000,-134173.000,-20.000,4464.000,0.000,0.000,0.000,0.000
31664.000,-20.000,-134193.000,-20.000,4464.000,0.000,0.000,0.000,0.000
31674.000,-18.000,-134211.000,-20.000,4464.000,0.000,0.000,0.000,0.000
31684.000,-20.000,-134231.000,-20.000,4392.000,0.000,0.000,0.000,0.000
31694.000,-19.000,-134250.000,-20.000,4464.000,0.000,0.000,0.000,0.000
31704.000,-19.000,-134269.000,-20.000,4464.000,0.000,0.000,0.000,0.000
31714.000,-18.000,-134287.000,-20.000,4464.000,0.000,0.000,0.000,0.000
31724.000,-20.000,-134307.000,-20.000,4392.000,0.000,0.000,0.000,0.000
31734.000,-19.000,-134326.000,-20.000,4464.000,0.000,0.000,0.000,0.000
31744.000,-19.000,-134345.000,-20.000,4464.000,0.000,0.000,0.000,0.000
31754.000,-20.000,-134365.000,-20.000,4464.000,0.000,0.000,0.000,0.000
31764.000,-18.000,-134383.000,-20.000,4464.000,0.000,0.000,0.000,0.000
31774.000,-16.000,-134399.000,-20.000,4392.000,0.000,0.000,0.000,0.000
31784.000,-19.000,-134418.000,-20.000,4248.000,0.000,0.000,0.000,0.000
31794.000,-19.000,-134437.000,-20.000,4392.000,0.000,0.000,0.000,0.000
31804.000,-20.000,-134457.000,-20.000,4392.000,0.000,0.000,0.000,0.000
31814.000,-18.000,-134475.000,-20.000,4464.000,0.000,0.000,0.000,0.000
31824.000,-16.000,-134491.000,-20.000,4320.000,0.000,0.000,0.000,0.000
31834.000,-20.000,-134511.000,-20.000,4176.000,0.000,0.000,0.000,0.000
31844.000,-15.000,-134526.000,-20.000,4392.000,0.000,0.000,0.000,0.000
31854.000,-21.000,-134547.000,-20.000,4104.000,0.000,0.000,0.000,0.000
31864.000,-19.000,-134566.000,-20.000,4392.000,0.000,0.000,0.000,0.000
31874.000,-21.000,-134587.000,-20.000,4320.000,0.000,0.000,0.000,0.000
31884.000,-20.000,-134607.000,-20.000,4392.000,0.000,0.000,0.000,0.000
31894.000,-16.000,-134623.000,-20.000,4392.000,0.000,0.000,0.000,0.000
31904.000,-20.000,-134643.000,-20.000,4176.000,0.000,0.000,0.000,0.000
31914.000,-21.000,-134664.000,-20.000,4320.000,0.000,0.000,0.000,0.000
31924.000,-21.000,-134685.000,-20.000,4392.000,0.000,0.000,0.000,0.000
31934.000,-20.000,-134705.000,-20.000,4464.000,0.000,0.000,0.000,0.000
31944.000,-20.000,-134725.000,-20.000,4392.000,0.000,0.000,0.000,0.000
31954.000,-20.000,-134745.000,-20.000,4392.000,0.000,0.000,0.000,0.000
31964.000,-20.000,-134765.000,-20.000,4392.000,0.000,0.000,0.000,0.000
31974.000,-20.000,-134785.000,-20.000,4464.000,0.000,0.000,0.000,0.000
31984.000,-20.000,-134805.000,-20.000,4464.000,0.000,0.000,0.000,0.000
31994.000,-20.000,-134825.000,-20.000,4464.000,0.000,0.000,0.000,0.000
32004.000,-20.000,-134845.000,-20.000,4464.000,0.000,0.000,0.000,0.000
32014.000,-20.000,-134865.000,-20.000,4464.000,0.000,0.000,0.000,0.000
32024.000,-20.000,-134885.000,-20.000,4464.000,0.000,0.000,0.000,0.000
32034.000,-19.000,-134904.000,-20.000,4464.000,0.000,0.000,0.000,0.000
32044.000,-19.000,-134923.000,-20.000,4464.000,0.000,0.000,0.000,0.000
32054.000,-20.000,-134943.000,-20.000,4464.000,0.000,0.000,0.000,0.000
32064.000,-20.000,-134963.000,-20.000,4536.000,0.000,0.000,0.000,0.000
32074.000,-19.000,-134982.000,-20.000,4536.000,0.000,0.000,0.000,0.000
32084.000,-19.000,-135001.000,-20.000,4464.000,0.000,0.000,0.000,0.000
32094.000,-20.000,-135021.000,-20.000,4464.000,0.000,0.000,0.000,0.000
32104.000,-18.000,-135039.000,-20.000,4536.000,0.000,0.000,0.000,0.000
32114.000,-20.000,-135059.000,-20.000,4392.000,0.000,0.000,0.000,0.000
32124.000,-19.000,-135078.000,-20.000,4536.000,0.000,0.000,0.000,0.000
32134.000,-15.000,-135093.000,-20.000,4464.000,0.000,0.000,0.000,0.000
32144.000,-18.000,-135111.000,-20.000,4248.000,0.000,0.000,0.000,0.000
32154.000,-20.000,-135131.000,-20.000,4392.000,0.000,0.000,0.000,0.000
32164.000,-19.000,-135150.000,-20.000,4464.000,0.000,0.000,0.000,0.000
32174.000,-19.000,-135169.000,-20.000,4392.000,0.000,0.000,0.000,0.000
32184.000,-20.000,-135189.000,-20.000,4392.000,0.000,0.000,0.000,0.000
32194.000,-18.000,-135207.000,-20.000,4464.000,0.000,0.000,0.000,0.000
32204.000,-20.000,-135227.000,-20.000,4392.000,0.000,0.000,0.000,0.000
32214.000,-19.000,-135246.000,-20.000,4464.000,0.000,0.000,0.000,0.000
32224.000,-20.000,-135266.000,-20.000,4392.000,0.000,0.000,0.000,0.000
32234.000,-15.000,-135281.000,-20.000,4464.000,0.000,0.000,0.000,0.000
32244.000,-20.000,-135301.000,-20.000,4176.000,0.000,0.000,0.000,0.000
32254.000,-18.000,-135319.000,-20.000,4392.000,0.000,0.000,0.000,0.000
32264.000,-16.000,-135335.000,-20.000,4320.000,0.000,0.000,0.000,0.000
32274.000,-20.000,-135355.000,-20.000,4176.000,0.000,0.000,0.000,0.000
32284.000,-16.000,-135371.000,-20.000,4392.000,0.000,0.000,0.000,0.000
32294.000,-20.000,-135391.000,-20.000,4176.000,0.000,0.000,0.000,0.000
32304.000,-20.000,-135411.000,-20.000,4320.000,0.000,0.000,0.000,0.000
32314.000,-22.000,-135433.000,-20.000,4320.000,0.000,0.000,0.000,0.000
32324.000,-19.000,-135452.000,-20.000,4464.000,0.000,0.000,0.000,0.000
32334.000,-21.000,-135473.000,-20.000,4320.000,0.000,0.000,0.000,0.000
32344.000,-20.000,-135493.000,-20.000,4464.000,0.000,0.000,0.000,0.000
32354.000,-20.000,-135513.000,-20.000,4392.000,0.000,0.000,0.000,0.000
32364.000,-20.000,-135533.000,-20.000,4392.000,0.000,0.000,0.000,0.000
32374.000,-20.000,-135553.000,-20.000,4464.000,0.000,0.000,0.000,0.000
32384.000,-21.000,-135574.000,-20.000,4464.000,0.000,0.000,0.000,0.000
32394.000,-19.000,-135593.000,-20.000,4536.000,0.000,0.000,0.000,0.000
32404.000,-17.000,-135610.000,-20.000,4392.000,0.000,0.000,0.000,0.000
32414.000,-19.000,-135629.000,-20.000,4320.000,0.000,0.000,0.000,0.000
32424.000,-16.000,-135645.000,-20.000,4392.000,0.000,0.000,0.000,0.000
32434.000,-20.000,-135665.000,-20.000,4248.000,0.000,0.000,0.000,0.000
32444.000,-21.000,-135686.000,-20.000,4392.000,0.000,0.000,0.000,0.000
32454.000,-20.000,-135706.000,-20.000,4464.000,0.000,0.000,0.000,0.000
32464.000,-20.000,-135726.000,-20.000,4464.000,0.000,0.000,0.000,0.000
32474.000,-20.000,-135746.000,-20.000,4464.000,0.000,0.000,0.000,0.000
32484.000,-19.000,-135765.000,-20.000,4464.000,0.000,0.000,0.000,0.000
32494.000,-16.000,-135781.000,-20.000,4392.000,0.000,0.000,0.000,0.000
32504.000,-20.000,-135801.000,-20.000,4248.000,0.000,0.000,0.000,0.000
32514.000,-20.000,-135821.000,-20.000,4464.000,0.000,0.000,0.000,0.000
32524.000,-20.000,-135841.000,-20.000,4464.000,0.000,0.000,0.000,0.000
32534.000,-20.000,-135861.000,-20.000,4464.000,0.000,0.000,0.000,0.000
32544.000,-19.000,-135880.000,-20.000,4464.000,0.000,0.000,0.000,0.000
32554.000,-19.000,-135899.000,-20.000,4392.000,0.000,0.000,0.000,0.000
32564.000,-20.000,-135919.000,-20.000,4392.000,0.000,0.000,0.000,0.000
32574.000,-20.000,-135939.000,-20.000,4464.000,0.000,0.000,0.000,0.000
32584.000,-20.000,-135959.000,-20.000,4464.000,0.000,0.000,0.000,0.000
32594.000,-15.000,-135974.000,-20.000,4464.000,0.000,0.000,0.000,0.000
32604.000,-20.000,-135994.000,-20.000,4248.000,0.000,0.000,0.000,0.000
32614.000,-19.000,-136013.000,-20.000,4464.000,0.000,0.000,0.000,0.000
32624.000,-16.000,-136029.000,-20.000,4392.000,0.000,0.000,0.000,0.000
32634.000,-20.000,-136049.000,-20.000,4248.000,0.000,0.000,0.000,0.000
32644.000,-15.000,-136064.000,-20.000,4392.000,0.000,0.000,0.000,0.000
32654.000,-19.000,-136083.000,-20.000,4176.000,0.000,0.000,0.000,0.000
32664.000,-20.000,-136103.000,-20.000,4320.000,0.000,0.000,0.000,0.000
32674.000,-16.000,-136119.000,-20.000,4392.000,0.000,0.000,0.000,0.000
32684.000,-20.000,-136139.000,-20.000,4176.000,0.000,0.000,0.000,0.000
32694.000,-20.000,-136159.000,-20.000,4320.000,0.000,0.000,0.000,0.000
32704.000,-20.000,-136179.000,-20.000,4320.000,0.000,0.000,0.000,0.000
32714.000,-20.000,-136199.000,-20.000,4320.000,0.000,0.000,0.000,0.000
32724.000,-20.000,-136219.000,-20.000,4392.000,0.000,0.000,0.000,0.000
32734.000,-20.000,-136239.000,-20.000,4392.000,0.000,0.000,0.000,0.000
32744.000,-16.000,-136255.000,-20.000,4392.000,0.000,0.000,0.000,0.000
32754.000,-20.000,-136275.000,-20.000,4176.000,0.000,0.000,0.000,0.000
32764.000,-20.000,-136295.000,-20.000,4320.000,0.000,0.000,0.000,0.000
32774.000,-21.000,-136316.000,-20.000,4392.000,0.000,0.000,0.000,0.000
32784.000,-19.000,-136335.000,-20.000,4392.000,0.000,0.000,0.000,0.000
32794.000,-22.000,-136357.000,-20.000,4320.000,0.000,0.000,0.000,0.000
32804.000,-20.000,-136377.000,-20.000,4464.000,0.000,0.000,0.000,0.000
32814.000,-16.000,-136393.000,-20.000,4392.000,0.000,0.000,0.000,0.000
32824.000,-20.000,-136413.000,-20.000,4248.000,0.000,0.000,0.000,0.000
32834.000,-16.000,-136429.000,-20.000,4392.000,0.000,0.000,0.000,0.000
32844.000,-20.000,-136449.000,-20.000,4176.000,0.000,0.000,0.000,0.000
32854.000,-20.000,-136469.000,-20.000,4392.000,0.000,0.000,0.000,0.000
32864.000,-21.000,-136490.000,-20.000,4392.000,0.000,0.000,0.000,0.000
32874.000,-20.000,-136510.000,-20.000,4464.000,0.000,0.000,0.000,0.000
32884.000,-16.000,-136526.000,-20.000,4392.000,0.000,0.000,0.000,0.000
32894.000,-20.000,-136546.000,-20.000,4176.000,0.000,0.000,0.000,0.000
32904.000,-20.000,-136566.000,-20.000,4392.000,0.000,0.000,0.000,0.000
32914.000,-21.000,-136587.000,-20.000,4392.000,0.000,0.000,0.000,0.000
32924.000,-20.000,-136607.000,-20.000,4464.000,0.000,0.000,0.000,0.000
32934.000,-19.000,-136626.000,-20.000,4392.000,0.000,0.000,0.000,0.000
32944.000,-20.000,-136646.000,-20.000,4392.000,0.000,0.000,0.000,0.000
32954.000,-16.000,-136662.000,-20.000,4392.000,0.000,0.000,0.000,0.000
32964.000,-20.000,-136682.000,-20.000,4248.000,0.000,0.000,0.000,0.000
32974.000,-21.000,-136703.000,-20.000,4392.000,0.000,0.000,0.000,0.000
32984.000,-20.000,-136723.000,-20.000,4464.000,0.000,0.000,0.000,0.000
32994.000,-20.000,-136743.000,-20.000,4464.000,0.000,0.000,0.000,0.000
33004.000,-19.000,-136762.000,-20.000,4464.000,0.000,0.000,0.000,0.000
33014.000,-20.000,-136782.000,-20.000,4392.000,0.000,0.000,0.000,0.000
33024.000,-16.000,-136798.000,-20.000,4464.000,0.000,0.000,0.000,0.000
33034.000,-19.000,-136817.000,-20.000,4248.000,0.000,0.000,0.000,0.000
33044.000,-20.000,-136837.000,-20.000,4392.000,0.000,0.000,0.000,0.000
33054.000,-20.000,-136857.000,-20.000,4392.000,0.000,0.000,0.000,0.000
33064.000,-20.000,-136877.000,-20.000,4392.000,0.000,0.000,0.000,0.000
33074.000,-15.000,-136892.000,-20.000,4464.000,0.000,0.000,0.000,0.000
33084.000,-19.000,-136911.000,-20.000,4176.000,0.000,0.000,0.000,0.000
33094.000,-20.000,-136931.000,-20.000,4320.000,0.000,0.000,0.000,0.000
33104.000,-16.000,-136947.000,-20.000,4392.000,0.000,0.000,0.000,0.000
33114.000,-20.000,-136967.000,-20.000,4176.000,0.000,0.000,0.000,0.000
33124.000,-16.000,-136983.000,-20.000,4392.000,0.000,0.000,0.000,0.000
33134.000,-20.000,-137003.000,-20.000,4176.000,0.000,0.000,0.000,0.000
33144.000,-20.000,-137023.000,-20.000,4320.000,0.000,0.000,0.000,0.000
33154.000,-20.000,-137043.000,-20.000,4320.000,0.000,0.000,0.000,0.000
33164.000,-20.000,-137063.000,-20.000,4320.000,0.000,0.000,0.000,0.000
33174.000,-22.000,-137085.000,-20.000,4320.000,0.000,0.000,0.000,0.000
33184.000,-20.000,-137105.000,-20.000,4464.000,0.000,0.000,0.000,0.000
33194.000,-20.000,-137125.000,-20.000,4392.000,0.000,0.000,0.000,0.000
33204.000,-20.000,-137145.000,-20.000,4392.000,0.000,0.000,0.000,0.000
33214.000,-20.000,-137165.000,-20.000,4392.000,0.000,0.000,0.000,0.000
33224.000,-16.000,-137181.000,-20.000,4464.000,0.000,0.000,0.000,0.000
33234.000,-20.000,-137201.000,-20.000,4248.000,0.000,0.000,0.000,0.000
33244.000,-20.000,-137221.000,-20.000,4392.000,0.000,0.000,0.000,0.000
33254.000,-20.000,-137241.000,-20.000,4392.000,0.000,0.000,0.000,0.000
33264.000,-20.000,-137261.000,-20.000,4392.000,0.000,0.000,0.000,0.000
33274.000,-20.000,-137281.000,-20.000,4464.000,0.000,0.000,0.000,0.000
33284.000,-20.000,-137301.000,-20.000,4464.000,0.000,0.000,0.000,0.000
33294.000,-20.000,-137321.000,-20.000,4464.000,0.000,0.000,0.000,0.000
33304.000,-20.000,-137341.000,-20.000,4464.000,0.000,0.000,0.000,0.000
33314.000,-20.000,-137361.000,-20.000,4464.000,0.000,0.000,0.000,0.000
33324.000,-20.000,-137381.000,-20.000,4464.000,0.000,0.000,0.000,0.000
33334.000,-20.000,-137401.000,-20.000,4464.000,0.000,0.000,0.000,0.000
33344.000,-19.000,-137420.000,-20.000,4536.000,0.000,0.000,0.000,0.000
33354.000,-19.000,-137439.000,-20.000,4464.000,0.000,0.000,0.000,0.000
33364.000,-20.000,-137459.000,-20.000,4464.000,0.000,0.000,0.000,0.000
33374.000,-20.000,-137479.000,-20.000,4536.000,0.000,0.000,0.000,0.000
33384.000,-19.000,-137498.000,-20.000,4536.000,0.000,0.000,0.000,0.000
33394.000,-19.000,-137517.000,-20.000,4464.000,0.000,0.000,0.000,0.000
33404.000,-20.000,-137537.000,-20.000,4464.000,0.000,0.000,0.000,0.000
33414.000,-18.000,-137555.000,-20.000,4536.000,0.000,0.000,0.000,0.000
33424.000,-20.000,-137575.000,-20.000,4464.000,0.000,0.000,0.000,0.000
33434.000,-19.000,-137594.000,-20.000,4536.000,0.000,0.000,0.000,0.000
33444.000,-19.000,-137613.000,-20.000,4464.000,0.000,0.000,0.000,0.000
33454.000,-20.000,-137633.000,-20.000,4464.000,0.000,0.000,0.000,0.000
33464.000,-18.000,-137651.000,-20.000,4536.000,0.000,0.000,0.000,0.000
33474.000,-19.000,-137670.000,-20.000,4464.000,0.000,0.000,0.000,0.000
33484.000,-20.000,-137690.000,-20.000,4464.000,0.000,0.000,0.000,0.000
33494.000,-15.000,-137705.000,-20.000,4536.000,0.000,0.000,0.000,0.000
33504.000,-18.000,-137723.000,-20.000,4248.000,0.000,0.000,0.000,0.000
33514.000,-20.000,-137743.000,-20.000,4392.000,0.000,0.000,0.000,0.000
33524.000,-19.000,-137762.000,-20.000,4464.000,0.000,0.000,0.000,0.000
33534.000,-19.000,-137781.000,-20.000,4392.000,0.000,0.000,0.000,0.000
33544.000,-20.000,-137801.000,-20.000,4392.000,0.000,0.000,0.000,0.000
33554.000,-18.000,-137819.000,-20.000,4464.000,0.000,0.000,0.000,0.000
33564.000,-20.000,-137839.000,-20.000,4392.000,0.000,0.000,0.000,0.000
33574.000,-19.000,-137858.000,-20.000,4464.000,0.000,0.000,0.000,0.000
33584.000,-19.000,-137877.000,-20.000,4392.000,0.000,0.000,0.000,0.000
33594.000,-16.000,-137893.000,-20.000,4392.000,0.000,0.000,0.000,0.000
33604.000,-20.000,-137913.000,-20.000,4248.000,0.000,0.000,0.000,0.000
33614.000,-19.000,-137932.000,-20.000,4464.000,0.000,0.000,0.000,0.000
33624.000,-19.000,-137951.000,-20.000,4392.000,0.000,0.000,0.000,0.000
33634.000,-20.000,-137971.000,-20.000,4392.000,0.000,0.000,0.000,0.000
33644.000,-19.000,-137990.000,-20.000,4464.000,0.000,0.000,0.000,0.000
33654.000,-20.000,-138010.000,-20.000,4392.000,0.000,0.000,0.000,0.000
33664.000,-20.000,-138030.000,-20.000,4464.000,0.000,0.000,0.000,0.000
33674.000,-19.000,-138049.000,-20.000,4464.000,0.000,0.000,0.000,0.000
33684.000,-16.000,-138065.000,-20.000,4392.000,0.000,0.000,0.000,0.000
33694.000,-19.000,-138084.000,-20.000,4248.000,0.000,0.000,0.000,0.000
33704.000,-19.000,-138103.000,-20.000,4392.000,0.000,0.000,0.000,0.000
33714.000,-20.000,-138123.000,-20.000,4392.000,0.000,0.000,0.000,0.000
33724.000,-20.000,-138143.000,-20.000,4392.000,0.000,0.000,0.000,0.000
33734.000,-20.000,-138163.000,-20.000,4392.000,0.000,0.000,0.000,0.000
33744.000,-20.000,-138183.000,-20.000,4464.000,0.000,0.000,0.000,0.000
33754.000,-20.000,-138203.000,-20.000,4464.000,0.000,0.000,0.000,0.000
33764.000,-15.000,-138218.000,-20.000,4464.000,0.000,0.000,0.000,0.000
33774.000,-20.000,-138238.000,-20.000,4176.000,0.000,0.000,0.000,0.000
33784.000,-20.000,-138258.000,-20.000,4392.000,0.000,0.000,0.000,0.000
33794.000,-20.000,-138278.000,-20.000,4392.000,0.000,0.000,0.000,0.000
33804.000,-20.000,-138298.000,-20.000,4392.000,0.000,0.000,0.000,0.000
33814.000,-20.000,-138318.000,-20.000,4464.000,0.000,0.000,0.000,0.000
33824.000,-20.000,-138338.000,-20.000,4464.000,0.000,0.000,0.000,0.000
33834.000,-20.000,-138358.000,-20.000,4464.000,0.000,0.000,0.000,0.000
33844.000,-19.000,-138377.000,-20.000,4464.000,0.000,0.000,0.000,0.000
33854.000,-20.000,-138397.000,-20.000,4392.000,0.000,0.000,0.000,0.000
33864.000,-20.000,-138417.000,-20.000,4464.000,0.000,0.000,0.000,0.000
33874.000,-19.000,-138436.000,-20.000,4464.000,0.000,0.000,0.000,0.000
33884.000,-16.000,-138452.000,-20.000,4464.000,0.000,0.000,0.000,0.000
33894.000,-19.000,-138471.000,-20.000,4248.000,0.000,0.000,0.000,0.000
33904.000,-16.000,-138487.000,-20.000,4392.000,0.000,0.000,0.000,0.000
33914.000,-20.000,-138507.000,-20.000,4248.000,0.000,0.000,0.000,0.000
33924.000,-20.000,-138527.000,-20.000,4392.000,0.000,0.000,0.000,0.000
33934.000,-20.000,-138547.000,-20.000,4392.000,0.000,0.000,0.000,0.000
33944.000,-19.000,-138566.000,-20.000,4464.000,0.000,0.000,0.000,0.000
33954.000,-16.000,-138582.000,-20.000,4392.000,0.000,0.000,0.000,0.000
33964.000,-20.000,-138602.000,-20.000,4248.000,0.000,0.000,0.000,0.000
33974.000,-20.000,-138622.000,-20.000,4392.000,0.000,0.000,0.000,0.000
33984.000,-20.000,-138642.000,-20.000,4392.000,0.000,0.000,0.000,0.000
33994.000,-19.000,-138661.000,-20.000,4392.000,0.000,0.000,0.000,0.000
34004.000,-20.000,-138681.000,-20.000,4392.000,0.000,0.000,0.000,0.000
34014.000,-20.000,-138701.000,-20.000,4392.000,0.000,0.000,0.000,0.000
34024.000,-18.000,-138719.000,-20.000,4464.000,0.000,0.000,0.000,0.000
34034.000,-20.000,-138739.000,-20.000,4320.000,0.000,0.000,0.000,0.000
34044.000,-20.000,-138759.000,-20.000,4464.000,0.000,0.000,0.000,0.000
34054.000,-16.000,-138775.000,-20.000,4464.000,0.000,0.000,0.000,0.000
34064.000,-19.000,-138794.000,-20.000,4248.000,0.000,0.000,0.000,0.000
34074.000,-16.000,-138810.000,-20.000,4392.000,0.000,0.000,0.000,0.000
34084.000,-20.000,-138830.000,-20.000,4176.000,0.000,0.000,0.000,0.000
34094.000,-20.000,-138850.000,-20.000,4392.000,0.000,0.000,0.000,0.000
34104.000,-16.000,-138866.000,-20.000,4392.000,0.000,0.000,0.000,0.000
34114.000,-19.000,-138885.000,-20.000,4176.000,0.000,0.000,0.000,0.000
34124.000,-20.000,-138905.000,-20.000,4320.000,0.000,0.000,0.000,0.000
34134.000,-20.000,-138925.000,-20.000,4320.000,0.000,0.000,0.000,0.000
34144.000,-21.000,-138946.000,-20.000,4320.000,0.000,0.000,0.000,0.000
34154.000,-16.000,-138962.000,-20.000,4392.000,0.000,0.000,0.000,0.000
34164.000,-20.000,-138982.000,-20.000,4176.000,0.000,0.000,0.000,0.000
34174.000,-20.000,-139002.000,-20.000,4320.000,0.000,0.000,0.000,0.000
34184.000,-21.000,-139023.000,-20.000,4320.000,0.000,0.000,0.000,0.000
34194.000,-16.000,-139039.000,-20.000,4392.000,0.000,0.000,0.000,0.000
34204.000,-20.000,-139059.000,-20.000,4176.000,0.000,0.000,0.000,0.000
34214.000,-21.000,-139080.000,-20.000,4320.000,0.000,0.000,0.000,0.000
34224.000,-20.000,-139100.000,-20.000,4392.000,0.000,0.000,0.000,0.000
34234.000,-20.000,-139120.000,-20.000,4392.000,0.000,0.000,0.000,0.000
34244.000,-21.000,-139141.000,-20.000,4392.000,0.000,0.000,0.000,0.000
34254.000,-20.000,-139161.000,-20.000,4464.000,0.000,0.000,0.000,0.000
34264.000,-20.000,-139181.000,-20.000,4392.000,0.000,0.000,0.000,0.000
34274.000,-21.000,-139202.000,-20.000,4464.000,0.000,0.000,0.000,0.000
34284.000,-20.000,-139222.000,-20.000,4464.000,0.000,0.000,0.000,0.000
34294.000,-19.000,-139241.000,-20.000,4464.000,0.000,0.000,0.000,0.000
34304.000,-20.000,-139261.000,-20.000,4392.000,0.000,0.000,0.000,0.000
34314.000,-20.000,-139281.000,-20.000,4464.000,0.000,0.000,0.000,0.000
34324.000,-20.000,-139301.000,-20.000,4464.000,0.000,0.000,0.000,0.000
34334.000,-20.000,-139321.000,-20.000,4464.000,0.000,0.000,0.000,0.000
34344.000,-20.000,-139341.000,-20.000,4536.000,0.000,0.000,0.000,0.000
34354.000,-19.000,-139360.000,-20.000,4536.000,0.000,0.000,0.000,0.000
34364.000,-20.000,-139380.000,-20.000,4464.000,0.000,0.000,0.000,0.000
34374.000,-18.000,-139398.000,-20.000,4536.000,0.000,0.000,0.000,0.000
34384.000,-20.000,-139418.000,-20.000,4464.000,0.000,0.000,0.000,0.000
34394.000,-19.000,-139437.000,-20.000,4536.000,0.000,0.000,0.000,0.000
34404.000,-19.000,-139456.000,-20.000,4464.000,0.000,0.000,0.000,0.000
34414.000,-20.000,-139476.000,-20.000,4464.000,0.000,0.000,0.000,0.000
34424.000,-18.000,-139494.000,-20.000,4536.000,0.000,0.000,0.000,0.000
34434.000,-19.000,-139513.000,-20.000,4464.000,0.000,0.000,0.000,0.000
34444.000,-19.000,-139532.000,-20.000,4464.000,0.000,0.000,0.000,0.000
34454.000,-19.000,-139551.000,-20.000,4464.000,0.000,0.000,0.000,0.000
34464.000,-15.000,-139566.000,-20.000,4464.000,0.000,0.000,0.000,0.000
34474.000,-19.000,-139585.000,-20.000,4248.000,0.000,0.000,0.000,0.000
34484.000,-19.000,-139604.000,-20.000,4392.000,0.000,0.000,0.000,0.000
34494.000,-20.000,-139624.000,-20.000,4392.000,0.000,0.000,0.000,0.000
34504.000,-18.000,-139642.000,-20.000,4464.000,0.000,0.000,0.000,0.000
34514.000,-19.000,-139661.000,-20.000,4392.000,0.000,0.000,0.000,0.000
34524.000,-20.000,-139681.000,-20.000,4392.000,0.000,0.000,0.000,0.000
34534.000,-19.000,-139700.000,-20.000,4464.000,0.000,0.000,0.000,0.000
34544.000,-20.000,-139720.000,-20.000,4392.000,0.000,0.000,0.000,0.000
34554.000,-18.000,-139738.000,-20.000,4464.000,0.000,0.000,0.000,0.000
34564.000,-16.000,-139754.000,-20.000,4392.000,0.000,0.000,0.000,0.000
34574.000,-19.000,-139773.000,-20.000,4248.000,0.000,0.000,0.000,0.000
34584.000,-20.000,-139793.000,-20.000,4392.000,0.000,0.000,0.000,0.000
34594.000,-15.000,-139808.000,-20.000,4392.000,0.000,0.000,0.000,0.000
34604.000,-20.000,-139828.000,-20.000,4176.000,0.000,0.000,0.000,0.000
34614.000,-16.000,-139844.000,-20.000,4392.000,0.000,0.000,0.000,0.000
34624.000,-20.000,-139864.000,-20.000,4176.000,0.000,0.000,0.000,0.000
34634.000,-16.000,-139880.000,-20.000,4320.000,0.000,0.000,0.000,0.000
34644.000,-21.000,-139901.000,-20.000,4104.000,0.000,0.000,0.000,0.000
34654.000,-20.000,-139921.000,-20.000,4392.000,0.000,0.000,0.000,0.000
34664.000,-21.000,-139942.000,-20.000,4320.000,0.000,0.000,0.000,0.000
34674.000,-20.000,-139962.000,-20.000,4392.000,0.000,0.000,0.000,0.000
34684.000,-20.000,-139982.000,-20.000,4320.000,0.000,0.000,0.000,0.000
34694.000,-22.000,-140004.000,-20.000,4392.000,0.000,0.000,0.000,0.000
34704.000,-20.000,-140024.000,-20.000,4464.000,0.000,0.000,0.000,0.000
34714.000,-20.000,-140044.000,-20.000,4392.000,0.000,0.000,0.000,0.000
34724.000,-20.000,-140064.000,-20.000,4392.000,0.000,0.000,0.000,0.000
34734.000,-21.000,-140085.000,-20.000,4392.000,0.000,0.000,0.000,0.000
34744.000,-19.000,-140104.000,-20.000,4464.000,0.000,0.000,0.000,0.000
34754.000,-21.000,-140125.000,-20.000,4392.000,0.000,0.000,0.000,0.000
34764.000,-20.000,-140145.000,-20.000,4536.000,0.000,0.000,0.000,0.000
34774.000,-20.000,-140165.000,-20.000,4464.000,0.000,0.000,0.000,0.000
34784.000,-16.000,-140181.000,-20.000,4464.000,0.000,0.000,0.000,0.000
34794.000,-19.000,-140200.000,-20.000,4320.000,0.000,0.000,0.000,0.000
34804.000,-20.000,-140220.000,-20.000,4392.000,0.000,0.000,0.000,0.000
34814.000,-20.000,-140240.000,-20.000,4464.000,0.000,0.000,0.000,0.000
34824.000,-20.000,-140260.000,-20.000,4464.000,0.000,0.000,0.000,0.000
34834.000,-20.000,-140280.000,-20.000,4464.000,0.000,0.000,0.000,0.000
34844.000,-20.000,-140300.000,-20.000,4464.000,0.000,0.000,0.000,0.000
34854.000,-15.000,-140315.000,-20.000,4536.000,0.000,0.000,0.000,0.000
34864.000,-19.000,-140334.000,-20.000,4248.000,0.000,0.000,0.000,0.000
34874.000,-20.000,-140354.000,-20.000,4392.000,0.000,0.000,0.000,0.000
34884.000,-20.000,-140374.000,-20.000,4464.000,0.000,0.000,0.000,0.000
34894.000,-19.000,-140393.000,-20.000,4464.000,0.000,0.000,0.000,0.000
34904.000,-20.000,-140413.000,-20.000,4392.000,0.000,0.000,0.000,0.000
34914.000,-19.000,-140432.000,-20.000,4464.000,0.000,0.000,0.000,0.000
34924.000,-20.000,-140452.000,-20.000,4464.000,0.000,0.000,0.000,0.000
34934.000,-19.000,-140471.000,-20.000,4464.000,0.000,0.000,0.000,0.000
34944.000,-19.000,-140490.000,-20.000,4464.000,0.000,0.000,0.000,0.000
34954.000,-16.000,-140506.000,-20.000,4464.000,0.000,0.000,0.000,0.000
34964.000,-19.000,-140525.000,-20.000,4248.000,0.000,0.000,0.000,0.000
34974.000,-20.000,-140545.000,-20.000,4392.000,0.000,0.000,0.000,0.000
34984.000,-19.000,-140564.000,-20.000,4464.000,0.000,0.000,0.000,0.000
34994.000,-20.000,-140584.000,-20.000,4392.000,0.000,0.000,0.000,0.000
35004.000,-20.000,-140604.000,-20.000,4464.000,0.000,0.000,0.000,0.000
35014.000,-18.000,-140622.000,-20.000,4464.000,0.000,0.000,0.000,0.000
35024.000,-20.000,-140642.000,-20.000,4392.000,0.000,0.000,0.000,0.000
35034.000,-19.000,-140661.000,-20.000,4464.000,0.000,0.000,0.000,0.000
35044.000,-20.000,-140681.000,-20.000,4392.000,0.000,0.000,0.000,0.000
35054.000,-16.000,-140697.000,-20.000,4464.000,0.000,0.000,0.000,0.000
35064.000,-19.000,-140716.000,-20.000,4248.000,0.000,0.000,0.000,0.000
35074.000,-20.000,-140736.000,-20.000,4392.000,0.000,0.000,0.000,0.000
35084.000,-20.000,-140756.000,-20.000,4464.000,0.000,0.000,0.000,0.000
35094.000,-18.000,-140774.000,-20.000,4464.000,0.000,0.000,0.000,0.000
35104.000,-20.000,-140794.000,-20.000,4320.000,0.000,0.000,0.000,0.000
35114.000,-20.000,-140814.000,-20.000,4464.000,0.000,0.000,0.000,0.000
35124.000,-20.000,-140834.000,-20.000,4464.000,0.000,0.000,0.000,0.000
35134.000,-19.000,-140853.000,-20.000,4464.000,0.000,0.000,0.000,0.000
35144.000,-16.000,-140869.000,-20.000,4392.000,0.000,0.000,0.000,0.000
35154.000,-20.000,-140889.000,-20.000,4248.000,0.000,0.000,0.000,0.000
35164.000,-20.000,-140909.000,-20.000,4464.000,0.000,0.000,0.000,0.000
35174.000,-19.000,-140928.000,-20.000,4464.000,0.000,0.000,0.000,0.000
35184.000,-20.000,-140948.000,-20.000,4392.000,0.000,0.000,0.000,0.000
35194.000,-20.000,-140968.000,-20.000,4464.000,0.000,0.000,0.000,0.000
35204.000,-19.000,-140987.000,-20.000,4464.000,0.000,0.000,0.000,0.000
35214.000,-19.000,-141006.000,-20.000,4392.000,0.000,0.000,0.000,0.000
35224.000,-16.000,-141022.000,-20.000,4392.000,0.000,0.000,0.000,0.000
35234.000,-20.000,-141042.000,-20.000,4248.000,0.000,0.000,0.000,0.000
35244.000,-15.000,-141057.000,-20.000,4392.000,0.000,0.000,0.000,0.000
35254.000,-20.000,-141077.000,-20.000,4176.000,0.000,0.000,0.000,0.000
35264.000,-20.000,-141097.000,-20.000,4392.000,0.000,0.000,0.000,0.000
35274.000,-20.000,-141117.000,-20.000,4392.000,0.000,0.000,0.000,0.000
35284.000,-20.000,-141137.000,-20.000,4392.000,0.000,0.000,0.000,0.000
35294.000,-20.000,-141157.000,-20.000,4392.000,0.000,0.000,0.000,0.000
35304.000,-20.000,-141177.000,-20.000,4392.000,0.000,0.000,0.000,0.000
35314.000,-20.000,-141197.000,-20.000,4392.000,0.000,0.000,0.000,0.000
35324.000,-20.000,-141217.000,-20.000,4464.000,0.000,0.000,0.000,0.000
35334.000,-19.000,-141236.000,-20.000,4464.000,0.000,0.000,0.000,0.000
35344.000,-16.000,-141252.000,-20.000,4392.000,0.000,0.000,0.000,0.000
35354.000,-20.000,-141272.000,-20.000,4248.000,0.000,0.000,0.000,0.000
35364.000,-19.000,-141291.000,-20.000,4392.000,0.000,0.000,0.000,0.000
35374.000,-19.000,-141310.000,-20.000,4392.000,0.000,0.000,0.000,0.000
35384.000,-20.000,-141330.000,-20.000,4392.000,0.000,0.000,0.000,0.000
35394.000,-16.000,-141346.000,-20.000,4392.000,0.000,0.000,0.000,0.000
35404.000,-20.000,-141366.000,-20.000,4248.000,0.000,0.000,0.000,0.000
35414.000,-19.000,-141385.000,-20.000,4392.000,0.000,0.000,0.000,0.000
35424.000,-20.000,-141405.000,-20.000,4320.000,0.000,0.000,0.000,0.000
35434.000,-20.000,-141425.000,-20.000,4392.000,0.000,0.000,0.000,0.000
35444.000,-16.000,-141441.000,-20.000,4392.000,0.000,0.000,0.000,0.000
35454.000,-20.000,-141461.000,-20.000,4176.000,0.000,0.000,0.000,0.000
35464.000,-20.000,-141481.000,-20.000,4392.000,0.000,0.000,0.000,0.000
35474.000,-19.000,-141500.000,-20.000,4392.000,0.000,0.000,0.000,0.000
35484.000,-20.000,-141520.000,-20.000,4320.000,0.000,0.000,0.000,0.000
35494.000,-20.000,-141540.000,-20.000,4392.000,0.000,0.000,0.000,0.000
35504.000,-20.000,-141560.000,-20.000,4392.000,0.000,0.000,0.000,0.000
35514.000,-20.000,-141580.000,-20.000,4392.000,0.000,0.000,0.000,0.000
35524.000,-20.000,-141600.000,-20.000,4392.000,0.000,0.000,0.000,0.000
35534.000,-16.000,-141616.000,-20.000,4464.000,0.000,0.000,0.000,0.000
35544.000,-20.000,-141636.000,-20.000,4248.000,0.000,0.000,0.000,0.000
35554.000,-20.000,-141656.000,-20.000,4392.000,0.000,0.000,0.000,0.000
35564.000,-20.000,-141676.000,-20.000,4392.000,0.000,0.000,0.000,0.000
35574.000,-20.000,-141696.000,-20.000,4392.000,0.000,0.000,0.000,0.000
35584.000,-20.000,-141716.000,-20.000,4464.000,0.000,0.000,0.000,0.000
35594.000,-20.000,-141736.000,-20.000,4464.000,0.000,0.000,0.000,0.000
35604.000,-20.000,-141756.000,-20.000,4464.000,0.000,0.000,0.000,0.000
35614.000,-20.000,-141776.000,-20.000,4464.000,0.000,0.000,0.000,0.000
35624.000,-20.000,-141796.000,-20.000,4464.000,0.000,0.000,0.000,0.000
35634.000,-19.000,-141815.000,-20.000,4464.000,0.000,0.000,0.000,0.000
35644.000,-20.000,-141835.000,-20.000,4464.000,0.000,0.000,0.000,0.000
35654.000,-19.000,-141854.000,-20.000,4464.000,0.000,0.000,0.000,0.000
35664.000,-20.000,-141874.000,-20.000,4464.000,0.000,0.000,0.000,0.000
35674.000,-19.000,-141893.000,-20.000,4536.000,0.000,0.000,0.000,0.000
35684.000,-20.000,-141913.000,-20.000,4464.000,0.000,0.000,0.000,0.000
35694.000,-19.000,-141932.000,-20.000,4536.000,0.000,0.000,0.000,0.000
35704.000,-20.000,-141952.000,-20.000,4464.000,0.000,0.000,0.000,0.000
35714.000,-18.000,-141970.000,-20.000,4536.000,0.000,0.000,0.000,0.000
35724.000,-20.000,-141990.000,-20.000,4392.000,0.000,0.000,0.000,0.000
35734.000,-19.000,-142009.000,-20.000,4536.000,0.000,0.000,0.000,0.000
35744.000,-19.000,-142028.000,-20.000,4464.000,0.000,0.000,0.000,0.000
35754.000,-20.000,-142048.000,-20.000,4464.000,0.000,0.000,0.000,0.000
35764.000,-18.000,-142066.000,-20.000,4536.000,0.000,0.000,0.000,0.000
35774.000,-20.000,-142086.000,-20.000,4392.000,0.000,0.000,0.000,0.000
35784.000,-19.000,-142105.000,-20.000,4536.000,0.000,0.000,0.000,0.000
35794.000,-19.000,-142124.000,-20.000,4464.000,0.000,0.000,0.000,0.000
35804.000,-18.000,-142142.000,-20.000,4464.000,0.000,0.000,0.000,0.000
35814.000,-20.000,-142162.000,-20.000,4392.000,0.000,0.000,0.000,0.000
35824.000,-19.000,-142181.000,-20.000,4536.000,0.000,0.000,0.000,0.000
35834.000,-19.000,-142200.000,-20.000,4464.000,0.000,0.000,0.000,0.000
35844.000,-18.000,-142218.000,-20.000,4464.000,0.000,0.000,0.000,0.000
35854.000,-15.000,-142233.000,-20.000,4392.000,0.000,0.000,0.000,0.000
35864.000,-20.000,-142253.000,-20.000,4248.000,0.000,0.000,0.000,0.000
35874.000,-19.000,-142272.000,-20.000,4464.000,0.000,0.000,0.000,0.000
35884.000,-20.000,-142292.000,-20.000,4392.000,0.000,0.000,0.000,0.000
35894.000,-18.000,-142310.000,-20.000,4464.000,0.000,0.000,0.000,0.000
35904.000,-20.000,-142330.000,-20.000,4320.000,0.000,0.000,0.000,0.000
35914.000,-20.000,-142350.000,-20.000,4464.000,0.000,0.000,0.000,0.000
35924.000,-19.000,-142369.000,-20.000,4464.000,0.000,0.000,0.000,0.000
35934.000,-19.000,-142388.000,-20.000,4392.000,0.000,0.000,0.000,0.000
35944.000,-20.000,-142408.000,-20.000,4392.000,0.000,0.000,0.000,0.000
35954.000,-14.000,-142422.000,-20.000,4464.000,0.000,0.000,0.000,0.000
35964.000,-20.000,-142442.000,-20.000,4176.000,0.000,0.000,0.000,0.000
35974.000,-20.000,-142462.000,-20.000,4392.000,0.000,0.000,0.000,0.000
35984.000,-20.000,-142482.000,-20.000,4392.000,0.000,0.000,0.000,0.000
35994.000,-20.000,-142502.000,-20.000,4392.000,0.000,0.000,0.000,0.000
36004.000,-19.000,-142521.000,-20.000,4392.000,0.000,0.000,0.000,0.000
36014.000,-21.000,-142542.000,-20.000,4392.000,0.000,0.000,0.000,0.000
36024.000,-20.000,-142562.000,-20.000,4464.000,0.000,0.000,0.000,0.000
36034.000,-19.000,-142581.000,-20.000,4464.000,0.000,0.000,0.000,0.000
36044.000,-20.000,-142601.000,-20.000,4392.000,0.000,0.000,0.000,0.000
36054.000,-20.000,-142621.000,-20.000,4464.000,0.000,0.000,0.000,0.000
36064.000,-20.000,-142641.000,-20.000,4464.000,0.000,0.000,0.000,0.000
36074.000,-16.000,-142657.000,-20.000,4464.000,0.000,0.000,0.000,0.000
36084.000,-19.000,-142676.000,-20.000,4248.000,0.000,0.000,0.000,0.000
36094.000,-20.000,-142696.000,-20.000,4392.000,0.000,0.000,0.000,0.000
36104.000,-21.000,-142717.000,-20.000,4464.000,0.000,0.000,0.000,0.000
36114.000,-19.000,-142736.000,-20.000,4536.000,0.000,0.000,0.000,0.000
36124.000,-20.000,-142756.000,-20.000,4464.000,0.000,0.000,0.000,0.000
36134.000,-20.000,-142776.000,-20.000,4464.000,0.000,0.000,0.000,0.000
36144.000,-18.000,-142794.000,-20.000,4464.000,0.000,0.000,0.000,0.000
36154.000,-19.000,-142813.000,-20.000,4392.000,0.000,0.000,0.000,0.000
36164.000,-20.000,-142833.000,-20.000,4464.000,0.000,0.000,0.000,0.000
36174.000,-20.000,-142853.000,-20.000,4464.000,0.000,0.000,0.000,0.000
36184.000,-20.000,-142873.000,-20.000,4464.000,0.000,0.000,0.000,0.000
36194.000,-19.000,-142892.000,-20.000,4536.000,0.000,0.000,0.000,0.000
36204.000,-16.000,-142908.000,-20.000,4464.000,0.000,0.000,0.000,0.000
36214.000,-19.000,-142927.000,-20.000,4320.000,0.000,0.000,0.000,0.000
36224.000,-16.000,-142943.000,-20.000,4392.000,0.000,0.000,0.000,0.000
36234.000,-20.000,-142963.000,-20.000,4248.000,0.000,0.000,0.000,0.000
36244.000,-18.000,-142981.000,-20.000,4464.000,0.000,0.000,0.000,0.000
36254.000,-16.000,-142997.000,-20.000,4320.000,0.000,0.000,0.000,0.000
36264.000,-20.000,-143017.000,-20.000,4248.000,0.000,0.000,0.000,0.000
36274.000,-16.000,-143033.000,-20.000,4392.000,0.000,0.000,0.000,0.000
36284.000,-20.000,-143053.000,-20.000,4176.000,0.000,0.000,0.000,0.000
36294.000,-20.000,-143073.000,-20.000,4392.000,0.000,0.000,0.000,0.000
36304.000,-20.000,-143093.000,-20.000,4392.000,0.000,0.000,0.000,0.000
36314.000,-20.000,-143113.000,-20.000,4392.000,0.000,0.000,0.000,0.000
36324.000,-20.000,-143133.000,-20.000,4392.000,0.000,0.000,0.000,0.000
36334.000,-21.000,-143154.000,-20.000,4392.000,0.000,0.000,0.000,0.000
36344.000,-20.000,-143174.000,-20.000,4464.000,0.000,0.000,0.000,0.000
36354.000,-19.000,-143193.000,-20.000,4392.000,0.000,0.000,0.000,0.000
36364.000,-20.000,-143213.000,-20.000,4392.000,0.000,0.000,0.000,0.000
36374.000,-16.000,-143229.000,-20.000,4464.000,0.000,0.000,0.000,0.000
36384.000,-20.000,-143249.000,-20.000,4248.000,0.000,0.000,0.000,0.000
36394.000,-20.000,-143269.000,-20.000,4392.000,0.000,0.000,0.000,0.000
36404.000,-20.000,-143289.000,-20.000,4392.000,0.000,0.000,0.000,0.000
36414.000,-16.000,-143305.000,-20.000,4392.000,0.000,0.000,0.000,0.000
36424.000,-20.000,-143325.000,-20.000,4248.000,0.000,0.000,0.000,0.000
36434.000,-20.000,-143345.000,-20.000,4392.000,0.000,0.000,0.000,0.000
36444.000,-20.000,-143365.000,-20.000,4392.000,0.000,0.000,0.000,0.000
36454.000,-20.000,-143385.000,-20.000,4392.000,0.000,0.000,0.000,0.000
36464.000,-20.000,-143405.000,-20.000,4392.000,0.000,0.000,0.000,0.000
36474.000,-20.000,-143425.000,-20.000,4464.000,0.000,0.000,0.000,0.000
36484.000,-20.000,-143445.000,-20.000,4464.000,0.000,0.000,0.000,0.000
36494.000,-20.000,-143465.000,-20.000,4464.000,0.000,0.000,0.000,0.000
36504.000,-20.000,-143485.000,-20.000,4464.000,0.000,0.000,0.000,0.000
36514.000,-19.000,-143504.000,-20.000,4464.000,0.000,0.000,0.000,0.000
36524.000,-20.000,-143524.000,-20.000,4464.000,0.000,0.000,0.000,0.000
36534.000,-20.000,-143544.000,-20.000,4464.000,0.000,0.000,0.000,0.000
36544.000,-20.000,-143564.000,-20.000,4464.000,0.000,0.000,0.000,0.000
36554.000,-19.000,-143583.000,-20.000,4536.000,0.000,0.000,0.000,0.000
36564.000,-20.000,-143603.000,-20.000,4464.000,0.000,0.000,0.000,0.000
36574.000,-19.000,-143622.000,-20.000,4536.000,0.000,0.000,0.000,0.000
36584.000,-19.000,-143641.000,-20.000,4464.000,0.000,0.000,0.000,0.000
36594.000,-20.000,-143661.000,-20.000,4464.000,0.000,0.000,0.000,0.000
36604.000,-19.000,-143680.000,-20.000,4536.000,0.000,0.000,0.000,0.000
36614.000,-19.000,-143699.000,-20.000,4464.000,0.000,0.000,0.000,0.000
36624.000,-20.000,-143719.000,-20.000,4464.000,0.000,0.000,0.000,0.000
36634.000,-18.000,-143737.000,-20.000,4536.000,0.000,0.000,0.000,0.000
36644.000,-20.000,-143757.000,-20.000,4464.000,0.000,0.000,0.000,0.000
36654.000,-19.000,-143776.000,-20.000,4536.000,0.000,0.000,0.000,0.000
36664.000,-16.000,-143792.000,-20.000,4464.000,0.000,0.000,0.000,0.000
36674.000,-19.000,-143811.000,-20.000,4320.000,0.000,0.000,0.000,0.000
36684.000,-19.000,-143830.000,-20.000,4464.000,0.000,0.000,0.000,0.000
36694.000,-19.000,-143849.000,-20.000,4464.000,0.000,0.000,0.000,0.000
36704.000,-20.000,-143869.000,-20.000,4464.000,0.000,0.000,0.000,0.000
36714.000,-19.000,-143888.000,-20.000,4464.000,0.000,0.000,0.000,0.000
36724.000,-19.000,-143907.000,-20.000,4464.000,0.000,0.000,0.000,0.000
36734.000,-20.000,-143927.000,-20.000,4464.000,0.000,0.000,0.000,0.000
36744.000,-18.000,-143945.000,-20.000,4464.000,0.000,0.000,0.000,0.000
36754.000,-20.000,-143965.000,-20.000,4392.000,0.000,0.000,0.000,0.000
36764.000,-19.000,-143984.000,-20.000,4464.000,0.000,0.000,0.000,0.000
36774.000,-19.000,-144003.000,-20.000,4464.000,0.000,0.000,0.000,0.000
36784.000,-16.000,-144019.000,-20.000,4464.000,0.000,0.000,0.000,0.000
36794.000,-19.000,-144038.000,-20.000,4248.000,0.000,0.000,0.000,0.000
36804.000,-19.000,-144057.000,-20.000,4392.000,0.000,0.000,0.000,0.000
36814.000,-20.000,-144077.000,-20.000,4392.000,0.000,0.000,0.000,0.000
36824.000,-19.000,-144096.000,-20.000,4464.000,0.000,0.000,0.000,0.000
36834.000,-20.000,-144116.000,-20.000,4392.000,0.000,0.000,0.000,0.000
36844.000,-19.000,-144135.000,-20.000,4464.000,0.000,0.000,0.000,0.000
36854.000,-20.000,-144155.000,-20.000,4392.000,0.000,0.000,0.000,0.000
36864.000,-20.000,-144175.000,-20.000,4464.000,0.000,0.000,0.000,0.000
36874.000,-18.000,-144193.000,-20.000,4464.000,0.000,0.000,0.000,0.000
36884.000,-16.000,-144209.000,-20.000,4392.000,0.000,0.000,0.000,0.000
36894.000,-20.000,-144229.000,-20.000,4248.000,0.000,0.000,0.000,0.000
36904.000,-20.000,-144249.000,-20.000,4392.000,0.000,0.000,0.000,0.000
36914.000,-15.000,-144264.000,-20.000,4392.000,0.000,0.000,0.000,0.000
36924.000,-20.000,-144284.000,-20.000,4176.000,0.000,0.000,0.000,0.000
36934.000,-20.000,-144304.000,-20.000,4392.000,0.000,0.000,0.000,0.000
36944.000,-20.000,-144324.000,-20.000,4392.000,0.000,0.000,0.000,0.000
36954.000,-20.000,-144344.000,-20.000,4392.000,0.000,0.000,0.000,0.000
36964.000,-21.000,-144365.000,-20.000,4392.000,0.000,0.000,0.000,0.000
36974.000,-20.000,-144385.000,-20.000,4464.000,0.000,0.000,0.000,0.000
36984.000,-16.000,-144401.000,-20.000,4464.000,0.000,0.000,0.000,0.000
36994.000,-20.000,-144421.000,-20.000,4248.000,0.000,0.000,0.000,0.000
37004.000,-19.000,-144440.000,-20.000,4392.000,0.000,0.000,0.000,0.000
37014.000,-21.000,-144461.000,-20.000,4392.000,0.000,0.000,0.000,0.000
37024.000,-20.000,-144481.000,-20.000,4464.000,0.000,0.000,0.000,0.000
37034.000,-20.000,-144501.000,-20.000,4464.000,0.000,0.000,0.000,0.000
37044.000,-20.000,-144521.000,-20.000,4464.000,0.000,0.000,0.000,0.000
37054.000,-15.000,-144536.000,-20.000,4464.000,0.000,0.000,0.000,0.000
37064.000,-20.000,-144556.000,-20.000,4176.000,0.000,0.000,0.000,0.000
37074.000,-16.000,-144572.000,-20.000,4392.000,0.000,0.000,0.000,0.000
37084.000,-21.000,-144593.000,32.000,2448.000,0.000,0.000,0.000,0.000
37094.000,-23.000,-144616.000,32.000,3240.000,0.000,0.000,0.000,0.000
37104.000,-23.000,-144639.000,32.000,3960.000,0.000,0.000,0.000,0.000
37114.000,-22.000,-144661.000,32.000,4680.000,0.000,0.000,0.000,0.000
37124.000,-23.000,-144684.000,32.000,5256.000,0.000,0.000,0.000,0.000
37134.000,-21.000,-144705.000,32.000,5976.000,0.000,0.000,0.000,0.000
37144.000,-18.000,-144723.000,32.000,6624.000,0.000,0.000,0.000,0.000
37154.000,-16.000,-144739.000,32.000,7128.000,0.000,0.000,0.000,0.000
37164.000,-12.000,-144751.000,32.000,7200.000,0.000,0.000,0.000,0.000
37174.000,-10.000,-144761.000,32.000,7200.000,0.000,0.000,0.000,0.000
37184.000,-10.000,-144771.000,32.000,7200.000,0.000,0.000,0.000,0.000
37194.000,-6.000,-144777.000,32.000,7200.000,0.000,0.000,0.000,0.000
37204.000,-6.000,-144783.000,32.000,7200.000,0.000,0.000,0.000,0.000
37214.000,-4.000,-144787.000,32.000,7200.000,0.000,0.000,0.000,0.000
37224.000,-2.000,-144789.000,32.000,7200.000,0.000,0.000,0.000,0.000
37234.000,-2.000,-144791.000,32.000,7128.000,0.000,0.000,0.000,0.000
37244.000,0.000,-144791.000,32.000,7128.000,0.000,0.000,0.000,0.000
37254.000,0.000,-144791.000,32.000,7200.000,0.000,0.000,0.000,0.000
37264.000,0.000,-144791.000,32.000,7200.000,0.000,0.000,0.000,0.000
37274.000,0.000,-144791.000,32.000,7200.000,0.000,0.000,0.000,0.000
37284.000,0.000,-144791.000,32.000,7200.000,0.000,0.000,0.000,0.000
37294.000,0.000,-144791.000,32.000,7200.000,0.000,0.000,0.000,0.000
37304.000,0.000,-144791.000,32.000,7200.000,0.000,0.000,0.000,0.000
37314.000,0.000,-144791.000,32.000,7200.000,0.000,0.000,0.000,0.000
37324.000,0.000,-144791.000,32.000,7200.000,0.000,0.000,0.000,0.000
37334.000,0.000,-144791.000,32.000,7200.000,0.000,0.000,0.000,0.000
37344.000,0.000,-144791.000,32.000,7200.000,0.000,0.000,0.000,0.000
37354.000,0.000,-144791.000,32.000,7200.000,0.000,0.000,0.000,0.000
37364.000,0.000,-144791.000,32.000,7200.000,0.000,0.000,0.000,0.000
37374.000,0.000,-144791.000,32.000,7200.000,0.000,0.000,0.000,0.000
37384.000,0.000,-144791.000,32.000,7200.000,0.000,0.000,0.000,0.000
37394.000,0.000,-144791.000,32.000,7200.000,0.000,0.000,0.000,0.000
37404.000,0.000,-144791.000,32.000,7200.000,0.000,0.000,0.000,0.000
37414.000,0.000,-144791.000,32.000,7200.000,0.000,0.000,0.000,0.000
37424.000,0.000,-144791.000,32.000,7200.000,0.000,0.000,0.000,0.000
37434.000,0.000,-144791.000,32.000,7200.000,0.000,0.000,0.000,0.000
37444.000,0.000,-144791.000,32.000,7200.000,0.000,0.000,0.000,0.000
37454.000,0.000,-144791.000,32.000,7200.000,0.000,0.000,0.000,0.000
37464.000,0.000,-144791.000,32.000,7200.000,0.000,0.000,0.000,0.000
37474.000,0.000,-144791.000,32.000,7200.000,0.000,0.000,0.000,0.000
37484.000,0.000,-144791.000,32.000,7200.000,0.000,0.000,0.000,0.000
37494.000,0.000,-144791.000,32.000,7200.000,0.000,0.000,0.000,0.000
37504.000,0.000,-144791.000,32.000,7200.000,0.000,0.000,0.000,0.000
37514.000,0.000,-144791.000,32.000,7200.000,0.000,0.000,0.000,0.000
37524.000,0.000,-144791.000,32.000,7200.000,0.000,0.000,0.000,0.000
37534.000,0.000,-144791.000,32.000,7200.000,0.000,0.000,0.000,0.000
37544.000,0.000,-144791.000,32.000,7200.000,0.000,0.000,0.000,0.000
37554.000,0.000,-144791.000,32.000,7200.000,0.000,0.000,0.000,0.000
37564.000,0.000,-144791.000,32.000,7200.000,0.000,0.000,0.000,0.000
37574.000,0.000,-144791.000,32.000,7200.000,0.000,0.000,0.000,0.000
37584.000,0.000,-144791.000,32.000,7200.000,0.000,0.000,0.000,0.000
37594.000,0.000,-144791.000,32.000,7200.000,0.000,0.000,0.000,0.000
37604.000,0.000,-144791.000,32.000,7200.000,0.000,0.000,0.000,0.000
37614.000,0.000,-144791.000,32.000,7200.000,0.000,0.000,0.000,0.000
37624.000,0.000,-144791.000,32.000,7200.000,0.000,0.000,0.000,0.000
37634.000,0.000,-144791.000,32.000,7200.000,0.000,0.000,0.000,0.000
37644.000,0.000,-144791.000,32.000,7200.000,0.000,0.000,0.000,0.000
37654.000,0.000,-144791.000,32.000,7200.000,0.000,0.000,0.000,0.000
37664.000,0.000,-144791.000,32.000,7200.000,0.000,0.000,0.000,0.000
37674.000,0.000,-144791.000,32.000,7200.000,0.000,0.000,0.000,0.000
37684.000,0.000,-144791.000,32.000,7200.000,0.000,0.000,0.000,0.000
37694.000,0.000,-144791.000,32.000,7200.000,0.000,0.000,0.000,0.000
37704.000,0.000,-144791.000,32.000,7200.000,0.000,0.000,0.000,0.000
37714.000,0.000,-144791.000,32.000,7200.000,0.000,0.000,0.000,0.000
37724.000,0.000,-144791.000,32.000,7200.000,0.000,0.000,0.000,0.000
37734.000,0.000,-144791.000,32.000,7200.000,0.000,0.000,0.000,0.000
37744.000,0.000,-144791.000,32.000,7200.000,0.000,0.000,0.000,0.000
37754.000,0.000,-144791.000,32.000,7200.000,0.000,0.000,0.000,0.000
37764.000,0.000,-144791.000,32.000,7200.000,0.000,0.000,0.000,0.000
37774.000,0.000,-144791.000,32.000,7200.000,0.000,0.000,0.000,0.000
37784.000,0.000,-144791.000,32.000,7200.000,0.000,0.000,0.000,0.000
37794.000,0.000,-144791.000,32.000,7200.000,0.000,0.000,0.000,0.000
37804.000,0.000,-144791.000,32.000,7200.000,0.000,0.000,0.000,0.000
37814.000,0.000,-144791.000,32.000,7200.000,0.000,0.000,0.000,0.000
37824.000,0.000,-144791.000,32.000,7200.000,0.000,0.000,0.000,0.000
37834.000,0.000,-144791.000,32.000,7200.000,0.000,0.000,0.000,0.000
37844.000,0.000,-144791.000,32.000,7200.000,0.000,0.000,0.000,0.000
37854.000,0.000,-144791.000,32.000,7200.000,0.000,0.000,0.000,0.000
37864.000,0.000,-144791.000,32.000,7200.000,0.000,0.000,0.000,0.000
37874.000,0.000,-144791.000,32.000,7200.000,0.000,0.000,0.000,0.000
37884.000,0.000,-144791.000,32.000,7200.000,0.000,0.000,0.000,0.000
37894.000,0.000,-144791.000,32.000,7200.000,0.000,0.000,0.000,0.000
37904.000,0.000,-144791.000,32.000,7200.000,0.000,0.000,0.000,0.000
37914.000,0.000,-144791.000,32.000,7200.000,0.000,0.000,0.000,0.000
37924.000,0.000,-144791.000,32.000,7200.000,0.000,0.000,0.000,0.000
37934.000,0.000,-144791.000,32.000,7200.000,0.000,0.000,0.000,0.000
37944.000,0.000,-144791.000,32.000,7200.000,0.000,0.000,0.000,0.000
37954.000,0.000,-144791.000,32.000,7200.000,0.000,0.000,0.000,0.000
37964.000,0.000,-144791.000,32.000,7200.000,0.000,0.000,0.000,0.000
37974.000,0.000,-144791.000,32.000,7200.000,0.000,0.000,0.000,0.000
37984.000,0.000,-144791.000,32.000,7200.000,0.000,0.000,0.000,0.000
37994.000,0.000,-144791.000,32.000,7200.000,0.000,0.000,0.000,0.000
38004.000,0.000,-144791.000,32.000,7200.000,0.000,0.000,0.000,0.000
38014.000,0.000,-144791.000,32.000,7200.000,0.000,0.000,0.000,0.000
38024.000,0.000,-144791.000,32.000,7200.000,0.000,0.000,0.000,0.000
38034.000,0.000,-144791.000,32.000,7200.000,0.000,0.000,0.000,0.000
38044.000,0.000,-144791.000,32.000,7200.000,0.000,0.000,0.000,0.000
38054.000,0.000,-144791.000,32.000,7200.000,0.000,0.000,0.000,0.000
38064.000,0.000,-144791.000,32.000,7200.000,0.000,0.000,0.000,0.000
38074.000,0.000,-144791.000,32.000,7200.000,0.000,0.000,0.000,0.000
38084.000,0.000,-144791.000,32.000,7200.000,0.000,0.000,0.000,0.000
38094.000,0.000,-144791.000,32.000,7200.000,0.000,0.000,0.000,0.000
38104.000,0.000,-144791.000,32.000,7200.000,0.000,0.000,0.000,0.000
38114.000,0.000,-144791.000,32.000,7200.000,0.000,0.000,0.000,0.000
38124.000,0.000,-144791.000,32.000,7200.000,0.000,0.000,0.000,0.000
38134.000,0.000,-144791.000,32.000,7200.000,0.000,0.000,0.000,0.000
38144.000,0.000,-144791.000,32.000,7200.000,0.000,0.000,0.000,0.000
38154.000,0.000,-144791.000,32.000,7200.000,0.000,0.000,0.000,0.000
38164.000,0.000,-144791.000,32.000,7200.000,0.000,0.000,0.000,0.000
38174.000,0.000,-144791.000,32.000,7200.000,0.000,0.000,0.000,0.000
38184.000,0.000,-144791.000,32.000,7200.000,0.000,0.000,0.000,0.000
38194.000,0.000,-144791.000,32.000,7200.000,0.000,0.000,0.000,0.000
38204.000,0.000,-144791.000,32.000,7200.000,0.000,0.000,0.000,0.000
38214.000,0.000,-144791.000,32.000,7200.000,0.000,0.000,0.000,0.000
38224.000,0.000,-144791.000,32.000,7200.000,0.000,0.000,0.000,0.000
38234.000,0.000,-144791.000,32.000,7200.000,0.000,0.000,0.000,0.000
38244.000,0.000,-144791.000,32.000,7200.000,0.000,0.000,0.000,0.000
38254.000,0.000,-144791.000,32.000,7200.000,0.000,0.000,0.000,0.000
38264.000,0.000,-144791.000,32.000,7200.000,0.000,0.000,0.000,0.000
38274.000,0.000,-144791.000,32.000,7200.000,0.000,0.000,0.000,0.000
38284.000,0.000,-144791.000,32.000,7200.000,0.000,0.000,0.000,0.000
38294.000,0.000,-144791.000,32.000,7200.000,0.000,0.000,0.000,0.000
38304.000,0.000,-144791.000,32.000,7200.000,0.000,0.000,0.000,0.000
38314.000,0.000,-144791.000,32.000,7200.000,0.000,0.000,0.000,0.000
38324.000,0.000,-144791.000,32.000,7200.000,0.000,0.000,0.000,0.000
38334.000,0.000,-144791.000,32.000,7200.000,0.000,0.000,0.000,0.000
38344.000,0.000,-144791.000,32.000,7200.000,0.000,0.000,0.000,0.000
38354.000,0.000,-144791.000,32.000,7200.000,0.000,0.000,0.000,0.000
38364.000,0.000,-144791.000,32.000,7200.000,0.000,0.000,0.000,0.000
38374.000,0.000,-144791.000,32.000,7200.000,0.000,0.000,0.000,0.000
38384.000,0.000,-144791.000,32.000,7200.000,0.000,0.000,0.000,0.000
38394.000,0.000,-144791.000,32.000,7200.000,0.000,0.000,0.000,0.000
38404.000,0.000,-144791.000,32.000,7200.000,0.000,0.000,0.000,0.000
38414.000,0.000,-144791.000,32.000,7200.000,0.000,0.000,0.000,0.000
38424.000,0.000,-144791.000,32.000,7200.000,0.000,0.000,0.000,0.000
38434.000,0.000,-144791.000,32.000,7200.000,0.000,0.000,0.000,0.000
38444.000,0.000,-144791.000,32.000,7200.000,0.000,0.000,0.000,0.000
38454.000,0.000,-144791.000,32.000,7200.000,0.000,0.000,0.000,0.000
38464.000,0.000,-144791.000,32.000,7200.000,0.000,0.000,0.000,0.000
38474.000,0.000,-144791.000,32.000,7200.000,0.000,0.000,0.000,0.000
38484.000,0.000,-144791.000,32.000,7200.000,0.000,0.000,0.000,0.000
38494.000,0.000,-144791.000,32.000,7200.000,0.000,0.000,0.000,0.000
38504.000,0.000,-144791.000,32.000,7200.000,0.000,0.000,0.000,0.000
38514.000,0.000,-144791.000,32.000,7200.000,0.000,0.000,0.000,0.000
38524.000,0.000,-144791.000,32.000,7200.000,0.000,0.000,0.000,0.000
38534.000,0.000,-144791.000,32.000,7200.000,0.000,0.000,0.000,0.000
38544.000,0.000,-144791.000,32.000,7200.000,0.000,0.000,0.000,0.000
38554.000,0.000,-144791.000,32.000,7200.000,0.000,0.000,0.000,0.000
38564.000,0.000,-144791.000,32.000,7200.000,0.000,0.000,0.000,0.000
38574.000,0.000,-144791.000,32.000,7200.000,0.000,0.000,0.000,0.000
38584.000,0.000,-144791.000,32.000,7200.000,0.000,0.000,0.000,0.000
38594.000,0.000,-144791.000,32.000,7200.000,0.000,0.000,0.000,0.000
38604.000,0.000,-144791.000,32.000,7200.000,0.000,0.000,0.000,0.000
38614.000,0.000,-144791.000,32.000,7200.000,0.000,0.000,0.000,0.000
38624.000,0.000,-144791.000,32.000,7200.000,0.000,0.000,0.000,0.000
38634.000,0.000,-144791.000,32.000,7200.000,0.000,0.000,0.000,0.000
38644.000,0.000,-144791.000,32.000,7200.000,0.000,0.000,0.000,0.000
38654.000,0.000,-144791.000,32.000,7200.000,0.000,0.000,0.000,0.000
38664.000,0.000,-144791.000,32.000,7200.000,0.000,0.000,0.000,0.000
38674.000,0.000,-144791.000,32.000,7200.000,0.000,0.000,0.000,0.000
38684.000,0.000,-144791.000,32.000,7200.000,0.000,0.000,0.000,0.000
38694.000,0.000,-144791.000,32.000,7200.000,0.000,0.000,0.000,0.000
38704.000,0.000,-144791.000,32.000,7200.000,0.000,0.000,0.000,0.000
38714.000,0.000,-144791.000,32.000,7200.000,0.000,0.000,0.000,0.000
38724.000,0.000,-144791.000,32.000,7200.000,0.000,0.000,0.000,0.000
38734.000,0.000,-144791.000,32.000,7200.000,0.000,0.000,0.000,0.000
38744.000,0.000,-144791.000,32.000,7200.000,0.000,0.000,0.000,0.000
38754.000,0.000,-144791.000,32.000,7200.000,0.000,0.000,0.000,0.000
38764.000,0.000,-144791.000,32.000,7200.000,0.000,0.000,0.000,0.000
38774.000,0.000,-144791.000,32.000,7200.000,0.000,0.000,0.000,0.000
38784.000,0.000,-144791.000,32.000,7200.000,0.000,0.000,0.000,0.000
38794.000,0.000,-144791.000,32.000,7200.000,0.000,0.000,0.000,0.000
38804.000,0.000,-144791.000,32.000,7200.000,0.000,0.000,0.000,0.000
38814.000,0.000,-144791.000,32.000,7200.000,0.000,0.000,0.000,0.000
38824.000,0.000,-144791.000,32.000,7200.000,0.000,0.000,0.000,0.000
38834.000,0.000,-144791.000,32.000,7200.000,0.000,0.000,0.000,0.000
38844.000,0.000,-144791.000,32.000,7200.000,0.000,0.000,0.000,0.000
38854.000,0.000,-144791.000,32.000,7200.000,0.000,0.000,0.000,0.000
38864.000,0.000,-144791.000,32.000,7200.000,0.000,0.000,0.000,0.000
38874.000,0.000,-144791.000,32.000,7200.000,0.000,0.000,0.000,0.000
38884.000,0.000,-144791.000,32.000,7200.000,0.000,0.000,0.000,0.000
38894.000,0.000,-144791.000,32.000,7200.000,0.000,0.000,0.000,0.000
38904.000,0.000,-144791.000,32.000,7200.000,0.000,0.000,0.000,0.000
38914.000,0.000,-144791.000,32.000,7200.000,0.000,0.000,0.000,0.000
38924.000,0.000,-144791.000,32.000,7200.000,0.000,0.000,0.000,0.000
38934.000,0.000,-144791.000,32.000,7200.000,0.000,0.000,0.000,0.000
38944.000,0.000,-144791.000,32.000,7200.000,0.000,0.000,0.000,0.000
38954.000,0.000,-144791.000,32.000,7200.000,0.000,0.000,0.000,0.000
38964.000,0.000,-144791.000,32.000,7200.000,0.000,0.000,0.000,0.000
38974.000,0.000,-144791.000,32.000,7200.000,0.000,0.000,0.000,0.000
38984.000,0.000,-144791.000,32.000,7200.000,0.000,0.000,0.000,0.000
38994.000,0.000,-144791.000,32.000,7200.000,0.000,0.000,0.000,0.000
39004.000,0.000,-144791.000,32.000,7200.000,0.000,0.000,0.000,0.000
39014.000,0.000,-144791.000,32.000,7200.000,0.000,0.000,0.000,0.000
39024.000,0.000,-144791.000,32.000,7200.000,0.000,0.000,0.000,0.000
39034.000,0.000,-144791.000,32.000,7200.000,0.000,0.000,0.000,0.000
39044.000,0.000,-144791.000,32.000,7200.000,0.000,0.000,0.000,0.000
39054.000,0.000,-144791.000,32.000,7200.000,0.000,0.000,0.000,0.000
39064.000,0.000,-144791.000,32.000,7200.000,0.000,0.000,0.000,0.000
39074.000,0.000,-144791.000,32.000,7200.000,0.000,0.000,0.000,0.000
39084.000,0.000,-144791.000,32.000,7200.000,0.000,0.000,0.000,0.000
39094.000,0.000,-144791.000,32.000,7200.000,0.000,0.000,0.000,0.000
39104.000,0.000,-144791.000,32.000,7200.000,0.000,0.000,0.000,0.000
39114.000,0.000,-144791.000,32.000,7200.000,0.000,0.000,0.000,0.000
39124.000,0.000,-144791.000,32.000,7200.000,0.000,0.000,0.000,0.000
39134.000,0.000,-144791.000,32.000,7200.000,0.000,0.000,0.000,0.000
39144.000,0.000,-144791.000,32.000,7200.000,0.000,0.000,0.000,0.000
39154.000,0.000,-144791.000,32.000,7200.000,0.000,0.000,0.000,0.000
39164.000,0.000,-144791.000,32.000,7200.000,0.000,0.000,0.000,0.000
39174.000,0.000,-144791.000,32.000,7200.000,0.000,0.000,0.000,0.000
39184.000,0.000,-144791.000,32.000,7200.000,0.000,0.000,0.000,0.000
39194.000,0.000,-144791.000,32.000,7200.000,0.000,0.000,0.000,0.000
39204.000,0.000,-144791.000,32.000,7200.000,0.000,0.000,0.000,0.000
39214.000,0.000,-144791.000,32.000,7200.000,0.000,0.000,0.000,0.000
39224.000,0.000,-144791.000,32.000,7200.000,0.000,0.000,0.000,0.000
39234.000,0.000,-144791.000,32.000,7200.000,0.000,0.000,0.000,0.000
39244.000,0.000,-144791.000,32.000,7200.000,0.000,0.000,0.000,0.000
39254.000,0.000,-144791.000,32.000,7200.000,0.000,0.000,0.000,0.000
39264.000,0.000,-144791.000,32.000,7200.000,0.000,0.000,0.000,0.000
39274.000,0.000,-144791.000,32.000,7200.000,0.000,0.000,0.000,0.000
39284.000,0.000,-144791.000,32.000,7200.000,0.000,0.000,0.000,0.000
39294.000,0.000,-144791.000,32.000,7200.000,0.000,0.000,0.000,0.000
39304.000,0.000,-144791.000,32.000,7200.000,0.000,0.000,0.000,0.000
39314.000,0.000,-144791.000,32.000,7200.000,0.000,0.000,0.000,0.000
39324.000,0.000,-144791.000,32.000,7200.000,0.000,0.000,0.000,0.000
39334.000,0.000,-144791.000,32.000,7200.000,0.000,0.000,0.000,0.000
39344.000,0.000,-144791.000,32.000,7200.000,0.000,0.000,0.000,0.000
39354.000,0.000,-144791.000,32.000,7200.000,0.000,0.000,0.000,0.000
39364.000,0.000,-144791.000,32.000,7200.000,0.000,0.000,0.000,0.000
39374.000,0.000,-144791.000,32.000,7200.000,0.000,0.000,0.000,0.000
39384.000,0.000,-144791.000,32.000,7200.000,0.000,0.000,0.000,0.000
39394.000,0.000,-144791.000,32.000,7200.000,0.000,0.000,0.000,0.000
39404.000,0.000,-144791.000,32.000,7200.000,0.000,0.000,0.000,0.000
39414.000,0.000,-144791.000,32.000,7200.000,0.000,0.000,0.000,0.000
39424.000,0.000,-144791.000,32.000,7200.000,0.000,0.000,0.000,0.000
39434.000,0.000,-144791.000,32.000,7200.000,0.000,0.000,0.000,0.000
39444.000,0.000,-144791.000,32.000,7200.000,0.000,0.000,0.000,0.000
39454.000,0.000,-144791.000,32.000,7200.000,0.000,0.000,0.000,0.000
39464.000,0.000,-144791.000,32.000,7200.000,0.000,0.000,0.000,0.000
39474.000,0.000,-144791.000,32.000,7200.000,0.000,0.000,0.000,0.000
39484.000,0.000,-144791.000,32.000,7200.000,0.000,0.000,0.000,0.000
39494.000,0.000,-144791.000,32.000,7200.000,0.000,0.000,0.000,0.000
39504.000,0.000,-144791.000,32.000,7200.000,0.000,0.000,0.000,0.000
39514.000,0.000,-144791.000,32.000,7200.000,0.000,0.000,0.000,0.000
39524.000,0.000,-144791.000,32.000,7200.000,0.000,0.000,0.000,0.000
39534.000,0.000,-144791.000,32.000,7200.000,0.000,0.000,0.000,0.000
39544.000,0.000,-144791.000,32.000,7200.000,0.000,0.000,0.000,0.000
39554.000,0.000,-144791.000,32.000,7200.000,0.000,0.000,0.000,0.000
39564.000,0.000,-144791.000,32.000,7200.000,0.000,0.000,0.000,0.000
39574.000,0.000,-144791.000,32.000,7200.000,0.000,0.000,0.000,0.000
39584.000,0.000,-144791.000,32.000,7200.000,0.000,0.000,0.000,0.000
39594.000,0.000,-144791.000,32.000,7200.000,0.000,0.000,0.000,0.000
39604.000,0.000,-144791.000,32.000,7200.000,0.000,0.000,0.000,0.000
39614.000,0.000,-144791.000,32.000,7200.000,0.000,0.000,0.000,0.000
39624.000,0.000,-144791.000,32.000,7200.000,0.000,0.000,0.000,0.000
39634.000,0.000,-144791.000,32.000,7200.000,0.000,0.000,0.000,0.000
39644.000,0.000,-144791.000,32.000,7200.000,0.000,0.000,0.000,0.000
39654.000,0.000,-144791.000,32.000,7200.000,0.000,0.000,0.000,0.000
39664.000,0.000,-144791.000,32.000,7200.000,0.000,0.000,0.000,0.000
39674.000,0.000,-144791.000,32.000,7200.000,0.000,0.000,0.000,0.000
39684.000,0.000,-144791.000,32.000,7200.000,0.000,0.000,0.000,0.000
39694.000,0.000,-144791.000,32.000,7200.000,0.000,0.000,0.000,0.000
39704.000,0.000,-144791.000,32.000,7200.000,0.000,0.000,0.000,0.000
39714.000,0.000,-144791.000,32.000,7200.000,0.000,0.000,0.000,0.000
39724.000,0.000,-144791.000,32.000,7200.000,0.000,0.000,0.000,0.000
39734.000,0.000,-144791.000,32.000,7200.000,0.000,0.000,0.000,0.000
39744.000,0.000,-144791.000,32.000,7200.000,0.000,0.000,0.000,0.000
39754.000,0.000,-144791.000,32.000,7200.000,0.000,0.000,0.000,0.000
39764.000,0.000,-144791.000,32.000,7200.000,0.000,0.000,0.000,0.000
39774.000,0.000,-144791.000,32.000,7200.000,0.000,0.000,0.000,0.000
39784.000,-4.000,-144795.000,0.000,0.000,0.000,0.000,0.000,0.000
39794.000,-6.000,-144801.000,0.000,0.000,0.000,0.000,0.000,0.000
39804.000,-12.000,-144813.000,0.000,0.000,0.000,0.000,0.000,0.000
39814.000,-22.000,-144835.000,0.000,0.000,0.000,0.000,0.000,0.000
39824.000,-21.000,-144856.000,0.000,0.000,0.000,0.000,0.000,0.000
39834.000,-29.000,-144885.000,0.000,0.000,0.000,0.000,0.000,0.000
39844.000,-30.000,-144915.000,0.000,0.000,0.000,0.000,0.000,0.000
39854.000,-33.000,-144948.000,0.000,0.000,0.000,0.000,0.000,0.000
39864.000,-35.000,-144983.000,0.000,0.000,0.000,0.000,0.000,0.000
39874.000,-41.000,-145024.000,0.000,0.000,0.000,0.000,0.000,0.000
39884.000,-40.000,-145064.000,0.000,0.000,0.000,0.000,0.000,0.000
39894.000,-41.000,-145105.000,0.000,0.000,0.000,0.000,0.000,0.000
39904.000,-43.000,-145148.000,0.000,0.000,0.000,0.000,0.000,0.000
39914.000,-45.000,-145193.000,0.000,0.000,0.000,0.000,0.000,0.000
39924.000,-46.000,-145239.000,0.000,0.000,0.000,0.000,0.000,0.000
39934.000,-46.000,-145285.000,0.000,0.000,0.000,0.000,0.000,0.000
39944.000,-48.000,-145333.000,0.000,0.000,0.000,0.000,0.000,0.000
39954.000,-45.000,-145378.000,0.000,0.000,0.000,0.000,0.000,0.000
39964.000,-50.000,-145428.000,0.000,0.000,0.000,0.000,0.000,0.000
39974.000,-50.000,-145478.000,0.000,0.000,0.000,0.000,0.000,0.000
39984.000,-51.000,-145529.000,0.000,0.000,0.000,0.000,0.000,0.000
39994.000,-51.000,-145580.000,0.000,0.000,0.000,0.000,0.000,0.000
40004.000,-56.000,-145636.000,0.000,0.000,0.000,0.000,0.000,0.000
40014.000,-53.000,-145689.000,0.000,0.000,0.000,0.000,0.000,0.000
40024.000,-48.000,-145737.000,0.000,0.000,0.000,0.000,0.000,0.000
40034.000,-58.000,-145795.000,0.000,0.000,0.000,0.000,0.000,0.000
40044.000,-53.000,-145848.000,0.000,0.000,0.000,0.000,0.000,0.000
40054.000,-53.000,-145901.000,0.000,0.000,0.000,0.000,0.000,0.000
40064.000,-55.000,-145956.000,0.000,0.000,0.000,0.000,0.000,0.000
40074.000,-49.000,-146005.000,0.000,0.000,0.000,0.000,0.000,0.000
40084.000,-55.000,-146060.000,0.000,0.000,0.000,0.000,0.000,0.000
40094.000,-55.000,-146115.000,0.000,0.000,0.000,0.000,0.000,0.000
40104.000,-54.000,-146169.000,0.000,0.000,0.000,0.000,0.000,0.000
40114.000,-55.000,-146224.000,0.000,0.000,0.000,0.000,0.000,0.000
40124.000,-55.000,-146279.000,0.000,0.000,0.000,0.000,0.000,0.000
40134.000,-56.000,-146335.000,0.000,0.000,0.000,0.000,0.000,0.000
40144.000,-54.000,-146389.000,0.000,0.000,0.000,0.000,0.000,0.000
40154.000,-56.000,-146445.000,0.000,0.000,0.000,0.000,0.000,0.000
40164.000,-55.000,-146500.000,0.000,0.000,0.000,0.000,0.000,0.000
40174.000,-56.000,-146556.000,0.000,0.000,0.000,0.000,0.000,0.000
40184.000,-55.000,-146611.000,0.000,0.000,0.000,0.000,0.000,0.000
40194.000,-56.000,-146667.000,0.000,0.000,0.000,0.000,0.000,0.000
40204.000,-52.000,-146719.000,0.000,0.000,0.000,0.000,0.000,0.000
40214.000,-60.000,-146779.000,0.000,0.000,0.000,0.000,0.000,0.000
40224.000,-60.000,-146839.000,0.000,0.000,0.000,0.000,0.000,0.000
40234.000,-54.000,-146893.000,0.000,0.000,0.000,0.000,0.000,0.000
40244.000,-61.000,-146954.000,0.000,0.000,0.000,0.000,0.000,0.000
40254.000,-56.000,-147010.000,0.000,0.000,0.000,0.000,0.000,0.000
40264.000,-60.000,-147070.000,0.000,0.000,0.000,0.000,0.000,0.000
40274.000,-55.000,-147125.000,0.000,0.000,0.000,0.000,0.000,0.000
40284.000,-52.000,-147177.000,0.000,0.000,0.000,0.000,0.000,0.000
40294.000,-60.000,-147237.000,0.000,0.000,0.000,0.000,0.000,0.000
40304.000,-60.000,-147297.000,0.000,0.000,0.000,0.000,0.000,0.000
40314.000,-60.000,-147357.000,0.000,0.000,0.000,0.000,0.000,0.000
40324.000,-52.000,-147409.000,0.000,0.000,0.000,0.000,0.000,0.000
40334.000,-56.000,-147465.000,0.000,0.000,0.000,0.000,0.000,0.000
40344.000,-56.000,-147521.000,0.000,0.000,0.000,0.000,0.000,0.000
40354.000,-60.000,-147581.000,0.000,0.000,0.000,0.000,0.000,0.000
40364.000,-56.000,-147637.000,0.000,0.000,0.000,0.000,0.000,0.000
40374.000,-60.000,-147697.000,0.000,0.000,0.000,0.000,0.000,0.000
40384.000,-56.000,-147753.000,0.000,0.000,0.000,0.000,0.000,0.000
40394.000,-56.000,-147809.000,0.000,0.000,0.000,0.000,0.000,0.000
40404.000,-52.000,-147861.000,0.000,0.000,0.000,0.000,0.000,0.000
40414.000,-60.000,-147921.000,0.000,0.000,0.000,0.000,0.000,0.000
40424.000,-60.000,-147981.000,0.000,0.000,0.000,0.000,0.000,0.000
40434.000,-60.000,-148041.000,0.000,0.000,0.000,0.000,0.000,0.000
40444.000,-60.000,-148101.000,0.000,0.000,0.000,0.000,0.000,0.000
40454.000,-56.000,-148157.000,0.000,0.000,0.000,0.000,0.000,0.000
40464.000,-60.000,-148217.000,0.000,0.000,0.000,0.000,0.000,0.000
40474.000,-56.000,-148273.000,0.000,0.000,0.000,0.000,0.000,0.000
40484.000,-56.000,-148329.000,0.000,0.000,0.000,0.000,0.000,0.000
40494.000,-56.000,-148385.000,0.000,0.000,0.000,0.000,0.000,0.000
40504.000,-60.000,-148445.000,0.000,0.000,0.000,0.000,0.000,0.000
40514.000,-56.000,-148501.000,0.000,0.000,0.000,0.000,0.000,0.000
40524.000,-52.000,-148553.000,0.000,0.000,0.000,0.000,0.000,0.000
40534.000,-56.000,-148609.000,0.000,0.000,0.000,0.000,0.000,0.000
40544.000,-60.000,-148669.000,0.000,0.000,0.000,0.000,0.000,0.000
40554.000,-56.000,-148725.000,0.000,0.000,0.000,0.000,0.000,0.000
40564.000,-56.000,-148781.000,0.000,0.000,0.000,0.000,0.000,0.000
40574.000,-56.000,-148837.000,0.000,0.000,0.000,0.000,0.000,0.000
40584.000,-60.000,-148897.000,0.000,0.000,0.000,0.000,0.000,0.000
40594.000,-60.000,-148957.000,0.000,0.000,0.000,0.000,0.000,0.000
40604.000,-60.000,-149017.000,0.000,0.000,0.000,0.000,0.000,0.000
40614.000,-56.000,-149073.000,0.000,0.000,0.000,0.000,0.000,0.000
40624.000,-60.000,-149133.000,0.000,0.000,0.000,0.000,0.000,0.000
40634.000,-56.000,-149189.000,0.000,0.000,0.000,0.000,0.000,0.000
40644.000,-56.000,-149245.000,0.000,0.000,0.000,0.000,0.000,0.000
40654.000,-60.000,-149305.000,0.000,0.000,0.000,0.000,0.000,0.000
40664.000,-60.000,-149365.000,0.000,0.000,0.000,0.000,0.000,0.000
40674.000,-60.000,-149425.000,0.000,0.000,0.000,0.000,0.000,0.000
40684.000,-56.000,-149481.000,0.000,0.000,0.000,0.000,0.000,0.000
40694.000,-61.000,-149542.000,0.000,0.000,0.000,0.000,0.000,0.000
40704.000,-56.000,-149598.000,0.000,0.000,0.000,0.000,0.000,0.000
40714.000,-56.000,-149654.000,0.000,0.000,0.000,0.000,0.000,0.000
40724.000,-61.000,-149715.000,0.000,0.000,0.000,0.000,0.000,0.000
40734.000,-56.000,-149771.000,0.000,0.000,0.000,0.000,0.000,0.000
40744.000,-56.000,-149827.000,0.000,0.000,0.000,0.000,0.000,0.000
40754.000,-60.000,-149887.000,0.000,0.000,0.000,0.000,0.000,0.000
40764.000,-56.000,-149943.000,0.000,0.000,0.000,0.000,0.000,0.000
40774.000,-60.000,-150003.000,0.000,0.000,0.000,0.000,0.000,0.000
40784.000,-60.000,-150063.000,0.000,0.000,0.000,0.000,0.000,0.000
40794.000,-60.000,-150123.000,0.000,0.000,0.000,0.000,0.000,0.000
40804.000,-57.000,-150180.000,0.000,0.000,0.000,0.000,0.000,0.000
40814.000,-60.000,-150240.000,0.000,0.000,0.000,0.000,0.000,0.000
40824.000,-60.000,-150300.000,0.000,0.000,0.000,0.000,0.000,0.000
40834.000,-60.000,-150360.000,0.000,0.000,0.000,0.000,0.000,0.000
40844.000,-56.000,-150416.000,0.000,0.000,0.000,0.000,0.000,0.000
40854.000,-60.000,-150476.000,0.000,0.000,0.000,0.000,0.000,0.000
40864.000,-56.000,-150532.000,0.000,0.000,0.000,0.000,0.000,0.000
40874.000,-60.000,-150592.000,0.000,0.000,0.000,0.000,0.000,0.000
40884.000,-56.000,-150648.000,0.000,0.000,0.000,0.000,0.000,0.000
40894.000,-61.000,-150709.000,0.000,0.000,0.000,0.000,0.000,0.000
40904.000,-60.000,-150769.000,0.000,0.000,0.000,0.000,0.000,0.000
40914.000,-60.000,-150829.000,0.000,0.000,0.000,0.000,0.000,0.000
40924.000,-60.000,-150889.000,0.000,0.000,0.000,0.000,0.000,0.000
40934.000,-56.000,-150945.000,0.000,0.000,0.000,0.000,0.000,0.000
40944.000,-56.000,-151001.000,0.000,0.000,0.000,0.000,0.000,0.000
40954.000,-56.000,-151057.000,0.000,0.000,0.000,0.000,0.000,0.000
40964.000,-61.000,-151118.000,0.000,0.000,0.000,0.000,0.000,0.000
40974.000,-59.000,-151177.000,0.000,0.000,0.000,0.000,0.000,0.000
40984.000,-60.000,-151237.000,0.000,0.000,0.000,0.000,0.000,0.000
40994.000,-59.000,-151296.000,0.000,0.000,0.000,0.000,0.000,0.000
41004.000,-58.000,-151354.000,0.000,0.000,0.000,0.000,0.000,0.000
41014.000,-56.000,-151410.000,0.000,0.000,0.000,0.000,0.000,0.000
41024.000,-60.000,-151470.000,0.000,0.000,0.000,0.000,0.000,0.000
41034.000,-56.000,-151526.000,0.000,0.000,0.000,0.000,0.000,0.000
41044.000,-56.000,-151582.000,0.000,0.000,0.000,0.000,0.000,0.000
41054.000,-56.000,-151638.000,0.000,0.000,0.000,0.000,0.000,0.000
41064.000,-57.000,-151695.000,0.000,0.000,0.000,0.000,0.000,0.000
41074.000,-60.000,-151755.000,0.000,0.000,0.000,0.000,0.000,0.000
41084.000,-60.000,-151815.000,0.000,0.000,0.000,0.000,0.000,0.000
41094.000,-60.000,-151875.000,0.000,0.000,0.000,0.000,0.000,0.000
41104.000,-56.000,-151931.000,0.000,0.000,0.000,0.000,0.000,0.000
41114.000,-56.000,-151987.000,0.000,0.000,0.000,0.000,0.000,0.000
41124.000,-57.000,-152044.000,0.000,0.000,0.000,0.000,0.000,0.000
41134.000,-60.000,-152104.000,0.000,0.000,0.000,0.000,0.000,0.000
41144.000,-60.000,-152164.000,0.000,0.000,0.000,0.000,0.000,0.000
41154.000,-52.000,-152216.000,0.000,0.000,0.000,0.000,0.000,0.000
41164.000,-60.000,-152276.000,0.000,0.000,0.000,0.000,0.000,0.000
41174.000,-61.000,-152337.000,0.000,0.000,0.000,0.000,0.000,0.000
41184.000,-57.000,-152394.000,0.000,0.000,0.000,0.000,0.000,0.000
41194.000,-56.000,-152450.000,0.000,0.000,0.000,0.000,0.000,0.000
41204.000,-56.000,-152506.000,0.000,0.000,0.000,0.000,0.000,0.000
41214.000,-56.000,-152562.000,0.000,0.000,0.000,0.000,0.000,0.000
41224.000,-56.000,-152618.000,0.000,0.000,0.000,0.000,0.000,0.000
41234.000,-61.000,-152679.000,0.000,0.000,0.000,0.000,0.000,0.000
41244.000,-56.000,-152735.000,0.000,0.000,0.000,0.000,0.000,0.000
41254.000,-60.000,-152795.000,0.000,0.000,0.000,0.000,0.000,0.000
41264.000,-60.000,-152855.000,0.000,0.000,0.000,0.000,0.000,0.000
41274.000,-55.000,-152910.000,0.000,0.000,0.000,0.000,0.000,0.000
41284.000,-57.000,-152967.000,0.000,0.000,0.000,0.000,0.000,0.000
41294.000,-56.000,-153023.000,0.000,0.000,0.000,0.000,0.000,0.000
41304.000,-60.000,-153083.000,0.000,0.000,0.000,0.000,0.000,0.000
41314.000,-56.000,-153139.000,0.000,0.000,0.000,0.000,0.000,0.000
41324.000,-56.000,-153195.000,0.000,0.000,0.000,0.000,0.000,0.000
41334.000,-57.000,-153252.000,0.000,0.000,0.000,0.000,0.000,0.000
41344.000,-56.000,-153308.000,0.000,0.000,0.000,0.000,0.000,0.000
41354.000,-53.000,-153361.000,0.000,0.000,0.000,0.000,0.000,0.000
41364.000,-56.000,-153417.000,0.000,0.000,0.000,0.000,0.000,0.000
41374.000,-59.000,-153476.000,0.000,0.000,0.000,0.000,0.000,0.000
41384.000,-56.000,-153532.000,0.000,0.000,0.000,0.000,0.000,0.000
41394.000,-60.000,-153592.000,0.000,0.000,0.000,0.000,0.000,0.000
41404.000,-56.000,-153648.000,0.000,0.000,0.000,0.000,0.000,0.000
41414.000,-60.000,-153708.000,0.000,0.000,0.000,0.000,0.000,0.000
41424.000,-60.000,-153768.000,0.000,0.000,0.000,0.000,0.000,0.000
41434.000,-61.000,-153829.000,0.000,0.000,0.000,0.000,0.000,0.000
41444.000,-56.000,-153885.000,0.000,0.000,0.000,0.000,0.000,0.000
41454.000,-56.000,-153941.000,0.000,0.000,0.000,0.000,0.000,0.000
41464.000,-60.000,-154001.000,0.000,0.000,0.000,0.000,0.000,0.000
41474.000,-62.000,-154063.000,0.000,0.000,0.000,0.000,0.000,0.000
41484.000,-56.000,-154119.000,0.000,0.000,0.000,0.000,0.000,0.000
41494.000,-56.000,-154175.000,0.000,0.000,0.000,0.000,0.000,0.000
41504.000,-52.000,-154227.000,0.000,0.000,0.000,0.000,0.000,0.000
41514.000,-61.000,-154288.000,0.000,0.000,0.000,0.000,0.000,0.000
41524.000,-56.000,-154344.000,0.000,0.000,0.000,0.000,0.000,0.000
41534.000,-59.000,-154403.000,0.000,0.000,0.000,0.000,0.000,0.000
41544.000,-60.000,-154463.000,0.000,0.000,0.000,0.000,0.000,0.000
41554.000,-57.000,-154520.000,0.000,0.000,0.000,0.000,0.000,0.000
41564.000,-56.000,-154576.000,0.000,0.000,0.000,0.000,0.000,0.000
41574.000,-56.000,-154632.000,0.000,0.000,0.000,0.000,0.000,0.000
41584.000,-53.000,-154685.000,0.000,0.000,0.000,0.000,0.000,0.000
41594.000,-61.000,-154746.000,0.000,0.000,0.000,0.000,0.000,0.000
41604.000,-56.000,-154802.000,0.000,0.000,0.000,0.000,0.000,0.000
41614.000,-56.000,-154858.000,0.000,0.000,0.000,0.000,0.000,0.000
41624.000,-57.000,-154915.000,0.000,0.000,0.000,0.000,0.000,0.000
41634.000,-60.000,-154975.000,0.000,0.000,0.000,0.000,0.000,0.000
41644.000,-56.000,-155031.000,0.000,0.000,0.000,0.000,0.000,0.000
41654.000,-61.000,-155092.000,0.000,0.000,0.000,0.000,0.000,0.000
41664.000,-52.000,-155144.000,0.000,0.000,0.000,0.000,0.000,0.000
41674.000,-60.000,-155204.000,0.000,0.000,0.000,0.000,0.000,0.000
41684.000,-57.000,-155261.000,0.000,0.000,0.000,0.000,0.000,0.000
41694.000,-60.000,-155321.000,0.000,0.000,0.000,0.000,0.000,0.000
41704.000,-53.000,-155374.000,0.000,0.000,0.000,0.000,0.000,0.000
41714.000,-60.000,-155434.000,0.000,0.000,0.000,0.000,0.000,0.000
41724.000,-56.000,-155490.000,0.000,0.000,0.000,0.000,0.000,0.000
41734.000,-57.000,-155547.000,0.000,0.000,0.000,0.000,0.000,0.000
41744.000,-56.000,-155603.000,0.000,0.000,0.000,0.000,0.000,0.000
41754.000,-61.000,-155664.000,0.000,0.000,0.000,0.000,0.000,0.000
41764.000,-60.000,-155724.000,0.000,0.000,0.000,0.000,0.000,0.000
41774.000,-60.000,-155784.000,0.000,0.000,0.000,0.000,0.000,0.000
41784.000,-61.000,-155845.000,0.000,0.000,0.000,0.000,0.000,0.000
41794.000,-56.000,-155901.000,0.000,0.000,0.000,0.000,0.000,0.000
41804.000,-57.000,-155958.000,0.000,0.000,0.000,0.000,0.000,0.000
41814.000,-60.000,-156018.000,0.000,0.000,0.000,0.000,0.000,0.000
41824.000,-60.000,-156078.000,0.000,0.000,0.000,0.000,0.000,0.000
41834.000,-60.000,-156138.000,0.000,0.000,0.000,0.000,0.000,0.000
41844.000,-61.000,-156199.000,0.000,0.000,0.000,0.000,0.000,0.000
41854.000,-56.000,-156255.000,0.000,0.000,0.000,0.000,0.000,0.000
41864.000,-61.000,-156316.000,0.000,0.000,0.000,0.000,0.000,0.000
41874.000,-60.000,-156376.000,0.000,0.000,0.000,0.000,0.000,0.000
41884.000,-60.000,-156436.000,0.000,0.000,0.000,0.000,0.000,0.000
41894.000,-53.000,-156489.000,0.000,0.000,0.000,0.000,0.000,0.000
41904.000,-61.000,-156550.000,0.000,0.000,0.000,0.000,0.000,0.000
41914.000,-56.000,-156606.000,0.000,0.000,0.000,0.000,0.000,0.000
41924.000,-60.000,-156666.000,0.000,0.000,0.000,0.000,0.000,0.000
41934.000,-57.000,-156723.000,0.000,0.000,0.000,0.000,0.000,0.000
41944.000,-60.000,-156783.000,0.000,0.000,0.000,0.000,0.000,0.000
41954.000,-61.000,-156844.000,0.000,0.000,0.000,0.000,0.000,0.000
41964.000,-60.000,-156904.000,0.000,0.000,0.000,0.000,0.000,0.000
41974.000,-60.000,-156964.000,0.000,0.000,0.000,0.000,0.000,0.000
41984.000,-60.000,-157024.000,0.000,0.000,0.000,0.000,0.000,0.000
41994.000,-57.000,-157081.000,0.000,0.000,0.000,0.000,0.000,0.000
42004.000,-57.000,-157138.000,0.000,0.000,0.000,0.000,0.000,0.000
42014.000,-56.000,-157194.000,0.000,0.000,0.000,0.000,0.000,0.000
42024.000,-60.000,-157254.000,0.000,0.000,0.000,0.000,0.000,0.000
42034.000,-61.000,-157315.000,0.000,0.000,0.000,0.000,0.000,0.000
42044.000,-56.000,-157371.000,0.000,0.000,0.000,0.000,0.000,0.000
42054.000,-60.000,-157431.000,0.000,0.000,0.000,0.000,0.000,0.000
42064.000,-61.000,-157492.000,0.000,0.000,0.000,0.000,0.000,0.000
42074.000,-56.000,-157548.000,0.000,0.000,0.000,0.000,0.000,0.000
42084.000,-60.000,-157608.000,0.000,0.000,0.000,0.000,0.000,0.000
42094.000,-57.000,-157665.000,0.000,0.000,0.000,0.000,0.000,0.000
42104.000,-61.000,-157726.000,0.000,0.000,0.000,0.000,0.000,0.000
42114.000,-60.000,-157786.000,0.000,0.000,0.000,0.000,0.000,0.000
42124.000,-60.000,-157846.000,0.000,0.000,0.000,0.000,0.000,0.000
42134.000,-61.000,-157907.000,0.000,0.000,0.000,0.000,0.000,0.000
42144.000,-60.000,-157967.000,0.000,0.000,0.000,0.000,0.000,0.000
42154.000,-56.000,-158023.000,0.000,0.000,0.000,0.000,0.000,0.000
42164.000,-60.000,-158083.000,0.000,0.000,0.000,0.000,0.000,0.000
42174.000,-61.000,-158144.000,0.000,0.000,0.000,0.000,0.000,0.000
42184.000,-60.000,-158204.000,0.000,0.000,0.000,0.000,0.000,0.000
42194.000,-60.000,-158264.000,0.000,0.000,0.000,0.000,0.000,0.000
42204.000,-60.000,-158324.000,0.000,0.000,0.000,0.000,0.000,0.000
42214.000,-61.000,-158385.000,0.000,0.000,0.000,0.000,0.000,0.000
42224.000,-60.000,-158445.000,0.000,0.000,0.000,0.000,0.000,0.000
42234.000,-60.000,-158505.000,0.000,0.000,0.000,0.000,0.000,0.000
42244.000,-57.000,-158562.000,0.000,0.000,0.000,0.000,0.000,0.000
42254.000,-60.000,-158622.000,0.000,0.000,0.000,0.000,0.000,0.000
42264.000,-56.000,-158678.000,0.000,0.000,0.000,0.000,0.000,0.000
42274.000,-56.000,-158734.000,0.000,0.000,0.000,0.000,0.000,0.000
42284.000,-56.000,-158790.000,0.000,0.000,0.000,0.000,0.000,0.000
42294.000,-57.000,-158847.000,0.000,0.000,0.000,0.000,0.000,0.000
42304.000,-60.000,-158907.000,0.000,0.000,0.000,0.000,0.000,0.000
42314.000,-56.000,-158963.000,0.000,0.000,0.000,0.000,0.000,0.000
42324.000,-53.000,-159016.000,0.000,0.000,0.000,0.000,0.000,0.000
42334.000,-61.000,-159077.000,0.000,0.000,0.000,0.000,0.000,0.000
42344.000,-56.000,-159133.000,0.000,0.000,0.000,0.000,0.000,0.000
42354.000,-60.000,-159193.000,0.000,0.000,0.000,0.000,0.000,0.000
42364.000,-61.000,-159254.000,0.000,0.000,0.000,0.000,0.000,0.000
42374.000,-56.000,-159310.000,0.000,0.000,0.000,0.000,0.000,0.000
42384.000,-60.000,-159370.000,0.000,0.000,0.000,0.000,0.000,0.000
42394.000,-61.000,-159431.000,0.000,0.000,0.000,0.000,0.000,0.000
42404.000,-56.000,-159487.000,0.000,0.000,0.000,0.000,0.000,0.000
42414.000,-60.000,-159547.000,0.000,0.000,0.000,0.000,0.000,0.000
42424.000,-60.000,-159607.000,0.000,0.000,0.000,0.000,0.000,0.000
42434.000,-60.000,-159667.000,0.000,0.000,0.000,0.000,0.000,0.000
42444.000,-58.000,-159725.000,0.000,0.000,0.000,0.000,0.000,0.000
42454.000,-60.000,-159785.000,0.000,0.000,0.000,0.000,0.000,0.000
42464.000,-56.000,-159841.000,0.000,0.000,0.000,0.000,0.000,0.000
42474.000,-57.000,-159898.000,0.000,0.000,0.000,0.000,0.000,0.000
42484.000,-56.000,-159954.000,0.000,0.000,0.000,0.000,0.000,0.000
42494.000,-56.000,-160010.000,0.000,0.000,0.000,0.000,0.000,0.000
42504.000,-57.000,-160067.000,0.000,0.000,0.000,0.000,0.000,0.000
42514.000,-60.000,-160127.000,0.000,0.000,0.000,0.000,0.000,0.000
42524.000,-60.000,-160187.000,0.000,0.000,0.000,0.000,0.000,0.000
42534.000,-57.000,-160244.000,0.000,0.000,0.000,0.000,0.000,0.000
42544.000,-61.000,-160305.000,0.000,0.000,0.000,0.000,0.000,0.000
42554.000,-56.000,-160361.000,0.000,0.000,0.000,0.000,0.000,0.000
42564.000,-60.000,-160421.000,0.000,0.000,0.000,0.000,0.000,0.000
42574.000,-60.000,-160481.000,0.000,0.000,0.000,0.000,0.000,0.000
42584.000,-56.000,-160537.000,0.000,0.000,0.000,0.000,0.000,0.000
42594.000,-61.000,-160598.000,0.000,0.000,0.000,0.000,0.000,0.000
42604.000,-56.000,-160654.000,0.000,0.000,0.000,0.000,0.000,0.000
42614.000,-56.000,-160710.000,0.000,0.000,0.000,0.000,0.000,0.000
42624.000,-61.000,-160771.000,0.000,0.000,0.000,0.000,0.000,0.000
42634.000,-56.000,-160827.000,0.000,0.000,0.000,0.000,0.000,0.000
42644.000,-56.000,-160883.000,0.000,0.000,0.000,0.000,0.000,0.000
42654.000,-57.000,-160940.000,0.000,0.000,0.000,0.000,0.000,0.000
42664.000,-61.000,-161001.000,0.000,0.000,0.000,0.000,0.000,0.000
42674.000,-56.000,-161057.000,0.000,0.000,0.000,0.000,0.000,0.000
42684.000,-61.000,-161118.000,0.000,0.000,0.000,0.000,0.000,0.000
42694.000,-60.000,-161178.000,0.000,0.000,0.000,0.000,0.000,0.000
42704.000,-60.000,-161238.000,0.000,0.000,0.000,0.000,0.000,0.000
42714.000,-53.000,-161291.000,0.000,0.000,0.000,0.000,0.000,0.000
42724.000,-56.000,-161347.000,0.000,0.000,0.000,0.000,0.000,0.000
42734.000,-60.000,-161407.000,0.000,0.000,0.000,0.000,0.000,0.000
42744.000,-60.000,-161467.000,0.000,0.000,0.000,0.000,0.000,0.000
42754.000,-54.000,-161521.000,0.000,0.000,0.000,0.000,0.000,0.000
42764.000,-60.000,-161581.000,0.000,0.000,0.000,0.000,0.000,0.000
42774.000,-60.000,-161641.000,0.000,0.000,0.000,0.000,0.000,0.000
42784.000,-57.000,-161698.000,0.000,0.000,0.000,0.000,0.000,0.000
42794.000,-60.000,-161758.000,0.000,0.000,0.000,0.000,0.000,0.000
42804.000,-57.000,-161815.000,0.000,0.000,0.000,0.000,0.000,0.000
42814.000,-56.000,-161871.000,0.000,0.000,0.000,0.000,0.000,0.000
42824.000,-52.000,-161923.000,0.000,0.000,0.000,0.000,0.000,0.000
42834.000,-57.000,-161980.000,0.000,0.000,0.000,0.000,0.000,0.000
42844.000,-61.000,-162041.000,0.000,0.000,0.000,0.000,0.000,0.000
42854.000,-56.000,-162097.000,0.000,0.000,0.000,0.000,0.000,0.000
42864.000,-56.000,-162153.000,0.000,0.000,0.000,0.000,0.000,0.000
42874.000,-57.000,-162210.000,0.000,0.000,0.000,0.000,0.000,0.000
42884.000,-56.000,-162266.000,0.000,0.000,0.000,0.000,0.000,0.000
42894.000,-60.000,-162326.000,0.000,0.000,0.000,0.000,0.000,0.000
42904.000,-60.000,-162386.000,0.000,0.000,0.000,0.000,0.000,0.000
42914.000,-57.000,-162443.000,0.000,0.000,0.000,0.000,0.000,0.000
42924.000,-56.000,-162499.000,0.000,0.000,0.000,0.000,0.000,0.000
42934.000,-60.000,-162559.000,0.000,0.000,0.000,0.000,0.000,0.000
42944.000,-57.000,-162616.000,0.000,0.000,0.000,0.000,0.000,0.000
42954.000,-61.000,-162677.000,0.000,0.000,0.000,0.000,0.000,0.000
42964.000,-60.000,-162737.000,0.000,0.000,0.000,0.000,0.000,0.000
42974.000,-60.000,-162797.000,0.000,0.000,0.000,0.000,0.000,0.000
42984.000,-61.000,-162858.000,0.000,0.000,0.000,0.000,0.000,0.000
42994.000,-60.000,-162918.000,0.000,0.000,0.000,0.000,0.000,0.000
43004.000,-60.000,-162978.000,0.000,0.000,0.000,0.000,0.000,0.000
43014.000,-61.000,-163039.000,0.000,0.000,0.000,0.000,0.000,0.000
43024.000,-60.000,-163099.000,0.000,0.000,0.000,0.000,0.000,0.000
43034.000,-56.000,-163155.000,0.000,0.000,0.000,0.000,0.000,0.000
43044.000,-61.000,-163216.000,0.000,0.000,0.000,0.000,0.000,0.000
43054.000,-61.000,-163277.000,0.000,0.000,0.000,0.000,0.000,0.000
43064.000,-56.000,-163333.000,0.000,0.000,0.000,0.000,0.000,0.000
43074.000,-60.000,-163393.000,0.000,0.000,0.000,0.000,0.000,0.000
43084.000,-57.000,-163450.000,0.000,0.000,0.000,0.000,0.000,0.000
43094.000,-60.000,-163510.000,0.000,0.000,0.000,0.000,0.000,0.000
43104.000,-57.000,-163567.000,0.000,0.000,0.000,0.000,0.000,0.000
43114.000,-56.000,-163623.000,0.000,0.000,0.000,0.000,0.000,0.000
43124.000,-60.000,-163683.000,0.000,0.000,0.000,0.000,0.000,0.000
43134.000,-58.000,-163741.000,0.000,0.000,0.000,0.000,0.000,0.000
43144.000,-56.000,-163797.000,0.000,0.000,0.000,0.000,0.000,0.000
43154.000,-56.000,-163853.000,0.000,0.000,0.000,0.000,0.000,0.000
43164.000,-57.000,-163910.000,0.000,0.000,0.000,0.000,0.000,0.000
43174.000,-52.000,-163962.000,0.000,0.000,0.000,0.000,0.000,0.000
43184.000,-57.000,-164019.000,0.000,0.000,0.000,0.000,0.000,0.000
43194.000,-60.000,-164079.000,0.000,0.000,0.000,0.000,0.000,0.000
43204.000,-56.000,-164135.000,0.000,0.000,0.000,0.000,0.000,0.000
43214.000,-57.000,-164192.000,0.000,0.000,0.000,0.000,0.000,0.000
43224.000,-57.000,-164249.000,0.000,0.000,0.000,0.000,0.000,0.000
43234.000,-60.000,-164309.000,0.000,0.000,0.000,0.000,0.000,0.000
43244.000,-61.000,-164370.000,0.000,0.000,0.000,0.000,0.000,0.000
43254.000,-56.000,-164426.000,0.000,0.000,0.000,0.000,0.000,0.000
43264.000,-61.000,-164487.000,0.000,0.000,0.000,0.000,0.000,0.000
43274.000,-56.000,-164543.000,0.000,0.000,0.000,0.000,0.000,0.000
43284.000,-56.000,-164599.000,0.000,0.000,0.000,0.000,0.000,0.000
43294.000,-58.000,-164657.000,0.000,0.000,0.000,0.000,0.000,0.000
43304.000,-56.000,-164713.000,0.000,0.000,0.000,0.000,0.000,0.000
43314.000,-56.000,-164769.000,0.000,0.000,0.000,0.000,0.000,0.000
43324.000,-52.000,-164821.000,0.000,0.000,0.000,0.000,0.000,0.000
43334.000,-57.000,-164878.000,0.000,0.000,0.000,0.000,0.000,0.000
43344.000,-60.000,-164938.000,0.000,0.000,0.000,0.000,0.000,0.000
43354.000,-61.000,-164999.000,0.000,0.000,0.000,0.000,0.000,0.000
43364.000,-60.000,-165059.000,0.000,0.000,0.000,0.000,0.000,0.000
43374.000,-60.000,-165119.000,0.000,0.000,0.000,0.000,0.000,0.000
43384.000,-56.000,-165175.000,0.000,0.000,0.000,0.000,0.000,0.000
43394.000,-58.000,-165233.000,0.000,0.000,0.000,0.000,0.000,0.000
43404.000,-56.000,-165289.000,0.000,0.000,0.000,0.000,0.000,0.000
43414.000,-56.000,-165345.000,0.000,0.000,0.000,0.000,0.000,0.000
43424.000,-61.000,-165406.000,0.000,0.000,0.000,0.000,0.000,0.000
43434.000,-60.000,-165466.000,0.000,0.000,0.000,0.000,0.000,0.000
43444.000,-52.000,-165518.000,0.000,0.000,0.000,0.000,0.000,0.000
43454.000,-57.000,-165575.000,0.000,0.000,0.000,0.000,0.000,0.000
43464.000,-56.000,-165631.000,0.000,0.000,0.000,0.000,0.000,0.000
43474.000,-56.000,-165687.000,0.000,0.000,0.000,0.000,0.000,0.000
43484.000,-58.000,-165745.000,0.000,0.000,0.000,0.000,0.000,0.000
43494.000,-60.000,-165805.000,0.000,0.000,0.000,0.000,0.000,0.000
43504.000,-56.000,-165861.000,0.000,0.000,0.000,0.000,0.000,0.000
43514.000,-61.000,-165922.000,0.000,0.000,0.000,0.000,0.000,0.000
43524.000,-59.000,-165981.000,0.000,0.000,0.000,0.000,0.000,0.000
43534.000,-61.000,-166042.000,0.000,0.000,0.000,0.000,0.000,0.000
43544.000,-60.000,-166102.000,0.000,0.000,0.000,0.000,0.000,0.000
43554.000,-56.000,-166158.000,0.000,0.000,0.000,0.000,0.000,0.000
43564.000,-57.000,-166215.000,0.000,0.000,0.000,0.000,0.000,0.000
43574.000,-61.000,-166276.000,0.000,0.000,0.000,0.000,0.000,0.000
43584.000,-60.000,-166336.000,0.000,0.000,0.000,0.000,0.000,0.000
43594.000,-61.000,-166397.000,0.000,0.000,0.000,0.000,0.000,0.000
43604.000,-56.000,-166453.000,0.000,0.000,0.000,0.000,0.000,0.000
43614.000,-60.000,-166513.000,0.000,0.000,0.000,0.000,0.000,0.000
43624.000,-61.000,-166574.000,0.000,0.000,0.000,0.000,0.000,0.000
43634.000,-60.000,-166634.000,0.000,0.000,0.000,0.000,0.000,0.000
43644.000,-60.000,-166694.000,0.000,0.000,0.000,0.000,0.000,0.000
43654.000,-57.000,-166751.000,0.000,0.000,0.000,0.000,0.000,0.000
43664.000,-57.000,-166808.000,0.000,0.000,0.000,0.000,0.000,0.000
43674.000,-59.000,-166867.000,0.000,0.000,0.000,0.000,0.000,0.000
43684.000,-61.000,-166928.000,0.000,0.000,0.000,0.000,0.000,0.000
43694.000,-56.000,-166984.000,0.000,0.000,0.000,0.000,0.000,0.000
43704.000,-60.000,-167044.000,0.000,0.000,0.000,0.000,0.000,0.000
43714.000,-57.000,-167101.000,0.000,0.000,0.000,0.000,0.000,0.000
43724.000,-56.000,-167157.000,0.000,0.000,0.000,0.000,0.000,0.000
43734.000,-60.000,-167217.000,0.000,0.000,0.000,0.000,0.000,0.000
43744.000,-57.000,-167274.000,0.000,0.000,0.000,0.000,0.000,0.000
43754.000,-57.000,-167331.000,0.000,0.000,0.000,0.000,0.000,0.000
43764.000,-60.000,-167391.000,0.000,0.000,0.000,0.000,0.000,0.000
43774.000,-60.000,-167451.000,0.000,0.000,0.000,0.000,0.000,0.000
43784.000,-61.000,-167512.000,0.000,0.000,0.000,0.000,0.000,0.000
43794.000,-55.000,-167567.000,0.000,0.000,0.000,0.000,0.000,0.000
43804.000,-61.000,-167628.000,0.000,0.000,0.000,0.000,0.000,0.000
43814.000,-60.000,-167688.000,0.000,0.000,0.000,0.000,0.000,0.000
43824.000,-60.000,-167748.000,0.000,0.000,0.000,0.000,0.000,0.000
43834.000,-57.000,-167805.000,0.000,0.000,0.000,0.000,0.000,0.000
43844.000,-57.000,-167862.000,0.000,0.000,0.000,0.000,0.000,0.000
43854.000,-59.000,-167921.000,0.000,0.000,0.000,0.000,0.000,0.000
43864.000,-52.000,-167973.000,0.000,0.000,0.000,0.000,0.000,0.000
43874.000,-57.000,-168030.000,0.000,0.000,0.000,0.000,0.000,0.000
43884.000,-60.000,-168090.000,0.000,0.000,0.000,0.000,0.000,0.000
43894.000,-60.000,-168150.000,0.000,0.000,0.000,0.000,0.000,0.000
43904.000,-61.000,-168211.000,0.000,0.000,0.000,0.000,0.000,0.000
43914.000,-56.000,-168267.000,0.000,0.000,0.000,0.000,0.000,0.000
43924.000,-60.000,-168327.000,0.000,0.000,0.000,0.000,0.000,0.000
43934.000,-56.000,-168383.000,0.000,0.000,0.000,0.000,0.000,0.000
43944.000,-54.000,-168437.000,0.000,0.000,0.000,0.000,0.000,0.000
43954.000,-56.000,-168493.000,0.000,0.000,0.000,0.000,0.000,0.000
43964.000,-56.000,-168549.000,0.000,0.000,0.000,0.000,0.000,0.000
43974.000,-57.000,-168606.000,0.000,0.000,0.000,0.000,0.000,0.000
43984.000,-52.000,-168658.000,0.000,0.000,0.000,0.000,0.000,0.000
43994.000,-61.000,-168719.000,0.000,0.000,0.000,0.000,0.000,0.000
44004.000,-56.000,-168775.000,0.000,0.000,0.000,0.000,0.000,0.000
44014.000,-56.000,-168831.000,0.000,0.000,0.000,0.000,0.000,0.000
44024.000,-60.000,-168891.000,0.000,0.000,0.000,0.000,0.000,0.000
44034.000,-62.000,-168953.000,0.000,0.000,0.000,0.000,0.000,0.000
44044.000,-56.000,-169009.000,0.000,0.000,0.000,0.000,0.000,0.000
44054.000,-56.000,-169065.000,0.000,0.000,0.000,0.000,0.000,0.000
44064.000,-56.000,-169121.000,0.000,0.000,0.000,0.000,0.000,0.000
44074.000,-56.000,-169177.000,0.000,0.000,0.000,0.000,0.000,0.000
44084.000,-56.000,-169233.000,0.000,0.000,0.000,0.000,0.000,0.000
44094.000,-57.000,-169290.000,0.000,0.000,0.000,0.000,0.000,0.000
44104.000,-60.000,-169350.000,0.000,0.000,0.000,0.000,0.000,0.000
44114.000,-61.000,-169411.000,0.000,0.000,0.000,0.000,0.000,0.000
44124.000,-60.000,-169471.000,0.000,0.000,0.000,0.000,0.000,0.000
44134.000,-60.000,-169531.000,0.000,0.000,0.000,0.000,0.000,0.000
44144.000,-60.000,-169591.000,0.000,0.000,0.000,0.000,0.000,0.000
44154.000,-56.000,-169647.000,0.000,0.000,0.000,0.000,0.000,0.000
44164.000,-57.000,-169704.000,0.000,0.000,0.000,0.000,0.000,0.000
44174.000,-57.000,-169761.000,0.000,0.000,0.000,0.000,0.000,0.000
44184.000,-60.000,-169821.000,0.000,0.000,0.000,0.000,0.000,0.000
44194.000,-56.000,-169877.000,0.000,0.000,0.000,0.000,0.000,0.000
44204.000,-60.000,-169937.000,0.000,0.000,0.000,0.000,0.000,0.000
44214.000,-52.000,-169989.000,0.000,0.000,0.000,0.000,0.000,0.000
44224.000,-61.000,-170050.000,0.000,0.000,0.000,0.000,0.000,0.000
44234.000,-60.000,-170110.000,0.000,0.000,0.000,0.000,0.000,0.000
44244.000,-60.000,-170170.000,0.000,0.000,0.000,0.000,0.000,0.000
44254.000,-52.000,-170222.000,0.000,0.000,0.000,0.000,0.000,0.000
44264.000,-57.000,-170279.000,0.000,0.000,0.000,0.000,0.000,0.000
44274.000,-56.000,-170335.000,0.000,0.000,0.000,0.000,0.000,0.000
44284.000,-60.000,-170395.000,0.000,0.000,0.000,0.000,0.000,0.000
44294.000,-57.000,-170452.000,0.000,0.000,0.000,0.000,0.000,0.000
44304.000,-61.000,-170513.000,0.000,0.000,0.000,0.000,0.000,0.000
44314.000,-56.000,-170569.000,0.000,0.000,0.000,0.000,0.000,0.000
44324.000,-56.000,-170625.000,0.000,0.000,0.000,0.000,0.000,0.000
44334.000,-57.000,-170682.000,0.000,0.000,0.000,0.000,0.000,0.000
44344.000,-56.000,-170738.000,0.000,0.000,0.000,0.000,0.000,0.000
44354.000,-56.000,-170794.000,0.000,0.000,0.000,0.000,0.000,0.000
44364.000,-57.000,-170851.000,0.000,0.000,0.000,0.000,0.000,0.000
44374.000,-52.000,-170903.000,0.000,0.000,0.000,0.000,0.000,0.000
44384.000,-56.000,-170959.000,0.000,0.000,0.000,0.000,0.000,0.000
44394.000,-60.000,-171019.000,0.000,0.000,0.000,0.000,0.000,0.000
44404.000,-60.000,-171079.000,0.000,0.000,0.000,0.000,0.000,0.000
44414.000,-53.000,-171132.000,0.000,0.000,0.000,0.000,0.000,0.000
44424.000,-57.000,-171189.000,0.000,0.000,0.000,0.000,0.000,0.000
44434.000,-56.000,-171245.000,0.000,0.000,0.000,0.000,0.000,0.000
44444.000,-56.000,-171301.000,0.000,0.000,0.000,0.000,0.000,0.000
44454.000,-53.000,-171354.000,0.000,0.000,0.000,0.000,0.000,0.000
44464.000,-56.000,-171410.000,0.000,0.000,0.000,0.000,0.000,0.000
44474.000,-56.000,-171466.000,0.000,0.000,0.000,0.000,0.000,0.000
44484.000,-61.000,-171527.000,0.000,0.000,0.000,0.000,0.000,0.000
44494.000,-56.000,-171583.000,0.000,0.000,0.000,0.000,0.000,0.000
44504.000,-56.000,-171639.000,0.000,0.000,0.000,0.000,0.000,0.000
44514.000,-56.000,-171695.000,0.000,0.000,0.000,0.000,0.000,0.000
44524.000,-56.000,-171751.000,0.000,0.000,0.000,0.000,0.000,0.000
44534.000,-54.000,-171805.000,0.000,0.000,0.000,0.000,0.000,0.000
44544.000,-56.000,-171861.000,0.000,0.000,0.000,0.000,0.000,0.000
44554.000,-56.000,-171917.000,0.000,0.000,0.000,0.000,0.000,0.000
44564.000,-61.000,-171978.000,0.000,0.000,0.000,0.000,0.000,0.000
44574.000,-60.000,-172038.000,0.000,0.000,0.000,0.000,0.000,0.000
44584.000,-56.000,-172094.000,0.000,0.000,0.000,0.000,0.000,0.000
44594.000,-61.000,-172155.000,0.000,0.000,0.000,0.000,0.000,0.000
44604.000,-52.000,-172207.000,0.000,0.000,0.000,0.000,0.000,0.000
44614.000,-56.000,-172263.000,0.000,0.000,0.000,0.000,0.000,0.000
44624.000,-62.000,-172325.000,0.000,0.000,0.000,0.000,0.000,0.000
44634.000,-56.000,-172381.000,0.000,0.000,0.000,0.000,0.000,0.000
44644.000,-52.000,-172433.000,0.000,0.000,0.000,0.000,0.000,0.000
44654.000,-57.000,-172490.000,0.000,0.000,0.000,0.000,0.000,0.000
44664.000,-60.000,-172550.000,0.000,0.000,0.000,0.000,0.000,0.000
44674.000,-57.000,-172607.000,0.000,0.000,0.000,0.000,0.000,0.000
44684.000,-56.000,-172663.000,0.000,0.000,0.000,0.000,0.000,0.000
44694.000,-56.000,-172719.000,0.000,0.000,0.000,0.000,0.000,0.000
44704.000,-57.000,-172776.000,0.000,0.000,0.000,0.000,0.000,0.000
44714.000,-57.000,-172833.000,0.000,0.000,0.000,0.000,0.000,0.000
44724.000,-56.000,-172889.000,0.000,0.000,0.000,0.000,0.000,0.000
44734.000,-57.000,-172946.000,0.000,0.000,0.000,0.000,0.000,0.000
44744.000,-60.000,-173006.000,0.000,0.000,0.000,0.000,0.000,0.000
44754.000,-57.000,-173063.000,0.000,0.000,0.000,0.000,0.000,0.000
44764.000,-56.000,-173119.000,0.000,0.000,0.000,0.000,0.000,0.000
44774.000,-57.000,-173176.000,0.000,0.000,0.000,0.000,0.000,0.000
44784.000,-57.000,-173233.000,0.000,0.000,0.000,0.000,0.000,0.000
44794.000,-60.000,-173293.000,0.000,0.000,0.000,0.000,0.000,0.000
44804.000,-57.000,-173350.000,0.000,0.000,0.000,0.000,0.000,0.000
44814.000,-60.000,-173410.000,0.000,0.000,0.000,0.000,0.000,0.000
44824.000,-56.000,-173466.000,0.000,0.000,0.000,0.000,0.000,0.000
44834.000,-57.000,-173523.000,0.000,0.000,0.000,0.000,0.000,0.000
44844.000,-59.000,-173582.000,0.000,0.000,0.000,0.000,0.000,0.000
44854.000,-60.000,-173642.000,0.000,0.000,0.000,0.000,0.000,0.000
44864.000,-58.000,-173700.000,0.000,0.000,0.000,0.000,0.000,0.000
44874.000,-56.000,-173756.000,0.000,0.000,0.000,0.000,0.000,0.000
44884.000,-57.000,-173813.000,0.000,0.000,0.000,0.000,0.000,0.000
44894.000,-56.000,-173869.000,0.000,0.000,0.000,0.000,0.000,0.000
44904.000,-61.000,-173930.000,0.000,0.000,0.000,0.000,0.000,0.000
44914.000,-60.000,-173990.000,0.000,0.000,0.000,0.000,0.000,0.000
44924.000,-56.000,-174046.000,0.000,0.000,0.000,0.000,0.000,0.000
44934.000,-61.000,-174107.000,0.000,0.000,0.000,0.000,0.000,0.000
44944.000,-61.000,-174168.000,0.000,0.000,0.000,0.000,0.000,0.000
44954.000,-52.000,-174220.000,0.000,0.000,0.000,0.000,0.000,0.000
44964.000,-57.000,-174277.000,0.000,0.000,0.000,0.000,0.000,0.000
44974.000,-60.000,-174337.000,0.000,0.000,0.000,0.000,0.000,0.000
44984.000,-57.000,-174394.000,0.000,0.000,0.000,0.000,0.000,0.000
44994.000,-60.000,-174454.000,0.000,0.000,0.000,0.000,0.000,0.000
45004.000,-61.000,-174515.000,0.000,0.000,0.000,0.000,0.000,0.000
45014.000,-57.000,-174572.000,0.000,0.000,0.000,0.000,0.000,0.000
45024.000,-56.000,-174628.000,0.000,0.000,0.000,0.000,0.000,0.000
45034.000,-57.000,-174685.000,0.000,0.000,0.000,0.000,0.000,0.000
45044.000,-61.000,-174746.000,0.000,0.000,0.000,0.000,0.000,0.000
45054.000,-60.000,-174806.000,0.000,0.000,0.000,0.000,0.000,0.000
45064.000,-56.000,-174862.000,0.000,0.000,0.000,0.000,0.000,0.000
45074.000,-58.000,-174920.000,0.000,0.000,0.000,0.000,0.000,0.000
45084.000,-60.000,-174980.000,0.000,0.000,0.000,0.000,0.000,0.000
45094.000,-61.000,-175041.000,0.000,0.000,0.000,0.000,0.000,0.000
45104.000,-55.000,-175096.000,21.000,7200.000,0.000,0.000,0.000,0.000
45114.000,-46.000,-175142.000,21.000,7200.000,0.000,0.000,0.000,0.000
45124.000,-38.000,-175180.000,21.000,7200.000,0.000,0.000,0.000,0.000
45134.000,-32.000,-175212.000,21.000,7200.000,0.000,0.000,0.000,0.000
45144.000,-26.000,-175238.000,21.000,7200.000,0.000,0.000,0.000,0.000
45154.000,-20.000,-175258.000,21.000,7200.000,0.000,0.000,0.000,0.000
45164.000,-18.000,-175276.000,21.000,7200.000,0.000,0.000,0.000,0.000
45174.000,-14.000,-175290.000,21.000,7200.000,0.000,0.000,0.000,0.000
45184.000,-12.000,-175302.000,21.000,7200.000,0.000,0.000,0.000,0.000
45194.000,-10.000,-175312.000,21.000,7200.000,0.000,0.000,0.000,0.000
45204.000,-8.000,-175320.000,21.000,7200.000,0.000,0.000,0.000,0.000
45214.000,-6.000,-175326.000,21.000,7200.000,0.000,0.000,0.000,0.000
45224.000,-4.000,-175330.000,21.000,7200.000,0.000,0.000,0.000,0.000
45234.000,-4.000,-175334.000,21.000,7200.000,0.000,0.000,0.000,0.000
45244.000,-2.000,-175336.000,21.000,7200.000,0.000,0.000,0.000,0.000
45254.000,-2.000,-175338.000,21.000,7200.000,0.000,0.000,0.000,0.000
45264.000,0.000,-175338.000,21.000,7200.000,0.000,0.000,0.000,0.000
45274.000,0.000,-175338.000,21.000,7200.000,0.000,0.000,0.000,0.000
45284.000,0.000,-175338.000,21.000,7200.000,0.000,0.000,0.000,0.000
45294.000,0.000,-175338.000,21.000,7200.000,0.000,0.000,0.000,0.000
45304.000,0.000,-175338.000,21.000,7200.000,0.000,0.000,0.000,0.000
45314.000,0.000,-175338.000,21.000,7200.000,0.000,0.000,0.000,0.000
45324.000,0.000,-175338.000,21.000,7200.000,0.000,0.000,0.000,0.000
45334.000,0.000,-175338.000,21.000,7200.000,0.000,0.000,0.000,0.000
45344.000,0.000,-175338.000,21.000,7200.000,0.000,0.000,0.000,0.000
45354.000,0.000,-175338.000,21.000,7200.000,0.000,0.000,0.000,0.000
45364.000,0.000,-175338.000,21.000,7200.000,0.000,0.000,0.000,0.000
45374.000,0.000,-175338.000,21.000,7200.000,0.000,0.000,0.000,0.000
45384.000,0.000,-175338.000,21.000,7200.000,0.000,0.000,0.000,0.000
45394.000,0.000,-175338.000,21.000,7200.000,0.000,0.000,0.000,0.000
45404.000,0.000,-175338.000,21.000,7200.000,0.000,0.000,0.000,0.000
45414.000,0.000,-175338.000,21.000,7200.000,0.000,0.000,0.000,0.000
45424.000,0.000,-175338.000,21.000,7200.000,0.000,0.000,0.000,0.000
45434.000,0.000,-175338.000,21.000,7200.000,0.000,0.000,0.000,0.000
45444.000,0.000,-175338.000,21.000,7200.000,0.000,0.000,0.000,0.000
45454.000,0.000,-175338.000,21.000,7200.000,0.000,0.000,0.000,0.000
45464.000,0.000,-175338.000,21.000,7200.000,0.000,0.000,0.000,0.000
45474.000,0.000,-175338.000,21.000,7200.000,0.000,0.000,0.000,0.000
45484.000,0.000,-175338.000,21.000,7200.000,0.000,0.000,0.000,0.000
45494.000,0.000,-175338.000,21.000,7200.000,0.000,0.000,0.000,0.000
45504.000,0.000,-175338.000,21.000,7200.000,0.000,0.000,0.000,0.000
45514.000,0.000,-175338.000,21.000,7200.000,0.000,0.000,0.000,0.000
45524.000,0.000,-175338.000,21.000,7200.000,0.000,0.000,0.000,0.000
45534.000,0.000,-175338.000,21.000,7200.000,0.000,0.000,0.000,0.000
45544.000,0.000,-175338.000,21.000,7200.000,0.000,0.000,0.000,0.000
45554.000,0.000,-175338.000,21.000,7200.000,0.000,0.000,0.000,0.000
45564.000,0.000,-175338.000,21.000,7200.000,0.000,0.000,0.000,0.000
45574.000,0.000,-175338.000,21.000,7200.000,0.000,0.000,0.000,0.000
45584.000,0.000,-175338.000,21.000,7200.000,0.000,0.000,0.000,0.000
45594.000,0.000,-175338.000,21.000,7200.000,0.000,0.000,0.000,0.000
45604.000,0.000,-175338.000,21.000,7200.000,0.000,0.000,0.000,0.000
45614.000,0.000,-175338.000,21.000,7200.000,0.000,0.000,0.000,0.000
45624.000,0.000,-175338.000,21.000,7200.000,0.000,0.000,0.000,0.000
45634.000,0.000,-175338.000,21.000,7200.000,0.000,0.000,0.000,0.000
45644.000,0.000,-175338.000,21.000,7200.000,0.000,0.000,0.000,0.000
45654.000,0.000,-175338.000,21.000,7200.000,0.000,0.000,0.000,0.000
45664.000,0.000,-175338.000,21.000,7200.000,0.000,0.000,0.000,0.000
45674.000,0.000,-175338.000,21.000,7200.000,0.000,0.000,0.000,0.000
45684.000,0.000,-175338.000,21.000,7200.000,0.000,0.000,0.000,0.000
45694.000,0.000,-175338.000,21.000,7200.000,0.000,0.000,0.000,0.000
45704.000,0.000,-175338.000,21.000,7200.000,0.000,0.000,0.000,0.000
45714.000,0.000,-175338.000,21.000,7200.000,0.000,0.000,0.000,0.000
45724.000,0.000,-175338.000,21.000,7200.000,0.000,0.000,0.000,0.000
45734.000,0.000,-175338.000,21.000,7200.000,0.000,0.000,0.000,0.000
45744.000,0.000,-175338.000,21.000,7200.000,0.000,0.000,0.000,0.000
45754.000,0.000,-175338.000,21.000,7200.000,0.000,0.000,0.000,0.000
45764.000,0.000,-175338.000,21.000,7200.000,0.000,0.000,0.000,0.000
45774.000,0.000,-175338.000,21.000,7200.000,0.000,0.000,0.000,0.000
45784.000,0.000,-175338.000,21.000,7200.000,0.000,0.000,0.000,0.000
45794.000,0.000,-175338.000,21.000,7200.000,0.000,0.000,0.000,0.000
45804.000,0.000,-175338.000,21.000,7200.000,0.000,0.000,0.000,0.000
45814.000,0.000,-175338.000,21.000,7200.000,0.000,0.000,0.000,0.000
45824.000,0.000,-175338.000,21.000,7200.000,0.000,0.000,0.000,0.000
45834.000,0.000,-175338.000,21.000,7200.000,0.000,0.000,0.000,0.000
45844.000,0.000,-175338.000,21.000,7200.000,0.000,0.000,0.000,0.000
45854.000,0.000,-175338.000,21.000,7200.000,0.000,0.000,0.000,0.000
45864.000,0.000,-175338.000,21.000,7200.000,0.000,0.000,0.000,0.000
45874.000,0.000,-175338.000,21.000,7200.000,0.000,0.000,0.000,0.000
45884.000,0.000,-175338.000,21.000,7200.000,0.000,0.000,0.000,0.000
45894.000,0.000,-175338.000,21.000,7200.000,0.000,0.000,0.000,0.000
45904.000,0.000,-175338.000,21.000,7200.000,0.000,0.000,0.000,0.000
45914.000,0.000,-175338.000,21.000,7200.000,0.000,0.000,0.000,0.000
45924.000,0.000,-175338.000,21.000,7200.000,0.000,0.000,0.000,0.000
45934.000,0.000,-175338.000,21.000,7200.000,0.000,0.000,0.000,0.000
45944.000,0.000,-175338.000,21.000,7200.000,0.000,0.000,0.000,0.000
45954.000,0.000,-175338.000,21.000,7200.000,0.000,0.000,0.000,0.000
45964.000,0.000,-175338.000,21.000,7200.000,0.000,0.000,0.000,0.000
45974.000,0.000,-175338.000,21.000,7200.000,0.000,0.000,0.000,0.000
45984.000,0.000,-175338.000,21.000,7200.000,0.000,0.000,0.000,0.000
45994.000,0.000,-175338.000,21.000,7200.000,0.000,0.000,0.000,0.000
46004.000,0.000,-175338.000,21.000,7200.000,0.000,0.000,0.000,0.000
46014.000,0.000,-175338.000,21.000,7200.000,0.000,0.000,0.000,0.000
46024.000,0.000,-175338.000,21.000,7200.000,0.000,0.000,0.000,0.000
46034.000,0.000,-175338.000,21.000,7200.000,0.000,0.000,0.000,0.000
46044.000,0.000,-175338.000,21.000,7200.000,0.000,0.000,0.000,0.000
46054.000,0.000,-175338.000,21.000,7200.000,0.000,0.000,0.000,0.000
46064.000,0.000,-175338.000,21.000,7200.000,0.000,0.000,0.000,0.000
46074.000,0.000,-175338.000,21.000,7200.000,0.000,0.000,0.000,0.000
46084.000,0.000,-175338.000,21.000,7200.000,0.000,0.000,0.000,0.000
46094.000,0.000,-175338.000,21.000,7200.000,0.000,0.000,0.000,0.000
46104.000,0.000,-175338.000,21.000,7200.000,0.000,0.000,0.000,0.000
46114.000,0.000,-175338.000,21.000,7200.000,0.000,0.000,0.000,0.000
46124.000,0.000,-175338.000,21.000,7200.000,0.000,0.000,0.000,0.000
46134.000,0.000,-175338.000,21.000,7200.000,0.000,0.000,0.000,0.000
46144.000,0.000,-175338.000,21.000,7200.000,0.000,0.000,0.000,0.000
46154.000,0.000,-175338.000,21.000,7200.000,0.000,0.000,0.000,0.000
46164.000,0.000,-175338.000,21.000,7200.000,0.000,0.000,0.000,0.000
46174.000,0.000,-175338.000,21.000,7200.000,0.000,0.000,0.000,0.000
46184.000,0.000,-175338.000,21.000,7200.000,0.000,0.000,0.000,0.000
46194.000,0.000,-175338.000,21.000,7200.000,0.000,0.000,0.000,0.000
46204.000,0.000,-175338.000,21.000,7200.000,0.000,0.000,0.000,0.000
46214.000,0.000,-175338.000,21.000,7200.000,0.000,0.000,0.000,0.000
46224.000,0.000,-175338.000,21.000,7200.000,0.000,0.000,0.000,0.000
46234.000,0.000,-175338.000,21.000,7200.000,0.000,0.000,0.000,0.000
46244.000,0.000,-175338.000,21.000,7200.000,0.000,0.000,0.000,0.000
46254.000,0.000,-175338.000,21.000,7200.000,0.000,0.000,0.000,0.000
46264.000,0.000,-175338.000,21.000,7200.000,0.000,0.000,0.000,0.000
46274.000,0.000,-175338.000,21.000,7200.000,0.000,0.000,0.000,0.000
46284.000,0.000,-175338.000,21.000,7200.000,0.000,0.000,0.000,0.000
46294.000,0.000,-175338.000,21.000,7200.000,0.000,0.000,0.000,0.000
46304.000,0.000,-175338.000,21.000,7200.000,0.000,0.000,0.000,0.000
46314.000,0.000,-175338.000,21.000,7200.000,0.000,0.000,0.000,0.000
46324.000,0.000,-175338.000,21.000,7200.000,0.000,0.000,0.000,0.000
46334.000,0.000,-175338.000,21.000,7200.000,0.000,0.000,0.000,0.000
46344.000,0.000,-175338.000,21.000,7200.000,0.000,0.000,0.000,0.000
46354.000,0.000,-175338.000,21.000,7200.000,0.000,0.000,0.000,0.000
46364.000,0.000,-175338.000,21.000,7200.000,0.000,0.000,0.000,0.000
46374.000,0.000,-175338.000,21.000,7200.000,0.000,0.000,0.000,0.000
46384.000,0.000,-175338.000,21.000,7200.000,0.000,0.000,0.000,0.000
46394.000,0.000,-175338.000,21.000,7200.000,0.000,0.000,0.000,0.000
46404.000,0.000,-175338.000,21.000,7200.000,0.000,0.000,0.000,0.000
46414.000,0.000,-175338.000,21.000,7200.000,0.000,0.000,0.000,0.000
46424.000,0.000,-175338.000,21.000,7200.000,0.000,0.000,0.000,0.000
46434.000,0.000,-175338.000,21.000,7200.000,0.000,0.000,0.000,0.000
46444.000,0.000,-175338.000,21.000,7200.000,0.000,0.000,0.000,0.000
46454.000,0.000,-175338.000,21.000,7200.000,0.000,0.000,0.000,0.000
46464.000,0.000,-175338.000,21.000,7200.000,0.000,0.000,0.000,0.000
46474.000,0.000,-175338.000,21.000,7200.000,0.000,0.000,0.000,0.000
46484.000,0.000,-175338.000,21.000,7200.000,0.000,0.000,0.000,0.000
46494.000,0.000,-175338.000,21.000,7200.000,0.000,0.000,0.000,0.000
46504.000,0.000,-175338.000,21.000,7200.000,0.000,0.000,0.000,0.000
46514.000,0.000,-175338.000,21.000,7200.000,0.000,0.000,0.000,0.000
46524.000,0.000,-175338.000,21.000,7200.000,0.000,0.000,0.000,0.000
46534.000,0.000,-175338.000,21.000,7200.000,0.000,0.000,0.000,0.000
46544.000,0.000,-175338.000,21.000,7200.000,0.000,0.000,0.000,0.000
46554.000,0.000,-175338.000,21.000,7200.000,0.000,0.000,0.000,0.000
46564.000,0.000,-175338.000,21.000,7200.000,0.000,0.000,0.000,0.000
46574.000,0.000,-175338.000,21.000,7200.000,0.000,0.000,0.000,0.000
46584.000,0.000,-175338.000,21.000,7200.000,0.000,0.000,0.000,0.000
46594.000,0.000,-175338.000,21.000,7200.000,0.000,0.000,0.000,0.000
46604.000,0.000,-175338.000,21.000,7200.000,0.000,0.000,0.000,0.000
46614.000,0.000,-175338.000,21.000,7200.000,0.000,0.000,0.000,0.000
46624.000,0.000,-175338.000,21.000,7200.000,0.000,0.000,0.000,0.000
46634.000,0.000,-175338.000,21.000,7200.000,0.000,0.000,0.000,0.000
46644.000,0.000,-175338.000,21.000,7200.000,0.000,0.000,0.000,0.000
46654.000,0.000,-175338.000,21.000,7200.000,0.000,0.000,0.000,0.000
46664.000,0.000,-175338.000,21.000,7200.000,0.000,0.000,0.000,0.000
46674.000,0.000,-175338.000,21.000,7200.000,0.000,0.000,0.000,0.000
46684.000,0.000,-175338.000,21.000,7200.000,0.000,0.000,0.000,0.000
46694.000,0.000,-175338.000,21.000,7200.000,0.000,0.000,0.000,0.000
46704.000,0.000,-175338.000,21.000,7200.000,0.000,0.000,0.000,0.000
46714.000,0.000,-175338.000,21.000,7200.000,0.000,0.000,0.000,0.000
46724.000,0.000,-175338.000,21.000,7200.000,0.000,0.000,0.000,0.000
46734.000,0.000,-175338.000,21.000,7200.000,0.000,0.000,0.000,0.000
46744.000,0.000,-175338.000,21.000,7200.000,0.000,0.000,0.000,0.000
46754.000,0.000,-175338.000,21.000,7200.000,0.000,0.000,0.000,0.000
46764.000,0.000,-175338.000,21.000,7200.000,0.000,0.000,0.000,0.000
46774.000,0.000,-175338.000,21.000,7200.000,0.000,0.000,0.000,0.000
46784.000,0.000,-175338.000,21.000,7200.000,0.000,0.000,0.000,0.000
46794.000,0.000,-175338.000,21.000,7200.000,0.000,0.000,0.000,0.000
46804.000,0.000,-175338.000,21.000,7200.000,0.000,0.000,0.000,0.000
46814.000,0.000,-175338.000,21.000,7200.000,0.000,0.000,0.000,0.000
46824.000,0.000,-175338.000,21.000,7200.000,0.000,0.000,0.000,0.000
46834.000,0.000,-175338.000,21.000,7200.000,0.000,0.000,0.000,0.000
46844.000,0.000,-175338.000,21.000,7200.000,0.000,0.000,0.000,0.000
46854.000,0.000,-175338.000,21.000,7200.000,0.000,0.000,0.000,0.000
46864.000,0.000,-175338.000,21.000,7200.000,0.000,0.000,0.000,0.000
46874.000,0.000,-175338.000,21.000,7200.000,0.000,0.000,0.000,0.000
46884.000,0.000,-175338.000,21.000,7200.000,0.000,0.000,0.000,0.000
46894.000,0.000,-175338.000,21.000,7200.000,0.000,0.000,0.000,0.000
46904.000,0.000,-175338.000,21.000,7200.000,0.000,0.000,0.000,0.000
46914.000,0.000,-175338.000,21.000,7200.000,0.000,0.000,0.000,0.000
46924.000,0.000,-175338.000,21.000,7200.000,0.000,0.000,0.000,0.000
46934.000,0.000,-175338.000,21.000,7200.000,0.000,0.000,0.000,0.000
46944.000,0.000,-175338.000,21.000,7200.000,0.000,0.000,0.000,0.000
46954.000,0.000,-175338.000,21.000,7200.000,0.000,0.000,0.000,0.000
46964.000,0.000,-175338.000,21.000,7200.000,0.000,0.000,0.000,0.000
46974.000,0.000,-175338.000,21.000,7200.000,0.000,0.000,0.000,0.000
46984.000,0.000,-175338.000,21.000,7200.000,0.000,0.000,0.000,0.000
46994.000,0.000,-175338.000,21.000,7200.000,0.000,0.000,0.000,0.000
47004.000,0.000,-175338.000,21.000,7200.000,0.000,0.000,0.000,0.000
47014.000,0.000,-175338.000,21.000,7200.000,0.000,0.000,0.000,0.000
47024.000,0.000,-175338.000,21.000,7200.000,0.000,0.000,0.000,0.000
47034.000,0.000,-175338.000,21.000,7200.000,0.000,0.000,0.000,0.000
47044.000,0.000,-175338.000,21.000,7200.000,0.000,0.000,0.000,0.000
47054.000,0.000,-175338.000,21.000,7200.000,0.000,0.000,0.000,0.000
47064.000,0.000,-175338.000,21.000,7200.000,0.000,0.000,0.000,0.000
47074.000,0.000,-175338.000,21.000,7200.000,0.000,0.000,0.000,0.000
47084.000,0.000,-175338.000,21.000,7200.000,0.000,0.000,0.000,0.000
47094.000,0.000,-175338.000,21.000,7200.000,0.000,0.000,0.000,0.000
47104.000,0.000,-175338.000,21.000,7200.000,0.000,0.000,0.000,0.000
47114.000,0.000,-175338.000,21.000,7200.000,0.000,0.000,0.000,0.000
47124.000,0.000,-175338.000,21.000,7200.000,0.000,0.000,0.000,0.000
47134.000,0.000,-175338.000,21.000,7200.000,0.000,0.000,0.000,0.000
47144.000,0.000,-175338.000,21.000,7200.000,0.000,0.000,0.000,0.000
47154.000,0.000,-175338.000,21.000,7200.000,0.000,0.000,0.000,0.000
47164.000,0.000,-175338.000,21.000,7200.000,0.000,0.000,0.000,0.000
47174.000,0.000,-175338.000,21.000,7200.000,0.000,0.000,0.000,0.000
47184.000,0.000,-175338.000,21.000,7200.000,0.000,0.000,0.000,0.000
47194.000,0.000,-175338.000,21.000,7200.000,0.000,0.000,0.000,0.000
47204.000,0.000,-175338.000,21.000,7200.000,0.000,0.000,0.000,0.000
47214.000,0.000,-175338.000,21.000,7200.000,0.000,0.000,0.000,0.000
47224.000,0.000,-175338.000,21.000,7200.000,0.000,0.000,0.000,0.000
47234.000,0.000,-175338.000,21.000,7200.000,0.000,0.000,0.000,0.000
47244.000,0.000,-175338.000,21.000,7200.000,0.000,0.000,0.000,0.000
47254.000,0.000,-175338.000,21.000,7200.000,0.000,0.000,0.000,0.000
47264.000,0.000,-175338.000,21.000,7200.000,0.000,0.000,0.000,0.000
47274.000,0.000,-175338.000,21.000,7200.000,0.000,0.000,0.000,0.000
47284.000,0.000,-175338.000,21.000,7200.000,0.000,0.000,0.000,0.000
47294.000,0.000,-175338.000,21.000,7200.000,0.000,0.000,0.000,0.000
47304.000,0.000,-175338.000,21.000,7200.000,0.000,0.000,0.000,0.000
47314.000,0.000,-175338.000,21.000,7200.000,0.000,0.000,0.000,0.000
47324.000,0.000,-175338.000,21.000,7200.000,0.000,0.000,0.000,0.000
47334.000,0.000,-175338.000,21.000,7200.000,0.000,0.000,0.000,0.000
47344.000,0.000,-175338.000,21.000,7200.000,0.000,0.000,0.000,0.000
47354.000,0.000,-175338.000,21.000,7200.000,0.000,0.000,0.000,0.000
47364.000,0.000,-175338.000,21.000,7200.000,0.000,0.000,0.000,0.000
47374.000,0.000,-175338.000,21.000,7200.000,0.000,0.000,0.000,0.000
47384.000,0.000,-175338.000,21.000,7200.000,0.000,0.000,0.000,0.000
47394.000,0.000,-175338.000,21.000,7200.000,0.000,0.000,0.000,0.000
47404.000,0.000,-175338.000,21.000,7200.000,0.000,0.000,0.000,0.000
47414.000,0.000,-175338.000,21.000,7200.000,0.000,0.000,0.000,0.000
47424.000,0.000,-175338.000,21.000,7200.000,0.000,0.000,0.000,0.000
47434.000,0.000,-175338.000,21.000,7200.000,0.000,0.000,0.000,0.000
47444.000,0.000,-175338.000,21.000,7200.000,0.000,0.000,0.000,0.000
47454.000,0.000,-175338.000,21.000,7200.000,0.000,0.000,0.000,0.000
47464.000,0.000,-175338.000,21.000,7200.000,0.000,0.000,0.000,0.000
47474.000,0.000,-175338.000,21.000,7200.000,0.000,0.000,0.000,0.000
47484.000,0.000,-175338.000,21.000,7200.000,0.000,0.000,0.000,0.000
47494.000,0.000,-175338.000,21.000,7200.000,0.000,0.000,0.000,0.000
47504.000,0.000,-175338.000,21.000,7200.000,0.000,0.000,0.000,0.000
47514.000,0.000,-175338.000,21.000,7200.000,0.000,0.000,0.000,0.000
47524.000,0.000,-175338.000,21.000,7200.000,0.000,0.000,0.000,0.000
47534.000,0.000,-175338.000,21.000,7200.000,0.000,0.000,0.000,0.000
47544.000,0.000,-175338.000,21.000,7200.000,0.000,0.000,0.000,0.000
47554.000,0.000,-175338.000,21.000,7200.000,0.000,0.000,0.000,0.000
47564.000,0.000,-175338.000,21.000,7200.000,0.000,0.000,0.000,0.000
47574.000,0.000,-175338.000,21.000,7200.000,0.000,0.000,0.000,0.000
47584.000,0.000,-175338.000,21.000,7200.000,0.000,0.000,0.000,0.000
47594.000,0.000,-175338.000,21.000,7200.000,0.000,0.000,0.000,0.000
47604.000,0.000,-175338.000,21.000,7200.000,0.000,0.000,0.000,0.000
47614.000,0.000,-175338.000,21.000,7200.000,0.000,0.000,0.000,0.000
47624.000,0.000,-175338.000,21.000,7200.000,0.000,0.000,0.000,0.000
47634.000,0.000,-175338.000,21.000,7200.000,0.000,0.000,0.000,0.000
47644.000,0.000,-175338.000,21.000,7200.000,0.000,0.000,0.000,0.000
47654.000,0.000,-175338.000,21.000,7200.000,0.000,0.000,0.000,0.000
47664.000,0.000,-175338.000,21.000,7200.000,0.000,0.000,0.000,0.000
47674.000,0.000,-175338.000,21.000,7200.000,0.000,0.000,0.000,0.000
47684.000,0.000,-175338.000,21.000,7200.000,0.000,0.000,0.000,0.000
47694.000,0.000,-175338.000,21.000,7200.000,0.000,0.000,0.000,0.000
47704.000,0.000,-175338.000,21.000,7200.000,0.000,0.000,0.000,0.000
47714.000,0.000,-175338.000,21.000,7200.000,0.000,0.000,0.000,0.000
47724.000,0.000,-175338.000,21.000,7200.000,0.000,0.000,0.000,0.000
47734.000,0.000,-175338.000,21.000,7200.000,0.000,0.000,0.000,0.000
47744.000,0.000,-175338.000,21.000,7200.000,0.000,0.000,0.000,0.000
47754.000,0.000,-175338.000,21.000,7200.000,0.000,0.000,0.000,0.000
47764.000,0.000,-175338.000,21.000,7200.000,0.000,0.000,0.000,0.000
47774.000,0.000,-175338.000,21.000,7200.000,0.000,0.000,0.000,0.000
47784.000,0.000,-175338.000,21.000,7200.000,0.000,0.000,0.000,0.000
47794.000,0.000,-175338.000,21.000,7200.000,0.000,0.000,0.000,0.000
47804.000,0.000,-175338.000,21.000,7200.000,0.000,0.000,0.000,0.000
47814.000,0.000,-175338.000,21.000,7200.000,0.000,0.000,0.000,0.000
47824.000,0.000,-175338.000,21.000,7200.000,0.000,0.000,0.000,0.000
47834.000,0.000,-175338.000,21.000,7200.000,0.000,0.000,0.000,0.000
47844.000,0.000,-175338.000,21.000,7200.000,0.000,0.000,0.000,0.000
47854.000,0.000,-175338.000,21.000,7200.000,0.000,0.000,0.000,0.000
47864.000,0.000,-175338.000,21.000,7200.000,0.000,0.000,0.000,0.000
47874.000,0.000,-175338.000,21.000,7200.000,0.000,0.000,0.000,0.000
47884.000,0.000,-175338.000,21.000,7200.000,0.000,0.000,0.000,0.000
47894.000,0.000,-175338.000,21.000,7200.000,0.000,0.000,0.000,0.000
47904.000,0.000,-175338.000,21.000,7200.000,0.000,0.000,0.000,0.000
47914.000,0.000,-175338.000,21.000,7200.000,0.000,0.000,0.000,0.000
47924.000,0.000,-175338.000,21.000,7200.000,0.000,0.000,0.000,0.000
47934.000,0.000,-175338.000,21.000,7200.000,0.000,0.000,0.000,0.000
47944.000,0.000,-175338.000,21.000,7200.000,0.000,0.000,0.000,0.000
47954.000,0.000,-175338.000,21.000,7200.000,0.000,0.000,0.000,0.000
47964.000,0.000,-175338.000,21.000,7200.000,0.000,0.000,0.000,0.000
47974.000,0.000,-175338.000,21.000,7200.000,0.000,0.000,0.000,0.000
47984.000,0.000,-175338.000,21.000,7200.000,0.000,0.000,0.000,0.000
47994.000,0.000,-175338.000,21.000,7200.000,0.000,0.000,0.000,0.000
48004.000,0.000,-175338.000,21.000,7200.000,0.000,0.000,0.000,0.000
48014.000,0.000,-175338.000,21.000,7200.000,0.000,0.000,0.000,0.000
48024.000,0.000,-175338.000,21.000,7200.000,0.000,0.000,0.000,0.000
48034.000,0.000,-175338.000,21.000,7200.000,0.000,0.000,0.000,0.000
48044.000,0.000,-175338.000,21.000,7200.000,0.000,0.000,0.000,0.000
48054.000,0.000,-175338.000,21.000,7200.000,0.000,0.000,0.000,0.000
48064.000,0.000,-175338.000,21.000,7200.000,0.000,0.000,0.000,0.000
48074.000,0.000,-175338.000,21.000,7200.000,0.000,0.000,0.000,0.000
48084.000,0.000,-175338.000,21.000,7200.000,0.000,0.000,0.000,0.000
48094.000,0.000,-175338.000,21.000,7200.000,0.000,0.000,0.000,0.000
48104.000,0.000,-175338.000,21.000,7200.000,0.000,0.000,0.000,0.000
48114.000,0.000,-175338.000,21.000,7200.000,0.000,0.000,0.000,0.000
48124.000,0.000,-175338.000,21.000,7200.000,0.000,0.000,0.000,0.000
48134.000,0.000,-175338.000,21.000,7200.000,0.000,0.000,0.000,0.000
48144.000,0.000,-175338.000,21.000,7200.000,0.000,0.000,0.000,0.000
48154.000,0.000,-175338.000,21.000,7200.000,0.000,0.000,0.000,0.000
48164.000,0.000,-175338.000,21.000,7200.000,0.000,0.000,0.000,0.000
48174.000,0.000,-175338.000,21.000,7200.000,0.000,0.000,0.000,0.000
48184.000,0.000,-175338.000,21.000,7200.000,0.000,0.000,0.000,0.000
48194.000,0.000,-175338.000,21.000,7200.000,0.000,0.000,0.000,0.000
48204.000,0.000,-175338.000,21.000,7200.000,0.000,0.000,0.000,0.000
48214.000,0.000,-175338.000,21.000,7200.000,0.000,0.000,0.000,0.000
48224.000,0.000,-175338.000,21.000,7200.000,0.000,0.000,0.000,0.000
48234.000,0.000,-175338.000,21.000,7200.000,0.000,0.000,0.000,0.000
48244.000,0.000,-175338.000,21.000,7200.000,0.000,0.000,0.000,0.000
48254.000,0.000,-175338.000,21.000,7200.000,0.000,0.000,0.000,0.000
48264.000,0.000,-175338.000,21.000,7200.000,0.000,0.000,0.000,0.000
48274.000,0.000,-175338.000,21.000,7200.000,0.000,0.000,0.000,0.000
48284.000,0.000,-175338.000,21.000,7200.000,0.000,0.000,0.000,0.000
48294.000,0.000,-175338.000,21.000,7200.000,0.000,0.000,0.000,0.000
48304.000,0.000,-175338.000,21.000,7200.000,0.000,0.000,0.000,0.000
48314.000,0.000,-175338.000,21.000,7200.000,0.000,0.000,0.000,0.000
48324.000,0.000,-175338.000,21.000,7200.000,0.000,0.000,0.000,0.000
48334.000,0.000,-175338.000,21.000,7200.000,0.000,0.000,0.000,0.000
48344.000,0.000,-175338.000,21.000,7200.000,0.000,0.000,0.000,0.000
48354.000,0.000,-175338.000,21.000,7200.000,0.000,0.000,0.000,0.000
48364.000,0.000,-175338.000,21.000,7200.000,0.000,0.000,0.000,0.000
48374.000,0.000,-175338.000,21.000,7200.000,0.000,0.000,0.000,0.000
48384.000,0.000,-175338.000,21.000,7200.000,0.000,0.000,0.000,0.000
48394.000,0.000,-175338.000,21.000,7200.000,0.000,0.000,0.000,0.000
48404.000,0.000,-175338.000,21.000,7200.000,0.000,0.000,0.000,0.000
48414.000,0.000,-175338.000,21.000,7200.000,0.000,0.000,0.000,0.000
48424.000,0.000,-175338.000,21.000,7200.000,0.000,0.000,0.000,0.000
48434.000,0.000,-175338.000,21.000,7200.000,0.000,0.000,0.000,0.000
